<?xml version="1.0" encoding="UTF-8"?>
<ei-ms>
  <collection-date nil="true"/>
  <created-at>2014-09-20T16:21:46Z</created-at>
  <database-id>HMDB14617</database-id>
  <id>176</id>
  <inchi-key>NZXKDOXHBHYTKP-UHFFFAOYSA-N</inchi-key>
  <instrument-type nil="true"/>
  <molecule-id nil="true"/>
  <notes nil="true"/>
  <peak-counter>198</peak-counter>
  <sample-assessment nil="true"/>
  <sample-concentration nil="true"/>
  <sample-concentration-units nil="true"/>
  <sample-mass nil="true"/>
  <sample-mass-units nil="true"/>
  <sample-source nil="true"/>
  <solvent nil="true"/>
  <spectra-assessment nil="true"/>
  <updated-at>2014-09-20T16:21:46Z</updated-at>
  <references>
    <reference>
      <database>NIST</database>
      <database-id>151-83-7</database-id>
      <id>15048</id>
      <pubmed-id nil="true"/>
      <ref-text>NIST Mass Spec Data Center, S.E. Stein, director, "Mass Spectra" in NIST Chemistry WebBook, NIST Standard Reference Database Number 69, Eds. P.J. Linstrom and W.G. Mallard, National Institute of Standards and Technology, Gaithersburg MD, 20899, http://webbook.nist.gov, (retrieved September 6, 2014).</ref-text>
      <spectra-id>176</spectra-id>
      <spectra-type>EiMs</spectra-type>
    </reference>
  </references>
  <ei-ms-peaks>
    <ei-ms-peak>
      <ei-ms-id>176</ei-ms-id>
      <id>20656</id>
      <intensity>90.0</intensity>
      <mass-charge>15.0</mass-charge>
    </ei-ms-peak>
    <ei-ms-peak>
      <ei-ms-id>176</ei-ms-id>
      <id>20657</id>
      <intensity>10.0</intensity>
      <mass-charge>25.0</mass-charge>
    </ei-ms-peak>
    <ei-ms-peak>
      <ei-ms-id>176</ei-ms-id>
      <id>20658</id>
      <intensity>110.0</intensity>
      <mass-charge>26.0</mass-charge>
    </ei-ms-peak>
    <ei-ms-peak>
      <ei-ms-id>176</ei-ms-id>
      <id>20659</id>
      <intensity>1321.0</intensity>
      <mass-charge>27.0</mass-charge>
    </ei-ms-peak>
    <ei-ms-peak>
      <ei-ms-id>176</ei-ms-id>
      <id>20660</id>
      <intensity>350.0</intensity>
      <mass-charge>28.0</mass-charge>
    </ei-ms-peak>
    <ei-ms-peak>
      <ei-ms-id>176</ei-ms-id>
      <id>20661</id>
      <intensity>530.0</intensity>
      <mass-charge>29.0</mass-charge>
    </ei-ms-peak>
    <ei-ms-peak>
      <ei-ms-id>176</ei-ms-id>
      <id>20662</id>
      <intensity>190.0</intensity>
      <mass-charge>30.0</mass-charge>
    </ei-ms-peak>
    <ei-ms-peak>
      <ei-ms-id>176</ei-ms-id>
      <id>20663</id>
      <intensity>60.0</intensity>
      <mass-charge>31.0</mass-charge>
    </ei-ms-peak>
    <ei-ms-peak>
      <ei-ms-id>176</ei-ms-id>
      <id>20664</id>
      <intensity>40.0</intensity>
      <mass-charge>37.0</mass-charge>
    </ei-ms-peak>
    <ei-ms-peak>
      <ei-ms-id>176</ei-ms-id>
      <id>20665</id>
      <intensity>180.0</intensity>
      <mass-charge>38.0</mass-charge>
    </ei-ms-peak>
    <ei-ms-peak>
      <ei-ms-id>176</ei-ms-id>
      <id>20666</id>
      <intensity>3453.0</intensity>
      <mass-charge>39.0</mass-charge>
    </ei-ms-peak>
    <ei-ms-peak>
      <ei-ms-id>176</ei-ms-id>
      <id>20667</id>
      <intensity>591.0</intensity>
      <mass-charge>40.0</mass-charge>
    </ei-ms-peak>
    <ei-ms-peak>
      <ei-ms-id>176</ei-ms-id>
      <id>20668</id>
      <intensity>6786.0</intensity>
      <mass-charge>41.0</mass-charge>
    </ei-ms-peak>
    <ei-ms-peak>
      <ei-ms-id>176</ei-ms-id>
      <id>20669</id>
      <intensity>901.0</intensity>
      <mass-charge>42.0</mass-charge>
    </ei-ms-peak>
    <ei-ms-peak>
      <ei-ms-id>176</ei-ms-id>
      <id>20670</id>
      <intensity>611.0</intensity>
      <mass-charge>43.0</mass-charge>
    </ei-ms-peak>
    <ei-ms-peak>
      <ei-ms-id>176</ei-ms-id>
      <id>20671</id>
      <intensity>480.0</intensity>
      <mass-charge>44.0</mass-charge>
    </ei-ms-peak>
    <ei-ms-peak>
      <ei-ms-id>176</ei-ms-id>
      <id>20672</id>
      <intensity>50.0</intensity>
      <mass-charge>45.0</mass-charge>
    </ei-ms-peak>
    <ei-ms-peak>
      <ei-ms-id>176</ei-ms-id>
      <id>20673</id>
      <intensity>10.0</intensity>
      <mass-charge>46.0</mass-charge>
    </ei-ms-peak>
    <ei-ms-peak>
      <ei-ms-id>176</ei-ms-id>
      <id>20674</id>
      <intensity>20.0</intensity>
      <mass-charge>49.0</mass-charge>
    </ei-ms-peak>
    <ei-ms-peak>
      <ei-ms-id>176</ei-ms-id>
      <id>20675</id>
      <intensity>540.0</intensity>
      <mass-charge>50.0</mass-charge>
    </ei-ms-peak>
    <ei-ms-peak>
      <ei-ms-id>176</ei-ms-id>
      <id>20676</id>
      <intensity>1922.0</intensity>
      <mass-charge>51.0</mass-charge>
    </ei-ms-peak>
    <ei-ms-peak>
      <ei-ms-id>176</ei-ms-id>
      <id>20677</id>
      <intensity>1521.0</intensity>
      <mass-charge>52.0</mass-charge>
    </ei-ms-peak>
    <ei-ms-peak>
      <ei-ms-id>176</ei-ms-id>
      <id>20678</id>
      <intensity>8898.0</intensity>
      <mass-charge>53.0</mass-charge>
    </ei-ms-peak>
    <ei-ms-peak>
      <ei-ms-id>176</ei-ms-id>
      <id>20679</id>
      <intensity>1061.0</intensity>
      <mass-charge>54.0</mass-charge>
    </ei-ms-peak>
    <ei-ms-peak>
      <ei-ms-id>176</ei-ms-id>
      <id>20680</id>
      <intensity>1902.0</intensity>
      <mass-charge>55.0</mass-charge>
    </ei-ms-peak>
    <ei-ms-peak>
      <ei-ms-id>176</ei-ms-id>
      <id>20681</id>
      <intensity>761.0</intensity>
      <mass-charge>56.0</mass-charge>
    </ei-ms-peak>
    <ei-ms-peak>
      <ei-ms-id>176</ei-ms-id>
      <id>20682</id>
      <intensity>430.0</intensity>
      <mass-charge>57.0</mass-charge>
    </ei-ms-peak>
    <ei-ms-peak>
      <ei-ms-id>176</ei-ms-id>
      <id>20683</id>
      <intensity>1271.0</intensity>
      <mass-charge>58.0</mass-charge>
    </ei-ms-peak>
    <ei-ms-peak>
      <ei-ms-id>176</ei-ms-id>
      <id>20684</id>
      <intensity>50.0</intensity>
      <mass-charge>59.0</mass-charge>
    </ei-ms-peak>
    <ei-ms-peak>
      <ei-ms-id>176</ei-ms-id>
      <id>20685</id>
      <intensity>10.0</intensity>
      <mass-charge>60.0</mass-charge>
    </ei-ms-peak>
    <ei-ms-peak>
      <ei-ms-id>176</ei-ms-id>
      <id>20686</id>
      <intensity>30.0</intensity>
      <mass-charge>61.0</mass-charge>
    </ei-ms-peak>
    <ei-ms-peak>
      <ei-ms-id>176</ei-ms-id>
      <id>20687</id>
      <intensity>170.0</intensity>
      <mass-charge>62.0</mass-charge>
    </ei-ms-peak>
    <ei-ms-peak>
      <ei-ms-id>176</ei-ms-id>
      <id>20688</id>
      <intensity>651.0</intensity>
      <mass-charge>63.0</mass-charge>
    </ei-ms-peak>
    <ei-ms-peak>
      <ei-ms-id>176</ei-ms-id>
      <id>20689</id>
      <intensity>220.0</intensity>
      <mass-charge>64.0</mass-charge>
    </ei-ms-peak>
    <ei-ms-peak>
      <ei-ms-id>176</ei-ms-id>
      <id>20690</id>
      <intensity>2362.0</intensity>
      <mass-charge>65.0</mass-charge>
    </ei-ms-peak>
    <ei-ms-peak>
      <ei-ms-id>176</ei-ms-id>
      <id>20691</id>
      <intensity>1702.0</intensity>
      <mass-charge>66.0</mass-charge>
    </ei-ms-peak>
    <ei-ms-peak>
      <ei-ms-id>176</ei-ms-id>
      <id>20692</id>
      <intensity>1611.0</intensity>
      <mass-charge>67.0</mass-charge>
    </ei-ms-peak>
    <ei-ms-peak>
      <ei-ms-id>176</ei-ms-id>
      <id>20693</id>
      <intensity>561.0</intensity>
      <mass-charge>68.0</mass-charge>
    </ei-ms-peak>
    <ei-ms-peak>
      <ei-ms-id>176</ei-ms-id>
      <id>20694</id>
      <intensity>490.0</intensity>
      <mass-charge>69.0</mass-charge>
    </ei-ms-peak>
    <ei-ms-peak>
      <ei-ms-id>176</ei-ms-id>
      <id>20695</id>
      <intensity>611.0</intensity>
      <mass-charge>70.0</mass-charge>
    </ei-ms-peak>
    <ei-ms-peak>
      <ei-ms-id>176</ei-ms-id>
      <id>20696</id>
      <intensity>60.0</intensity>
      <mass-charge>71.0</mass-charge>
    </ei-ms-peak>
    <ei-ms-peak>
      <ei-ms-id>176</ei-ms-id>
      <id>20697</id>
      <intensity>20.0</intensity>
      <mass-charge>72.0</mass-charge>
    </ei-ms-peak>
    <ei-ms-peak>
      <ei-ms-id>176</ei-ms-id>
      <id>20698</id>
      <intensity>20.0</intensity>
      <mass-charge>73.0</mass-charge>
    </ei-ms-peak>
    <ei-ms-peak>
      <ei-ms-id>176</ei-ms-id>
      <id>20699</id>
      <intensity>100.0</intensity>
      <mass-charge>74.0</mass-charge>
    </ei-ms-peak>
    <ei-ms-peak>
      <ei-ms-id>176</ei-ms-id>
      <id>20700</id>
      <intensity>160.0</intensity>
      <mass-charge>75.0</mass-charge>
    </ei-ms-peak>
    <ei-ms-peak>
      <ei-ms-id>176</ei-ms-id>
      <id>20701</id>
      <intensity>140.0</intensity>
      <mass-charge>76.0</mass-charge>
    </ei-ms-peak>
    <ei-ms-peak>
      <ei-ms-id>176</ei-ms-id>
      <id>20702</id>
      <intensity>3773.0</intensity>
      <mass-charge>77.0</mass-charge>
    </ei-ms-peak>
    <ei-ms-peak>
      <ei-ms-id>176</ei-ms-id>
      <id>20703</id>
      <intensity>1151.0</intensity>
      <mass-charge>78.0</mass-charge>
    </ei-ms-peak>
    <ei-ms-peak>
      <ei-ms-id>176</ei-ms-id>
      <id>20704</id>
      <intensity>9999.0</intensity>
      <mass-charge>79.0</mass-charge>
    </ei-ms-peak>
    <ei-ms-peak>
      <ei-ms-id>176</ei-ms-id>
      <id>20705</id>
      <intensity>2132.0</intensity>
      <mass-charge>80.0</mass-charge>
    </ei-ms-peak>
    <ei-ms-peak>
      <ei-ms-id>176</ei-ms-id>
      <id>20706</id>
      <intensity>6326.0</intensity>
      <mass-charge>81.0</mass-charge>
    </ei-ms-peak>
    <ei-ms-peak>
      <ei-ms-id>176</ei-ms-id>
      <id>20707</id>
      <intensity>1081.0</intensity>
      <mass-charge>82.0</mass-charge>
    </ei-ms-peak>
    <ei-ms-peak>
      <ei-ms-id>176</ei-ms-id>
      <id>20708</id>
      <intensity>360.0</intensity>
      <mass-charge>83.0</mass-charge>
    </ei-ms-peak>
    <ei-ms-peak>
      <ei-ms-id>176</ei-ms-id>
      <id>20709</id>
      <intensity>70.0</intensity>
      <mass-charge>84.0</mass-charge>
    </ei-ms-peak>
    <ei-ms-peak>
      <ei-ms-id>176</ei-ms-id>
      <id>20710</id>
      <intensity>50.0</intensity>
      <mass-charge>85.0</mass-charge>
    </ei-ms-peak>
    <ei-ms-peak>
      <ei-ms-id>176</ei-ms-id>
      <id>20711</id>
      <intensity>30.0</intensity>
      <mass-charge>86.0</mass-charge>
    </ei-ms-peak>
    <ei-ms-peak>
      <ei-ms-id>176</ei-ms-id>
      <id>20712</id>
      <intensity>50.0</intensity>
      <mass-charge>87.0</mass-charge>
    </ei-ms-peak>
    <ei-ms-peak>
      <ei-ms-id>176</ei-ms-id>
      <id>20713</id>
      <intensity>30.0</intensity>
      <mass-charge>88.0</mass-charge>
    </ei-ms-peak>
    <ei-ms-peak>
      <ei-ms-id>176</ei-ms-id>
      <id>20714</id>
      <intensity>190.0</intensity>
      <mass-charge>89.0</mass-charge>
    </ei-ms-peak>
    <ei-ms-peak>
      <ei-ms-id>176</ei-ms-id>
      <id>20715</id>
      <intensity>130.0</intensity>
      <mass-charge>90.0</mass-charge>
    </ei-ms-peak>
    <ei-ms-peak>
      <ei-ms-id>176</ei-ms-id>
      <id>20716</id>
      <intensity>2712.0</intensity>
      <mass-charge>91.0</mass-charge>
    </ei-ms-peak>
    <ei-ms-peak>
      <ei-ms-id>176</ei-ms-id>
      <id>20717</id>
      <intensity>671.0</intensity>
      <mass-charge>92.0</mass-charge>
    </ei-ms-peak>
    <ei-ms-peak>
      <ei-ms-id>176</ei-ms-id>
      <id>20718</id>
      <intensity>3823.0</intensity>
      <mass-charge>93.0</mass-charge>
    </ei-ms-peak>
    <ei-ms-peak>
      <ei-ms-id>176</ei-ms-id>
      <id>20719</id>
      <intensity>761.0</intensity>
      <mass-charge>94.0</mass-charge>
    </ei-ms-peak>
    <ei-ms-peak>
      <ei-ms-id>176</ei-ms-id>
      <id>20720</id>
      <intensity>400.0</intensity>
      <mass-charge>95.0</mass-charge>
    </ei-ms-peak>
    <ei-ms-peak>
      <ei-ms-id>176</ei-ms-id>
      <id>20721</id>
      <intensity>741.0</intensity>
      <mass-charge>96.0</mass-charge>
    </ei-ms-peak>
    <ei-ms-peak>
      <ei-ms-id>176</ei-ms-id>
      <id>20722</id>
      <intensity>1001.0</intensity>
      <mass-charge>97.0</mass-charge>
    </ei-ms-peak>
    <ei-ms-peak>
      <ei-ms-id>176</ei-ms-id>
      <id>20723</id>
      <intensity>540.0</intensity>
      <mass-charge>98.0</mass-charge>
    </ei-ms-peak>
    <ei-ms-peak>
      <ei-ms-id>176</ei-ms-id>
      <id>20724</id>
      <intensity>100.0</intensity>
      <mass-charge>99.0</mass-charge>
    </ei-ms-peak>
    <ei-ms-peak>
      <ei-ms-id>176</ei-ms-id>
      <id>20725</id>
      <intensity>20.0</intensity>
      <mass-charge>100.0</mass-charge>
    </ei-ms-peak>
    <ei-ms-peak>
      <ei-ms-id>176</ei-ms-id>
      <id>20726</id>
      <intensity>60.0</intensity>
      <mass-charge>101.0</mass-charge>
    </ei-ms-peak>
    <ei-ms-peak>
      <ei-ms-id>176</ei-ms-id>
      <id>20727</id>
      <intensity>110.0</intensity>
      <mass-charge>102.0</mass-charge>
    </ei-ms-peak>
    <ei-ms-peak>
      <ei-ms-id>176</ei-ms-id>
      <id>20728</id>
      <intensity>450.0</intensity>
      <mass-charge>103.0</mass-charge>
    </ei-ms-peak>
    <ei-ms-peak>
      <ei-ms-id>176</ei-ms-id>
      <id>20729</id>
      <intensity>260.0</intensity>
      <mass-charge>104.0</mass-charge>
    </ei-ms-peak>
    <ei-ms-peak>
      <ei-ms-id>176</ei-ms-id>
      <id>20730</id>
      <intensity>1601.0</intensity>
      <mass-charge>105.0</mass-charge>
    </ei-ms-peak>
    <ei-ms-peak>
      <ei-ms-id>176</ei-ms-id>
      <id>20731</id>
      <intensity>981.0</intensity>
      <mass-charge>106.0</mass-charge>
    </ei-ms-peak>
    <ei-ms-peak>
      <ei-ms-id>176</ei-ms-id>
      <id>20732</id>
      <intensity>961.0</intensity>
      <mass-charge>107.0</mass-charge>
    </ei-ms-peak>
    <ei-ms-peak>
      <ei-ms-id>176</ei-ms-id>
      <id>20733</id>
      <intensity>2572.0</intensity>
      <mass-charge>108.0</mass-charge>
    </ei-ms-peak>
    <ei-ms-peak>
      <ei-ms-id>176</ei-ms-id>
      <id>20734</id>
      <intensity>871.0</intensity>
      <mass-charge>109.0</mass-charge>
    </ei-ms-peak>
    <ei-ms-peak>
      <ei-ms-id>176</ei-ms-id>
      <id>20735</id>
      <intensity>961.0</intensity>
      <mass-charge>110.0</mass-charge>
    </ei-ms-peak>
    <ei-ms-peak>
      <ei-ms-id>176</ei-ms-id>
      <id>20736</id>
      <intensity>450.0</intensity>
      <mass-charge>111.0</mass-charge>
    </ei-ms-peak>
    <ei-ms-peak>
      <ei-ms-id>176</ei-ms-id>
      <id>20737</id>
      <intensity>530.0</intensity>
      <mass-charge>112.0</mass-charge>
    </ei-ms-peak>
    <ei-ms-peak>
      <ei-ms-id>176</ei-ms-id>
      <id>20738</id>
      <intensity>170.0</intensity>
      <mass-charge>113.0</mass-charge>
    </ei-ms-peak>
    <ei-ms-peak>
      <ei-ms-id>176</ei-ms-id>
      <id>20739</id>
      <intensity>40.0</intensity>
      <mass-charge>114.0</mass-charge>
    </ei-ms-peak>
    <ei-ms-peak>
      <ei-ms-id>176</ei-ms-id>
      <id>20740</id>
      <intensity>440.0</intensity>
      <mass-charge>115.0</mass-charge>
    </ei-ms-peak>
    <ei-ms-peak>
      <ei-ms-id>176</ei-ms-id>
      <id>20741</id>
      <intensity>220.0</intensity>
      <mass-charge>116.0</mass-charge>
    </ei-ms-peak>
    <ei-ms-peak>
      <ei-ms-id>176</ei-ms-id>
      <id>20742</id>
      <intensity>611.0</intensity>
      <mass-charge>117.0</mass-charge>
    </ei-ms-peak>
    <ei-ms-peak>
      <ei-ms-id>176</ei-ms-id>
      <id>20743</id>
      <intensity>450.0</intensity>
      <mass-charge>118.0</mass-charge>
    </ei-ms-peak>
    <ei-ms-peak>
      <ei-ms-id>176</ei-ms-id>
      <id>20744</id>
      <intensity>971.0</intensity>
      <mass-charge>119.0</mass-charge>
    </ei-ms-peak>
    <ei-ms-peak>
      <ei-ms-id>176</ei-ms-id>
      <id>20745</id>
      <intensity>1962.0</intensity>
      <mass-charge>120.0</mass-charge>
    </ei-ms-peak>
    <ei-ms-peak>
      <ei-ms-id>176</ei-ms-id>
      <id>20746</id>
      <intensity>1321.0</intensity>
      <mass-charge>121.0</mass-charge>
    </ei-ms-peak>
    <ei-ms-peak>
      <ei-ms-id>176</ei-ms-id>
      <id>20747</id>
      <intensity>561.0</intensity>
      <mass-charge>122.0</mass-charge>
    </ei-ms-peak>
    <ei-ms-peak>
      <ei-ms-id>176</ei-ms-id>
      <id>20748</id>
      <intensity>320.0</intensity>
      <mass-charge>123.0</mass-charge>
    </ei-ms-peak>
    <ei-ms-peak>
      <ei-ms-id>176</ei-ms-id>
      <id>20749</id>
      <intensity>1421.0</intensity>
      <mass-charge>124.0</mass-charge>
    </ei-ms-peak>
    <ei-ms-peak>
      <ei-ms-id>176</ei-ms-id>
      <id>20750</id>
      <intensity>160.0</intensity>
      <mass-charge>125.0</mass-charge>
    </ei-ms-peak>
    <ei-ms-peak>
      <ei-ms-id>176</ei-ms-id>
      <id>20751</id>
      <intensity>120.0</intensity>
      <mass-charge>126.0</mass-charge>
    </ei-ms-peak>
    <ei-ms-peak>
      <ei-ms-id>176</ei-ms-id>
      <id>20752</id>
      <intensity>100.0</intensity>
      <mass-charge>127.0</mass-charge>
    </ei-ms-peak>
    <ei-ms-peak>
      <ei-ms-id>176</ei-ms-id>
      <id>20753</id>
      <intensity>100.0</intensity>
      <mass-charge>128.0</mass-charge>
    </ei-ms-peak>
    <ei-ms-peak>
      <ei-ms-id>176</ei-ms-id>
      <id>20754</id>
      <intensity>120.0</intensity>
      <mass-charge>129.0</mass-charge>
    </ei-ms-peak>
    <ei-ms-peak>
      <ei-ms-id>176</ei-ms-id>
      <id>20755</id>
      <intensity>110.0</intensity>
      <mass-charge>130.0</mass-charge>
    </ei-ms-peak>
    <ei-ms-peak>
      <ei-ms-id>176</ei-ms-id>
      <id>20756</id>
      <intensity>240.0</intensity>
      <mass-charge>131.0</mass-charge>
    </ei-ms-peak>
    <ei-ms-peak>
      <ei-ms-id>176</ei-ms-id>
      <id>20757</id>
      <intensity>340.0</intensity>
      <mass-charge>132.0</mass-charge>
    </ei-ms-peak>
    <ei-ms-peak>
      <ei-ms-id>176</ei-ms-id>
      <id>20758</id>
      <intensity>771.0</intensity>
      <mass-charge>133.0</mass-charge>
    </ei-ms-peak>
    <ei-ms-peak>
      <ei-ms-id>176</ei-ms-id>
      <id>20759</id>
      <intensity>861.0</intensity>
      <mass-charge>134.0</mass-charge>
    </ei-ms-peak>
    <ei-ms-peak>
      <ei-ms-id>176</ei-ms-id>
      <id>20760</id>
      <intensity>250.0</intensity>
      <mass-charge>135.0</mass-charge>
    </ei-ms-peak>
    <ei-ms-peak>
      <ei-ms-id>176</ei-ms-id>
      <id>20761</id>
      <intensity>320.0</intensity>
      <mass-charge>136.0</mass-charge>
    </ei-ms-peak>
    <ei-ms-peak>
      <ei-ms-id>176</ei-ms-id>
      <id>20762</id>
      <intensity>240.0</intensity>
      <mass-charge>137.0</mass-charge>
    </ei-ms-peak>
    <ei-ms-peak>
      <ei-ms-id>176</ei-ms-id>
      <id>20763</id>
      <intensity>991.0</intensity>
      <mass-charge>138.0</mass-charge>
    </ei-ms-peak>
    <ei-ms-peak>
      <ei-ms-id>176</ei-ms-id>
      <id>20764</id>
      <intensity>190.0</intensity>
      <mass-charge>139.0</mass-charge>
    </ei-ms-peak>
    <ei-ms-peak>
      <ei-ms-id>176</ei-ms-id>
      <id>20765</id>
      <intensity>40.0</intensity>
      <mass-charge>140.0</mass-charge>
    </ei-ms-peak>
    <ei-ms-peak>
      <ei-ms-id>176</ei-ms-id>
      <id>20766</id>
      <intensity>20.0</intensity>
      <mass-charge>141.0</mass-charge>
    </ei-ms-peak>
    <ei-ms-peak>
      <ei-ms-id>176</ei-ms-id>
      <id>20767</id>
      <intensity>90.0</intensity>
      <mass-charge>142.0</mass-charge>
    </ei-ms-peak>
    <ei-ms-peak>
      <ei-ms-id>176</ei-ms-id>
      <id>20768</id>
      <intensity>260.0</intensity>
      <mass-charge>143.0</mass-charge>
    </ei-ms-peak>
    <ei-ms-peak>
      <ei-ms-id>176</ei-ms-id>
      <id>20769</id>
      <intensity>120.0</intensity>
      <mass-charge>144.0</mass-charge>
    </ei-ms-peak>
    <ei-ms-peak>
      <ei-ms-id>176</ei-ms-id>
      <id>20770</id>
      <intensity>320.0</intensity>
      <mass-charge>145.0</mass-charge>
    </ei-ms-peak>
    <ei-ms-peak>
      <ei-ms-id>176</ei-ms-id>
      <id>20771</id>
      <intensity>320.0</intensity>
      <mass-charge>146.0</mass-charge>
    </ei-ms-peak>
    <ei-ms-peak>
      <ei-ms-id>176</ei-ms-id>
      <id>20772</id>
      <intensity>891.0</intensity>
      <mass-charge>147.0</mass-charge>
    </ei-ms-peak>
    <ei-ms-peak>
      <ei-ms-id>176</ei-ms-id>
      <id>20773</id>
      <intensity>691.0</intensity>
      <mass-charge>148.0</mass-charge>
    </ei-ms-peak>
    <ei-ms-peak>
      <ei-ms-id>176</ei-ms-id>
      <id>20774</id>
      <intensity>540.0</intensity>
      <mass-charge>149.0</mass-charge>
    </ei-ms-peak>
    <ei-ms-peak>
      <ei-ms-id>176</ei-ms-id>
      <id>20775</id>
      <intensity>360.0</intensity>
      <mass-charge>150.0</mass-charge>
    </ei-ms-peak>
    <ei-ms-peak>
      <ei-ms-id>176</ei-ms-id>
      <id>20776</id>
      <intensity>90.0</intensity>
      <mass-charge>151.0</mass-charge>
    </ei-ms-peak>
    <ei-ms-peak>
      <ei-ms-id>176</ei-ms-id>
      <id>20777</id>
      <intensity>20.0</intensity>
      <mass-charge>152.0</mass-charge>
    </ei-ms-peak>
    <ei-ms-peak>
      <ei-ms-id>176</ei-ms-id>
      <id>20778</id>
      <intensity>70.0</intensity>
      <mass-charge>153.0</mass-charge>
    </ei-ms-peak>
    <ei-ms-peak>
      <ei-ms-id>176</ei-ms-id>
      <id>20779</id>
      <intensity>90.0</intensity>
      <mass-charge>154.0</mass-charge>
    </ei-ms-peak>
    <ei-ms-peak>
      <ei-ms-id>176</ei-ms-id>
      <id>20780</id>
      <intensity>1431.0</intensity>
      <mass-charge>155.0</mass-charge>
    </ei-ms-peak>
    <ei-ms-peak>
      <ei-ms-id>176</ei-ms-id>
      <id>20781</id>
      <intensity>190.0</intensity>
      <mass-charge>156.0</mass-charge>
    </ei-ms-peak>
    <ei-ms-peak>
      <ei-ms-id>176</ei-ms-id>
      <id>20782</id>
      <intensity>30.0</intensity>
      <mass-charge>157.0</mass-charge>
    </ei-ms-peak>
    <ei-ms-peak>
      <ei-ms-id>176</ei-ms-id>
      <id>20783</id>
      <intensity>90.0</intensity>
      <mass-charge>158.0</mass-charge>
    </ei-ms-peak>
    <ei-ms-peak>
      <ei-ms-id>176</ei-ms-id>
      <id>20784</id>
      <intensity>510.0</intensity>
      <mass-charge>159.0</mass-charge>
    </ei-ms-peak>
    <ei-ms-peak>
      <ei-ms-id>176</ei-ms-id>
      <id>20785</id>
      <intensity>1151.0</intensity>
      <mass-charge>160.0</mass-charge>
    </ei-ms-peak>
    <ei-ms-peak>
      <ei-ms-id>176</ei-ms-id>
      <id>20786</id>
      <intensity>1301.0</intensity>
      <mass-charge>161.0</mass-charge>
    </ei-ms-peak>
    <ei-ms-peak>
      <ei-ms-id>176</ei-ms-id>
      <id>20787</id>
      <intensity>871.0</intensity>
      <mass-charge>162.0</mass-charge>
    </ei-ms-peak>
    <ei-ms-peak>
      <ei-ms-id>176</ei-ms-id>
      <id>20788</id>
      <intensity>791.0</intensity>
      <mass-charge>163.0</mass-charge>
    </ei-ms-peak>
    <ei-ms-peak>
      <ei-ms-id>176</ei-ms-id>
      <id>20789</id>
      <intensity>3403.0</intensity>
      <mass-charge>164.0</mass-charge>
    </ei-ms-peak>
    <ei-ms-peak>
      <ei-ms-id>176</ei-ms-id>
      <id>20790</id>
      <intensity>671.0</intensity>
      <mass-charge>165.0</mass-charge>
    </ei-ms-peak>
    <ei-ms-peak>
      <ei-ms-id>176</ei-ms-id>
      <id>20791</id>
      <intensity>1001.0</intensity>
      <mass-charge>166.0</mass-charge>
    </ei-ms-peak>
    <ei-ms-peak>
      <ei-ms-id>176</ei-ms-id>
      <id>20792</id>
      <intensity>1461.0</intensity>
      <mass-charge>167.0</mass-charge>
    </ei-ms-peak>
    <ei-ms-peak>
      <ei-ms-id>176</ei-ms-id>
      <id>20793</id>
      <intensity>230.0</intensity>
      <mass-charge>168.0</mass-charge>
    </ei-ms-peak>
    <ei-ms-peak>
      <ei-ms-id>176</ei-ms-id>
      <id>20794</id>
      <intensity>160.0</intensity>
      <mass-charge>169.0</mass-charge>
    </ei-ms-peak>
    <ei-ms-peak>
      <ei-ms-id>176</ei-ms-id>
      <id>20795</id>
      <intensity>30.0</intensity>
      <mass-charge>170.0</mass-charge>
    </ei-ms-peak>
    <ei-ms-peak>
      <ei-ms-id>176</ei-ms-id>
      <id>20796</id>
      <intensity>10.0</intensity>
      <mass-charge>171.0</mass-charge>
    </ei-ms-peak>
    <ei-ms-peak>
      <ei-ms-id>176</ei-ms-id>
      <id>20797</id>
      <intensity>60.0</intensity>
      <mass-charge>172.0</mass-charge>
    </ei-ms-peak>
    <ei-ms-peak>
      <ei-ms-id>176</ei-ms-id>
      <id>20798</id>
      <intensity>260.0</intensity>
      <mass-charge>173.0</mass-charge>
    </ei-ms-peak>
    <ei-ms-peak>
      <ei-ms-id>176</ei-ms-id>
      <id>20799</id>
      <intensity>100.0</intensity>
      <mass-charge>174.0</mass-charge>
    </ei-ms-peak>
    <ei-ms-peak>
      <ei-ms-id>176</ei-ms-id>
      <id>20800</id>
      <intensity>80.0</intensity>
      <mass-charge>175.0</mass-charge>
    </ei-ms-peak>
    <ei-ms-peak>
      <ei-ms-id>176</ei-ms-id>
      <id>20801</id>
      <intensity>520.0</intensity>
      <mass-charge>176.0</mass-charge>
    </ei-ms-peak>
    <ei-ms-peak>
      <ei-ms-id>176</ei-ms-id>
      <id>20802</id>
      <intensity>571.0</intensity>
      <mass-charge>177.0</mass-charge>
    </ei-ms-peak>
    <ei-ms-peak>
      <ei-ms-id>176</ei-ms-id>
      <id>20803</id>
      <intensity>3924.0</intensity>
      <mass-charge>178.0</mass-charge>
    </ei-ms-peak>
    <ei-ms-peak>
      <ei-ms-id>176</ei-ms-id>
      <id>20804</id>
      <intensity>611.0</intensity>
      <mass-charge>179.0</mass-charge>
    </ei-ms-peak>
    <ei-ms-peak>
      <ei-ms-id>176</ei-ms-id>
      <id>20805</id>
      <intensity>180.0</intensity>
      <mass-charge>180.0</mass-charge>
    </ei-ms-peak>
    <ei-ms-peak>
      <ei-ms-id>176</ei-ms-id>
      <id>20806</id>
      <intensity>2402.0</intensity>
      <mass-charge>181.0</mass-charge>
    </ei-ms-peak>
    <ei-ms-peak>
      <ei-ms-id>176</ei-ms-id>
      <id>20807</id>
      <intensity>1121.0</intensity>
      <mass-charge>182.0</mass-charge>
    </ei-ms-peak>
    <ei-ms-peak>
      <ei-ms-id>176</ei-ms-id>
      <id>20808</id>
      <intensity>190.0</intensity>
      <mass-charge>183.0</mass-charge>
    </ei-ms-peak>
    <ei-ms-peak>
      <ei-ms-id>176</ei-ms-id>
      <id>20809</id>
      <intensity>20.0</intensity>
      <mass-charge>184.0</mass-charge>
    </ei-ms-peak>
    <ei-ms-peak>
      <ei-ms-id>176</ei-ms-id>
      <id>20810</id>
      <intensity>20.0</intensity>
      <mass-charge>186.0</mass-charge>
    </ei-ms-peak>
    <ei-ms-peak>
      <ei-ms-id>176</ei-ms-id>
      <id>20811</id>
      <intensity>50.0</intensity>
      <mass-charge>187.0</mass-charge>
    </ei-ms-peak>
    <ei-ms-peak>
      <ei-ms-id>176</ei-ms-id>
      <id>20812</id>
      <intensity>120.0</intensity>
      <mass-charge>188.0</mass-charge>
    </ei-ms-peak>
    <ei-ms-peak>
      <ei-ms-id>176</ei-ms-id>
      <id>20813</id>
      <intensity>50.0</intensity>
      <mass-charge>189.0</mass-charge>
    </ei-ms-peak>
    <ei-ms-peak>
      <ei-ms-id>176</ei-ms-id>
      <id>20814</id>
      <intensity>380.0</intensity>
      <mass-charge>190.0</mass-charge>
    </ei-ms-peak>
    <ei-ms-peak>
      <ei-ms-id>176</ei-ms-id>
      <id>20815</id>
      <intensity>310.0</intensity>
      <mass-charge>191.0</mass-charge>
    </ei-ms-peak>
    <ei-ms-peak>
      <ei-ms-id>176</ei-ms-id>
      <id>20816</id>
      <intensity>80.0</intensity>
      <mass-charge>192.0</mass-charge>
    </ei-ms-peak>
    <ei-ms-peak>
      <ei-ms-id>176</ei-ms-id>
      <id>20817</id>
      <intensity>120.0</intensity>
      <mass-charge>193.0</mass-charge>
    </ei-ms-peak>
    <ei-ms-peak>
      <ei-ms-id>176</ei-ms-id>
      <id>20818</id>
      <intensity>40.0</intensity>
      <mass-charge>194.0</mass-charge>
    </ei-ms-peak>
    <ei-ms-peak>
      <ei-ms-id>176</ei-ms-id>
      <id>20819</id>
      <intensity>20.0</intensity>
      <mass-charge>195.0</mass-charge>
    </ei-ms-peak>
    <ei-ms-peak>
      <ei-ms-id>176</ei-ms-id>
      <id>20820</id>
      <intensity>10.0</intensity>
      <mass-charge>201.0</mass-charge>
    </ei-ms-peak>
    <ei-ms-peak>
      <ei-ms-id>176</ei-ms-id>
      <id>20821</id>
      <intensity>30.0</intensity>
      <mass-charge>202.0</mass-charge>
    </ei-ms-peak>
    <ei-ms-peak>
      <ei-ms-id>176</ei-ms-id>
      <id>20822</id>
      <intensity>50.0</intensity>
      <mass-charge>203.0</mass-charge>
    </ei-ms-peak>
    <ei-ms-peak>
      <ei-ms-id>176</ei-ms-id>
      <id>20823</id>
      <intensity>270.0</intensity>
      <mass-charge>204.0</mass-charge>
    </ei-ms-peak>
    <ei-ms-peak>
      <ei-ms-id>176</ei-ms-id>
      <id>20824</id>
      <intensity>801.0</intensity>
      <mass-charge>205.0</mass-charge>
    </ei-ms-peak>
    <ei-ms-peak>
      <ei-ms-id>176</ei-ms-id>
      <id>20825</id>
      <intensity>360.0</intensity>
      <mass-charge>206.0</mass-charge>
    </ei-ms-peak>
    <ei-ms-peak>
      <ei-ms-id>176</ei-ms-id>
      <id>20826</id>
      <intensity>170.0</intensity>
      <mass-charge>207.0</mass-charge>
    </ei-ms-peak>
    <ei-ms-peak>
      <ei-ms-id>176</ei-ms-id>
      <id>20827</id>
      <intensity>40.0</intensity>
      <mass-charge>208.0</mass-charge>
    </ei-ms-peak>
    <ei-ms-peak>
      <ei-ms-id>176</ei-ms-id>
      <id>20828</id>
      <intensity>20.0</intensity>
      <mass-charge>215.0</mass-charge>
    </ei-ms-peak>
    <ei-ms-peak>
      <ei-ms-id>176</ei-ms-id>
      <id>20829</id>
      <intensity>20.0</intensity>
      <mass-charge>216.0</mass-charge>
    </ei-ms-peak>
    <ei-ms-peak>
      <ei-ms-id>176</ei-ms-id>
      <id>20830</id>
      <intensity>70.0</intensity>
      <mass-charge>217.0</mass-charge>
    </ei-ms-peak>
    <ei-ms-peak>
      <ei-ms-id>176</ei-ms-id>
      <id>20831</id>
      <intensity>30.0</intensity>
      <mass-charge>218.0</mass-charge>
    </ei-ms-peak>
    <ei-ms-peak>
      <ei-ms-id>176</ei-ms-id>
      <id>20832</id>
      <intensity>751.0</intensity>
      <mass-charge>219.0</mass-charge>
    </ei-ms-peak>
    <ei-ms-peak>
      <ei-ms-id>176</ei-ms-id>
      <id>20833</id>
      <intensity>681.0</intensity>
      <mass-charge>220.0</mass-charge>
    </ei-ms-peak>
    <ei-ms-peak>
      <ei-ms-id>176</ei-ms-id>
      <id>20834</id>
      <intensity>6426.0</intensity>
      <mass-charge>221.0</mass-charge>
    </ei-ms-peak>
    <ei-ms-peak>
      <ei-ms-id>176</ei-ms-id>
      <id>20835</id>
      <intensity>801.0</intensity>
      <mass-charge>222.0</mass-charge>
    </ei-ms-peak>
    <ei-ms-peak>
      <ei-ms-id>176</ei-ms-id>
      <id>20836</id>
      <intensity>80.0</intensity>
      <mass-charge>223.0</mass-charge>
    </ei-ms-peak>
    <ei-ms-peak>
      <ei-ms-id>176</ei-ms-id>
      <id>20837</id>
      <intensity>10.0</intensity>
      <mass-charge>224.0</mass-charge>
    </ei-ms-peak>
    <ei-ms-peak>
      <ei-ms-id>176</ei-ms-id>
      <id>20838</id>
      <intensity>30.0</intensity>
      <mass-charge>229.0</mass-charge>
    </ei-ms-peak>
    <ei-ms-peak>
      <ei-ms-id>176</ei-ms-id>
      <id>20839</id>
      <intensity>10.0</intensity>
      <mass-charge>230.0</mass-charge>
    </ei-ms-peak>
    <ei-ms-peak>
      <ei-ms-id>176</ei-ms-id>
      <id>20840</id>
      <intensity>20.0</intensity>
      <mass-charge>231.0</mass-charge>
    </ei-ms-peak>
    <ei-ms-peak>
      <ei-ms-id>176</ei-ms-id>
      <id>20841</id>
      <intensity>3063.0</intensity>
      <mass-charge>233.0</mass-charge>
    </ei-ms-peak>
    <ei-ms-peak>
      <ei-ms-id>176</ei-ms-id>
      <id>20842</id>
      <intensity>641.0</intensity>
      <mass-charge>234.0</mass-charge>
    </ei-ms-peak>
    <ei-ms-peak>
      <ei-ms-id>176</ei-ms-id>
      <id>20843</id>
      <intensity>80.0</intensity>
      <mass-charge>235.0</mass-charge>
    </ei-ms-peak>
    <ei-ms-peak>
      <ei-ms-id>176</ei-ms-id>
      <id>20844</id>
      <intensity>10.0</intensity>
      <mass-charge>236.0</mass-charge>
    </ei-ms-peak>
    <ei-ms-peak>
      <ei-ms-id>176</ei-ms-id>
      <id>20845</id>
      <intensity>10.0</intensity>
      <mass-charge>243.0</mass-charge>
    </ei-ms-peak>
    <ei-ms-peak>
      <ei-ms-id>176</ei-ms-id>
      <id>20846</id>
      <intensity>20.0</intensity>
      <mass-charge>244.0</mass-charge>
    </ei-ms-peak>
    <ei-ms-peak>
      <ei-ms-id>176</ei-ms-id>
      <id>20847</id>
      <intensity>70.0</intensity>
      <mass-charge>245.0</mass-charge>
    </ei-ms-peak>
    <ei-ms-peak>
      <ei-ms-id>176</ei-ms-id>
      <id>20848</id>
      <intensity>2973.0</intensity>
      <mass-charge>247.0</mass-charge>
    </ei-ms-peak>
    <ei-ms-peak>
      <ei-ms-id>176</ei-ms-id>
      <id>20849</id>
      <intensity>430.0</intensity>
      <mass-charge>248.0</mass-charge>
    </ei-ms-peak>
    <ei-ms-peak>
      <ei-ms-id>176</ei-ms-id>
      <id>20850</id>
      <intensity>50.0</intensity>
      <mass-charge>249.0</mass-charge>
    </ei-ms-peak>
    <ei-ms-peak>
      <ei-ms-id>176</ei-ms-id>
      <id>20851</id>
      <intensity>881.0</intensity>
      <mass-charge>261.0</mass-charge>
    </ei-ms-peak>
    <ei-ms-peak>
      <ei-ms-id>176</ei-ms-id>
      <id>20852</id>
      <intensity>260.0</intensity>
      <mass-charge>262.0</mass-charge>
    </ei-ms-peak>
    <ei-ms-peak>
      <ei-ms-id>176</ei-ms-id>
      <id>20853</id>
      <intensity>40.0</intensity>
      <mass-charge>263.0</mass-charge>
    </ei-ms-peak>
  </ei-ms-peaks>
</ei-ms>
