<?xml version="1.0" encoding="UTF-8"?>
<ei-ms>
  <collection-date nil="true"/>
  <created-at>2014-09-20T16:32:30Z</created-at>
  <database-id>HMDB15527</database-id>
  <id>617</id>
  <inchi-key>MWQCHHACWWAQLJ-UHFFFAOYSA-N</inchi-key>
  <instrument-type nil="true"/>
  <molecule-id nil="true"/>
  <notes nil="true"/>
  <peak-counter>254</peak-counter>
  <sample-assessment nil="true"/>
  <sample-concentration nil="true"/>
  <sample-concentration-units nil="true"/>
  <sample-mass nil="true"/>
  <sample-mass-units nil="true"/>
  <sample-source nil="true"/>
  <solvent nil="true"/>
  <spectra-assessment nil="true"/>
  <updated-at>2014-09-20T16:32:30Z</updated-at>
  <references>
    <reference>
      <database>NIST</database>
      <database-id>2955-38-6</database-id>
      <id>15489</id>
      <pubmed-id nil="true"/>
      <ref-text>NIST Mass Spec Data Center, S.E. Stein, director, "Mass Spectra" in NIST Chemistry WebBook, NIST Standard Reference Database Number 69, Eds. P.J. Linstrom and W.G. Mallard, National Institute of Standards and Technology, Gaithersburg MD, 20899, http://webbook.nist.gov, (retrieved September 6, 2014).</ref-text>
      <spectra-id>617</spectra-id>
      <spectra-type>EiMs</spectra-type>
    </reference>
  </references>
  <ei-ms-peaks>
    <ei-ms-peak>
      <ei-ms-id>617</ei-ms-id>
      <id>69014</id>
      <intensity>30.0</intensity>
      <mass-charge>15.0</mass-charge>
    </ei-ms-peak>
    <ei-ms-peak>
      <ei-ms-id>617</ei-ms-id>
      <id>69015</id>
      <intensity>10.0</intensity>
      <mass-charge>16.0</mass-charge>
    </ei-ms-peak>
    <ei-ms-peak>
      <ei-ms-id>617</ei-ms-id>
      <id>69016</id>
      <intensity>60.0</intensity>
      <mass-charge>26.0</mass-charge>
    </ei-ms-peak>
    <ei-ms-peak>
      <ei-ms-id>617</ei-ms-id>
      <id>69017</id>
      <intensity>800.0</intensity>
      <mass-charge>27.0</mass-charge>
    </ei-ms-peak>
    <ei-ms-peak>
      <ei-ms-id>617</ei-ms-id>
      <id>69018</id>
      <intensity>1411.0</intensity>
      <mass-charge>29.0</mass-charge>
    </ei-ms-peak>
    <ei-ms-peak>
      <ei-ms-id>617</ei-ms-id>
      <id>69019</id>
      <intensity>30.0</intensity>
      <mass-charge>30.0</mass-charge>
    </ei-ms-peak>
    <ei-ms-peak>
      <ei-ms-id>617</ei-ms-id>
      <id>69020</id>
      <intensity>20.0</intensity>
      <mass-charge>36.0</mass-charge>
    </ei-ms-peak>
    <ei-ms-peak>
      <ei-ms-id>617</ei-ms-id>
      <id>69021</id>
      <intensity>20.0</intensity>
      <mass-charge>37.0</mass-charge>
    </ei-ms-peak>
    <ei-ms-peak>
      <ei-ms-id>617</ei-ms-id>
      <id>69022</id>
      <intensity>110.0</intensity>
      <mass-charge>38.0</mass-charge>
    </ei-ms-peak>
    <ei-ms-peak>
      <ei-ms-id>617</ei-ms-id>
      <id>69023</id>
      <intensity>1161.0</intensity>
      <mass-charge>39.0</mass-charge>
    </ei-ms-peak>
    <ei-ms-peak>
      <ei-ms-id>617</ei-ms-id>
      <id>69024</id>
      <intensity>80.0</intensity>
      <mass-charge>40.0</mass-charge>
    </ei-ms-peak>
    <ei-ms-peak>
      <ei-ms-id>617</ei-ms-id>
      <id>69025</id>
      <intensity>340.0</intensity>
      <mass-charge>41.0</mass-charge>
    </ei-ms-peak>
    <ei-ms-peak>
      <ei-ms-id>617</ei-ms-id>
      <id>69026</id>
      <intensity>140.0</intensity>
      <mass-charge>42.0</mass-charge>
    </ei-ms-peak>
    <ei-ms-peak>
      <ei-ms-id>617</ei-ms-id>
      <id>69027</id>
      <intensity>40.0</intensity>
      <mass-charge>43.0</mass-charge>
    </ei-ms-peak>
    <ei-ms-peak>
      <ei-ms-id>617</ei-ms-id>
      <id>69028</id>
      <intensity>40.0</intensity>
      <mass-charge>49.0</mass-charge>
    </ei-ms-peak>
    <ei-ms-peak>
      <ei-ms-id>617</ei-ms-id>
      <id>69029</id>
      <intensity>260.0</intensity>
      <mass-charge>50.0</mass-charge>
    </ei-ms-peak>
    <ei-ms-peak>
      <ei-ms-id>617</ei-ms-id>
      <id>69030</id>
      <intensity>790.0</intensity>
      <mass-charge>51.0</mass-charge>
    </ei-ms-peak>
    <ei-ms-peak>
      <ei-ms-id>617</ei-ms-id>
      <id>69031</id>
      <intensity>180.0</intensity>
      <mass-charge>52.0</mass-charge>
    </ei-ms-peak>
    <ei-ms-peak>
      <ei-ms-id>617</ei-ms-id>
      <id>69032</id>
      <intensity>540.0</intensity>
      <mass-charge>53.0</mass-charge>
    </ei-ms-peak>
    <ei-ms-peak>
      <ei-ms-id>617</ei-ms-id>
      <id>69033</id>
      <intensity>4423.0</intensity>
      <mass-charge>55.0</mass-charge>
    </ei-ms-peak>
    <ei-ms-peak>
      <ei-ms-id>617</ei-ms-id>
      <id>69034</id>
      <intensity>240.0</intensity>
      <mass-charge>56.0</mass-charge>
    </ei-ms-peak>
    <ei-ms-peak>
      <ei-ms-id>617</ei-ms-id>
      <id>69035</id>
      <intensity>40.0</intensity>
      <mass-charge>57.0</mass-charge>
    </ei-ms-peak>
    <ei-ms-peak>
      <ei-ms-id>617</ei-ms-id>
      <id>69036</id>
      <intensity>40.0</intensity>
      <mass-charge>61.0</mass-charge>
    </ei-ms-peak>
    <ei-ms-peak>
      <ei-ms-id>617</ei-ms-id>
      <id>69037</id>
      <intensity>190.0</intensity>
      <mass-charge>62.0</mass-charge>
    </ei-ms-peak>
    <ei-ms-peak>
      <ei-ms-id>617</ei-ms-id>
      <id>69038</id>
      <intensity>570.0</intensity>
      <mass-charge>63.0</mass-charge>
    </ei-ms-peak>
    <ei-ms-peak>
      <ei-ms-id>617</ei-ms-id>
      <id>69039</id>
      <intensity>180.0</intensity>
      <mass-charge>64.0</mass-charge>
    </ei-ms-peak>
    <ei-ms-peak>
      <ei-ms-id>617</ei-ms-id>
      <id>69040</id>
      <intensity>970.0</intensity>
      <mass-charge>65.0</mass-charge>
    </ei-ms-peak>
    <ei-ms-peak>
      <ei-ms-id>617</ei-ms-id>
      <id>69041</id>
      <intensity>60.0</intensity>
      <mass-charge>66.0</mass-charge>
    </ei-ms-peak>
    <ei-ms-peak>
      <ei-ms-id>617</ei-ms-id>
      <id>69042</id>
      <intensity>30.0</intensity>
      <mass-charge>67.0</mass-charge>
    </ei-ms-peak>
    <ei-ms-peak>
      <ei-ms-id>617</ei-ms-id>
      <id>69043</id>
      <intensity>50.0</intensity>
      <mass-charge>68.0</mass-charge>
    </ei-ms-peak>
    <ei-ms-peak>
      <ei-ms-id>617</ei-ms-id>
      <id>69044</id>
      <intensity>130.0</intensity>
      <mass-charge>69.0</mass-charge>
    </ei-ms-peak>
    <ei-ms-peak>
      <ei-ms-id>617</ei-ms-id>
      <id>69045</id>
      <intensity>60.0</intensity>
      <mass-charge>70.0</mass-charge>
    </ei-ms-peak>
    <ei-ms-peak>
      <ei-ms-id>617</ei-ms-id>
      <id>69046</id>
      <intensity>140.0</intensity>
      <mass-charge>73.0</mass-charge>
    </ei-ms-peak>
    <ei-ms-peak>
      <ei-ms-id>617</ei-ms-id>
      <id>69047</id>
      <intensity>260.0</intensity>
      <mass-charge>74.0</mass-charge>
    </ei-ms-peak>
    <ei-ms-peak>
      <ei-ms-id>617</ei-ms-id>
      <id>69048</id>
      <intensity>790.0</intensity>
      <mass-charge>75.0</mass-charge>
    </ei-ms-peak>
    <ei-ms-peak>
      <ei-ms-id>617</ei-ms-id>
      <id>69049</id>
      <intensity>560.0</intensity>
      <mass-charge>76.0</mass-charge>
    </ei-ms-peak>
    <ei-ms-peak>
      <ei-ms-id>617</ei-ms-id>
      <id>69050</id>
      <intensity>1451.0</intensity>
      <mass-charge>77.0</mass-charge>
    </ei-ms-peak>
    <ei-ms-peak>
      <ei-ms-id>617</ei-ms-id>
      <id>69051</id>
      <intensity>230.0</intensity>
      <mass-charge>78.0</mass-charge>
    </ei-ms-peak>
    <ei-ms-peak>
      <ei-ms-id>617</ei-ms-id>
      <id>69052</id>
      <intensity>50.0</intensity>
      <mass-charge>79.0</mass-charge>
    </ei-ms-peak>
    <ei-ms-peak>
      <ei-ms-id>617</ei-ms-id>
      <id>69053</id>
      <intensity>30.0</intensity>
      <mass-charge>80.0</mass-charge>
    </ei-ms-peak>
    <ei-ms-peak>
      <ei-ms-id>617</ei-ms-id>
      <id>69054</id>
      <intensity>410.0</intensity>
      <mass-charge>82.0</mass-charge>
    </ei-ms-peak>
    <ei-ms-peak>
      <ei-ms-id>617</ei-ms-id>
      <id>69055</id>
      <intensity>70.0</intensity>
      <mass-charge>84.0</mass-charge>
    </ei-ms-peak>
    <ei-ms-peak>
      <ei-ms-id>617</ei-ms-id>
      <id>69056</id>
      <intensity>50.0</intensity>
      <mass-charge>85.0</mass-charge>
    </ei-ms-peak>
    <ei-ms-peak>
      <ei-ms-id>617</ei-ms-id>
      <id>69057</id>
      <intensity>90.0</intensity>
      <mass-charge>86.0</mass-charge>
    </ei-ms-peak>
    <ei-ms-peak>
      <ei-ms-id>617</ei-ms-id>
      <id>69058</id>
      <intensity>220.0</intensity>
      <mass-charge>87.0</mass-charge>
    </ei-ms-peak>
    <ei-ms-peak>
      <ei-ms-id>617</ei-ms-id>
      <id>69059</id>
      <intensity>260.0</intensity>
      <mass-charge>88.0</mass-charge>
    </ei-ms-peak>
    <ei-ms-peak>
      <ei-ms-id>617</ei-ms-id>
      <id>69060</id>
      <intensity>1231.0</intensity>
      <mass-charge>89.0</mass-charge>
    </ei-ms-peak>
    <ei-ms-peak>
      <ei-ms-id>617</ei-ms-id>
      <id>69061</id>
      <intensity>600.0</intensity>
      <mass-charge>90.0</mass-charge>
    </ei-ms-peak>
    <ei-ms-peak>
      <ei-ms-id>617</ei-ms-id>
      <id>69062</id>
      <intensity>7576.0</intensity>
      <mass-charge>91.0</mass-charge>
    </ei-ms-peak>
    <ei-ms-peak>
      <ei-ms-id>617</ei-ms-id>
      <id>69063</id>
      <intensity>560.0</intensity>
      <mass-charge>92.0</mass-charge>
    </ei-ms-peak>
    <ei-ms-peak>
      <ei-ms-id>617</ei-ms-id>
      <id>69064</id>
      <intensity>50.0</intensity>
      <mass-charge>93.0</mass-charge>
    </ei-ms-peak>
    <ei-ms-peak>
      <ei-ms-id>617</ei-ms-id>
      <id>69065</id>
      <intensity>10.0</intensity>
      <mass-charge>94.0</mass-charge>
    </ei-ms-peak>
    <ei-ms-peak>
      <ei-ms-id>617</ei-ms-id>
      <id>69066</id>
      <intensity>400.0</intensity>
      <mass-charge>96.0</mass-charge>
    </ei-ms-peak>
    <ei-ms-peak>
      <ei-ms-id>617</ei-ms-id>
      <id>69067</id>
      <intensity>90.0</intensity>
      <mass-charge>97.0</mass-charge>
    </ei-ms-peak>
    <ei-ms-peak>
      <ei-ms-id>617</ei-ms-id>
      <id>69068</id>
      <intensity>100.0</intensity>
      <mass-charge>98.0</mass-charge>
    </ei-ms-peak>
    <ei-ms-peak>
      <ei-ms-id>617</ei-ms-id>
      <id>69069</id>
      <intensity>290.0</intensity>
      <mass-charge>99.0</mass-charge>
    </ei-ms-peak>
    <ei-ms-peak>
      <ei-ms-id>617</ei-ms-id>
      <id>69070</id>
      <intensity>310.0</intensity>
      <mass-charge>100.0</mass-charge>
    </ei-ms-peak>
    <ei-ms-peak>
      <ei-ms-id>617</ei-ms-id>
      <id>69071</id>
      <intensity>230.0</intensity>
      <mass-charge>101.0</mass-charge>
    </ei-ms-peak>
    <ei-ms-peak>
      <ei-ms-id>617</ei-ms-id>
      <id>69072</id>
      <intensity>1020.0</intensity>
      <mass-charge>102.0</mass-charge>
    </ei-ms-peak>
    <ei-ms-peak>
      <ei-ms-id>617</ei-ms-id>
      <id>69073</id>
      <intensity>450.0</intensity>
      <mass-charge>103.0</mass-charge>
    </ei-ms-peak>
    <ei-ms-peak>
      <ei-ms-id>617</ei-ms-id>
      <id>69074</id>
      <intensity>260.0</intensity>
      <mass-charge>104.0</mass-charge>
    </ei-ms-peak>
    <ei-ms-peak>
      <ei-ms-id>617</ei-ms-id>
      <id>69075</id>
      <intensity>200.0</intensity>
      <mass-charge>105.0</mass-charge>
    </ei-ms-peak>
    <ei-ms-peak>
      <ei-ms-id>617</ei-ms-id>
      <id>69076</id>
      <intensity>30.0</intensity>
      <mass-charge>106.0</mass-charge>
    </ei-ms-peak>
    <ei-ms-peak>
      <ei-ms-id>617</ei-ms-id>
      <id>69077</id>
      <intensity>40.0</intensity>
      <mass-charge>107.0</mass-charge>
    </ei-ms-peak>
    <ei-ms-peak>
      <ei-ms-id>617</ei-ms-id>
      <id>69078</id>
      <intensity>370.0</intensity>
      <mass-charge>109.0</mass-charge>
    </ei-ms-peak>
    <ei-ms-peak>
      <ei-ms-id>617</ei-ms-id>
      <id>69079</id>
      <intensity>450.0</intensity>
      <mass-charge>110.0</mass-charge>
    </ei-ms-peak>
    <ei-ms-peak>
      <ei-ms-id>617</ei-ms-id>
      <id>69080</id>
      <intensity>620.0</intensity>
      <mass-charge>111.0</mass-charge>
    </ei-ms-peak>
    <ei-ms-peak>
      <ei-ms-id>617</ei-ms-id>
      <id>69081</id>
      <intensity>240.0</intensity>
      <mass-charge>112.0</mass-charge>
    </ei-ms-peak>
    <ei-ms-peak>
      <ei-ms-id>617</ei-ms-id>
      <id>69082</id>
      <intensity>390.0</intensity>
      <mass-charge>113.0</mass-charge>
    </ei-ms-peak>
    <ei-ms-peak>
      <ei-ms-id>617</ei-ms-id>
      <id>69083</id>
      <intensity>250.0</intensity>
      <mass-charge>114.0</mass-charge>
    </ei-ms-peak>
    <ei-ms-peak>
      <ei-ms-id>617</ei-ms-id>
      <id>69084</id>
      <intensity>410.0</intensity>
      <mass-charge>115.0</mass-charge>
    </ei-ms-peak>
    <ei-ms-peak>
      <ei-ms-id>617</ei-ms-id>
      <id>69085</id>
      <intensity>1111.0</intensity>
      <mass-charge>116.0</mass-charge>
    </ei-ms-peak>
    <ei-ms-peak>
      <ei-ms-id>617</ei-ms-id>
      <id>69086</id>
      <intensity>690.0</intensity>
      <mass-charge>117.0</mass-charge>
    </ei-ms-peak>
    <ei-ms-peak>
      <ei-ms-id>617</ei-ms-id>
      <id>69087</id>
      <intensity>190.0</intensity>
      <mass-charge>118.0</mass-charge>
    </ei-ms-peak>
    <ei-ms-peak>
      <ei-ms-id>617</ei-ms-id>
      <id>69088</id>
      <intensity>40.0</intensity>
      <mass-charge>119.0</mass-charge>
    </ei-ms-peak>
    <ei-ms-peak>
      <ei-ms-id>617</ei-ms-id>
      <id>69089</id>
      <intensity>70.0</intensity>
      <mass-charge>120.0</mass-charge>
    </ei-ms-peak>
    <ei-ms-peak>
      <ei-ms-id>617</ei-ms-id>
      <id>69090</id>
      <intensity>60.0</intensity>
      <mass-charge>121.0</mass-charge>
    </ei-ms-peak>
    <ei-ms-peak>
      <ei-ms-id>617</ei-ms-id>
      <id>69091</id>
      <intensity>70.0</intensity>
      <mass-charge>122.0</mass-charge>
    </ei-ms-peak>
    <ei-ms-peak>
      <ei-ms-id>617</ei-ms-id>
      <id>69092</id>
      <intensity>200.0</intensity>
      <mass-charge>123.0</mass-charge>
    </ei-ms-peak>
    <ei-ms-peak>
      <ei-ms-id>617</ei-ms-id>
      <id>69093</id>
      <intensity>260.0</intensity>
      <mass-charge>124.0</mass-charge>
    </ei-ms-peak>
    <ei-ms-peak>
      <ei-ms-id>617</ei-ms-id>
      <id>69094</id>
      <intensity>360.0</intensity>
      <mass-charge>125.0</mass-charge>
    </ei-ms-peak>
    <ei-ms-peak>
      <ei-ms-id>617</ei-ms-id>
      <id>69095</id>
      <intensity>470.0</intensity>
      <mass-charge>126.0</mass-charge>
    </ei-ms-peak>
    <ei-ms-peak>
      <ei-ms-id>617</ei-ms-id>
      <id>69096</id>
      <intensity>380.0</intensity>
      <mass-charge>127.0</mass-charge>
    </ei-ms-peak>
    <ei-ms-peak>
      <ei-ms-id>617</ei-ms-id>
      <id>69097</id>
      <intensity>310.0</intensity>
      <mass-charge>128.0</mass-charge>
    </ei-ms-peak>
    <ei-ms-peak>
      <ei-ms-id>617</ei-ms-id>
      <id>69098</id>
      <intensity>160.0</intensity>
      <mass-charge>129.0</mass-charge>
    </ei-ms-peak>
    <ei-ms-peak>
      <ei-ms-id>617</ei-ms-id>
      <id>69099</id>
      <intensity>200.0</intensity>
      <mass-charge>130.0</mass-charge>
    </ei-ms-peak>
    <ei-ms-peak>
      <ei-ms-id>617</ei-ms-id>
      <id>69100</id>
      <intensity>50.0</intensity>
      <mass-charge>131.0</mass-charge>
    </ei-ms-peak>
    <ei-ms-peak>
      <ei-ms-id>617</ei-ms-id>
      <id>69101</id>
      <intensity>20.0</intensity>
      <mass-charge>132.0</mass-charge>
    </ei-ms-peak>
    <ei-ms-peak>
      <ei-ms-id>617</ei-ms-id>
      <id>69102</id>
      <intensity>30.0</intensity>
      <mass-charge>133.0</mass-charge>
    </ei-ms-peak>
    <ei-ms-peak>
      <ei-ms-id>617</ei-ms-id>
      <id>69103</id>
      <intensity>60.0</intensity>
      <mass-charge>134.0</mass-charge>
    </ei-ms-peak>
    <ei-ms-peak>
      <ei-ms-id>617</ei-ms-id>
      <id>69104</id>
      <intensity>310.0</intensity>
      <mass-charge>136.0</mass-charge>
    </ei-ms-peak>
    <ei-ms-peak>
      <ei-ms-id>617</ei-ms-id>
      <id>69105</id>
      <intensity>380.0</intensity>
      <mass-charge>137.0</mass-charge>
    </ei-ms-peak>
    <ei-ms-peak>
      <ei-ms-id>617</ei-ms-id>
      <id>69106</id>
      <intensity>600.0</intensity>
      <mass-charge>138.0</mass-charge>
    </ei-ms-peak>
    <ei-ms-peak>
      <ei-ms-id>617</ei-ms-id>
      <id>69107</id>
      <intensity>440.0</intensity>
      <mass-charge>139.0</mass-charge>
    </ei-ms-peak>
    <ei-ms-peak>
      <ei-ms-id>617</ei-ms-id>
      <id>69108</id>
      <intensity>320.0</intensity>
      <mass-charge>140.0</mass-charge>
    </ei-ms-peak>
    <ei-ms-peak>
      <ei-ms-id>617</ei-ms-id>
      <id>69109</id>
      <intensity>160.0</intensity>
      <mass-charge>141.0</mass-charge>
    </ei-ms-peak>
    <ei-ms-peak>
      <ei-ms-id>617</ei-ms-id>
      <id>69110</id>
      <intensity>120.0</intensity>
      <mass-charge>142.0</mass-charge>
    </ei-ms-peak>
    <ei-ms-peak>
      <ei-ms-id>617</ei-ms-id>
      <id>69111</id>
      <intensity>110.0</intensity>
      <mass-charge>143.0</mass-charge>
    </ei-ms-peak>
    <ei-ms-peak>
      <ei-ms-id>617</ei-ms-id>
      <id>69112</id>
      <intensity>60.0</intensity>
      <mass-charge>144.0</mass-charge>
    </ei-ms-peak>
    <ei-ms-peak>
      <ei-ms-id>617</ei-ms-id>
      <id>69113</id>
      <intensity>20.0</intensity>
      <mass-charge>145.0</mass-charge>
    </ei-ms-peak>
    <ei-ms-peak>
      <ei-ms-id>617</ei-ms-id>
      <id>69114</id>
      <intensity>20.0</intensity>
      <mass-charge>146.0</mass-charge>
    </ei-ms-peak>
    <ei-ms-peak>
      <ei-ms-id>617</ei-ms-id>
      <id>69115</id>
      <intensity>50.0</intensity>
      <mass-charge>147.0</mass-charge>
    </ei-ms-peak>
    <ei-ms-peak>
      <ei-ms-id>617</ei-ms-id>
      <id>69116</id>
      <intensity>50.0</intensity>
      <mass-charge>148.0</mass-charge>
    </ei-ms-peak>
    <ei-ms-peak>
      <ei-ms-id>617</ei-ms-id>
      <id>69117</id>
      <intensity>190.0</intensity>
      <mass-charge>149.0</mass-charge>
    </ei-ms-peak>
    <ei-ms-peak>
      <ei-ms-id>617</ei-ms-id>
      <id>69118</id>
      <intensity>840.0</intensity>
      <mass-charge>150.0</mass-charge>
    </ei-ms-peak>
    <ei-ms-peak>
      <ei-ms-id>617</ei-ms-id>
      <id>69119</id>
      <intensity>1401.0</intensity>
      <mass-charge>151.0</mass-charge>
    </ei-ms-peak>
    <ei-ms-peak>
      <ei-ms-id>617</ei-ms-id>
      <id>69120</id>
      <intensity>960.0</intensity>
      <mass-charge>152.0</mass-charge>
    </ei-ms-peak>
    <ei-ms-peak>
      <ei-ms-id>617</ei-ms-id>
      <id>69121</id>
      <intensity>280.0</intensity>
      <mass-charge>153.0</mass-charge>
    </ei-ms-peak>
    <ei-ms-peak>
      <ei-ms-id>617</ei-ms-id>
      <id>69122</id>
      <intensity>140.0</intensity>
      <mass-charge>154.0</mass-charge>
    </ei-ms-peak>
    <ei-ms-peak>
      <ei-ms-id>617</ei-ms-id>
      <id>69123</id>
      <intensity>60.0</intensity>
      <mass-charge>155.0</mass-charge>
    </ei-ms-peak>
    <ei-ms-peak>
      <ei-ms-id>617</ei-ms-id>
      <id>69124</id>
      <intensity>60.0</intensity>
      <mass-charge>156.0</mass-charge>
    </ei-ms-peak>
    <ei-ms-peak>
      <ei-ms-id>617</ei-ms-id>
      <id>69125</id>
      <intensity>50.0</intensity>
      <mass-charge>157.0</mass-charge>
    </ei-ms-peak>
    <ei-ms-peak>
      <ei-ms-id>617</ei-ms-id>
      <id>69126</id>
      <intensity>40.0</intensity>
      <mass-charge>158.0</mass-charge>
    </ei-ms-peak>
    <ei-ms-peak>
      <ei-ms-id>617</ei-ms-id>
      <id>69127</id>
      <intensity>20.0</intensity>
      <mass-charge>160.0</mass-charge>
    </ei-ms-peak>
    <ei-ms-peak>
      <ei-ms-id>617</ei-ms-id>
      <id>69128</id>
      <intensity>80.0</intensity>
      <mass-charge>161.0</mass-charge>
    </ei-ms-peak>
    <ei-ms-peak>
      <ei-ms-id>617</ei-ms-id>
      <id>69129</id>
      <intensity>260.0</intensity>
      <mass-charge>162.0</mass-charge>
    </ei-ms-peak>
    <ei-ms-peak>
      <ei-ms-id>617</ei-ms-id>
      <id>69130</id>
      <intensity>1821.0</intensity>
      <mass-charge>163.0</mass-charge>
    </ei-ms-peak>
    <ei-ms-peak>
      <ei-ms-id>617</ei-ms-id>
      <id>69131</id>
      <intensity>1221.0</intensity>
      <mass-charge>164.0</mass-charge>
    </ei-ms-peak>
    <ei-ms-peak>
      <ei-ms-id>617</ei-ms-id>
      <id>69132</id>
      <intensity>1791.0</intensity>
      <mass-charge>165.0</mass-charge>
    </ei-ms-peak>
    <ei-ms-peak>
      <ei-ms-id>617</ei-ms-id>
      <id>69133</id>
      <intensity>1141.0</intensity>
      <mass-charge>166.0</mass-charge>
    </ei-ms-peak>
    <ei-ms-peak>
      <ei-ms-id>617</ei-ms-id>
      <id>69134</id>
      <intensity>180.0</intensity>
      <mass-charge>167.0</mass-charge>
    </ei-ms-peak>
    <ei-ms-peak>
      <ei-ms-id>617</ei-ms-id>
      <id>69135</id>
      <intensity>280.0</intensity>
      <mass-charge>168.0</mass-charge>
    </ei-ms-peak>
    <ei-ms-peak>
      <ei-ms-id>617</ei-ms-id>
      <id>69136</id>
      <intensity>70.0</intensity>
      <mass-charge>169.0</mass-charge>
    </ei-ms-peak>
    <ei-ms-peak>
      <ei-ms-id>617</ei-ms-id>
      <id>69137</id>
      <intensity>30.0</intensity>
      <mass-charge>170.0</mass-charge>
    </ei-ms-peak>
    <ei-ms-peak>
      <ei-ms-id>617</ei-ms-id>
      <id>69138</id>
      <intensity>50.0</intensity>
      <mass-charge>173.0</mass-charge>
    </ei-ms-peak>
    <ei-ms-peak>
      <ei-ms-id>617</ei-ms-id>
      <id>69139</id>
      <intensity>70.0</intensity>
      <mass-charge>174.0</mass-charge>
    </ei-ms-peak>
    <ei-ms-peak>
      <ei-ms-id>617</ei-ms-id>
      <id>69140</id>
      <intensity>150.0</intensity>
      <mass-charge>175.0</mass-charge>
    </ei-ms-peak>
    <ei-ms-peak>
      <ei-ms-id>617</ei-ms-id>
      <id>69141</id>
      <intensity>400.0</intensity>
      <mass-charge>176.0</mass-charge>
    </ei-ms-peak>
    <ei-ms-peak>
      <ei-ms-id>617</ei-ms-id>
      <id>69142</id>
      <intensity>1341.0</intensity>
      <mass-charge>177.0</mass-charge>
    </ei-ms-peak>
    <ei-ms-peak>
      <ei-ms-id>617</ei-ms-id>
      <id>69143</id>
      <intensity>1111.0</intensity>
      <mass-charge>178.0</mass-charge>
    </ei-ms-peak>
    <ei-ms-peak>
      <ei-ms-id>617</ei-ms-id>
      <id>69144</id>
      <intensity>530.0</intensity>
      <mass-charge>179.0</mass-charge>
    </ei-ms-peak>
    <ei-ms-peak>
      <ei-ms-id>617</ei-ms-id>
      <id>69145</id>
      <intensity>190.0</intensity>
      <mass-charge>180.0</mass-charge>
    </ei-ms-peak>
    <ei-ms-peak>
      <ei-ms-id>617</ei-ms-id>
      <id>69146</id>
      <intensity>40.0</intensity>
      <mass-charge>181.0</mass-charge>
    </ei-ms-peak>
    <ei-ms-peak>
      <ei-ms-id>617</ei-ms-id>
      <id>69147</id>
      <intensity>10.0</intensity>
      <mass-charge>182.0</mass-charge>
    </ei-ms-peak>
    <ei-ms-peak>
      <ei-ms-id>617</ei-ms-id>
      <id>69148</id>
      <intensity>10.0</intensity>
      <mass-charge>183.0</mass-charge>
    </ei-ms-peak>
    <ei-ms-peak>
      <ei-ms-id>617</ei-ms-id>
      <id>69149</id>
      <intensity>10.0</intensity>
      <mass-charge>184.0</mass-charge>
    </ei-ms-peak>
    <ei-ms-peak>
      <ei-ms-id>617</ei-ms-id>
      <id>69150</id>
      <intensity>30.0</intensity>
      <mass-charge>185.0</mass-charge>
    </ei-ms-peak>
    <ei-ms-peak>
      <ei-ms-id>617</ei-ms-id>
      <id>69151</id>
      <intensity>90.0</intensity>
      <mass-charge>186.0</mass-charge>
    </ei-ms-peak>
    <ei-ms-peak>
      <ei-ms-id>617</ei-ms-id>
      <id>69152</id>
      <intensity>50.0</intensity>
      <mass-charge>187.0</mass-charge>
    </ei-ms-peak>
    <ei-ms-peak>
      <ei-ms-id>617</ei-ms-id>
      <id>69153</id>
      <intensity>170.0</intensity>
      <mass-charge>188.0</mass-charge>
    </ei-ms-peak>
    <ei-ms-peak>
      <ei-ms-id>617</ei-ms-id>
      <id>69154</id>
      <intensity>210.0</intensity>
      <mass-charge>189.0</mass-charge>
    </ei-ms-peak>
    <ei-ms-peak>
      <ei-ms-id>617</ei-ms-id>
      <id>69155</id>
      <intensity>750.0</intensity>
      <mass-charge>190.0</mass-charge>
    </ei-ms-peak>
    <ei-ms-peak>
      <ei-ms-id>617</ei-ms-id>
      <id>69156</id>
      <intensity>580.0</intensity>
      <mass-charge>191.0</mass-charge>
    </ei-ms-peak>
    <ei-ms-peak>
      <ei-ms-id>617</ei-ms-id>
      <id>69157</id>
      <intensity>550.0</intensity>
      <mass-charge>192.0</mass-charge>
    </ei-ms-peak>
    <ei-ms-peak>
      <ei-ms-id>617</ei-ms-id>
      <id>69158</id>
      <intensity>680.0</intensity>
      <mass-charge>193.0</mass-charge>
    </ei-ms-peak>
    <ei-ms-peak>
      <ei-ms-id>617</ei-ms-id>
      <id>69159</id>
      <intensity>140.0</intensity>
      <mass-charge>194.0</mass-charge>
    </ei-ms-peak>
    <ei-ms-peak>
      <ei-ms-id>617</ei-ms-id>
      <id>69160</id>
      <intensity>20.0</intensity>
      <mass-charge>195.0</mass-charge>
    </ei-ms-peak>
    <ei-ms-peak>
      <ei-ms-id>617</ei-ms-id>
      <id>69161</id>
      <intensity>10.0</intensity>
      <mass-charge>197.0</mass-charge>
    </ei-ms-peak>
    <ei-ms-peak>
      <ei-ms-id>617</ei-ms-id>
      <id>69162</id>
      <intensity>60.0</intensity>
      <mass-charge>198.0</mass-charge>
    </ei-ms-peak>
    <ei-ms-peak>
      <ei-ms-id>617</ei-ms-id>
      <id>69163</id>
      <intensity>300.0</intensity>
      <mass-charge>199.0</mass-charge>
    </ei-ms-peak>
    <ei-ms-peak>
      <ei-ms-id>617</ei-ms-id>
      <id>69164</id>
      <intensity>110.0</intensity>
      <mass-charge>200.0</mass-charge>
    </ei-ms-peak>
    <ei-ms-peak>
      <ei-ms-id>617</ei-ms-id>
      <id>69165</id>
      <intensity>170.0</intensity>
      <mass-charge>201.0</mass-charge>
    </ei-ms-peak>
    <ei-ms-peak>
      <ei-ms-id>617</ei-ms-id>
      <id>69166</id>
      <intensity>130.0</intensity>
      <mass-charge>202.0</mass-charge>
    </ei-ms-peak>
    <ei-ms-peak>
      <ei-ms-id>617</ei-ms-id>
      <id>69167</id>
      <intensity>320.0</intensity>
      <mass-charge>203.0</mass-charge>
    </ei-ms-peak>
    <ei-ms-peak>
      <ei-ms-id>617</ei-ms-id>
      <id>69168</id>
      <intensity>510.0</intensity>
      <mass-charge>204.0</mass-charge>
    </ei-ms-peak>
    <ei-ms-peak>
      <ei-ms-id>617</ei-ms-id>
      <id>69169</id>
      <intensity>1401.0</intensity>
      <mass-charge>205.0</mass-charge>
    </ei-ms-peak>
    <ei-ms-peak>
      <ei-ms-id>617</ei-ms-id>
      <id>69170</id>
      <intensity>760.0</intensity>
      <mass-charge>206.0</mass-charge>
    </ei-ms-peak>
    <ei-ms-peak>
      <ei-ms-id>617</ei-ms-id>
      <id>69171</id>
      <intensity>660.0</intensity>
      <mass-charge>207.0</mass-charge>
    </ei-ms-peak>
    <ei-ms-peak>
      <ei-ms-id>617</ei-ms-id>
      <id>69172</id>
      <intensity>120.0</intensity>
      <mass-charge>208.0</mass-charge>
    </ei-ms-peak>
    <ei-ms-peak>
      <ei-ms-id>617</ei-ms-id>
      <id>69173</id>
      <intensity>60.0</intensity>
      <mass-charge>211.0</mass-charge>
    </ei-ms-peak>
    <ei-ms-peak>
      <ei-ms-id>617</ei-ms-id>
      <id>69174</id>
      <intensity>110.0</intensity>
      <mass-charge>212.0</mass-charge>
    </ei-ms-peak>
    <ei-ms-peak>
      <ei-ms-id>617</ei-ms-id>
      <id>69175</id>
      <intensity>390.0</intensity>
      <mass-charge>213.0</mass-charge>
    </ei-ms-peak>
    <ei-ms-peak>
      <ei-ms-id>617</ei-ms-id>
      <id>69176</id>
      <intensity>420.0</intensity>
      <mass-charge>214.0</mass-charge>
    </ei-ms-peak>
    <ei-ms-peak>
      <ei-ms-id>617</ei-ms-id>
      <id>69177</id>
      <intensity>230.0</intensity>
      <mass-charge>215.0</mass-charge>
    </ei-ms-peak>
    <ei-ms-peak>
      <ei-ms-id>617</ei-ms-id>
      <id>69178</id>
      <intensity>280.0</intensity>
      <mass-charge>216.0</mass-charge>
    </ei-ms-peak>
    <ei-ms-peak>
      <ei-ms-id>617</ei-ms-id>
      <id>69179</id>
      <intensity>300.0</intensity>
      <mass-charge>217.0</mass-charge>
    </ei-ms-peak>
    <ei-ms-peak>
      <ei-ms-id>617</ei-ms-id>
      <id>69180</id>
      <intensity>580.0</intensity>
      <mass-charge>218.0</mass-charge>
    </ei-ms-peak>
    <ei-ms-peak>
      <ei-ms-id>617</ei-ms-id>
      <id>69181</id>
      <intensity>630.0</intensity>
      <mass-charge>219.0</mass-charge>
    </ei-ms-peak>
    <ei-ms-peak>
      <ei-ms-id>617</ei-ms-id>
      <id>69182</id>
      <intensity>190.0</intensity>
      <mass-charge>220.0</mass-charge>
    </ei-ms-peak>
    <ei-ms-peak>
      <ei-ms-id>617</ei-ms-id>
      <id>69183</id>
      <intensity>80.0</intensity>
      <mass-charge>221.0</mass-charge>
    </ei-ms-peak>
    <ei-ms-peak>
      <ei-ms-id>617</ei-ms-id>
      <id>69184</id>
      <intensity>20.0</intensity>
      <mass-charge>222.0</mass-charge>
    </ei-ms-peak>
    <ei-ms-peak>
      <ei-ms-id>617</ei-ms-id>
      <id>69185</id>
      <intensity>70.0</intensity>
      <mass-charge>224.0</mass-charge>
    </ei-ms-peak>
    <ei-ms-peak>
      <ei-ms-id>617</ei-ms-id>
      <id>69186</id>
      <intensity>40.0</intensity>
      <mass-charge>225.0</mass-charge>
    </ei-ms-peak>
    <ei-ms-peak>
      <ei-ms-id>617</ei-ms-id>
      <id>69187</id>
      <intensity>230.0</intensity>
      <mass-charge>226.0</mass-charge>
    </ei-ms-peak>
    <ei-ms-peak>
      <ei-ms-id>617</ei-ms-id>
      <id>69188</id>
      <intensity>1301.0</intensity>
      <mass-charge>227.0</mass-charge>
    </ei-ms-peak>
    <ei-ms-peak>
      <ei-ms-id>617</ei-ms-id>
      <id>69189</id>
      <intensity>730.0</intensity>
      <mass-charge>228.0</mass-charge>
    </ei-ms-peak>
    <ei-ms-peak>
      <ei-ms-id>617</ei-ms-id>
      <id>69190</id>
      <intensity>540.0</intensity>
      <mass-charge>229.0</mass-charge>
    </ei-ms-peak>
    <ei-ms-peak>
      <ei-ms-id>617</ei-ms-id>
      <id>69191</id>
      <intensity>380.0</intensity>
      <mass-charge>230.0</mass-charge>
    </ei-ms-peak>
    <ei-ms-peak>
      <ei-ms-id>617</ei-ms-id>
      <id>69192</id>
      <intensity>170.0</intensity>
      <mass-charge>231.0</mass-charge>
    </ei-ms-peak>
    <ei-ms-peak>
      <ei-ms-id>617</ei-ms-id>
      <id>69193</id>
      <intensity>190.0</intensity>
      <mass-charge>232.0</mass-charge>
    </ei-ms-peak>
    <ei-ms-peak>
      <ei-ms-id>617</ei-ms-id>
      <id>69194</id>
      <intensity>390.0</intensity>
      <mass-charge>233.0</mass-charge>
    </ei-ms-peak>
    <ei-ms-peak>
      <ei-ms-id>617</ei-ms-id>
      <id>69195</id>
      <intensity>630.0</intensity>
      <mass-charge>234.0</mass-charge>
    </ei-ms-peak>
    <ei-ms-peak>
      <ei-ms-id>617</ei-ms-id>
      <id>69196</id>
      <intensity>350.0</intensity>
      <mass-charge>235.0</mass-charge>
    </ei-ms-peak>
    <ei-ms-peak>
      <ei-ms-id>617</ei-ms-id>
      <id>69197</id>
      <intensity>60.0</intensity>
      <mass-charge>236.0</mass-charge>
    </ei-ms-peak>
    <ei-ms-peak>
      <ei-ms-id>617</ei-ms-id>
      <id>69198</id>
      <intensity>20.0</intensity>
      <mass-charge>237.0</mass-charge>
    </ei-ms-peak>
    <ei-ms-peak>
      <ei-ms-id>617</ei-ms-id>
      <id>69199</id>
      <intensity>250.0</intensity>
      <mass-charge>238.0</mass-charge>
    </ei-ms-peak>
    <ei-ms-peak>
      <ei-ms-id>617</ei-ms-id>
      <id>69200</id>
      <intensity>740.0</intensity>
      <mass-charge>239.0</mass-charge>
    </ei-ms-peak>
    <ei-ms-peak>
      <ei-ms-id>617</ei-ms-id>
      <id>69201</id>
      <intensity>1791.0</intensity>
      <mass-charge>240.0</mass-charge>
    </ei-ms-peak>
    <ei-ms-peak>
      <ei-ms-id>617</ei-ms-id>
      <id>69202</id>
      <intensity>4183.0</intensity>
      <mass-charge>241.0</mass-charge>
    </ei-ms-peak>
    <ei-ms-peak>
      <ei-ms-id>617</ei-ms-id>
      <id>69203</id>
      <intensity>2201.0</intensity>
      <mass-charge>242.0</mass-charge>
    </ei-ms-peak>
    <ei-ms-peak>
      <ei-ms-id>617</ei-ms-id>
      <id>69204</id>
      <intensity>1611.0</intensity>
      <mass-charge>243.0</mass-charge>
    </ei-ms-peak>
    <ei-ms-peak>
      <ei-ms-id>617</ei-ms-id>
      <id>69205</id>
      <intensity>610.0</intensity>
      <mass-charge>244.0</mass-charge>
    </ei-ms-peak>
    <ei-ms-peak>
      <ei-ms-id>617</ei-ms-id>
      <id>69206</id>
      <intensity>130.0</intensity>
      <mass-charge>245.0</mass-charge>
    </ei-ms-peak>
    <ei-ms-peak>
      <ei-ms-id>617</ei-ms-id>
      <id>69207</id>
      <intensity>90.0</intensity>
      <mass-charge>246.0</mass-charge>
    </ei-ms-peak>
    <ei-ms-peak>
      <ei-ms-id>617</ei-ms-id>
      <id>69208</id>
      <intensity>130.0</intensity>
      <mass-charge>247.0</mass-charge>
    </ei-ms-peak>
    <ei-ms-peak>
      <ei-ms-id>617</ei-ms-id>
      <id>69209</id>
      <intensity>40.0</intensity>
      <mass-charge>248.0</mass-charge>
    </ei-ms-peak>
    <ei-ms-peak>
      <ei-ms-id>617</ei-ms-id>
      <id>69210</id>
      <intensity>30.0</intensity>
      <mass-charge>249.0</mass-charge>
    </ei-ms-peak>
    <ei-ms-peak>
      <ei-ms-id>617</ei-ms-id>
      <id>69211</id>
      <intensity>40.0</intensity>
      <mass-charge>250.0</mass-charge>
    </ei-ms-peak>
    <ei-ms-peak>
      <ei-ms-id>617</ei-ms-id>
      <id>69212</id>
      <intensity>70.0</intensity>
      <mass-charge>251.0</mass-charge>
    </ei-ms-peak>
    <ei-ms-peak>
      <ei-ms-id>617</ei-ms-id>
      <id>69213</id>
      <intensity>190.0</intensity>
      <mass-charge>252.0</mass-charge>
    </ei-ms-peak>
    <ei-ms-peak>
      <ei-ms-id>617</ei-ms-id>
      <id>69214</id>
      <intensity>710.0</intensity>
      <mass-charge>253.0</mass-charge>
    </ei-ms-peak>
    <ei-ms-peak>
      <ei-ms-id>617</ei-ms-id>
      <id>69215</id>
      <intensity>470.0</intensity>
      <mass-charge>254.0</mass-charge>
    </ei-ms-peak>
    <ei-ms-peak>
      <ei-ms-id>617</ei-ms-id>
      <id>69216</id>
      <intensity>1381.0</intensity>
      <mass-charge>255.0</mass-charge>
    </ei-ms-peak>
    <ei-ms-peak>
      <ei-ms-id>617</ei-ms-id>
      <id>69217</id>
      <intensity>390.0</intensity>
      <mass-charge>256.0</mass-charge>
    </ei-ms-peak>
    <ei-ms-peak>
      <ei-ms-id>617</ei-ms-id>
      <id>69218</id>
      <intensity>360.0</intensity>
      <mass-charge>257.0</mass-charge>
    </ei-ms-peak>
    <ei-ms-peak>
      <ei-ms-id>617</ei-ms-id>
      <id>69219</id>
      <intensity>80.0</intensity>
      <mass-charge>258.0</mass-charge>
    </ei-ms-peak>
    <ei-ms-peak>
      <ei-ms-id>617</ei-ms-id>
      <id>69220</id>
      <intensity>70.0</intensity>
      <mass-charge>259.0</mass-charge>
    </ei-ms-peak>
    <ei-ms-peak>
      <ei-ms-id>617</ei-ms-id>
      <id>69221</id>
      <intensity>140.0</intensity>
      <mass-charge>260.0</mass-charge>
    </ei-ms-peak>
    <ei-ms-peak>
      <ei-ms-id>617</ei-ms-id>
      <id>69222</id>
      <intensity>220.0</intensity>
      <mass-charge>261.0</mass-charge>
    </ei-ms-peak>
    <ei-ms-peak>
      <ei-ms-id>617</ei-ms-id>
      <id>69223</id>
      <intensity>50.0</intensity>
      <mass-charge>262.0</mass-charge>
    </ei-ms-peak>
    <ei-ms-peak>
      <ei-ms-id>617</ei-ms-id>
      <id>69224</id>
      <intensity>20.0</intensity>
      <mass-charge>263.0</mass-charge>
    </ei-ms-peak>
    <ei-ms-peak>
      <ei-ms-id>617</ei-ms-id>
      <id>69225</id>
      <intensity>60.0</intensity>
      <mass-charge>264.0</mass-charge>
    </ei-ms-peak>
    <ei-ms-peak>
      <ei-ms-id>617</ei-ms-id>
      <id>69226</id>
      <intensity>80.0</intensity>
      <mass-charge>265.0</mass-charge>
    </ei-ms-peak>
    <ei-ms-peak>
      <ei-ms-id>617</ei-ms-id>
      <id>69227</id>
      <intensity>2121.0</intensity>
      <mass-charge>267.0</mass-charge>
    </ei-ms-peak>
    <ei-ms-peak>
      <ei-ms-id>617</ei-ms-id>
      <id>69228</id>
      <intensity>1921.0</intensity>
      <mass-charge>268.0</mass-charge>
    </ei-ms-peak>
    <ei-ms-peak>
      <ei-ms-id>617</ei-ms-id>
      <id>69229</id>
      <intensity>9999.0</intensity>
      <mass-charge>269.0</mass-charge>
    </ei-ms-peak>
    <ei-ms-peak>
      <ei-ms-id>617</ei-ms-id>
      <id>69230</id>
      <intensity>2322.0</intensity>
      <mass-charge>270.0</mass-charge>
    </ei-ms-peak>
    <ei-ms-peak>
      <ei-ms-id>617</ei-ms-id>
      <id>69231</id>
      <intensity>3072.0</intensity>
      <mass-charge>271.0</mass-charge>
    </ei-ms-peak>
    <ei-ms-peak>
      <ei-ms-id>617</ei-ms-id>
      <id>69232</id>
      <intensity>540.0</intensity>
      <mass-charge>272.0</mass-charge>
    </ei-ms-peak>
    <ei-ms-peak>
      <ei-ms-id>617</ei-ms-id>
      <id>69233</id>
      <intensity>50.0</intensity>
      <mass-charge>273.0</mass-charge>
    </ei-ms-peak>
    <ei-ms-peak>
      <ei-ms-id>617</ei-ms-id>
      <id>69234</id>
      <intensity>20.0</intensity>
      <mass-charge>277.0</mass-charge>
    </ei-ms-peak>
    <ei-ms-peak>
      <ei-ms-id>617</ei-ms-id>
      <id>69235</id>
      <intensity>60.0</intensity>
      <mass-charge>278.0</mass-charge>
    </ei-ms-peak>
    <ei-ms-peak>
      <ei-ms-id>617</ei-ms-id>
      <id>69236</id>
      <intensity>260.0</intensity>
      <mass-charge>279.0</mass-charge>
    </ei-ms-peak>
    <ei-ms-peak>
      <ei-ms-id>617</ei-ms-id>
      <id>69237</id>
      <intensity>120.0</intensity>
      <mass-charge>280.0</mass-charge>
    </ei-ms-peak>
    <ei-ms-peak>
      <ei-ms-id>617</ei-ms-id>
      <id>69238</id>
      <intensity>1010.0</intensity>
      <mass-charge>281.0</mass-charge>
    </ei-ms-peak>
    <ei-ms-peak>
      <ei-ms-id>617</ei-ms-id>
      <id>69239</id>
      <intensity>280.0</intensity>
      <mass-charge>282.0</mass-charge>
    </ei-ms-peak>
    <ei-ms-peak>
      <ei-ms-id>617</ei-ms-id>
      <id>69240</id>
      <intensity>370.0</intensity>
      <mass-charge>283.0</mass-charge>
    </ei-ms-peak>
    <ei-ms-peak>
      <ei-ms-id>617</ei-ms-id>
      <id>69241</id>
      <intensity>120.0</intensity>
      <mass-charge>284.0</mass-charge>
    </ei-ms-peak>
    <ei-ms-peak>
      <ei-ms-id>617</ei-ms-id>
      <id>69242</id>
      <intensity>10.0</intensity>
      <mass-charge>285.0</mass-charge>
    </ei-ms-peak>
    <ei-ms-peak>
      <ei-ms-id>617</ei-ms-id>
      <id>69243</id>
      <intensity>10.0</intensity>
      <mass-charge>287.0</mass-charge>
    </ei-ms-peak>
    <ei-ms-peak>
      <ei-ms-id>617</ei-ms-id>
      <id>69244</id>
      <intensity>40.0</intensity>
      <mass-charge>288.0</mass-charge>
    </ei-ms-peak>
    <ei-ms-peak>
      <ei-ms-id>617</ei-ms-id>
      <id>69245</id>
      <intensity>200.0</intensity>
      <mass-charge>289.0</mass-charge>
    </ei-ms-peak>
    <ei-ms-peak>
      <ei-ms-id>617</ei-ms-id>
      <id>69246</id>
      <intensity>40.0</intensity>
      <mass-charge>290.0</mass-charge>
    </ei-ms-peak>
    <ei-ms-peak>
      <ei-ms-id>617</ei-ms-id>
      <id>69247</id>
      <intensity>20.0</intensity>
      <mass-charge>291.0</mass-charge>
    </ei-ms-peak>
    <ei-ms-peak>
      <ei-ms-id>617</ei-ms-id>
      <id>69248</id>
      <intensity>480.0</intensity>
      <mass-charge>293.0</mass-charge>
    </ei-ms-peak>
    <ei-ms-peak>
      <ei-ms-id>617</ei-ms-id>
      <id>69249</id>
      <intensity>7746.0</intensity>
      <mass-charge>295.0</mass-charge>
    </ei-ms-peak>
    <ei-ms-peak>
      <ei-ms-id>617</ei-ms-id>
      <id>69250</id>
      <intensity>5765.0</intensity>
      <mass-charge>296.0</mass-charge>
    </ei-ms-peak>
    <ei-ms-peak>
      <ei-ms-id>617</ei-ms-id>
      <id>69251</id>
      <intensity>3513.0</intensity>
      <mass-charge>297.0</mass-charge>
    </ei-ms-peak>
    <ei-ms-peak>
      <ei-ms-id>617</ei-ms-id>
      <id>69252</id>
      <intensity>1961.0</intensity>
      <mass-charge>298.0</mass-charge>
    </ei-ms-peak>
    <ei-ms-peak>
      <ei-ms-id>617</ei-ms-id>
      <id>69253</id>
      <intensity>390.0</intensity>
      <mass-charge>299.0</mass-charge>
    </ei-ms-peak>
    <ei-ms-peak>
      <ei-ms-id>617</ei-ms-id>
      <id>69254</id>
      <intensity>30.0</intensity>
      <mass-charge>300.0</mass-charge>
    </ei-ms-peak>
    <ei-ms-peak>
      <ei-ms-id>617</ei-ms-id>
      <id>69255</id>
      <intensity>50.0</intensity>
      <mass-charge>305.0</mass-charge>
    </ei-ms-peak>
    <ei-ms-peak>
      <ei-ms-id>617</ei-ms-id>
      <id>69256</id>
      <intensity>40.0</intensity>
      <mass-charge>306.0</mass-charge>
    </ei-ms-peak>
    <ei-ms-peak>
      <ei-ms-id>617</ei-ms-id>
      <id>69257</id>
      <intensity>110.0</intensity>
      <mass-charge>307.0</mass-charge>
    </ei-ms-peak>
    <ei-ms-peak>
      <ei-ms-id>617</ei-ms-id>
      <id>69258</id>
      <intensity>30.0</intensity>
      <mass-charge>308.0</mass-charge>
    </ei-ms-peak>
    <ei-ms-peak>
      <ei-ms-id>617</ei-ms-id>
      <id>69259</id>
      <intensity>310.0</intensity>
      <mass-charge>309.0</mass-charge>
    </ei-ms-peak>
    <ei-ms-peak>
      <ei-ms-id>617</ei-ms-id>
      <id>69260</id>
      <intensity>50.0</intensity>
      <mass-charge>310.0</mass-charge>
    </ei-ms-peak>
    <ei-ms-peak>
      <ei-ms-id>617</ei-ms-id>
      <id>69261</id>
      <intensity>90.0</intensity>
      <mass-charge>311.0</mass-charge>
    </ei-ms-peak>
    <ei-ms-peak>
      <ei-ms-id>617</ei-ms-id>
      <id>69262</id>
      <intensity>3182.0</intensity>
      <mass-charge>323.0</mass-charge>
    </ei-ms-peak>
    <ei-ms-peak>
      <ei-ms-id>617</ei-ms-id>
      <id>69263</id>
      <intensity>5314.0</intensity>
      <mass-charge>324.0</mass-charge>
    </ei-ms-peak>
    <ei-ms-peak>
      <ei-ms-id>617</ei-ms-id>
      <id>69264</id>
      <intensity>2041.0</intensity>
      <mass-charge>325.0</mass-charge>
    </ei-ms-peak>
    <ei-ms-peak>
      <ei-ms-id>617</ei-ms-id>
      <id>69265</id>
      <intensity>1801.0</intensity>
      <mass-charge>326.0</mass-charge>
    </ei-ms-peak>
    <ei-ms-peak>
      <ei-ms-id>617</ei-ms-id>
      <id>69266</id>
      <intensity>340.0</intensity>
      <mass-charge>327.0</mass-charge>
    </ei-ms-peak>
    <ei-ms-peak>
      <ei-ms-id>617</ei-ms-id>
      <id>69267</id>
      <intensity>30.0</intensity>
      <mass-charge>328.0</mass-charge>
    </ei-ms-peak>
  </ei-ms-peaks>
</ei-ms>
