<?xml version="1.0" encoding="UTF-8"?>
<ei-ms>
  <collection-date nil="true"/>
  <created-at>2014-09-20T16:34:31Z</created-at>
  <database-id>HMDB00752</database-id>
  <id>700</id>
  <inchi-key>XJMMNTGIMDZPMU-UHFFFAOYSA-N</inchi-key>
  <instrument-type nil="true"/>
  <molecule-id nil="true"/>
  <notes nil="true"/>
  <peak-counter>79</peak-counter>
  <sample-assessment nil="true"/>
  <sample-concentration nil="true"/>
  <sample-concentration-units nil="true"/>
  <sample-mass nil="true"/>
  <sample-mass-units nil="true"/>
  <sample-source nil="true"/>
  <solvent nil="true"/>
  <spectra-assessment nil="true"/>
  <updated-at>2014-09-20T16:34:31Z</updated-at>
  <references>
    <reference>
      <database>NIST</database>
      <database-id>626-51-7</database-id>
      <id>15572</id>
      <pubmed-id nil="true"/>
      <ref-text>NIST Mass Spec Data Center, S.E. Stein, director, "Mass Spectra" in NIST Chemistry WebBook, NIST Standard Reference Database Number 69, Eds. P.J. Linstrom and W.G. Mallard, National Institute of Standards and Technology, Gaithersburg MD, 20899, http://webbook.nist.gov, (retrieved September 6, 2014).</ref-text>
      <spectra-id>700</spectra-id>
      <spectra-type>EiMs</spectra-type>
    </reference>
  </references>
  <ei-ms-peaks>
    <ei-ms-peak>
      <ei-ms-id>700</ei-ms-id>
      <id>77489</id>
      <intensity>20.0</intensity>
      <mass-charge>13.0</mass-charge>
    </ei-ms-peak>
    <ei-ms-peak>
      <ei-ms-id>700</ei-ms-id>
      <id>77490</id>
      <intensity>159.0</intensity>
      <mass-charge>14.0</mass-charge>
    </ei-ms-peak>
    <ei-ms-peak>
      <ei-ms-id>700</ei-ms-id>
      <id>77491</id>
      <intensity>399.0</intensity>
      <mass-charge>15.0</mass-charge>
    </ei-ms-peak>
    <ei-ms-peak>
      <ei-ms-id>700</ei-ms-id>
      <id>77492</id>
      <intensity>30.0</intensity>
      <mass-charge>16.0</mass-charge>
    </ei-ms-peak>
    <ei-ms-peak>
      <ei-ms-id>700</ei-ms-id>
      <id>77493</id>
      <intensity>319.0</intensity>
      <mass-charge>17.0</mass-charge>
    </ei-ms-peak>
    <ei-ms-peak>
      <ei-ms-id>700</ei-ms-id>
      <id>77494</id>
      <intensity>1389.0</intensity>
      <mass-charge>18.0</mass-charge>
    </ei-ms-peak>
    <ei-ms-peak>
      <ei-ms-id>700</ei-ms-id>
      <id>77495</id>
      <intensity>30.0</intensity>
      <mass-charge>19.0</mass-charge>
    </ei-ms-peak>
    <ei-ms-peak>
      <ei-ms-id>700</ei-ms-id>
      <id>77496</id>
      <intensity>10.0</intensity>
      <mass-charge>25.0</mass-charge>
    </ei-ms-peak>
    <ei-ms-peak>
      <ei-ms-id>700</ei-ms-id>
      <id>77497</id>
      <intensity>239.0</intensity>
      <mass-charge>26.0</mass-charge>
    </ei-ms-peak>
    <ei-ms-peak>
      <ei-ms-id>700</ei-ms-id>
      <id>77498</id>
      <intensity>2429.0</intensity>
      <mass-charge>27.0</mass-charge>
    </ei-ms-peak>
    <ei-ms-peak>
      <ei-ms-id>700</ei-ms-id>
      <id>77499</id>
      <intensity>559.0</intensity>
      <mass-charge>28.0</mass-charge>
    </ei-ms-peak>
    <ei-ms-peak>
      <ei-ms-id>700</ei-ms-id>
      <id>77500</id>
      <intensity>1739.0</intensity>
      <mass-charge>29.0</mass-charge>
    </ei-ms-peak>
    <ei-ms-peak>
      <ei-ms-id>700</ei-ms-id>
      <id>77501</id>
      <intensity>50.0</intensity>
      <mass-charge>30.0</mass-charge>
    </ei-ms-peak>
    <ei-ms-peak>
      <ei-ms-id>700</ei-ms-id>
      <id>77502</id>
      <intensity>659.0</intensity>
      <mass-charge>31.0</mass-charge>
    </ei-ms-peak>
    <ei-ms-peak>
      <ei-ms-id>700</ei-ms-id>
      <id>77503</id>
      <intensity>40.0</intensity>
      <mass-charge>32.0</mass-charge>
    </ei-ms-peak>
    <ei-ms-peak>
      <ei-ms-id>700</ei-ms-id>
      <id>77504</id>
      <intensity>40.0</intensity>
      <mass-charge>36.0</mass-charge>
    </ei-ms-peak>
    <ei-ms-peak>
      <ei-ms-id>700</ei-ms-id>
      <id>77505</id>
      <intensity>139.0</intensity>
      <mass-charge>37.0</mass-charge>
    </ei-ms-peak>
    <ei-ms-peak>
      <ei-ms-id>700</ei-ms-id>
      <id>77506</id>
      <intensity>339.0</intensity>
      <mass-charge>38.0</mass-charge>
    </ei-ms-peak>
    <ei-ms-peak>
      <ei-ms-id>700</ei-ms-id>
      <id>77507</id>
      <intensity>2859.0</intensity>
      <mass-charge>39.0</mass-charge>
    </ei-ms-peak>
    <ei-ms-peak>
      <ei-ms-id>700</ei-ms-id>
      <id>77508</id>
      <intensity>559.0</intensity>
      <mass-charge>40.0</mass-charge>
    </ei-ms-peak>
    <ei-ms-peak>
      <ei-ms-id>700</ei-ms-id>
      <id>77509</id>
      <intensity>6339.0</intensity>
      <mass-charge>41.0</mass-charge>
    </ei-ms-peak>
    <ei-ms-peak>
      <ei-ms-id>700</ei-ms-id>
      <id>77510</id>
      <intensity>4879.0</intensity>
      <mass-charge>42.0</mass-charge>
    </ei-ms-peak>
    <ei-ms-peak>
      <ei-ms-id>700</ei-ms-id>
      <id>77511</id>
      <intensity>4869.0</intensity>
      <mass-charge>43.0</mass-charge>
    </ei-ms-peak>
    <ei-ms-peak>
      <ei-ms-id>700</ei-ms-id>
      <id>77512</id>
      <intensity>219.0</intensity>
      <mass-charge>44.0</mass-charge>
    </ei-ms-peak>
    <ei-ms-peak>
      <ei-ms-id>700</ei-ms-id>
      <id>77513</id>
      <intensity>3119.0</intensity>
      <mass-charge>45.0</mass-charge>
    </ei-ms-peak>
    <ei-ms-peak>
      <ei-ms-id>700</ei-ms-id>
      <id>77514</id>
      <intensity>80.0</intensity>
      <mass-charge>46.0</mass-charge>
    </ei-ms-peak>
    <ei-ms-peak>
      <ei-ms-id>700</ei-ms-id>
      <id>77515</id>
      <intensity>50.0</intensity>
      <mass-charge>47.0</mass-charge>
    </ei-ms-peak>
    <ei-ms-peak>
      <ei-ms-id>700</ei-ms-id>
      <id>77516</id>
      <intensity>40.0</intensity>
      <mass-charge>49.0</mass-charge>
    </ei-ms-peak>
    <ei-ms-peak>
      <ei-ms-id>700</ei-ms-id>
      <id>77517</id>
      <intensity>139.0</intensity>
      <mass-charge>50.0</mass-charge>
    </ei-ms-peak>
    <ei-ms-peak>
      <ei-ms-id>700</ei-ms-id>
      <id>77518</id>
      <intensity>139.0</intensity>
      <mass-charge>51.0</mass-charge>
    </ei-ms-peak>
    <ei-ms-peak>
      <ei-ms-id>700</ei-ms-id>
      <id>77519</id>
      <intensity>60.0</intensity>
      <mass-charge>52.0</mass-charge>
    </ei-ms-peak>
    <ei-ms-peak>
      <ei-ms-id>700</ei-ms-id>
      <id>77520</id>
      <intensity>349.0</intensity>
      <mass-charge>53.0</mass-charge>
    </ei-ms-peak>
    <ei-ms-peak>
      <ei-ms-id>700</ei-ms-id>
      <id>77521</id>
      <intensity>569.0</intensity>
      <mass-charge>54.0</mass-charge>
    </ei-ms-peak>
    <ei-ms-peak>
      <ei-ms-id>700</ei-ms-id>
      <id>77522</id>
      <intensity>1719.0</intensity>
      <mass-charge>55.0</mass-charge>
    </ei-ms-peak>
    <ei-ms-peak>
      <ei-ms-id>700</ei-ms-id>
      <id>77523</id>
      <intensity>2089.0</intensity>
      <mass-charge>56.0</mass-charge>
    </ei-ms-peak>
    <ei-ms-peak>
      <ei-ms-id>700</ei-ms-id>
      <id>77524</id>
      <intensity>1109.0</intensity>
      <mass-charge>57.0</mass-charge>
    </ei-ms-peak>
    <ei-ms-peak>
      <ei-ms-id>700</ei-ms-id>
      <id>77525</id>
      <intensity>949.0</intensity>
      <mass-charge>58.0</mass-charge>
    </ei-ms-peak>
    <ei-ms-peak>
      <ei-ms-id>700</ei-ms-id>
      <id>77526</id>
      <intensity>1289.0</intensity>
      <mass-charge>59.0</mass-charge>
    </ei-ms-peak>
    <ei-ms-peak>
      <ei-ms-id>700</ei-ms-id>
      <id>77527</id>
      <intensity>5589.0</intensity>
      <mass-charge>60.0</mass-charge>
    </ei-ms-peak>
    <ei-ms-peak>
      <ei-ms-id>700</ei-ms-id>
      <id>77528</id>
      <intensity>189.0</intensity>
      <mass-charge>61.0</mass-charge>
    </ei-ms-peak>
    <ei-ms-peak>
      <ei-ms-id>700</ei-ms-id>
      <id>77529</id>
      <intensity>30.0</intensity>
      <mass-charge>62.0</mass-charge>
    </ei-ms-peak>
    <ei-ms-peak>
      <ei-ms-id>700</ei-ms-id>
      <id>77530</id>
      <intensity>20.0</intensity>
      <mass-charge>63.0</mass-charge>
    </ei-ms-peak>
    <ei-ms-peak>
      <ei-ms-id>700</ei-ms-id>
      <id>77531</id>
      <intensity>20.0</intensity>
      <mass-charge>66.0</mass-charge>
    </ei-ms-peak>
    <ei-ms-peak>
      <ei-ms-id>700</ei-ms-id>
      <id>77532</id>
      <intensity>40.0</intensity>
      <mass-charge>67.0</mass-charge>
    </ei-ms-peak>
    <ei-ms-peak>
      <ei-ms-id>700</ei-ms-id>
      <id>77533</id>
      <intensity>279.0</intensity>
      <mass-charge>68.0</mass-charge>
    </ei-ms-peak>
    <ei-ms-peak>
      <ei-ms-id>700</ei-ms-id>
      <id>77534</id>
      <intensity>8429.0</intensity>
      <mass-charge>69.0</mass-charge>
    </ei-ms-peak>
    <ei-ms-peak>
      <ei-ms-id>700</ei-ms-id>
      <id>77535</id>
      <intensity>379.0</intensity>
      <mass-charge>70.0</mass-charge>
    </ei-ms-peak>
    <ei-ms-peak>
      <ei-ms-id>700</ei-ms-id>
      <id>77536</id>
      <intensity>449.0</intensity>
      <mass-charge>71.0</mass-charge>
    </ei-ms-peak>
    <ei-ms-peak>
      <ei-ms-id>700</ei-ms-id>
      <id>77537</id>
      <intensity>4139.0</intensity>
      <mass-charge>72.0</mass-charge>
    </ei-ms-peak>
    <ei-ms-peak>
      <ei-ms-id>700</ei-ms-id>
      <id>77538</id>
      <intensity>209.0</intensity>
      <mass-charge>73.0</mass-charge>
    </ei-ms-peak>
    <ei-ms-peak>
      <ei-ms-id>700</ei-ms-id>
      <id>77539</id>
      <intensity>20.0</intensity>
      <mass-charge>74.0</mass-charge>
    </ei-ms-peak>
    <ei-ms-peak>
      <ei-ms-id>700</ei-ms-id>
      <id>77540</id>
      <intensity>10.0</intensity>
      <mass-charge>78.0</mass-charge>
    </ei-ms-peak>
    <ei-ms-peak>
      <ei-ms-id>700</ei-ms-id>
      <id>77541</id>
      <intensity>70.0</intensity>
      <mass-charge>81.0</mass-charge>
    </ei-ms-peak>
    <ei-ms-peak>
      <ei-ms-id>700</ei-ms-id>
      <id>77542</id>
      <intensity>709.0</intensity>
      <mass-charge>82.0</mass-charge>
    </ei-ms-peak>
    <ei-ms-peak>
      <ei-ms-id>700</ei-ms-id>
      <id>77543</id>
      <intensity>299.0</intensity>
      <mass-charge>83.0</mass-charge>
    </ei-ms-peak>
    <ei-ms-peak>
      <ei-ms-id>700</ei-ms-id>
      <id>77544</id>
      <intensity>499.0</intensity>
      <mass-charge>84.0</mass-charge>
    </ei-ms-peak>
    <ei-ms-peak>
      <ei-ms-id>700</ei-ms-id>
      <id>77545</id>
      <intensity>949.0</intensity>
      <mass-charge>85.0</mass-charge>
    </ei-ms-peak>
    <ei-ms-peak>
      <ei-ms-id>700</ei-ms-id>
      <id>77546</id>
      <intensity>219.0</intensity>
      <mass-charge>86.0</mass-charge>
    </ei-ms-peak>
    <ei-ms-peak>
      <ei-ms-id>700</ei-ms-id>
      <id>77547</id>
      <intensity>6069.0</intensity>
      <mass-charge>87.0</mass-charge>
    </ei-ms-peak>
    <ei-ms-peak>
      <ei-ms-id>700</ei-ms-id>
      <id>77548</id>
      <intensity>259.0</intensity>
      <mass-charge>88.0</mass-charge>
    </ei-ms-peak>
    <ei-ms-peak>
      <ei-ms-id>700</ei-ms-id>
      <id>77549</id>
      <intensity>99.0</intensity>
      <mass-charge>89.0</mass-charge>
    </ei-ms-peak>
    <ei-ms-peak>
      <ei-ms-id>700</ei-ms-id>
      <id>77550</id>
      <intensity>99.0</intensity>
      <mass-charge>95.0</mass-charge>
    </ei-ms-peak>
    <ei-ms-peak>
      <ei-ms-id>700</ei-ms-id>
      <id>77551</id>
      <intensity>20.0</intensity>
      <mass-charge>97.0</mass-charge>
    </ei-ms-peak>
    <ei-ms-peak>
      <ei-ms-id>700</ei-ms-id>
      <id>77552</id>
      <intensity>20.0</intensity>
      <mass-charge>98.0</mass-charge>
    </ei-ms-peak>
    <ei-ms-peak>
      <ei-ms-id>700</ei-ms-id>
      <id>77553</id>
      <intensity>219.0</intensity>
      <mass-charge>99.0</mass-charge>
    </ei-ms-peak>
    <ei-ms-peak>
      <ei-ms-id>700</ei-ms-id>
      <id>77554</id>
      <intensity>9999.0</intensity>
      <mass-charge>100.0</mass-charge>
    </ei-ms-peak>
    <ei-ms-peak>
      <ei-ms-id>700</ei-ms-id>
      <id>77555</id>
      <intensity>699.0</intensity>
      <mass-charge>101.0</mass-charge>
    </ei-ms-peak>
    <ei-ms-peak>
      <ei-ms-id>700</ei-ms-id>
      <id>77556</id>
      <intensity>139.0</intensity>
      <mass-charge>102.0</mass-charge>
    </ei-ms-peak>
    <ei-ms-peak>
      <ei-ms-id>700</ei-ms-id>
      <id>77557</id>
      <intensity>10.0</intensity>
      <mass-charge>103.0</mass-charge>
    </ei-ms-peak>
    <ei-ms-peak>
      <ei-ms-id>700</ei-ms-id>
      <id>77558</id>
      <intensity>20.0</intensity>
      <mass-charge>109.0</mass-charge>
    </ei-ms-peak>
    <ei-ms-peak>
      <ei-ms-id>700</ei-ms-id>
      <id>77559</id>
      <intensity>20.0</intensity>
      <mass-charge>110.0</mass-charge>
    </ei-ms-peak>
    <ei-ms-peak>
      <ei-ms-id>700</ei-ms-id>
      <id>77560</id>
      <intensity>10.0</intensity>
      <mass-charge>111.0</mass-charge>
    </ei-ms-peak>
    <ei-ms-peak>
      <ei-ms-id>700</ei-ms-id>
      <id>77561</id>
      <intensity>499.0</intensity>
      <mass-charge>113.0</mass-charge>
    </ei-ms-peak>
    <ei-ms-peak>
      <ei-ms-id>700</ei-ms-id>
      <id>77562</id>
      <intensity>30.0</intensity>
      <mass-charge>114.0</mass-charge>
    </ei-ms-peak>
    <ei-ms-peak>
      <ei-ms-id>700</ei-ms-id>
      <id>77563</id>
      <intensity>99.0</intensity>
      <mass-charge>127.0</mass-charge>
    </ei-ms-peak>
    <ei-ms-peak>
      <ei-ms-id>700</ei-ms-id>
      <id>77564</id>
      <intensity>1929.0</intensity>
      <mass-charge>128.0</mass-charge>
    </ei-ms-peak>
    <ei-ms-peak>
      <ei-ms-id>700</ei-ms-id>
      <id>77565</id>
      <intensity>479.0</intensity>
      <mass-charge>129.0</mass-charge>
    </ei-ms-peak>
    <ei-ms-peak>
      <ei-ms-id>700</ei-ms-id>
      <id>77566</id>
      <intensity>40.0</intensity>
      <mass-charge>130.0</mass-charge>
    </ei-ms-peak>
    <ei-ms-peak>
      <ei-ms-id>700</ei-ms-id>
      <id>77567</id>
      <intensity>10.0</intensity>
      <mass-charge>131.0</mass-charge>
    </ei-ms-peak>
  </ei-ms-peaks>
</ei-ms>
