<?xml version="1.0" encoding="UTF-8"?>
<ei-ms>
  <collection-date nil="true"/>
  <created-at>2014-09-20T16:25:42Z</created-at>
  <database-id>HMDB34462</database-id>
  <id>337</id>
  <inchi-key>ZTJORNVITHUQJA-UHFFFAOYSA-N</inchi-key>
  <instrument-type nil="true"/>
  <molecule-id nil="true"/>
  <notes nil="true"/>
  <peak-counter>62</peak-counter>
  <sample-assessment nil="true"/>
  <sample-concentration nil="true"/>
  <sample-concentration-units nil="true"/>
  <sample-mass nil="true"/>
  <sample-mass-units nil="true"/>
  <sample-source nil="true"/>
  <solvent nil="true"/>
  <spectra-assessment nil="true"/>
  <updated-at>2014-09-20T16:25:42Z</updated-at>
  <references>
    <reference>
      <database>NIST</database>
      <database-id>1085-12-7</database-id>
      <id>15209</id>
      <pubmed-id nil="true"/>
      <ref-text>NIST Mass Spec Data Center, S.E. Stein, director, "Mass Spectra" in NIST Chemistry WebBook, NIST Standard Reference Database Number 69, Eds. P.J. Linstrom and W.G. Mallard, National Institute of Standards and Technology, Gaithersburg MD, 20899, http://webbook.nist.gov, (retrieved September 6, 2014).</ref-text>
      <spectra-id>337</spectra-id>
      <spectra-type>EiMs</spectra-type>
    </reference>
  </references>
  <ei-ms-peaks>
    <ei-ms-peak>
      <ei-ms-id>337</ei-ms-id>
      <id>37928</id>
      <intensity>43.0</intensity>
      <mass-charge>26.0</mass-charge>
    </ei-ms-peak>
    <ei-ms-peak>
      <ei-ms-id>337</ei-ms-id>
      <id>37929</id>
      <intensity>447.0</intensity>
      <mass-charge>27.0</mass-charge>
    </ei-ms-peak>
    <ei-ms-peak>
      <ei-ms-id>337</ei-ms-id>
      <id>37930</id>
      <intensity>165.0</intensity>
      <mass-charge>28.0</mass-charge>
    </ei-ms-peak>
    <ei-ms-peak>
      <ei-ms-id>337</ei-ms-id>
      <id>37931</id>
      <intensity>749.0</intensity>
      <mass-charge>29.0</mass-charge>
    </ei-ms-peak>
    <ei-ms-peak>
      <ei-ms-id>337</ei-ms-id>
      <id>37932</id>
      <intensity>24.0</intensity>
      <mass-charge>30.0</mass-charge>
    </ei-ms-peak>
    <ei-ms-peak>
      <ei-ms-id>337</ei-ms-id>
      <id>37933</id>
      <intensity>20.0</intensity>
      <mass-charge>31.0</mass-charge>
    </ei-ms-peak>
    <ei-ms-peak>
      <ei-ms-id>337</ei-ms-id>
      <id>37934</id>
      <intensity>2.0</intensity>
      <mass-charge>32.0</mass-charge>
    </ei-ms-peak>
    <ei-ms-peak>
      <ei-ms-id>337</ei-ms-id>
      <id>37935</id>
      <intensity>22.0</intensity>
      <mass-charge>37.0</mass-charge>
    </ei-ms-peak>
    <ei-ms-peak>
      <ei-ms-id>337</ei-ms-id>
      <id>37936</id>
      <intensity>104.0</intensity>
      <mass-charge>38.0</mass-charge>
    </ei-ms-peak>
    <ei-ms-peak>
      <ei-ms-id>337</ei-ms-id>
      <id>37937</id>
      <intensity>981.0</intensity>
      <mass-charge>39.0</mass-charge>
    </ei-ms-peak>
    <ei-ms-peak>
      <ei-ms-id>337</ei-ms-id>
      <id>37938</id>
      <intensity>112.0</intensity>
      <mass-charge>40.0</mass-charge>
    </ei-ms-peak>
    <ei-ms-peak>
      <ei-ms-id>337</ei-ms-id>
      <id>37939</id>
      <intensity>1142.0</intensity>
      <mass-charge>41.0</mass-charge>
    </ei-ms-peak>
    <ei-ms-peak>
      <ei-ms-id>337</ei-ms-id>
      <id>37940</id>
      <intensity>312.0</intensity>
      <mass-charge>42.0</mass-charge>
    </ei-ms-peak>
    <ei-ms-peak>
      <ei-ms-id>337</ei-ms-id>
      <id>37941</id>
      <intensity>507.0</intensity>
      <mass-charge>43.0</mass-charge>
    </ei-ms-peak>
    <ei-ms-peak>
      <ei-ms-id>337</ei-ms-id>
      <id>37942</id>
      <intensity>41.0</intensity>
      <mass-charge>44.0</mass-charge>
    </ei-ms-peak>
    <ei-ms-peak>
      <ei-ms-id>337</ei-ms-id>
      <id>37943</id>
      <intensity>48.0</intensity>
      <mass-charge>50.0</mass-charge>
    </ei-ms-peak>
    <ei-ms-peak>
      <ei-ms-id>337</ei-ms-id>
      <id>37944</id>
      <intensity>47.0</intensity>
      <mass-charge>51.0</mass-charge>
    </ei-ms-peak>
    <ei-ms-peak>
      <ei-ms-id>337</ei-ms-id>
      <id>37945</id>
      <intensity>23.0</intensity>
      <mass-charge>52.0</mass-charge>
    </ei-ms-peak>
    <ei-ms-peak>
      <ei-ms-id>337</ei-ms-id>
      <id>37946</id>
      <intensity>218.0</intensity>
      <mass-charge>53.0</mass-charge>
    </ei-ms-peak>
    <ei-ms-peak>
      <ei-ms-id>337</ei-ms-id>
      <id>37947</id>
      <intensity>88.0</intensity>
      <mass-charge>54.0</mass-charge>
    </ei-ms-peak>
    <ei-ms-peak>
      <ei-ms-id>337</ei-ms-id>
      <id>37948</id>
      <intensity>730.0</intensity>
      <mass-charge>55.0</mass-charge>
    </ei-ms-peak>
    <ei-ms-peak>
      <ei-ms-id>337</ei-ms-id>
      <id>37949</id>
      <intensity>471.0</intensity>
      <mass-charge>56.0</mass-charge>
    </ei-ms-peak>
    <ei-ms-peak>
      <ei-ms-id>337</ei-ms-id>
      <id>37950</id>
      <intensity>256.0</intensity>
      <mass-charge>57.0</mass-charge>
    </ei-ms-peak>
    <ei-ms-peak>
      <ei-ms-id>337</ei-ms-id>
      <id>37951</id>
      <intensity>13.0</intensity>
      <mass-charge>58.0</mass-charge>
    </ei-ms-peak>
    <ei-ms-peak>
      <ei-ms-id>337</ei-ms-id>
      <id>37952</id>
      <intensity>56.0</intensity>
      <mass-charge>62.0</mass-charge>
    </ei-ms-peak>
    <ei-ms-peak>
      <ei-ms-id>337</ei-ms-id>
      <id>37953</id>
      <intensity>232.0</intensity>
      <mass-charge>63.0</mass-charge>
    </ei-ms-peak>
    <ei-ms-peak>
      <ei-ms-id>337</ei-ms-id>
      <id>37954</id>
      <intensity>250.0</intensity>
      <mass-charge>64.0</mass-charge>
    </ei-ms-peak>
    <ei-ms-peak>
      <ei-ms-id>337</ei-ms-id>
      <id>37955</id>
      <intensity>1438.0</intensity>
      <mass-charge>65.0</mass-charge>
    </ei-ms-peak>
    <ei-ms-peak>
      <ei-ms-id>337</ei-ms-id>
      <id>37956</id>
      <intensity>152.0</intensity>
      <mass-charge>66.0</mass-charge>
    </ei-ms-peak>
    <ei-ms-peak>
      <ei-ms-id>337</ei-ms-id>
      <id>37957</id>
      <intensity>81.0</intensity>
      <mass-charge>67.0</mass-charge>
    </ei-ms-peak>
    <ei-ms-peak>
      <ei-ms-id>337</ei-ms-id>
      <id>37958</id>
      <intensity>95.0</intensity>
      <mass-charge>68.0</mass-charge>
    </ei-ms-peak>
    <ei-ms-peak>
      <ei-ms-id>337</ei-ms-id>
      <id>37959</id>
      <intensity>347.0</intensity>
      <mass-charge>69.0</mass-charge>
    </ei-ms-peak>
    <ei-ms-peak>
      <ei-ms-id>337</ei-ms-id>
      <id>37960</id>
      <intensity>434.0</intensity>
      <mass-charge>70.0</mass-charge>
    </ei-ms-peak>
    <ei-ms-peak>
      <ei-ms-id>337</ei-ms-id>
      <id>37961</id>
      <intensity>28.0</intensity>
      <mass-charge>71.0</mass-charge>
    </ei-ms-peak>
    <ei-ms-peak>
      <ei-ms-id>337</ei-ms-id>
      <id>37962</id>
      <intensity>25.0</intensity>
      <mass-charge>74.0</mass-charge>
    </ei-ms-peak>
    <ei-ms-peak>
      <ei-ms-id>337</ei-ms-id>
      <id>37963</id>
      <intensity>24.0</intensity>
      <mass-charge>75.0</mass-charge>
    </ei-ms-peak>
    <ei-ms-peak>
      <ei-ms-id>337</ei-ms-id>
      <id>37964</id>
      <intensity>17.0</intensity>
      <mass-charge>76.0</mass-charge>
    </ei-ms-peak>
    <ei-ms-peak>
      <ei-ms-id>337</ei-ms-id>
      <id>37965</id>
      <intensity>75.0</intensity>
      <mass-charge>77.0</mass-charge>
    </ei-ms-peak>
    <ei-ms-peak>
      <ei-ms-id>337</ei-ms-id>
      <id>37966</id>
      <intensity>17.0</intensity>
      <mass-charge>79.0</mass-charge>
    </ei-ms-peak>
    <ei-ms-peak>
      <ei-ms-id>337</ei-ms-id>
      <id>37967</id>
      <intensity>69.0</intensity>
      <mass-charge>81.0</mass-charge>
    </ei-ms-peak>
    <ei-ms-peak>
      <ei-ms-id>337</ei-ms-id>
      <id>37968</id>
      <intensity>52.0</intensity>
      <mass-charge>83.0</mass-charge>
    </ei-ms-peak>
    <ei-ms-peak>
      <ei-ms-id>337</ei-ms-id>
      <id>37969</id>
      <intensity>299.0</intensity>
      <mass-charge>92.0</mass-charge>
    </ei-ms-peak>
    <ei-ms-peak>
      <ei-ms-id>337</ei-ms-id>
      <id>37970</id>
      <intensity>1245.0</intensity>
      <mass-charge>93.0</mass-charge>
    </ei-ms-peak>
    <ei-ms-peak>
      <ei-ms-id>337</ei-ms-id>
      <id>37971</id>
      <intensity>157.0</intensity>
      <mass-charge>94.0</mass-charge>
    </ei-ms-peak>
    <ei-ms-peak>
      <ei-ms-id>337</ei-ms-id>
      <id>37972</id>
      <intensity>324.0</intensity>
      <mass-charge>95.0</mass-charge>
    </ei-ms-peak>
    <ei-ms-peak>
      <ei-ms-id>337</ei-ms-id>
      <id>37973</id>
      <intensity>25.0</intensity>
      <mass-charge>96.0</mass-charge>
    </ei-ms-peak>
    <ei-ms-peak>
      <ei-ms-id>337</ei-ms-id>
      <id>37974</id>
      <intensity>27.0</intensity>
      <mass-charge>97.0</mass-charge>
    </ei-ms-peak>
    <ei-ms-peak>
      <ei-ms-id>337</ei-ms-id>
      <id>37975</id>
      <intensity>100.0</intensity>
      <mass-charge>98.0</mass-charge>
    </ei-ms-peak>
    <ei-ms-peak>
      <ei-ms-id>337</ei-ms-id>
      <id>37976</id>
      <intensity>31.0</intensity>
      <mass-charge>109.0</mass-charge>
    </ei-ms-peak>
    <ei-ms-peak>
      <ei-ms-id>337</ei-ms-id>
      <id>37977</id>
      <intensity>19.0</intensity>
      <mass-charge>110.0</mass-charge>
    </ei-ms-peak>
    <ei-ms-peak>
      <ei-ms-id>337</ei-ms-id>
      <id>37978</id>
      <intensity>6991.0</intensity>
      <mass-charge>121.0</mass-charge>
    </ei-ms-peak>
    <ei-ms-peak>
      <ei-ms-id>337</ei-ms-id>
      <id>37979</id>
      <intensity>638.0</intensity>
      <mass-charge>122.0</mass-charge>
    </ei-ms-peak>
    <ei-ms-peak>
      <ei-ms-id>337</ei-ms-id>
      <id>37980</id>
      <intensity>70.0</intensity>
      <mass-charge>123.0</mass-charge>
    </ei-ms-peak>
    <ei-ms-peak>
      <ei-ms-id>337</ei-ms-id>
      <id>37981</id>
      <intensity>9999.0</intensity>
      <mass-charge>138.0</mass-charge>
    </ei-ms-peak>
    <ei-ms-peak>
      <ei-ms-id>337</ei-ms-id>
      <id>37982</id>
      <intensity>3223.0</intensity>
      <mass-charge>139.0</mass-charge>
    </ei-ms-peak>
    <ei-ms-peak>
      <ei-ms-id>337</ei-ms-id>
      <id>37983</id>
      <intensity>290.0</intensity>
      <mass-charge>140.0</mass-charge>
    </ei-ms-peak>
    <ei-ms-peak>
      <ei-ms-id>337</ei-ms-id>
      <id>37984</id>
      <intensity>31.0</intensity>
      <mass-charge>141.0</mass-charge>
    </ei-ms-peak>
    <ei-ms-peak>
      <ei-ms-id>337</ei-ms-id>
      <id>37985</id>
      <intensity>54.0</intensity>
      <mass-charge>151.0</mass-charge>
    </ei-ms-peak>
    <ei-ms-peak>
      <ei-ms-id>337</ei-ms-id>
      <id>37986</id>
      <intensity>15.0</intensity>
      <mass-charge>152.0</mass-charge>
    </ei-ms-peak>
    <ei-ms-peak>
      <ei-ms-id>337</ei-ms-id>
      <id>37987</id>
      <intensity>28.0</intensity>
      <mass-charge>219.0</mass-charge>
    </ei-ms-peak>
    <ei-ms-peak>
      <ei-ms-id>337</ei-ms-id>
      <id>37988</id>
      <intensity>339.0</intensity>
      <mass-charge>236.0</mass-charge>
    </ei-ms-peak>
    <ei-ms-peak>
      <ei-ms-id>337</ei-ms-id>
      <id>37989</id>
      <intensity>58.0</intensity>
      <mass-charge>237.0</mass-charge>
    </ei-ms-peak>
  </ei-ms-peaks>
</ei-ms>
