<?xml version="1.0" encoding="UTF-8"?>
<ei-ms>
  <collection-date nil="true"/>
  <created-at>2014-09-20T16:43:06Z</created-at>
  <database-id>HMDB02003</database-id>
  <id>1063</id>
  <inchi-key>QZZGJDVWLFXDLK-UHFFFAOYSA-N</inchi-key>
  <instrument-type nil="true"/>
  <molecule-id nil="true"/>
  <notes nil="true"/>
  <peak-counter>253</peak-counter>
  <sample-assessment nil="true"/>
  <sample-concentration nil="true"/>
  <sample-concentration-units nil="true"/>
  <sample-mass nil="true"/>
  <sample-mass-units nil="true"/>
  <sample-source nil="true"/>
  <solvent nil="true"/>
  <spectra-assessment nil="true"/>
  <updated-at>2014-09-20T16:43:06Z</updated-at>
  <references>
    <reference>
      <database>NIST</database>
      <database-id>557-59-5</database-id>
      <id>15935</id>
      <pubmed-id nil="true"/>
      <ref-text>NIST Mass Spec Data Center, S.E. Stein, director, "Mass Spectra" in NIST Chemistry WebBook, NIST Standard Reference Database Number 69, Eds. P.J. Linstrom and W.G. Mallard, National Institute of Standards and Technology, Gaithersburg MD, 20899, http://webbook.nist.gov, (retrieved September 6, 2014).</ref-text>
      <spectra-id>1063</spectra-id>
      <spectra-type>EiMs</spectra-type>
    </reference>
  </references>
  <ei-ms-peaks>
    <ei-ms-peak>
      <ei-ms-id>1063</ei-ms-id>
      <id>115073</id>
      <intensity>20.0</intensity>
      <mass-charge>15.0</mass-charge>
    </ei-ms-peak>
    <ei-ms-peak>
      <ei-ms-id>1063</ei-ms-id>
      <id>115074</id>
      <intensity>10.0</intensity>
      <mass-charge>16.0</mass-charge>
    </ei-ms-peak>
    <ei-ms-peak>
      <ei-ms-id>1063</ei-ms-id>
      <id>115075</id>
      <intensity>70.0</intensity>
      <mass-charge>17.0</mass-charge>
    </ei-ms-peak>
    <ei-ms-peak>
      <ei-ms-id>1063</ei-ms-id>
      <id>115076</id>
      <intensity>269.0</intensity>
      <mass-charge>18.0</mass-charge>
    </ei-ms-peak>
    <ei-ms-peak>
      <ei-ms-id>1063</ei-ms-id>
      <id>115077</id>
      <intensity>40.0</intensity>
      <mass-charge>26.0</mass-charge>
    </ei-ms-peak>
    <ei-ms-peak>
      <ei-ms-id>1063</ei-ms-id>
      <id>115078</id>
      <intensity>739.0</intensity>
      <mass-charge>27.0</mass-charge>
    </ei-ms-peak>
    <ei-ms-peak>
      <ei-ms-id>1063</ei-ms-id>
      <id>115079</id>
      <intensity>249.0</intensity>
      <mass-charge>28.0</mass-charge>
    </ei-ms-peak>
    <ei-ms-peak>
      <ei-ms-id>1063</ei-ms-id>
      <id>115080</id>
      <intensity>2309.0</intensity>
      <mass-charge>29.0</mass-charge>
    </ei-ms-peak>
    <ei-ms-peak>
      <ei-ms-id>1063</ei-ms-id>
      <id>115081</id>
      <intensity>60.0</intensity>
      <mass-charge>30.0</mass-charge>
    </ei-ms-peak>
    <ei-ms-peak>
      <ei-ms-id>1063</ei-ms-id>
      <id>115082</id>
      <intensity>60.0</intensity>
      <mass-charge>31.0</mass-charge>
    </ei-ms-peak>
    <ei-ms-peak>
      <ei-ms-id>1063</ei-ms-id>
      <id>115083</id>
      <intensity>10.0</intensity>
      <mass-charge>38.0</mass-charge>
    </ei-ms-peak>
    <ei-ms-peak>
      <ei-ms-id>1063</ei-ms-id>
      <id>115084</id>
      <intensity>519.0</intensity>
      <mass-charge>39.0</mass-charge>
    </ei-ms-peak>
    <ei-ms-peak>
      <ei-ms-id>1063</ei-ms-id>
      <id>115085</id>
      <intensity>109.0</intensity>
      <mass-charge>40.0</mass-charge>
    </ei-ms-peak>
    <ei-ms-peak>
      <ei-ms-id>1063</ei-ms-id>
      <id>115086</id>
      <intensity>5069.0</intensity>
      <mass-charge>41.0</mass-charge>
    </ei-ms-peak>
    <ei-ms-peak>
      <ei-ms-id>1063</ei-ms-id>
      <id>115087</id>
      <intensity>1099.0</intensity>
      <mass-charge>42.0</mass-charge>
    </ei-ms-peak>
    <ei-ms-peak>
      <ei-ms-id>1063</ei-ms-id>
      <id>115088</id>
      <intensity>9999.0</intensity>
      <mass-charge>43.0</mass-charge>
    </ei-ms-peak>
    <ei-ms-peak>
      <ei-ms-id>1063</ei-ms-id>
      <id>115089</id>
      <intensity>329.0</intensity>
      <mass-charge>44.0</mass-charge>
    </ei-ms-peak>
    <ei-ms-peak>
      <ei-ms-id>1063</ei-ms-id>
      <id>115090</id>
      <intensity>309.0</intensity>
      <mass-charge>45.0</mass-charge>
    </ei-ms-peak>
    <ei-ms-peak>
      <ei-ms-id>1063</ei-ms-id>
      <id>115091</id>
      <intensity>10.0</intensity>
      <mass-charge>46.0</mass-charge>
    </ei-ms-peak>
    <ei-ms-peak>
      <ei-ms-id>1063</ei-ms-id>
      <id>115092</id>
      <intensity>10.0</intensity>
      <mass-charge>47.0</mass-charge>
    </ei-ms-peak>
    <ei-ms-peak>
      <ei-ms-id>1063</ei-ms-id>
      <id>115093</id>
      <intensity>10.0</intensity>
      <mass-charge>50.0</mass-charge>
    </ei-ms-peak>
    <ei-ms-peak>
      <ei-ms-id>1063</ei-ms-id>
      <id>115094</id>
      <intensity>20.0</intensity>
      <mass-charge>51.0</mass-charge>
    </ei-ms-peak>
    <ei-ms-peak>
      <ei-ms-id>1063</ei-ms-id>
      <id>115095</id>
      <intensity>20.0</intensity>
      <mass-charge>52.0</mass-charge>
    </ei-ms-peak>
    <ei-ms-peak>
      <ei-ms-id>1063</ei-ms-id>
      <id>115096</id>
      <intensity>249.0</intensity>
      <mass-charge>53.0</mass-charge>
    </ei-ms-peak>
    <ei-ms-peak>
      <ei-ms-id>1063</ei-ms-id>
      <id>115097</id>
      <intensity>489.0</intensity>
      <mass-charge>54.0</mass-charge>
    </ei-ms-peak>
    <ei-ms-peak>
      <ei-ms-id>1063</ei-ms-id>
      <id>115098</id>
      <intensity>5829.0</intensity>
      <mass-charge>55.0</mass-charge>
    </ei-ms-peak>
    <ei-ms-peak>
      <ei-ms-id>1063</ei-ms-id>
      <id>115099</id>
      <intensity>1879.0</intensity>
      <mass-charge>56.0</mass-charge>
    </ei-ms-peak>
    <ei-ms-peak>
      <ei-ms-id>1063</ei-ms-id>
      <id>115100</id>
      <intensity>9989.0</intensity>
      <mass-charge>57.0</mass-charge>
    </ei-ms-peak>
    <ei-ms-peak>
      <ei-ms-id>1063</ei-ms-id>
      <id>115101</id>
      <intensity>439.0</intensity>
      <mass-charge>58.0</mass-charge>
    </ei-ms-peak>
    <ei-ms-peak>
      <ei-ms-id>1063</ei-ms-id>
      <id>115102</id>
      <intensity>259.0</intensity>
      <mass-charge>59.0</mass-charge>
    </ei-ms-peak>
    <ei-ms-peak>
      <ei-ms-id>1063</ei-ms-id>
      <id>115103</id>
      <intensity>6139.0</intensity>
      <mass-charge>60.0</mass-charge>
    </ei-ms-peak>
    <ei-ms-peak>
      <ei-ms-id>1063</ei-ms-id>
      <id>115104</id>
      <intensity>3389.0</intensity>
      <mass-charge>61.0</mass-charge>
    </ei-ms-peak>
    <ei-ms-peak>
      <ei-ms-id>1063</ei-ms-id>
      <id>115105</id>
      <intensity>109.0</intensity>
      <mass-charge>62.0</mass-charge>
    </ei-ms-peak>
    <ei-ms-peak>
      <ei-ms-id>1063</ei-ms-id>
      <id>115106</id>
      <intensity>20.0</intensity>
      <mass-charge>63.0</mass-charge>
    </ei-ms-peak>
    <ei-ms-peak>
      <ei-ms-id>1063</ei-ms-id>
      <id>115107</id>
      <intensity>50.0</intensity>
      <mass-charge>65.0</mass-charge>
    </ei-ms-peak>
    <ei-ms-peak>
      <ei-ms-id>1063</ei-ms-id>
      <id>115108</id>
      <intensity>60.0</intensity>
      <mass-charge>66.0</mass-charge>
    </ei-ms-peak>
    <ei-ms-peak>
      <ei-ms-id>1063</ei-ms-id>
      <id>115109</id>
      <intensity>769.0</intensity>
      <mass-charge>67.0</mass-charge>
    </ei-ms-peak>
    <ei-ms-peak>
      <ei-ms-id>1063</ei-ms-id>
      <id>115110</id>
      <intensity>739.0</intensity>
      <mass-charge>68.0</mass-charge>
    </ei-ms-peak>
    <ei-ms-peak>
      <ei-ms-id>1063</ei-ms-id>
      <id>115111</id>
      <intensity>4169.0</intensity>
      <mass-charge>69.0</mass-charge>
    </ei-ms-peak>
    <ei-ms-peak>
      <ei-ms-id>1063</ei-ms-id>
      <id>115112</id>
      <intensity>1409.0</intensity>
      <mass-charge>70.0</mass-charge>
    </ei-ms-peak>
    <ei-ms-peak>
      <ei-ms-id>1063</ei-ms-id>
      <id>115113</id>
      <intensity>5569.0</intensity>
      <mass-charge>71.0</mass-charge>
    </ei-ms-peak>
    <ei-ms-peak>
      <ei-ms-id>1063</ei-ms-id>
      <id>115114</id>
      <intensity>309.0</intensity>
      <mass-charge>72.0</mass-charge>
    </ei-ms-peak>
    <ei-ms-peak>
      <ei-ms-id>1063</ei-ms-id>
      <id>115115</id>
      <intensity>7979.0</intensity>
      <mass-charge>73.0</mass-charge>
    </ei-ms-peak>
    <ei-ms-peak>
      <ei-ms-id>1063</ei-ms-id>
      <id>115116</id>
      <intensity>769.0</intensity>
      <mass-charge>74.0</mass-charge>
    </ei-ms-peak>
    <ei-ms-peak>
      <ei-ms-id>1063</ei-ms-id>
      <id>115117</id>
      <intensity>60.0</intensity>
      <mass-charge>75.0</mass-charge>
    </ei-ms-peak>
    <ei-ms-peak>
      <ei-ms-id>1063</ei-ms-id>
      <id>115118</id>
      <intensity>10.0</intensity>
      <mass-charge>76.0</mass-charge>
    </ei-ms-peak>
    <ei-ms-peak>
      <ei-ms-id>1063</ei-ms-id>
      <id>115119</id>
      <intensity>40.0</intensity>
      <mass-charge>77.0</mass-charge>
    </ei-ms-peak>
    <ei-ms-peak>
      <ei-ms-id>1063</ei-ms-id>
      <id>115120</id>
      <intensity>30.0</intensity>
      <mass-charge>78.0</mass-charge>
    </ei-ms-peak>
    <ei-ms-peak>
      <ei-ms-id>1063</ei-ms-id>
      <id>115121</id>
      <intensity>149.0</intensity>
      <mass-charge>79.0</mass-charge>
    </ei-ms-peak>
    <ei-ms-peak>
      <ei-ms-id>1063</ei-ms-id>
      <id>115122</id>
      <intensity>119.0</intensity>
      <mass-charge>80.0</mass-charge>
    </ei-ms-peak>
    <ei-ms-peak>
      <ei-ms-id>1063</ei-ms-id>
      <id>115123</id>
      <intensity>689.0</intensity>
      <mass-charge>81.0</mass-charge>
    </ei-ms-peak>
    <ei-ms-peak>
      <ei-ms-id>1063</ei-ms-id>
      <id>115124</id>
      <intensity>939.0</intensity>
      <mass-charge>82.0</mass-charge>
    </ei-ms-peak>
    <ei-ms-peak>
      <ei-ms-id>1063</ei-ms-id>
      <id>115125</id>
      <intensity>3309.0</intensity>
      <mass-charge>83.0</mass-charge>
    </ei-ms-peak>
    <ei-ms-peak>
      <ei-ms-id>1063</ei-ms-id>
      <id>115126</id>
      <intensity>1209.0</intensity>
      <mass-charge>84.0</mass-charge>
    </ei-ms-peak>
    <ei-ms-peak>
      <ei-ms-id>1063</ei-ms-id>
      <id>115127</id>
      <intensity>3499.0</intensity>
      <mass-charge>85.0</mass-charge>
    </ei-ms-peak>
    <ei-ms-peak>
      <ei-ms-id>1063</ei-ms-id>
      <id>115128</id>
      <intensity>249.0</intensity>
      <mass-charge>86.0</mass-charge>
    </ei-ms-peak>
    <ei-ms-peak>
      <ei-ms-id>1063</ei-ms-id>
      <id>115129</id>
      <intensity>1829.0</intensity>
      <mass-charge>87.0</mass-charge>
    </ei-ms-peak>
    <ei-ms-peak>
      <ei-ms-id>1063</ei-ms-id>
      <id>115130</id>
      <intensity>189.0</intensity>
      <mass-charge>88.0</mass-charge>
    </ei-ms-peak>
    <ei-ms-peak>
      <ei-ms-id>1063</ei-ms-id>
      <id>115131</id>
      <intensity>20.0</intensity>
      <mass-charge>89.0</mass-charge>
    </ei-ms-peak>
    <ei-ms-peak>
      <ei-ms-id>1063</ei-ms-id>
      <id>115132</id>
      <intensity>30.0</intensity>
      <mass-charge>91.0</mass-charge>
    </ei-ms-peak>
    <ei-ms-peak>
      <ei-ms-id>1063</ei-ms-id>
      <id>115133</id>
      <intensity>20.0</intensity>
      <mass-charge>92.0</mass-charge>
    </ei-ms-peak>
    <ei-ms-peak>
      <ei-ms-id>1063</ei-ms-id>
      <id>115134</id>
      <intensity>129.0</intensity>
      <mass-charge>93.0</mass-charge>
    </ei-ms-peak>
    <ei-ms-peak>
      <ei-ms-id>1063</ei-ms-id>
      <id>115135</id>
      <intensity>109.0</intensity>
      <mass-charge>94.0</mass-charge>
    </ei-ms-peak>
    <ei-ms-peak>
      <ei-ms-id>1063</ei-ms-id>
      <id>115136</id>
      <intensity>549.0</intensity>
      <mass-charge>95.0</mass-charge>
    </ei-ms-peak>
    <ei-ms-peak>
      <ei-ms-id>1063</ei-ms-id>
      <id>115137</id>
      <intensity>759.0</intensity>
      <mass-charge>96.0</mass-charge>
    </ei-ms-peak>
    <ei-ms-peak>
      <ei-ms-id>1063</ei-ms-id>
      <id>115138</id>
      <intensity>2949.0</intensity>
      <mass-charge>97.0</mass-charge>
    </ei-ms-peak>
    <ei-ms-peak>
      <ei-ms-id>1063</ei-ms-id>
      <id>115139</id>
      <intensity>1749.0</intensity>
      <mass-charge>98.0</mass-charge>
    </ei-ms-peak>
    <ei-ms-peak>
      <ei-ms-id>1063</ei-ms-id>
      <id>115140</id>
      <intensity>1179.0</intensity>
      <mass-charge>99.0</mass-charge>
    </ei-ms-peak>
    <ei-ms-peak>
      <ei-ms-id>1063</ei-ms-id>
      <id>115141</id>
      <intensity>109.0</intensity>
      <mass-charge>100.0</mass-charge>
    </ei-ms-peak>
    <ei-ms-peak>
      <ei-ms-id>1063</ei-ms-id>
      <id>115142</id>
      <intensity>839.0</intensity>
      <mass-charge>101.0</mass-charge>
    </ei-ms-peak>
    <ei-ms-peak>
      <ei-ms-id>1063</ei-ms-id>
      <id>115143</id>
      <intensity>339.0</intensity>
      <mass-charge>102.0</mass-charge>
    </ei-ms-peak>
    <ei-ms-peak>
      <ei-ms-id>1063</ei-ms-id>
      <id>115144</id>
      <intensity>30.0</intensity>
      <mass-charge>103.0</mass-charge>
    </ei-ms-peak>
    <ei-ms-peak>
      <ei-ms-id>1063</ei-ms-id>
      <id>115145</id>
      <intensity>20.0</intensity>
      <mass-charge>105.0</mass-charge>
    </ei-ms-peak>
    <ei-ms-peak>
      <ei-ms-id>1063</ei-ms-id>
      <id>115146</id>
      <intensity>10.0</intensity>
      <mass-charge>106.0</mass-charge>
    </ei-ms-peak>
    <ei-ms-peak>
      <ei-ms-id>1063</ei-ms-id>
      <id>115147</id>
      <intensity>119.0</intensity>
      <mass-charge>107.0</mass-charge>
    </ei-ms-peak>
    <ei-ms-peak>
      <ei-ms-id>1063</ei-ms-id>
      <id>115148</id>
      <intensity>70.0</intensity>
      <mass-charge>108.0</mass-charge>
    </ei-ms-peak>
    <ei-ms-peak>
      <ei-ms-id>1063</ei-ms-id>
      <id>115149</id>
      <intensity>329.0</intensity>
      <mass-charge>109.0</mass-charge>
    </ei-ms-peak>
    <ei-ms-peak>
      <ei-ms-id>1063</ei-ms-id>
      <id>115150</id>
      <intensity>369.0</intensity>
      <mass-charge>110.0</mass-charge>
    </ei-ms-peak>
    <ei-ms-peak>
      <ei-ms-id>1063</ei-ms-id>
      <id>115151</id>
      <intensity>1589.0</intensity>
      <mass-charge>111.0</mass-charge>
    </ei-ms-peak>
    <ei-ms-peak>
      <ei-ms-id>1063</ei-ms-id>
      <id>115152</id>
      <intensity>579.0</intensity>
      <mass-charge>112.0</mass-charge>
    </ei-ms-peak>
    <ei-ms-peak>
      <ei-ms-id>1063</ei-ms-id>
      <id>115153</id>
      <intensity>799.0</intensity>
      <mass-charge>113.0</mass-charge>
    </ei-ms-peak>
    <ei-ms-peak>
      <ei-ms-id>1063</ei-ms-id>
      <id>115154</id>
      <intensity>99.0</intensity>
      <mass-charge>114.0</mass-charge>
    </ei-ms-peak>
    <ei-ms-peak>
      <ei-ms-id>1063</ei-ms-id>
      <id>115155</id>
      <intensity>1369.0</intensity>
      <mass-charge>115.0</mass-charge>
    </ei-ms-peak>
    <ei-ms-peak>
      <ei-ms-id>1063</ei-ms-id>
      <id>115156</id>
      <intensity>1189.0</intensity>
      <mass-charge>116.0</mass-charge>
    </ei-ms-peak>
    <ei-ms-peak>
      <ei-ms-id>1063</ei-ms-id>
      <id>115157</id>
      <intensity>90.0</intensity>
      <mass-charge>117.0</mass-charge>
    </ei-ms-peak>
    <ei-ms-peak>
      <ei-ms-id>1063</ei-ms-id>
      <id>115158</id>
      <intensity>20.0</intensity>
      <mass-charge>118.0</mass-charge>
    </ei-ms-peak>
    <ei-ms-peak>
      <ei-ms-id>1063</ei-ms-id>
      <id>115159</id>
      <intensity>20.0</intensity>
      <mass-charge>119.0</mass-charge>
    </ei-ms-peak>
    <ei-ms-peak>
      <ei-ms-id>1063</ei-ms-id>
      <id>115160</id>
      <intensity>10.0</intensity>
      <mass-charge>120.0</mass-charge>
    </ei-ms-peak>
    <ei-ms-peak>
      <ei-ms-id>1063</ei-ms-id>
      <id>115161</id>
      <intensity>209.0</intensity>
      <mass-charge>121.0</mass-charge>
    </ei-ms-peak>
    <ei-ms-peak>
      <ei-ms-id>1063</ei-ms-id>
      <id>115162</id>
      <intensity>60.0</intensity>
      <mass-charge>122.0</mass-charge>
    </ei-ms-peak>
    <ei-ms-peak>
      <ei-ms-id>1063</ei-ms-id>
      <id>115163</id>
      <intensity>199.0</intensity>
      <mass-charge>123.0</mass-charge>
    </ei-ms-peak>
    <ei-ms-peak>
      <ei-ms-id>1063</ei-ms-id>
      <id>115164</id>
      <intensity>249.0</intensity>
      <mass-charge>124.0</mass-charge>
    </ei-ms-peak>
    <ei-ms-peak>
      <ei-ms-id>1063</ei-ms-id>
      <id>115165</id>
      <intensity>969.0</intensity>
      <mass-charge>125.0</mass-charge>
    </ei-ms-peak>
    <ei-ms-peak>
      <ei-ms-id>1063</ei-ms-id>
      <id>115166</id>
      <intensity>329.0</intensity>
      <mass-charge>126.0</mass-charge>
    </ei-ms-peak>
    <ei-ms-peak>
      <ei-ms-id>1063</ei-ms-id>
      <id>115167</id>
      <intensity>569.0</intensity>
      <mass-charge>127.0</mass-charge>
    </ei-ms-peak>
    <ei-ms-peak>
      <ei-ms-id>1063</ei-ms-id>
      <id>115168</id>
      <intensity>70.0</intensity>
      <mass-charge>128.0</mass-charge>
    </ei-ms-peak>
    <ei-ms-peak>
      <ei-ms-id>1063</ei-ms-id>
      <id>115169</id>
      <intensity>5079.0</intensity>
      <mass-charge>129.0</mass-charge>
    </ei-ms-peak>
    <ei-ms-peak>
      <ei-ms-id>1063</ei-ms-id>
      <id>115170</id>
      <intensity>549.0</intensity>
      <mass-charge>130.0</mass-charge>
    </ei-ms-peak>
    <ei-ms-peak>
      <ei-ms-id>1063</ei-ms-id>
      <id>115171</id>
      <intensity>50.0</intensity>
      <mass-charge>131.0</mass-charge>
    </ei-ms-peak>
    <ei-ms-peak>
      <ei-ms-id>1063</ei-ms-id>
      <id>115172</id>
      <intensity>10.0</intensity>
      <mass-charge>133.0</mass-charge>
    </ei-ms-peak>
    <ei-ms-peak>
      <ei-ms-id>1063</ei-ms-id>
      <id>115173</id>
      <intensity>10.0</intensity>
      <mass-charge>134.0</mass-charge>
    </ei-ms-peak>
    <ei-ms-peak>
      <ei-ms-id>1063</ei-ms-id>
      <id>115174</id>
      <intensity>199.0</intensity>
      <mass-charge>135.0</mass-charge>
    </ei-ms-peak>
    <ei-ms-peak>
      <ei-ms-id>1063</ei-ms-id>
      <id>115175</id>
      <intensity>60.0</intensity>
      <mass-charge>136.0</mass-charge>
    </ei-ms-peak>
    <ei-ms-peak>
      <ei-ms-id>1063</ei-ms-id>
      <id>115176</id>
      <intensity>109.0</intensity>
      <mass-charge>137.0</mass-charge>
    </ei-ms-peak>
    <ei-ms-peak>
      <ei-ms-id>1063</ei-ms-id>
      <id>115177</id>
      <intensity>179.0</intensity>
      <mass-charge>138.0</mass-charge>
    </ei-ms-peak>
    <ei-ms-peak>
      <ei-ms-id>1063</ei-ms-id>
      <id>115178</id>
      <intensity>569.0</intensity>
      <mass-charge>139.0</mass-charge>
    </ei-ms-peak>
    <ei-ms-peak>
      <ei-ms-id>1063</ei-ms-id>
      <id>115179</id>
      <intensity>249.0</intensity>
      <mass-charge>140.0</mass-charge>
    </ei-ms-peak>
    <ei-ms-peak>
      <ei-ms-id>1063</ei-ms-id>
      <id>115180</id>
      <intensity>429.0</intensity>
      <mass-charge>141.0</mass-charge>
    </ei-ms-peak>
    <ei-ms-peak>
      <ei-ms-id>1063</ei-ms-id>
      <id>115181</id>
      <intensity>60.0</intensity>
      <mass-charge>142.0</mass-charge>
    </ei-ms-peak>
    <ei-ms-peak>
      <ei-ms-id>1063</ei-ms-id>
      <id>115182</id>
      <intensity>519.0</intensity>
      <mass-charge>143.0</mass-charge>
    </ei-ms-peak>
    <ei-ms-peak>
      <ei-ms-id>1063</ei-ms-id>
      <id>115183</id>
      <intensity>109.0</intensity>
      <mass-charge>144.0</mass-charge>
    </ei-ms-peak>
    <ei-ms-peak>
      <ei-ms-id>1063</ei-ms-id>
      <id>115184</id>
      <intensity>10.0</intensity>
      <mass-charge>145.0</mass-charge>
    </ei-ms-peak>
    <ei-ms-peak>
      <ei-ms-id>1063</ei-ms-id>
      <id>115185</id>
      <intensity>10.0</intensity>
      <mass-charge>147.0</mass-charge>
    </ei-ms-peak>
    <ei-ms-peak>
      <ei-ms-id>1063</ei-ms-id>
      <id>115186</id>
      <intensity>139.0</intensity>
      <mass-charge>149.0</mass-charge>
    </ei-ms-peak>
    <ei-ms-peak>
      <ei-ms-id>1063</ei-ms-id>
      <id>115187</id>
      <intensity>40.0</intensity>
      <mass-charge>150.0</mass-charge>
    </ei-ms-peak>
    <ei-ms-peak>
      <ei-ms-id>1063</ei-ms-id>
      <id>115188</id>
      <intensity>50.0</intensity>
      <mass-charge>151.0</mass-charge>
    </ei-ms-peak>
    <ei-ms-peak>
      <ei-ms-id>1063</ei-ms-id>
      <id>115189</id>
      <intensity>119.0</intensity>
      <mass-charge>152.0</mass-charge>
    </ei-ms-peak>
    <ei-ms-peak>
      <ei-ms-id>1063</ei-ms-id>
      <id>115190</id>
      <intensity>349.0</intensity>
      <mass-charge>153.0</mass-charge>
    </ei-ms-peak>
    <ei-ms-peak>
      <ei-ms-id>1063</ei-ms-id>
      <id>115191</id>
      <intensity>199.0</intensity>
      <mass-charge>154.0</mass-charge>
    </ei-ms-peak>
    <ei-ms-peak>
      <ei-ms-id>1063</ei-ms-id>
      <id>115192</id>
      <intensity>319.0</intensity>
      <mass-charge>155.0</mass-charge>
    </ei-ms-peak>
    <ei-ms-peak>
      <ei-ms-id>1063</ei-ms-id>
      <id>115193</id>
      <intensity>50.0</intensity>
      <mass-charge>156.0</mass-charge>
    </ei-ms-peak>
    <ei-ms-peak>
      <ei-ms-id>1063</ei-ms-id>
      <id>115194</id>
      <intensity>349.0</intensity>
      <mass-charge>157.0</mass-charge>
    </ei-ms-peak>
    <ei-ms-peak>
      <ei-ms-id>1063</ei-ms-id>
      <id>115195</id>
      <intensity>179.0</intensity>
      <mass-charge>158.0</mass-charge>
    </ei-ms-peak>
    <ei-ms-peak>
      <ei-ms-id>1063</ei-ms-id>
      <id>115196</id>
      <intensity>20.0</intensity>
      <mass-charge>159.0</mass-charge>
    </ei-ms-peak>
    <ei-ms-peak>
      <ei-ms-id>1063</ei-ms-id>
      <id>115197</id>
      <intensity>10.0</intensity>
      <mass-charge>161.0</mass-charge>
    </ei-ms-peak>
    <ei-ms-peak>
      <ei-ms-id>1063</ei-ms-id>
      <id>115198</id>
      <intensity>90.0</intensity>
      <mass-charge>163.0</mass-charge>
    </ei-ms-peak>
    <ei-ms-peak>
      <ei-ms-id>1063</ei-ms-id>
      <id>115199</id>
      <intensity>30.0</intensity>
      <mass-charge>164.0</mass-charge>
    </ei-ms-peak>
    <ei-ms-peak>
      <ei-ms-id>1063</ei-ms-id>
      <id>115200</id>
      <intensity>30.0</intensity>
      <mass-charge>165.0</mass-charge>
    </ei-ms-peak>
    <ei-ms-peak>
      <ei-ms-id>1063</ei-ms-id>
      <id>115201</id>
      <intensity>99.0</intensity>
      <mass-charge>166.0</mass-charge>
    </ei-ms-peak>
    <ei-ms-peak>
      <ei-ms-id>1063</ei-ms-id>
      <id>115202</id>
      <intensity>249.0</intensity>
      <mass-charge>167.0</mass-charge>
    </ei-ms-peak>
    <ei-ms-peak>
      <ei-ms-id>1063</ei-ms-id>
      <id>115203</id>
      <intensity>159.0</intensity>
      <mass-charge>168.0</mass-charge>
    </ei-ms-peak>
    <ei-ms-peak>
      <ei-ms-id>1063</ei-ms-id>
      <id>115204</id>
      <intensity>259.0</intensity>
      <mass-charge>169.0</mass-charge>
    </ei-ms-peak>
    <ei-ms-peak>
      <ei-ms-id>1063</ei-ms-id>
      <id>115205</id>
      <intensity>40.0</intensity>
      <mass-charge>170.0</mass-charge>
    </ei-ms-peak>
    <ei-ms-peak>
      <ei-ms-id>1063</ei-ms-id>
      <id>115206</id>
      <intensity>859.0</intensity>
      <mass-charge>171.0</mass-charge>
    </ei-ms-peak>
    <ei-ms-peak>
      <ei-ms-id>1063</ei-ms-id>
      <id>115207</id>
      <intensity>299.0</intensity>
      <mass-charge>172.0</mass-charge>
    </ei-ms-peak>
    <ei-ms-peak>
      <ei-ms-id>1063</ei-ms-id>
      <id>115208</id>
      <intensity>30.0</intensity>
      <mass-charge>173.0</mass-charge>
    </ei-ms-peak>
    <ei-ms-peak>
      <ei-ms-id>1063</ei-ms-id>
      <id>115209</id>
      <intensity>20.0</intensity>
      <mass-charge>174.0</mass-charge>
    </ei-ms-peak>
    <ei-ms-peak>
      <ei-ms-id>1063</ei-ms-id>
      <id>115210</id>
      <intensity>20.0</intensity>
      <mass-charge>175.0</mass-charge>
    </ei-ms-peak>
    <ei-ms-peak>
      <ei-ms-id>1063</ei-ms-id>
      <id>115211</id>
      <intensity>90.0</intensity>
      <mass-charge>176.0</mass-charge>
    </ei-ms-peak>
    <ei-ms-peak>
      <ei-ms-id>1063</ei-ms-id>
      <id>115212</id>
      <intensity>60.0</intensity>
      <mass-charge>177.0</mass-charge>
    </ei-ms-peak>
    <ei-ms-peak>
      <ei-ms-id>1063</ei-ms-id>
      <id>115213</id>
      <intensity>20.0</intensity>
      <mass-charge>178.0</mass-charge>
    </ei-ms-peak>
    <ei-ms-peak>
      <ei-ms-id>1063</ei-ms-id>
      <id>115214</id>
      <intensity>20.0</intensity>
      <mass-charge>179.0</mass-charge>
    </ei-ms-peak>
    <ei-ms-peak>
      <ei-ms-id>1063</ei-ms-id>
      <id>115215</id>
      <intensity>80.0</intensity>
      <mass-charge>180.0</mass-charge>
    </ei-ms-peak>
    <ei-ms-peak>
      <ei-ms-id>1063</ei-ms-id>
      <id>115216</id>
      <intensity>179.0</intensity>
      <mass-charge>181.0</mass-charge>
    </ei-ms-peak>
    <ei-ms-peak>
      <ei-ms-id>1063</ei-ms-id>
      <id>115217</id>
      <intensity>129.0</intensity>
      <mass-charge>182.0</mass-charge>
    </ei-ms-peak>
    <ei-ms-peak>
      <ei-ms-id>1063</ei-ms-id>
      <id>115218</id>
      <intensity>199.0</intensity>
      <mass-charge>183.0</mass-charge>
    </ei-ms-peak>
    <ei-ms-peak>
      <ei-ms-id>1063</ei-ms-id>
      <id>115219</id>
      <intensity>40.0</intensity>
      <mass-charge>184.0</mass-charge>
    </ei-ms-peak>
    <ei-ms-peak>
      <ei-ms-id>1063</ei-ms-id>
      <id>115220</id>
      <intensity>1359.0</intensity>
      <mass-charge>185.0</mass-charge>
    </ei-ms-peak>
    <ei-ms-peak>
      <ei-ms-id>1063</ei-ms-id>
      <id>115221</id>
      <intensity>209.0</intensity>
      <mass-charge>186.0</mass-charge>
    </ei-ms-peak>
    <ei-ms-peak>
      <ei-ms-id>1063</ei-ms-id>
      <id>115222</id>
      <intensity>20.0</intensity>
      <mass-charge>187.0</mass-charge>
    </ei-ms-peak>
    <ei-ms-peak>
      <ei-ms-id>1063</ei-ms-id>
      <id>115223</id>
      <intensity>30.0</intensity>
      <mass-charge>191.0</mass-charge>
    </ei-ms-peak>
    <ei-ms-peak>
      <ei-ms-id>1063</ei-ms-id>
      <id>115224</id>
      <intensity>10.0</intensity>
      <mass-charge>192.0</mass-charge>
    </ei-ms-peak>
    <ei-ms-peak>
      <ei-ms-id>1063</ei-ms-id>
      <id>115225</id>
      <intensity>10.0</intensity>
      <mass-charge>193.0</mass-charge>
    </ei-ms-peak>
    <ei-ms-peak>
      <ei-ms-id>1063</ei-ms-id>
      <id>115226</id>
      <intensity>70.0</intensity>
      <mass-charge>194.0</mass-charge>
    </ei-ms-peak>
    <ei-ms-peak>
      <ei-ms-id>1063</ei-ms-id>
      <id>115227</id>
      <intensity>129.0</intensity>
      <mass-charge>195.0</mass-charge>
    </ei-ms-peak>
    <ei-ms-peak>
      <ei-ms-id>1063</ei-ms-id>
      <id>115228</id>
      <intensity>129.0</intensity>
      <mass-charge>196.0</mass-charge>
    </ei-ms-peak>
    <ei-ms-peak>
      <ei-ms-id>1063</ei-ms-id>
      <id>115229</id>
      <intensity>149.0</intensity>
      <mass-charge>197.0</mass-charge>
    </ei-ms-peak>
    <ei-ms-peak>
      <ei-ms-id>1063</ei-ms-id>
      <id>115230</id>
      <intensity>30.0</intensity>
      <mass-charge>198.0</mass-charge>
    </ei-ms-peak>
    <ei-ms-peak>
      <ei-ms-id>1063</ei-ms-id>
      <id>115231</id>
      <intensity>229.0</intensity>
      <mass-charge>199.0</mass-charge>
    </ei-ms-peak>
    <ei-ms-peak>
      <ei-ms-id>1063</ei-ms-id>
      <id>115232</id>
      <intensity>90.0</intensity>
      <mass-charge>200.0</mass-charge>
    </ei-ms-peak>
    <ei-ms-peak>
      <ei-ms-id>1063</ei-ms-id>
      <id>115233</id>
      <intensity>10.0</intensity>
      <mass-charge>201.0</mass-charge>
    </ei-ms-peak>
    <ei-ms-peak>
      <ei-ms-id>1063</ei-ms-id>
      <id>115234</id>
      <intensity>20.0</intensity>
      <mass-charge>205.0</mass-charge>
    </ei-ms-peak>
    <ei-ms-peak>
      <ei-ms-id>1063</ei-ms-id>
      <id>115235</id>
      <intensity>10.0</intensity>
      <mass-charge>206.0</mass-charge>
    </ei-ms-peak>
    <ei-ms-peak>
      <ei-ms-id>1063</ei-ms-id>
      <id>115236</id>
      <intensity>10.0</intensity>
      <mass-charge>207.0</mass-charge>
    </ei-ms-peak>
    <ei-ms-peak>
      <ei-ms-id>1063</ei-ms-id>
      <id>115237</id>
      <intensity>60.0</intensity>
      <mass-charge>208.0</mass-charge>
    </ei-ms-peak>
    <ei-ms-peak>
      <ei-ms-id>1063</ei-ms-id>
      <id>115238</id>
      <intensity>99.0</intensity>
      <mass-charge>209.0</mass-charge>
    </ei-ms-peak>
    <ei-ms-peak>
      <ei-ms-id>1063</ei-ms-id>
      <id>115239</id>
      <intensity>119.0</intensity>
      <mass-charge>210.0</mass-charge>
    </ei-ms-peak>
    <ei-ms-peak>
      <ei-ms-id>1063</ei-ms-id>
      <id>115240</id>
      <intensity>129.0</intensity>
      <mass-charge>211.0</mass-charge>
    </ei-ms-peak>
    <ei-ms-peak>
      <ei-ms-id>1063</ei-ms-id>
      <id>115241</id>
      <intensity>30.0</intensity>
      <mass-charge>212.0</mass-charge>
    </ei-ms-peak>
    <ei-ms-peak>
      <ei-ms-id>1063</ei-ms-id>
      <id>115242</id>
      <intensity>409.0</intensity>
      <mass-charge>213.0</mass-charge>
    </ei-ms-peak>
    <ei-ms-peak>
      <ei-ms-id>1063</ei-ms-id>
      <id>115243</id>
      <intensity>129.0</intensity>
      <mass-charge>214.0</mass-charge>
    </ei-ms-peak>
    <ei-ms-peak>
      <ei-ms-id>1063</ei-ms-id>
      <id>115244</id>
      <intensity>20.0</intensity>
      <mass-charge>215.0</mass-charge>
    </ei-ms-peak>
    <ei-ms-peak>
      <ei-ms-id>1063</ei-ms-id>
      <id>115245</id>
      <intensity>10.0</intensity>
      <mass-charge>219.0</mass-charge>
    </ei-ms-peak>
    <ei-ms-peak>
      <ei-ms-id>1063</ei-ms-id>
      <id>115246</id>
      <intensity>10.0</intensity>
      <mass-charge>220.0</mass-charge>
    </ei-ms-peak>
    <ei-ms-peak>
      <ei-ms-id>1063</ei-ms-id>
      <id>115247</id>
      <intensity>10.0</intensity>
      <mass-charge>221.0</mass-charge>
    </ei-ms-peak>
    <ei-ms-peak>
      <ei-ms-id>1063</ei-ms-id>
      <id>115248</id>
      <intensity>50.0</intensity>
      <mass-charge>222.0</mass-charge>
    </ei-ms-peak>
    <ei-ms-peak>
      <ei-ms-id>1063</ei-ms-id>
      <id>115249</id>
      <intensity>70.0</intensity>
      <mass-charge>223.0</mass-charge>
    </ei-ms-peak>
    <ei-ms-peak>
      <ei-ms-id>1063</ei-ms-id>
      <id>115250</id>
      <intensity>109.0</intensity>
      <mass-charge>224.0</mass-charge>
    </ei-ms-peak>
    <ei-ms-peak>
      <ei-ms-id>1063</ei-ms-id>
      <id>115251</id>
      <intensity>99.0</intensity>
      <mass-charge>225.0</mass-charge>
    </ei-ms-peak>
    <ei-ms-peak>
      <ei-ms-id>1063</ei-ms-id>
      <id>115252</id>
      <intensity>20.0</intensity>
      <mass-charge>226.0</mass-charge>
    </ei-ms-peak>
    <ei-ms-peak>
      <ei-ms-id>1063</ei-ms-id>
      <id>115253</id>
      <intensity>409.0</intensity>
      <mass-charge>227.0</mass-charge>
    </ei-ms-peak>
    <ei-ms-peak>
      <ei-ms-id>1063</ei-ms-id>
      <id>115254</id>
      <intensity>99.0</intensity>
      <mass-charge>228.0</mass-charge>
    </ei-ms-peak>
    <ei-ms-peak>
      <ei-ms-id>1063</ei-ms-id>
      <id>115255</id>
      <intensity>10.0</intensity>
      <mass-charge>229.0</mass-charge>
    </ei-ms-peak>
    <ei-ms-peak>
      <ei-ms-id>1063</ei-ms-id>
      <id>115256</id>
      <intensity>10.0</intensity>
      <mass-charge>233.0</mass-charge>
    </ei-ms-peak>
    <ei-ms-peak>
      <ei-ms-id>1063</ei-ms-id>
      <id>115257</id>
      <intensity>10.0</intensity>
      <mass-charge>234.0</mass-charge>
    </ei-ms-peak>
    <ei-ms-peak>
      <ei-ms-id>1063</ei-ms-id>
      <id>115258</id>
      <intensity>10.0</intensity>
      <mass-charge>235.0</mass-charge>
    </ei-ms-peak>
    <ei-ms-peak>
      <ei-ms-id>1063</ei-ms-id>
      <id>115259</id>
      <intensity>40.0</intensity>
      <mass-charge>236.0</mass-charge>
    </ei-ms-peak>
    <ei-ms-peak>
      <ei-ms-id>1063</ei-ms-id>
      <id>115260</id>
      <intensity>60.0</intensity>
      <mass-charge>237.0</mass-charge>
    </ei-ms-peak>
    <ei-ms-peak>
      <ei-ms-id>1063</ei-ms-id>
      <id>115261</id>
      <intensity>80.0</intensity>
      <mass-charge>238.0</mass-charge>
    </ei-ms-peak>
    <ei-ms-peak>
      <ei-ms-id>1063</ei-ms-id>
      <id>115262</id>
      <intensity>70.0</intensity>
      <mass-charge>239.0</mass-charge>
    </ei-ms-peak>
    <ei-ms-peak>
      <ei-ms-id>1063</ei-ms-id>
      <id>115263</id>
      <intensity>20.0</intensity>
      <mass-charge>240.0</mass-charge>
    </ei-ms-peak>
    <ei-ms-peak>
      <ei-ms-id>1063</ei-ms-id>
      <id>115264</id>
      <intensity>299.0</intensity>
      <mass-charge>241.0</mass-charge>
    </ei-ms-peak>
    <ei-ms-peak>
      <ei-ms-id>1063</ei-ms-id>
      <id>115265</id>
      <intensity>70.0</intensity>
      <mass-charge>242.0</mass-charge>
    </ei-ms-peak>
    <ei-ms-peak>
      <ei-ms-id>1063</ei-ms-id>
      <id>115266</id>
      <intensity>10.0</intensity>
      <mass-charge>243.0</mass-charge>
    </ei-ms-peak>
    <ei-ms-peak>
      <ei-ms-id>1063</ei-ms-id>
      <id>115267</id>
      <intensity>179.0</intensity>
      <mass-charge>246.0</mass-charge>
    </ei-ms-peak>
    <ei-ms-peak>
      <ei-ms-id>1063</ei-ms-id>
      <id>115268</id>
      <intensity>30.0</intensity>
      <mass-charge>247.0</mass-charge>
    </ei-ms-peak>
    <ei-ms-peak>
      <ei-ms-id>1063</ei-ms-id>
      <id>115269</id>
      <intensity>109.0</intensity>
      <mass-charge>248.0</mass-charge>
    </ei-ms-peak>
    <ei-ms-peak>
      <ei-ms-id>1063</ei-ms-id>
      <id>115270</id>
      <intensity>30.0</intensity>
      <mass-charge>249.0</mass-charge>
    </ei-ms-peak>
    <ei-ms-peak>
      <ei-ms-id>1063</ei-ms-id>
      <id>115271</id>
      <intensity>40.0</intensity>
      <mass-charge>250.0</mass-charge>
    </ei-ms-peak>
    <ei-ms-peak>
      <ei-ms-id>1063</ei-ms-id>
      <id>115272</id>
      <intensity>50.0</intensity>
      <mass-charge>251.0</mass-charge>
    </ei-ms-peak>
    <ei-ms-peak>
      <ei-ms-id>1063</ei-ms-id>
      <id>115273</id>
      <intensity>70.0</intensity>
      <mass-charge>252.0</mass-charge>
    </ei-ms-peak>
    <ei-ms-peak>
      <ei-ms-id>1063</ei-ms-id>
      <id>115274</id>
      <intensity>50.0</intensity>
      <mass-charge>253.0</mass-charge>
    </ei-ms-peak>
    <ei-ms-peak>
      <ei-ms-id>1063</ei-ms-id>
      <id>115275</id>
      <intensity>10.0</intensity>
      <mass-charge>254.0</mass-charge>
    </ei-ms-peak>
    <ei-ms-peak>
      <ei-ms-id>1063</ei-ms-id>
      <id>115276</id>
      <intensity>129.0</intensity>
      <mass-charge>255.0</mass-charge>
    </ei-ms-peak>
    <ei-ms-peak>
      <ei-ms-id>1063</ei-ms-id>
      <id>115277</id>
      <intensity>70.0</intensity>
      <mass-charge>256.0</mass-charge>
    </ei-ms-peak>
    <ei-ms-peak>
      <ei-ms-id>1063</ei-ms-id>
      <id>115278</id>
      <intensity>10.0</intensity>
      <mass-charge>257.0</mass-charge>
    </ei-ms-peak>
    <ei-ms-peak>
      <ei-ms-id>1063</ei-ms-id>
      <id>115279</id>
      <intensity>10.0</intensity>
      <mass-charge>263.0</mass-charge>
    </ei-ms-peak>
    <ei-ms-peak>
      <ei-ms-id>1063</ei-ms-id>
      <id>115280</id>
      <intensity>40.0</intensity>
      <mass-charge>264.0</mass-charge>
    </ei-ms-peak>
    <ei-ms-peak>
      <ei-ms-id>1063</ei-ms-id>
      <id>115281</id>
      <intensity>40.0</intensity>
      <mass-charge>265.0</mass-charge>
    </ei-ms-peak>
    <ei-ms-peak>
      <ei-ms-id>1063</ei-ms-id>
      <id>115282</id>
      <intensity>50.0</intensity>
      <mass-charge>266.0</mass-charge>
    </ei-ms-peak>
    <ei-ms-peak>
      <ei-ms-id>1063</ei-ms-id>
      <id>115283</id>
      <intensity>30.0</intensity>
      <mass-charge>267.0</mass-charge>
    </ei-ms-peak>
    <ei-ms-peak>
      <ei-ms-id>1063</ei-ms-id>
      <id>115284</id>
      <intensity>569.0</intensity>
      <mass-charge>269.0</mass-charge>
    </ei-ms-peak>
    <ei-ms-peak>
      <ei-ms-id>1063</ei-ms-id>
      <id>115285</id>
      <intensity>139.0</intensity>
      <mass-charge>270.0</mass-charge>
    </ei-ms-peak>
    <ei-ms-peak>
      <ei-ms-id>1063</ei-ms-id>
      <id>115286</id>
      <intensity>20.0</intensity>
      <mass-charge>271.0</mass-charge>
    </ei-ms-peak>
    <ei-ms-peak>
      <ei-ms-id>1063</ei-ms-id>
      <id>115287</id>
      <intensity>10.0</intensity>
      <mass-charge>278.0</mass-charge>
    </ei-ms-peak>
    <ei-ms-peak>
      <ei-ms-id>1063</ei-ms-id>
      <id>115288</id>
      <intensity>20.0</intensity>
      <mass-charge>279.0</mass-charge>
    </ei-ms-peak>
    <ei-ms-peak>
      <ei-ms-id>1063</ei-ms-id>
      <id>115289</id>
      <intensity>70.0</intensity>
      <mass-charge>280.0</mass-charge>
    </ei-ms-peak>
    <ei-ms-peak>
      <ei-ms-id>1063</ei-ms-id>
      <id>115290</id>
      <intensity>20.0</intensity>
      <mass-charge>281.0</mass-charge>
    </ei-ms-peak>
    <ei-ms-peak>
      <ei-ms-id>1063</ei-ms-id>
      <id>115291</id>
      <intensity>269.0</intensity>
      <mass-charge>283.0</mass-charge>
    </ei-ms-peak>
    <ei-ms-peak>
      <ei-ms-id>1063</ei-ms-id>
      <id>115292</id>
      <intensity>70.0</intensity>
      <mass-charge>284.0</mass-charge>
    </ei-ms-peak>
    <ei-ms-peak>
      <ei-ms-id>1063</ei-ms-id>
      <id>115293</id>
      <intensity>10.0</intensity>
      <mass-charge>285.0</mass-charge>
    </ei-ms-peak>
    <ei-ms-peak>
      <ei-ms-id>1063</ei-ms-id>
      <id>115294</id>
      <intensity>10.0</intensity>
      <mass-charge>293.0</mass-charge>
    </ei-ms-peak>
    <ei-ms-peak>
      <ei-ms-id>1063</ei-ms-id>
      <id>115295</id>
      <intensity>30.0</intensity>
      <mass-charge>294.0</mass-charge>
    </ei-ms-peak>
    <ei-ms-peak>
      <ei-ms-id>1063</ei-ms-id>
      <id>115296</id>
      <intensity>10.0</intensity>
      <mass-charge>295.0</mass-charge>
    </ei-ms-peak>
    <ei-ms-peak>
      <ei-ms-id>1063</ei-ms-id>
      <id>115297</id>
      <intensity>80.0</intensity>
      <mass-charge>297.0</mass-charge>
    </ei-ms-peak>
    <ei-ms-peak>
      <ei-ms-id>1063</ei-ms-id>
      <id>115298</id>
      <intensity>20.0</intensity>
      <mass-charge>298.0</mass-charge>
    </ei-ms-peak>
    <ei-ms-peak>
      <ei-ms-id>1063</ei-ms-id>
      <id>115299</id>
      <intensity>99.0</intensity>
      <mass-charge>306.0</mass-charge>
    </ei-ms-peak>
    <ei-ms-peak>
      <ei-ms-id>1063</ei-ms-id>
      <id>115300</id>
      <intensity>30.0</intensity>
      <mass-charge>307.0</mass-charge>
    </ei-ms-peak>
    <ei-ms-peak>
      <ei-ms-id>1063</ei-ms-id>
      <id>115301</id>
      <intensity>129.0</intensity>
      <mass-charge>308.0</mass-charge>
    </ei-ms-peak>
    <ei-ms-peak>
      <ei-ms-id>1063</ei-ms-id>
      <id>115302</id>
      <intensity>90.0</intensity>
      <mass-charge>309.0</mass-charge>
    </ei-ms-peak>
    <ei-ms-peak>
      <ei-ms-id>1063</ei-ms-id>
      <id>115303</id>
      <intensity>20.0</intensity>
      <mass-charge>310.0</mass-charge>
    </ei-ms-peak>
    <ei-ms-peak>
      <ei-ms-id>1063</ei-ms-id>
      <id>115304</id>
      <intensity>99.0</intensity>
      <mass-charge>311.0</mass-charge>
    </ei-ms-peak>
    <ei-ms-peak>
      <ei-ms-id>1063</ei-ms-id>
      <id>115305</id>
      <intensity>40.0</intensity>
      <mass-charge>312.0</mass-charge>
    </ei-ms-peak>
    <ei-ms-peak>
      <ei-ms-id>1063</ei-ms-id>
      <id>115306</id>
      <intensity>20.0</intensity>
      <mass-charge>322.0</mass-charge>
    </ei-ms-peak>
    <ei-ms-peak>
      <ei-ms-id>1063</ei-ms-id>
      <id>115307</id>
      <intensity>639.0</intensity>
      <mass-charge>325.0</mass-charge>
    </ei-ms-peak>
    <ei-ms-peak>
      <ei-ms-id>1063</ei-ms-id>
      <id>115308</id>
      <intensity>149.0</intensity>
      <mass-charge>326.0</mass-charge>
    </ei-ms-peak>
    <ei-ms-peak>
      <ei-ms-id>1063</ei-ms-id>
      <id>115309</id>
      <intensity>20.0</intensity>
      <mass-charge>327.0</mass-charge>
    </ei-ms-peak>
    <ei-ms-peak>
      <ei-ms-id>1063</ei-ms-id>
      <id>115310</id>
      <intensity>50.0</intensity>
      <mass-charge>332.0</mass-charge>
    </ei-ms-peak>
    <ei-ms-peak>
      <ei-ms-id>1063</ei-ms-id>
      <id>115311</id>
      <intensity>10.0</intensity>
      <mass-charge>333.0</mass-charge>
    </ei-ms-peak>
    <ei-ms-peak>
      <ei-ms-id>1063</ei-ms-id>
      <id>115312</id>
      <intensity>80.0</intensity>
      <mass-charge>339.0</mass-charge>
    </ei-ms-peak>
    <ei-ms-peak>
      <ei-ms-id>1063</ei-ms-id>
      <id>115313</id>
      <intensity>50.0</intensity>
      <mass-charge>340.0</mass-charge>
    </ei-ms-peak>
    <ei-ms-peak>
      <ei-ms-id>1063</ei-ms-id>
      <id>115314</id>
      <intensity>10.0</intensity>
      <mass-charge>341.0</mass-charge>
    </ei-ms-peak>
    <ei-ms-peak>
      <ei-ms-id>1063</ei-ms-id>
      <id>115315</id>
      <intensity>10.0</intensity>
      <mass-charge>348.0</mass-charge>
    </ei-ms-peak>
    <ei-ms-peak>
      <ei-ms-id>1063</ei-ms-id>
      <id>115316</id>
      <intensity>10.0</intensity>
      <mass-charge>349.0</mass-charge>
    </ei-ms-peak>
    <ei-ms-peak>
      <ei-ms-id>1063</ei-ms-id>
      <id>115317</id>
      <intensity>50.0</intensity>
      <mass-charge>350.0</mass-charge>
    </ei-ms-peak>
    <ei-ms-peak>
      <ei-ms-id>1063</ei-ms-id>
      <id>115318</id>
      <intensity>20.0</intensity>
      <mass-charge>351.0</mass-charge>
    </ei-ms-peak>
    <ei-ms-peak>
      <ei-ms-id>1063</ei-ms-id>
      <id>115319</id>
      <intensity>10.0</intensity>
      <mass-charge>365.0</mass-charge>
    </ei-ms-peak>
    <ei-ms-peak>
      <ei-ms-id>1063</ei-ms-id>
      <id>115320</id>
      <intensity>10.0</intensity>
      <mass-charge>366.0</mass-charge>
    </ei-ms-peak>
    <ei-ms-peak>
      <ei-ms-id>1063</ei-ms-id>
      <id>115321</id>
      <intensity>10.0</intensity>
      <mass-charge>367.0</mass-charge>
    </ei-ms-peak>
    <ei-ms-peak>
      <ei-ms-id>1063</ei-ms-id>
      <id>115322</id>
      <intensity>3989.0</intensity>
      <mass-charge>368.0</mass-charge>
    </ei-ms-peak>
    <ei-ms-peak>
      <ei-ms-id>1063</ei-ms-id>
      <id>115323</id>
      <intensity>1049.0</intensity>
      <mass-charge>369.0</mass-charge>
    </ei-ms-peak>
    <ei-ms-peak>
      <ei-ms-id>1063</ei-ms-id>
      <id>115324</id>
      <intensity>149.0</intensity>
      <mass-charge>370.0</mass-charge>
    </ei-ms-peak>
    <ei-ms-peak>
      <ei-ms-id>1063</ei-ms-id>
      <id>115325</id>
      <intensity>10.0</intensity>
      <mass-charge>371.0</mass-charge>
    </ei-ms-peak>
  </ei-ms-peaks>
</ei-ms>
