<?xml version="1.0" encoding="UTF-8"?>
<ei-ms>
  <collection-date nil="true"/>
  <created-at>2014-09-20T16:44:37Z</created-at>
  <database-id>HMDB00220</database-id>
  <id>1128</id>
  <inchi-key>IPCSVZSSVZVIGE-UHFFFAOYSA-N</inchi-key>
  <instrument-type nil="true"/>
  <molecule-id nil="true"/>
  <notes nil="true"/>
  <peak-counter>140</peak-counter>
  <sample-assessment nil="true"/>
  <sample-concentration nil="true"/>
  <sample-concentration-units nil="true"/>
  <sample-mass nil="true"/>
  <sample-mass-units nil="true"/>
  <sample-source nil="true"/>
  <solvent nil="true"/>
  <spectra-assessment nil="true"/>
  <updated-at>2014-09-20T16:44:37Z</updated-at>
  <references>
    <reference>
      <database>NIST</database>
      <database-id>57-10-3</database-id>
      <id>16000</id>
      <pubmed-id nil="true"/>
      <ref-text>NIST Mass Spec Data Center, S.E. Stein, director, "Mass Spectra" in NIST Chemistry WebBook, NIST Standard Reference Database Number 69, Eds. P.J. Linstrom and W.G. Mallard, National Institute of Standards and Technology, Gaithersburg MD, 20899, http://webbook.nist.gov, (retrieved September 6, 2014).</ref-text>
      <spectra-id>1128</spectra-id>
      <spectra-type>EiMs</spectra-type>
    </reference>
  </references>
  <ei-ms-peaks>
    <ei-ms-peak>
      <ei-ms-id>1128</ei-ms-id>
      <id>121478</id>
      <intensity>86.0</intensity>
      <mass-charge>25.0</mass-charge>
    </ei-ms-peak>
    <ei-ms-peak>
      <ei-ms-id>1128</ei-ms-id>
      <id>121479</id>
      <intensity>1569.0</intensity>
      <mass-charge>27.0</mass-charge>
    </ei-ms-peak>
    <ei-ms-peak>
      <ei-ms-id>1128</ei-ms-id>
      <id>121480</id>
      <intensity>4140.0</intensity>
      <mass-charge>29.0</mass-charge>
    </ei-ms-peak>
    <ei-ms-peak>
      <ei-ms-id>1128</ei-ms-id>
      <id>121481</id>
      <intensity>133.0</intensity>
      <mass-charge>30.0</mass-charge>
    </ei-ms-peak>
    <ei-ms-peak>
      <ei-ms-id>1128</ei-ms-id>
      <id>121482</id>
      <intensity>269.0</intensity>
      <mass-charge>31.0</mass-charge>
    </ei-ms-peak>
    <ei-ms-peak>
      <ei-ms-id>1128</ei-ms-id>
      <id>121483</id>
      <intensity>17.0</intensity>
      <mass-charge>33.0</mass-charge>
    </ei-ms-peak>
    <ei-ms-peak>
      <ei-ms-id>1128</ei-ms-id>
      <id>121484</id>
      <intensity>23.0</intensity>
      <mass-charge>36.0</mass-charge>
    </ei-ms-peak>
    <ei-ms-peak>
      <ei-ms-id>1128</ei-ms-id>
      <id>121485</id>
      <intensity>13.0</intensity>
      <mass-charge>37.0</mass-charge>
    </ei-ms-peak>
    <ei-ms-peak>
      <ei-ms-id>1128</ei-ms-id>
      <id>121486</id>
      <intensity>32.0</intensity>
      <mass-charge>38.0</mass-charge>
    </ei-ms-peak>
    <ei-ms-peak>
      <ei-ms-id>1128</ei-ms-id>
      <id>121487</id>
      <intensity>947.0</intensity>
      <mass-charge>39.0</mass-charge>
    </ei-ms-peak>
    <ei-ms-peak>
      <ei-ms-id>1128</ei-ms-id>
      <id>121488</id>
      <intensity>174.0</intensity>
      <mass-charge>40.0</mass-charge>
    </ei-ms-peak>
    <ei-ms-peak>
      <ei-ms-id>1128</ei-ms-id>
      <id>121489</id>
      <intensity>7492.0</intensity>
      <mass-charge>41.0</mass-charge>
    </ei-ms-peak>
    <ei-ms-peak>
      <ei-ms-id>1128</ei-ms-id>
      <id>121490</id>
      <intensity>1677.0</intensity>
      <mass-charge>42.0</mass-charge>
    </ei-ms-peak>
    <ei-ms-peak>
      <ei-ms-id>1128</ei-ms-id>
      <id>121491</id>
      <intensity>9999.0</intensity>
      <mass-charge>43.0</mass-charge>
    </ei-ms-peak>
    <ei-ms-peak>
      <ei-ms-id>1128</ei-ms-id>
      <id>121492</id>
      <intensity>166.0</intensity>
      <mass-charge>44.0</mass-charge>
    </ei-ms-peak>
    <ei-ms-peak>
      <ei-ms-id>1128</ei-ms-id>
      <id>121493</id>
      <intensity>1329.0</intensity>
      <mass-charge>45.0</mass-charge>
    </ei-ms-peak>
    <ei-ms-peak>
      <ei-ms-id>1128</ei-ms-id>
      <id>121494</id>
      <intensity>54.0</intensity>
      <mass-charge>46.0</mass-charge>
    </ei-ms-peak>
    <ei-ms-peak>
      <ei-ms-id>1128</ei-ms-id>
      <id>121495</id>
      <intensity>30.0</intensity>
      <mass-charge>47.0</mass-charge>
    </ei-ms-peak>
    <ei-ms-peak>
      <ei-ms-id>1128</ei-ms-id>
      <id>121496</id>
      <intensity>21.0</intensity>
      <mass-charge>50.0</mass-charge>
    </ei-ms-peak>
    <ei-ms-peak>
      <ei-ms-id>1128</ei-ms-id>
      <id>121497</id>
      <intensity>40.0</intensity>
      <mass-charge>51.0</mass-charge>
    </ei-ms-peak>
    <ei-ms-peak>
      <ei-ms-id>1128</ei-ms-id>
      <id>121498</id>
      <intensity>44.0</intensity>
      <mass-charge>52.0</mass-charge>
    </ei-ms-peak>
    <ei-ms-peak>
      <ei-ms-id>1128</ei-ms-id>
      <id>121499</id>
      <intensity>400.0</intensity>
      <mass-charge>53.0</mass-charge>
    </ei-ms-peak>
    <ei-ms-peak>
      <ei-ms-id>1128</ei-ms-id>
      <id>121500</id>
      <intensity>526.0</intensity>
      <mass-charge>54.0</mass-charge>
    </ei-ms-peak>
    <ei-ms-peak>
      <ei-ms-id>1128</ei-ms-id>
      <id>121501</id>
      <intensity>6167.0</intensity>
      <mass-charge>55.0</mass-charge>
    </ei-ms-peak>
    <ei-ms-peak>
      <ei-ms-id>1128</ei-ms-id>
      <id>121502</id>
      <intensity>1471.0</intensity>
      <mass-charge>56.0</mass-charge>
    </ei-ms-peak>
    <ei-ms-peak>
      <ei-ms-id>1128</ei-ms-id>
      <id>121503</id>
      <intensity>6346.0</intensity>
      <mass-charge>57.0</mass-charge>
    </ei-ms-peak>
    <ei-ms-peak>
      <ei-ms-id>1128</ei-ms-id>
      <id>121504</id>
      <intensity>306.0</intensity>
      <mass-charge>58.0</mass-charge>
    </ei-ms-peak>
    <ei-ms-peak>
      <ei-ms-id>1128</ei-ms-id>
      <id>121505</id>
      <intensity>437.0</intensity>
      <mass-charge>59.0</mass-charge>
    </ei-ms-peak>
    <ei-ms-peak>
      <ei-ms-id>1128</ei-ms-id>
      <id>121506</id>
      <intensity>8381.0</intensity>
      <mass-charge>60.0</mass-charge>
    </ei-ms-peak>
    <ei-ms-peak>
      <ei-ms-id>1128</ei-ms-id>
      <id>121507</id>
      <intensity>2187.0</intensity>
      <mass-charge>61.0</mass-charge>
    </ei-ms-peak>
    <ei-ms-peak>
      <ei-ms-id>1128</ei-ms-id>
      <id>121508</id>
      <intensity>103.0</intensity>
      <mass-charge>62.0</mass-charge>
    </ei-ms-peak>
    <ei-ms-peak>
      <ei-ms-id>1128</ei-ms-id>
      <id>121509</id>
      <intensity>52.0</intensity>
      <mass-charge>63.0</mass-charge>
    </ei-ms-peak>
    <ei-ms-peak>
      <ei-ms-id>1128</ei-ms-id>
      <id>121510</id>
      <intensity>72.0</intensity>
      <mass-charge>65.0</mass-charge>
    </ei-ms-peak>
    <ei-ms-peak>
      <ei-ms-id>1128</ei-ms-id>
      <id>121511</id>
      <intensity>48.0</intensity>
      <mass-charge>66.0</mass-charge>
    </ei-ms-peak>
    <ei-ms-peak>
      <ei-ms-id>1128</ei-ms-id>
      <id>121512</id>
      <intensity>600.0</intensity>
      <mass-charge>67.0</mass-charge>
    </ei-ms-peak>
    <ei-ms-peak>
      <ei-ms-id>1128</ei-ms-id>
      <id>121513</id>
      <intensity>485.0</intensity>
      <mass-charge>68.0</mass-charge>
    </ei-ms-peak>
    <ei-ms-peak>
      <ei-ms-id>1128</ei-ms-id>
      <id>121514</id>
      <intensity>3104.0</intensity>
      <mass-charge>69.0</mass-charge>
    </ei-ms-peak>
    <ei-ms-peak>
      <ei-ms-id>1128</ei-ms-id>
      <id>121515</id>
      <intensity>949.0</intensity>
      <mass-charge>70.0</mass-charge>
    </ei-ms-peak>
    <ei-ms-peak>
      <ei-ms-id>1128</ei-ms-id>
      <id>121516</id>
      <intensity>2851.0</intensity>
      <mass-charge>71.0</mass-charge>
    </ei-ms-peak>
    <ei-ms-peak>
      <ei-ms-id>1128</ei-ms-id>
      <id>121517</id>
      <intensity>170.0</intensity>
      <mass-charge>72.0</mass-charge>
    </ei-ms-peak>
    <ei-ms-peak>
      <ei-ms-id>1128</ei-ms-id>
      <id>121518</id>
      <intensity>9052.0</intensity>
      <mass-charge>73.0</mass-charge>
    </ei-ms-peak>
    <ei-ms-peak>
      <ei-ms-id>1128</ei-ms-id>
      <id>121519</id>
      <intensity>732.0</intensity>
      <mass-charge>74.0</mass-charge>
    </ei-ms-peak>
    <ei-ms-peak>
      <ei-ms-id>1128</ei-ms-id>
      <id>121520</id>
      <intensity>69.0</intensity>
      <mass-charge>75.0</mass-charge>
    </ei-ms-peak>
    <ei-ms-peak>
      <ei-ms-id>1128</ei-ms-id>
      <id>121521</id>
      <intensity>20.0</intensity>
      <mass-charge>76.0</mass-charge>
    </ei-ms-peak>
    <ei-ms-peak>
      <ei-ms-id>1128</ei-ms-id>
      <id>121522</id>
      <intensity>48.0</intensity>
      <mass-charge>77.0</mass-charge>
    </ei-ms-peak>
    <ei-ms-peak>
      <ei-ms-id>1128</ei-ms-id>
      <id>121523</id>
      <intensity>37.0</intensity>
      <mass-charge>78.0</mass-charge>
    </ei-ms-peak>
    <ei-ms-peak>
      <ei-ms-id>1128</ei-ms-id>
      <id>121524</id>
      <intensity>127.0</intensity>
      <mass-charge>79.0</mass-charge>
    </ei-ms-peak>
    <ei-ms-peak>
      <ei-ms-id>1128</ei-ms-id>
      <id>121525</id>
      <intensity>83.0</intensity>
      <mass-charge>80.0</mass-charge>
    </ei-ms-peak>
    <ei-ms-peak>
      <ei-ms-id>1128</ei-ms-id>
      <id>121526</id>
      <intensity>448.0</intensity>
      <mass-charge>81.0</mass-charge>
    </ei-ms-peak>
    <ei-ms-peak>
      <ei-ms-id>1128</ei-ms-id>
      <id>121527</id>
      <intensity>457.0</intensity>
      <mass-charge>82.0</mass-charge>
    </ei-ms-peak>
    <ei-ms-peak>
      <ei-ms-id>1128</ei-ms-id>
      <id>121528</id>
      <intensity>1817.0</intensity>
      <mass-charge>83.0</mass-charge>
    </ei-ms-peak>
    <ei-ms-peak>
      <ei-ms-id>1128</ei-ms-id>
      <id>121529</id>
      <intensity>849.0</intensity>
      <mass-charge>84.0</mass-charge>
    </ei-ms-peak>
    <ei-ms-peak>
      <ei-ms-id>1128</ei-ms-id>
      <id>121530</id>
      <intensity>1539.0</intensity>
      <mass-charge>85.0</mass-charge>
    </ei-ms-peak>
    <ei-ms-peak>
      <ei-ms-id>1128</ei-ms-id>
      <id>121531</id>
      <intensity>128.0</intensity>
      <mass-charge>86.0</mass-charge>
    </ei-ms-peak>
    <ei-ms-peak>
      <ei-ms-id>1128</ei-ms-id>
      <id>121532</id>
      <intensity>1167.0</intensity>
      <mass-charge>87.0</mass-charge>
    </ei-ms-peak>
    <ei-ms-peak>
      <ei-ms-id>1128</ei-ms-id>
      <id>121533</id>
      <intensity>130.0</intensity>
      <mass-charge>88.0</mass-charge>
    </ei-ms-peak>
    <ei-ms-peak>
      <ei-ms-id>1128</ei-ms-id>
      <id>121534</id>
      <intensity>96.0</intensity>
      <mass-charge>89.0</mass-charge>
    </ei-ms-peak>
    <ei-ms-peak>
      <ei-ms-id>1128</ei-ms-id>
      <id>121535</id>
      <intensity>12.0</intensity>
      <mass-charge>90.0</mass-charge>
    </ei-ms-peak>
    <ei-ms-peak>
      <ei-ms-id>1128</ei-ms-id>
      <id>121536</id>
      <intensity>34.0</intensity>
      <mass-charge>91.0</mass-charge>
    </ei-ms-peak>
    <ei-ms-peak>
      <ei-ms-id>1128</ei-ms-id>
      <id>121537</id>
      <intensity>23.0</intensity>
      <mass-charge>92.0</mass-charge>
    </ei-ms-peak>
    <ei-ms-peak>
      <ei-ms-id>1128</ei-ms-id>
      <id>121538</id>
      <intensity>68.0</intensity>
      <mass-charge>93.0</mass-charge>
    </ei-ms-peak>
    <ei-ms-peak>
      <ei-ms-id>1128</ei-ms-id>
      <id>121539</id>
      <intensity>38.0</intensity>
      <mass-charge>94.0</mass-charge>
    </ei-ms-peak>
    <ei-ms-peak>
      <ei-ms-id>1128</ei-ms-id>
      <id>121540</id>
      <intensity>249.0</intensity>
      <mass-charge>95.0</mass-charge>
    </ei-ms-peak>
    <ei-ms-peak>
      <ei-ms-id>1128</ei-ms-id>
      <id>121541</id>
      <intensity>284.0</intensity>
      <mass-charge>96.0</mass-charge>
    </ei-ms-peak>
    <ei-ms-peak>
      <ei-ms-id>1128</ei-ms-id>
      <id>121542</id>
      <intensity>1217.0</intensity>
      <mass-charge>97.0</mass-charge>
    </ei-ms-peak>
    <ei-ms-peak>
      <ei-ms-id>1128</ei-ms-id>
      <id>121543</id>
      <intensity>801.0</intensity>
      <mass-charge>98.0</mass-charge>
    </ei-ms-peak>
    <ei-ms-peak>
      <ei-ms-id>1128</ei-ms-id>
      <id>121544</id>
      <intensity>517.0</intensity>
      <mass-charge>99.0</mass-charge>
    </ei-ms-peak>
    <ei-ms-peak>
      <ei-ms-id>1128</ei-ms-id>
      <id>121545</id>
      <intensity>66.0</intensity>
      <mass-charge>100.0</mass-charge>
    </ei-ms-peak>
    <ei-ms-peak>
      <ei-ms-id>1128</ei-ms-id>
      <id>121546</id>
      <intensity>599.0</intensity>
      <mass-charge>101.0</mass-charge>
    </ei-ms-peak>
    <ei-ms-peak>
      <ei-ms-id>1128</ei-ms-id>
      <id>121547</id>
      <intensity>166.0</intensity>
      <mass-charge>102.0</mass-charge>
    </ei-ms-peak>
    <ei-ms-peak>
      <ei-ms-id>1128</ei-ms-id>
      <id>121548</id>
      <intensity>28.0</intensity>
      <mass-charge>103.0</mass-charge>
    </ei-ms-peak>
    <ei-ms-peak>
      <ei-ms-id>1128</ei-ms-id>
      <id>121549</id>
      <intensity>14.0</intensity>
      <mass-charge>105.0</mass-charge>
    </ei-ms-peak>
    <ei-ms-peak>
      <ei-ms-id>1128</ei-ms-id>
      <id>121550</id>
      <intensity>91.0</intensity>
      <mass-charge>107.0</mass-charge>
    </ei-ms-peak>
    <ei-ms-peak>
      <ei-ms-id>1128</ei-ms-id>
      <id>121551</id>
      <intensity>40.0</intensity>
      <mass-charge>108.0</mass-charge>
    </ei-ms-peak>
    <ei-ms-peak>
      <ei-ms-id>1128</ei-ms-id>
      <id>121552</id>
      <intensity>114.0</intensity>
      <mass-charge>109.0</mass-charge>
    </ei-ms-peak>
    <ei-ms-peak>
      <ei-ms-id>1128</ei-ms-id>
      <id>121553</id>
      <intensity>126.0</intensity>
      <mass-charge>110.0</mass-charge>
    </ei-ms-peak>
    <ei-ms-peak>
      <ei-ms-id>1128</ei-ms-id>
      <id>121554</id>
      <intensity>507.0</intensity>
      <mass-charge>111.0</mass-charge>
    </ei-ms-peak>
    <ei-ms-peak>
      <ei-ms-id>1128</ei-ms-id>
      <id>121555</id>
      <intensity>245.0</intensity>
      <mass-charge>112.0</mass-charge>
    </ei-ms-peak>
    <ei-ms-peak>
      <ei-ms-id>1128</ei-ms-id>
      <id>121556</id>
      <intensity>304.0</intensity>
      <mass-charge>113.0</mass-charge>
    </ei-ms-peak>
    <ei-ms-peak>
      <ei-ms-id>1128</ei-ms-id>
      <id>121557</id>
      <intensity>64.0</intensity>
      <mass-charge>114.0</mass-charge>
    </ei-ms-peak>
    <ei-ms-peak>
      <ei-ms-id>1128</ei-ms-id>
      <id>121558</id>
      <intensity>809.0</intensity>
      <mass-charge>115.0</mass-charge>
    </ei-ms-peak>
    <ei-ms-peak>
      <ei-ms-id>1128</ei-ms-id>
      <id>121559</id>
      <intensity>254.0</intensity>
      <mass-charge>116.0</mass-charge>
    </ei-ms-peak>
    <ei-ms-peak>
      <ei-ms-id>1128</ei-ms-id>
      <id>121560</id>
      <intensity>28.0</intensity>
      <mass-charge>117.0</mass-charge>
    </ei-ms-peak>
    <ei-ms-peak>
      <ei-ms-id>1128</ei-ms-id>
      <id>121561</id>
      <intensity>22.0</intensity>
      <mass-charge>119.0</mass-charge>
    </ei-ms-peak>
    <ei-ms-peak>
      <ei-ms-id>1128</ei-ms-id>
      <id>121562</id>
      <intensity>11.0</intensity>
      <mass-charge>120.0</mass-charge>
    </ei-ms-peak>
    <ei-ms-peak>
      <ei-ms-id>1128</ei-ms-id>
      <id>121563</id>
      <intensity>69.0</intensity>
      <mass-charge>121.0</mass-charge>
    </ei-ms-peak>
    <ei-ms-peak>
      <ei-ms-id>1128</ei-ms-id>
      <id>121564</id>
      <intensity>22.0</intensity>
      <mass-charge>122.0</mass-charge>
    </ei-ms-peak>
    <ei-ms-peak>
      <ei-ms-id>1128</ei-ms-id>
      <id>121565</id>
      <intensity>42.0</intensity>
      <mass-charge>123.0</mass-charge>
    </ei-ms-peak>
    <ei-ms-peak>
      <ei-ms-id>1128</ei-ms-id>
      <id>121566</id>
      <intensity>62.0</intensity>
      <mass-charge>124.0</mass-charge>
    </ei-ms-peak>
    <ei-ms-peak>
      <ei-ms-id>1128</ei-ms-id>
      <id>121567</id>
      <intensity>220.0</intensity>
      <mass-charge>125.0</mass-charge>
    </ei-ms-peak>
    <ei-ms-peak>
      <ei-ms-id>1128</ei-ms-id>
      <id>121568</id>
      <intensity>103.0</intensity>
      <mass-charge>126.0</mass-charge>
    </ei-ms-peak>
    <ei-ms-peak>
      <ei-ms-id>1128</ei-ms-id>
      <id>121569</id>
      <intensity>181.0</intensity>
      <mass-charge>127.0</mass-charge>
    </ei-ms-peak>
    <ei-ms-peak>
      <ei-ms-id>1128</ei-ms-id>
      <id>121570</id>
      <intensity>42.0</intensity>
      <mass-charge>128.0</mass-charge>
    </ei-ms-peak>
    <ei-ms-peak>
      <ei-ms-id>1128</ei-ms-id>
      <id>121571</id>
      <intensity>2103.0</intensity>
      <mass-charge>129.0</mass-charge>
    </ei-ms-peak>
    <ei-ms-peak>
      <ei-ms-id>1128</ei-ms-id>
      <id>121572</id>
      <intensity>214.0</intensity>
      <mass-charge>130.0</mass-charge>
    </ei-ms-peak>
    <ei-ms-peak>
      <ei-ms-id>1128</ei-ms-id>
      <id>121573</id>
      <intensity>20.0</intensity>
      <mass-charge>131.0</mass-charge>
    </ei-ms-peak>
    <ei-ms-peak>
      <ei-ms-id>1128</ei-ms-id>
      <id>121574</id>
      <intensity>43.0</intensity>
      <mass-charge>133.0</mass-charge>
    </ei-ms-peak>
    <ei-ms-peak>
      <ei-ms-id>1128</ei-ms-id>
      <id>121575</id>
      <intensity>26.0</intensity>
      <mass-charge>134.0</mass-charge>
    </ei-ms-peak>
    <ei-ms-peak>
      <ei-ms-id>1128</ei-ms-id>
      <id>121576</id>
      <intensity>44.0</intensity>
      <mass-charge>135.0</mass-charge>
    </ei-ms-peak>
    <ei-ms-peak>
      <ei-ms-id>1128</ei-ms-id>
      <id>121577</id>
      <intensity>50.0</intensity>
      <mass-charge>137.0</mass-charge>
    </ei-ms-peak>
    <ei-ms-peak>
      <ei-ms-id>1128</ei-ms-id>
      <id>121578</id>
      <intensity>58.0</intensity>
      <mass-charge>138.0</mass-charge>
    </ei-ms-peak>
    <ei-ms-peak>
      <ei-ms-id>1128</ei-ms-id>
      <id>121579</id>
      <intensity>112.0</intensity>
      <mass-charge>139.0</mass-charge>
    </ei-ms-peak>
    <ei-ms-peak>
      <ei-ms-id>1128</ei-ms-id>
      <id>121580</id>
      <intensity>61.0</intensity>
      <mass-charge>140.0</mass-charge>
    </ei-ms-peak>
    <ei-ms-peak>
      <ei-ms-id>1128</ei-ms-id>
      <id>121581</id>
      <intensity>132.0</intensity>
      <mass-charge>141.0</mass-charge>
    </ei-ms-peak>
    <ei-ms-peak>
      <ei-ms-id>1128</ei-ms-id>
      <id>121582</id>
      <intensity>20.0</intensity>
      <mass-charge>142.0</mass-charge>
    </ei-ms-peak>
    <ei-ms-peak>
      <ei-ms-id>1128</ei-ms-id>
      <id>121583</id>
      <intensity>190.0</intensity>
      <mass-charge>143.0</mass-charge>
    </ei-ms-peak>
    <ei-ms-peak>
      <ei-ms-id>1128</ei-ms-id>
      <id>121584</id>
      <intensity>68.0</intensity>
      <mass-charge>144.0</mass-charge>
    </ei-ms-peak>
    <ei-ms-peak>
      <ei-ms-id>1128</ei-ms-id>
      <id>121585</id>
      <intensity>36.0</intensity>
      <mass-charge>149.0</mass-charge>
    </ei-ms-peak>
    <ei-ms-peak>
      <ei-ms-id>1128</ei-ms-id>
      <id>121586</id>
      <intensity>39.0</intensity>
      <mass-charge>152.0</mass-charge>
    </ei-ms-peak>
    <ei-ms-peak>
      <ei-ms-id>1128</ei-ms-id>
      <id>121587</id>
      <intensity>68.0</intensity>
      <mass-charge>153.0</mass-charge>
    </ei-ms-peak>
    <ei-ms-peak>
      <ei-ms-id>1128</ei-ms-id>
      <id>121588</id>
      <intensity>42.0</intensity>
      <mass-charge>154.0</mass-charge>
    </ei-ms-peak>
    <ei-ms-peak>
      <ei-ms-id>1128</ei-ms-id>
      <id>121589</id>
      <intensity>72.0</intensity>
      <mass-charge>155.0</mass-charge>
    </ei-ms-peak>
    <ei-ms-peak>
      <ei-ms-id>1128</ei-ms-id>
      <id>121590</id>
      <intensity>471.0</intensity>
      <mass-charge>157.0</mass-charge>
    </ei-ms-peak>
    <ei-ms-peak>
      <ei-ms-id>1128</ei-ms-id>
      <id>121591</id>
      <intensity>91.0</intensity>
      <mass-charge>158.0</mass-charge>
    </ei-ms-peak>
    <ei-ms-peak>
      <ei-ms-id>1128</ei-ms-id>
      <id>121592</id>
      <intensity>11.0</intensity>
      <mass-charge>163.0</mass-charge>
    </ei-ms-peak>
    <ei-ms-peak>
      <ei-ms-id>1128</ei-ms-id>
      <id>121593</id>
      <intensity>45.0</intensity>
      <mass-charge>166.0</mass-charge>
    </ei-ms-peak>
    <ei-ms-peak>
      <ei-ms-id>1128</ei-ms-id>
      <id>121594</id>
      <intensity>31.0</intensity>
      <mass-charge>167.0</mass-charge>
    </ei-ms-peak>
    <ei-ms-peak>
      <ei-ms-id>1128</ei-ms-id>
      <id>121595</id>
      <intensity>48.0</intensity>
      <mass-charge>168.0</mass-charge>
    </ei-ms-peak>
    <ei-ms-peak>
      <ei-ms-id>1128</ei-ms-id>
      <id>121596</id>
      <intensity>432.0</intensity>
      <mass-charge>171.0</mass-charge>
    </ei-ms-peak>
    <ei-ms-peak>
      <ei-ms-id>1128</ei-ms-id>
      <id>121597</id>
      <intensity>65.0</intensity>
      <mass-charge>172.0</mass-charge>
    </ei-ms-peak>
    <ei-ms-peak>
      <ei-ms-id>1128</ei-ms-id>
      <id>121598</id>
      <intensity>26.0</intensity>
      <mass-charge>177.0</mass-charge>
    </ei-ms-peak>
    <ei-ms-peak>
      <ei-ms-id>1128</ei-ms-id>
      <id>121599</id>
      <intensity>24.0</intensity>
      <mass-charge>178.0</mass-charge>
    </ei-ms-peak>
    <ei-ms-peak>
      <ei-ms-id>1128</ei-ms-id>
      <id>121600</id>
      <intensity>352.0</intensity>
      <mass-charge>185.0</mass-charge>
    </ei-ms-peak>
    <ei-ms-peak>
      <ei-ms-id>1128</ei-ms-id>
      <id>121601</id>
      <intensity>53.0</intensity>
      <mass-charge>186.0</mass-charge>
    </ei-ms-peak>
    <ei-ms-peak>
      <ei-ms-id>1128</ei-ms-id>
      <id>121602</id>
      <intensity>155.0</intensity>
      <mass-charge>194.0</mass-charge>
    </ei-ms-peak>
    <ei-ms-peak>
      <ei-ms-id>1128</ei-ms-id>
      <id>121603</id>
      <intensity>23.0</intensity>
      <mass-charge>195.0</mass-charge>
    </ei-ms-peak>
    <ei-ms-peak>
      <ei-ms-id>1128</ei-ms-id>
      <id>121604</id>
      <intensity>105.0</intensity>
      <mass-charge>196.0</mass-charge>
    </ei-ms-peak>
    <ei-ms-peak>
      <ei-ms-id>1128</ei-ms-id>
      <id>121605</id>
      <intensity>80.0</intensity>
      <mass-charge>197.0</mass-charge>
    </ei-ms-peak>
    <ei-ms-peak>
      <ei-ms-id>1128</ei-ms-id>
      <id>121606</id>
      <intensity>137.0</intensity>
      <mass-charge>199.0</mass-charge>
    </ei-ms-peak>
    <ei-ms-peak>
      <ei-ms-id>1128</ei-ms-id>
      <id>121607</id>
      <intensity>20.0</intensity>
      <mass-charge>200.0</mass-charge>
    </ei-ms-peak>
    <ei-ms-peak>
      <ei-ms-id>1128</ei-ms-id>
      <id>121608</id>
      <intensity>19.0</intensity>
      <mass-charge>201.0</mass-charge>
    </ei-ms-peak>
    <ei-ms-peak>
      <ei-ms-id>1128</ei-ms-id>
      <id>121609</id>
      <intensity>898.0</intensity>
      <mass-charge>213.0</mass-charge>
    </ei-ms-peak>
    <ei-ms-peak>
      <ei-ms-id>1128</ei-ms-id>
      <id>121610</id>
      <intensity>144.0</intensity>
      <mass-charge>214.0</mass-charge>
    </ei-ms-peak>
    <ei-ms-peak>
      <ei-ms-id>1128</ei-ms-id>
      <id>121611</id>
      <intensity>33.0</intensity>
      <mass-charge>220.0</mass-charge>
    </ei-ms-peak>
    <ei-ms-peak>
      <ei-ms-id>1128</ei-ms-id>
      <id>121612</id>
      <intensity>178.0</intensity>
      <mass-charge>227.0</mass-charge>
    </ei-ms-peak>
    <ei-ms-peak>
      <ei-ms-id>1128</ei-ms-id>
      <id>121613</id>
      <intensity>39.0</intensity>
      <mass-charge>228.0</mass-charge>
    </ei-ms-peak>
    <ei-ms-peak>
      <ei-ms-id>1128</ei-ms-id>
      <id>121614</id>
      <intensity>35.0</intensity>
      <mass-charge>239.0</mass-charge>
    </ei-ms-peak>
    <ei-ms-peak>
      <ei-ms-id>1128</ei-ms-id>
      <id>121615</id>
      <intensity>1587.0</intensity>
      <mass-charge>256.0</mass-charge>
    </ei-ms-peak>
    <ei-ms-peak>
      <ei-ms-id>1128</ei-ms-id>
      <id>121616</id>
      <intensity>288.0</intensity>
      <mass-charge>257.0</mass-charge>
    </ei-ms-peak>
    <ei-ms-peak>
      <ei-ms-id>1128</ei-ms-id>
      <id>121617</id>
      <intensity>34.0</intensity>
      <mass-charge>258.0</mass-charge>
    </ei-ms-peak>
  </ei-ms-peaks>
</ei-ms>
