<?xml version="1.0" encoding="UTF-8"?>
<ei-ms>
  <collection-date nil="true"/>
  <created-at>2014-09-20T16:18:18Z</created-at>
  <database-id>HMDB41919</database-id>
  <id>44</id>
  <inchi-key>FJIKWRGCXUCUIG-UHFFFAOYSA-N</inchi-key>
  <instrument-type nil="true"/>
  <molecule-id nil="true"/>
  <notes nil="true"/>
  <peak-counter>133</peak-counter>
  <sample-assessment nil="true"/>
  <sample-concentration nil="true"/>
  <sample-concentration-units nil="true"/>
  <sample-mass nil="true"/>
  <sample-mass-units nil="true"/>
  <sample-source nil="true"/>
  <solvent nil="true"/>
  <spectra-assessment nil="true"/>
  <updated-at>2014-09-20T16:18:18Z</updated-at>
  <references>
    <reference>
      <database>NIST</database>
      <database-id>848-75-9</database-id>
      <id>14916</id>
      <pubmed-id nil="true"/>
      <ref-text>NIST Mass Spec Data Center, S.E. Stein, director, "Mass Spectra" in NIST Chemistry WebBook, NIST Standard Reference Database Number 69, Eds. P.J. Linstrom and W.G. Mallard, National Institute of Standards and Technology, Gaithersburg MD, 20899, http://webbook.nist.gov, (retrieved September 6, 2014).</ref-text>
      <spectra-id>44</spectra-id>
      <spectra-type>EiMs</spectra-type>
    </reference>
  </references>
  <ei-ms-peaks>
    <ei-ms-peak>
      <ei-ms-id>44</ei-ms-id>
      <id>4548</id>
      <intensity>120.0</intensity>
      <mass-charge>39.0</mass-charge>
    </ei-ms-peak>
    <ei-ms-peak>
      <ei-ms-id>44</ei-ms-id>
      <id>4549</id>
      <intensity>60.0</intensity>
      <mass-charge>40.0</mass-charge>
    </ei-ms-peak>
    <ei-ms-peak>
      <ei-ms-id>44</ei-ms-id>
      <id>4550</id>
      <intensity>120.0</intensity>
      <mass-charge>42.0</mass-charge>
    </ei-ms-peak>
    <ei-ms-peak>
      <ei-ms-id>44</ei-ms-id>
      <id>4551</id>
      <intensity>190.0</intensity>
      <mass-charge>43.0</mass-charge>
    </ei-ms-peak>
    <ei-ms-peak>
      <ei-ms-id>44</ei-ms-id>
      <id>4552</id>
      <intensity>60.0</intensity>
      <mass-charge>44.0</mass-charge>
    </ei-ms-peak>
    <ei-ms-peak>
      <ei-ms-id>44</ei-ms-id>
      <id>4553</id>
      <intensity>160.0</intensity>
      <mass-charge>50.0</mass-charge>
    </ei-ms-peak>
    <ei-ms-peak>
      <ei-ms-id>44</ei-ms-id>
      <id>4554</id>
      <intensity>210.0</intensity>
      <mass-charge>51.0</mass-charge>
    </ei-ms-peak>
    <ei-ms-peak>
      <ei-ms-id>44</ei-ms-id>
      <id>4555</id>
      <intensity>140.0</intensity>
      <mass-charge>55.0</mass-charge>
    </ei-ms-peak>
    <ei-ms-peak>
      <ei-ms-id>44</ei-ms-id>
      <id>4556</id>
      <intensity>160.0</intensity>
      <mass-charge>57.0</mass-charge>
    </ei-ms-peak>
    <ei-ms-peak>
      <ei-ms-id>44</ei-ms-id>
      <id>4557</id>
      <intensity>140.0</intensity>
      <mass-charge>62.0</mass-charge>
    </ei-ms-peak>
    <ei-ms-peak>
      <ei-ms-id>44</ei-ms-id>
      <id>4558</id>
      <intensity>240.0</intensity>
      <mass-charge>63.0</mass-charge>
    </ei-ms-peak>
    <ei-ms-peak>
      <ei-ms-id>44</ei-ms-id>
      <id>4559</id>
      <intensity>230.0</intensity>
      <mass-charge>73.0</mass-charge>
    </ei-ms-peak>
    <ei-ms-peak>
      <ei-ms-id>44</ei-ms-id>
      <id>4560</id>
      <intensity>270.0</intensity>
      <mass-charge>74.0</mass-charge>
    </ei-ms-peak>
    <ei-ms-peak>
      <ei-ms-id>44</ei-ms-id>
      <id>4561</id>
      <intensity>1101.0</intensity>
      <mass-charge>75.0</mass-charge>
    </ei-ms-peak>
    <ei-ms-peak>
      <ei-ms-id>44</ei-ms-id>
      <id>4562</id>
      <intensity>450.0</intensity>
      <mass-charge>76.0</mass-charge>
    </ei-ms-peak>
    <ei-ms-peak>
      <ei-ms-id>44</ei-ms-id>
      <id>4563</id>
      <intensity>580.0</intensity>
      <mass-charge>77.0</mass-charge>
    </ei-ms-peak>
    <ei-ms-peak>
      <ei-ms-id>44</ei-ms-id>
      <id>4564</id>
      <intensity>130.0</intensity>
      <mass-charge>78.0</mass-charge>
    </ei-ms-peak>
    <ei-ms-peak>
      <ei-ms-id>44</ei-ms-id>
      <id>4565</id>
      <intensity>230.0</intensity>
      <mass-charge>81.0</mass-charge>
    </ei-ms-peak>
    <ei-ms-peak>
      <ei-ms-id>44</ei-ms-id>
      <id>4566</id>
      <intensity>230.0</intensity>
      <mass-charge>82.0</mass-charge>
    </ei-ms-peak>
    <ei-ms-peak>
      <ei-ms-id>44</ei-ms-id>
      <id>4567</id>
      <intensity>180.0</intensity>
      <mass-charge>83.0</mass-charge>
    </ei-ms-peak>
    <ei-ms-peak>
      <ei-ms-id>44</ei-ms-id>
      <id>4568</id>
      <intensity>120.0</intensity>
      <mass-charge>84.0</mass-charge>
    </ei-ms-peak>
    <ei-ms-peak>
      <ei-ms-id>44</ei-ms-id>
      <id>4569</id>
      <intensity>260.0</intensity>
      <mass-charge>87.0</mass-charge>
    </ei-ms-peak>
    <ei-ms-peak>
      <ei-ms-id>44</ei-ms-id>
      <id>4570</id>
      <intensity>170.0</intensity>
      <mass-charge>88.0</mass-charge>
    </ei-ms-peak>
    <ei-ms-peak>
      <ei-ms-id>44</ei-ms-id>
      <id>4571</id>
      <intensity>280.0</intensity>
      <mass-charge>89.0</mass-charge>
    </ei-ms-peak>
    <ei-ms-peak>
      <ei-ms-id>44</ei-ms-id>
      <id>4572</id>
      <intensity>130.0</intensity>
      <mass-charge>91.0</mass-charge>
    </ei-ms-peak>
    <ei-ms-peak>
      <ei-ms-id>44</ei-ms-id>
      <id>4573</id>
      <intensity>330.0</intensity>
      <mass-charge>96.0</mass-charge>
    </ei-ms-peak>
    <ei-ms-peak>
      <ei-ms-id>44</ei-ms-id>
      <id>4574</id>
      <intensity>190.0</intensity>
      <mass-charge>98.0</mass-charge>
    </ei-ms-peak>
    <ei-ms-peak>
      <ei-ms-id>44</ei-ms-id>
      <id>4575</id>
      <intensity>290.0</intensity>
      <mass-charge>99.0</mass-charge>
    </ei-ms-peak>
    <ei-ms-peak>
      <ei-ms-id>44</ei-ms-id>
      <id>4576</id>
      <intensity>190.0</intensity>
      <mass-charge>100.0</mass-charge>
    </ei-ms-peak>
    <ei-ms-peak>
      <ei-ms-id>44</ei-ms-id>
      <id>4577</id>
      <intensity>120.0</intensity>
      <mass-charge>101.0</mass-charge>
    </ei-ms-peak>
    <ei-ms-peak>
      <ei-ms-id>44</ei-ms-id>
      <id>4578</id>
      <intensity>970.0</intensity>
      <mass-charge>102.0</mass-charge>
    </ei-ms-peak>
    <ei-ms-peak>
      <ei-ms-id>44</ei-ms-id>
      <id>4579</id>
      <intensity>470.0</intensity>
      <mass-charge>103.0</mass-charge>
    </ei-ms-peak>
    <ei-ms-peak>
      <ei-ms-id>44</ei-ms-id>
      <id>4580</id>
      <intensity>160.0</intensity>
      <mass-charge>105.0</mass-charge>
    </ei-ms-peak>
    <ei-ms-peak>
      <ei-ms-id>44</ei-ms-id>
      <id>4581</id>
      <intensity>110.0</intensity>
      <mass-charge>106.0</mass-charge>
    </ei-ms-peak>
    <ei-ms-peak>
      <ei-ms-id>44</ei-ms-id>
      <id>4582</id>
      <intensity>140.0</intensity>
      <mass-charge>109.0</mass-charge>
    </ei-ms-peak>
    <ei-ms-peak>
      <ei-ms-id>44</ei-ms-id>
      <id>4583</id>
      <intensity>260.0</intensity>
      <mass-charge>110.0</mass-charge>
    </ei-ms-peak>
    <ei-ms-peak>
      <ei-ms-id>44</ei-ms-id>
      <id>4584</id>
      <intensity>800.0</intensity>
      <mass-charge>111.0</mass-charge>
    </ei-ms-peak>
    <ei-ms-peak>
      <ei-ms-id>44</ei-ms-id>
      <id>4585</id>
      <intensity>290.0</intensity>
      <mass-charge>112.0</mass-charge>
    </ei-ms-peak>
    <ei-ms-peak>
      <ei-ms-id>44</ei-ms-id>
      <id>4586</id>
      <intensity>390.0</intensity>
      <mass-charge>113.0</mass-charge>
    </ei-ms-peak>
    <ei-ms-peak>
      <ei-ms-id>44</ei-ms-id>
      <id>4587</id>
      <intensity>240.0</intensity>
      <mass-charge>114.0</mass-charge>
    </ei-ms-peak>
    <ei-ms-peak>
      <ei-ms-id>44</ei-ms-id>
      <id>4588</id>
      <intensity>120.0</intensity>
      <mass-charge>115.0</mass-charge>
    </ei-ms-peak>
    <ei-ms-peak>
      <ei-ms-id>44</ei-ms-id>
      <id>4589</id>
      <intensity>410.0</intensity>
      <mass-charge>117.0</mass-charge>
    </ei-ms-peak>
    <ei-ms-peak>
      <ei-ms-id>44</ei-ms-id>
      <id>4590</id>
      <intensity>290.0</intensity>
      <mass-charge>121.0</mass-charge>
    </ei-ms-peak>
    <ei-ms-peak>
      <ei-ms-id>44</ei-ms-id>
      <id>4591</id>
      <intensity>210.0</intensity>
      <mass-charge>123.0</mass-charge>
    </ei-ms-peak>
    <ei-ms-peak>
      <ei-ms-id>44</ei-ms-id>
      <id>4592</id>
      <intensity>280.0</intensity>
      <mass-charge>124.0</mass-charge>
    </ei-ms-peak>
    <ei-ms-peak>
      <ei-ms-id>44</ei-ms-id>
      <id>4593</id>
      <intensity>610.0</intensity>
      <mass-charge>125.0</mass-charge>
    </ei-ms-peak>
    <ei-ms-peak>
      <ei-ms-id>44</ei-ms-id>
      <id>4594</id>
      <intensity>260.0</intensity>
      <mass-charge>126.0</mass-charge>
    </ei-ms-peak>
    <ei-ms-peak>
      <ei-ms-id>44</ei-ms-id>
      <id>4595</id>
      <intensity>230.0</intensity>
      <mass-charge>127.0</mass-charge>
    </ei-ms-peak>
    <ei-ms-peak>
      <ei-ms-id>44</ei-ms-id>
      <id>4596</id>
      <intensity>190.0</intensity>
      <mass-charge>132.0</mass-charge>
    </ei-ms-peak>
    <ei-ms-peak>
      <ei-ms-id>44</ei-ms-id>
      <id>4597</id>
      <intensity>220.0</intensity>
      <mass-charge>135.0</mass-charge>
    </ei-ms-peak>
    <ei-ms-peak>
      <ei-ms-id>44</ei-ms-id>
      <id>4598</id>
      <intensity>210.0</intensity>
      <mass-charge>136.0</mass-charge>
    </ei-ms-peak>
    <ei-ms-peak>
      <ei-ms-id>44</ei-ms-id>
      <id>4599</id>
      <intensity>310.0</intensity>
      <mass-charge>137.0</mass-charge>
    </ei-ms-peak>
    <ei-ms-peak>
      <ei-ms-id>44</ei-ms-id>
      <id>4600</id>
      <intensity>830.0</intensity>
      <mass-charge>138.0</mass-charge>
    </ei-ms-peak>
    <ei-ms-peak>
      <ei-ms-id>44</ei-ms-id>
      <id>4601</id>
      <intensity>700.0</intensity>
      <mass-charge>139.0</mass-charge>
    </ei-ms-peak>
    <ei-ms-peak>
      <ei-ms-id>44</ei-ms-id>
      <id>4602</id>
      <intensity>730.0</intensity>
      <mass-charge>140.0</mass-charge>
    </ei-ms-peak>
    <ei-ms-peak>
      <ei-ms-id>44</ei-ms-id>
      <id>4603</id>
      <intensity>210.0</intensity>
      <mass-charge>141.0</mass-charge>
    </ei-ms-peak>
    <ei-ms-peak>
      <ei-ms-id>44</ei-ms-id>
      <id>4604</id>
      <intensity>290.0</intensity>
      <mass-charge>149.0</mass-charge>
    </ei-ms-peak>
    <ei-ms-peak>
      <ei-ms-id>44</ei-ms-id>
      <id>4605</id>
      <intensity>550.0</intensity>
      <mass-charge>150.0</mass-charge>
    </ei-ms-peak>
    <ei-ms-peak>
      <ei-ms-id>44</ei-ms-id>
      <id>4606</id>
      <intensity>620.0</intensity>
      <mass-charge>151.0</mass-charge>
    </ei-ms-peak>
    <ei-ms-peak>
      <ei-ms-id>44</ei-ms-id>
      <id>4607</id>
      <intensity>530.0</intensity>
      <mass-charge>152.0</mass-charge>
    </ei-ms-peak>
    <ei-ms-peak>
      <ei-ms-id>44</ei-ms-id>
      <id>4608</id>
      <intensity>210.0</intensity>
      <mass-charge>153.0</mass-charge>
    </ei-ms-peak>
    <ei-ms-peak>
      <ei-ms-id>44</ei-ms-id>
      <id>4609</id>
      <intensity>130.0</intensity>
      <mass-charge>154.0</mass-charge>
    </ei-ms-peak>
    <ei-ms-peak>
      <ei-ms-id>44</ei-ms-id>
      <id>4610</id>
      <intensity>130.0</intensity>
      <mass-charge>161.0</mass-charge>
    </ei-ms-peak>
    <ei-ms-peak>
      <ei-ms-id>44</ei-ms-id>
      <id>4611</id>
      <intensity>130.0</intensity>
      <mass-charge>162.0</mass-charge>
    </ei-ms-peak>
    <ei-ms-peak>
      <ei-ms-id>44</ei-ms-id>
      <id>4612</id>
      <intensity>520.0</intensity>
      <mass-charge>163.0</mass-charge>
    </ei-ms-peak>
    <ei-ms-peak>
      <ei-ms-id>44</ei-ms-id>
      <id>4613</id>
      <intensity>450.0</intensity>
      <mass-charge>164.0</mass-charge>
    </ei-ms-peak>
    <ei-ms-peak>
      <ei-ms-id>44</ei-ms-id>
      <id>4614</id>
      <intensity>900.0</intensity>
      <mass-charge>165.0</mass-charge>
    </ei-ms-peak>
    <ei-ms-peak>
      <ei-ms-id>44</ei-ms-id>
      <id>4615</id>
      <intensity>260.0</intensity>
      <mass-charge>166.0</mass-charge>
    </ei-ms-peak>
    <ei-ms-peak>
      <ei-ms-id>44</ei-ms-id>
      <id>4616</id>
      <intensity>270.0</intensity>
      <mass-charge>167.0</mass-charge>
    </ei-ms-peak>
    <ei-ms-peak>
      <ei-ms-id>44</ei-ms-id>
      <id>4617</id>
      <intensity>140.0</intensity>
      <mass-charge>175.0</mass-charge>
    </ei-ms-peak>
    <ei-ms-peak>
      <ei-ms-id>44</ei-ms-id>
      <id>4618</id>
      <intensity>220.0</intensity>
      <mass-charge>176.0</mass-charge>
    </ei-ms-peak>
    <ei-ms-peak>
      <ei-ms-id>44</ei-ms-id>
      <id>4619</id>
      <intensity>750.0</intensity>
      <mass-charge>177.0</mass-charge>
    </ei-ms-peak>
    <ei-ms-peak>
      <ei-ms-id>44</ei-ms-id>
      <id>4620</id>
      <intensity>290.0</intensity>
      <mass-charge>178.0</mass-charge>
    </ei-ms-peak>
    <ei-ms-peak>
      <ei-ms-id>44</ei-ms-id>
      <id>4621</id>
      <intensity>220.0</intensity>
      <mass-charge>179.0</mass-charge>
    </ei-ms-peak>
    <ei-ms-peak>
      <ei-ms-id>44</ei-ms-id>
      <id>4622</id>
      <intensity>190.0</intensity>
      <mass-charge>180.0</mass-charge>
    </ei-ms-peak>
    <ei-ms-peak>
      <ei-ms-id>44</ei-ms-id>
      <id>4623</id>
      <intensity>130.0</intensity>
      <mass-charge>186.0</mass-charge>
    </ei-ms-peak>
    <ei-ms-peak>
      <ei-ms-id>44</ei-ms-id>
      <id>4624</id>
      <intensity>170.0</intensity>
      <mass-charge>190.0</mass-charge>
    </ei-ms-peak>
    <ei-ms-peak>
      <ei-ms-id>44</ei-ms-id>
      <id>4625</id>
      <intensity>320.0</intensity>
      <mass-charge>191.0</mass-charge>
    </ei-ms-peak>
    <ei-ms-peak>
      <ei-ms-id>44</ei-ms-id>
      <id>4626</id>
      <intensity>320.0</intensity>
      <mass-charge>192.0</mass-charge>
    </ei-ms-peak>
    <ei-ms-peak>
      <ei-ms-id>44</ei-ms-id>
      <id>4627</id>
      <intensity>560.0</intensity>
      <mass-charge>193.0</mass-charge>
    </ei-ms-peak>
    <ei-ms-peak>
      <ei-ms-id>44</ei-ms-id>
      <id>4628</id>
      <intensity>340.0</intensity>
      <mass-charge>195.0</mass-charge>
    </ei-ms-peak>
    <ei-ms-peak>
      <ei-ms-id>44</ei-ms-id>
      <id>4629</id>
      <intensity>120.0</intensity>
      <mass-charge>197.0</mass-charge>
    </ei-ms-peak>
    <ei-ms-peak>
      <ei-ms-id>44</ei-ms-id>
      <id>4630</id>
      <intensity>310.0</intensity>
      <mass-charge>199.0</mass-charge>
    </ei-ms-peak>
    <ei-ms-peak>
      <ei-ms-id>44</ei-ms-id>
      <id>4631</id>
      <intensity>160.0</intensity>
      <mass-charge>200.0</mass-charge>
    </ei-ms-peak>
    <ei-ms-peak>
      <ei-ms-id>44</ei-ms-id>
      <id>4632</id>
      <intensity>160.0</intensity>
      <mass-charge>201.0</mass-charge>
    </ei-ms-peak>
    <ei-ms-peak>
      <ei-ms-id>44</ei-ms-id>
      <id>4633</id>
      <intensity>160.0</intensity>
      <mass-charge>205.0</mass-charge>
    </ei-ms-peak>
    <ei-ms-peak>
      <ei-ms-id>44</ei-ms-id>
      <id>4634</id>
      <intensity>160.0</intensity>
      <mass-charge>206.0</mass-charge>
    </ei-ms-peak>
    <ei-ms-peak>
      <ei-ms-id>44</ei-ms-id>
      <id>4635</id>
      <intensity>160.0</intensity>
      <mass-charge>207.0</mass-charge>
    </ei-ms-peak>
    <ei-ms-peak>
      <ei-ms-id>44</ei-ms-id>
      <id>4636</id>
      <intensity>130.0</intensity>
      <mass-charge>213.0</mass-charge>
    </ei-ms-peak>
    <ei-ms-peak>
      <ei-ms-id>44</ei-ms-id>
      <id>4637</id>
      <intensity>220.0</intensity>
      <mass-charge>214.0</mass-charge>
    </ei-ms-peak>
    <ei-ms-peak>
      <ei-ms-id>44</ei-ms-id>
      <id>4638</id>
      <intensity>220.0</intensity>
      <mass-charge>226.0</mass-charge>
    </ei-ms-peak>
    <ei-ms-peak>
      <ei-ms-id>44</ei-ms-id>
      <id>4639</id>
      <intensity>460.0</intensity>
      <mass-charge>227.0</mass-charge>
    </ei-ms-peak>
    <ei-ms-peak>
      <ei-ms-id>44</ei-ms-id>
      <id>4640</id>
      <intensity>370.0</intensity>
      <mass-charge>228.0</mass-charge>
    </ei-ms-peak>
    <ei-ms-peak>
      <ei-ms-id>44</ei-ms-id>
      <id>4641</id>
      <intensity>180.0</intensity>
      <mass-charge>229.0</mass-charge>
    </ei-ms-peak>
    <ei-ms-peak>
      <ei-ms-id>44</ei-ms-id>
      <id>4642</id>
      <intensity>190.0</intensity>
      <mass-charge>235.0</mass-charge>
    </ei-ms-peak>
    <ei-ms-peak>
      <ei-ms-id>44</ei-ms-id>
      <id>4643</id>
      <intensity>190.0</intensity>
      <mass-charge>239.0</mass-charge>
    </ei-ms-peak>
    <ei-ms-peak>
      <ei-ms-id>44</ei-ms-id>
      <id>4644</id>
      <intensity>130.0</intensity>
      <mass-charge>241.0</mass-charge>
    </ei-ms-peak>
    <ei-ms-peak>
      <ei-ms-id>44</ei-ms-id>
      <id>4645</id>
      <intensity>140.0</intensity>
      <mass-charge>242.0</mass-charge>
    </ei-ms-peak>
    <ei-ms-peak>
      <ei-ms-id>44</ei-ms-id>
      <id>4646</id>
      <intensity>180.0</intensity>
      <mass-charge>243.0</mass-charge>
    </ei-ms-peak>
    <ei-ms-peak>
      <ei-ms-id>44</ei-ms-id>
      <id>4647</id>
      <intensity>120.0</intensity>
      <mass-charge>250.0</mass-charge>
    </ei-ms-peak>
    <ei-ms-peak>
      <ei-ms-id>44</ei-ms-id>
      <id>4648</id>
      <intensity>160.0</intensity>
      <mass-charge>254.0</mass-charge>
    </ei-ms-peak>
    <ei-ms-peak>
      <ei-ms-id>44</ei-ms-id>
      <id>4649</id>
      <intensity>710.0</intensity>
      <mass-charge>255.0</mass-charge>
    </ei-ms-peak>
    <ei-ms-peak>
      <ei-ms-id>44</ei-ms-id>
      <id>4650</id>
      <intensity>240.0</intensity>
      <mass-charge>256.0</mass-charge>
    </ei-ms-peak>
    <ei-ms-peak>
      <ei-ms-id>44</ei-ms-id>
      <id>4651</id>
      <intensity>230.0</intensity>
      <mass-charge>257.0</mass-charge>
    </ei-ms-peak>
    <ei-ms-peak>
      <ei-ms-id>44</ei-ms-id>
      <id>4652</id>
      <intensity>170.0</intensity>
      <mass-charge>261.0</mass-charge>
    </ei-ms-peak>
    <ei-ms-peak>
      <ei-ms-id>44</ei-ms-id>
      <id>4653</id>
      <intensity>420.0</intensity>
      <mass-charge>262.0</mass-charge>
    </ei-ms-peak>
    <ei-ms-peak>
      <ei-ms-id>44</ei-ms-id>
      <id>4654</id>
      <intensity>140.0</intensity>
      <mass-charge>263.0</mass-charge>
    </ei-ms-peak>
    <ei-ms-peak>
      <ei-ms-id>44</ei-ms-id>
      <id>4655</id>
      <intensity>420.0</intensity>
      <mass-charge>264.0</mass-charge>
    </ei-ms-peak>
    <ei-ms-peak>
      <ei-ms-id>44</ei-ms-id>
      <id>4656</id>
      <intensity>430.0</intensity>
      <mass-charge>269.0</mass-charge>
    </ei-ms-peak>
    <ei-ms-peak>
      <ei-ms-id>44</ei-ms-id>
      <id>4657</id>
      <intensity>130.0</intensity>
      <mass-charge>270.0</mass-charge>
    </ei-ms-peak>
    <ei-ms-peak>
      <ei-ms-id>44</ei-ms-id>
      <id>4658</id>
      <intensity>240.0</intensity>
      <mass-charge>271.0</mass-charge>
    </ei-ms-peak>
    <ei-ms-peak>
      <ei-ms-id>44</ei-ms-id>
      <id>4659</id>
      <intensity>220.0</intensity>
      <mass-charge>273.0</mass-charge>
    </ei-ms-peak>
    <ei-ms-peak>
      <ei-ms-id>44</ei-ms-id>
      <id>4660</id>
      <intensity>140.0</intensity>
      <mass-charge>275.0</mass-charge>
    </ei-ms-peak>
    <ei-ms-peak>
      <ei-ms-id>44</ei-ms-id>
      <id>4661</id>
      <intensity>120.0</intensity>
      <mass-charge>277.0</mass-charge>
    </ei-ms-peak>
    <ei-ms-peak>
      <ei-ms-id>44</ei-ms-id>
      <id>4662</id>
      <intensity>620.0</intensity>
      <mass-charge>289.0</mass-charge>
    </ei-ms-peak>
    <ei-ms-peak>
      <ei-ms-id>44</ei-ms-id>
      <id>4663</id>
      <intensity>330.0</intensity>
      <mass-charge>290.0</mass-charge>
    </ei-ms-peak>
    <ei-ms-peak>
      <ei-ms-id>44</ei-ms-id>
      <id>4664</id>
      <intensity>820.0</intensity>
      <mass-charge>291.0</mass-charge>
    </ei-ms-peak>
    <ei-ms-peak>
      <ei-ms-id>44</ei-ms-id>
      <id>4665</id>
      <intensity>190.0</intensity>
      <mass-charge>292.0</mass-charge>
    </ei-ms-peak>
    <ei-ms-peak>
      <ei-ms-id>44</ei-ms-id>
      <id>4666</id>
      <intensity>210.0</intensity>
      <mass-charge>293.0</mass-charge>
    </ei-ms-peak>
    <ei-ms-peak>
      <ei-ms-id>44</ei-ms-id>
      <id>4667</id>
      <intensity>220.0</intensity>
      <mass-charge>299.0</mass-charge>
    </ei-ms-peak>
    <ei-ms-peak>
      <ei-ms-id>44</ei-ms-id>
      <id>4668</id>
      <intensity>160.0</intensity>
      <mass-charge>304.0</mass-charge>
    </ei-ms-peak>
    <ei-ms-peak>
      <ei-ms-id>44</ei-ms-id>
      <id>4669</id>
      <intensity>9999.0</intensity>
      <mass-charge>305.0</mass-charge>
    </ei-ms-peak>
    <ei-ms-peak>
      <ei-ms-id>44</ei-ms-id>
      <id>4670</id>
      <intensity>1661.0</intensity>
      <mass-charge>306.0</mass-charge>
    </ei-ms-peak>
    <ei-ms-peak>
      <ei-ms-id>44</ei-ms-id>
      <id>4671</id>
      <intensity>6045.0</intensity>
      <mass-charge>307.0</mass-charge>
    </ei-ms-peak>
    <ei-ms-peak>
      <ei-ms-id>44</ei-ms-id>
      <id>4672</id>
      <intensity>1080.0</intensity>
      <mass-charge>308.0</mass-charge>
    </ei-ms-peak>
    <ei-ms-peak>
      <ei-ms-id>44</ei-ms-id>
      <id>4673</id>
      <intensity>970.0</intensity>
      <mass-charge>309.0</mass-charge>
    </ei-ms-peak>
    <ei-ms-peak>
      <ei-ms-id>44</ei-ms-id>
      <id>4674</id>
      <intensity>160.0</intensity>
      <mass-charge>310.0</mass-charge>
    </ei-ms-peak>
    <ei-ms-peak>
      <ei-ms-id>44</ei-ms-id>
      <id>4675</id>
      <intensity>970.0</intensity>
      <mass-charge>334.0</mass-charge>
    </ei-ms-peak>
    <ei-ms-peak>
      <ei-ms-id>44</ei-ms-id>
      <id>4676</id>
      <intensity>180.0</intensity>
      <mass-charge>335.0</mass-charge>
    </ei-ms-peak>
    <ei-ms-peak>
      <ei-ms-id>44</ei-ms-id>
      <id>4677</id>
      <intensity>560.0</intensity>
      <mass-charge>336.0</mass-charge>
    </ei-ms-peak>
    <ei-ms-peak>
      <ei-ms-id>44</ei-ms-id>
      <id>4678</id>
      <intensity>120.0</intensity>
      <mass-charge>337.0</mass-charge>
    </ei-ms-peak>
    <ei-ms-peak>
      <ei-ms-id>44</ei-ms-id>
      <id>4679</id>
      <intensity>115.0</intensity>
      <mass-charge>338.0</mass-charge>
    </ei-ms-peak>
    <ei-ms-peak>
      <ei-ms-id>44</ei-ms-id>
      <id>4680</id>
      <intensity>20.0</intensity>
      <mass-charge>339.0</mass-charge>
    </ei-ms-peak>
  </ei-ms-peaks>
</ei-ms>
