<?xml version="1.0" encoding="UTF-8"?>
<ei-ms>
  <collection-date nil="true"/>
  <created-at>2014-09-20T16:22:31Z</created-at>
  <database-id>HMDB14397</database-id>
  <id>207</id>
  <inchi-key>CXOFVDLJLONNDW-UHFFFAOYSA-N</inchi-key>
  <instrument-type nil="true"/>
  <molecule-id nil="true"/>
  <notes nil="true"/>
  <peak-counter>122</peak-counter>
  <sample-assessment nil="true"/>
  <sample-concentration nil="true"/>
  <sample-concentration-units nil="true"/>
  <sample-mass nil="true"/>
  <sample-mass-units nil="true"/>
  <sample-source nil="true"/>
  <solvent nil="true"/>
  <spectra-assessment nil="true"/>
  <updated-at>2014-09-20T16:22:31Z</updated-at>
  <references>
    <reference>
      <database>NIST</database>
      <database-id>57-41-0</database-id>
      <id>15079</id>
      <pubmed-id nil="true"/>
      <ref-text>NIST Mass Spec Data Center, S.E. Stein, director, "Mass Spectra" in NIST Chemistry WebBook, NIST Standard Reference Database Number 69, Eds. P.J. Linstrom and W.G. Mallard, National Institute of Standards and Technology, Gaithersburg MD, 20899, http://webbook.nist.gov, (retrieved September 6, 2014).</ref-text>
      <spectra-id>207</spectra-id>
      <spectra-type>EiMs</spectra-type>
    </reference>
  </references>
  <ei-ms-peaks>
    <ei-ms-peak>
      <ei-ms-id>207</ei-ms-id>
      <id>24072</id>
      <intensity>10.0</intensity>
      <mass-charge>26.0</mass-charge>
    </ei-ms-peak>
    <ei-ms-peak>
      <ei-ms-id>207</ei-ms-id>
      <id>24073</id>
      <intensity>100.0</intensity>
      <mass-charge>27.0</mass-charge>
    </ei-ms-peak>
    <ei-ms-peak>
      <ei-ms-id>207</ei-ms-id>
      <id>24074</id>
      <intensity>10.0</intensity>
      <mass-charge>29.0</mass-charge>
    </ei-ms-peak>
    <ei-ms-peak>
      <ei-ms-id>207</ei-ms-id>
      <id>24075</id>
      <intensity>20.0</intensity>
      <mass-charge>37.0</mass-charge>
    </ei-ms-peak>
    <ei-ms-peak>
      <ei-ms-id>207</ei-ms-id>
      <id>24076</id>
      <intensity>60.0</intensity>
      <mass-charge>38.0</mass-charge>
    </ei-ms-peak>
    <ei-ms-peak>
      <ei-ms-id>207</ei-ms-id>
      <id>24077</id>
      <intensity>310.0</intensity>
      <mass-charge>39.0</mass-charge>
    </ei-ms-peak>
    <ei-ms-peak>
      <ei-ms-id>207</ei-ms-id>
      <id>24078</id>
      <intensity>20.0</intensity>
      <mass-charge>40.0</mass-charge>
    </ei-ms-peak>
    <ei-ms-peak>
      <ei-ms-id>207</ei-ms-id>
      <id>24079</id>
      <intensity>10.0</intensity>
      <mass-charge>42.0</mass-charge>
    </ei-ms-peak>
    <ei-ms-peak>
      <ei-ms-id>207</ei-ms-id>
      <id>24080</id>
      <intensity>60.0</intensity>
      <mass-charge>43.0</mass-charge>
    </ei-ms-peak>
    <ei-ms-peak>
      <ei-ms-id>207</ei-ms-id>
      <id>24081</id>
      <intensity>110.0</intensity>
      <mass-charge>44.0</mass-charge>
    </ei-ms-peak>
    <ei-ms-peak>
      <ei-ms-id>207</ei-ms-id>
      <id>24082</id>
      <intensity>20.0</intensity>
      <mass-charge>49.0</mass-charge>
    </ei-ms-peak>
    <ei-ms-peak>
      <ei-ms-id>207</ei-ms-id>
      <id>24083</id>
      <intensity>610.0</intensity>
      <mass-charge>50.0</mass-charge>
    </ei-ms-peak>
    <ei-ms-peak>
      <ei-ms-id>207</ei-ms-id>
      <id>24084</id>
      <intensity>2200.0</intensity>
      <mass-charge>51.0</mass-charge>
    </ei-ms-peak>
    <ei-ms-peak>
      <ei-ms-id>207</ei-ms-id>
      <id>24085</id>
      <intensity>390.0</intensity>
      <mass-charge>52.0</mass-charge>
    </ei-ms-peak>
    <ei-ms-peak>
      <ei-ms-id>207</ei-ms-id>
      <id>24086</id>
      <intensity>40.0</intensity>
      <mass-charge>53.0</mass-charge>
    </ei-ms-peak>
    <ei-ms-peak>
      <ei-ms-id>207</ei-ms-id>
      <id>24087</id>
      <intensity>10.0</intensity>
      <mass-charge>56.0</mass-charge>
    </ei-ms-peak>
    <ei-ms-peak>
      <ei-ms-id>207</ei-ms-id>
      <id>24088</id>
      <intensity>30.0</intensity>
      <mass-charge>61.0</mass-charge>
    </ei-ms-peak>
    <ei-ms-peak>
      <ei-ms-id>207</ei-ms-id>
      <id>24089</id>
      <intensity>140.0</intensity>
      <mass-charge>62.0</mass-charge>
    </ei-ms-peak>
    <ei-ms-peak>
      <ei-ms-id>207</ei-ms-id>
      <id>24090</id>
      <intensity>380.0</intensity>
      <mass-charge>63.0</mass-charge>
    </ei-ms-peak>
    <ei-ms-peak>
      <ei-ms-id>207</ei-ms-id>
      <id>24091</id>
      <intensity>90.0</intensity>
      <mass-charge>64.0</mass-charge>
    </ei-ms-peak>
    <ei-ms-peak>
      <ei-ms-id>207</ei-ms-id>
      <id>24092</id>
      <intensity>80.0</intensity>
      <mass-charge>65.0</mass-charge>
    </ei-ms-peak>
    <ei-ms-peak>
      <ei-ms-id>207</ei-ms-id>
      <id>24093</id>
      <intensity>10.0</intensity>
      <mass-charge>66.0</mass-charge>
    </ei-ms-peak>
    <ei-ms-peak>
      <ei-ms-id>207</ei-ms-id>
      <id>24094</id>
      <intensity>340.0</intensity>
      <mass-charge>70.0</mass-charge>
    </ei-ms-peak>
    <ei-ms-peak>
      <ei-ms-id>207</ei-ms-id>
      <id>24095</id>
      <intensity>20.0</intensity>
      <mass-charge>73.0</mass-charge>
    </ei-ms-peak>
    <ei-ms-peak>
      <ei-ms-id>207</ei-ms-id>
      <id>24096</id>
      <intensity>250.0</intensity>
      <mass-charge>74.0</mass-charge>
    </ei-ms-peak>
    <ei-ms-peak>
      <ei-ms-id>207</ei-ms-id>
      <id>24097</id>
      <intensity>300.0</intensity>
      <mass-charge>75.0</mass-charge>
    </ei-ms-peak>
    <ei-ms-peak>
      <ei-ms-id>207</ei-ms-id>
      <id>24098</id>
      <intensity>820.0</intensity>
      <mass-charge>76.0</mass-charge>
    </ei-ms-peak>
    <ei-ms-peak>
      <ei-ms-id>207</ei-ms-id>
      <id>24099</id>
      <intensity>4570.0</intensity>
      <mass-charge>77.0</mass-charge>
    </ei-ms-peak>
    <ei-ms-peak>
      <ei-ms-id>207</ei-ms-id>
      <id>24100</id>
      <intensity>1240.0</intensity>
      <mass-charge>78.0</mass-charge>
    </ei-ms-peak>
    <ei-ms-peak>
      <ei-ms-id>207</ei-ms-id>
      <id>24101</id>
      <intensity>90.0</intensity>
      <mass-charge>79.0</mass-charge>
    </ei-ms-peak>
    <ei-ms-peak>
      <ei-ms-id>207</ei-ms-id>
      <id>24102</id>
      <intensity>1000.0</intensity>
      <mass-charge>82.0</mass-charge>
    </ei-ms-peak>
    <ei-ms-peak>
      <ei-ms-id>207</ei-ms-id>
      <id>24103</id>
      <intensity>10.0</intensity>
      <mass-charge>85.0</mass-charge>
    </ei-ms-peak>
    <ei-ms-peak>
      <ei-ms-id>207</ei-ms-id>
      <id>24104</id>
      <intensity>90.0</intensity>
      <mass-charge>86.0</mass-charge>
    </ei-ms-peak>
    <ei-ms-peak>
      <ei-ms-id>207</ei-ms-id>
      <id>24105</id>
      <intensity>150.0</intensity>
      <mass-charge>87.0</mass-charge>
    </ei-ms-peak>
    <ei-ms-peak>
      <ei-ms-id>207</ei-ms-id>
      <id>24106</id>
      <intensity>90.0</intensity>
      <mass-charge>88.0</mass-charge>
    </ei-ms-peak>
    <ei-ms-peak>
      <ei-ms-id>207</ei-ms-id>
      <id>24107</id>
      <intensity>220.0</intensity>
      <mass-charge>89.0</mass-charge>
    </ei-ms-peak>
    <ei-ms-peak>
      <ei-ms-id>207</ei-ms-id>
      <id>24108</id>
      <intensity>550.0</intensity>
      <mass-charge>90.0</mass-charge>
    </ei-ms-peak>
    <ei-ms-peak>
      <ei-ms-id>207</ei-ms-id>
      <id>24109</id>
      <intensity>30.0</intensity>
      <mass-charge>92.0</mass-charge>
    </ei-ms-peak>
    <ei-ms-peak>
      <ei-ms-id>207</ei-ms-id>
      <id>24110</id>
      <intensity>60.0</intensity>
      <mass-charge>93.0</mass-charge>
    </ei-ms-peak>
    <ei-ms-peak>
      <ei-ms-id>207</ei-ms-id>
      <id>24111</id>
      <intensity>40.0</intensity>
      <mass-charge>98.0</mass-charge>
    </ei-ms-peak>
    <ei-ms-peak>
      <ei-ms-id>207</ei-ms-id>
      <id>24112</id>
      <intensity>50.0</intensity>
      <mass-charge>99.0</mass-charge>
    </ei-ms-peak>
    <ei-ms-peak>
      <ei-ms-id>207</ei-ms-id>
      <id>24113</id>
      <intensity>40.0</intensity>
      <mass-charge>100.0</mass-charge>
    </ei-ms-peak>
    <ei-ms-peak>
      <ei-ms-id>207</ei-ms-id>
      <id>24114</id>
      <intensity>60.0</intensity>
      <mass-charge>101.0</mass-charge>
    </ei-ms-peak>
    <ei-ms-peak>
      <ei-ms-id>207</ei-ms-id>
      <id>24115</id>
      <intensity>170.0</intensity>
      <mass-charge>102.0</mass-charge>
    </ei-ms-peak>
    <ei-ms-peak>
      <ei-ms-id>207</ei-ms-id>
      <id>24116</id>
      <intensity>350.0</intensity>
      <mass-charge>103.0</mass-charge>
    </ei-ms-peak>
    <ei-ms-peak>
      <ei-ms-id>207</ei-ms-id>
      <id>24117</id>
      <intensity>6139.0</intensity>
      <mass-charge>104.0</mass-charge>
    </ei-ms-peak>
    <ei-ms-peak>
      <ei-ms-id>207</ei-ms-id>
      <id>24118</id>
      <intensity>700.0</intensity>
      <mass-charge>105.0</mass-charge>
    </ei-ms-peak>
    <ei-ms-peak>
      <ei-ms-id>207</ei-ms-id>
      <id>24119</id>
      <intensity>40.0</intensity>
      <mass-charge>106.0</mass-charge>
    </ei-ms-peak>
    <ei-ms-peak>
      <ei-ms-id>207</ei-ms-id>
      <id>24120</id>
      <intensity>20.0</intensity>
      <mass-charge>110.0</mass-charge>
    </ei-ms-peak>
    <ei-ms-peak>
      <ei-ms-id>207</ei-ms-id>
      <id>24121</id>
      <intensity>50.0</intensity>
      <mass-charge>111.0</mass-charge>
    </ei-ms-peak>
    <ei-ms-peak>
      <ei-ms-id>207</ei-ms-id>
      <id>24122</id>
      <intensity>20.0</intensity>
      <mass-charge>112.0</mass-charge>
    </ei-ms-peak>
    <ei-ms-peak>
      <ei-ms-id>207</ei-ms-id>
      <id>24123</id>
      <intensity>120.0</intensity>
      <mass-charge>113.0</mass-charge>
    </ei-ms-peak>
    <ei-ms-peak>
      <ei-ms-id>207</ei-ms-id>
      <id>24124</id>
      <intensity>70.0</intensity>
      <mass-charge>114.0</mass-charge>
    </ei-ms-peak>
    <ei-ms-peak>
      <ei-ms-id>207</ei-ms-id>
      <id>24125</id>
      <intensity>240.0</intensity>
      <mass-charge>115.0</mass-charge>
    </ei-ms-peak>
    <ei-ms-peak>
      <ei-ms-id>207</ei-ms-id>
      <id>24126</id>
      <intensity>20.0</intensity>
      <mass-charge>116.0</mass-charge>
    </ei-ms-peak>
    <ei-ms-peak>
      <ei-ms-id>207</ei-ms-id>
      <id>24127</id>
      <intensity>30.0</intensity>
      <mass-charge>117.0</mass-charge>
    </ei-ms-peak>
    <ei-ms-peak>
      <ei-ms-id>207</ei-ms-id>
      <id>24128</id>
      <intensity>30.0</intensity>
      <mass-charge>118.0</mass-charge>
    </ei-ms-peak>
    <ei-ms-peak>
      <ei-ms-id>207</ei-ms-id>
      <id>24129</id>
      <intensity>20.0</intensity>
      <mass-charge>119.0</mass-charge>
    </ei-ms-peak>
    <ei-ms-peak>
      <ei-ms-id>207</ei-ms-id>
      <id>24130</id>
      <intensity>10.0</intensity>
      <mass-charge>120.0</mass-charge>
    </ei-ms-peak>
    <ei-ms-peak>
      <ei-ms-id>207</ei-ms-id>
      <id>24131</id>
      <intensity>20.0</intensity>
      <mass-charge>121.0</mass-charge>
    </ei-ms-peak>
    <ei-ms-peak>
      <ei-ms-id>207</ei-ms-id>
      <id>24132</id>
      <intensity>30.0</intensity>
      <mass-charge>125.0</mass-charge>
    </ei-ms-peak>
    <ei-ms-peak>
      <ei-ms-id>207</ei-ms-id>
      <id>24133</id>
      <intensity>170.0</intensity>
      <mass-charge>126.0</mass-charge>
    </ei-ms-peak>
    <ei-ms-peak>
      <ei-ms-id>207</ei-ms-id>
      <id>24134</id>
      <intensity>120.0</intensity>
      <mass-charge>127.0</mass-charge>
    </ei-ms-peak>
    <ei-ms-peak>
      <ei-ms-id>207</ei-ms-id>
      <id>24135</id>
      <intensity>60.0</intensity>
      <mass-charge>128.0</mass-charge>
    </ei-ms-peak>
    <ei-ms-peak>
      <ei-ms-id>207</ei-ms-id>
      <id>24136</id>
      <intensity>20.0</intensity>
      <mass-charge>129.0</mass-charge>
    </ei-ms-peak>
    <ei-ms-peak>
      <ei-ms-id>207</ei-ms-id>
      <id>24137</id>
      <intensity>210.0</intensity>
      <mass-charge>130.0</mass-charge>
    </ei-ms-peak>
    <ei-ms-peak>
      <ei-ms-id>207</ei-ms-id>
      <id>24138</id>
      <intensity>20.0</intensity>
      <mass-charge>131.0</mass-charge>
    </ei-ms-peak>
    <ei-ms-peak>
      <ei-ms-id>207</ei-ms-id>
      <id>24139</id>
      <intensity>110.0</intensity>
      <mass-charge>132.0</mass-charge>
    </ei-ms-peak>
    <ei-ms-peak>
      <ei-ms-id>207</ei-ms-id>
      <id>24140</id>
      <intensity>10.0</intensity>
      <mass-charge>133.0</mass-charge>
    </ei-ms-peak>
    <ei-ms-peak>
      <ei-ms-id>207</ei-ms-id>
      <id>24141</id>
      <intensity>50.0</intensity>
      <mass-charge>137.0</mass-charge>
    </ei-ms-peak>
    <ei-ms-peak>
      <ei-ms-id>207</ei-ms-id>
      <id>24142</id>
      <intensity>50.0</intensity>
      <mass-charge>138.0</mass-charge>
    </ei-ms-peak>
    <ei-ms-peak>
      <ei-ms-id>207</ei-ms-id>
      <id>24143</id>
      <intensity>400.0</intensity>
      <mass-charge>139.0</mass-charge>
    </ei-ms-peak>
    <ei-ms-peak>
      <ei-ms-id>207</ei-ms-id>
      <id>24144</id>
      <intensity>90.0</intensity>
      <mass-charge>140.0</mass-charge>
    </ei-ms-peak>
    <ei-ms-peak>
      <ei-ms-id>207</ei-ms-id>
      <id>24145</id>
      <intensity>20.0</intensity>
      <mass-charge>141.0</mass-charge>
    </ei-ms-peak>
    <ei-ms-peak>
      <ei-ms-id>207</ei-ms-id>
      <id>24146</id>
      <intensity>80.0</intensity>
      <mass-charge>145.0</mass-charge>
    </ei-ms-peak>
    <ei-ms-peak>
      <ei-ms-id>207</ei-ms-id>
      <id>24147</id>
      <intensity>30.0</intensity>
      <mass-charge>146.0</mass-charge>
    </ei-ms-peak>
    <ei-ms-peak>
      <ei-ms-id>207</ei-ms-id>
      <id>24148</id>
      <intensity>980.0</intensity>
      <mass-charge>147.0</mass-charge>
    </ei-ms-peak>
    <ei-ms-peak>
      <ei-ms-id>207</ei-ms-id>
      <id>24149</id>
      <intensity>100.0</intensity>
      <mass-charge>148.0</mass-charge>
    </ei-ms-peak>
    <ei-ms-peak>
      <ei-ms-id>207</ei-ms-id>
      <id>24150</id>
      <intensity>10.0</intensity>
      <mass-charge>149.0</mass-charge>
    </ei-ms-peak>
    <ei-ms-peak>
      <ei-ms-id>207</ei-ms-id>
      <id>24151</id>
      <intensity>90.0</intensity>
      <mass-charge>150.0</mass-charge>
    </ei-ms-peak>
    <ei-ms-peak>
      <ei-ms-id>207</ei-ms-id>
      <id>24152</id>
      <intensity>230.0</intensity>
      <mass-charge>151.0</mass-charge>
    </ei-ms-peak>
    <ei-ms-peak>
      <ei-ms-id>207</ei-ms-id>
      <id>24153</id>
      <intensity>570.0</intensity>
      <mass-charge>152.0</mass-charge>
    </ei-ms-peak>
    <ei-ms-peak>
      <ei-ms-id>207</ei-ms-id>
      <id>24154</id>
      <intensity>230.0</intensity>
      <mass-charge>153.0</mass-charge>
    </ei-ms-peak>
    <ei-ms-peak>
      <ei-ms-id>207</ei-ms-id>
      <id>24155</id>
      <intensity>80.0</intensity>
      <mass-charge>154.0</mass-charge>
    </ei-ms-peak>
    <ei-ms-peak>
      <ei-ms-id>207</ei-ms-id>
      <id>24156</id>
      <intensity>10.0</intensity>
      <mass-charge>155.0</mass-charge>
    </ei-ms-peak>
    <ei-ms-peak>
      <ei-ms-id>207</ei-ms-id>
      <id>24157</id>
      <intensity>10.0</intensity>
      <mass-charge>156.0</mass-charge>
    </ei-ms-peak>
    <ei-ms-peak>
      <ei-ms-id>207</ei-ms-id>
      <id>24158</id>
      <intensity>30.0</intensity>
      <mass-charge>162.0</mass-charge>
    </ei-ms-peak>
    <ei-ms-peak>
      <ei-ms-id>207</ei-ms-id>
      <id>24159</id>
      <intensity>390.0</intensity>
      <mass-charge>163.0</mass-charge>
    </ei-ms-peak>
    <ei-ms-peak>
      <ei-ms-id>207</ei-ms-id>
      <id>24160</id>
      <intensity>510.0</intensity>
      <mass-charge>164.0</mass-charge>
    </ei-ms-peak>
    <ei-ms-peak>
      <ei-ms-id>207</ei-ms-id>
      <id>24161</id>
      <intensity>2760.0</intensity>
      <mass-charge>165.0</mass-charge>
    </ei-ms-peak>
    <ei-ms-peak>
      <ei-ms-id>207</ei-ms-id>
      <id>24162</id>
      <intensity>560.0</intensity>
      <mass-charge>166.0</mass-charge>
    </ei-ms-peak>
    <ei-ms-peak>
      <ei-ms-id>207</ei-ms-id>
      <id>24163</id>
      <intensity>60.0</intensity>
      <mass-charge>167.0</mass-charge>
    </ei-ms-peak>
    <ei-ms-peak>
      <ei-ms-id>207</ei-ms-id>
      <id>24164</id>
      <intensity>360.0</intensity>
      <mass-charge>175.0</mass-charge>
    </ei-ms-peak>
    <ei-ms-peak>
      <ei-ms-id>207</ei-ms-id>
      <id>24165</id>
      <intensity>40.0</intensity>
      <mass-charge>176.0</mass-charge>
    </ei-ms-peak>
    <ei-ms-peak>
      <ei-ms-id>207</ei-ms-id>
      <id>24166</id>
      <intensity>60.0</intensity>
      <mass-charge>177.0</mass-charge>
    </ei-ms-peak>
    <ei-ms-peak>
      <ei-ms-id>207</ei-ms-id>
      <id>24167</id>
      <intensity>110.0</intensity>
      <mass-charge>178.0</mass-charge>
    </ei-ms-peak>
    <ei-ms-peak>
      <ei-ms-id>207</ei-ms-id>
      <id>24168</id>
      <intensity>180.0</intensity>
      <mass-charge>179.0</mass-charge>
    </ei-ms-peak>
    <ei-ms-peak>
      <ei-ms-id>207</ei-ms-id>
      <id>24169</id>
      <intensity>9999.0</intensity>
      <mass-charge>180.0</mass-charge>
    </ei-ms-peak>
    <ei-ms-peak>
      <ei-ms-id>207</ei-ms-id>
      <id>24170</id>
      <intensity>2020.0</intensity>
      <mass-charge>181.0</mass-charge>
    </ei-ms-peak>
    <ei-ms-peak>
      <ei-ms-id>207</ei-ms-id>
      <id>24171</id>
      <intensity>190.0</intensity>
      <mass-charge>182.0</mass-charge>
    </ei-ms-peak>
    <ei-ms-peak>
      <ei-ms-id>207</ei-ms-id>
      <id>24172</id>
      <intensity>10.0</intensity>
      <mass-charge>183.0</mass-charge>
    </ei-ms-peak>
    <ei-ms-peak>
      <ei-ms-id>207</ei-ms-id>
      <id>24173</id>
      <intensity>10.0</intensity>
      <mass-charge>190.0</mass-charge>
    </ei-ms-peak>
    <ei-ms-peak>
      <ei-ms-id>207</ei-ms-id>
      <id>24174</id>
      <intensity>10.0</intensity>
      <mass-charge>191.0</mass-charge>
    </ei-ms-peak>
    <ei-ms-peak>
      <ei-ms-id>207</ei-ms-id>
      <id>24175</id>
      <intensity>10.0</intensity>
      <mass-charge>192.0</mass-charge>
    </ei-ms-peak>
    <ei-ms-peak>
      <ei-ms-id>207</ei-ms-id>
      <id>24176</id>
      <intensity>20.0</intensity>
      <mass-charge>193.0</mass-charge>
    </ei-ms-peak>
    <ei-ms-peak>
      <ei-ms-id>207</ei-ms-id>
      <id>24177</id>
      <intensity>10.0</intensity>
      <mass-charge>194.0</mass-charge>
    </ei-ms-peak>
    <ei-ms-peak>
      <ei-ms-id>207</ei-ms-id>
      <id>24178</id>
      <intensity>10.0</intensity>
      <mass-charge>195.0</mass-charge>
    </ei-ms-peak>
    <ei-ms-peak>
      <ei-ms-id>207</ei-ms-id>
      <id>24179</id>
      <intensity>50.0</intensity>
      <mass-charge>205.0</mass-charge>
    </ei-ms-peak>
    <ei-ms-peak>
      <ei-ms-id>207</ei-ms-id>
      <id>24180</id>
      <intensity>50.0</intensity>
      <mass-charge>206.0</mass-charge>
    </ei-ms-peak>
    <ei-ms-peak>
      <ei-ms-id>207</ei-ms-id>
      <id>24181</id>
      <intensity>30.0</intensity>
      <mass-charge>207.0</mass-charge>
    </ei-ms-peak>
    <ei-ms-peak>
      <ei-ms-id>207</ei-ms-id>
      <id>24182</id>
      <intensity>1420.0</intensity>
      <mass-charge>208.0</mass-charge>
    </ei-ms-peak>
    <ei-ms-peak>
      <ei-ms-id>207</ei-ms-id>
      <id>24183</id>
      <intensity>3430.0</intensity>
      <mass-charge>209.0</mass-charge>
    </ei-ms-peak>
    <ei-ms-peak>
      <ei-ms-id>207</ei-ms-id>
      <id>24184</id>
      <intensity>540.0</intensity>
      <mass-charge>210.0</mass-charge>
    </ei-ms-peak>
    <ei-ms-peak>
      <ei-ms-id>207</ei-ms-id>
      <id>24185</id>
      <intensity>50.0</intensity>
      <mass-charge>211.0</mass-charge>
    </ei-ms-peak>
    <ei-ms-peak>
      <ei-ms-id>207</ei-ms-id>
      <id>24186</id>
      <intensity>20.0</intensity>
      <mass-charge>221.0</mass-charge>
    </ei-ms-peak>
    <ei-ms-peak>
      <ei-ms-id>207</ei-ms-id>
      <id>24187</id>
      <intensity>10.0</intensity>
      <mass-charge>222.0</mass-charge>
    </ei-ms-peak>
    <ei-ms-peak>
      <ei-ms-id>207</ei-ms-id>
      <id>24188</id>
      <intensity>3720.0</intensity>
      <mass-charge>223.0</mass-charge>
    </ei-ms-peak>
    <ei-ms-peak>
      <ei-ms-id>207</ei-ms-id>
      <id>24189</id>
      <intensity>710.0</intensity>
      <mass-charge>224.0</mass-charge>
    </ei-ms-peak>
    <ei-ms-peak>
      <ei-ms-id>207</ei-ms-id>
      <id>24190</id>
      <intensity>70.0</intensity>
      <mass-charge>225.0</mass-charge>
    </ei-ms-peak>
    <ei-ms-peak>
      <ei-ms-id>207</ei-ms-id>
      <id>24191</id>
      <intensity>2800.0</intensity>
      <mass-charge>252.0</mass-charge>
    </ei-ms-peak>
    <ei-ms-peak>
      <ei-ms-id>207</ei-ms-id>
      <id>24192</id>
      <intensity>490.0</intensity>
      <mass-charge>253.0</mass-charge>
    </ei-ms-peak>
    <ei-ms-peak>
      <ei-ms-id>207</ei-ms-id>
      <id>24193</id>
      <intensity>50.0</intensity>
      <mass-charge>254.0</mass-charge>
    </ei-ms-peak>
  </ei-ms-peaks>
</ei-ms>
