<?xml version="1.0" encoding="UTF-8"?>
<ei-ms>
  <collection-date nil="true"/>
  <created-at>2014-09-20T16:42:23Z</created-at>
  <database-id>HMDB32127</database-id>
  <id>1032</id>
  <inchi-key>YVGGHNCTFXOJCH-UHFFFAOYSA-N</inchi-key>
  <instrument-type nil="true"/>
  <molecule-id nil="true"/>
  <notes nil="true"/>
  <peak-counter>183</peak-counter>
  <sample-assessment nil="true"/>
  <sample-concentration nil="true"/>
  <sample-concentration-units nil="true"/>
  <sample-mass nil="true"/>
  <sample-mass-units nil="true"/>
  <sample-source nil="true"/>
  <solvent nil="true"/>
  <spectra-assessment nil="true"/>
  <updated-at>2014-09-20T16:42:23Z</updated-at>
  <references>
    <reference>
      <database>NIST</database>
      <database-id>50-29-3</database-id>
      <id>15904</id>
      <pubmed-id nil="true"/>
      <ref-text>NIST Mass Spec Data Center, S.E. Stein, director, "Mass Spectra" in NIST Chemistry WebBook, NIST Standard Reference Database Number 69, Eds. P.J. Linstrom and W.G. Mallard, National Institute of Standards and Technology, Gaithersburg MD, 20899, http://webbook.nist.gov, (retrieved September 6, 2014).</ref-text>
      <spectra-id>1032</spectra-id>
      <spectra-type>EiMs</spectra-type>
    </reference>
  </references>
  <ei-ms-peaks>
    <ei-ms-peak>
      <ei-ms-id>1032</ei-ms-id>
      <id>112158</id>
      <intensity>13.0</intensity>
      <mass-charge>26.0</mass-charge>
    </ei-ms-peak>
    <ei-ms-peak>
      <ei-ms-id>1032</ei-ms-id>
      <id>112159</id>
      <intensity>71.0</intensity>
      <mass-charge>27.0</mass-charge>
    </ei-ms-peak>
    <ei-ms-peak>
      <ei-ms-id>1032</ei-ms-id>
      <id>112160</id>
      <intensity>44.0</intensity>
      <mass-charge>35.0</mass-charge>
    </ei-ms-peak>
    <ei-ms-peak>
      <ei-ms-id>1032</ei-ms-id>
      <id>112161</id>
      <intensity>88.0</intensity>
      <mass-charge>36.0</mass-charge>
    </ei-ms-peak>
    <ei-ms-peak>
      <ei-ms-id>1032</ei-ms-id>
      <id>112162</id>
      <intensity>35.0</intensity>
      <mass-charge>37.0</mass-charge>
    </ei-ms-peak>
    <ei-ms-peak>
      <ei-ms-id>1032</ei-ms-id>
      <id>112163</id>
      <intensity>79.0</intensity>
      <mass-charge>38.0</mass-charge>
    </ei-ms-peak>
    <ei-ms-peak>
      <ei-ms-id>1032</ei-ms-id>
      <id>112164</id>
      <intensity>135.0</intensity>
      <mass-charge>39.0</mass-charge>
    </ei-ms-peak>
    <ei-ms-peak>
      <ei-ms-id>1032</ei-ms-id>
      <id>112165</id>
      <intensity>9.0</intensity>
      <mass-charge>44.0</mass-charge>
    </ei-ms-peak>
    <ei-ms-peak>
      <ei-ms-id>1032</ei-ms-id>
      <id>112166</id>
      <intensity>38.0</intensity>
      <mass-charge>47.0</mass-charge>
    </ei-ms-peak>
    <ei-ms-peak>
      <ei-ms-id>1032</ei-ms-id>
      <id>112167</id>
      <intensity>60.0</intensity>
      <mass-charge>49.0</mass-charge>
    </ei-ms-peak>
    <ei-ms-peak>
      <ei-ms-id>1032</ei-ms-id>
      <id>112168</id>
      <intensity>435.0</intensity>
      <mass-charge>50.0</mass-charge>
    </ei-ms-peak>
    <ei-ms-peak>
      <ei-ms-id>1032</ei-ms-id>
      <id>112169</id>
      <intensity>355.0</intensity>
      <mass-charge>51.0</mass-charge>
    </ei-ms-peak>
    <ei-ms-peak>
      <ei-ms-id>1032</ei-ms-id>
      <id>112170</id>
      <intensity>30.0</intensity>
      <mass-charge>52.0</mass-charge>
    </ei-ms-peak>
    <ei-ms-peak>
      <ei-ms-id>1032</ei-ms-id>
      <id>112171</id>
      <intensity>9.0</intensity>
      <mass-charge>55.0</mass-charge>
    </ei-ms-peak>
    <ei-ms-peak>
      <ei-ms-id>1032</ei-ms-id>
      <id>112172</id>
      <intensity>9.0</intensity>
      <mass-charge>56.0</mass-charge>
    </ei-ms-peak>
    <ei-ms-peak>
      <ei-ms-id>1032</ei-ms-id>
      <id>112173</id>
      <intensity>20.0</intensity>
      <mass-charge>60.0</mass-charge>
    </ei-ms-peak>
    <ei-ms-peak>
      <ei-ms-id>1032</ei-ms-id>
      <id>112174</id>
      <intensity>81.0</intensity>
      <mass-charge>61.0</mass-charge>
    </ei-ms-peak>
    <ei-ms-peak>
      <ei-ms-id>1032</ei-ms-id>
      <id>112175</id>
      <intensity>173.0</intensity>
      <mass-charge>62.0</mass-charge>
    </ei-ms-peak>
    <ei-ms-peak>
      <ei-ms-id>1032</ei-ms-id>
      <id>112176</id>
      <intensity>299.0</intensity>
      <mass-charge>63.0</mass-charge>
    </ei-ms-peak>
    <ei-ms-peak>
      <ei-ms-id>1032</ei-ms-id>
      <id>112177</id>
      <intensity>23.0</intensity>
      <mass-charge>64.0</mass-charge>
    </ei-ms-peak>
    <ei-ms-peak>
      <ei-ms-id>1032</ei-ms-id>
      <id>112178</id>
      <intensity>12.0</intensity>
      <mass-charge>65.0</mass-charge>
    </ei-ms-peak>
    <ei-ms-peak>
      <ei-ms-id>1032</ei-ms-id>
      <id>112179</id>
      <intensity>12.0</intensity>
      <mass-charge>67.0</mass-charge>
    </ei-ms-peak>
    <ei-ms-peak>
      <ei-ms-id>1032</ei-ms-id>
      <id>112180</id>
      <intensity>23.0</intensity>
      <mass-charge>68.0</mass-charge>
    </ei-ms-peak>
    <ei-ms-peak>
      <ei-ms-id>1032</ei-ms-id>
      <id>112181</id>
      <intensity>38.0</intensity>
      <mass-charge>69.0</mass-charge>
    </ei-ms-peak>
    <ei-ms-peak>
      <ei-ms-id>1032</ei-ms-id>
      <id>112182</id>
      <intensity>29.0</intensity>
      <mass-charge>72.0</mass-charge>
    </ei-ms-peak>
    <ei-ms-peak>
      <ei-ms-id>1032</ei-ms-id>
      <id>112183</id>
      <intensity>202.0</intensity>
      <mass-charge>73.0</mass-charge>
    </ei-ms-peak>
    <ei-ms-peak>
      <ei-ms-id>1032</ei-ms-id>
      <id>112184</id>
      <intensity>464.0</intensity>
      <mass-charge>74.0</mass-charge>
    </ei-ms-peak>
    <ei-ms-peak>
      <ei-ms-id>1032</ei-ms-id>
      <id>112185</id>
      <intensity>864.0</intensity>
      <mass-charge>75.0</mass-charge>
    </ei-ms-peak>
    <ei-ms-peak>
      <ei-ms-id>1032</ei-ms-id>
      <id>112186</id>
      <intensity>147.0</intensity>
      <mass-charge>76.0</mass-charge>
    </ei-ms-peak>
    <ei-ms-peak>
      <ei-ms-id>1032</ei-ms-id>
      <id>112187</id>
      <intensity>81.0</intensity>
      <mass-charge>77.0</mass-charge>
    </ei-ms-peak>
    <ei-ms-peak>
      <ei-ms-id>1032</ei-ms-id>
      <id>112188</id>
      <intensity>10.0</intensity>
      <mass-charge>78.0</mass-charge>
    </ei-ms-peak>
    <ei-ms-peak>
      <ei-ms-id>1032</ei-ms-id>
      <id>112189</id>
      <intensity>443.0</intensity>
      <mass-charge>82.0</mass-charge>
    </ei-ms-peak>
    <ei-ms-peak>
      <ei-ms-id>1032</ei-ms-id>
      <id>112190</id>
      <intensity>90.0</intensity>
      <mass-charge>84.0</mass-charge>
    </ei-ms-peak>
    <ei-ms-peak>
      <ei-ms-id>1032</ei-ms-id>
      <id>112191</id>
      <intensity>158.0</intensity>
      <mass-charge>85.0</mass-charge>
    </ei-ms-peak>
    <ei-ms-peak>
      <ei-ms-id>1032</ei-ms-id>
      <id>112192</id>
      <intensity>178.0</intensity>
      <mass-charge>86.0</mass-charge>
    </ei-ms-peak>
    <ei-ms-peak>
      <ei-ms-id>1032</ei-ms-id>
      <id>112193</id>
      <intensity>391.0</intensity>
      <mass-charge>87.0</mass-charge>
    </ei-ms-peak>
    <ei-ms-peak>
      <ei-ms-id>1032</ei-ms-id>
      <id>112194</id>
      <intensity>527.0</intensity>
      <mass-charge>88.0</mass-charge>
    </ei-ms-peak>
    <ei-ms-peak>
      <ei-ms-id>1032</ei-ms-id>
      <id>112195</id>
      <intensity>12.0</intensity>
      <mass-charge>90.0</mass-charge>
    </ei-ms-peak>
    <ei-ms-peak>
      <ei-ms-id>1032</ei-ms-id>
      <id>112196</id>
      <intensity>6.0</intensity>
      <mass-charge>91.0</mass-charge>
    </ei-ms-peak>
    <ei-ms-peak>
      <ei-ms-id>1032</ei-ms-id>
      <id>112197</id>
      <intensity>47.0</intensity>
      <mass-charge>92.0</mass-charge>
    </ei-ms-peak>
    <ei-ms-peak>
      <ei-ms-id>1032</ei-ms-id>
      <id>112198</id>
      <intensity>98.0</intensity>
      <mass-charge>93.0</mass-charge>
    </ei-ms-peak>
    <ei-ms-peak>
      <ei-ms-id>1032</ei-ms-id>
      <id>112199</id>
      <intensity>30.0</intensity>
      <mass-charge>94.0</mass-charge>
    </ei-ms-peak>
    <ei-ms-peak>
      <ei-ms-id>1032</ei-ms-id>
      <id>112200</id>
      <intensity>16.0</intensity>
      <mass-charge>96.0</mass-charge>
    </ei-ms-peak>
    <ei-ms-peak>
      <ei-ms-id>1032</ei-ms-id>
      <id>112201</id>
      <intensity>92.0</intensity>
      <mass-charge>97.0</mass-charge>
    </ei-ms-peak>
    <ei-ms-peak>
      <ei-ms-id>1032</ei-ms-id>
      <id>112202</id>
      <intensity>180.0</intensity>
      <mass-charge>98.0</mass-charge>
    </ei-ms-peak>
    <ei-ms-peak>
      <ei-ms-id>1032</ei-ms-id>
      <id>112203</id>
      <intensity>464.0</intensity>
      <mass-charge>99.0</mass-charge>
    </ei-ms-peak>
    <ei-ms-peak>
      <ei-ms-id>1032</ei-ms-id>
      <id>112204</id>
      <intensity>234.0</intensity>
      <mass-charge>100.0</mass-charge>
    </ei-ms-peak>
    <ei-ms-peak>
      <ei-ms-id>1032</ei-ms-id>
      <id>112205</id>
      <intensity>238.0</intensity>
      <mass-charge>101.0</mass-charge>
    </ei-ms-peak>
    <ei-ms-peak>
      <ei-ms-id>1032</ei-ms-id>
      <id>112206</id>
      <intensity>33.0</intensity>
      <mass-charge>102.0</mass-charge>
    </ei-ms-peak>
    <ei-ms-peak>
      <ei-ms-id>1032</ei-ms-id>
      <id>112207</id>
      <intensity>384.0</intensity>
      <mass-charge>105.0</mass-charge>
    </ei-ms-peak>
    <ei-ms-peak>
      <ei-ms-id>1032</ei-ms-id>
      <id>112208</id>
      <intensity>273.0</intensity>
      <mass-charge>106.0</mass-charge>
    </ei-ms-peak>
    <ei-ms-peak>
      <ei-ms-id>1032</ei-ms-id>
      <id>112209</id>
      <intensity>38.0</intensity>
      <mass-charge>108.0</mass-charge>
    </ei-ms-peak>
    <ei-ms-peak>
      <ei-ms-id>1032</ei-ms-id>
      <id>112210</id>
      <intensity>88.0</intensity>
      <mass-charge>109.0</mass-charge>
    </ei-ms-peak>
    <ei-ms-peak>
      <ei-ms-id>1032</ei-ms-id>
      <id>112211</id>
      <intensity>160.0</intensity>
      <mass-charge>110.0</mass-charge>
    </ei-ms-peak>
    <ei-ms-peak>
      <ei-ms-id>1032</ei-ms-id>
      <id>112212</id>
      <intensity>236.0</intensity>
      <mass-charge>111.0</mass-charge>
    </ei-ms-peak>
    <ei-ms-peak>
      <ei-ms-id>1032</ei-ms-id>
      <id>112213</id>
      <intensity>69.0</intensity>
      <mass-charge>112.0</mass-charge>
    </ei-ms-peak>
    <ei-ms-peak>
      <ei-ms-id>1032</ei-ms-id>
      <id>112214</id>
      <intensity>134.0</intensity>
      <mass-charge>113.0</mass-charge>
    </ei-ms-peak>
    <ei-ms-peak>
      <ei-ms-id>1032</ei-ms-id>
      <id>112215</id>
      <intensity>73.0</intensity>
      <mass-charge>114.0</mass-charge>
    </ei-ms-peak>
    <ei-ms-peak>
      <ei-ms-id>1032</ei-ms-id>
      <id>112216</id>
      <intensity>71.0</intensity>
      <mass-charge>115.0</mass-charge>
    </ei-ms-peak>
    <ei-ms-peak>
      <ei-ms-id>1032</ei-ms-id>
      <id>112217</id>
      <intensity>168.0</intensity>
      <mass-charge>117.0</mass-charge>
    </ei-ms-peak>
    <ei-ms-peak>
      <ei-ms-id>1032</ei-ms-id>
      <id>112218</id>
      <intensity>156.0</intensity>
      <mass-charge>119.0</mass-charge>
    </ei-ms-peak>
    <ei-ms-peak>
      <ei-ms-id>1032</ei-ms-id>
      <id>112219</id>
      <intensity>14.0</intensity>
      <mass-charge>120.0</mass-charge>
    </ei-ms-peak>
    <ei-ms-peak>
      <ei-ms-id>1032</ei-ms-id>
      <id>112220</id>
      <intensity>77.0</intensity>
      <mass-charge>121.0</mass-charge>
    </ei-ms-peak>
    <ei-ms-peak>
      <ei-ms-id>1032</ei-ms-id>
      <id>112221</id>
      <intensity>106.0</intensity>
      <mass-charge>122.0</mass-charge>
    </ei-ms-peak>
    <ei-ms-peak>
      <ei-ms-id>1032</ei-ms-id>
      <id>112222</id>
      <intensity>414.0</intensity>
      <mass-charge>123.0</mass-charge>
    </ei-ms-peak>
    <ei-ms-peak>
      <ei-ms-id>1032</ei-ms-id>
      <id>112223</id>
      <intensity>236.0</intensity>
      <mass-charge>124.0</mass-charge>
    </ei-ms-peak>
    <ei-ms-peak>
      <ei-ms-id>1032</ei-ms-id>
      <id>112224</id>
      <intensity>162.0</intensity>
      <mass-charge>125.0</mass-charge>
    </ei-ms-peak>
    <ei-ms-peak>
      <ei-ms-id>1032</ei-ms-id>
      <id>112225</id>
      <intensity>111.0</intensity>
      <mass-charge>126.0</mass-charge>
    </ei-ms-peak>
    <ei-ms-peak>
      <ei-ms-id>1032</ei-ms-id>
      <id>112226</id>
      <intensity>37.0</intensity>
      <mass-charge>127.0</mass-charge>
    </ei-ms-peak>
    <ei-ms-peak>
      <ei-ms-id>1032</ei-ms-id>
      <id>112227</id>
      <intensity>7.0</intensity>
      <mass-charge>128.0</mass-charge>
    </ei-ms-peak>
    <ei-ms-peak>
      <ei-ms-id>1032</ei-ms-id>
      <id>112228</id>
      <intensity>13.0</intensity>
      <mass-charge>132.0</mass-charge>
    </ei-ms-peak>
    <ei-ms-peak>
      <ei-ms-id>1032</ei-ms-id>
      <id>112229</id>
      <intensity>42.0</intensity>
      <mass-charge>133.0</mass-charge>
    </ei-ms-peak>
    <ei-ms-peak>
      <ei-ms-id>1032</ei-ms-id>
      <id>112230</id>
      <intensity>55.0</intensity>
      <mass-charge>134.0</mass-charge>
    </ei-ms-peak>
    <ei-ms-peak>
      <ei-ms-id>1032</ei-ms-id>
      <id>112231</id>
      <intensity>203.0</intensity>
      <mass-charge>135.0</mass-charge>
    </ei-ms-peak>
    <ei-ms-peak>
      <ei-ms-id>1032</ei-ms-id>
      <id>112232</id>
      <intensity>530.0</intensity>
      <mass-charge>136.0</mass-charge>
    </ei-ms-peak>
    <ei-ms-peak>
      <ei-ms-id>1032</ei-ms-id>
      <id>112233</id>
      <intensity>205.0</intensity>
      <mass-charge>137.0</mass-charge>
    </ei-ms-peak>
    <ei-ms-peak>
      <ei-ms-id>1032</ei-ms-id>
      <id>112234</id>
      <intensity>253.0</intensity>
      <mass-charge>138.0</mass-charge>
    </ei-ms-peak>
    <ei-ms-peak>
      <ei-ms-id>1032</ei-ms-id>
      <id>112235</id>
      <intensity>132.0</intensity>
      <mass-charge>139.0</mass-charge>
    </ei-ms-peak>
    <ei-ms-peak>
      <ei-ms-id>1032</ei-ms-id>
      <id>112236</id>
      <intensity>39.0</intensity>
      <mass-charge>140.0</mass-charge>
    </ei-ms-peak>
    <ei-ms-peak>
      <ei-ms-id>1032</ei-ms-id>
      <id>112237</id>
      <intensity>58.0</intensity>
      <mass-charge>141.0</mass-charge>
    </ei-ms-peak>
    <ei-ms-peak>
      <ei-ms-id>1032</ei-ms-id>
      <id>112238</id>
      <intensity>26.0</intensity>
      <mass-charge>142.0</mass-charge>
    </ei-ms-peak>
    <ei-ms-peak>
      <ei-ms-id>1032</ei-ms-id>
      <id>112239</id>
      <intensity>11.0</intensity>
      <mass-charge>143.0</mass-charge>
    </ei-ms-peak>
    <ei-ms-peak>
      <ei-ms-id>1032</ei-ms-id>
      <id>112240</id>
      <intensity>9.0</intensity>
      <mass-charge>144.0</mass-charge>
    </ei-ms-peak>
    <ei-ms-peak>
      <ei-ms-id>1032</ei-ms-id>
      <id>112241</id>
      <intensity>11.0</intensity>
      <mass-charge>145.0</mass-charge>
    </ei-ms-peak>
    <ei-ms-peak>
      <ei-ms-id>1032</ei-ms-id>
      <id>112242</id>
      <intensity>59.0</intensity>
      <mass-charge>146.0</mass-charge>
    </ei-ms-peak>
    <ei-ms-peak>
      <ei-ms-id>1032</ei-ms-id>
      <id>112243</id>
      <intensity>40.0</intensity>
      <mass-charge>147.0</mass-charge>
    </ei-ms-peak>
    <ei-ms-peak>
      <ei-ms-id>1032</ei-ms-id>
      <id>112244</id>
      <intensity>60.0</intensity>
      <mass-charge>148.0</mass-charge>
    </ei-ms-peak>
    <ei-ms-peak>
      <ei-ms-id>1032</ei-ms-id>
      <id>112245</id>
      <intensity>149.0</intensity>
      <mass-charge>149.0</mass-charge>
    </ei-ms-peak>
    <ei-ms-peak>
      <ei-ms-id>1032</ei-ms-id>
      <id>112246</id>
      <intensity>213.0</intensity>
      <mass-charge>150.0</mass-charge>
    </ei-ms-peak>
    <ei-ms-peak>
      <ei-ms-id>1032</ei-ms-id>
      <id>112247</id>
      <intensity>143.0</intensity>
      <mass-charge>151.0</mass-charge>
    </ei-ms-peak>
    <ei-ms-peak>
      <ei-ms-id>1032</ei-ms-id>
      <id>112248</id>
      <intensity>48.0</intensity>
      <mass-charge>152.0</mass-charge>
    </ei-ms-peak>
    <ei-ms-peak>
      <ei-ms-id>1032</ei-ms-id>
      <id>112249</id>
      <intensity>9.0</intensity>
      <mass-charge>153.0</mass-charge>
    </ei-ms-peak>
    <ei-ms-peak>
      <ei-ms-id>1032</ei-ms-id>
      <id>112250</id>
      <intensity>11.0</intensity>
      <mass-charge>158.0</mass-charge>
    </ei-ms-peak>
    <ei-ms-peak>
      <ei-ms-id>1032</ei-ms-id>
      <id>112251</id>
      <intensity>31.0</intensity>
      <mass-charge>159.0</mass-charge>
    </ei-ms-peak>
    <ei-ms-peak>
      <ei-ms-id>1032</ei-ms-id>
      <id>112252</id>
      <intensity>69.0</intensity>
      <mass-charge>160.0</mass-charge>
    </ei-ms-peak>
    <ei-ms-peak>
      <ei-ms-id>1032</ei-ms-id>
      <id>112253</id>
      <intensity>72.0</intensity>
      <mass-charge>161.0</mass-charge>
    </ei-ms-peak>
    <ei-ms-peak>
      <ei-ms-id>1032</ei-ms-id>
      <id>112254</id>
      <intensity>125.0</intensity>
      <mass-charge>162.0</mass-charge>
    </ei-ms-peak>
    <ei-ms-peak>
      <ei-ms-id>1032</ei-ms-id>
      <id>112255</id>
      <intensity>592.0</intensity>
      <mass-charge>163.0</mass-charge>
    </ei-ms-peak>
    <ei-ms-peak>
      <ei-ms-id>1032</ei-ms-id>
      <id>112256</id>
      <intensity>748.0</intensity>
      <mass-charge>164.0</mass-charge>
    </ei-ms-peak>
    <ei-ms-peak>
      <ei-ms-id>1032</ei-ms-id>
      <id>112257</id>
      <intensity>4319.0</intensity>
      <mass-charge>165.0</mass-charge>
    </ei-ms-peak>
    <ei-ms-peak>
      <ei-ms-id>1032</ei-ms-id>
      <id>112258</id>
      <intensity>587.0</intensity>
      <mass-charge>166.0</mass-charge>
    </ei-ms-peak>
    <ei-ms-peak>
      <ei-ms-id>1032</ei-ms-id>
      <id>112259</id>
      <intensity>35.0</intensity>
      <mass-charge>167.0</mass-charge>
    </ei-ms-peak>
    <ei-ms-peak>
      <ei-ms-id>1032</ei-ms-id>
      <id>112260</id>
      <intensity>170.0</intensity>
      <mass-charge>170.0</mass-charge>
    </ei-ms-peak>
    <ei-ms-peak>
      <ei-ms-id>1032</ei-ms-id>
      <id>112261</id>
      <intensity>218.0</intensity>
      <mass-charge>171.0</mass-charge>
    </ei-ms-peak>
    <ei-ms-peak>
      <ei-ms-id>1032</ei-ms-id>
      <id>112262</id>
      <intensity>144.0</intensity>
      <mass-charge>172.0</mass-charge>
    </ei-ms-peak>
    <ei-ms-peak>
      <ei-ms-id>1032</ei-ms-id>
      <id>112263</id>
      <intensity>206.0</intensity>
      <mass-charge>173.0</mass-charge>
    </ei-ms-peak>
    <ei-ms-peak>
      <ei-ms-id>1032</ei-ms-id>
      <id>112264</id>
      <intensity>231.0</intensity>
      <mass-charge>174.0</mass-charge>
    </ei-ms-peak>
    <ei-ms-peak>
      <ei-ms-id>1032</ei-ms-id>
      <id>112265</id>
      <intensity>303.0</intensity>
      <mass-charge>175.0</mass-charge>
    </ei-ms-peak>
    <ei-ms-peak>
      <ei-ms-id>1032</ei-ms-id>
      <id>112266</id>
      <intensity>1000.0</intensity>
      <mass-charge>176.0</mass-charge>
    </ei-ms-peak>
    <ei-ms-peak>
      <ei-ms-id>1032</ei-ms-id>
      <id>112267</id>
      <intensity>244.0</intensity>
      <mass-charge>177.0</mass-charge>
    </ei-ms-peak>
    <ei-ms-peak>
      <ei-ms-id>1032</ei-ms-id>
      <id>112268</id>
      <intensity>41.0</intensity>
      <mass-charge>178.0</mass-charge>
    </ei-ms-peak>
    <ei-ms-peak>
      <ei-ms-id>1032</ei-ms-id>
      <id>112269</id>
      <intensity>20.0</intensity>
      <mass-charge>183.0</mass-charge>
    </ei-ms-peak>
    <ei-ms-peak>
      <ei-ms-id>1032</ei-ms-id>
      <id>112270</id>
      <intensity>46.0</intensity>
      <mass-charge>184.0</mass-charge>
    </ei-ms-peak>
    <ei-ms-peak>
      <ei-ms-id>1032</ei-ms-id>
      <id>112271</id>
      <intensity>28.0</intensity>
      <mass-charge>185.0</mass-charge>
    </ei-ms-peak>
    <ei-ms-peak>
      <ei-ms-id>1032</ei-ms-id>
      <id>112272</id>
      <intensity>63.0</intensity>
      <mass-charge>186.0</mass-charge>
    </ei-ms-peak>
    <ei-ms-peak>
      <ei-ms-id>1032</ei-ms-id>
      <id>112273</id>
      <intensity>17.0</intensity>
      <mass-charge>187.0</mass-charge>
    </ei-ms-peak>
    <ei-ms-peak>
      <ei-ms-id>1032</ei-ms-id>
      <id>112274</id>
      <intensity>12.0</intensity>
      <mass-charge>188.0</mass-charge>
    </ei-ms-peak>
    <ei-ms-peak>
      <ei-ms-id>1032</ei-ms-id>
      <id>112275</id>
      <intensity>10.0</intensity>
      <mass-charge>195.0</mass-charge>
    </ei-ms-peak>
    <ei-ms-peak>
      <ei-ms-id>1032</ei-ms-id>
      <id>112276</id>
      <intensity>13.0</intensity>
      <mass-charge>196.0</mass-charge>
    </ei-ms-peak>
    <ei-ms-peak>
      <ei-ms-id>1032</ei-ms-id>
      <id>112277</id>
      <intensity>48.0</intensity>
      <mass-charge>197.0</mass-charge>
    </ei-ms-peak>
    <ei-ms-peak>
      <ei-ms-id>1032</ei-ms-id>
      <id>112278</id>
      <intensity>1347.0</intensity>
      <mass-charge>199.0</mass-charge>
    </ei-ms-peak>
    <ei-ms-peak>
      <ei-ms-id>1032</ei-ms-id>
      <id>112279</id>
      <intensity>650.0</intensity>
      <mass-charge>200.0</mass-charge>
    </ei-ms-peak>
    <ei-ms-peak>
      <ei-ms-id>1032</ei-ms-id>
      <id>112280</id>
      <intensity>533.0</intensity>
      <mass-charge>201.0</mass-charge>
    </ei-ms-peak>
    <ei-ms-peak>
      <ei-ms-id>1032</ei-ms-id>
      <id>112281</id>
      <intensity>236.0</intensity>
      <mass-charge>202.0</mass-charge>
    </ei-ms-peak>
    <ei-ms-peak>
      <ei-ms-id>1032</ei-ms-id>
      <id>112282</id>
      <intensity>33.0</intensity>
      <mass-charge>203.0</mass-charge>
    </ei-ms-peak>
    <ei-ms-peak>
      <ei-ms-id>1032</ei-ms-id>
      <id>112283</id>
      <intensity>8.0</intensity>
      <mass-charge>204.0</mass-charge>
    </ei-ms-peak>
    <ei-ms-peak>
      <ei-ms-id>1032</ei-ms-id>
      <id>112284</id>
      <intensity>24.0</intensity>
      <mass-charge>205.0</mass-charge>
    </ei-ms-peak>
    <ei-ms-peak>
      <ei-ms-id>1032</ei-ms-id>
      <id>112285</id>
      <intensity>117.0</intensity>
      <mass-charge>206.0</mass-charge>
    </ei-ms-peak>
    <ei-ms-peak>
      <ei-ms-id>1032</ei-ms-id>
      <id>112286</id>
      <intensity>39.0</intensity>
      <mass-charge>207.0</mass-charge>
    </ei-ms-peak>
    <ei-ms-peak>
      <ei-ms-id>1032</ei-ms-id>
      <id>112287</id>
      <intensity>115.0</intensity>
      <mass-charge>208.0</mass-charge>
    </ei-ms-peak>
    <ei-ms-peak>
      <ei-ms-id>1032</ei-ms-id>
      <id>112288</id>
      <intensity>46.0</intensity>
      <mass-charge>209.0</mass-charge>
    </ei-ms-peak>
    <ei-ms-peak>
      <ei-ms-id>1032</ei-ms-id>
      <id>112289</id>
      <intensity>231.0</intensity>
      <mass-charge>210.0</mass-charge>
    </ei-ms-peak>
    <ei-ms-peak>
      <ei-ms-id>1032</ei-ms-id>
      <id>112290</id>
      <intensity>175.0</intensity>
      <mass-charge>211.0</mass-charge>
    </ei-ms-peak>
    <ei-ms-peak>
      <ei-ms-id>1032</ei-ms-id>
      <id>112291</id>
      <intensity>1070.0</intensity>
      <mass-charge>212.0</mass-charge>
    </ei-ms-peak>
    <ei-ms-peak>
      <ei-ms-id>1032</ei-ms-id>
      <id>112292</id>
      <intensity>184.0</intensity>
      <mass-charge>213.0</mass-charge>
    </ei-ms-peak>
    <ei-ms-peak>
      <ei-ms-id>1032</ei-ms-id>
      <id>112293</id>
      <intensity>316.0</intensity>
      <mass-charge>214.0</mass-charge>
    </ei-ms-peak>
    <ei-ms-peak>
      <ei-ms-id>1032</ei-ms-id>
      <id>112294</id>
      <intensity>46.0</intensity>
      <mass-charge>215.0</mass-charge>
    </ei-ms-peak>
    <ei-ms-peak>
      <ei-ms-id>1032</ei-ms-id>
      <id>112295</id>
      <intensity>17.0</intensity>
      <mass-charge>220.0</mass-charge>
    </ei-ms-peak>
    <ei-ms-peak>
      <ei-ms-id>1032</ei-ms-id>
      <id>112296</id>
      <intensity>15.0</intensity>
      <mass-charge>222.0</mass-charge>
    </ei-ms-peak>
    <ei-ms-peak>
      <ei-ms-id>1032</ei-ms-id>
      <id>112297</id>
      <intensity>126.0</intensity>
      <mass-charge>233.0</mass-charge>
    </ei-ms-peak>
    <ei-ms-peak>
      <ei-ms-id>1032</ei-ms-id>
      <id>112298</id>
      <intensity>9999.0</intensity>
      <mass-charge>235.0</mass-charge>
    </ei-ms-peak>
    <ei-ms-peak>
      <ei-ms-id>1032</ei-ms-id>
      <id>112299</id>
      <intensity>1637.0</intensity>
      <mass-charge>236.0</mass-charge>
    </ei-ms-peak>
    <ei-ms-peak>
      <ei-ms-id>1032</ei-ms-id>
      <id>112300</id>
      <intensity>6518.0</intensity>
      <mass-charge>237.0</mass-charge>
    </ei-ms-peak>
    <ei-ms-peak>
      <ei-ms-id>1032</ei-ms-id>
      <id>112301</id>
      <intensity>957.0</intensity>
      <mass-charge>238.0</mass-charge>
    </ei-ms-peak>
    <ei-ms-peak>
      <ei-ms-id>1032</ei-ms-id>
      <id>112302</id>
      <intensity>1055.0</intensity>
      <mass-charge>239.0</mass-charge>
    </ei-ms-peak>
    <ei-ms-peak>
      <ei-ms-id>1032</ei-ms-id>
      <id>112303</id>
      <intensity>152.0</intensity>
      <mass-charge>240.0</mass-charge>
    </ei-ms-peak>
    <ei-ms-peak>
      <ei-ms-id>1032</ei-ms-id>
      <id>112304</id>
      <intensity>13.0</intensity>
      <mass-charge>241.0</mass-charge>
    </ei-ms-peak>
    <ei-ms-peak>
      <ei-ms-id>1032</ei-ms-id>
      <id>112305</id>
      <intensity>6.0</intensity>
      <mass-charge>243.0</mass-charge>
    </ei-ms-peak>
    <ei-ms-peak>
      <ei-ms-id>1032</ei-ms-id>
      <id>112306</id>
      <intensity>21.0</intensity>
      <mass-charge>244.0</mass-charge>
    </ei-ms-peak>
    <ei-ms-peak>
      <ei-ms-id>1032</ei-ms-id>
      <id>112307</id>
      <intensity>994.0</intensity>
      <mass-charge>246.0</mass-charge>
    </ei-ms-peak>
    <ei-ms-peak>
      <ei-ms-id>1032</ei-ms-id>
      <id>112308</id>
      <intensity>371.0</intensity>
      <mass-charge>247.0</mass-charge>
    </ei-ms-peak>
    <ei-ms-peak>
      <ei-ms-id>1032</ei-ms-id>
      <id>112309</id>
      <intensity>703.0</intensity>
      <mass-charge>248.0</mass-charge>
    </ei-ms-peak>
    <ei-ms-peak>
      <ei-ms-id>1032</ei-ms-id>
      <id>112310</id>
      <intensity>213.0</intensity>
      <mass-charge>249.0</mass-charge>
    </ei-ms-peak>
    <ei-ms-peak>
      <ei-ms-id>1032</ei-ms-id>
      <id>112311</id>
      <intensity>140.0</intensity>
      <mass-charge>250.0</mass-charge>
    </ei-ms-peak>
    <ei-ms-peak>
      <ei-ms-id>1032</ei-ms-id>
      <id>112312</id>
      <intensity>36.0</intensity>
      <mass-charge>251.0</mass-charge>
    </ei-ms-peak>
    <ei-ms-peak>
      <ei-ms-id>1032</ei-ms-id>
      <id>112313</id>
      <intensity>9.0</intensity>
      <mass-charge>252.0</mass-charge>
    </ei-ms-peak>
    <ei-ms-peak>
      <ei-ms-id>1032</ei-ms-id>
      <id>112314</id>
      <intensity>10.0</intensity>
      <mass-charge>262.0</mass-charge>
    </ei-ms-peak>
    <ei-ms-peak>
      <ei-ms-id>1032</ei-ms-id>
      <id>112315</id>
      <intensity>69.0</intensity>
      <mass-charge>280.0</mass-charge>
    </ei-ms-peak>
    <ei-ms-peak>
      <ei-ms-id>1032</ei-ms-id>
      <id>112316</id>
      <intensity>188.0</intensity>
      <mass-charge>281.0</mass-charge>
    </ei-ms-peak>
    <ei-ms-peak>
      <ei-ms-id>1032</ei-ms-id>
      <id>112317</id>
      <intensity>405.0</intensity>
      <mass-charge>282.0</mass-charge>
    </ei-ms-peak>
    <ei-ms-peak>
      <ei-ms-id>1032</ei-ms-id>
      <id>112318</id>
      <intensity>247.0</intensity>
      <mass-charge>283.0</mass-charge>
    </ei-ms-peak>
    <ei-ms-peak>
      <ei-ms-id>1032</ei-ms-id>
      <id>112319</id>
      <intensity>332.0</intensity>
      <mass-charge>284.0</mass-charge>
    </ei-ms-peak>
    <ei-ms-peak>
      <ei-ms-id>1032</ei-ms-id>
      <id>112320</id>
      <intensity>122.0</intensity>
      <mass-charge>285.0</mass-charge>
    </ei-ms-peak>
    <ei-ms-peak>
      <ei-ms-id>1032</ei-ms-id>
      <id>112321</id>
      <intensity>102.0</intensity>
      <mass-charge>286.0</mass-charge>
    </ei-ms-peak>
    <ei-ms-peak>
      <ei-ms-id>1032</ei-ms-id>
      <id>112322</id>
      <intensity>22.0</intensity>
      <mass-charge>287.0</mass-charge>
    </ei-ms-peak>
    <ei-ms-peak>
      <ei-ms-id>1032</ei-ms-id>
      <id>112323</id>
      <intensity>10.0</intensity>
      <mass-charge>288.0</mass-charge>
    </ei-ms-peak>
    <ei-ms-peak>
      <ei-ms-id>1032</ei-ms-id>
      <id>112324</id>
      <intensity>286.0</intensity>
      <mass-charge>316.0</mass-charge>
    </ei-ms-peak>
    <ei-ms-peak>
      <ei-ms-id>1032</ei-ms-id>
      <id>112325</id>
      <intensity>256.0</intensity>
      <mass-charge>317.0</mass-charge>
    </ei-ms-peak>
    <ei-ms-peak>
      <ei-ms-id>1032</ei-ms-id>
      <id>112326</id>
      <intensity>388.0</intensity>
      <mass-charge>318.0</mass-charge>
    </ei-ms-peak>
    <ei-ms-peak>
      <ei-ms-id>1032</ei-ms-id>
      <id>112327</id>
      <intensity>301.0</intensity>
      <mass-charge>319.0</mass-charge>
    </ei-ms-peak>
    <ei-ms-peak>
      <ei-ms-id>1032</ei-ms-id>
      <id>112328</id>
      <intensity>214.0</intensity>
      <mass-charge>320.0</mass-charge>
    </ei-ms-peak>
    <ei-ms-peak>
      <ei-ms-id>1032</ei-ms-id>
      <id>112329</id>
      <intensity>158.0</intensity>
      <mass-charge>321.0</mass-charge>
    </ei-ms-peak>
    <ei-ms-peak>
      <ei-ms-id>1032</ei-ms-id>
      <id>112330</id>
      <intensity>62.0</intensity>
      <mass-charge>322.0</mass-charge>
    </ei-ms-peak>
    <ei-ms-peak>
      <ei-ms-id>1032</ei-ms-id>
      <id>112331</id>
      <intensity>36.0</intensity>
      <mass-charge>323.0</mass-charge>
    </ei-ms-peak>
    <ei-ms-peak>
      <ei-ms-id>1032</ei-ms-id>
      <id>112332</id>
      <intensity>247.0</intensity>
      <mass-charge>352.0</mass-charge>
    </ei-ms-peak>
    <ei-ms-peak>
      <ei-ms-id>1032</ei-ms-id>
      <id>112333</id>
      <intensity>56.0</intensity>
      <mass-charge>353.0</mass-charge>
    </ei-ms-peak>
    <ei-ms-peak>
      <ei-ms-id>1032</ei-ms-id>
      <id>112334</id>
      <intensity>423.0</intensity>
      <mass-charge>354.0</mass-charge>
    </ei-ms-peak>
    <ei-ms-peak>
      <ei-ms-id>1032</ei-ms-id>
      <id>112335</id>
      <intensity>83.0</intensity>
      <mass-charge>355.0</mass-charge>
    </ei-ms-peak>
    <ei-ms-peak>
      <ei-ms-id>1032</ei-ms-id>
      <id>112336</id>
      <intensity>261.0</intensity>
      <mass-charge>356.0</mass-charge>
    </ei-ms-peak>
    <ei-ms-peak>
      <ei-ms-id>1032</ei-ms-id>
      <id>112337</id>
      <intensity>46.0</intensity>
      <mass-charge>357.0</mass-charge>
    </ei-ms-peak>
    <ei-ms-peak>
      <ei-ms-id>1032</ei-ms-id>
      <id>112338</id>
      <intensity>83.0</intensity>
      <mass-charge>358.0</mass-charge>
    </ei-ms-peak>
    <ei-ms-peak>
      <ei-ms-id>1032</ei-ms-id>
      <id>112339</id>
      <intensity>10.0</intensity>
      <mass-charge>359.0</mass-charge>
    </ei-ms-peak>
    <ei-ms-peak>
      <ei-ms-id>1032</ei-ms-id>
      <id>112340</id>
      <intensity>13.0</intensity>
      <mass-charge>360.0</mass-charge>
    </ei-ms-peak>
  </ei-ms-peaks>
</ei-ms>
