<?xml version="1.0" encoding="UTF-8"?>
<ei-ms>
  <collection-date nil="true"/>
  <created-at>2014-09-20T16:26:58Z</created-at>
  <database-id>HMDB15253</database-id>
  <id>389</id>
  <inchi-key>XPFRXWCVYUEORT-UHFFFAOYSA-N</inchi-key>
  <instrument-type nil="true"/>
  <molecule-id nil="true"/>
  <notes nil="true"/>
  <peak-counter>64</peak-counter>
  <sample-assessment nil="true"/>
  <sample-concentration nil="true"/>
  <sample-concentration-units nil="true"/>
  <sample-mass nil="true"/>
  <sample-mass-units nil="true"/>
  <sample-source nil="true"/>
  <solvent nil="true"/>
  <spectra-assessment nil="true"/>
  <updated-at>2014-09-20T16:26:58Z</updated-at>
  <references>
    <reference>
      <database>NIST</database>
      <database-id>63-98-9</database-id>
      <id>15261</id>
      <pubmed-id nil="true"/>
      <ref-text>NIST Mass Spec Data Center, S.E. Stein, director, "Mass Spectra" in NIST Chemistry WebBook, NIST Standard Reference Database Number 69, Eds. P.J. Linstrom and W.G. Mallard, National Institute of Standards and Technology, Gaithersburg MD, 20899, http://webbook.nist.gov, (retrieved September 6, 2014).</ref-text>
      <spectra-id>389</spectra-id>
      <spectra-type>EiMs</spectra-type>
    </reference>
  </references>
  <ei-ms-peaks>
    <ei-ms-peak>
      <ei-ms-id>389</ei-ms-id>
      <id>43416</id>
      <intensity>54.0</intensity>
      <mass-charge>12.0</mass-charge>
    </ei-ms-peak>
    <ei-ms-peak>
      <ei-ms-id>389</ei-ms-id>
      <id>43417</id>
      <intensity>212.0</intensity>
      <mass-charge>15.0</mass-charge>
    </ei-ms-peak>
    <ei-ms-peak>
      <ei-ms-id>389</ei-ms-id>
      <id>43418</id>
      <intensity>458.0</intensity>
      <mass-charge>16.0</mass-charge>
    </ei-ms-peak>
    <ei-ms-peak>
      <ei-ms-id>389</ei-ms-id>
      <id>43419</id>
      <intensity>285.0</intensity>
      <mass-charge>26.0</mass-charge>
    </ei-ms-peak>
    <ei-ms-peak>
      <ei-ms-id>389</ei-ms-id>
      <id>43420</id>
      <intensity>590.0</intensity>
      <mass-charge>27.0</mass-charge>
    </ei-ms-peak>
    <ei-ms-peak>
      <ei-ms-id>389</ei-ms-id>
      <id>43421</id>
      <intensity>220.0</intensity>
      <mass-charge>28.0</mass-charge>
    </ei-ms-peak>
    <ei-ms-peak>
      <ei-ms-id>389</ei-ms-id>
      <id>43422</id>
      <intensity>352.0</intensity>
      <mass-charge>29.0</mass-charge>
    </ei-ms-peak>
    <ei-ms-peak>
      <ei-ms-id>389</ei-ms-id>
      <id>43423</id>
      <intensity>117.0</intensity>
      <mass-charge>31.0</mass-charge>
    </ei-ms-peak>
    <ei-ms-peak>
      <ei-ms-id>389</ei-ms-id>
      <id>43424</id>
      <intensity>31.0</intensity>
      <mass-charge>36.0</mass-charge>
    </ei-ms-peak>
    <ei-ms-peak>
      <ei-ms-id>389</ei-ms-id>
      <id>43425</id>
      <intensity>268.0</intensity>
      <mass-charge>37.0</mass-charge>
    </ei-ms-peak>
    <ei-ms-peak>
      <ei-ms-id>389</ei-ms-id>
      <id>43426</id>
      <intensity>493.0</intensity>
      <mass-charge>38.0</mass-charge>
    </ei-ms-peak>
    <ei-ms-peak>
      <ei-ms-id>389</ei-ms-id>
      <id>43427</id>
      <intensity>2643.0</intensity>
      <mass-charge>39.0</mass-charge>
    </ei-ms-peak>
    <ei-ms-peak>
      <ei-ms-id>389</ei-ms-id>
      <id>43428</id>
      <intensity>393.0</intensity>
      <mass-charge>40.0</mass-charge>
    </ei-ms-peak>
    <ei-ms-peak>
      <ei-ms-id>389</ei-ms-id>
      <id>43429</id>
      <intensity>644.0</intensity>
      <mass-charge>41.0</mass-charge>
    </ei-ms-peak>
    <ei-ms-peak>
      <ei-ms-id>389</ei-ms-id>
      <id>43430</id>
      <intensity>488.0</intensity>
      <mass-charge>42.0</mass-charge>
    </ei-ms-peak>
    <ei-ms-peak>
      <ei-ms-id>389</ei-ms-id>
      <id>43431</id>
      <intensity>1298.0</intensity>
      <mass-charge>43.0</mass-charge>
    </ei-ms-peak>
    <ei-ms-peak>
      <ei-ms-id>389</ei-ms-id>
      <id>43432</id>
      <intensity>8735.0</intensity>
      <mass-charge>44.0</mass-charge>
    </ei-ms-peak>
    <ei-ms-peak>
      <ei-ms-id>389</ei-ms-id>
      <id>43433</id>
      <intensity>239.0</intensity>
      <mass-charge>45.0</mass-charge>
    </ei-ms-peak>
    <ei-ms-peak>
      <ei-ms-id>389</ei-ms-id>
      <id>43434</id>
      <intensity>255.0</intensity>
      <mass-charge>46.0</mass-charge>
    </ei-ms-peak>
    <ei-ms-peak>
      <ei-ms-id>389</ei-ms-id>
      <id>43435</id>
      <intensity>48.0</intensity>
      <mass-charge>49.0</mass-charge>
    </ei-ms-peak>
    <ei-ms-peak>
      <ei-ms-id>389</ei-ms-id>
      <id>43436</id>
      <intensity>666.0</intensity>
      <mass-charge>50.0</mass-charge>
    </ei-ms-peak>
    <ei-ms-peak>
      <ei-ms-id>389</ei-ms-id>
      <id>43437</id>
      <intensity>1275.0</intensity>
      <mass-charge>51.0</mass-charge>
    </ei-ms-peak>
    <ei-ms-peak>
      <ei-ms-id>389</ei-ms-id>
      <id>43438</id>
      <intensity>439.0</intensity>
      <mass-charge>52.0</mass-charge>
    </ei-ms-peak>
    <ei-ms-peak>
      <ei-ms-id>389</ei-ms-id>
      <id>43439</id>
      <intensity>218.0</intensity>
      <mass-charge>53.0</mass-charge>
    </ei-ms-peak>
    <ei-ms-peak>
      <ei-ms-id>389</ei-ms-id>
      <id>43440</id>
      <intensity>17.0</intensity>
      <mass-charge>55.0</mass-charge>
    </ei-ms-peak>
    <ei-ms-peak>
      <ei-ms-id>389</ei-ms-id>
      <id>43441</id>
      <intensity>26.0</intensity>
      <mass-charge>60.0</mass-charge>
    </ei-ms-peak>
    <ei-ms-peak>
      <ei-ms-id>389</ei-ms-id>
      <id>43442</id>
      <intensity>642.0</intensity>
      <mass-charge>61.0</mass-charge>
    </ei-ms-peak>
    <ei-ms-peak>
      <ei-ms-id>389</ei-ms-id>
      <id>43443</id>
      <intensity>543.0</intensity>
      <mass-charge>62.0</mass-charge>
    </ei-ms-peak>
    <ei-ms-peak>
      <ei-ms-id>389</ei-ms-id>
      <id>43444</id>
      <intensity>1503.0</intensity>
      <mass-charge>63.0</mass-charge>
    </ei-ms-peak>
    <ei-ms-peak>
      <ei-ms-id>389</ei-ms-id>
      <id>43445</id>
      <intensity>508.0</intensity>
      <mass-charge>64.0</mass-charge>
    </ei-ms-peak>
    <ei-ms-peak>
      <ei-ms-id>389</ei-ms-id>
      <id>43446</id>
      <intensity>4120.0</intensity>
      <mass-charge>65.0</mass-charge>
    </ei-ms-peak>
    <ei-ms-peak>
      <ei-ms-id>389</ei-ms-id>
      <id>43447</id>
      <intensity>369.0</intensity>
      <mass-charge>66.0</mass-charge>
    </ei-ms-peak>
    <ei-ms-peak>
      <ei-ms-id>389</ei-ms-id>
      <id>43448</id>
      <intensity>227.0</intensity>
      <mass-charge>70.0</mass-charge>
    </ei-ms-peak>
    <ei-ms-peak>
      <ei-ms-id>389</ei-ms-id>
      <id>43449</id>
      <intensity>153.0</intensity>
      <mass-charge>74.0</mass-charge>
    </ei-ms-peak>
    <ei-ms-peak>
      <ei-ms-id>389</ei-ms-id>
      <id>43450</id>
      <intensity>205.0</intensity>
      <mass-charge>75.0</mass-charge>
    </ei-ms-peak>
    <ei-ms-peak>
      <ei-ms-id>389</ei-ms-id>
      <id>43451</id>
      <intensity>58.0</intensity>
      <mass-charge>76.0</mass-charge>
    </ei-ms-peak>
    <ei-ms-peak>
      <ei-ms-id>389</ei-ms-id>
      <id>43452</id>
      <intensity>329.0</intensity>
      <mass-charge>77.0</mass-charge>
    </ei-ms-peak>
    <ei-ms-peak>
      <ei-ms-id>389</ei-ms-id>
      <id>43453</id>
      <intensity>117.0</intensity>
      <mass-charge>78.0</mass-charge>
    </ei-ms-peak>
    <ei-ms-peak>
      <ei-ms-id>389</ei-ms-id>
      <id>43454</id>
      <intensity>187.0</intensity>
      <mass-charge>79.0</mass-charge>
    </ei-ms-peak>
    <ei-ms-peak>
      <ei-ms-id>389</ei-ms-id>
      <id>43455</id>
      <intensity>23.0</intensity>
      <mass-charge>85.0</mass-charge>
    </ei-ms-peak>
    <ei-ms-peak>
      <ei-ms-id>389</ei-ms-id>
      <id>43456</id>
      <intensity>115.0</intensity>
      <mass-charge>86.0</mass-charge>
    </ei-ms-peak>
    <ei-ms-peak>
      <ei-ms-id>389</ei-ms-id>
      <id>43457</id>
      <intensity>306.0</intensity>
      <mass-charge>87.0</mass-charge>
    </ei-ms-peak>
    <ei-ms-peak>
      <ei-ms-id>389</ei-ms-id>
      <id>43458</id>
      <intensity>51.0</intensity>
      <mass-charge>88.0</mass-charge>
    </ei-ms-peak>
    <ei-ms-peak>
      <ei-ms-id>389</ei-ms-id>
      <id>43459</id>
      <intensity>1213.0</intensity>
      <mass-charge>89.0</mass-charge>
    </ei-ms-peak>
    <ei-ms-peak>
      <ei-ms-id>389</ei-ms-id>
      <id>43460</id>
      <intensity>2629.0</intensity>
      <mass-charge>90.0</mass-charge>
    </ei-ms-peak>
    <ei-ms-peak>
      <ei-ms-id>389</ei-ms-id>
      <id>43461</id>
      <intensity>9999.0</intensity>
      <mass-charge>91.0</mass-charge>
    </ei-ms-peak>
    <ei-ms-peak>
      <ei-ms-id>389</ei-ms-id>
      <id>43462</id>
      <intensity>6496.0</intensity>
      <mass-charge>92.0</mass-charge>
    </ei-ms-peak>
    <ei-ms-peak>
      <ei-ms-id>389</ei-ms-id>
      <id>43463</id>
      <intensity>471.0</intensity>
      <mass-charge>93.0</mass-charge>
    </ei-ms-peak>
    <ei-ms-peak>
      <ei-ms-id>389</ei-ms-id>
      <id>43464</id>
      <intensity>24.0</intensity>
      <mass-charge>103.0</mass-charge>
    </ei-ms-peak>
    <ei-ms-peak>
      <ei-ms-id>389</ei-ms-id>
      <id>43465</id>
      <intensity>43.0</intensity>
      <mass-charge>104.0</mass-charge>
    </ei-ms-peak>
    <ei-ms-peak>
      <ei-ms-id>389</ei-ms-id>
      <id>43466</id>
      <intensity>22.0</intensity>
      <mass-charge>105.0</mass-charge>
    </ei-ms-peak>
    <ei-ms-peak>
      <ei-ms-id>389</ei-ms-id>
      <id>43467</id>
      <intensity>189.0</intensity>
      <mass-charge>106.0</mass-charge>
    </ei-ms-peak>
    <ei-ms-peak>
      <ei-ms-id>389</ei-ms-id>
      <id>43468</id>
      <intensity>78.0</intensity>
      <mass-charge>107.0</mass-charge>
    </ei-ms-peak>
    <ei-ms-peak>
      <ei-ms-id>389</ei-ms-id>
      <id>43469</id>
      <intensity>137.0</intensity>
      <mass-charge>116.0</mass-charge>
    </ei-ms-peak>
    <ei-ms-peak>
      <ei-ms-id>389</ei-ms-id>
      <id>43470</id>
      <intensity>243.0</intensity>
      <mass-charge>117.0</mass-charge>
    </ei-ms-peak>
    <ei-ms-peak>
      <ei-ms-id>389</ei-ms-id>
      <id>43471</id>
      <intensity>8984.0</intensity>
      <mass-charge>118.0</mass-charge>
    </ei-ms-peak>
    <ei-ms-peak>
      <ei-ms-id>389</ei-ms-id>
      <id>43472</id>
      <intensity>1433.0</intensity>
      <mass-charge>119.0</mass-charge>
    </ei-ms-peak>
    <ei-ms-peak>
      <ei-ms-id>389</ei-ms-id>
      <id>43473</id>
      <intensity>170.0</intensity>
      <mass-charge>120.0</mass-charge>
    </ei-ms-peak>
    <ei-ms-peak>
      <ei-ms-id>389</ei-ms-id>
      <id>43474</id>
      <intensity>55.0</intensity>
      <mass-charge>121.0</mass-charge>
    </ei-ms-peak>
    <ei-ms-peak>
      <ei-ms-id>389</ei-ms-id>
      <id>43475</id>
      <intensity>449.0</intensity>
      <mass-charge>135.0</mass-charge>
    </ei-ms-peak>
    <ei-ms-peak>
      <ei-ms-id>389</ei-ms-id>
      <id>43476</id>
      <intensity>37.0</intensity>
      <mass-charge>136.0</mass-charge>
    </ei-ms-peak>
    <ei-ms-peak>
      <ei-ms-id>389</ei-ms-id>
      <id>43477</id>
      <intensity>70.0</intensity>
      <mass-charge>161.0</mass-charge>
    </ei-ms-peak>
    <ei-ms-peak>
      <ei-ms-id>389</ei-ms-id>
      <id>43478</id>
      <intensity>2981.0</intensity>
      <mass-charge>178.0</mass-charge>
    </ei-ms-peak>
    <ei-ms-peak>
      <ei-ms-id>389</ei-ms-id>
      <id>43479</id>
      <intensity>342.0</intensity>
      <mass-charge>179.0</mass-charge>
    </ei-ms-peak>
  </ei-ms-peaks>
</ei-ms>
