<?xml version="1.0" encoding="UTF-8"?>
<ei-ms>
  <collection-date nil="true"/>
  <created-at>2014-09-20T16:23:34Z</created-at>
  <database-id>HMDB01522</database-id>
  <id>249</id>
  <inchi-key>CHJJGSNFBQVOTG-UHFFFAOYSA-N</inchi-key>
  <instrument-type nil="true"/>
  <molecule-id nil="true"/>
  <notes nil="true"/>
  <peak-counter>37</peak-counter>
  <sample-assessment nil="true"/>
  <sample-concentration nil="true"/>
  <sample-concentration-units nil="true"/>
  <sample-mass nil="true"/>
  <sample-mass-units nil="true"/>
  <sample-source nil="true"/>
  <solvent nil="true"/>
  <spectra-assessment nil="true"/>
  <updated-at>2014-09-20T16:23:34Z</updated-at>
  <references>
    <reference>
      <database>NIST</database>
      <database-id>471-29-4</database-id>
      <id>15121</id>
      <pubmed-id nil="true"/>
      <ref-text>NIST Mass Spec Data Center, S.E. Stein, director, "Mass Spectra" in NIST Chemistry WebBook, NIST Standard Reference Database Number 69, Eds. P.J. Linstrom and W.G. Mallard, National Institute of Standards and Technology, Gaithersburg MD, 20899, http://webbook.nist.gov, (retrieved September 6, 2014).</ref-text>
      <spectra-id>249</spectra-id>
      <spectra-type>EiMs</spectra-type>
    </reference>
  </references>
  <ei-ms-peaks>
    <ei-ms-peak>
      <ei-ms-id>249</ei-ms-id>
      <id>28837</id>
      <intensity>50.0</intensity>
      <mass-charge>12.0</mass-charge>
    </ei-ms-peak>
    <ei-ms-peak>
      <ei-ms-id>249</ei-ms-id>
      <id>28838</id>
      <intensity>169.0</intensity>
      <mass-charge>13.0</mass-charge>
    </ei-ms-peak>
    <ei-ms-peak>
      <ei-ms-id>249</ei-ms-id>
      <id>28839</id>
      <intensity>159.0</intensity>
      <mass-charge>14.0</mass-charge>
    </ei-ms-peak>
    <ei-ms-peak>
      <ei-ms-id>249</ei-ms-id>
      <id>28840</id>
      <intensity>719.0</intensity>
      <mass-charge>15.0</mass-charge>
    </ei-ms-peak>
    <ei-ms-peak>
      <ei-ms-id>249</ei-ms-id>
      <id>28841</id>
      <intensity>199.0</intensity>
      <mass-charge>16.0</mass-charge>
    </ei-ms-peak>
    <ei-ms-peak>
      <ei-ms-id>249</ei-ms-id>
      <id>28842</id>
      <intensity>349.0</intensity>
      <mass-charge>17.0</mass-charge>
    </ei-ms-peak>
    <ei-ms-peak>
      <ei-ms-id>249</ei-ms-id>
      <id>28843</id>
      <intensity>119.0</intensity>
      <mass-charge>18.0</mass-charge>
    </ei-ms-peak>
    <ei-ms-peak>
      <ei-ms-id>249</ei-ms-id>
      <id>28844</id>
      <intensity>10.0</intensity>
      <mass-charge>25.0</mass-charge>
    </ei-ms-peak>
    <ei-ms-peak>
      <ei-ms-id>249</ei-ms-id>
      <id>28845</id>
      <intensity>99.0</intensity>
      <mass-charge>26.0</mass-charge>
    </ei-ms-peak>
    <ei-ms-peak>
      <ei-ms-id>249</ei-ms-id>
      <id>28846</id>
      <intensity>639.0</intensity>
      <mass-charge>27.0</mass-charge>
    </ei-ms-peak>
    <ei-ms-peak>
      <ei-ms-id>249</ei-ms-id>
      <id>28847</id>
      <intensity>4109.0</intensity>
      <mass-charge>28.0</mass-charge>
    </ei-ms-peak>
    <ei-ms-peak>
      <ei-ms-id>249</ei-ms-id>
      <id>28848</id>
      <intensity>549.0</intensity>
      <mass-charge>29.0</mass-charge>
    </ei-ms-peak>
    <ei-ms-peak>
      <ei-ms-id>249</ei-ms-id>
      <id>28849</id>
      <intensity>8139.0</intensity>
      <mass-charge>30.0</mass-charge>
    </ei-ms-peak>
    <ei-ms-peak>
      <ei-ms-id>249</ei-ms-id>
      <id>28850</id>
      <intensity>2169.0</intensity>
      <mass-charge>31.0</mass-charge>
    </ei-ms-peak>
    <ei-ms-peak>
      <ei-ms-id>249</ei-ms-id>
      <id>28851</id>
      <intensity>99.0</intensity>
      <mass-charge>32.0</mass-charge>
    </ei-ms-peak>
    <ei-ms-peak>
      <ei-ms-id>249</ei-ms-id>
      <id>28852</id>
      <intensity>40.0</intensity>
      <mass-charge>39.0</mass-charge>
    </ei-ms-peak>
    <ei-ms-peak>
      <ei-ms-id>249</ei-ms-id>
      <id>28853</id>
      <intensity>80.0</intensity>
      <mass-charge>40.0</mass-charge>
    </ei-ms-peak>
    <ei-ms-peak>
      <ei-ms-id>249</ei-ms-id>
      <id>28854</id>
      <intensity>409.0</intensity>
      <mass-charge>41.0</mass-charge>
    </ei-ms-peak>
    <ei-ms-peak>
      <ei-ms-id>249</ei-ms-id>
      <id>28855</id>
      <intensity>1879.0</intensity>
      <mass-charge>42.0</mass-charge>
    </ei-ms-peak>
    <ei-ms-peak>
      <ei-ms-id>249</ei-ms-id>
      <id>28856</id>
      <intensity>9999.0</intensity>
      <mass-charge>43.0</mass-charge>
    </ei-ms-peak>
    <ei-ms-peak>
      <ei-ms-id>249</ei-ms-id>
      <id>28857</id>
      <intensity>2499.0</intensity>
      <mass-charge>44.0</mass-charge>
    </ei-ms-peak>
    <ei-ms-peak>
      <ei-ms-id>249</ei-ms-id>
      <id>28858</id>
      <intensity>419.0</intensity>
      <mass-charge>45.0</mass-charge>
    </ei-ms-peak>
    <ei-ms-peak>
      <ei-ms-id>249</ei-ms-id>
      <id>28859</id>
      <intensity>20.0</intensity>
      <mass-charge>52.0</mass-charge>
    </ei-ms-peak>
    <ei-ms-peak>
      <ei-ms-id>249</ei-ms-id>
      <id>28860</id>
      <intensity>249.0</intensity>
      <mass-charge>53.0</mass-charge>
    </ei-ms-peak>
    <ei-ms-peak>
      <ei-ms-id>249</ei-ms-id>
      <id>28861</id>
      <intensity>60.0</intensity>
      <mass-charge>54.0</mass-charge>
    </ei-ms-peak>
    <ei-ms-peak>
      <ei-ms-id>249</ei-ms-id>
      <id>28862</id>
      <intensity>1319.0</intensity>
      <mass-charge>55.0</mass-charge>
    </ei-ms-peak>
    <ei-ms-peak>
      <ei-ms-id>249</ei-ms-id>
      <id>28863</id>
      <intensity>1349.0</intensity>
      <mass-charge>56.0</mass-charge>
    </ei-ms-peak>
    <ei-ms-peak>
      <ei-ms-id>249</ei-ms-id>
      <id>28864</id>
      <intensity>2559.0</intensity>
      <mass-charge>57.0</mass-charge>
    </ei-ms-peak>
    <ei-ms-peak>
      <ei-ms-id>249</ei-ms-id>
      <id>28865</id>
      <intensity>109.0</intensity>
      <mass-charge>58.0</mass-charge>
    </ei-ms-peak>
    <ei-ms-peak>
      <ei-ms-id>249</ei-ms-id>
      <id>28866</id>
      <intensity>20.0</intensity>
      <mass-charge>59.0</mass-charge>
    </ei-ms-peak>
    <ei-ms-peak>
      <ei-ms-id>249</ei-ms-id>
      <id>28867</id>
      <intensity>10.0</intensity>
      <mass-charge>63.0</mass-charge>
    </ei-ms-peak>
    <ei-ms-peak>
      <ei-ms-id>249</ei-ms-id>
      <id>28868</id>
      <intensity>10.0</intensity>
      <mass-charge>69.0</mass-charge>
    </ei-ms-peak>
    <ei-ms-peak>
      <ei-ms-id>249</ei-ms-id>
      <id>28869</id>
      <intensity>20.0</intensity>
      <mass-charge>70.0</mass-charge>
    </ei-ms-peak>
    <ei-ms-peak>
      <ei-ms-id>249</ei-ms-id>
      <id>28870</id>
      <intensity>20.0</intensity>
      <mass-charge>71.0</mass-charge>
    </ei-ms-peak>
    <ei-ms-peak>
      <ei-ms-id>249</ei-ms-id>
      <id>28871</id>
      <intensity>2219.0</intensity>
      <mass-charge>72.0</mass-charge>
    </ei-ms-peak>
    <ei-ms-peak>
      <ei-ms-id>249</ei-ms-id>
      <id>28872</id>
      <intensity>8579.0</intensity>
      <mass-charge>73.0</mass-charge>
    </ei-ms-peak>
    <ei-ms-peak>
      <ei-ms-id>249</ei-ms-id>
      <id>28873</id>
      <intensity>339.0</intensity>
      <mass-charge>74.0</mass-charge>
    </ei-ms-peak>
  </ei-ms-peaks>
</ei-ms>
