<?xml version="1.0" encoding="UTF-8"?>
<ei-ms>
  <collection-date nil="true"/>
  <created-at>2014-09-20T16:17:56Z</created-at>
  <database-id>HMDB14891</database-id>
  <id>28</id>
  <inchi-key>PIWKPBJCKXDKJR-UHFFFAOYSA-N</inchi-key>
  <instrument-type nil="true"/>
  <molecule-id nil="true"/>
  <notes nil="true"/>
  <peak-counter>24</peak-counter>
  <sample-assessment nil="true"/>
  <sample-concentration nil="true"/>
  <sample-concentration-units nil="true"/>
  <sample-mass nil="true"/>
  <sample-mass-units nil="true"/>
  <sample-source nil="true"/>
  <solvent nil="true"/>
  <spectra-assessment nil="true"/>
  <updated-at>2014-09-20T16:17:56Z</updated-at>
  <references>
    <reference>
      <database>NIST</database>
      <database-id>26675-46-7</database-id>
      <id>14900</id>
      <pubmed-id nil="true"/>
      <ref-text>NIST Mass Spec Data Center, S.E. Stein, director, "Mass Spectra" in NIST Chemistry WebBook, NIST Standard Reference Database Number 69, Eds. P.J. Linstrom and W.G. Mallard, National Institute of Standards and Technology, Gaithersburg MD, 20899, http://webbook.nist.gov, (retrieved September 6, 2014).</ref-text>
      <spectra-id>28</spectra-id>
      <spectra-type>EiMs</spectra-type>
    </reference>
  </references>
  <ei-ms-peaks>
    <ei-ms-peak>
      <ei-ms-id>28</ei-ms-id>
      <id>2615</id>
      <intensity>1190.0</intensity>
      <mass-charge>29.0</mass-charge>
    </ei-ms-peak>
    <ei-ms-peak>
      <ei-ms-id>28</ei-ms-id>
      <id>2616</id>
      <intensity>258.0</intensity>
      <mass-charge>31.0</mass-charge>
    </ei-ms-peak>
    <ei-ms-peak>
      <ei-ms-id>28</ei-ms-id>
      <id>2617</id>
      <intensity>44.0</intensity>
      <mass-charge>44.0</mass-charge>
    </ei-ms-peak>
    <ei-ms-peak>
      <ei-ms-id>28</ei-ms-id>
      <id>2618</id>
      <intensity>89.0</intensity>
      <mass-charge>47.0</mass-charge>
    </ei-ms-peak>
    <ei-ms-peak>
      <ei-ms-id>28</ei-ms-id>
      <id>2619</id>
      <intensity>134.0</intensity>
      <mass-charge>48.0</mass-charge>
    </ei-ms-peak>
    <ei-ms-peak>
      <ei-ms-id>28</ei-ms-id>
      <id>2620</id>
      <intensity>179.0</intensity>
      <mass-charge>50.0</mass-charge>
    </ei-ms-peak>
    <ei-ms-peak>
      <ei-ms-id>28</ei-ms-id>
      <id>2621</id>
      <intensity>9999.0</intensity>
      <mass-charge>51.0</mass-charge>
    </ei-ms-peak>
    <ei-ms-peak>
      <ei-ms-id>28</ei-ms-id>
      <id>2622</id>
      <intensity>101.0</intensity>
      <mass-charge>52.0</mass-charge>
    </ei-ms-peak>
    <ei-ms-peak>
      <ei-ms-id>28</ei-ms-id>
      <id>2623</id>
      <intensity>1067.0</intensity>
      <mass-charge>67.0</mass-charge>
    </ei-ms-peak>
    <ei-ms-peak>
      <ei-ms-id>28</ei-ms-id>
      <id>2624</id>
      <intensity>730.0</intensity>
      <mass-charge>69.0</mass-charge>
    </ei-ms-peak>
    <ei-ms-peak>
      <ei-ms-id>28</ei-ms-id>
      <id>2625</id>
      <intensity>707.0</intensity>
      <mass-charge>79.0</mass-charge>
    </ei-ms-peak>
    <ei-ms-peak>
      <ei-ms-id>28</ei-ms-id>
      <id>2626</id>
      <intensity>146.0</intensity>
      <mass-charge>80.0</mass-charge>
    </ei-ms-peak>
    <ei-ms-peak>
      <ei-ms-id>28</ei-ms-id>
      <id>2627</id>
      <intensity>550.0</intensity>
      <mass-charge>87.0</mass-charge>
    </ei-ms-peak>
    <ei-ms-peak>
      <ei-ms-id>28</ei-ms-id>
      <id>2628</id>
      <intensity>190.0</intensity>
      <mass-charge>89.0</mass-charge>
    </ei-ms-peak>
    <ei-ms-peak>
      <ei-ms-id>28</ei-ms-id>
      <id>2629</id>
      <intensity>123.0</intensity>
      <mass-charge>95.0</mass-charge>
    </ei-ms-peak>
    <ei-ms-peak>
      <ei-ms-id>28</ei-ms-id>
      <id>2630</id>
      <intensity>67.0</intensity>
      <mass-charge>97.0</mass-charge>
    </ei-ms-peak>
    <ei-ms-peak>
      <ei-ms-id>28</ei-ms-id>
      <id>2631</id>
      <intensity>33.0</intensity>
      <mass-charge>98.0</mass-charge>
    </ei-ms-peak>
    <ei-ms-peak>
      <ei-ms-id>28</ei-ms-id>
      <id>2632</id>
      <intensity>1516.0</intensity>
      <mass-charge>115.0</mass-charge>
    </ei-ms-peak>
    <ei-ms-peak>
      <ei-ms-id>28</ei-ms-id>
      <id>2633</id>
      <intensity>44.0</intensity>
      <mass-charge>116.0</mass-charge>
    </ei-ms-peak>
    <ei-ms-peak>
      <ei-ms-id>28</ei-ms-id>
      <id>2634</id>
      <intensity>2123.0</intensity>
      <mass-charge>117.0</mass-charge>
    </ei-ms-peak>
    <ei-ms-peak>
      <ei-ms-id>28</ei-ms-id>
      <id>2635</id>
      <intensity>33.0</intensity>
      <mass-charge>118.0</mass-charge>
    </ei-ms-peak>
    <ei-ms-peak>
      <ei-ms-id>28</ei-ms-id>
      <id>2636</id>
      <intensity>505.0</intensity>
      <mass-charge>119.0</mass-charge>
    </ei-ms-peak>
    <ei-ms-peak>
      <ei-ms-id>28</ei-ms-id>
      <id>2637</id>
      <intensity>2505.0</intensity>
      <mass-charge>149.0</mass-charge>
    </ei-ms-peak>
    <ei-ms-peak>
      <ei-ms-id>28</ei-ms-id>
      <id>2638</id>
      <intensity>78.0</intensity>
      <mass-charge>150.0</mass-charge>
    </ei-ms-peak>
  </ei-ms-peaks>
</ei-ms>
