<?xml version="1.0" encoding="UTF-8"?>
<ei-ms>
  <collection-date nil="true"/>
  <created-at>2014-09-20T16:29:48Z</created-at>
  <database-id>HMDB15084</database-id>
  <id>507</id>
  <inchi-key>WKGXYQFOCVYPAC-UHFFFAOYSA-N</inchi-key>
  <instrument-type nil="true"/>
  <molecule-id nil="true"/>
  <notes nil="true"/>
  <peak-counter>50</peak-counter>
  <sample-assessment nil="true"/>
  <sample-concentration nil="true"/>
  <sample-concentration-units nil="true"/>
  <sample-mass nil="true"/>
  <sample-mass-units nil="true"/>
  <sample-source nil="true"/>
  <solvent nil="true"/>
  <spectra-assessment nil="true"/>
  <updated-at>2014-09-20T16:29:48Z</updated-at>
  <references>
    <reference>
      <database>NIST</database>
      <database-id>25451-15-4</database-id>
      <id>15379</id>
      <pubmed-id nil="true"/>
      <ref-text>NIST Mass Spec Data Center, S.E. Stein, director, "Mass Spectra" in NIST Chemistry WebBook, NIST Standard Reference Database Number 69, Eds. P.J. Linstrom and W.G. Mallard, National Institute of Standards and Technology, Gaithersburg MD, 20899, http://webbook.nist.gov, (retrieved September 6, 2014).</ref-text>
      <spectra-id>507</spectra-id>
      <spectra-type>EiMs</spectra-type>
    </reference>
  </references>
  <ei-ms-peaks>
    <ei-ms-peak>
      <ei-ms-id>507</ei-ms-id>
      <id>56492</id>
      <intensity>70.0</intensity>
      <mass-charge>38.0</mass-charge>
    </ei-ms-peak>
    <ei-ms-peak>
      <ei-ms-id>507</ei-ms-id>
      <id>56493</id>
      <intensity>372.0</intensity>
      <mass-charge>39.0</mass-charge>
    </ei-ms-peak>
    <ei-ms-peak>
      <ei-ms-id>507</ei-ms-id>
      <id>56494</id>
      <intensity>70.0</intensity>
      <mass-charge>41.0</mass-charge>
    </ei-ms-peak>
    <ei-ms-peak>
      <ei-ms-id>507</ei-ms-id>
      <id>56495</id>
      <intensity>46.0</intensity>
      <mass-charge>42.0</mass-charge>
    </ei-ms-peak>
    <ei-ms-peak>
      <ei-ms-id>507</ei-ms-id>
      <id>56496</id>
      <intensity>349.0</intensity>
      <mass-charge>43.0</mass-charge>
    </ei-ms-peak>
    <ei-ms-peak>
      <ei-ms-id>507</ei-ms-id>
      <id>56497</id>
      <intensity>791.0</intensity>
      <mass-charge>44.0</mass-charge>
    </ei-ms-peak>
    <ei-ms-peak>
      <ei-ms-id>507</ei-ms-id>
      <id>56498</id>
      <intensity>70.0</intensity>
      <mass-charge>45.0</mass-charge>
    </ei-ms-peak>
    <ei-ms-peak>
      <ei-ms-id>507</ei-ms-id>
      <id>56499</id>
      <intensity>23.0</intensity>
      <mass-charge>46.0</mass-charge>
    </ei-ms-peak>
    <ei-ms-peak>
      <ei-ms-id>507</ei-ms-id>
      <id>56500</id>
      <intensity>186.0</intensity>
      <mass-charge>50.0</mass-charge>
    </ei-ms-peak>
    <ei-ms-peak>
      <ei-ms-id>507</ei-ms-id>
      <id>56501</id>
      <intensity>651.0</intensity>
      <mass-charge>51.0</mass-charge>
    </ei-ms-peak>
    <ei-ms-peak>
      <ei-ms-id>507</ei-ms-id>
      <id>56502</id>
      <intensity>140.0</intensity>
      <mass-charge>52.0</mass-charge>
    </ei-ms-peak>
    <ei-ms-peak>
      <ei-ms-id>507</ei-ms-id>
      <id>56503</id>
      <intensity>46.0</intensity>
      <mass-charge>53.0</mass-charge>
    </ei-ms-peak>
    <ei-ms-peak>
      <ei-ms-id>507</ei-ms-id>
      <id>56504</id>
      <intensity>46.0</intensity>
      <mass-charge>55.0</mass-charge>
    </ei-ms-peak>
    <ei-ms-peak>
      <ei-ms-id>507</ei-ms-id>
      <id>56505</id>
      <intensity>23.0</intensity>
      <mass-charge>56.0</mass-charge>
    </ei-ms-peak>
    <ei-ms-peak>
      <ei-ms-id>507</ei-ms-id>
      <id>56506</id>
      <intensity>140.0</intensity>
      <mass-charge>62.0</mass-charge>
    </ei-ms-peak>
    <ei-ms-peak>
      <ei-ms-id>507</ei-ms-id>
      <id>56507</id>
      <intensity>326.0</intensity>
      <mass-charge>63.0</mass-charge>
    </ei-ms-peak>
    <ei-ms-peak>
      <ei-ms-id>507</ei-ms-id>
      <id>56508</id>
      <intensity>93.0</intensity>
      <mass-charge>64.0</mass-charge>
    </ei-ms-peak>
    <ei-ms-peak>
      <ei-ms-id>507</ei-ms-id>
      <id>56509</id>
      <intensity>488.0</intensity>
      <mass-charge>65.0</mass-charge>
    </ei-ms-peak>
    <ei-ms-peak>
      <ei-ms-id>507</ei-ms-id>
      <id>56510</id>
      <intensity>70.0</intensity>
      <mass-charge>66.0</mass-charge>
    </ei-ms-peak>
    <ei-ms-peak>
      <ei-ms-id>507</ei-ms-id>
      <id>56511</id>
      <intensity>116.0</intensity>
      <mass-charge>74.0</mass-charge>
    </ei-ms-peak>
    <ei-ms-peak>
      <ei-ms-id>507</ei-ms-id>
      <id>56512</id>
      <intensity>116.0</intensity>
      <mass-charge>75.0</mass-charge>
    </ei-ms-peak>
    <ei-ms-peak>
      <ei-ms-id>507</ei-ms-id>
      <id>56513</id>
      <intensity>1814.0</intensity>
      <mass-charge>77.0</mass-charge>
    </ei-ms-peak>
    <ei-ms-peak>
      <ei-ms-id>507</ei-ms-id>
      <id>56514</id>
      <intensity>1465.0</intensity>
      <mass-charge>78.0</mass-charge>
    </ei-ms-peak>
    <ei-ms-peak>
      <ei-ms-id>507</ei-ms-id>
      <id>56515</id>
      <intensity>721.0</intensity>
      <mass-charge>79.0</mass-charge>
    </ei-ms-peak>
    <ei-ms-peak>
      <ei-ms-id>507</ei-ms-id>
      <id>56516</id>
      <intensity>23.0</intensity>
      <mass-charge>80.0</mass-charge>
    </ei-ms-peak>
    <ei-ms-peak>
      <ei-ms-id>507</ei-ms-id>
      <id>56517</id>
      <intensity>23.0</intensity>
      <mass-charge>88.0</mass-charge>
    </ei-ms-peak>
    <ei-ms-peak>
      <ei-ms-id>507</ei-ms-id>
      <id>56518</id>
      <intensity>209.0</intensity>
      <mass-charge>89.0</mass-charge>
    </ei-ms-peak>
    <ei-ms-peak>
      <ei-ms-id>507</ei-ms-id>
      <id>56519</id>
      <intensity>1884.0</intensity>
      <mass-charge>91.0</mass-charge>
    </ei-ms-peak>
    <ei-ms-peak>
      <ei-ms-id>507</ei-ms-id>
      <id>56520</id>
      <intensity>1721.0</intensity>
      <mass-charge>92.0</mass-charge>
    </ei-ms-peak>
    <ei-ms-peak>
      <ei-ms-id>507</ei-ms-id>
      <id>56521</id>
      <intensity>209.0</intensity>
      <mass-charge>93.0</mass-charge>
    </ei-ms-peak>
    <ei-ms-peak>
      <ei-ms-id>507</ei-ms-id>
      <id>56522</id>
      <intensity>46.0</intensity>
      <mass-charge>94.0</mass-charge>
    </ei-ms-peak>
    <ei-ms-peak>
      <ei-ms-id>507</ei-ms-id>
      <id>56523</id>
      <intensity>3581.0</intensity>
      <mass-charge>103.0</mass-charge>
    </ei-ms-peak>
    <ei-ms-peak>
      <ei-ms-id>507</ei-ms-id>
      <id>56524</id>
      <intensity>9999.0</intensity>
      <mass-charge>104.0</mass-charge>
    </ei-ms-peak>
    <ei-ms-peak>
      <ei-ms-id>507</ei-ms-id>
      <id>56525</id>
      <intensity>1395.0</intensity>
      <mass-charge>105.0</mass-charge>
    </ei-ms-peak>
    <ei-ms-peak>
      <ei-ms-id>507</ei-ms-id>
      <id>56526</id>
      <intensity>140.0</intensity>
      <mass-charge>106.0</mass-charge>
    </ei-ms-peak>
    <ei-ms-peak>
      <ei-ms-id>507</ei-ms-id>
      <id>56527</id>
      <intensity>46.0</intensity>
      <mass-charge>107.0</mass-charge>
    </ei-ms-peak>
    <ei-ms-peak>
      <ei-ms-id>507</ei-ms-id>
      <id>56528</id>
      <intensity>140.0</intensity>
      <mass-charge>115.0</mass-charge>
    </ei-ms-peak>
    <ei-ms-peak>
      <ei-ms-id>507</ei-ms-id>
      <id>56529</id>
      <intensity>116.0</intensity>
      <mass-charge>116.0</mass-charge>
    </ei-ms-peak>
    <ei-ms-peak>
      <ei-ms-id>507</ei-ms-id>
      <id>56530</id>
      <intensity>46.0</intensity>
      <mass-charge>117.0</mass-charge>
    </ei-ms-peak>
    <ei-ms-peak>
      <ei-ms-id>507</ei-ms-id>
      <id>56531</id>
      <intensity>46.0</intensity>
      <mass-charge>119.0</mass-charge>
    </ei-ms-peak>
    <ei-ms-peak>
      <ei-ms-id>507</ei-ms-id>
      <id>56532</id>
      <intensity>279.0</intensity>
      <mass-charge>120.0</mass-charge>
    </ei-ms-peak>
    <ei-ms-peak>
      <ei-ms-id>507</ei-ms-id>
      <id>56533</id>
      <intensity>814.0</intensity>
      <mass-charge>121.0</mass-charge>
    </ei-ms-peak>
    <ei-ms-peak>
      <ei-ms-id>507</ei-ms-id>
      <id>56534</id>
      <intensity>70.0</intensity>
      <mass-charge>122.0</mass-charge>
    </ei-ms-peak>
    <ei-ms-peak>
      <ei-ms-id>507</ei-ms-id>
      <id>56535</id>
      <intensity>23.0</intensity>
      <mass-charge>132.0</mass-charge>
    </ei-ms-peak>
    <ei-ms-peak>
      <ei-ms-id>507</ei-ms-id>
      <id>56536</id>
      <intensity>628.0</intensity>
      <mass-charge>133.0</mass-charge>
    </ei-ms-peak>
    <ei-ms-peak>
      <ei-ms-id>507</ei-ms-id>
      <id>56537</id>
      <intensity>1046.0</intensity>
      <mass-charge>134.0</mass-charge>
    </ei-ms-peak>
    <ei-ms-peak>
      <ei-ms-id>507</ei-ms-id>
      <id>56538</id>
      <intensity>93.0</intensity>
      <mass-charge>135.0</mass-charge>
    </ei-ms-peak>
    <ei-ms-peak>
      <ei-ms-id>507</ei-ms-id>
      <id>56539</id>
      <intensity>279.0</intensity>
      <mass-charge>165.0</mass-charge>
    </ei-ms-peak>
    <ei-ms-peak>
      <ei-ms-id>507</ei-ms-id>
      <id>56540</id>
      <intensity>46.0</intensity>
      <mass-charge>166.0</mass-charge>
    </ei-ms-peak>
    <ei-ms-peak>
      <ei-ms-id>507</ei-ms-id>
      <id>56541</id>
      <intensity>70.0</intensity>
      <mass-charge>178.0</mass-charge>
    </ei-ms-peak>
  </ei-ms-peaks>
</ei-ms>
