<?xml version="1.0" encoding="UTF-8"?>
<ei-ms>
  <collection-date nil="true"/>
  <created-at>2014-09-20T16:18:14Z</created-at>
  <database-id>HMDB33209</database-id>
  <id>40</id>
  <inchi-key>PNVJTZOFSHSLTO-UHFFFAOYSA-N</inchi-key>
  <instrument-type nil="true"/>
  <molecule-id nil="true"/>
  <notes nil="true"/>
  <peak-counter>134</peak-counter>
  <sample-assessment nil="true"/>
  <sample-concentration nil="true"/>
  <sample-concentration-units nil="true"/>
  <sample-mass nil="true"/>
  <sample-mass-units nil="true"/>
  <sample-source nil="true"/>
  <solvent nil="true"/>
  <spectra-assessment nil="true"/>
  <updated-at>2014-09-20T16:18:14Z</updated-at>
  <references>
    <reference>
      <database>NIST</database>
      <database-id>55-38-9</database-id>
      <id>14912</id>
      <pubmed-id nil="true"/>
      <ref-text>NIST Mass Spec Data Center, S.E. Stein, director, "Mass Spectra" in NIST Chemistry WebBook, NIST Standard Reference Database Number 69, Eds. P.J. Linstrom and W.G. Mallard, National Institute of Standards and Technology, Gaithersburg MD, 20899, http://webbook.nist.gov, (retrieved September 6, 2014).</ref-text>
      <spectra-id>40</spectra-id>
      <spectra-type>EiMs</spectra-type>
    </reference>
  </references>
  <ei-ms-peaks>
    <ei-ms-peak>
      <ei-ms-id>40</ei-ms-id>
      <id>4257</id>
      <intensity>19.0</intensity>
      <mass-charge>11.0</mass-charge>
    </ei-ms-peak>
    <ei-ms-peak>
      <ei-ms-id>40</ei-ms-id>
      <id>4258</id>
      <intensity>297.0</intensity>
      <mass-charge>15.0</mass-charge>
    </ei-ms-peak>
    <ei-ms-peak>
      <ei-ms-id>40</ei-ms-id>
      <id>4259</id>
      <intensity>21.0</intensity>
      <mass-charge>26.0</mass-charge>
    </ei-ms-peak>
    <ei-ms-peak>
      <ei-ms-id>40</ei-ms-id>
      <id>4260</id>
      <intensity>122.0</intensity>
      <mass-charge>27.0</mass-charge>
    </ei-ms-peak>
    <ei-ms-peak>
      <ei-ms-id>40</ei-ms-id>
      <id>4261</id>
      <intensity>68.0</intensity>
      <mass-charge>38.0</mass-charge>
    </ei-ms-peak>
    <ei-ms-peak>
      <ei-ms-id>40</ei-ms-id>
      <id>4262</id>
      <intensity>454.0</intensity>
      <mass-charge>39.0</mass-charge>
    </ei-ms-peak>
    <ei-ms-peak>
      <ei-ms-id>40</ei-ms-id>
      <id>4263</id>
      <intensity>43.0</intensity>
      <mass-charge>40.0</mass-charge>
    </ei-ms-peak>
    <ei-ms-peak>
      <ei-ms-id>40</ei-ms-id>
      <id>4264</id>
      <intensity>99.0</intensity>
      <mass-charge>41.0</mass-charge>
    </ei-ms-peak>
    <ei-ms-peak>
      <ei-ms-id>40</ei-ms-id>
      <id>4265</id>
      <intensity>882.0</intensity>
      <mass-charge>45.0</mass-charge>
    </ei-ms-peak>
    <ei-ms-peak>
      <ei-ms-id>40</ei-ms-id>
      <id>4266</id>
      <intensity>1433.0</intensity>
      <mass-charge>47.0</mass-charge>
    </ei-ms-peak>
    <ei-ms-peak>
      <ei-ms-id>40</ei-ms-id>
      <id>4267</id>
      <intensity>73.0</intensity>
      <mass-charge>48.0</mass-charge>
    </ei-ms-peak>
    <ei-ms-peak>
      <ei-ms-id>40</ei-ms-id>
      <id>4268</id>
      <intensity>76.0</intensity>
      <mass-charge>49.0</mass-charge>
    </ei-ms-peak>
    <ei-ms-peak>
      <ei-ms-id>40</ei-ms-id>
      <id>4269</id>
      <intensity>193.0</intensity>
      <mass-charge>50.0</mass-charge>
    </ei-ms-peak>
    <ei-ms-peak>
      <ei-ms-id>40</ei-ms-id>
      <id>4270</id>
      <intensity>576.0</intensity>
      <mass-charge>51.0</mass-charge>
    </ei-ms-peak>
    <ei-ms-peak>
      <ei-ms-id>40</ei-ms-id>
      <id>4271</id>
      <intensity>209.0</intensity>
      <mass-charge>52.0</mass-charge>
    </ei-ms-peak>
    <ei-ms-peak>
      <ei-ms-id>40</ei-ms-id>
      <id>4272</id>
      <intensity>118.0</intensity>
      <mass-charge>53.0</mass-charge>
    </ei-ms-peak>
    <ei-ms-peak>
      <ei-ms-id>40</ei-ms-id>
      <id>4273</id>
      <intensity>29.0</intensity>
      <mass-charge>55.0</mass-charge>
    </ei-ms-peak>
    <ei-ms-peak>
      <ei-ms-id>40</ei-ms-id>
      <id>4274</id>
      <intensity>28.0</intensity>
      <mass-charge>57.0</mass-charge>
    </ei-ms-peak>
    <ei-ms-peak>
      <ei-ms-id>40</ei-ms-id>
      <id>4275</id>
      <intensity>130.0</intensity>
      <mass-charge>58.0</mass-charge>
    </ei-ms-peak>
    <ei-ms-peak>
      <ei-ms-id>40</ei-ms-id>
      <id>4276</id>
      <intensity>134.0</intensity>
      <mass-charge>59.0</mass-charge>
    </ei-ms-peak>
    <ei-ms-peak>
      <ei-ms-id>40</ei-ms-id>
      <id>4277</id>
      <intensity>103.0</intensity>
      <mass-charge>61.0</mass-charge>
    </ei-ms-peak>
    <ei-ms-peak>
      <ei-ms-id>40</ei-ms-id>
      <id>4278</id>
      <intensity>506.0</intensity>
      <mass-charge>62.0</mass-charge>
    </ei-ms-peak>
    <ei-ms-peak>
      <ei-ms-id>40</ei-ms-id>
      <id>4279</id>
      <intensity>1126.0</intensity>
      <mass-charge>63.0</mass-charge>
    </ei-ms-peak>
    <ei-ms-peak>
      <ei-ms-id>40</ei-ms-id>
      <id>4280</id>
      <intensity>192.0</intensity>
      <mass-charge>64.0</mass-charge>
    </ei-ms-peak>
    <ei-ms-peak>
      <ei-ms-id>40</ei-ms-id>
      <id>4281</id>
      <intensity>449.0</intensity>
      <mass-charge>65.0</mass-charge>
    </ei-ms-peak>
    <ei-ms-peak>
      <ei-ms-id>40</ei-ms-id>
      <id>4282</id>
      <intensity>360.0</intensity>
      <mass-charge>66.0</mass-charge>
    </ei-ms-peak>
    <ei-ms-peak>
      <ei-ms-id>40</ei-ms-id>
      <id>4283</id>
      <intensity>57.0</intensity>
      <mass-charge>67.0</mass-charge>
    </ei-ms-peak>
    <ei-ms-peak>
      <ei-ms-id>40</ei-ms-id>
      <id>4284</id>
      <intensity>28.0</intensity>
      <mass-charge>68.0</mass-charge>
    </ei-ms-peak>
    <ei-ms-peak>
      <ei-ms-id>40</ei-ms-id>
      <id>4285</id>
      <intensity>400.0</intensity>
      <mass-charge>69.0</mass-charge>
    </ei-ms-peak>
    <ei-ms-peak>
      <ei-ms-id>40</ei-ms-id>
      <id>4286</id>
      <intensity>194.0</intensity>
      <mass-charge>70.0</mass-charge>
    </ei-ms-peak>
    <ei-ms-peak>
      <ei-ms-id>40</ei-ms-id>
      <id>4287</id>
      <intensity>140.0</intensity>
      <mass-charge>71.0</mass-charge>
    </ei-ms-peak>
    <ei-ms-peak>
      <ei-ms-id>40</ei-ms-id>
      <id>4288</id>
      <intensity>43.0</intensity>
      <mass-charge>72.0</mass-charge>
    </ei-ms-peak>
    <ei-ms-peak>
      <ei-ms-id>40</ei-ms-id>
      <id>4289</id>
      <intensity>40.0</intensity>
      <mass-charge>73.0</mass-charge>
    </ei-ms-peak>
    <ei-ms-peak>
      <ei-ms-id>40</ei-ms-id>
      <id>4290</id>
      <intensity>62.0</intensity>
      <mass-charge>74.0</mass-charge>
    </ei-ms-peak>
    <ei-ms-peak>
      <ei-ms-id>40</ei-ms-id>
      <id>4291</id>
      <intensity>59.0</intensity>
      <mass-charge>75.0</mass-charge>
    </ei-ms-peak>
    <ei-ms-peak>
      <ei-ms-id>40</ei-ms-id>
      <id>4292</id>
      <intensity>40.0</intensity>
      <mass-charge>76.0</mass-charge>
    </ei-ms-peak>
    <ei-ms-peak>
      <ei-ms-id>40</ei-ms-id>
      <id>4293</id>
      <intensity>756.0</intensity>
      <mass-charge>77.0</mass-charge>
    </ei-ms-peak>
    <ei-ms-peak>
      <ei-ms-id>40</ei-ms-id>
      <id>4294</id>
      <intensity>485.0</intensity>
      <mass-charge>78.0</mass-charge>
    </ei-ms-peak>
    <ei-ms-peak>
      <ei-ms-id>40</ei-ms-id>
      <id>4295</id>
      <intensity>1844.0</intensity>
      <mass-charge>79.0</mass-charge>
    </ei-ms-peak>
    <ei-ms-peak>
      <ei-ms-id>40</ei-ms-id>
      <id>4296</id>
      <intensity>102.0</intensity>
      <mass-charge>80.0</mass-charge>
    </ei-ms-peak>
    <ei-ms-peak>
      <ei-ms-id>40</ei-ms-id>
      <id>4297</id>
      <intensity>85.0</intensity>
      <mass-charge>81.0</mass-charge>
    </ei-ms-peak>
    <ei-ms-peak>
      <ei-ms-id>40</ei-ms-id>
      <id>4298</id>
      <intensity>90.0</intensity>
      <mass-charge>82.0</mass-charge>
    </ei-ms-peak>
    <ei-ms-peak>
      <ei-ms-id>40</ei-ms-id>
      <id>4299</id>
      <intensity>72.0</intensity>
      <mass-charge>83.0</mass-charge>
    </ei-ms-peak>
    <ei-ms-peak>
      <ei-ms-id>40</ei-ms-id>
      <id>4300</id>
      <intensity>157.0</intensity>
      <mass-charge>84.0</mass-charge>
    </ei-ms-peak>
    <ei-ms-peak>
      <ei-ms-id>40</ei-ms-id>
      <id>4301</id>
      <intensity>168.0</intensity>
      <mass-charge>85.0</mass-charge>
    </ei-ms-peak>
    <ei-ms-peak>
      <ei-ms-id>40</ei-ms-id>
      <id>4302</id>
      <intensity>55.0</intensity>
      <mass-charge>86.0</mass-charge>
    </ei-ms-peak>
    <ei-ms-peak>
      <ei-ms-id>40</ei-ms-id>
      <id>4303</id>
      <intensity>39.0</intensity>
      <mass-charge>87.0</mass-charge>
    </ei-ms-peak>
    <ei-ms-peak>
      <ei-ms-id>40</ei-ms-id>
      <id>4304</id>
      <intensity>171.0</intensity>
      <mass-charge>89.0</mass-charge>
    </ei-ms-peak>
    <ei-ms-peak>
      <ei-ms-id>40</ei-ms-id>
      <id>4305</id>
      <intensity>47.0</intensity>
      <mass-charge>90.0</mass-charge>
    </ei-ms-peak>
    <ei-ms-peak>
      <ei-ms-id>40</ei-ms-id>
      <id>4306</id>
      <intensity>484.0</intensity>
      <mass-charge>91.0</mass-charge>
    </ei-ms-peak>
    <ei-ms-peak>
      <ei-ms-id>40</ei-ms-id>
      <id>4307</id>
      <intensity>39.0</intensity>
      <mass-charge>92.0</mass-charge>
    </ei-ms-peak>
    <ei-ms-peak>
      <ei-ms-id>40</ei-ms-id>
      <id>4308</id>
      <intensity>1659.0</intensity>
      <mass-charge>93.0</mass-charge>
    </ei-ms-peak>
    <ei-ms-peak>
      <ei-ms-id>40</ei-ms-id>
      <id>4309</id>
      <intensity>142.0</intensity>
      <mass-charge>94.0</mass-charge>
    </ei-ms-peak>
    <ei-ms-peak>
      <ei-ms-id>40</ei-ms-id>
      <id>4310</id>
      <intensity>159.0</intensity>
      <mass-charge>95.0</mass-charge>
    </ei-ms-peak>
    <ei-ms-peak>
      <ei-ms-id>40</ei-ms-id>
      <id>4311</id>
      <intensity>60.0</intensity>
      <mass-charge>96.0</mass-charge>
    </ei-ms-peak>
    <ei-ms-peak>
      <ei-ms-id>40</ei-ms-id>
      <id>4312</id>
      <intensity>183.0</intensity>
      <mass-charge>97.0</mass-charge>
    </ei-ms-peak>
    <ei-ms-peak>
      <ei-ms-id>40</ei-ms-id>
      <id>4313</id>
      <intensity>59.0</intensity>
      <mass-charge>98.0</mass-charge>
    </ei-ms-peak>
    <ei-ms-peak>
      <ei-ms-id>40</ei-ms-id>
      <id>4314</id>
      <intensity>38.0</intensity>
      <mass-charge>99.0</mass-charge>
    </ei-ms-peak>
    <ei-ms-peak>
      <ei-ms-id>40</ei-ms-id>
      <id>4315</id>
      <intensity>17.0</intensity>
      <mass-charge>102.0</mass-charge>
    </ei-ms-peak>
    <ei-ms-peak>
      <ei-ms-id>40</ei-ms-id>
      <id>4316</id>
      <intensity>76.0</intensity>
      <mass-charge>103.0</mass-charge>
    </ei-ms-peak>
    <ei-ms-peak>
      <ei-ms-id>40</ei-ms-id>
      <id>4317</id>
      <intensity>67.0</intensity>
      <mass-charge>104.0</mass-charge>
    </ei-ms-peak>
    <ei-ms-peak>
      <ei-ms-id>40</ei-ms-id>
      <id>4318</id>
      <intensity>215.0</intensity>
      <mass-charge>105.0</mass-charge>
    </ei-ms-peak>
    <ei-ms-peak>
      <ei-ms-id>40</ei-ms-id>
      <id>4319</id>
      <intensity>49.0</intensity>
      <mass-charge>106.0</mass-charge>
    </ei-ms-peak>
    <ei-ms-peak>
      <ei-ms-id>40</ei-ms-id>
      <id>4320</id>
      <intensity>72.0</intensity>
      <mass-charge>107.0</mass-charge>
    </ei-ms-peak>
    <ei-ms-peak>
      <ei-ms-id>40</ei-ms-id>
      <id>4321</id>
      <intensity>17.0</intensity>
      <mass-charge>108.0</mass-charge>
    </ei-ms-peak>
    <ei-ms-peak>
      <ei-ms-id>40</ei-ms-id>
      <id>4322</id>
      <intensity>3267.0</intensity>
      <mass-charge>109.0</mass-charge>
    </ei-ms-peak>
    <ei-ms-peak>
      <ei-ms-id>40</ei-ms-id>
      <id>4323</id>
      <intensity>700.0</intensity>
      <mass-charge>110.0</mass-charge>
    </ei-ms-peak>
    <ei-ms-peak>
      <ei-ms-id>40</ei-ms-id>
      <id>4324</id>
      <intensity>191.0</intensity>
      <mass-charge>111.0</mass-charge>
    </ei-ms-peak>
    <ei-ms-peak>
      <ei-ms-id>40</ei-ms-id>
      <id>4325</id>
      <intensity>37.0</intensity>
      <mass-charge>112.0</mass-charge>
    </ei-ms-peak>
    <ei-ms-peak>
      <ei-ms-id>40</ei-ms-id>
      <id>4326</id>
      <intensity>31.0</intensity>
      <mass-charge>119.0</mass-charge>
    </ei-ms-peak>
    <ei-ms-peak>
      <ei-ms-id>40</ei-ms-id>
      <id>4327</id>
      <intensity>617.0</intensity>
      <mass-charge>121.0</mass-charge>
    </ei-ms-peak>
    <ei-ms-peak>
      <ei-ms-id>40</ei-ms-id>
      <id>4328</id>
      <intensity>290.0</intensity>
      <mass-charge>122.0</mass-charge>
    </ei-ms-peak>
    <ei-ms-peak>
      <ei-ms-id>40</ei-ms-id>
      <id>4329</id>
      <intensity>208.0</intensity>
      <mass-charge>123.0</mass-charge>
    </ei-ms-peak>
    <ei-ms-peak>
      <ei-ms-id>40</ei-ms-id>
      <id>4330</id>
      <intensity>31.0</intensity>
      <mass-charge>124.0</mass-charge>
    </ei-ms-peak>
    <ei-ms-peak>
      <ei-ms-id>40</ei-ms-id>
      <id>4331</id>
      <intensity>3661.0</intensity>
      <mass-charge>125.0</mass-charge>
    </ei-ms-peak>
    <ei-ms-peak>
      <ei-ms-id>40</ei-ms-id>
      <id>4332</id>
      <intensity>161.0</intensity>
      <mass-charge>126.0</mass-charge>
    </ei-ms-peak>
    <ei-ms-peak>
      <ei-ms-id>40</ei-ms-id>
      <id>4333</id>
      <intensity>184.0</intensity>
      <mass-charge>127.0</mass-charge>
    </ei-ms-peak>
    <ei-ms-peak>
      <ei-ms-id>40</ei-ms-id>
      <id>4334</id>
      <intensity>72.0</intensity>
      <mass-charge>134.0</mass-charge>
    </ei-ms-peak>
    <ei-ms-peak>
      <ei-ms-id>40</ei-ms-id>
      <id>4335</id>
      <intensity>522.0</intensity>
      <mass-charge>135.0</mass-charge>
    </ei-ms-peak>
    <ei-ms-peak>
      <ei-ms-id>40</ei-ms-id>
      <id>4336</id>
      <intensity>235.0</intensity>
      <mass-charge>136.0</mass-charge>
    </ei-ms-peak>
    <ei-ms-peak>
      <ei-ms-id>40</ei-ms-id>
      <id>4337</id>
      <intensity>748.0</intensity>
      <mass-charge>137.0</mass-charge>
    </ei-ms-peak>
    <ei-ms-peak>
      <ei-ms-id>40</ei-ms-id>
      <id>4338</id>
      <intensity>313.0</intensity>
      <mass-charge>138.0</mass-charge>
    </ei-ms-peak>
    <ei-ms-peak>
      <ei-ms-id>40</ei-ms-id>
      <id>4339</id>
      <intensity>179.0</intensity>
      <mass-charge>139.0</mass-charge>
    </ei-ms-peak>
    <ei-ms-peak>
      <ei-ms-id>40</ei-ms-id>
      <id>4340</id>
      <intensity>32.0</intensity>
      <mass-charge>140.0</mass-charge>
    </ei-ms-peak>
    <ei-ms-peak>
      <ei-ms-id>40</ei-ms-id>
      <id>4341</id>
      <intensity>42.0</intensity>
      <mass-charge>141.0</mass-charge>
    </ei-ms-peak>
    <ei-ms-peak>
      <ei-ms-id>40</ei-ms-id>
      <id>4342</id>
      <intensity>57.0</intensity>
      <mass-charge>142.0</mass-charge>
    </ei-ms-peak>
    <ei-ms-peak>
      <ei-ms-id>40</ei-ms-id>
      <id>4343</id>
      <intensity>97.0</intensity>
      <mass-charge>143.0</mass-charge>
    </ei-ms-peak>
    <ei-ms-peak>
      <ei-ms-id>40</ei-ms-id>
      <id>4344</id>
      <intensity>56.0</intensity>
      <mass-charge>149.0</mass-charge>
    </ei-ms-peak>
    <ei-ms-peak>
      <ei-ms-id>40</ei-ms-id>
      <id>4345</id>
      <intensity>802.0</intensity>
      <mass-charge>151.0</mass-charge>
    </ei-ms-peak>
    <ei-ms-peak>
      <ei-ms-id>40</ei-ms-id>
      <id>4346</id>
      <intensity>1449.0</intensity>
      <mass-charge>153.0</mass-charge>
    </ei-ms-peak>
    <ei-ms-peak>
      <ei-ms-id>40</ei-ms-id>
      <id>4347</id>
      <intensity>437.0</intensity>
      <mass-charge>154.0</mass-charge>
    </ei-ms-peak>
    <ei-ms-peak>
      <ei-ms-id>40</ei-ms-id>
      <id>4348</id>
      <intensity>263.0</intensity>
      <mass-charge>155.0</mass-charge>
    </ei-ms-peak>
    <ei-ms-peak>
      <ei-ms-id>40</ei-ms-id>
      <id>4349</id>
      <intensity>41.0</intensity>
      <mass-charge>156.0</mass-charge>
    </ei-ms-peak>
    <ei-ms-peak>
      <ei-ms-id>40</ei-ms-id>
      <id>4350</id>
      <intensity>23.0</intensity>
      <mass-charge>157.0</mass-charge>
    </ei-ms-peak>
    <ei-ms-peak>
      <ei-ms-id>40</ei-ms-id>
      <id>4351</id>
      <intensity>228.0</intensity>
      <mass-charge>167.0</mass-charge>
    </ei-ms-peak>
    <ei-ms-peak>
      <ei-ms-id>40</ei-ms-id>
      <id>4352</id>
      <intensity>476.0</intensity>
      <mass-charge>168.0</mass-charge>
    </ei-ms-peak>
    <ei-ms-peak>
      <ei-ms-id>40</ei-ms-id>
      <id>4353</id>
      <intensity>2033.0</intensity>
      <mass-charge>169.0</mass-charge>
    </ei-ms-peak>
    <ei-ms-peak>
      <ei-ms-id>40</ei-ms-id>
      <id>4354</id>
      <intensity>428.0</intensity>
      <mass-charge>170.0</mass-charge>
    </ei-ms-peak>
    <ei-ms-peak>
      <ei-ms-id>40</ei-ms-id>
      <id>4355</id>
      <intensity>228.0</intensity>
      <mass-charge>171.0</mass-charge>
    </ei-ms-peak>
    <ei-ms-peak>
      <ei-ms-id>40</ei-ms-id>
      <id>4356</id>
      <intensity>34.0</intensity>
      <mass-charge>172.0</mass-charge>
    </ei-ms-peak>
    <ei-ms-peak>
      <ei-ms-id>40</ei-ms-id>
      <id>4357</id>
      <intensity>42.0</intensity>
      <mass-charge>182.0</mass-charge>
    </ei-ms-peak>
    <ei-ms-peak>
      <ei-ms-id>40</ei-ms-id>
      <id>4358</id>
      <intensity>55.0</intensity>
      <mass-charge>183.0</mass-charge>
    </ei-ms-peak>
    <ei-ms-peak>
      <ei-ms-id>40</ei-ms-id>
      <id>4359</id>
      <intensity>179.0</intensity>
      <mass-charge>184.0</mass-charge>
    </ei-ms-peak>
    <ei-ms-peak>
      <ei-ms-id>40</ei-ms-id>
      <id>4360</id>
      <intensity>78.0</intensity>
      <mass-charge>185.0</mass-charge>
    </ei-ms-peak>
    <ei-ms-peak>
      <ei-ms-id>40</ei-ms-id>
      <id>4361</id>
      <intensity>58.0</intensity>
      <mass-charge>186.0</mass-charge>
    </ei-ms-peak>
    <ei-ms-peak>
      <ei-ms-id>40</ei-ms-id>
      <id>4362</id>
      <intensity>68.0</intensity>
      <mass-charge>199.0</mass-charge>
    </ei-ms-peak>
    <ei-ms-peak>
      <ei-ms-id>40</ei-ms-id>
      <id>4363</id>
      <intensity>154.0</intensity>
      <mass-charge>200.0</mass-charge>
    </ei-ms-peak>
    <ei-ms-peak>
      <ei-ms-id>40</ei-ms-id>
      <id>4364</id>
      <intensity>116.0</intensity>
      <mass-charge>201.0</mass-charge>
    </ei-ms-peak>
    <ei-ms-peak>
      <ei-ms-id>40</ei-ms-id>
      <id>4365</id>
      <intensity>19.0</intensity>
      <mass-charge>202.0</mass-charge>
    </ei-ms-peak>
    <ei-ms-peak>
      <ei-ms-id>40</ei-ms-id>
      <id>4366</id>
      <intensity>22.0</intensity>
      <mass-charge>203.0</mass-charge>
    </ei-ms-peak>
    <ei-ms-peak>
      <ei-ms-id>40</ei-ms-id>
      <id>4367</id>
      <intensity>22.0</intensity>
      <mass-charge>207.0</mass-charge>
    </ei-ms-peak>
    <ei-ms-peak>
      <ei-ms-id>40</ei-ms-id>
      <id>4368</id>
      <intensity>121.0</intensity>
      <mass-charge>213.0</mass-charge>
    </ei-ms-peak>
    <ei-ms-peak>
      <ei-ms-id>40</ei-ms-id>
      <id>4369</id>
      <intensity>32.0</intensity>
      <mass-charge>214.0</mass-charge>
    </ei-ms-peak>
    <ei-ms-peak>
      <ei-ms-id>40</ei-ms-id>
      <id>4370</id>
      <intensity>147.0</intensity>
      <mass-charge>215.0</mass-charge>
    </ei-ms-peak>
    <ei-ms-peak>
      <ei-ms-id>40</ei-ms-id>
      <id>4371</id>
      <intensity>123.0</intensity>
      <mass-charge>216.0</mass-charge>
    </ei-ms-peak>
    <ei-ms-peak>
      <ei-ms-id>40</ei-ms-id>
      <id>4372</id>
      <intensity>30.0</intensity>
      <mass-charge>217.0</mass-charge>
    </ei-ms-peak>
    <ei-ms-peak>
      <ei-ms-id>40</ei-ms-id>
      <id>4373</id>
      <intensity>23.0</intensity>
      <mass-charge>229.0</mass-charge>
    </ei-ms-peak>
    <ei-ms-peak>
      <ei-ms-id>40</ei-ms-id>
      <id>4374</id>
      <intensity>37.0</intensity>
      <mass-charge>230.0</mass-charge>
    </ei-ms-peak>
    <ei-ms-peak>
      <ei-ms-id>40</ei-ms-id>
      <id>4375</id>
      <intensity>333.0</intensity>
      <mass-charge>231.0</mass-charge>
    </ei-ms-peak>
    <ei-ms-peak>
      <ei-ms-id>40</ei-ms-id>
      <id>4376</id>
      <intensity>127.0</intensity>
      <mass-charge>232.0</mass-charge>
    </ei-ms-peak>
    <ei-ms-peak>
      <ei-ms-id>40</ei-ms-id>
      <id>4377</id>
      <intensity>89.0</intensity>
      <mass-charge>233.0</mass-charge>
    </ei-ms-peak>
    <ei-ms-peak>
      <ei-ms-id>40</ei-ms-id>
      <id>4378</id>
      <intensity>53.0</intensity>
      <mass-charge>244.0</mass-charge>
    </ei-ms-peak>
    <ei-ms-peak>
      <ei-ms-id>40</ei-ms-id>
      <id>4379</id>
      <intensity>651.0</intensity>
      <mass-charge>245.0</mass-charge>
    </ei-ms-peak>
    <ei-ms-peak>
      <ei-ms-id>40</ei-ms-id>
      <id>4380</id>
      <intensity>467.0</intensity>
      <mass-charge>246.0</mass-charge>
    </ei-ms-peak>
    <ei-ms-peak>
      <ei-ms-id>40</ei-ms-id>
      <id>4381</id>
      <intensity>131.0</intensity>
      <mass-charge>247.0</mass-charge>
    </ei-ms-peak>
    <ei-ms-peak>
      <ei-ms-id>40</ei-ms-id>
      <id>4382</id>
      <intensity>64.0</intensity>
      <mass-charge>248.0</mass-charge>
    </ei-ms-peak>
    <ei-ms-peak>
      <ei-ms-id>40</ei-ms-id>
      <id>4383</id>
      <intensity>613.0</intensity>
      <mass-charge>263.0</mass-charge>
    </ei-ms-peak>
    <ei-ms-peak>
      <ei-ms-id>40</ei-ms-id>
      <id>4384</id>
      <intensity>82.0</intensity>
      <mass-charge>264.0</mass-charge>
    </ei-ms-peak>
    <ei-ms-peak>
      <ei-ms-id>40</ei-ms-id>
      <id>4385</id>
      <intensity>66.0</intensity>
      <mass-charge>265.0</mass-charge>
    </ei-ms-peak>
    <ei-ms-peak>
      <ei-ms-id>40</ei-ms-id>
      <id>4386</id>
      <intensity>9999.0</intensity>
      <mass-charge>278.0</mass-charge>
    </ei-ms-peak>
    <ei-ms-peak>
      <ei-ms-id>40</ei-ms-id>
      <id>4387</id>
      <intensity>1332.0</intensity>
      <mass-charge>279.0</mass-charge>
    </ei-ms-peak>
    <ei-ms-peak>
      <ei-ms-id>40</ei-ms-id>
      <id>4388</id>
      <intensity>1044.0</intensity>
      <mass-charge>280.0</mass-charge>
    </ei-ms-peak>
    <ei-ms-peak>
      <ei-ms-id>40</ei-ms-id>
      <id>4389</id>
      <intensity>159.0</intensity>
      <mass-charge>281.0</mass-charge>
    </ei-ms-peak>
    <ei-ms-peak>
      <ei-ms-id>40</ei-ms-id>
      <id>4390</id>
      <intensity>38.0</intensity>
      <mass-charge>282.0</mass-charge>
    </ei-ms-peak>
  </ei-ms-peaks>
</ei-ms>
