<?xml version="1.0" encoding="UTF-8"?>
<ei-ms>
  <collection-date nil="true"/>
  <created-at>2014-09-20T16:35:27Z</created-at>
  <database-id>HMDB14613</database-id>
  <id>741</id>
  <inchi-key>CYQFCXCEBYINGO-IAGOWNOFSA-N</inchi-key>
  <instrument-type nil="true"/>
  <molecule-id nil="true"/>
  <notes nil="true"/>
  <peak-counter>251</peak-counter>
  <sample-assessment nil="true"/>
  <sample-concentration nil="true"/>
  <sample-concentration-units nil="true"/>
  <sample-mass nil="true"/>
  <sample-mass-units nil="true"/>
  <sample-source nil="true"/>
  <solvent nil="true"/>
  <spectra-assessment nil="true"/>
  <updated-at>2014-09-20T16:35:27Z</updated-at>
  <references>
    <reference>
      <database>NIST</database>
      <database-id>1972-08-3</database-id>
      <id>15613</id>
      <pubmed-id nil="true"/>
      <ref-text>NIST Mass Spec Data Center, S.E. Stein, director, "Mass Spectra" in NIST Chemistry WebBook, NIST Standard Reference Database Number 69, Eds. P.J. Linstrom and W.G. Mallard, National Institute of Standards and Technology, Gaithersburg MD, 20899, http://webbook.nist.gov, (retrieved September 6, 2014).</ref-text>
      <spectra-id>741</spectra-id>
      <spectra-type>EiMs</spectra-type>
    </reference>
  </references>
  <ei-ms-peaks>
    <ei-ms-peak>
      <ei-ms-id>741</ei-ms-id>
      <id>82212</id>
      <intensity>10.0</intensity>
      <mass-charge>15.0</mass-charge>
    </ei-ms-peak>
    <ei-ms-peak>
      <ei-ms-id>741</ei-ms-id>
      <id>82213</id>
      <intensity>10.0</intensity>
      <mass-charge>26.0</mass-charge>
    </ei-ms-peak>
    <ei-ms-peak>
      <ei-ms-id>741</ei-ms-id>
      <id>82214</id>
      <intensity>320.0</intensity>
      <mass-charge>27.0</mass-charge>
    </ei-ms-peak>
    <ei-ms-peak>
      <ei-ms-id>741</ei-ms-id>
      <id>82215</id>
      <intensity>961.0</intensity>
      <mass-charge>29.0</mass-charge>
    </ei-ms-peak>
    <ei-ms-peak>
      <ei-ms-id>741</ei-ms-id>
      <id>82216</id>
      <intensity>20.0</intensity>
      <mass-charge>30.0</mass-charge>
    </ei-ms-peak>
    <ei-ms-peak>
      <ei-ms-id>741</ei-ms-id>
      <id>82217</id>
      <intensity>20.0</intensity>
      <mass-charge>31.0</mass-charge>
    </ei-ms-peak>
    <ei-ms-peak>
      <ei-ms-id>741</ei-ms-id>
      <id>82218</id>
      <intensity>510.0</intensity>
      <mass-charge>39.0</mass-charge>
    </ei-ms-peak>
    <ei-ms-peak>
      <ei-ms-id>741</ei-ms-id>
      <id>82219</id>
      <intensity>90.0</intensity>
      <mass-charge>40.0</mass-charge>
    </ei-ms-peak>
    <ei-ms-peak>
      <ei-ms-id>741</ei-ms-id>
      <id>82220</id>
      <intensity>2762.0</intensity>
      <mass-charge>41.0</mass-charge>
    </ei-ms-peak>
    <ei-ms-peak>
      <ei-ms-id>741</ei-ms-id>
      <id>82221</id>
      <intensity>160.0</intensity>
      <mass-charge>42.0</mass-charge>
    </ei-ms-peak>
    <ei-ms-peak>
      <ei-ms-id>741</ei-ms-id>
      <id>82222</id>
      <intensity>2542.0</intensity>
      <mass-charge>43.0</mass-charge>
    </ei-ms-peak>
    <ei-ms-peak>
      <ei-ms-id>741</ei-ms-id>
      <id>82223</id>
      <intensity>60.0</intensity>
      <mass-charge>44.0</mass-charge>
    </ei-ms-peak>
    <ei-ms-peak>
      <ei-ms-id>741</ei-ms-id>
      <id>82224</id>
      <intensity>10.0</intensity>
      <mass-charge>45.0</mass-charge>
    </ei-ms-peak>
    <ei-ms-peak>
      <ei-ms-id>741</ei-ms-id>
      <id>82225</id>
      <intensity>30.0</intensity>
      <mass-charge>50.0</mass-charge>
    </ei-ms-peak>
    <ei-ms-peak>
      <ei-ms-id>741</ei-ms-id>
      <id>82226</id>
      <intensity>200.0</intensity>
      <mass-charge>51.0</mass-charge>
    </ei-ms-peak>
    <ei-ms-peak>
      <ei-ms-id>741</ei-ms-id>
      <id>82227</id>
      <intensity>110.0</intensity>
      <mass-charge>52.0</mass-charge>
    </ei-ms-peak>
    <ei-ms-peak>
      <ei-ms-id>741</ei-ms-id>
      <id>82228</id>
      <intensity>671.0</intensity>
      <mass-charge>53.0</mass-charge>
    </ei-ms-peak>
    <ei-ms-peak>
      <ei-ms-id>741</ei-ms-id>
      <id>82229</id>
      <intensity>80.0</intensity>
      <mass-charge>54.0</mass-charge>
    </ei-ms-peak>
    <ei-ms-peak>
      <ei-ms-id>741</ei-ms-id>
      <id>82230</id>
      <intensity>1281.0</intensity>
      <mass-charge>55.0</mass-charge>
    </ei-ms-peak>
    <ei-ms-peak>
      <ei-ms-id>741</ei-ms-id>
      <id>82231</id>
      <intensity>170.0</intensity>
      <mass-charge>56.0</mass-charge>
    </ei-ms-peak>
    <ei-ms-peak>
      <ei-ms-id>741</ei-ms-id>
      <id>82232</id>
      <intensity>200.0</intensity>
      <mass-charge>57.0</mass-charge>
    </ei-ms-peak>
    <ei-ms-peak>
      <ei-ms-id>741</ei-ms-id>
      <id>82233</id>
      <intensity>20.0</intensity>
      <mass-charge>58.0</mass-charge>
    </ei-ms-peak>
    <ei-ms-peak>
      <ei-ms-id>741</ei-ms-id>
      <id>82234</id>
      <intensity>80.0</intensity>
      <mass-charge>59.0</mass-charge>
    </ei-ms-peak>
    <ei-ms-peak>
      <ei-ms-id>741</ei-ms-id>
      <id>82235</id>
      <intensity>20.0</intensity>
      <mass-charge>62.0</mass-charge>
    </ei-ms-peak>
    <ei-ms-peak>
      <ei-ms-id>741</ei-ms-id>
      <id>82236</id>
      <intensity>110.0</intensity>
      <mass-charge>63.0</mass-charge>
    </ei-ms-peak>
    <ei-ms-peak>
      <ei-ms-id>741</ei-ms-id>
      <id>82237</id>
      <intensity>60.0</intensity>
      <mass-charge>64.0</mass-charge>
    </ei-ms-peak>
    <ei-ms-peak>
      <ei-ms-id>741</ei-ms-id>
      <id>82238</id>
      <intensity>540.0</intensity>
      <mass-charge>65.0</mass-charge>
    </ei-ms-peak>
    <ei-ms-peak>
      <ei-ms-id>741</ei-ms-id>
      <id>82239</id>
      <intensity>140.0</intensity>
      <mass-charge>66.0</mass-charge>
    </ei-ms-peak>
    <ei-ms-peak>
      <ei-ms-id>741</ei-ms-id>
      <id>82240</id>
      <intensity>1181.0</intensity>
      <mass-charge>67.0</mass-charge>
    </ei-ms-peak>
    <ei-ms-peak>
      <ei-ms-id>741</ei-ms-id>
      <id>82241</id>
      <intensity>110.0</intensity>
      <mass-charge>68.0</mass-charge>
    </ei-ms-peak>
    <ei-ms-peak>
      <ei-ms-id>741</ei-ms-id>
      <id>82242</id>
      <intensity>1061.0</intensity>
      <mass-charge>69.0</mass-charge>
    </ei-ms-peak>
    <ei-ms-peak>
      <ei-ms-id>741</ei-ms-id>
      <id>82243</id>
      <intensity>60.0</intensity>
      <mass-charge>70.0</mass-charge>
    </ei-ms-peak>
    <ei-ms-peak>
      <ei-ms-id>741</ei-ms-id>
      <id>82244</id>
      <intensity>200.0</intensity>
      <mass-charge>71.0</mass-charge>
    </ei-ms-peak>
    <ei-ms-peak>
      <ei-ms-id>741</ei-ms-id>
      <id>82245</id>
      <intensity>20.0</intensity>
      <mass-charge>72.0</mass-charge>
    </ei-ms-peak>
    <ei-ms-peak>
      <ei-ms-id>741</ei-ms-id>
      <id>82246</id>
      <intensity>10.0</intensity>
      <mass-charge>74.0</mass-charge>
    </ei-ms-peak>
    <ei-ms-peak>
      <ei-ms-id>741</ei-ms-id>
      <id>82247</id>
      <intensity>40.0</intensity>
      <mass-charge>75.0</mass-charge>
    </ei-ms-peak>
    <ei-ms-peak>
      <ei-ms-id>741</ei-ms-id>
      <id>82248</id>
      <intensity>80.0</intensity>
      <mass-charge>76.0</mass-charge>
    </ei-ms-peak>
    <ei-ms-peak>
      <ei-ms-id>741</ei-ms-id>
      <id>82249</id>
      <intensity>1251.0</intensity>
      <mass-charge>77.0</mass-charge>
    </ei-ms-peak>
    <ei-ms-peak>
      <ei-ms-id>741</ei-ms-id>
      <id>82250</id>
      <intensity>330.0</intensity>
      <mass-charge>78.0</mass-charge>
    </ei-ms-peak>
    <ei-ms-peak>
      <ei-ms-id>741</ei-ms-id>
      <id>82251</id>
      <intensity>971.0</intensity>
      <mass-charge>79.0</mass-charge>
    </ei-ms-peak>
    <ei-ms-peak>
      <ei-ms-id>741</ei-ms-id>
      <id>82252</id>
      <intensity>180.0</intensity>
      <mass-charge>80.0</mass-charge>
    </ei-ms-peak>
    <ei-ms-peak>
      <ei-ms-id>741</ei-ms-id>
      <id>82253</id>
      <intensity>1371.0</intensity>
      <mass-charge>81.0</mass-charge>
    </ei-ms-peak>
    <ei-ms-peak>
      <ei-ms-id>741</ei-ms-id>
      <id>82254</id>
      <intensity>170.0</intensity>
      <mass-charge>82.0</mass-charge>
    </ei-ms-peak>
    <ei-ms-peak>
      <ei-ms-id>741</ei-ms-id>
      <id>82255</id>
      <intensity>150.0</intensity>
      <mass-charge>83.0</mass-charge>
    </ei-ms-peak>
    <ei-ms-peak>
      <ei-ms-id>741</ei-ms-id>
      <id>82256</id>
      <intensity>30.0</intensity>
      <mass-charge>84.0</mass-charge>
    </ei-ms-peak>
    <ei-ms-peak>
      <ei-ms-id>741</ei-ms-id>
      <id>82257</id>
      <intensity>20.0</intensity>
      <mass-charge>85.0</mass-charge>
    </ei-ms-peak>
    <ei-ms-peak>
      <ei-ms-id>741</ei-ms-id>
      <id>82258</id>
      <intensity>20.0</intensity>
      <mass-charge>86.0</mass-charge>
    </ei-ms-peak>
    <ei-ms-peak>
      <ei-ms-id>741</ei-ms-id>
      <id>82259</id>
      <intensity>40.0</intensity>
      <mass-charge>87.0</mass-charge>
    </ei-ms-peak>
    <ei-ms-peak>
      <ei-ms-id>741</ei-ms-id>
      <id>82260</id>
      <intensity>30.0</intensity>
      <mass-charge>88.0</mass-charge>
    </ei-ms-peak>
    <ei-ms-peak>
      <ei-ms-id>741</ei-ms-id>
      <id>82261</id>
      <intensity>190.0</intensity>
      <mass-charge>89.0</mass-charge>
    </ei-ms-peak>
    <ei-ms-peak>
      <ei-ms-id>741</ei-ms-id>
      <id>82262</id>
      <intensity>90.0</intensity>
      <mass-charge>90.0</mass-charge>
    </ei-ms-peak>
    <ei-ms-peak>
      <ei-ms-id>741</ei-ms-id>
      <id>82263</id>
      <intensity>1912.0</intensity>
      <mass-charge>91.0</mass-charge>
    </ei-ms-peak>
    <ei-ms-peak>
      <ei-ms-id>741</ei-ms-id>
      <id>82264</id>
      <intensity>310.0</intensity>
      <mass-charge>92.0</mass-charge>
    </ei-ms-peak>
    <ei-ms-peak>
      <ei-ms-id>741</ei-ms-id>
      <id>82265</id>
      <intensity>811.0</intensity>
      <mass-charge>93.0</mass-charge>
    </ei-ms-peak>
    <ei-ms-peak>
      <ei-ms-id>741</ei-ms-id>
      <id>82266</id>
      <intensity>160.0</intensity>
      <mass-charge>94.0</mass-charge>
    </ei-ms-peak>
    <ei-ms-peak>
      <ei-ms-id>741</ei-ms-id>
      <id>82267</id>
      <intensity>971.0</intensity>
      <mass-charge>95.0</mass-charge>
    </ei-ms-peak>
    <ei-ms-peak>
      <ei-ms-id>741</ei-ms-id>
      <id>82268</id>
      <intensity>100.0</intensity>
      <mass-charge>96.0</mass-charge>
    </ei-ms-peak>
    <ei-ms-peak>
      <ei-ms-id>741</ei-ms-id>
      <id>82269</id>
      <intensity>80.0</intensity>
      <mass-charge>97.0</mass-charge>
    </ei-ms-peak>
    <ei-ms-peak>
      <ei-ms-id>741</ei-ms-id>
      <id>82270</id>
      <intensity>30.0</intensity>
      <mass-charge>98.0</mass-charge>
    </ei-ms-peak>
    <ei-ms-peak>
      <ei-ms-id>741</ei-ms-id>
      <id>82271</id>
      <intensity>50.0</intensity>
      <mass-charge>99.0</mass-charge>
    </ei-ms-peak>
    <ei-ms-peak>
      <ei-ms-id>741</ei-ms-id>
      <id>82272</id>
      <intensity>140.0</intensity>
      <mass-charge>100.0</mass-charge>
    </ei-ms-peak>
    <ei-ms-peak>
      <ei-ms-id>741</ei-ms-id>
      <id>82273</id>
      <intensity>150.0</intensity>
      <mass-charge>102.0</mass-charge>
    </ei-ms-peak>
    <ei-ms-peak>
      <ei-ms-id>741</ei-ms-id>
      <id>82274</id>
      <intensity>430.0</intensity>
      <mass-charge>103.0</mass-charge>
    </ei-ms-peak>
    <ei-ms-peak>
      <ei-ms-id>741</ei-ms-id>
      <id>82275</id>
      <intensity>150.0</intensity>
      <mass-charge>104.0</mass-charge>
    </ei-ms-peak>
    <ei-ms-peak>
      <ei-ms-id>741</ei-ms-id>
      <id>82276</id>
      <intensity>1071.0</intensity>
      <mass-charge>105.0</mass-charge>
    </ei-ms-peak>
    <ei-ms-peak>
      <ei-ms-id>741</ei-ms-id>
      <id>82277</id>
      <intensity>270.0</intensity>
      <mass-charge>106.0</mass-charge>
    </ei-ms-peak>
    <ei-ms-peak>
      <ei-ms-id>741</ei-ms-id>
      <id>82278</id>
      <intensity>1131.0</intensity>
      <mass-charge>107.0</mass-charge>
    </ei-ms-peak>
    <ei-ms-peak>
      <ei-ms-id>741</ei-ms-id>
      <id>82279</id>
      <intensity>310.0</intensity>
      <mass-charge>108.0</mass-charge>
    </ei-ms-peak>
    <ei-ms-peak>
      <ei-ms-id>741</ei-ms-id>
      <id>82280</id>
      <intensity>400.0</intensity>
      <mass-charge>109.0</mass-charge>
    </ei-ms-peak>
    <ei-ms-peak>
      <ei-ms-id>741</ei-ms-id>
      <id>82281</id>
      <intensity>50.0</intensity>
      <mass-charge>110.0</mass-charge>
    </ei-ms-peak>
    <ei-ms-peak>
      <ei-ms-id>741</ei-ms-id>
      <id>82282</id>
      <intensity>50.0</intensity>
      <mass-charge>111.0</mass-charge>
    </ei-ms-peak>
    <ei-ms-peak>
      <ei-ms-id>741</ei-ms-id>
      <id>82283</id>
      <intensity>20.0</intensity>
      <mass-charge>112.0</mass-charge>
    </ei-ms-peak>
    <ei-ms-peak>
      <ei-ms-id>741</ei-ms-id>
      <id>82284</id>
      <intensity>1391.0</intensity>
      <mass-charge>115.0</mass-charge>
    </ei-ms-peak>
    <ei-ms-peak>
      <ei-ms-id>741</ei-ms-id>
      <id>82285</id>
      <intensity>360.0</intensity>
      <mass-charge>116.0</mass-charge>
    </ei-ms-peak>
    <ei-ms-peak>
      <ei-ms-id>741</ei-ms-id>
      <id>82286</id>
      <intensity>510.0</intensity>
      <mass-charge>117.0</mass-charge>
    </ei-ms-peak>
    <ei-ms-peak>
      <ei-ms-id>741</ei-ms-id>
      <id>82287</id>
      <intensity>130.0</intensity>
      <mass-charge>118.0</mass-charge>
    </ei-ms-peak>
    <ei-ms-peak>
      <ei-ms-id>741</ei-ms-id>
      <id>82288</id>
      <intensity>891.0</intensity>
      <mass-charge>119.0</mass-charge>
    </ei-ms-peak>
    <ei-ms-peak>
      <ei-ms-id>741</ei-ms-id>
      <id>82289</id>
      <intensity>250.0</intensity>
      <mass-charge>120.0</mass-charge>
    </ei-ms-peak>
    <ei-ms-peak>
      <ei-ms-id>741</ei-ms-id>
      <id>82290</id>
      <intensity>861.0</intensity>
      <mass-charge>121.0</mass-charge>
    </ei-ms-peak>
    <ei-ms-peak>
      <ei-ms-id>741</ei-ms-id>
      <id>82291</id>
      <intensity>420.0</intensity>
      <mass-charge>122.0</mass-charge>
    </ei-ms-peak>
    <ei-ms-peak>
      <ei-ms-id>741</ei-ms-id>
      <id>82292</id>
      <intensity>621.0</intensity>
      <mass-charge>123.0</mass-charge>
    </ei-ms-peak>
    <ei-ms-peak>
      <ei-ms-id>741</ei-ms-id>
      <id>82293</id>
      <intensity>220.0</intensity>
      <mass-charge>124.0</mass-charge>
    </ei-ms-peak>
    <ei-ms-peak>
      <ei-ms-id>741</ei-ms-id>
      <id>82294</id>
      <intensity>30.0</intensity>
      <mass-charge>125.0</mass-charge>
    </ei-ms-peak>
    <ei-ms-peak>
      <ei-ms-id>741</ei-ms-id>
      <id>82295</id>
      <intensity>60.0</intensity>
      <mass-charge>126.0</mass-charge>
    </ei-ms-peak>
    <ei-ms-peak>
      <ei-ms-id>741</ei-ms-id>
      <id>82296</id>
      <intensity>480.0</intensity>
      <mass-charge>127.0</mass-charge>
    </ei-ms-peak>
    <ei-ms-peak>
      <ei-ms-id>741</ei-ms-id>
      <id>82297</id>
      <intensity>1191.0</intensity>
      <mass-charge>128.0</mass-charge>
    </ei-ms-peak>
    <ei-ms-peak>
      <ei-ms-id>741</ei-ms-id>
      <id>82298</id>
      <intensity>821.0</intensity>
      <mass-charge>129.0</mass-charge>
    </ei-ms-peak>
    <ei-ms-peak>
      <ei-ms-id>741</ei-ms-id>
      <id>82299</id>
      <intensity>190.0</intensity>
      <mass-charge>130.0</mass-charge>
    </ei-ms-peak>
    <ei-ms-peak>
      <ei-ms-id>741</ei-ms-id>
      <id>82300</id>
      <intensity>561.0</intensity>
      <mass-charge>131.0</mass-charge>
    </ei-ms-peak>
    <ei-ms-peak>
      <ei-ms-id>741</ei-ms-id>
      <id>82301</id>
      <intensity>160.0</intensity>
      <mass-charge>132.0</mass-charge>
    </ei-ms-peak>
    <ei-ms-peak>
      <ei-ms-id>741</ei-ms-id>
      <id>82302</id>
      <intensity>440.0</intensity>
      <mass-charge>133.0</mass-charge>
    </ei-ms-peak>
    <ei-ms-peak>
      <ei-ms-id>741</ei-ms-id>
      <id>82303</id>
      <intensity>230.0</intensity>
      <mass-charge>134.0</mass-charge>
    </ei-ms-peak>
    <ei-ms-peak>
      <ei-ms-id>741</ei-ms-id>
      <id>82304</id>
      <intensity>360.0</intensity>
      <mass-charge>135.0</mass-charge>
    </ei-ms-peak>
    <ei-ms-peak>
      <ei-ms-id>741</ei-ms-id>
      <id>82305</id>
      <intensity>240.0</intensity>
      <mass-charge>136.0</mass-charge>
    </ei-ms-peak>
    <ei-ms-peak>
      <ei-ms-id>741</ei-ms-id>
      <id>82306</id>
      <intensity>230.0</intensity>
      <mass-charge>137.0</mass-charge>
    </ei-ms-peak>
    <ei-ms-peak>
      <ei-ms-id>741</ei-ms-id>
      <id>82307</id>
      <intensity>70.0</intensity>
      <mass-charge>138.0</mass-charge>
    </ei-ms-peak>
    <ei-ms-peak>
      <ei-ms-id>741</ei-ms-id>
      <id>82308</id>
      <intensity>140.0</intensity>
      <mass-charge>139.0</mass-charge>
    </ei-ms-peak>
    <ei-ms-peak>
      <ei-ms-id>741</ei-ms-id>
      <id>82309</id>
      <intensity>60.0</intensity>
      <mass-charge>140.0</mass-charge>
    </ei-ms-peak>
    <ei-ms-peak>
      <ei-ms-id>741</ei-ms-id>
      <id>82310</id>
      <intensity>661.0</intensity>
      <mass-charge>141.0</mass-charge>
    </ei-ms-peak>
    <ei-ms-peak>
      <ei-ms-id>741</ei-ms-id>
      <id>82311</id>
      <intensity>320.0</intensity>
      <mass-charge>142.0</mass-charge>
    </ei-ms-peak>
    <ei-ms-peak>
      <ei-ms-id>741</ei-ms-id>
      <id>82312</id>
      <intensity>320.0</intensity>
      <mass-charge>143.0</mass-charge>
    </ei-ms-peak>
    <ei-ms-peak>
      <ei-ms-id>741</ei-ms-id>
      <id>82313</id>
      <intensity>270.0</intensity>
      <mass-charge>144.0</mass-charge>
    </ei-ms-peak>
    <ei-ms-peak>
      <ei-ms-id>741</ei-ms-id>
      <id>82314</id>
      <intensity>520.0</intensity>
      <mass-charge>145.0</mass-charge>
    </ei-ms-peak>
    <ei-ms-peak>
      <ei-ms-id>741</ei-ms-id>
      <id>82315</id>
      <intensity>160.0</intensity>
      <mass-charge>146.0</mass-charge>
    </ei-ms-peak>
    <ei-ms-peak>
      <ei-ms-id>741</ei-ms-id>
      <id>82316</id>
      <intensity>881.0</intensity>
      <mass-charge>147.0</mass-charge>
    </ei-ms-peak>
    <ei-ms-peak>
      <ei-ms-id>741</ei-ms-id>
      <id>82317</id>
      <intensity>220.0</intensity>
      <mass-charge>148.0</mass-charge>
    </ei-ms-peak>
    <ei-ms-peak>
      <ei-ms-id>741</ei-ms-id>
      <id>82318</id>
      <intensity>300.0</intensity>
      <mass-charge>149.0</mass-charge>
    </ei-ms-peak>
    <ei-ms-peak>
      <ei-ms-id>741</ei-ms-id>
      <id>82319</id>
      <intensity>150.0</intensity>
      <mass-charge>150.0</mass-charge>
    </ei-ms-peak>
    <ei-ms-peak>
      <ei-ms-id>741</ei-ms-id>
      <id>82320</id>
      <intensity>160.0</intensity>
      <mass-charge>151.0</mass-charge>
    </ei-ms-peak>
    <ei-ms-peak>
      <ei-ms-id>741</ei-ms-id>
      <id>82321</id>
      <intensity>520.0</intensity>
      <mass-charge>152.0</mass-charge>
    </ei-ms-peak>
    <ei-ms-peak>
      <ei-ms-id>741</ei-ms-id>
      <id>82322</id>
      <intensity>490.0</intensity>
      <mass-charge>153.0</mass-charge>
    </ei-ms-peak>
    <ei-ms-peak>
      <ei-ms-id>741</ei-ms-id>
      <id>82323</id>
      <intensity>240.0</intensity>
      <mass-charge>154.0</mass-charge>
    </ei-ms-peak>
    <ei-ms-peak>
      <ei-ms-id>741</ei-ms-id>
      <id>82324</id>
      <intensity>360.0</intensity>
      <mass-charge>155.0</mass-charge>
    </ei-ms-peak>
    <ei-ms-peak>
      <ei-ms-id>741</ei-ms-id>
      <id>82325</id>
      <intensity>130.0</intensity>
      <mass-charge>156.0</mass-charge>
    </ei-ms-peak>
    <ei-ms-peak>
      <ei-ms-id>741</ei-ms-id>
      <id>82326</id>
      <intensity>470.0</intensity>
      <mass-charge>157.0</mass-charge>
    </ei-ms-peak>
    <ei-ms-peak>
      <ei-ms-id>741</ei-ms-id>
      <id>82327</id>
      <intensity>230.0</intensity>
      <mass-charge>158.0</mass-charge>
    </ei-ms-peak>
    <ei-ms-peak>
      <ei-ms-id>741</ei-ms-id>
      <id>82328</id>
      <intensity>480.0</intensity>
      <mass-charge>159.0</mass-charge>
    </ei-ms-peak>
    <ei-ms-peak>
      <ei-ms-id>741</ei-ms-id>
      <id>82329</id>
      <intensity>460.0</intensity>
      <mass-charge>160.0</mass-charge>
    </ei-ms-peak>
    <ei-ms-peak>
      <ei-ms-id>741</ei-ms-id>
      <id>82330</id>
      <intensity>651.0</intensity>
      <mass-charge>161.0</mass-charge>
    </ei-ms-peak>
    <ei-ms-peak>
      <ei-ms-id>741</ei-ms-id>
      <id>82331</id>
      <intensity>190.0</intensity>
      <mass-charge>162.0</mass-charge>
    </ei-ms-peak>
    <ei-ms-peak>
      <ei-ms-id>741</ei-ms-id>
      <id>82332</id>
      <intensity>240.0</intensity>
      <mass-charge>163.0</mass-charge>
    </ei-ms-peak>
    <ei-ms-peak>
      <ei-ms-id>741</ei-ms-id>
      <id>82333</id>
      <intensity>110.0</intensity>
      <mass-charge>164.0</mass-charge>
    </ei-ms-peak>
    <ei-ms-peak>
      <ei-ms-id>741</ei-ms-id>
      <id>82334</id>
      <intensity>801.0</intensity>
      <mass-charge>165.0</mass-charge>
    </ei-ms-peak>
    <ei-ms-peak>
      <ei-ms-id>741</ei-ms-id>
      <id>82335</id>
      <intensity>240.0</intensity>
      <mass-charge>166.0</mass-charge>
    </ei-ms-peak>
    <ei-ms-peak>
      <ei-ms-id>741</ei-ms-id>
      <id>82336</id>
      <intensity>200.0</intensity>
      <mass-charge>167.0</mass-charge>
    </ei-ms-peak>
    <ei-ms-peak>
      <ei-ms-id>741</ei-ms-id>
      <id>82337</id>
      <intensity>180.0</intensity>
      <mass-charge>168.0</mass-charge>
    </ei-ms-peak>
    <ei-ms-peak>
      <ei-ms-id>741</ei-ms-id>
      <id>82338</id>
      <intensity>340.0</intensity>
      <mass-charge>169.0</mass-charge>
    </ei-ms-peak>
    <ei-ms-peak>
      <ei-ms-id>741</ei-ms-id>
      <id>82339</id>
      <intensity>160.0</intensity>
      <mass-charge>170.0</mass-charge>
    </ei-ms-peak>
    <ei-ms-peak>
      <ei-ms-id>741</ei-ms-id>
      <id>82340</id>
      <intensity>380.0</intensity>
      <mass-charge>171.0</mass-charge>
    </ei-ms-peak>
    <ei-ms-peak>
      <ei-ms-id>741</ei-ms-id>
      <id>82341</id>
      <intensity>200.0</intensity>
      <mass-charge>172.0</mass-charge>
    </ei-ms-peak>
    <ei-ms-peak>
      <ei-ms-id>741</ei-ms-id>
      <id>82342</id>
      <intensity>731.0</intensity>
      <mass-charge>173.0</mass-charge>
    </ei-ms-peak>
    <ei-ms-peak>
      <ei-ms-id>741</ei-ms-id>
      <id>82343</id>
      <intensity>1581.0</intensity>
      <mass-charge>174.0</mass-charge>
    </ei-ms-peak>
    <ei-ms-peak>
      <ei-ms-id>741</ei-ms-id>
      <id>82344</id>
      <intensity>831.0</intensity>
      <mass-charge>175.0</mass-charge>
    </ei-ms-peak>
    <ei-ms-peak>
      <ei-ms-id>741</ei-ms-id>
      <id>82345</id>
      <intensity>300.0</intensity>
      <mass-charge>176.0</mass-charge>
    </ei-ms-peak>
    <ei-ms-peak>
      <ei-ms-id>741</ei-ms-id>
      <id>82346</id>
      <intensity>170.0</intensity>
      <mass-charge>177.0</mass-charge>
    </ei-ms-peak>
    <ei-ms-peak>
      <ei-ms-id>741</ei-ms-id>
      <id>82347</id>
      <intensity>220.0</intensity>
      <mass-charge>178.0</mass-charge>
    </ei-ms-peak>
    <ei-ms-peak>
      <ei-ms-id>741</ei-ms-id>
      <id>82348</id>
      <intensity>170.0</intensity>
      <mass-charge>179.0</mass-charge>
    </ei-ms-peak>
    <ei-ms-peak>
      <ei-ms-id>741</ei-ms-id>
      <id>82349</id>
      <intensity>70.0</intensity>
      <mass-charge>180.0</mass-charge>
    </ei-ms-peak>
    <ei-ms-peak>
      <ei-ms-id>741</ei-ms-id>
      <id>82350</id>
      <intensity>350.0</intensity>
      <mass-charge>181.0</mass-charge>
    </ei-ms-peak>
    <ei-ms-peak>
      <ei-ms-id>741</ei-ms-id>
      <id>82351</id>
      <intensity>190.0</intensity>
      <mass-charge>182.0</mass-charge>
    </ei-ms-peak>
    <ei-ms-peak>
      <ei-ms-id>741</ei-ms-id>
      <id>82352</id>
      <intensity>360.0</intensity>
      <mass-charge>183.0</mass-charge>
    </ei-ms-peak>
    <ei-ms-peak>
      <ei-ms-id>741</ei-ms-id>
      <id>82353</id>
      <intensity>160.0</intensity>
      <mass-charge>184.0</mass-charge>
    </ei-ms-peak>
    <ei-ms-peak>
      <ei-ms-id>741</ei-ms-id>
      <id>82354</id>
      <intensity>380.0</intensity>
      <mass-charge>185.0</mass-charge>
    </ei-ms-peak>
    <ei-ms-peak>
      <ei-ms-id>741</ei-ms-id>
      <id>82355</id>
      <intensity>200.0</intensity>
      <mass-charge>186.0</mass-charge>
    </ei-ms-peak>
    <ei-ms-peak>
      <ei-ms-id>741</ei-ms-id>
      <id>82356</id>
      <intensity>1001.0</intensity>
      <mass-charge>187.0</mass-charge>
    </ei-ms-peak>
    <ei-ms-peak>
      <ei-ms-id>741</ei-ms-id>
      <id>82357</id>
      <intensity>440.0</intensity>
      <mass-charge>188.0</mass-charge>
    </ei-ms-peak>
    <ei-ms-peak>
      <ei-ms-id>741</ei-ms-id>
      <id>82358</id>
      <intensity>300.0</intensity>
      <mass-charge>189.0</mass-charge>
    </ei-ms-peak>
    <ei-ms-peak>
      <ei-ms-id>741</ei-ms-id>
      <id>82359</id>
      <intensity>160.0</intensity>
      <mass-charge>190.0</mass-charge>
    </ei-ms-peak>
    <ei-ms-peak>
      <ei-ms-id>741</ei-ms-id>
      <id>82360</id>
      <intensity>190.0</intensity>
      <mass-charge>191.0</mass-charge>
    </ei-ms-peak>
    <ei-ms-peak>
      <ei-ms-id>741</ei-ms-id>
      <id>82361</id>
      <intensity>60.0</intensity>
      <mass-charge>192.0</mass-charge>
    </ei-ms-peak>
    <ei-ms-peak>
      <ei-ms-id>741</ei-ms-id>
      <id>82362</id>
      <intensity>1181.0</intensity>
      <mass-charge>193.0</mass-charge>
    </ei-ms-peak>
    <ei-ms-peak>
      <ei-ms-id>741</ei-ms-id>
      <id>82363</id>
      <intensity>200.0</intensity>
      <mass-charge>194.0</mass-charge>
    </ei-ms-peak>
    <ei-ms-peak>
      <ei-ms-id>741</ei-ms-id>
      <id>82364</id>
      <intensity>210.0</intensity>
      <mass-charge>195.0</mass-charge>
    </ei-ms-peak>
    <ei-ms-peak>
      <ei-ms-id>741</ei-ms-id>
      <id>82365</id>
      <intensity>110.0</intensity>
      <mass-charge>196.0</mass-charge>
    </ei-ms-peak>
    <ei-ms-peak>
      <ei-ms-id>741</ei-ms-id>
      <id>82366</id>
      <intensity>320.0</intensity>
      <mass-charge>197.0</mass-charge>
    </ei-ms-peak>
    <ei-ms-peak>
      <ei-ms-id>741</ei-ms-id>
      <id>82367</id>
      <intensity>180.0</intensity>
      <mass-charge>198.0</mass-charge>
    </ei-ms-peak>
    <ei-ms-peak>
      <ei-ms-id>741</ei-ms-id>
      <id>82368</id>
      <intensity>581.0</intensity>
      <mass-charge>199.0</mass-charge>
    </ei-ms-peak>
    <ei-ms-peak>
      <ei-ms-id>741</ei-ms-id>
      <id>82369</id>
      <intensity>360.0</intensity>
      <mass-charge>200.0</mass-charge>
    </ei-ms-peak>
    <ei-ms-peak>
      <ei-ms-id>741</ei-ms-id>
      <id>82370</id>
      <intensity>991.0</intensity>
      <mass-charge>201.0</mass-charge>
    </ei-ms-peak>
    <ei-ms-peak>
      <ei-ms-id>741</ei-ms-id>
      <id>82371</id>
      <intensity>310.0</intensity>
      <mass-charge>202.0</mass-charge>
    </ei-ms-peak>
    <ei-ms-peak>
      <ei-ms-id>741</ei-ms-id>
      <id>82372</id>
      <intensity>130.0</intensity>
      <mass-charge>203.0</mass-charge>
    </ei-ms-peak>
    <ei-ms-peak>
      <ei-ms-id>741</ei-ms-id>
      <id>82373</id>
      <intensity>40.0</intensity>
      <mass-charge>204.0</mass-charge>
    </ei-ms-peak>
    <ei-ms-peak>
      <ei-ms-id>741</ei-ms-id>
      <id>82374</id>
      <intensity>60.0</intensity>
      <mass-charge>205.0</mass-charge>
    </ei-ms-peak>
    <ei-ms-peak>
      <ei-ms-id>741</ei-ms-id>
      <id>82375</id>
      <intensity>30.0</intensity>
      <mass-charge>206.0</mass-charge>
    </ei-ms-peak>
    <ei-ms-peak>
      <ei-ms-id>741</ei-ms-id>
      <id>82376</id>
      <intensity>200.0</intensity>
      <mass-charge>207.0</mass-charge>
    </ei-ms-peak>
    <ei-ms-peak>
      <ei-ms-id>741</ei-ms-id>
      <id>82377</id>
      <intensity>70.0</intensity>
      <mass-charge>208.0</mass-charge>
    </ei-ms-peak>
    <ei-ms-peak>
      <ei-ms-id>741</ei-ms-id>
      <id>82378</id>
      <intensity>80.0</intensity>
      <mass-charge>209.0</mass-charge>
    </ei-ms-peak>
    <ei-ms-peak>
      <ei-ms-id>741</ei-ms-id>
      <id>82379</id>
      <intensity>80.0</intensity>
      <mass-charge>210.0</mass-charge>
    </ei-ms-peak>
    <ei-ms-peak>
      <ei-ms-id>741</ei-ms-id>
      <id>82380</id>
      <intensity>220.0</intensity>
      <mass-charge>211.0</mass-charge>
    </ei-ms-peak>
    <ei-ms-peak>
      <ei-ms-id>741</ei-ms-id>
      <id>82381</id>
      <intensity>140.0</intensity>
      <mass-charge>212.0</mass-charge>
    </ei-ms-peak>
    <ei-ms-peak>
      <ei-ms-id>741</ei-ms-id>
      <id>82382</id>
      <intensity>510.0</intensity>
      <mass-charge>213.0</mass-charge>
    </ei-ms-peak>
    <ei-ms-peak>
      <ei-ms-id>741</ei-ms-id>
      <id>82383</id>
      <intensity>360.0</intensity>
      <mass-charge>214.0</mass-charge>
    </ei-ms-peak>
    <ei-ms-peak>
      <ei-ms-id>741</ei-ms-id>
      <id>82384</id>
      <intensity>611.0</intensity>
      <mass-charge>215.0</mass-charge>
    </ei-ms-peak>
    <ei-ms-peak>
      <ei-ms-id>741</ei-ms-id>
      <id>82385</id>
      <intensity>170.0</intensity>
      <mass-charge>216.0</mass-charge>
    </ei-ms-peak>
    <ei-ms-peak>
      <ei-ms-id>741</ei-ms-id>
      <id>82386</id>
      <intensity>891.0</intensity>
      <mass-charge>217.0</mass-charge>
    </ei-ms-peak>
    <ei-ms-peak>
      <ei-ms-id>741</ei-ms-id>
      <id>82387</id>
      <intensity>190.0</intensity>
      <mass-charge>218.0</mass-charge>
    </ei-ms-peak>
    <ei-ms-peak>
      <ei-ms-id>741</ei-ms-id>
      <id>82388</id>
      <intensity>100.0</intensity>
      <mass-charge>219.0</mass-charge>
    </ei-ms-peak>
    <ei-ms-peak>
      <ei-ms-id>741</ei-ms-id>
      <id>82389</id>
      <intensity>30.0</intensity>
      <mass-charge>220.0</mass-charge>
    </ei-ms-peak>
    <ei-ms-peak>
      <ei-ms-id>741</ei-ms-id>
      <id>82390</id>
      <intensity>380.0</intensity>
      <mass-charge>221.0</mass-charge>
    </ei-ms-peak>
    <ei-ms-peak>
      <ei-ms-id>741</ei-ms-id>
      <id>82391</id>
      <intensity>70.0</intensity>
      <mass-charge>222.0</mass-charge>
    </ei-ms-peak>
    <ei-ms-peak>
      <ei-ms-id>741</ei-ms-id>
      <id>82392</id>
      <intensity>50.0</intensity>
      <mass-charge>223.0</mass-charge>
    </ei-ms-peak>
    <ei-ms-peak>
      <ei-ms-id>741</ei-ms-id>
      <id>82393</id>
      <intensity>60.0</intensity>
      <mass-charge>224.0</mass-charge>
    </ei-ms-peak>
    <ei-ms-peak>
      <ei-ms-id>741</ei-ms-id>
      <id>82394</id>
      <intensity>160.0</intensity>
      <mass-charge>225.0</mass-charge>
    </ei-ms-peak>
    <ei-ms-peak>
      <ei-ms-id>741</ei-ms-id>
      <id>82395</id>
      <intensity>90.0</intensity>
      <mass-charge>226.0</mass-charge>
    </ei-ms-peak>
    <ei-ms-peak>
      <ei-ms-id>741</ei-ms-id>
      <id>82396</id>
      <intensity>270.0</intensity>
      <mass-charge>227.0</mass-charge>
    </ei-ms-peak>
    <ei-ms-peak>
      <ei-ms-id>741</ei-ms-id>
      <id>82397</id>
      <intensity>180.0</intensity>
      <mass-charge>228.0</mass-charge>
    </ei-ms-peak>
    <ei-ms-peak>
      <ei-ms-id>741</ei-ms-id>
      <id>82398</id>
      <intensity>400.0</intensity>
      <mass-charge>229.0</mass-charge>
    </ei-ms-peak>
    <ei-ms-peak>
      <ei-ms-id>741</ei-ms-id>
      <id>82399</id>
      <intensity>160.0</intensity>
      <mass-charge>230.0</mass-charge>
    </ei-ms-peak>
    <ei-ms-peak>
      <ei-ms-id>741</ei-ms-id>
      <id>82400</id>
      <intensity>7897.0</intensity>
      <mass-charge>231.0</mass-charge>
    </ei-ms-peak>
    <ei-ms-peak>
      <ei-ms-id>741</ei-ms-id>
      <id>82401</id>
      <intensity>1431.0</intensity>
      <mass-charge>232.0</mass-charge>
    </ei-ms-peak>
    <ei-ms-peak>
      <ei-ms-id>741</ei-ms-id>
      <id>82402</id>
      <intensity>450.0</intensity>
      <mass-charge>233.0</mass-charge>
    </ei-ms-peak>
    <ei-ms-peak>
      <ei-ms-id>741</ei-ms-id>
      <id>82403</id>
      <intensity>70.0</intensity>
      <mass-charge>234.0</mass-charge>
    </ei-ms-peak>
    <ei-ms-peak>
      <ei-ms-id>741</ei-ms-id>
      <id>82404</id>
      <intensity>10.0</intensity>
      <mass-charge>235.0</mass-charge>
    </ei-ms-peak>
    <ei-ms-peak>
      <ei-ms-id>741</ei-ms-id>
      <id>82405</id>
      <intensity>20.0</intensity>
      <mass-charge>237.0</mass-charge>
    </ei-ms-peak>
    <ei-ms-peak>
      <ei-ms-id>741</ei-ms-id>
      <id>82406</id>
      <intensity>20.0</intensity>
      <mass-charge>238.0</mass-charge>
    </ei-ms-peak>
    <ei-ms-peak>
      <ei-ms-id>741</ei-ms-id>
      <id>82407</id>
      <intensity>60.0</intensity>
      <mass-charge>239.0</mass-charge>
    </ei-ms-peak>
    <ei-ms-peak>
      <ei-ms-id>741</ei-ms-id>
      <id>82408</id>
      <intensity>70.0</intensity>
      <mass-charge>240.0</mass-charge>
    </ei-ms-peak>
    <ei-ms-peak>
      <ei-ms-id>741</ei-ms-id>
      <id>82409</id>
      <intensity>180.0</intensity>
      <mass-charge>241.0</mass-charge>
    </ei-ms-peak>
    <ei-ms-peak>
      <ei-ms-id>741</ei-ms-id>
      <id>82410</id>
      <intensity>270.0</intensity>
      <mass-charge>242.0</mass-charge>
    </ei-ms-peak>
    <ei-ms-peak>
      <ei-ms-id>741</ei-ms-id>
      <id>82411</id>
      <intensity>3293.0</intensity>
      <mass-charge>243.0</mass-charge>
    </ei-ms-peak>
    <ei-ms-peak>
      <ei-ms-id>741</ei-ms-id>
      <id>82412</id>
      <intensity>751.0</intensity>
      <mass-charge>244.0</mass-charge>
    </ei-ms-peak>
    <ei-ms-peak>
      <ei-ms-id>741</ei-ms-id>
      <id>82413</id>
      <intensity>420.0</intensity>
      <mass-charge>245.0</mass-charge>
    </ei-ms-peak>
    <ei-ms-peak>
      <ei-ms-id>741</ei-ms-id>
      <id>82414</id>
      <intensity>380.0</intensity>
      <mass-charge>246.0</mass-charge>
    </ei-ms-peak>
    <ei-ms-peak>
      <ei-ms-id>741</ei-ms-id>
      <id>82415</id>
      <intensity>70.0</intensity>
      <mass-charge>247.0</mass-charge>
    </ei-ms-peak>
    <ei-ms-peak>
      <ei-ms-id>741</ei-ms-id>
      <id>82416</id>
      <intensity>10.0</intensity>
      <mass-charge>248.0</mass-charge>
    </ei-ms-peak>
    <ei-ms-peak>
      <ei-ms-id>741</ei-ms-id>
      <id>82417</id>
      <intensity>10.0</intensity>
      <mass-charge>251.0</mass-charge>
    </ei-ms-peak>
    <ei-ms-peak>
      <ei-ms-id>741</ei-ms-id>
      <id>82418</id>
      <intensity>10.0</intensity>
      <mass-charge>252.0</mass-charge>
    </ei-ms-peak>
    <ei-ms-peak>
      <ei-ms-id>741</ei-ms-id>
      <id>82419</id>
      <intensity>60.0</intensity>
      <mass-charge>253.0</mass-charge>
    </ei-ms-peak>
    <ei-ms-peak>
      <ei-ms-id>741</ei-ms-id>
      <id>82420</id>
      <intensity>20.0</intensity>
      <mass-charge>254.0</mass-charge>
    </ei-ms-peak>
    <ei-ms-peak>
      <ei-ms-id>741</ei-ms-id>
      <id>82421</id>
      <intensity>160.0</intensity>
      <mass-charge>255.0</mass-charge>
    </ei-ms-peak>
    <ei-ms-peak>
      <ei-ms-id>741</ei-ms-id>
      <id>82422</id>
      <intensity>150.0</intensity>
      <mass-charge>256.0</mass-charge>
    </ei-ms-peak>
    <ei-ms-peak>
      <ei-ms-id>741</ei-ms-id>
      <id>82423</id>
      <intensity>891.0</intensity>
      <mass-charge>257.0</mass-charge>
    </ei-ms-peak>
    <ei-ms-peak>
      <ei-ms-id>741</ei-ms-id>
      <id>82424</id>
      <intensity>2632.0</intensity>
      <mass-charge>258.0</mass-charge>
    </ei-ms-peak>
    <ei-ms-peak>
      <ei-ms-id>741</ei-ms-id>
      <id>82425</id>
      <intensity>571.0</intensity>
      <mass-charge>259.0</mass-charge>
    </ei-ms-peak>
    <ei-ms-peak>
      <ei-ms-id>741</ei-ms-id>
      <id>82426</id>
      <intensity>70.0</intensity>
      <mass-charge>260.0</mass-charge>
    </ei-ms-peak>
    <ei-ms-peak>
      <ei-ms-id>741</ei-ms-id>
      <id>82427</id>
      <intensity>10.0</intensity>
      <mass-charge>261.0</mass-charge>
    </ei-ms-peak>
    <ei-ms-peak>
      <ei-ms-id>741</ei-ms-id>
      <id>82428</id>
      <intensity>10.0</intensity>
      <mass-charge>265.0</mass-charge>
    </ei-ms-peak>
    <ei-ms-peak>
      <ei-ms-id>741</ei-ms-id>
      <id>82429</id>
      <intensity>10.0</intensity>
      <mass-charge>266.0</mass-charge>
    </ei-ms-peak>
    <ei-ms-peak>
      <ei-ms-id>741</ei-ms-id>
      <id>82430</id>
      <intensity>20.0</intensity>
      <mass-charge>267.0</mass-charge>
    </ei-ms-peak>
    <ei-ms-peak>
      <ei-ms-id>741</ei-ms-id>
      <id>82431</id>
      <intensity>10.0</intensity>
      <mass-charge>268.0</mass-charge>
    </ei-ms-peak>
    <ei-ms-peak>
      <ei-ms-id>741</ei-ms-id>
      <id>82432</id>
      <intensity>120.0</intensity>
      <mass-charge>269.0</mass-charge>
    </ei-ms-peak>
    <ei-ms-peak>
      <ei-ms-id>741</ei-ms-id>
      <id>82433</id>
      <intensity>140.0</intensity>
      <mass-charge>270.0</mass-charge>
    </ei-ms-peak>
    <ei-ms-peak>
      <ei-ms-id>741</ei-ms-id>
      <id>82434</id>
      <intensity>4794.0</intensity>
      <mass-charge>271.0</mass-charge>
    </ei-ms-peak>
    <ei-ms-peak>
      <ei-ms-id>741</ei-ms-id>
      <id>82435</id>
      <intensity>1131.0</intensity>
      <mass-charge>272.0</mass-charge>
    </ei-ms-peak>
    <ei-ms-peak>
      <ei-ms-id>741</ei-ms-id>
      <id>82436</id>
      <intensity>190.0</intensity>
      <mass-charge>273.0</mass-charge>
    </ei-ms-peak>
    <ei-ms-peak>
      <ei-ms-id>741</ei-ms-id>
      <id>82437</id>
      <intensity>20.0</intensity>
      <mass-charge>274.0</mass-charge>
    </ei-ms-peak>
    <ei-ms-peak>
      <ei-ms-id>741</ei-ms-id>
      <id>82438</id>
      <intensity>10.0</intensity>
      <mass-charge>279.0</mass-charge>
    </ei-ms-peak>
    <ei-ms-peak>
      <ei-ms-id>741</ei-ms-id>
      <id>82439</id>
      <intensity>50.0</intensity>
      <mass-charge>281.0</mass-charge>
    </ei-ms-peak>
    <ei-ms-peak>
      <ei-ms-id>741</ei-ms-id>
      <id>82440</id>
      <intensity>20.0</intensity>
      <mass-charge>282.0</mass-charge>
    </ei-ms-peak>
    <ei-ms-peak>
      <ei-ms-id>741</ei-ms-id>
      <id>82441</id>
      <intensity>80.0</intensity>
      <mass-charge>283.0</mass-charge>
    </ei-ms-peak>
    <ei-ms-peak>
      <ei-ms-id>741</ei-ms-id>
      <id>82442</id>
      <intensity>30.0</intensity>
      <mass-charge>284.0</mass-charge>
    </ei-ms-peak>
    <ei-ms-peak>
      <ei-ms-id>741</ei-ms-id>
      <id>82443</id>
      <intensity>400.0</intensity>
      <mass-charge>285.0</mass-charge>
    </ei-ms-peak>
    <ei-ms-peak>
      <ei-ms-id>741</ei-ms-id>
      <id>82444</id>
      <intensity>260.0</intensity>
      <mass-charge>286.0</mass-charge>
    </ei-ms-peak>
    <ei-ms-peak>
      <ei-ms-id>741</ei-ms-id>
      <id>82445</id>
      <intensity>50.0</intensity>
      <mass-charge>287.0</mass-charge>
    </ei-ms-peak>
    <ei-ms-peak>
      <ei-ms-id>741</ei-ms-id>
      <id>82446</id>
      <intensity>10.0</intensity>
      <mass-charge>288.0</mass-charge>
    </ei-ms-peak>
    <ei-ms-peak>
      <ei-ms-id>741</ei-ms-id>
      <id>82447</id>
      <intensity>10.0</intensity>
      <mass-charge>293.0</mass-charge>
    </ei-ms-peak>
    <ei-ms-peak>
      <ei-ms-id>741</ei-ms-id>
      <id>82448</id>
      <intensity>40.0</intensity>
      <mass-charge>295.0</mass-charge>
    </ei-ms-peak>
    <ei-ms-peak>
      <ei-ms-id>741</ei-ms-id>
      <id>82449</id>
      <intensity>20.0</intensity>
      <mass-charge>296.0</mass-charge>
    </ei-ms-peak>
    <ei-ms-peak>
      <ei-ms-id>741</ei-ms-id>
      <id>82450</id>
      <intensity>761.0</intensity>
      <mass-charge>297.0</mass-charge>
    </ei-ms-peak>
    <ei-ms-peak>
      <ei-ms-id>741</ei-ms-id>
      <id>82451</id>
      <intensity>190.0</intensity>
      <mass-charge>298.0</mass-charge>
    </ei-ms-peak>
    <ei-ms-peak>
      <ei-ms-id>741</ei-ms-id>
      <id>82452</id>
      <intensity>9999.0</intensity>
      <mass-charge>299.0</mass-charge>
    </ei-ms-peak>
    <ei-ms-peak>
      <ei-ms-id>741</ei-ms-id>
      <id>82453</id>
      <intensity>2202.0</intensity>
      <mass-charge>300.0</mass-charge>
    </ei-ms-peak>
    <ei-ms-peak>
      <ei-ms-id>741</ei-ms-id>
      <id>82454</id>
      <intensity>280.0</intensity>
      <mass-charge>301.0</mass-charge>
    </ei-ms-peak>
    <ei-ms-peak>
      <ei-ms-id>741</ei-ms-id>
      <id>82455</id>
      <intensity>30.0</intensity>
      <mass-charge>302.0</mass-charge>
    </ei-ms-peak>
    <ei-ms-peak>
      <ei-ms-id>741</ei-ms-id>
      <id>82456</id>
      <intensity>10.0</intensity>
      <mass-charge>310.0</mass-charge>
    </ei-ms-peak>
    <ei-ms-peak>
      <ei-ms-id>741</ei-ms-id>
      <id>82457</id>
      <intensity>20.0</intensity>
      <mass-charge>312.0</mass-charge>
    </ei-ms-peak>
    <ei-ms-peak>
      <ei-ms-id>741</ei-ms-id>
      <id>82458</id>
      <intensity>310.0</intensity>
      <mass-charge>313.0</mass-charge>
    </ei-ms-peak>
    <ei-ms-peak>
      <ei-ms-id>741</ei-ms-id>
      <id>82459</id>
      <intensity>7957.0</intensity>
      <mass-charge>314.0</mass-charge>
    </ei-ms-peak>
    <ei-ms-peak>
      <ei-ms-id>741</ei-ms-id>
      <id>82460</id>
      <intensity>1862.0</intensity>
      <mass-charge>315.0</mass-charge>
    </ei-ms-peak>
    <ei-ms-peak>
      <ei-ms-id>741</ei-ms-id>
      <id>82461</id>
      <intensity>240.0</intensity>
      <mass-charge>316.0</mass-charge>
    </ei-ms-peak>
    <ei-ms-peak>
      <ei-ms-id>741</ei-ms-id>
      <id>82462</id>
      <intensity>20.0</intensity>
      <mass-charge>317.0</mass-charge>
    </ei-ms-peak>
  </ei-ms-peaks>
</ei-ms>
