<?xml version="1.0" encoding="UTF-8"?>
<ei-ms>
  <collection-date nil="true"/>
  <created-at>2014-09-20T16:39:31Z</created-at>
  <database-id>HMDB33244</database-id>
  <id>913</id>
  <inchi-key>DOIRQSBPFJWKBE-UHFFFAOYSA-N</inchi-key>
  <instrument-type nil="true"/>
  <molecule-id nil="true"/>
  <notes nil="true"/>
  <peak-counter>45</peak-counter>
  <sample-assessment nil="true"/>
  <sample-concentration nil="true"/>
  <sample-concentration-units nil="true"/>
  <sample-mass nil="true"/>
  <sample-mass-units nil="true"/>
  <sample-source nil="true"/>
  <solvent nil="true"/>
  <spectra-assessment nil="true"/>
  <updated-at>2014-09-20T16:39:31Z</updated-at>
  <references>
    <reference>
      <database>NIST</database>
      <database-id>84-74-2</database-id>
      <id>15785</id>
      <pubmed-id nil="true"/>
      <ref-text>NIST Mass Spec Data Center, S.E. Stein, director, "Mass Spectra" in NIST Chemistry WebBook, NIST Standard Reference Database Number 69, Eds. P.J. Linstrom and W.G. Mallard, National Institute of Standards and Technology, Gaithersburg MD, 20899, http://webbook.nist.gov, (retrieved September 6, 2014).</ref-text>
      <spectra-id>913</spectra-id>
      <spectra-type>EiMs</spectra-type>
    </reference>
  </references>
  <ei-ms-peaks>
    <ei-ms-peak>
      <ei-ms-id>913</ei-ms-id>
      <id>99449</id>
      <intensity>23.0</intensity>
      <mass-charge>26.0</mass-charge>
    </ei-ms-peak>
    <ei-ms-peak>
      <ei-ms-id>913</ei-ms-id>
      <id>99450</id>
      <intensity>167.0</intensity>
      <mass-charge>27.0</mass-charge>
    </ei-ms-peak>
    <ei-ms-peak>
      <ei-ms-id>913</ei-ms-id>
      <id>99451</id>
      <intensity>200.0</intensity>
      <mass-charge>28.0</mass-charge>
    </ei-ms-peak>
    <ei-ms-peak>
      <ei-ms-id>913</ei-ms-id>
      <id>99452</id>
      <intensity>396.0</intensity>
      <mass-charge>29.0</mass-charge>
    </ei-ms-peak>
    <ei-ms-peak>
      <ei-ms-id>913</ei-ms-id>
      <id>99453</id>
      <intensity>27.0</intensity>
      <mass-charge>31.0</mass-charge>
    </ei-ms-peak>
    <ei-ms-peak>
      <ei-ms-id>913</ei-ms-id>
      <id>99454</id>
      <intensity>48.0</intensity>
      <mass-charge>32.0</mass-charge>
    </ei-ms-peak>
    <ei-ms-peak>
      <ei-ms-id>913</ei-ms-id>
      <id>99455</id>
      <intensity>206.0</intensity>
      <mass-charge>39.0</mass-charge>
    </ei-ms-peak>
    <ei-ms-peak>
      <ei-ms-id>913</ei-ms-id>
      <id>99456</id>
      <intensity>671.0</intensity>
      <mass-charge>41.0</mass-charge>
    </ei-ms-peak>
    <ei-ms-peak>
      <ei-ms-id>913</ei-ms-id>
      <id>99457</id>
      <intensity>46.0</intensity>
      <mass-charge>42.0</mass-charge>
    </ei-ms-peak>
    <ei-ms-peak>
      <ei-ms-id>913</ei-ms-id>
      <id>99458</id>
      <intensity>81.0</intensity>
      <mass-charge>43.0</mass-charge>
    </ei-ms-peak>
    <ei-ms-peak>
      <ei-ms-id>913</ei-ms-id>
      <id>99459</id>
      <intensity>200.0</intensity>
      <mass-charge>50.0</mass-charge>
    </ei-ms-peak>
    <ei-ms-peak>
      <ei-ms-id>913</ei-ms-id>
      <id>99460</id>
      <intensity>78.0</intensity>
      <mass-charge>51.0</mass-charge>
    </ei-ms-peak>
    <ei-ms-peak>
      <ei-ms-id>913</ei-ms-id>
      <id>99461</id>
      <intensity>22.0</intensity>
      <mass-charge>52.0</mass-charge>
    </ei-ms-peak>
    <ei-ms-peak>
      <ei-ms-id>913</ei-ms-id>
      <id>99462</id>
      <intensity>35.0</intensity>
      <mass-charge>53.0</mass-charge>
    </ei-ms-peak>
    <ei-ms-peak>
      <ei-ms-id>913</ei-ms-id>
      <id>99463</id>
      <intensity>24.0</intensity>
      <mass-charge>54.0</mass-charge>
    </ei-ms-peak>
    <ei-ms-peak>
      <ei-ms-id>913</ei-ms-id>
      <id>99464</id>
      <intensity>145.0</intensity>
      <mass-charge>55.0</mass-charge>
    </ei-ms-peak>
    <ei-ms-peak>
      <ei-ms-id>913</ei-ms-id>
      <id>99465</id>
      <intensity>351.0</intensity>
      <mass-charge>56.0</mass-charge>
    </ei-ms-peak>
    <ei-ms-peak>
      <ei-ms-id>913</ei-ms-id>
      <id>99466</id>
      <intensity>330.0</intensity>
      <mass-charge>57.0</mass-charge>
    </ei-ms-peak>
    <ei-ms-peak>
      <ei-ms-id>913</ei-ms-id>
      <id>99467</id>
      <intensity>382.0</intensity>
      <mass-charge>65.0</mass-charge>
    </ei-ms-peak>
    <ei-ms-peak>
      <ei-ms-id>913</ei-ms-id>
      <id>99468</id>
      <intensity>39.0</intensity>
      <mass-charge>66.0</mass-charge>
    </ei-ms-peak>
    <ei-ms-peak>
      <ei-ms-id>913</ei-ms-id>
      <id>99469</id>
      <intensity>25.0</intensity>
      <mass-charge>73.0</mass-charge>
    </ei-ms-peak>
    <ei-ms-peak>
      <ei-ms-id>913</ei-ms-id>
      <id>99470</id>
      <intensity>53.0</intensity>
      <mass-charge>74.0</mass-charge>
    </ei-ms-peak>
    <ei-ms-peak>
      <ei-ms-id>913</ei-ms-id>
      <id>99471</id>
      <intensity>94.0</intensity>
      <mass-charge>75.0</mass-charge>
    </ei-ms-peak>
    <ei-ms-peak>
      <ei-ms-id>913</ei-ms-id>
      <id>99472</id>
      <intensity>644.0</intensity>
      <mass-charge>76.0</mass-charge>
    </ei-ms-peak>
    <ei-ms-peak>
      <ei-ms-id>913</ei-ms-id>
      <id>99473</id>
      <intensity>168.0</intensity>
      <mass-charge>77.0</mass-charge>
    </ei-ms-peak>
    <ei-ms-peak>
      <ei-ms-id>913</ei-ms-id>
      <id>99474</id>
      <intensity>360.0</intensity>
      <mass-charge>93.0</mass-charge>
    </ei-ms-peak>
    <ei-ms-peak>
      <ei-ms-id>913</ei-ms-id>
      <id>99475</id>
      <intensity>31.0</intensity>
      <mass-charge>94.0</mass-charge>
    </ei-ms-peak>
    <ei-ms-peak>
      <ei-ms-id>913</ei-ms-id>
      <id>99476</id>
      <intensity>587.0</intensity>
      <mass-charge>104.0</mass-charge>
    </ei-ms-peak>
    <ei-ms-peak>
      <ei-ms-id>913</ei-ms-id>
      <id>99477</id>
      <intensity>299.0</intensity>
      <mass-charge>105.0</mass-charge>
    </ei-ms-peak>
    <ei-ms-peak>
      <ei-ms-id>913</ei-ms-id>
      <id>99478</id>
      <intensity>41.0</intensity>
      <mass-charge>106.0</mass-charge>
    </ei-ms-peak>
    <ei-ms-peak>
      <ei-ms-id>913</ei-ms-id>
      <id>99479</id>
      <intensity>308.0</intensity>
      <mass-charge>121.0</mass-charge>
    </ei-ms-peak>
    <ei-ms-peak>
      <ei-ms-id>913</ei-ms-id>
      <id>99480</id>
      <intensity>189.0</intensity>
      <mass-charge>122.0</mass-charge>
    </ei-ms-peak>
    <ei-ms-peak>
      <ei-ms-id>913</ei-ms-id>
      <id>99481</id>
      <intensity>102.0</intensity>
      <mass-charge>123.0</mass-charge>
    </ei-ms-peak>
    <ei-ms-peak>
      <ei-ms-id>913</ei-ms-id>
      <id>99482</id>
      <intensity>57.0</intensity>
      <mass-charge>132.0</mass-charge>
    </ei-ms-peak>
    <ei-ms-peak>
      <ei-ms-id>913</ei-ms-id>
      <id>99483</id>
      <intensity>52.0</intensity>
      <mass-charge>135.0</mass-charge>
    </ei-ms-peak>
    <ei-ms-peak>
      <ei-ms-id>913</ei-ms-id>
      <id>99484</id>
      <intensity>9999.0</intensity>
      <mass-charge>149.0</mass-charge>
    </ei-ms-peak>
    <ei-ms-peak>
      <ei-ms-id>913</ei-ms-id>
      <id>99485</id>
      <intensity>884.0</intensity>
      <mass-charge>150.0</mass-charge>
    </ei-ms-peak>
    <ei-ms-peak>
      <ei-ms-id>913</ei-ms-id>
      <id>99486</id>
      <intensity>94.0</intensity>
      <mass-charge>151.0</mass-charge>
    </ei-ms-peak>
    <ei-ms-peak>
      <ei-ms-id>913</ei-ms-id>
      <id>99487</id>
      <intensity>64.0</intensity>
      <mass-charge>160.0</mass-charge>
    </ei-ms-peak>
    <ei-ms-peak>
      <ei-ms-id>913</ei-ms-id>
      <id>99488</id>
      <intensity>39.0</intensity>
      <mass-charge>167.0</mass-charge>
    </ei-ms-peak>
    <ei-ms-peak>
      <ei-ms-id>913</ei-ms-id>
      <id>99489</id>
      <intensity>401.0</intensity>
      <mass-charge>205.0</mass-charge>
    </ei-ms-peak>
    <ei-ms-peak>
      <ei-ms-id>913</ei-ms-id>
      <id>99490</id>
      <intensity>65.0</intensity>
      <mass-charge>206.0</mass-charge>
    </ei-ms-peak>
    <ei-ms-peak>
      <ei-ms-id>913</ei-ms-id>
      <id>99491</id>
      <intensity>470.0</intensity>
      <mass-charge>223.0</mass-charge>
    </ei-ms-peak>
    <ei-ms-peak>
      <ei-ms-id>913</ei-ms-id>
      <id>99492</id>
      <intensity>61.0</intensity>
      <mass-charge>224.0</mass-charge>
    </ei-ms-peak>
    <ei-ms-peak>
      <ei-ms-id>913</ei-ms-id>
      <id>99493</id>
      <intensity>53.0</intensity>
      <mass-charge>278.0</mass-charge>
    </ei-ms-peak>
  </ei-ms-peaks>
</ei-ms>
