<?xml version="1.0" encoding="UTF-8"?>
<ei-ms>
  <collection-date nil="true"/>
  <created-at>2014-09-20T16:41:09Z</created-at>
  <database-id>HMDB13733</database-id>
  <id>984</id>
  <inchi-key>GWHJZXXIDMPWGX-UHFFFAOYSA-N</inchi-key>
  <instrument-type nil="true"/>
  <molecule-id nil="true"/>
  <notes nil="true"/>
  <peak-counter>70</peak-counter>
  <sample-assessment nil="true"/>
  <sample-concentration nil="true"/>
  <sample-concentration-units nil="true"/>
  <sample-mass nil="true"/>
  <sample-mass-units nil="true"/>
  <sample-source nil="true"/>
  <solvent nil="true"/>
  <spectra-assessment nil="true"/>
  <updated-at>2014-09-20T16:41:09Z</updated-at>
  <references>
    <reference>
      <database>NIST</database>
      <database-id>95-63-6</database-id>
      <id>15856</id>
      <pubmed-id nil="true"/>
      <ref-text>NIST Mass Spec Data Center, S.E. Stein, director, "Mass Spectra" in NIST Chemistry WebBook, NIST Standard Reference Database Number 69, Eds. P.J. Linstrom and W.G. Mallard, National Institute of Standards and Technology, Gaithersburg MD, 20899, http://webbook.nist.gov, (retrieved September 6, 2014).</ref-text>
      <spectra-id>984</spectra-id>
      <spectra-type>EiMs</spectra-type>
    </reference>
  </references>
  <ei-ms-peaks>
    <ei-ms-peak>
      <ei-ms-id>984</ei-ms-id>
      <id>106652</id>
      <intensity>260.0</intensity>
      <mass-charge>14.0</mass-charge>
    </ei-ms-peak>
    <ei-ms-peak>
      <ei-ms-id>984</ei-ms-id>
      <id>106653</id>
      <intensity>192.0</intensity>
      <mass-charge>15.0</mass-charge>
    </ei-ms-peak>
    <ei-ms-peak>
      <ei-ms-id>984</ei-ms-id>
      <id>106654</id>
      <intensity>115.0</intensity>
      <mass-charge>16.0</mass-charge>
    </ei-ms-peak>
    <ei-ms-peak>
      <ei-ms-id>984</ei-ms-id>
      <id>106655</id>
      <intensity>6.0</intensity>
      <mass-charge>17.0</mass-charge>
    </ei-ms-peak>
    <ei-ms-peak>
      <ei-ms-id>984</ei-ms-id>
      <id>106656</id>
      <intensity>11.0</intensity>
      <mass-charge>18.0</mass-charge>
    </ei-ms-peak>
    <ei-ms-peak>
      <ei-ms-id>984</ei-ms-id>
      <id>106657</id>
      <intensity>82.0</intensity>
      <mass-charge>26.0</mass-charge>
    </ei-ms-peak>
    <ei-ms-peak>
      <ei-ms-id>984</ei-ms-id>
      <id>106658</id>
      <intensity>536.0</intensity>
      <mass-charge>27.0</mass-charge>
    </ei-ms-peak>
    <ei-ms-peak>
      <ei-ms-id>984</ei-ms-id>
      <id>106659</id>
      <intensity>1486.0</intensity>
      <mass-charge>28.0</mass-charge>
    </ei-ms-peak>
    <ei-ms-peak>
      <ei-ms-id>984</ei-ms-id>
      <id>106660</id>
      <intensity>58.0</intensity>
      <mass-charge>29.0</mass-charge>
    </ei-ms-peak>
    <ei-ms-peak>
      <ei-ms-id>984</ei-ms-id>
      <id>106661</id>
      <intensity>6.0</intensity>
      <mass-charge>32.0</mass-charge>
    </ei-ms-peak>
    <ei-ms-peak>
      <ei-ms-id>984</ei-ms-id>
      <id>106662</id>
      <intensity>38.0</intensity>
      <mass-charge>37.0</mass-charge>
    </ei-ms-peak>
    <ei-ms-peak>
      <ei-ms-id>984</ei-ms-id>
      <id>106663</id>
      <intensity>153.0</intensity>
      <mass-charge>38.0</mass-charge>
    </ei-ms-peak>
    <ei-ms-peak>
      <ei-ms-id>984</ei-ms-id>
      <id>106664</id>
      <intensity>1082.0</intensity>
      <mass-charge>39.0</mass-charge>
    </ei-ms-peak>
    <ei-ms-peak>
      <ei-ms-id>984</ei-ms-id>
      <id>106665</id>
      <intensity>184.0</intensity>
      <mass-charge>40.0</mass-charge>
    </ei-ms-peak>
    <ei-ms-peak>
      <ei-ms-id>984</ei-ms-id>
      <id>106666</id>
      <intensity>396.0</intensity>
      <mass-charge>41.0</mass-charge>
    </ei-ms-peak>
    <ei-ms-peak>
      <ei-ms-id>984</ei-ms-id>
      <id>106667</id>
      <intensity>15.0</intensity>
      <mass-charge>42.0</mass-charge>
    </ei-ms-peak>
    <ei-ms-peak>
      <ei-ms-id>984</ei-ms-id>
      <id>106668</id>
      <intensity>9.0</intensity>
      <mass-charge>43.0</mass-charge>
    </ei-ms-peak>
    <ei-ms-peak>
      <ei-ms-id>984</ei-ms-id>
      <id>106669</id>
      <intensity>35.0</intensity>
      <mass-charge>44.0</mass-charge>
    </ei-ms-peak>
    <ei-ms-peak>
      <ei-ms-id>984</ei-ms-id>
      <id>106670</id>
      <intensity>11.0</intensity>
      <mass-charge>45.0</mass-charge>
    </ei-ms-peak>
    <ei-ms-peak>
      <ei-ms-id>984</ei-ms-id>
      <id>106671</id>
      <intensity>434.0</intensity>
      <mass-charge>50.0</mass-charge>
    </ei-ms-peak>
    <ei-ms-peak>
      <ei-ms-id>984</ei-ms-id>
      <id>106672</id>
      <intensity>960.0</intensity>
      <mass-charge>51.0</mass-charge>
    </ei-ms-peak>
    <ei-ms-peak>
      <ei-ms-id>984</ei-ms-id>
      <id>106673</id>
      <intensity>271.0</intensity>
      <mass-charge>52.0</mass-charge>
    </ei-ms-peak>
    <ei-ms-peak>
      <ei-ms-id>984</ei-ms-id>
      <id>106674</id>
      <intensity>327.0</intensity>
      <mass-charge>53.0</mass-charge>
    </ei-ms-peak>
    <ei-ms-peak>
      <ei-ms-id>984</ei-ms-id>
      <id>106675</id>
      <intensity>21.0</intensity>
      <mass-charge>54.0</mass-charge>
    </ei-ms-peak>
    <ei-ms-peak>
      <ei-ms-id>984</ei-ms-id>
      <id>106676</id>
      <intensity>16.0</intensity>
      <mass-charge>55.0</mass-charge>
    </ei-ms-peak>
    <ei-ms-peak>
      <ei-ms-id>984</ei-ms-id>
      <id>106677</id>
      <intensity>165.0</intensity>
      <mass-charge>58.0</mass-charge>
    </ei-ms-peak>
    <ei-ms-peak>
      <ei-ms-id>984</ei-ms-id>
      <id>106678</id>
      <intensity>152.0</intensity>
      <mass-charge>59.0</mass-charge>
    </ei-ms-peak>
    <ei-ms-peak>
      <ei-ms-id>984</ei-ms-id>
      <id>106679</id>
      <intensity>61.0</intensity>
      <mass-charge>61.0</mass-charge>
    </ei-ms-peak>
    <ei-ms-peak>
      <ei-ms-id>984</ei-ms-id>
      <id>106680</id>
      <intensity>201.0</intensity>
      <mass-charge>62.0</mass-charge>
    </ei-ms-peak>
    <ei-ms-peak>
      <ei-ms-id>984</ei-ms-id>
      <id>106681</id>
      <intensity>516.0</intensity>
      <mass-charge>63.0</mass-charge>
    </ei-ms-peak>
    <ei-ms-peak>
      <ei-ms-id>984</ei-ms-id>
      <id>106682</id>
      <intensity>105.0</intensity>
      <mass-charge>64.0</mass-charge>
    </ei-ms-peak>
    <ei-ms-peak>
      <ei-ms-id>984</ei-ms-id>
      <id>106683</id>
      <intensity>645.0</intensity>
      <mass-charge>65.0</mass-charge>
    </ei-ms-peak>
    <ei-ms-peak>
      <ei-ms-id>984</ei-ms-id>
      <id>106684</id>
      <intensity>78.0</intensity>
      <mass-charge>66.0</mass-charge>
    </ei-ms-peak>
    <ei-ms-peak>
      <ei-ms-id>984</ei-ms-id>
      <id>106685</id>
      <intensity>28.0</intensity>
      <mass-charge>67.0</mass-charge>
    </ei-ms-peak>
    <ei-ms-peak>
      <ei-ms-id>984</ei-ms-id>
      <id>106686</id>
      <intensity>22.0</intensity>
      <mass-charge>73.0</mass-charge>
    </ei-ms-peak>
    <ei-ms-peak>
      <ei-ms-id>984</ei-ms-id>
      <id>106687</id>
      <intensity>159.0</intensity>
      <mass-charge>74.0</mass-charge>
    </ei-ms-peak>
    <ei-ms-peak>
      <ei-ms-id>984</ei-ms-id>
      <id>106688</id>
      <intensity>138.0</intensity>
      <mass-charge>75.0</mass-charge>
    </ei-ms-peak>
    <ei-ms-peak>
      <ei-ms-id>984</ei-ms-id>
      <id>106689</id>
      <intensity>143.0</intensity>
      <mass-charge>76.0</mass-charge>
    </ei-ms-peak>
    <ei-ms-peak>
      <ei-ms-id>984</ei-ms-id>
      <id>106690</id>
      <intensity>1474.0</intensity>
      <mass-charge>77.0</mass-charge>
    </ei-ms-peak>
    <ei-ms-peak>
      <ei-ms-id>984</ei-ms-id>
      <id>106691</id>
      <intensity>614.0</intensity>
      <mass-charge>78.0</mass-charge>
    </ei-ms-peak>
    <ei-ms-peak>
      <ei-ms-id>984</ei-ms-id>
      <id>106692</id>
      <intensity>1183.0</intensity>
      <mass-charge>79.0</mass-charge>
    </ei-ms-peak>
    <ei-ms-peak>
      <ei-ms-id>984</ei-ms-id>
      <id>106693</id>
      <intensity>85.0</intensity>
      <mass-charge>80.0</mass-charge>
    </ei-ms-peak>
    <ei-ms-peak>
      <ei-ms-id>984</ei-ms-id>
      <id>106694</id>
      <intensity>4.0</intensity>
      <mass-charge>81.0</mass-charge>
    </ei-ms-peak>
    <ei-ms-peak>
      <ei-ms-id>984</ei-ms-id>
      <id>106695</id>
      <intensity>4.0</intensity>
      <mass-charge>84.0</mass-charge>
    </ei-ms-peak>
    <ei-ms-peak>
      <ei-ms-id>984</ei-ms-id>
      <id>106696</id>
      <intensity>22.0</intensity>
      <mass-charge>85.0</mass-charge>
    </ei-ms-peak>
    <ei-ms-peak>
      <ei-ms-id>984</ei-ms-id>
      <id>106697</id>
      <intensity>45.0</intensity>
      <mass-charge>86.0</mass-charge>
    </ei-ms-peak>
    <ei-ms-peak>
      <ei-ms-id>984</ei-ms-id>
      <id>106698</id>
      <intensity>54.0</intensity>
      <mass-charge>87.0</mass-charge>
    </ei-ms-peak>
    <ei-ms-peak>
      <ei-ms-id>984</ei-ms-id>
      <id>106699</id>
      <intensity>197.0</intensity>
      <mass-charge>89.0</mass-charge>
    </ei-ms-peak>
    <ei-ms-peak>
      <ei-ms-id>984</ei-ms-id>
      <id>106700</id>
      <intensity>1222.0</intensity>
      <mass-charge>91.0</mass-charge>
    </ei-ms-peak>
    <ei-ms-peak>
      <ei-ms-id>984</ei-ms-id>
      <id>106701</id>
      <intensity>175.0</intensity>
      <mass-charge>92.0</mass-charge>
    </ei-ms-peak>
    <ei-ms-peak>
      <ei-ms-id>984</ei-ms-id>
      <id>106702</id>
      <intensity>84.0</intensity>
      <mass-charge>93.0</mass-charge>
    </ei-ms-peak>
    <ei-ms-peak>
      <ei-ms-id>984</ei-ms-id>
      <id>106703</id>
      <intensity>8.0</intensity>
      <mass-charge>94.0</mass-charge>
    </ei-ms-peak>
    <ei-ms-peak>
      <ei-ms-id>984</ei-ms-id>
      <id>106704</id>
      <intensity>21.0</intensity>
      <mass-charge>98.0</mass-charge>
    </ei-ms-peak>
    <ei-ms-peak>
      <ei-ms-id>984</ei-ms-id>
      <id>106705</id>
      <intensity>8.0</intensity>
      <mass-charge>99.0</mass-charge>
    </ei-ms-peak>
    <ei-ms-peak>
      <ei-ms-id>984</ei-ms-id>
      <id>106706</id>
      <intensity>29.0</intensity>
      <mass-charge>101.0</mass-charge>
    </ei-ms-peak>
    <ei-ms-peak>
      <ei-ms-id>984</ei-ms-id>
      <id>106707</id>
      <intensity>185.0</intensity>
      <mass-charge>102.0</mass-charge>
    </ei-ms-peak>
    <ei-ms-peak>
      <ei-ms-id>984</ei-ms-id>
      <id>106708</id>
      <intensity>810.0</intensity>
      <mass-charge>103.0</mass-charge>
    </ei-ms-peak>
    <ei-ms-peak>
      <ei-ms-id>984</ei-ms-id>
      <id>106709</id>
      <intensity>710.0</intensity>
      <mass-charge>104.0</mass-charge>
    </ei-ms-peak>
    <ei-ms-peak>
      <ei-ms-id>984</ei-ms-id>
      <id>106710</id>
      <intensity>9999.0</intensity>
      <mass-charge>105.0</mass-charge>
    </ei-ms-peak>
    <ei-ms-peak>
      <ei-ms-id>984</ei-ms-id>
      <id>106711</id>
      <intensity>920.0</intensity>
      <mass-charge>106.0</mass-charge>
    </ei-ms-peak>
    <ei-ms-peak>
      <ei-ms-id>984</ei-ms-id>
      <id>106712</id>
      <intensity>37.0</intensity>
      <mass-charge>107.0</mass-charge>
    </ei-ms-peak>
    <ei-ms-peak>
      <ei-ms-id>984</ei-ms-id>
      <id>106713</id>
      <intensity>5.0</intensity>
      <mass-charge>110.0</mass-charge>
    </ei-ms-peak>
    <ei-ms-peak>
      <ei-ms-id>984</ei-ms-id>
      <id>106714</id>
      <intensity>457.0</intensity>
      <mass-charge>115.0</mass-charge>
    </ei-ms-peak>
    <ei-ms-peak>
      <ei-ms-id>984</ei-ms-id>
      <id>106715</id>
      <intensity>96.0</intensity>
      <mass-charge>116.0</mass-charge>
    </ei-ms-peak>
    <ei-ms-peak>
      <ei-ms-id>984</ei-ms-id>
      <id>106716</id>
      <intensity>333.0</intensity>
      <mass-charge>117.0</mass-charge>
    </ei-ms-peak>
    <ei-ms-peak>
      <ei-ms-id>984</ei-ms-id>
      <id>106717</id>
      <intensity>5.0</intensity>
      <mass-charge>118.0</mass-charge>
    </ei-ms-peak>
    <ei-ms-peak>
      <ei-ms-id>984</ei-ms-id>
      <id>106718</id>
      <intensity>1301.0</intensity>
      <mass-charge>119.0</mass-charge>
    </ei-ms-peak>
    <ei-ms-peak>
      <ei-ms-id>984</ei-ms-id>
      <id>106719</id>
      <intensity>4521.0</intensity>
      <mass-charge>120.0</mass-charge>
    </ei-ms-peak>
    <ei-ms-peak>
      <ei-ms-id>984</ei-ms-id>
      <id>106720</id>
      <intensity>444.0</intensity>
      <mass-charge>121.0</mass-charge>
    </ei-ms-peak>
    <ei-ms-peak>
      <ei-ms-id>984</ei-ms-id>
      <id>106721</id>
      <intensity>20.0</intensity>
      <mass-charge>122.0</mass-charge>
    </ei-ms-peak>
  </ei-ms-peaks>
</ei-ms>
