<?xml version="1.0" encoding="UTF-8"?>
<ei-ms>
  <collection-date nil="true"/>
  <created-at>2014-09-20T16:29:59Z</created-at>
  <database-id>HMDB14794</database-id>
  <id>514</id>
  <inchi-key>PHLBKPHSAVXXEF-UHFFFAOYSA-N</inchi-key>
  <instrument-type nil="true"/>
  <molecule-id nil="true"/>
  <notes nil="true"/>
  <peak-counter>140</peak-counter>
  <sample-assessment nil="true"/>
  <sample-concentration nil="true"/>
  <sample-concentration-units nil="true"/>
  <sample-mass nil="true"/>
  <sample-mass-units nil="true"/>
  <sample-source nil="true"/>
  <solvent nil="true"/>
  <spectra-assessment nil="true"/>
  <updated-at>2014-09-20T16:29:59Z</updated-at>
  <references>
    <reference>
      <database>NIST</database>
      <database-id>19794-93-5</database-id>
      <id>15386</id>
      <pubmed-id nil="true"/>
      <ref-text>NIST Mass Spec Data Center, S.E. Stein, director, "Mass Spectra" in NIST Chemistry WebBook, NIST Standard Reference Database Number 69, Eds. P.J. Linstrom and W.G. Mallard, National Institute of Standards and Technology, Gaithersburg MD, 20899, http://webbook.nist.gov, (retrieved September 6, 2014).</ref-text>
      <spectra-id>514</spectra-id>
      <spectra-type>EiMs</spectra-type>
    </reference>
  </references>
  <ei-ms-peaks>
    <ei-ms-peak>
      <ei-ms-id>514</ei-ms-id>
      <id>57253</id>
      <intensity>900.0</intensity>
      <mass-charge>42.0</mass-charge>
    </ei-ms-peak>
    <ei-ms-peak>
      <ei-ms-id>514</ei-ms-id>
      <id>57254</id>
      <intensity>220.0</intensity>
      <mass-charge>43.0</mass-charge>
    </ei-ms-peak>
    <ei-ms-peak>
      <ei-ms-id>514</ei-ms-id>
      <id>57255</id>
      <intensity>90.0</intensity>
      <mass-charge>50.0</mass-charge>
    </ei-ms-peak>
    <ei-ms-peak>
      <ei-ms-id>514</ei-ms-id>
      <id>57256</id>
      <intensity>460.0</intensity>
      <mass-charge>51.0</mass-charge>
    </ei-ms-peak>
    <ei-ms-peak>
      <ei-ms-id>514</ei-ms-id>
      <id>57257</id>
      <intensity>140.0</intensity>
      <mass-charge>52.0</mass-charge>
    </ei-ms-peak>
    <ei-ms-peak>
      <ei-ms-id>514</ei-ms-id>
      <id>57258</id>
      <intensity>180.0</intensity>
      <mass-charge>54.0</mass-charge>
    </ei-ms-peak>
    <ei-ms-peak>
      <ei-ms-id>514</ei-ms-id>
      <id>57259</id>
      <intensity>300.0</intensity>
      <mass-charge>55.0</mass-charge>
    </ei-ms-peak>
    <ei-ms-peak>
      <ei-ms-id>514</ei-ms-id>
      <id>57260</id>
      <intensity>1841.0</intensity>
      <mass-charge>56.0</mass-charge>
    </ei-ms-peak>
    <ei-ms-peak>
      <ei-ms-id>514</ei-ms-id>
      <id>57261</id>
      <intensity>300.0</intensity>
      <mass-charge>57.0</mass-charge>
    </ei-ms-peak>
    <ei-ms-peak>
      <ei-ms-id>514</ei-ms-id>
      <id>57262</id>
      <intensity>60.0</intensity>
      <mass-charge>58.0</mass-charge>
    </ei-ms-peak>
    <ei-ms-peak>
      <ei-ms-id>514</ei-ms-id>
      <id>57263</id>
      <intensity>110.0</intensity>
      <mass-charge>65.0</mass-charge>
    </ei-ms-peak>
    <ei-ms-peak>
      <ei-ms-id>514</ei-ms-id>
      <id>57264</id>
      <intensity>150.0</intensity>
      <mass-charge>66.0</mass-charge>
    </ei-ms-peak>
    <ei-ms-peak>
      <ei-ms-id>514</ei-ms-id>
      <id>57265</id>
      <intensity>110.0</intensity>
      <mass-charge>67.0</mass-charge>
    </ei-ms-peak>
    <ei-ms-peak>
      <ei-ms-id>514</ei-ms-id>
      <id>57266</id>
      <intensity>510.0</intensity>
      <mass-charge>68.0</mass-charge>
    </ei-ms-peak>
    <ei-ms-peak>
      <ei-ms-id>514</ei-ms-id>
      <id>57267</id>
      <intensity>1070.0</intensity>
      <mass-charge>69.0</mass-charge>
    </ei-ms-peak>
    <ei-ms-peak>
      <ei-ms-id>514</ei-ms-id>
      <id>57268</id>
      <intensity>4444.0</intensity>
      <mass-charge>70.0</mass-charge>
    </ei-ms-peak>
    <ei-ms-peak>
      <ei-ms-id>514</ei-ms-id>
      <id>57269</id>
      <intensity>470.0</intensity>
      <mass-charge>71.0</mass-charge>
    </ei-ms-peak>
    <ei-ms-peak>
      <ei-ms-id>514</ei-ms-id>
      <id>57270</id>
      <intensity>110.0</intensity>
      <mass-charge>72.0</mass-charge>
    </ei-ms-peak>
    <ei-ms-peak>
      <ei-ms-id>514</ei-ms-id>
      <id>57271</id>
      <intensity>250.0</intensity>
      <mass-charge>75.0</mass-charge>
    </ei-ms-peak>
    <ei-ms-peak>
      <ei-ms-id>514</ei-ms-id>
      <id>57272</id>
      <intensity>80.0</intensity>
      <mass-charge>76.0</mass-charge>
    </ei-ms-peak>
    <ei-ms-peak>
      <ei-ms-id>514</ei-ms-id>
      <id>57273</id>
      <intensity>300.0</intensity>
      <mass-charge>77.0</mass-charge>
    </ei-ms-peak>
    <ei-ms-peak>
      <ei-ms-id>514</ei-ms-id>
      <id>57274</id>
      <intensity>1761.0</intensity>
      <mass-charge>78.0</mass-charge>
    </ei-ms-peak>
    <ei-ms-peak>
      <ei-ms-id>514</ei-ms-id>
      <id>57275</id>
      <intensity>590.0</intensity>
      <mass-charge>79.0</mass-charge>
    </ei-ms-peak>
    <ei-ms-peak>
      <ei-ms-id>514</ei-ms-id>
      <id>57276</id>
      <intensity>80.0</intensity>
      <mass-charge>80.0</mass-charge>
    </ei-ms-peak>
    <ei-ms-peak>
      <ei-ms-id>514</ei-ms-id>
      <id>57277</id>
      <intensity>30.0</intensity>
      <mass-charge>81.0</mass-charge>
    </ei-ms-peak>
    <ei-ms-peak>
      <ei-ms-id>514</ei-ms-id>
      <id>57278</id>
      <intensity>410.0</intensity>
      <mass-charge>82.0</mass-charge>
    </ei-ms-peak>
    <ei-ms-peak>
      <ei-ms-id>514</ei-ms-id>
      <id>57279</id>
      <intensity>620.0</intensity>
      <mass-charge>83.0</mass-charge>
    </ei-ms-peak>
    <ei-ms-peak>
      <ei-ms-id>514</ei-ms-id>
      <id>57280</id>
      <intensity>410.0</intensity>
      <mass-charge>84.0</mass-charge>
    </ei-ms-peak>
    <ei-ms-peak>
      <ei-ms-id>514</ei-ms-id>
      <id>57281</id>
      <intensity>50.0</intensity>
      <mass-charge>85.0</mass-charge>
    </ei-ms-peak>
    <ei-ms-peak>
      <ei-ms-id>514</ei-ms-id>
      <id>57282</id>
      <intensity>20.0</intensity>
      <mass-charge>87.0</mass-charge>
    </ei-ms-peak>
    <ei-ms-peak>
      <ei-ms-id>514</ei-ms-id>
      <id>57283</id>
      <intensity>90.0</intensity>
      <mass-charge>89.0</mass-charge>
    </ei-ms-peak>
    <ei-ms-peak>
      <ei-ms-id>514</ei-ms-id>
      <id>57284</id>
      <intensity>100.0</intensity>
      <mass-charge>91.0</mass-charge>
    </ei-ms-peak>
    <ei-ms-peak>
      <ei-ms-id>514</ei-ms-id>
      <id>57285</id>
      <intensity>190.0</intensity>
      <mass-charge>92.0</mass-charge>
    </ei-ms-peak>
    <ei-ms-peak>
      <ei-ms-id>514</ei-ms-id>
      <id>57286</id>
      <intensity>400.0</intensity>
      <mass-charge>93.0</mass-charge>
    </ei-ms-peak>
    <ei-ms-peak>
      <ei-ms-id>514</ei-ms-id>
      <id>57287</id>
      <intensity>580.0</intensity>
      <mass-charge>94.0</mass-charge>
    </ei-ms-peak>
    <ei-ms-peak>
      <ei-ms-id>514</ei-ms-id>
      <id>57288</id>
      <intensity>180.0</intensity>
      <mass-charge>95.0</mass-charge>
    </ei-ms-peak>
    <ei-ms-peak>
      <ei-ms-id>514</ei-ms-id>
      <id>57289</id>
      <intensity>1090.0</intensity>
      <mass-charge>96.0</mass-charge>
    </ei-ms-peak>
    <ei-ms-peak>
      <ei-ms-id>514</ei-ms-id>
      <id>57290</id>
      <intensity>810.0</intensity>
      <mass-charge>97.0</mass-charge>
    </ei-ms-peak>
    <ei-ms-peak>
      <ei-ms-id>514</ei-ms-id>
      <id>57291</id>
      <intensity>140.0</intensity>
      <mass-charge>98.0</mass-charge>
    </ei-ms-peak>
    <ei-ms-peak>
      <ei-ms-id>514</ei-ms-id>
      <id>57292</id>
      <intensity>70.0</intensity>
      <mass-charge>99.0</mass-charge>
    </ei-ms-peak>
    <ei-ms-peak>
      <ei-ms-id>514</ei-ms-id>
      <id>57293</id>
      <intensity>30.0</intensity>
      <mass-charge>101.0</mass-charge>
    </ei-ms-peak>
    <ei-ms-peak>
      <ei-ms-id>514</ei-ms-id>
      <id>57294</id>
      <intensity>110.0</intensity>
      <mass-charge>103.0</mass-charge>
    </ei-ms-peak>
    <ei-ms-peak>
      <ei-ms-id>514</ei-ms-id>
      <id>57295</id>
      <intensity>90.0</intensity>
      <mass-charge>104.0</mass-charge>
    </ei-ms-peak>
    <ei-ms-peak>
      <ei-ms-id>514</ei-ms-id>
      <id>57296</id>
      <intensity>280.0</intensity>
      <mass-charge>105.0</mass-charge>
    </ei-ms-peak>
    <ei-ms-peak>
      <ei-ms-id>514</ei-ms-id>
      <id>57297</id>
      <intensity>100.0</intensity>
      <mass-charge>106.0</mass-charge>
    </ei-ms-peak>
    <ei-ms-peak>
      <ei-ms-id>514</ei-ms-id>
      <id>57298</id>
      <intensity>80.0</intensity>
      <mass-charge>107.0</mass-charge>
    </ei-ms-peak>
    <ei-ms-peak>
      <ei-ms-id>514</ei-ms-id>
      <id>57299</id>
      <intensity>890.0</intensity>
      <mass-charge>111.0</mass-charge>
    </ei-ms-peak>
    <ei-ms-peak>
      <ei-ms-id>514</ei-ms-id>
      <id>57300</id>
      <intensity>160.0</intensity>
      <mass-charge>112.0</mass-charge>
    </ei-ms-peak>
    <ei-ms-peak>
      <ei-ms-id>514</ei-ms-id>
      <id>57301</id>
      <intensity>260.0</intensity>
      <mass-charge>113.0</mass-charge>
    </ei-ms-peak>
    <ei-ms-peak>
      <ei-ms-id>514</ei-ms-id>
      <id>57302</id>
      <intensity>30.0</intensity>
      <mass-charge>114.0</mass-charge>
    </ei-ms-peak>
    <ei-ms-peak>
      <ei-ms-id>514</ei-ms-id>
      <id>57303</id>
      <intensity>210.0</intensity>
      <mass-charge>116.0</mass-charge>
    </ei-ms-peak>
    <ei-ms-peak>
      <ei-ms-id>514</ei-ms-id>
      <id>57304</id>
      <intensity>150.0</intensity>
      <mass-charge>117.0</mass-charge>
    </ei-ms-peak>
    <ei-ms-peak>
      <ei-ms-id>514</ei-ms-id>
      <id>57305</id>
      <intensity>180.0</intensity>
      <mass-charge>119.0</mass-charge>
    </ei-ms-peak>
    <ei-ms-peak>
      <ei-ms-id>514</ei-ms-id>
      <id>57306</id>
      <intensity>230.0</intensity>
      <mass-charge>120.0</mass-charge>
    </ei-ms-peak>
    <ei-ms-peak>
      <ei-ms-id>514</ei-ms-id>
      <id>57307</id>
      <intensity>170.0</intensity>
      <mass-charge>121.0</mass-charge>
    </ei-ms-peak>
    <ei-ms-peak>
      <ei-ms-id>514</ei-ms-id>
      <id>57308</id>
      <intensity>340.0</intensity>
      <mass-charge>125.0</mass-charge>
    </ei-ms-peak>
    <ei-ms-peak>
      <ei-ms-id>514</ei-ms-id>
      <id>57309</id>
      <intensity>140.0</intensity>
      <mass-charge>127.0</mass-charge>
    </ei-ms-peak>
    <ei-ms-peak>
      <ei-ms-id>514</ei-ms-id>
      <id>57310</id>
      <intensity>80.0</intensity>
      <mass-charge>130.0</mass-charge>
    </ei-ms-peak>
    <ei-ms-peak>
      <ei-ms-id>514</ei-ms-id>
      <id>57311</id>
      <intensity>170.0</intensity>
      <mass-charge>131.0</mass-charge>
    </ei-ms-peak>
    <ei-ms-peak>
      <ei-ms-id>514</ei-ms-id>
      <id>57312</id>
      <intensity>110.0</intensity>
      <mass-charge>132.0</mass-charge>
    </ei-ms-peak>
    <ei-ms-peak>
      <ei-ms-id>514</ei-ms-id>
      <id>57313</id>
      <intensity>200.0</intensity>
      <mass-charge>133.0</mass-charge>
    </ei-ms-peak>
    <ei-ms-peak>
      <ei-ms-id>514</ei-ms-id>
      <id>57314</id>
      <intensity>30.0</intensity>
      <mass-charge>134.0</mass-charge>
    </ei-ms-peak>
    <ei-ms-peak>
      <ei-ms-id>514</ei-ms-id>
      <id>57315</id>
      <intensity>380.0</intensity>
      <mass-charge>135.0</mass-charge>
    </ei-ms-peak>
    <ei-ms-peak>
      <ei-ms-id>514</ei-ms-id>
      <id>57316</id>
      <intensity>1541.0</intensity>
      <mass-charge>136.0</mass-charge>
    </ei-ms-peak>
    <ei-ms-peak>
      <ei-ms-id>514</ei-ms-id>
      <id>57317</id>
      <intensity>160.0</intensity>
      <mass-charge>137.0</mass-charge>
    </ei-ms-peak>
    <ei-ms-peak>
      <ei-ms-id>514</ei-ms-id>
      <id>57318</id>
      <intensity>1331.0</intensity>
      <mass-charge>138.0</mass-charge>
    </ei-ms-peak>
    <ei-ms-peak>
      <ei-ms-id>514</ei-ms-id>
      <id>57319</id>
      <intensity>1271.0</intensity>
      <mass-charge>139.0</mass-charge>
    </ei-ms-peak>
    <ei-ms-peak>
      <ei-ms-id>514</ei-ms-id>
      <id>57320</id>
      <intensity>880.0</intensity>
      <mass-charge>140.0</mass-charge>
    </ei-ms-peak>
    <ei-ms-peak>
      <ei-ms-id>514</ei-ms-id>
      <id>57321</id>
      <intensity>370.0</intensity>
      <mass-charge>141.0</mass-charge>
    </ei-ms-peak>
    <ei-ms-peak>
      <ei-ms-id>514</ei-ms-id>
      <id>57322</id>
      <intensity>120.0</intensity>
      <mass-charge>142.0</mass-charge>
    </ei-ms-peak>
    <ei-ms-peak>
      <ei-ms-id>514</ei-ms-id>
      <id>57323</id>
      <intensity>50.0</intensity>
      <mass-charge>144.0</mass-charge>
    </ei-ms-peak>
    <ei-ms-peak>
      <ei-ms-id>514</ei-ms-id>
      <id>57324</id>
      <intensity>40.0</intensity>
      <mass-charge>146.0</mass-charge>
    </ei-ms-peak>
    <ei-ms-peak>
      <ei-ms-id>514</ei-ms-id>
      <id>57325</id>
      <intensity>1090.0</intensity>
      <mass-charge>148.0</mass-charge>
    </ei-ms-peak>
    <ei-ms-peak>
      <ei-ms-id>514</ei-ms-id>
      <id>57326</id>
      <intensity>210.0</intensity>
      <mass-charge>149.0</mass-charge>
    </ei-ms-peak>
    <ei-ms-peak>
      <ei-ms-id>514</ei-ms-id>
      <id>57327</id>
      <intensity>110.0</intensity>
      <mass-charge>152.0</mass-charge>
    </ei-ms-peak>
    <ei-ms-peak>
      <ei-ms-id>514</ei-ms-id>
      <id>57328</id>
      <intensity>360.0</intensity>
      <mass-charge>154.0</mass-charge>
    </ei-ms-peak>
    <ei-ms-peak>
      <ei-ms-id>514</ei-ms-id>
      <id>57329</id>
      <intensity>120.0</intensity>
      <mass-charge>155.0</mass-charge>
    </ei-ms-peak>
    <ei-ms-peak>
      <ei-ms-id>514</ei-ms-id>
      <id>57330</id>
      <intensity>1361.0</intensity>
      <mass-charge>162.0</mass-charge>
    </ei-ms-peak>
    <ei-ms-peak>
      <ei-ms-id>514</ei-ms-id>
      <id>57331</id>
      <intensity>130.0</intensity>
      <mass-charge>163.0</mass-charge>
    </ei-ms-peak>
    <ei-ms-peak>
      <ei-ms-id>514</ei-ms-id>
      <id>57332</id>
      <intensity>50.0</intensity>
      <mass-charge>164.0</mass-charge>
    </ei-ms-peak>
    <ei-ms-peak>
      <ei-ms-id>514</ei-ms-id>
      <id>57333</id>
      <intensity>20.0</intensity>
      <mass-charge>165.0</mass-charge>
    </ei-ms-peak>
    <ei-ms-peak>
      <ei-ms-id>514</ei-ms-id>
      <id>57334</id>
      <intensity>1361.0</intensity>
      <mass-charge>166.0</mass-charge>
    </ei-ms-peak>
    <ei-ms-peak>
      <ei-ms-id>514</ei-ms-id>
      <id>57335</id>
      <intensity>340.0</intensity>
      <mass-charge>167.0</mass-charge>
    </ei-ms-peak>
    <ei-ms-peak>
      <ei-ms-id>514</ei-ms-id>
      <id>57336</id>
      <intensity>660.0</intensity>
      <mass-charge>168.0</mass-charge>
    </ei-ms-peak>
    <ei-ms-peak>
      <ei-ms-id>514</ei-ms-id>
      <id>57337</id>
      <intensity>110.0</intensity>
      <mass-charge>169.0</mass-charge>
    </ei-ms-peak>
    <ei-ms-peak>
      <ei-ms-id>514</ei-ms-id>
      <id>57338</id>
      <intensity>60.0</intensity>
      <mass-charge>170.0</mass-charge>
    </ei-ms-peak>
    <ei-ms-peak>
      <ei-ms-id>514</ei-ms-id>
      <id>57339</id>
      <intensity>10.0</intensity>
      <mass-charge>171.0</mass-charge>
    </ei-ms-peak>
    <ei-ms-peak>
      <ei-ms-id>514</ei-ms-id>
      <id>57340</id>
      <intensity>90.0</intensity>
      <mass-charge>174.0</mass-charge>
    </ei-ms-peak>
    <ei-ms-peak>
      <ei-ms-id>514</ei-ms-id>
      <id>57341</id>
      <intensity>320.0</intensity>
      <mass-charge>175.0</mass-charge>
    </ei-ms-peak>
    <ei-ms-peak>
      <ei-ms-id>514</ei-ms-id>
      <id>57342</id>
      <intensity>3052.0</intensity>
      <mass-charge>176.0</mass-charge>
    </ei-ms-peak>
    <ei-ms-peak>
      <ei-ms-id>514</ei-ms-id>
      <id>57343</id>
      <intensity>340.0</intensity>
      <mass-charge>177.0</mass-charge>
    </ei-ms-peak>
    <ei-ms-peak>
      <ei-ms-id>514</ei-ms-id>
      <id>57344</id>
      <intensity>100.0</intensity>
      <mass-charge>178.0</mass-charge>
    </ei-ms-peak>
    <ei-ms-peak>
      <ei-ms-id>514</ei-ms-id>
      <id>57345</id>
      <intensity>150.0</intensity>
      <mass-charge>179.0</mass-charge>
    </ei-ms-peak>
    <ei-ms-peak>
      <ei-ms-id>514</ei-ms-id>
      <id>57346</id>
      <intensity>310.0</intensity>
      <mass-charge>181.0</mass-charge>
    </ei-ms-peak>
    <ei-ms-peak>
      <ei-ms-id>514</ei-ms-id>
      <id>57347</id>
      <intensity>60.0</intensity>
      <mass-charge>182.0</mass-charge>
    </ei-ms-peak>
    <ei-ms-peak>
      <ei-ms-id>514</ei-ms-id>
      <id>57348</id>
      <intensity>30.0</intensity>
      <mass-charge>186.0</mass-charge>
    </ei-ms-peak>
    <ei-ms-peak>
      <ei-ms-id>514</ei-ms-id>
      <id>57349</id>
      <intensity>100.0</intensity>
      <mass-charge>191.0</mass-charge>
    </ei-ms-peak>
    <ei-ms-peak>
      <ei-ms-id>514</ei-ms-id>
      <id>57350</id>
      <intensity>20.0</intensity>
      <mass-charge>192.0</mass-charge>
    </ei-ms-peak>
    <ei-ms-peak>
      <ei-ms-id>514</ei-ms-id>
      <id>57351</id>
      <intensity>1311.0</intensity>
      <mass-charge>194.0</mass-charge>
    </ei-ms-peak>
    <ei-ms-peak>
      <ei-ms-id>514</ei-ms-id>
      <id>57352</id>
      <intensity>930.0</intensity>
      <mass-charge>195.0</mass-charge>
    </ei-ms-peak>
    <ei-ms-peak>
      <ei-ms-id>514</ei-ms-id>
      <id>57353</id>
      <intensity>590.0</intensity>
      <mass-charge>196.0</mass-charge>
    </ei-ms-peak>
    <ei-ms-peak>
      <ei-ms-id>514</ei-ms-id>
      <id>57354</id>
      <intensity>260.0</intensity>
      <mass-charge>197.0</mass-charge>
    </ei-ms-peak>
    <ei-ms-peak>
      <ei-ms-id>514</ei-ms-id>
      <id>57355</id>
      <intensity>50.0</intensity>
      <mass-charge>198.0</mass-charge>
    </ei-ms-peak>
    <ei-ms-peak>
      <ei-ms-id>514</ei-ms-id>
      <id>57356</id>
      <intensity>80.0</intensity>
      <mass-charge>204.0</mass-charge>
    </ei-ms-peak>
    <ei-ms-peak>
      <ei-ms-id>514</ei-ms-id>
      <id>57357</id>
      <intensity>9999.0</intensity>
      <mass-charge>205.0</mass-charge>
    </ei-ms-peak>
    <ei-ms-peak>
      <ei-ms-id>514</ei-ms-id>
      <id>57358</id>
      <intensity>1261.0</intensity>
      <mass-charge>206.0</mass-charge>
    </ei-ms-peak>
    <ei-ms-peak>
      <ei-ms-id>514</ei-ms-id>
      <id>57359</id>
      <intensity>440.0</intensity>
      <mass-charge>207.0</mass-charge>
    </ei-ms-peak>
    <ei-ms-peak>
      <ei-ms-id>514</ei-ms-id>
      <id>57360</id>
      <intensity>2091.0</intensity>
      <mass-charge>209.0</mass-charge>
    </ei-ms-peak>
    <ei-ms-peak>
      <ei-ms-id>514</ei-ms-id>
      <id>57361</id>
      <intensity>320.0</intensity>
      <mass-charge>210.0</mass-charge>
    </ei-ms-peak>
    <ei-ms-peak>
      <ei-ms-id>514</ei-ms-id>
      <id>57362</id>
      <intensity>700.0</intensity>
      <mass-charge>211.0</mass-charge>
    </ei-ms-peak>
    <ei-ms-peak>
      <ei-ms-id>514</ei-ms-id>
      <id>57363</id>
      <intensity>80.0</intensity>
      <mass-charge>212.0</mass-charge>
    </ei-ms-peak>
    <ei-ms-peak>
      <ei-ms-id>514</ei-ms-id>
      <id>57364</id>
      <intensity>630.0</intensity>
      <mass-charge>218.0</mass-charge>
    </ei-ms-peak>
    <ei-ms-peak>
      <ei-ms-id>514</ei-ms-id>
      <id>57365</id>
      <intensity>1621.0</intensity>
      <mass-charge>219.0</mass-charge>
    </ei-ms-peak>
    <ei-ms-peak>
      <ei-ms-id>514</ei-ms-id>
      <id>57366</id>
      <intensity>210.0</intensity>
      <mass-charge>220.0</mass-charge>
    </ei-ms-peak>
    <ei-ms-peak>
      <ei-ms-id>514</ei-ms-id>
      <id>57367</id>
      <intensity>50.0</intensity>
      <mass-charge>221.0</mass-charge>
    </ei-ms-peak>
    <ei-ms-peak>
      <ei-ms-id>514</ei-ms-id>
      <id>57368</id>
      <intensity>120.0</intensity>
      <mass-charge>223.0</mass-charge>
    </ei-ms-peak>
    <ei-ms-peak>
      <ei-ms-id>514</ei-ms-id>
      <id>57369</id>
      <intensity>40.0</intensity>
      <mass-charge>225.0</mass-charge>
    </ei-ms-peak>
    <ei-ms-peak>
      <ei-ms-id>514</ei-ms-id>
      <id>57370</id>
      <intensity>2252.0</intensity>
      <mass-charge>231.0</mass-charge>
    </ei-ms-peak>
    <ei-ms-peak>
      <ei-ms-id>514</ei-ms-id>
      <id>57371</id>
      <intensity>350.0</intensity>
      <mass-charge>232.0</mass-charge>
    </ei-ms-peak>
    <ei-ms-peak>
      <ei-ms-id>514</ei-ms-id>
      <id>57372</id>
      <intensity>30.0</intensity>
      <mass-charge>233.0</mass-charge>
    </ei-ms-peak>
    <ei-ms-peak>
      <ei-ms-id>514</ei-ms-id>
      <id>57373</id>
      <intensity>230.0</intensity>
      <mass-charge>235.0</mass-charge>
    </ei-ms-peak>
    <ei-ms-peak>
      <ei-ms-id>514</ei-ms-id>
      <id>57374</id>
      <intensity>60.0</intensity>
      <mass-charge>236.0</mass-charge>
    </ei-ms-peak>
    <ei-ms-peak>
      <ei-ms-id>514</ei-ms-id>
      <id>57375</id>
      <intensity>90.0</intensity>
      <mass-charge>237.0</mass-charge>
    </ei-ms-peak>
    <ei-ms-peak>
      <ei-ms-id>514</ei-ms-id>
      <id>57376</id>
      <intensity>20.0</intensity>
      <mass-charge>244.0</mass-charge>
    </ei-ms-peak>
    <ei-ms-peak>
      <ei-ms-id>514</ei-ms-id>
      <id>57377</id>
      <intensity>70.0</intensity>
      <mass-charge>250.0</mass-charge>
    </ei-ms-peak>
    <ei-ms-peak>
      <ei-ms-id>514</ei-ms-id>
      <id>57378</id>
      <intensity>1901.0</intensity>
      <mass-charge>278.0</mass-charge>
    </ei-ms-peak>
    <ei-ms-peak>
      <ei-ms-id>514</ei-ms-id>
      <id>57379</id>
      <intensity>320.0</intensity>
      <mass-charge>279.0</mass-charge>
    </ei-ms-peak>
    <ei-ms-peak>
      <ei-ms-id>514</ei-ms-id>
      <id>57380</id>
      <intensity>610.0</intensity>
      <mass-charge>280.0</mass-charge>
    </ei-ms-peak>
    <ei-ms-peak>
      <ei-ms-id>514</ei-ms-id>
      <id>57381</id>
      <intensity>100.0</intensity>
      <mass-charge>281.0</mass-charge>
    </ei-ms-peak>
    <ei-ms-peak>
      <ei-ms-id>514</ei-ms-id>
      <id>57382</id>
      <intensity>230.0</intensity>
      <mass-charge>329.0</mass-charge>
    </ei-ms-peak>
    <ei-ms-peak>
      <ei-ms-id>514</ei-ms-id>
      <id>57383</id>
      <intensity>40.0</intensity>
      <mass-charge>330.0</mass-charge>
    </ei-ms-peak>
    <ei-ms-peak>
      <ei-ms-id>514</ei-ms-id>
      <id>57384</id>
      <intensity>880.0</intensity>
      <mass-charge>356.0</mass-charge>
    </ei-ms-peak>
    <ei-ms-peak>
      <ei-ms-id>514</ei-ms-id>
      <id>57385</id>
      <intensity>210.0</intensity>
      <mass-charge>357.0</mass-charge>
    </ei-ms-peak>
    <ei-ms-peak>
      <ei-ms-id>514</ei-ms-id>
      <id>57386</id>
      <intensity>320.0</intensity>
      <mass-charge>358.0</mass-charge>
    </ei-ms-peak>
    <ei-ms-peak>
      <ei-ms-id>514</ei-ms-id>
      <id>57387</id>
      <intensity>40.0</intensity>
      <mass-charge>359.0</mass-charge>
    </ei-ms-peak>
    <ei-ms-peak>
      <ei-ms-id>514</ei-ms-id>
      <id>57388</id>
      <intensity>40.0</intensity>
      <mass-charge>369.0</mass-charge>
    </ei-ms-peak>
    <ei-ms-peak>
      <ei-ms-id>514</ei-ms-id>
      <id>57389</id>
      <intensity>20.0</intensity>
      <mass-charge>370.0</mass-charge>
    </ei-ms-peak>
    <ei-ms-peak>
      <ei-ms-id>514</ei-ms-id>
      <id>57390</id>
      <intensity>550.0</intensity>
      <mass-charge>371.0</mass-charge>
    </ei-ms-peak>
    <ei-ms-peak>
      <ei-ms-id>514</ei-ms-id>
      <id>57391</id>
      <intensity>150.0</intensity>
      <mass-charge>373.0</mass-charge>
    </ei-ms-peak>
    <ei-ms-peak>
      <ei-ms-id>514</ei-ms-id>
      <id>57392</id>
      <intensity>10.0</intensity>
      <mass-charge>375.0</mass-charge>
    </ei-ms-peak>
  </ei-ms-peaks>
</ei-ms>
