<?xml version="1.0" encoding="UTF-8"?>
<ei-ms>
  <collection-date nil="true"/>
  <created-at>2014-09-20T16:22:18Z</created-at>
  <database-id>HMDB15516</database-id>
  <id>198</id>
  <inchi-key>KWTSXDURSIMDCE-QMMMGPOBSA-N</inchi-key>
  <instrument-type nil="true"/>
  <molecule-id nil="true"/>
  <notes nil="true"/>
  <peak-counter>50</peak-counter>
  <sample-assessment nil="true"/>
  <sample-concentration nil="true"/>
  <sample-concentration-units nil="true"/>
  <sample-mass nil="true"/>
  <sample-mass-units nil="true"/>
  <sample-source nil="true"/>
  <solvent nil="true"/>
  <spectra-assessment nil="true"/>
  <updated-at>2014-09-20T16:22:18Z</updated-at>
  <references>
    <reference>
      <database>NIST</database>
      <database-id>51-64-9</database-id>
      <id>15070</id>
      <pubmed-id nil="true"/>
      <ref-text>NIST Mass Spec Data Center, S.E. Stein, director, "Mass Spectra" in NIST Chemistry WebBook, NIST Standard Reference Database Number 69, Eds. P.J. Linstrom and W.G. Mallard, National Institute of Standards and Technology, Gaithersburg MD, 20899, http://webbook.nist.gov, (retrieved September 6, 2014).</ref-text>
      <spectra-id>198</spectra-id>
      <spectra-type>EiMs</spectra-type>
    </reference>
  </references>
  <ei-ms-peaks>
    <ei-ms-peak>
      <ei-ms-id>198</ei-ms-id>
      <id>23258</id>
      <intensity>173.0</intensity>
      <mass-charge>41.0</mass-charge>
    </ei-ms-peak>
    <ei-ms-peak>
      <ei-ms-id>198</ei-ms-id>
      <id>23259</id>
      <intensity>374.0</intensity>
      <mass-charge>42.0</mass-charge>
    </ei-ms-peak>
    <ei-ms-peak>
      <ei-ms-id>198</ei-ms-id>
      <id>23260</id>
      <intensity>9999.0</intensity>
      <mass-charge>44.0</mass-charge>
    </ei-ms-peak>
    <ei-ms-peak>
      <ei-ms-id>198</ei-ms-id>
      <id>23261</id>
      <intensity>237.0</intensity>
      <mass-charge>45.0</mass-charge>
    </ei-ms-peak>
    <ei-ms-peak>
      <ei-ms-id>198</ei-ms-id>
      <id>23262</id>
      <intensity>92.0</intensity>
      <mass-charge>50.0</mass-charge>
    </ei-ms-peak>
    <ei-ms-peak>
      <ei-ms-id>198</ei-ms-id>
      <id>23263</id>
      <intensity>203.0</intensity>
      <mass-charge>51.0</mass-charge>
    </ei-ms-peak>
    <ei-ms-peak>
      <ei-ms-id>198</ei-ms-id>
      <id>23264</id>
      <intensity>51.0</intensity>
      <mass-charge>52.0</mass-charge>
    </ei-ms-peak>
    <ei-ms-peak>
      <ei-ms-id>198</ei-ms-id>
      <id>23265</id>
      <intensity>35.0</intensity>
      <mass-charge>53.0</mass-charge>
    </ei-ms-peak>
    <ei-ms-peak>
      <ei-ms-id>198</ei-ms-id>
      <id>23266</id>
      <intensity>9.0</intensity>
      <mass-charge>54.0</mass-charge>
    </ei-ms-peak>
    <ei-ms-peak>
      <ei-ms-id>198</ei-ms-id>
      <id>23267</id>
      <intensity>6.0</intensity>
      <mass-charge>56.0</mass-charge>
    </ei-ms-peak>
    <ei-ms-peak>
      <ei-ms-id>198</ei-ms-id>
      <id>23268</id>
      <intensity>12.0</intensity>
      <mass-charge>57.0</mass-charge>
    </ei-ms-peak>
    <ei-ms-peak>
      <ei-ms-id>198</ei-ms-id>
      <id>23269</id>
      <intensity>13.0</intensity>
      <mass-charge>58.0</mass-charge>
    </ei-ms-peak>
    <ei-ms-peak>
      <ei-ms-id>198</ei-ms-id>
      <id>23270</id>
      <intensity>40.0</intensity>
      <mass-charge>59.0</mass-charge>
    </ei-ms-peak>
    <ei-ms-peak>
      <ei-ms-id>198</ei-ms-id>
      <id>23271</id>
      <intensity>60.0</intensity>
      <mass-charge>60.0</mass-charge>
    </ei-ms-peak>
    <ei-ms-peak>
      <ei-ms-id>198</ei-ms-id>
      <id>23272</id>
      <intensity>16.0</intensity>
      <mass-charge>61.0</mass-charge>
    </ei-ms-peak>
    <ei-ms-peak>
      <ei-ms-id>198</ei-ms-id>
      <id>23273</id>
      <intensity>36.0</intensity>
      <mass-charge>62.0</mass-charge>
    </ei-ms-peak>
    <ei-ms-peak>
      <ei-ms-id>198</ei-ms-id>
      <id>23274</id>
      <intensity>109.0</intensity>
      <mass-charge>63.0</mass-charge>
    </ei-ms-peak>
    <ei-ms-peak>
      <ei-ms-id>198</ei-ms-id>
      <id>23275</id>
      <intensity>31.0</intensity>
      <mass-charge>64.0</mass-charge>
    </ei-ms-peak>
    <ei-ms-peak>
      <ei-ms-id>198</ei-ms-id>
      <id>23276</id>
      <intensity>387.0</intensity>
      <mass-charge>65.0</mass-charge>
    </ei-ms-peak>
    <ei-ms-peak>
      <ei-ms-id>198</ei-ms-id>
      <id>23277</id>
      <intensity>13.0</intensity>
      <mass-charge>67.0</mass-charge>
    </ei-ms-peak>
    <ei-ms-peak>
      <ei-ms-id>198</ei-ms-id>
      <id>23278</id>
      <intensity>8.0</intensity>
      <mass-charge>68.0</mass-charge>
    </ei-ms-peak>
    <ei-ms-peak>
      <ei-ms-id>198</ei-ms-id>
      <id>23279</id>
      <intensity>20.0</intensity>
      <mass-charge>74.0</mass-charge>
    </ei-ms-peak>
    <ei-ms-peak>
      <ei-ms-id>198</ei-ms-id>
      <id>23280</id>
      <intensity>21.0</intensity>
      <mass-charge>75.0</mass-charge>
    </ei-ms-peak>
    <ei-ms-peak>
      <ei-ms-id>198</ei-ms-id>
      <id>23281</id>
      <intensity>23.0</intensity>
      <mass-charge>76.0</mass-charge>
    </ei-ms-peak>
    <ei-ms-peak>
      <ei-ms-id>198</ei-ms-id>
      <id>23282</id>
      <intensity>88.0</intensity>
      <mass-charge>77.0</mass-charge>
    </ei-ms-peak>
    <ei-ms-peak>
      <ei-ms-id>198</ei-ms-id>
      <id>23283</id>
      <intensity>36.0</intensity>
      <mass-charge>78.0</mass-charge>
    </ei-ms-peak>
    <ei-ms-peak>
      <ei-ms-id>198</ei-ms-id>
      <id>23284</id>
      <intensity>16.0</intensity>
      <mass-charge>79.0</mass-charge>
    </ei-ms-peak>
    <ei-ms-peak>
      <ei-ms-id>198</ei-ms-id>
      <id>23285</id>
      <intensity>7.0</intensity>
      <mass-charge>80.0</mass-charge>
    </ei-ms-peak>
    <ei-ms-peak>
      <ei-ms-id>198</ei-ms-id>
      <id>23286</id>
      <intensity>13.0</intensity>
      <mass-charge>85.0</mass-charge>
    </ei-ms-peak>
    <ei-ms-peak>
      <ei-ms-id>198</ei-ms-id>
      <id>23287</id>
      <intensity>9.0</intensity>
      <mass-charge>86.0</mass-charge>
    </ei-ms-peak>
    <ei-ms-peak>
      <ei-ms-id>198</ei-ms-id>
      <id>23288</id>
      <intensity>5.0</intensity>
      <mass-charge>87.0</mass-charge>
    </ei-ms-peak>
    <ei-ms-peak>
      <ei-ms-id>198</ei-ms-id>
      <id>23289</id>
      <intensity>12.0</intensity>
      <mass-charge>88.0</mass-charge>
    </ei-ms-peak>
    <ei-ms-peak>
      <ei-ms-id>198</ei-ms-id>
      <id>23290</id>
      <intensity>87.0</intensity>
      <mass-charge>89.0</mass-charge>
    </ei-ms-peak>
    <ei-ms-peak>
      <ei-ms-id>198</ei-ms-id>
      <id>23291</id>
      <intensity>38.0</intensity>
      <mass-charge>90.0</mass-charge>
    </ei-ms-peak>
    <ei-ms-peak>
      <ei-ms-id>198</ei-ms-id>
      <id>23292</id>
      <intensity>558.0</intensity>
      <mass-charge>91.0</mass-charge>
    </ei-ms-peak>
    <ei-ms-peak>
      <ei-ms-id>198</ei-ms-id>
      <id>23293</id>
      <intensity>123.0</intensity>
      <mass-charge>92.0</mass-charge>
    </ei-ms-peak>
    <ei-ms-peak>
      <ei-ms-id>198</ei-ms-id>
      <id>23294</id>
      <intensity>25.0</intensity>
      <mass-charge>93.0</mass-charge>
    </ei-ms-peak>
    <ei-ms-peak>
      <ei-ms-id>198</ei-ms-id>
      <id>23295</id>
      <intensity>12.0</intensity>
      <mass-charge>102.0</mass-charge>
    </ei-ms-peak>
    <ei-ms-peak>
      <ei-ms-id>198</ei-ms-id>
      <id>23296</id>
      <intensity>53.0</intensity>
      <mass-charge>103.0</mass-charge>
    </ei-ms-peak>
    <ei-ms-peak>
      <ei-ms-id>198</ei-ms-id>
      <id>23297</id>
      <intensity>16.0</intensity>
      <mass-charge>104.0</mass-charge>
    </ei-ms-peak>
    <ei-ms-peak>
      <ei-ms-id>198</ei-ms-id>
      <id>23298</id>
      <intensity>60.0</intensity>
      <mass-charge>115.0</mass-charge>
    </ei-ms-peak>
    <ei-ms-peak>
      <ei-ms-id>198</ei-ms-id>
      <id>23299</id>
      <intensity>20.0</intensity>
      <mass-charge>116.0</mass-charge>
    </ei-ms-peak>
    <ei-ms-peak>
      <ei-ms-id>198</ei-ms-id>
      <id>23300</id>
      <intensity>62.0</intensity>
      <mass-charge>117.0</mass-charge>
    </ei-ms-peak>
    <ei-ms-peak>
      <ei-ms-id>198</ei-ms-id>
      <id>23301</id>
      <intensity>53.0</intensity>
      <mass-charge>118.0</mass-charge>
    </ei-ms-peak>
    <ei-ms-peak>
      <ei-ms-id>198</ei-ms-id>
      <id>23302</id>
      <intensity>18.0</intensity>
      <mass-charge>119.0</mass-charge>
    </ei-ms-peak>
    <ei-ms-peak>
      <ei-ms-id>198</ei-ms-id>
      <id>23303</id>
      <intensity>74.0</intensity>
      <mass-charge>120.0</mass-charge>
    </ei-ms-peak>
    <ei-ms-peak>
      <ei-ms-id>198</ei-ms-id>
      <id>23304</id>
      <intensity>6.0</intensity>
      <mass-charge>121.0</mass-charge>
    </ei-ms-peak>
    <ei-ms-peak>
      <ei-ms-id>198</ei-ms-id>
      <id>23305</id>
      <intensity>6.0</intensity>
      <mass-charge>130.0</mass-charge>
    </ei-ms-peak>
    <ei-ms-peak>
      <ei-ms-id>198</ei-ms-id>
      <id>23306</id>
      <intensity>7.0</intensity>
      <mass-charge>133.0</mass-charge>
    </ei-ms-peak>
    <ei-ms-peak>
      <ei-ms-id>198</ei-ms-id>
      <id>23307</id>
      <intensity>16.0</intensity>
      <mass-charge>134.0</mass-charge>
    </ei-ms-peak>
  </ei-ms-peaks>
</ei-ms>
