<?xml version="1.0" encoding="UTF-8"?>
<ei-ms>
  <collection-date nil="true"/>
  <created-at>2014-09-20T16:21:42Z</created-at>
  <database-id>HMDB33956</database-id>
  <id>173</id>
  <inchi-key>OEBRKCOSUFCWJD-UHFFFAOYSA-N</inchi-key>
  <instrument-type nil="true"/>
  <molecule-id nil="true"/>
  <notes nil="true"/>
  <peak-counter>126</peak-counter>
  <sample-assessment nil="true"/>
  <sample-concentration nil="true"/>
  <sample-concentration-units nil="true"/>
  <sample-mass nil="true"/>
  <sample-mass-units nil="true"/>
  <sample-source nil="true"/>
  <solvent nil="true"/>
  <spectra-assessment nil="true"/>
  <updated-at>2014-09-20T16:21:42Z</updated-at>
  <references>
    <reference>
      <database>NIST</database>
      <database-id>62-73-7</database-id>
      <id>15045</id>
      <pubmed-id nil="true"/>
      <ref-text>NIST Mass Spec Data Center, S.E. Stein, director, "Mass Spectra" in NIST Chemistry WebBook, NIST Standard Reference Database Number 69, Eds. P.J. Linstrom and W.G. Mallard, National Institute of Standards and Technology, Gaithersburg MD, 20899, http://webbook.nist.gov, (retrieved September 6, 2014).</ref-text>
      <spectra-id>173</spectra-id>
      <spectra-type>EiMs</spectra-type>
    </reference>
  </references>
  <ei-ms-peaks>
    <ei-ms-peak>
      <ei-ms-id>173</ei-ms-id>
      <id>20262</id>
      <intensity>3.0</intensity>
      <mass-charge>11.0</mass-charge>
    </ei-ms-peak>
    <ei-ms-peak>
      <ei-ms-id>173</ei-ms-id>
      <id>20263</id>
      <intensity>16.0</intensity>
      <mass-charge>12.0</mass-charge>
    </ei-ms-peak>
    <ei-ms-peak>
      <ei-ms-id>173</ei-ms-id>
      <id>20264</id>
      <intensity>34.0</intensity>
      <mass-charge>13.0</mass-charge>
    </ei-ms-peak>
    <ei-ms-peak>
      <ei-ms-id>173</ei-ms-id>
      <id>20265</id>
      <intensity>156.0</intensity>
      <mass-charge>14.0</mass-charge>
    </ei-ms-peak>
    <ei-ms-peak>
      <ei-ms-id>173</ei-ms-id>
      <id>20266</id>
      <intensity>2804.0</intensity>
      <mass-charge>15.0</mass-charge>
    </ei-ms-peak>
    <ei-ms-peak>
      <ei-ms-id>173</ei-ms-id>
      <id>20267</id>
      <intensity>22.0</intensity>
      <mass-charge>16.0</mass-charge>
    </ei-ms-peak>
    <ei-ms-peak>
      <ei-ms-id>173</ei-ms-id>
      <id>20268</id>
      <intensity>2.0</intensity>
      <mass-charge>17.0</mass-charge>
    </ei-ms-peak>
    <ei-ms-peak>
      <ei-ms-id>173</ei-ms-id>
      <id>20269</id>
      <intensity>32.0</intensity>
      <mass-charge>18.0</mass-charge>
    </ei-ms-peak>
    <ei-ms-peak>
      <ei-ms-id>173</ei-ms-id>
      <id>20270</id>
      <intensity>8.0</intensity>
      <mass-charge>24.0</mass-charge>
    </ei-ms-peak>
    <ei-ms-peak>
      <ei-ms-id>173</ei-ms-id>
      <id>20271</id>
      <intensity>54.0</intensity>
      <mass-charge>25.0</mass-charge>
    </ei-ms-peak>
    <ei-ms-peak>
      <ei-ms-id>173</ei-ms-id>
      <id>20272</id>
      <intensity>34.0</intensity>
      <mass-charge>26.0</mass-charge>
    </ei-ms-peak>
    <ei-ms-peak>
      <ei-ms-id>173</ei-ms-id>
      <id>20273</id>
      <intensity>47.0</intensity>
      <mass-charge>27.0</mass-charge>
    </ei-ms-peak>
    <ei-ms-peak>
      <ei-ms-id>173</ei-ms-id>
      <id>20274</id>
      <intensity>109.0</intensity>
      <mass-charge>28.0</mass-charge>
    </ei-ms-peak>
    <ei-ms-peak>
      <ei-ms-id>173</ei-ms-id>
      <id>20275</id>
      <intensity>773.0</intensity>
      <mass-charge>29.0</mass-charge>
    </ei-ms-peak>
    <ei-ms-peak>
      <ei-ms-id>173</ei-ms-id>
      <id>20276</id>
      <intensity>117.0</intensity>
      <mass-charge>30.0</mass-charge>
    </ei-ms-peak>
    <ei-ms-peak>
      <ei-ms-id>173</ei-ms-id>
      <id>20277</id>
      <intensity>526.0</intensity>
      <mass-charge>31.0</mass-charge>
    </ei-ms-peak>
    <ei-ms-peak>
      <ei-ms-id>173</ei-ms-id>
      <id>20278</id>
      <intensity>19.0</intensity>
      <mass-charge>32.0</mass-charge>
    </ei-ms-peak>
    <ei-ms-peak>
      <ei-ms-id>173</ei-ms-id>
      <id>20279</id>
      <intensity>19.0</intensity>
      <mass-charge>33.0</mass-charge>
    </ei-ms-peak>
    <ei-ms-peak>
      <ei-ms-id>173</ei-ms-id>
      <id>20280</id>
      <intensity>41.0</intensity>
      <mass-charge>35.0</mass-charge>
    </ei-ms-peak>
    <ei-ms-peak>
      <ei-ms-id>173</ei-ms-id>
      <id>20281</id>
      <intensity>34.0</intensity>
      <mass-charge>36.0</mass-charge>
    </ei-ms-peak>
    <ei-ms-peak>
      <ei-ms-id>173</ei-ms-id>
      <id>20282</id>
      <intensity>15.0</intensity>
      <mass-charge>37.0</mass-charge>
    </ei-ms-peak>
    <ei-ms-peak>
      <ei-ms-id>173</ei-ms-id>
      <id>20283</id>
      <intensity>12.0</intensity>
      <mass-charge>38.0</mass-charge>
    </ei-ms-peak>
    <ei-ms-peak>
      <ei-ms-id>173</ei-ms-id>
      <id>20284</id>
      <intensity>8.0</intensity>
      <mass-charge>39.0</mass-charge>
    </ei-ms-peak>
    <ei-ms-peak>
      <ei-ms-id>173</ei-ms-id>
      <id>20285</id>
      <intensity>5.0</intensity>
      <mass-charge>40.0</mass-charge>
    </ei-ms-peak>
    <ei-ms-peak>
      <ei-ms-id>173</ei-ms-id>
      <id>20286</id>
      <intensity>23.0</intensity>
      <mass-charge>41.0</mass-charge>
    </ei-ms-peak>
    <ei-ms-peak>
      <ei-ms-id>173</ei-ms-id>
      <id>20287</id>
      <intensity>8.0</intensity>
      <mass-charge>42.0</mass-charge>
    </ei-ms-peak>
    <ei-ms-peak>
      <ei-ms-id>173</ei-ms-id>
      <id>20288</id>
      <intensity>8.0</intensity>
      <mass-charge>43.0</mass-charge>
    </ei-ms-peak>
    <ei-ms-peak>
      <ei-ms-id>173</ei-ms-id>
      <id>20289</id>
      <intensity>46.0</intensity>
      <mass-charge>45.0</mass-charge>
    </ei-ms-peak>
    <ei-ms-peak>
      <ei-ms-id>173</ei-ms-id>
      <id>20290</id>
      <intensity>1577.0</intensity>
      <mass-charge>47.0</mass-charge>
    </ei-ms-peak>
    <ei-ms-peak>
      <ei-ms-id>173</ei-ms-id>
      <id>20291</id>
      <intensity>433.0</intensity>
      <mass-charge>48.0</mass-charge>
    </ei-ms-peak>
    <ei-ms-peak>
      <ei-ms-id>173</ei-ms-id>
      <id>20292</id>
      <intensity>285.0</intensity>
      <mass-charge>49.0</mass-charge>
    </ei-ms-peak>
    <ei-ms-peak>
      <ei-ms-id>173</ei-ms-id>
      <id>20293</id>
      <intensity>124.0</intensity>
      <mass-charge>50.0</mass-charge>
    </ei-ms-peak>
    <ei-ms-peak>
      <ei-ms-id>173</ei-ms-id>
      <id>20294</id>
      <intensity>28.0</intensity>
      <mass-charge>51.0</mass-charge>
    </ei-ms-peak>
    <ei-ms-peak>
      <ei-ms-id>173</ei-ms-id>
      <id>20295</id>
      <intensity>3.0</intensity>
      <mass-charge>52.0</mass-charge>
    </ei-ms-peak>
    <ei-ms-peak>
      <ei-ms-id>173</ei-ms-id>
      <id>20296</id>
      <intensity>4.0</intensity>
      <mass-charge>53.0</mass-charge>
    </ei-ms-peak>
    <ei-ms-peak>
      <ei-ms-id>173</ei-ms-id>
      <id>20297</id>
      <intensity>4.0</intensity>
      <mass-charge>54.0</mass-charge>
    </ei-ms-peak>
    <ei-ms-peak>
      <ei-ms-id>173</ei-ms-id>
      <id>20298</id>
      <intensity>45.0</intensity>
      <mass-charge>55.0</mass-charge>
    </ei-ms-peak>
    <ei-ms-peak>
      <ei-ms-id>173</ei-ms-id>
      <id>20299</id>
      <intensity>39.0</intensity>
      <mass-charge>59.0</mass-charge>
    </ei-ms-peak>
    <ei-ms-peak>
      <ei-ms-id>173</ei-ms-id>
      <id>20300</id>
      <intensity>359.0</intensity>
      <mass-charge>60.0</mass-charge>
    </ei-ms-peak>
    <ei-ms-peak>
      <ei-ms-id>173</ei-ms-id>
      <id>20301</id>
      <intensity>51.0</intensity>
      <mass-charge>61.0</mass-charge>
    </ei-ms-peak>
    <ei-ms-peak>
      <ei-ms-id>173</ei-ms-id>
      <id>20302</id>
      <intensity>153.0</intensity>
      <mass-charge>62.0</mass-charge>
    </ei-ms-peak>
    <ei-ms-peak>
      <ei-ms-id>173</ei-ms-id>
      <id>20303</id>
      <intensity>137.0</intensity>
      <mass-charge>63.0</mass-charge>
    </ei-ms-peak>
    <ei-ms-peak>
      <ei-ms-id>173</ei-ms-id>
      <id>20304</id>
      <intensity>44.0</intensity>
      <mass-charge>64.0</mass-charge>
    </ei-ms-peak>
    <ei-ms-peak>
      <ei-ms-id>173</ei-ms-id>
      <id>20305</id>
      <intensity>140.0</intensity>
      <mass-charge>65.0</mass-charge>
    </ei-ms-peak>
    <ei-ms-peak>
      <ei-ms-id>173</ei-ms-id>
      <id>20306</id>
      <intensity>42.0</intensity>
      <mass-charge>66.0</mass-charge>
    </ei-ms-peak>
    <ei-ms-peak>
      <ei-ms-id>173</ei-ms-id>
      <id>20307</id>
      <intensity>10.0</intensity>
      <mass-charge>67.0</mass-charge>
    </ei-ms-peak>
    <ei-ms-peak>
      <ei-ms-id>173</ei-ms-id>
      <id>20308</id>
      <intensity>3.0</intensity>
      <mass-charge>68.0</mass-charge>
    </ei-ms-peak>
    <ei-ms-peak>
      <ei-ms-id>173</ei-ms-id>
      <id>20309</id>
      <intensity>3.0</intensity>
      <mass-charge>69.0</mass-charge>
    </ei-ms-peak>
    <ei-ms-peak>
      <ei-ms-id>173</ei-ms-id>
      <id>20310</id>
      <intensity>5.0</intensity>
      <mass-charge>71.0</mass-charge>
    </ei-ms-peak>
    <ei-ms-peak>
      <ei-ms-id>173</ei-ms-id>
      <id>20311</id>
      <intensity>3.0</intensity>
      <mass-charge>72.0</mass-charge>
    </ei-ms-peak>
    <ei-ms-peak>
      <ei-ms-id>173</ei-ms-id>
      <id>20312</id>
      <intensity>10.0</intensity>
      <mass-charge>73.0</mass-charge>
    </ei-ms-peak>
    <ei-ms-peak>
      <ei-ms-id>173</ei-ms-id>
      <id>20313</id>
      <intensity>347.0</intensity>
      <mass-charge>76.0</mass-charge>
    </ei-ms-peak>
    <ei-ms-peak>
      <ei-ms-id>173</ei-ms-id>
      <id>20314</id>
      <intensity>110.0</intensity>
      <mass-charge>77.0</mass-charge>
    </ei-ms-peak>
    <ei-ms-peak>
      <ei-ms-id>173</ei-ms-id>
      <id>20315</id>
      <intensity>241.0</intensity>
      <mass-charge>78.0</mass-charge>
    </ei-ms-peak>
    <ei-ms-peak>
      <ei-ms-id>173</ei-ms-id>
      <id>20316</id>
      <intensity>2697.0</intensity>
      <mass-charge>79.0</mass-charge>
    </ei-ms-peak>
    <ei-ms-peak>
      <ei-ms-id>173</ei-ms-id>
      <id>20317</id>
      <intensity>78.0</intensity>
      <mass-charge>80.0</mass-charge>
    </ei-ms-peak>
    <ei-ms-peak>
      <ei-ms-id>173</ei-ms-id>
      <id>20318</id>
      <intensity>78.0</intensity>
      <mass-charge>81.0</mass-charge>
    </ei-ms-peak>
    <ei-ms-peak>
      <ei-ms-id>173</ei-ms-id>
      <id>20319</id>
      <intensity>193.0</intensity>
      <mass-charge>82.0</mass-charge>
    </ei-ms-peak>
    <ei-ms-peak>
      <ei-ms-id>173</ei-ms-id>
      <id>20320</id>
      <intensity>564.0</intensity>
      <mass-charge>83.0</mass-charge>
    </ei-ms-peak>
    <ei-ms-peak>
      <ei-ms-id>173</ei-ms-id>
      <id>20321</id>
      <intensity>125.0</intensity>
      <mass-charge>84.0</mass-charge>
    </ei-ms-peak>
    <ei-ms-peak>
      <ei-ms-id>173</ei-ms-id>
      <id>20322</id>
      <intensity>346.0</intensity>
      <mass-charge>85.0</mass-charge>
    </ei-ms-peak>
    <ei-ms-peak>
      <ei-ms-id>173</ei-ms-id>
      <id>20323</id>
      <intensity>25.0</intensity>
      <mass-charge>86.0</mass-charge>
    </ei-ms-peak>
    <ei-ms-peak>
      <ei-ms-id>173</ei-ms-id>
      <id>20324</id>
      <intensity>53.0</intensity>
      <mass-charge>87.0</mass-charge>
    </ei-ms-peak>
    <ei-ms-peak>
      <ei-ms-id>173</ei-ms-id>
      <id>20325</id>
      <intensity>8.0</intensity>
      <mass-charge>89.0</mass-charge>
    </ei-ms-peak>
    <ei-ms-peak>
      <ei-ms-id>173</ei-ms-id>
      <id>20326</id>
      <intensity>19.0</intensity>
      <mass-charge>91.0</mass-charge>
    </ei-ms-peak>
    <ei-ms-peak>
      <ei-ms-id>173</ei-ms-id>
      <id>20327</id>
      <intensity>428.0</intensity>
      <mass-charge>93.0</mass-charge>
    </ei-ms-peak>
    <ei-ms-peak>
      <ei-ms-id>173</ei-ms-id>
      <id>20328</id>
      <intensity>33.0</intensity>
      <mass-charge>94.0</mass-charge>
    </ei-ms-peak>
    <ei-ms-peak>
      <ei-ms-id>173</ei-ms-id>
      <id>20329</id>
      <intensity>257.0</intensity>
      <mass-charge>95.0</mass-charge>
    </ei-ms-peak>
    <ei-ms-peak>
      <ei-ms-id>173</ei-ms-id>
      <id>20330</id>
      <intensity>102.0</intensity>
      <mass-charge>96.0</mass-charge>
    </ei-ms-peak>
    <ei-ms-peak>
      <ei-ms-id>173</ei-ms-id>
      <id>20331</id>
      <intensity>347.0</intensity>
      <mass-charge>97.0</mass-charge>
    </ei-ms-peak>
    <ei-ms-peak>
      <ei-ms-id>173</ei-ms-id>
      <id>20332</id>
      <intensity>22.0</intensity>
      <mass-charge>98.0</mass-charge>
    </ei-ms-peak>
    <ei-ms-peak>
      <ei-ms-id>173</ei-ms-id>
      <id>20333</id>
      <intensity>120.0</intensity>
      <mass-charge>99.0</mass-charge>
    </ei-ms-peak>
    <ei-ms-peak>
      <ei-ms-id>173</ei-ms-id>
      <id>20334</id>
      <intensity>14.0</intensity>
      <mass-charge>101.0</mass-charge>
    </ei-ms-peak>
    <ei-ms-peak>
      <ei-ms-id>173</ei-ms-id>
      <id>20335</id>
      <intensity>6.0</intensity>
      <mass-charge>102.0</mass-charge>
    </ei-ms-peak>
    <ei-ms-peak>
      <ei-ms-id>173</ei-ms-id>
      <id>20336</id>
      <intensity>4.0</intensity>
      <mass-charge>103.0</mass-charge>
    </ei-ms-peak>
    <ei-ms-peak>
      <ei-ms-id>173</ei-ms-id>
      <id>20337</id>
      <intensity>4.0</intensity>
      <mass-charge>105.0</mass-charge>
    </ei-ms-peak>
    <ei-ms-peak>
      <ei-ms-id>173</ei-ms-id>
      <id>20338</id>
      <intensity>9999.0</intensity>
      <mass-charge>109.0</mass-charge>
    </ei-ms-peak>
    <ei-ms-peak>
      <ei-ms-id>173</ei-ms-id>
      <id>20339</id>
      <intensity>325.0</intensity>
      <mass-charge>110.0</mass-charge>
    </ei-ms-peak>
    <ei-ms-peak>
      <ei-ms-id>173</ei-ms-id>
      <id>20340</id>
      <intensity>244.0</intensity>
      <mass-charge>111.0</mass-charge>
    </ei-ms-peak>
    <ei-ms-peak>
      <ei-ms-id>173</ei-ms-id>
      <id>20341</id>
      <intensity>94.0</intensity>
      <mass-charge>112.0</mass-charge>
    </ei-ms-peak>
    <ei-ms-peak>
      <ei-ms-id>173</ei-ms-id>
      <id>20342</id>
      <intensity>374.0</intensity>
      <mass-charge>113.0</mass-charge>
    </ei-ms-peak>
    <ei-ms-peak>
      <ei-ms-id>173</ei-ms-id>
      <id>20343</id>
      <intensity>48.0</intensity>
      <mass-charge>114.0</mass-charge>
    </ei-ms-peak>
    <ei-ms-peak>
      <ei-ms-id>173</ei-ms-id>
      <id>20344</id>
      <intensity>89.0</intensity>
      <mass-charge>115.0</mass-charge>
    </ei-ms-peak>
    <ei-ms-peak>
      <ei-ms-id>173</ei-ms-id>
      <id>20345</id>
      <intensity>10.0</intensity>
      <mass-charge>116.0</mass-charge>
    </ei-ms-peak>
    <ei-ms-peak>
      <ei-ms-id>173</ei-ms-id>
      <id>20346</id>
      <intensity>4.0</intensity>
      <mass-charge>118.0</mass-charge>
    </ei-ms-peak>
    <ei-ms-peak>
      <ei-ms-id>173</ei-ms-id>
      <id>20347</id>
      <intensity>6.0</intensity>
      <mass-charge>119.0</mass-charge>
    </ei-ms-peak>
    <ei-ms-peak>
      <ei-ms-id>173</ei-ms-id>
      <id>20348</id>
      <intensity>3.0</intensity>
      <mass-charge>122.0</mass-charge>
    </ei-ms-peak>
    <ei-ms-peak>
      <ei-ms-id>173</ei-ms-id>
      <id>20349</id>
      <intensity>13.0</intensity>
      <mass-charge>123.0</mass-charge>
    </ei-ms-peak>
    <ei-ms-peak>
      <ei-ms-id>173</ei-ms-id>
      <id>20350</id>
      <intensity>12.0</intensity>
      <mass-charge>125.0</mass-charge>
    </ei-ms-peak>
    <ei-ms-peak>
      <ei-ms-id>173</ei-ms-id>
      <id>20351</id>
      <intensity>34.0</intensity>
      <mass-charge>126.0</mass-charge>
    </ei-ms-peak>
    <ei-ms-peak>
      <ei-ms-id>173</ei-ms-id>
      <id>20352</id>
      <intensity>8.0</intensity>
      <mass-charge>127.0</mass-charge>
    </ei-ms-peak>
    <ei-ms-peak>
      <ei-ms-id>173</ei-ms-id>
      <id>20353</id>
      <intensity>67.0</intensity>
      <mass-charge>128.0</mass-charge>
    </ei-ms-peak>
    <ei-ms-peak>
      <ei-ms-id>173</ei-ms-id>
      <id>20354</id>
      <intensity>23.0</intensity>
      <mass-charge>130.0</mass-charge>
    </ei-ms-peak>
    <ei-ms-peak>
      <ei-ms-id>173</ei-ms-id>
      <id>20355</id>
      <intensity>10.0</intensity>
      <mass-charge>131.0</mass-charge>
    </ei-ms-peak>
    <ei-ms-peak>
      <ei-ms-id>173</ei-ms-id>
      <id>20356</id>
      <intensity>3.0</intensity>
      <mass-charge>140.0</mass-charge>
    </ei-ms-peak>
    <ei-ms-peak>
      <ei-ms-id>173</ei-ms-id>
      <id>20357</id>
      <intensity>4.0</intensity>
      <mass-charge>143.0</mass-charge>
    </ei-ms-peak>
    <ei-ms-peak>
      <ei-ms-id>173</ei-ms-id>
      <id>20358</id>
      <intensity>810.0</intensity>
      <mass-charge>145.0</mass-charge>
    </ei-ms-peak>
    <ei-ms-peak>
      <ei-ms-id>173</ei-ms-id>
      <id>20359</id>
      <intensity>34.0</intensity>
      <mass-charge>146.0</mass-charge>
    </ei-ms-peak>
    <ei-ms-peak>
      <ei-ms-id>173</ei-ms-id>
      <id>20360</id>
      <intensity>266.0</intensity>
      <mass-charge>147.0</mass-charge>
    </ei-ms-peak>
    <ei-ms-peak>
      <ei-ms-id>173</ei-ms-id>
      <id>20361</id>
      <intensity>8.0</intensity>
      <mass-charge>148.0</mass-charge>
    </ei-ms-peak>
    <ei-ms-peak>
      <ei-ms-id>173</ei-ms-id>
      <id>20362</id>
      <intensity>7.0</intensity>
      <mass-charge>149.0</mass-charge>
    </ei-ms-peak>
    <ei-ms-peak>
      <ei-ms-id>173</ei-ms-id>
      <id>20363</id>
      <intensity>10.0</intensity>
      <mass-charge>155.0</mass-charge>
    </ei-ms-peak>
    <ei-ms-peak>
      <ei-ms-id>173</ei-ms-id>
      <id>20364</id>
      <intensity>5.0</intensity>
      <mass-charge>157.0</mass-charge>
    </ei-ms-peak>
    <ei-ms-peak>
      <ei-ms-id>173</ei-ms-id>
      <id>20365</id>
      <intensity>6.0</intensity>
      <mass-charge>169.0</mass-charge>
    </ei-ms-peak>
    <ei-ms-peak>
      <ei-ms-id>173</ei-ms-id>
      <id>20366</id>
      <intensity>9.0</intensity>
      <mass-charge>170.0</mass-charge>
    </ei-ms-peak>
    <ei-ms-peak>
      <ei-ms-id>173</ei-ms-id>
      <id>20367</id>
      <intensity>4.0</intensity>
      <mass-charge>171.0</mass-charge>
    </ei-ms-peak>
    <ei-ms-peak>
      <ei-ms-id>173</ei-ms-id>
      <id>20368</id>
      <intensity>3.0</intensity>
      <mass-charge>173.0</mass-charge>
    </ei-ms-peak>
    <ei-ms-peak>
      <ei-ms-id>173</ei-ms-id>
      <id>20369</id>
      <intensity>27.0</intensity>
      <mass-charge>174.0</mass-charge>
    </ei-ms-peak>
    <ei-ms-peak>
      <ei-ms-id>173</ei-ms-id>
      <id>20370</id>
      <intensity>19.0</intensity>
      <mass-charge>176.0</mass-charge>
    </ei-ms-peak>
    <ei-ms-peak>
      <ei-ms-id>173</ei-ms-id>
      <id>20371</id>
      <intensity>2.0</intensity>
      <mass-charge>178.0</mass-charge>
    </ei-ms-peak>
    <ei-ms-peak>
      <ei-ms-id>173</ei-ms-id>
      <id>20372</id>
      <intensity>2791.0</intensity>
      <mass-charge>185.0</mass-charge>
    </ei-ms-peak>
    <ei-ms-peak>
      <ei-ms-id>173</ei-ms-id>
      <id>20373</id>
      <intensity>174.0</intensity>
      <mass-charge>186.0</mass-charge>
    </ei-ms-peak>
    <ei-ms-peak>
      <ei-ms-id>173</ei-ms-id>
      <id>20374</id>
      <intensity>900.0</intensity>
      <mass-charge>187.0</mass-charge>
    </ei-ms-peak>
    <ei-ms-peak>
      <ei-ms-id>173</ei-ms-id>
      <id>20375</id>
      <intensity>49.0</intensity>
      <mass-charge>188.0</mass-charge>
    </ei-ms-peak>
    <ei-ms-peak>
      <ei-ms-id>173</ei-ms-id>
      <id>20376</id>
      <intensity>18.0</intensity>
      <mass-charge>189.0</mass-charge>
    </ei-ms-peak>
    <ei-ms-peak>
      <ei-ms-id>173</ei-ms-id>
      <id>20377</id>
      <intensity>15.0</intensity>
      <mass-charge>191.0</mass-charge>
    </ei-ms-peak>
    <ei-ms-peak>
      <ei-ms-id>173</ei-ms-id>
      <id>20378</id>
      <intensity>46.0</intensity>
      <mass-charge>192.0</mass-charge>
    </ei-ms-peak>
    <ei-ms-peak>
      <ei-ms-id>173</ei-ms-id>
      <id>20379</id>
      <intensity>10.0</intensity>
      <mass-charge>193.0</mass-charge>
    </ei-ms-peak>
    <ei-ms-peak>
      <ei-ms-id>173</ei-ms-id>
      <id>20380</id>
      <intensity>39.0</intensity>
      <mass-charge>194.0</mass-charge>
    </ei-ms-peak>
    <ei-ms-peak>
      <ei-ms-id>173</ei-ms-id>
      <id>20381</id>
      <intensity>3.0</intensity>
      <mass-charge>195.0</mass-charge>
    </ei-ms-peak>
    <ei-ms-peak>
      <ei-ms-id>173</ei-ms-id>
      <id>20382</id>
      <intensity>6.0</intensity>
      <mass-charge>196.0</mass-charge>
    </ei-ms-peak>
    <ei-ms-peak>
      <ei-ms-id>173</ei-ms-id>
      <id>20383</id>
      <intensity>4.0</intensity>
      <mass-charge>204.0</mass-charge>
    </ei-ms-peak>
    <ei-ms-peak>
      <ei-ms-id>173</ei-ms-id>
      <id>20384</id>
      <intensity>522.0</intensity>
      <mass-charge>220.0</mass-charge>
    </ei-ms-peak>
    <ei-ms-peak>
      <ei-ms-id>173</ei-ms-id>
      <id>20385</id>
      <intensity>345.0</intensity>
      <mass-charge>222.0</mass-charge>
    </ei-ms-peak>
    <ei-ms-peak>
      <ei-ms-id>173</ei-ms-id>
      <id>20386</id>
      <intensity>22.0</intensity>
      <mass-charge>223.0</mass-charge>
    </ei-ms-peak>
    <ei-ms-peak>
      <ei-ms-id>173</ei-ms-id>
      <id>20387</id>
      <intensity>57.0</intensity>
      <mass-charge>224.0</mass-charge>
    </ei-ms-peak>
  </ei-ms-peaks>
</ei-ms>
