<?xml version="1.0" encoding="UTF-8"?>
<ei-ms>
  <collection-date nil="true"/>
  <created-at>2014-09-20T16:27:35Z</created-at>
  <database-id>HMDB05037</database-id>
  <id>417</id>
  <inchi-key>KQKPFRSPSRPDEB-UHFFFAOYSA-N</inchi-key>
  <instrument-type nil="true"/>
  <molecule-id nil="true"/>
  <notes nil="true"/>
  <peak-counter>149</peak-counter>
  <sample-assessment nil="true"/>
  <sample-concentration nil="true"/>
  <sample-concentration-units nil="true"/>
  <sample-mass nil="true"/>
  <sample-mass-units nil="true"/>
  <sample-source nil="true"/>
  <solvent nil="true"/>
  <spectra-assessment nil="true"/>
  <updated-at>2014-09-20T16:27:35Z</updated-at>
  <references>
    <reference>
      <database>NIST</database>
      <database-id>103628-46-2</database-id>
      <id>15289</id>
      <pubmed-id nil="true"/>
      <ref-text>NIST Mass Spec Data Center, S.E. Stein, director, "Mass Spectra" in NIST Chemistry WebBook, NIST Standard Reference Database Number 69, Eds. P.J. Linstrom and W.G. Mallard, National Institute of Standards and Technology, Gaithersburg MD, 20899, http://webbook.nist.gov, (retrieved September 6, 2014).</ref-text>
      <spectra-id>417</spectra-id>
      <spectra-type>EiMs</spectra-type>
    </reference>
  </references>
  <ei-ms-peaks>
    <ei-ms-peak>
      <ei-ms-id>417</ei-ms-id>
      <id>46465</id>
      <intensity>10.0</intensity>
      <mass-charge>35.0</mass-charge>
    </ei-ms-peak>
    <ei-ms-peak>
      <ei-ms-id>417</ei-ms-id>
      <id>46466</id>
      <intensity>10.0</intensity>
      <mass-charge>36.0</mass-charge>
    </ei-ms-peak>
    <ei-ms-peak>
      <ei-ms-id>417</ei-ms-id>
      <id>46467</id>
      <intensity>10.0</intensity>
      <mass-charge>37.0</mass-charge>
    </ei-ms-peak>
    <ei-ms-peak>
      <ei-ms-id>417</ei-ms-id>
      <id>46468</id>
      <intensity>10.0</intensity>
      <mass-charge>38.0</mass-charge>
    </ei-ms-peak>
    <ei-ms-peak>
      <ei-ms-id>417</ei-ms-id>
      <id>46469</id>
      <intensity>30.0</intensity>
      <mass-charge>39.0</mass-charge>
    </ei-ms-peak>
    <ei-ms-peak>
      <ei-ms-id>417</ei-ms-id>
      <id>46470</id>
      <intensity>10.0</intensity>
      <mass-charge>40.0</mass-charge>
    </ei-ms-peak>
    <ei-ms-peak>
      <ei-ms-id>417</ei-ms-id>
      <id>46471</id>
      <intensity>20.0</intensity>
      <mass-charge>41.0</mass-charge>
    </ei-ms-peak>
    <ei-ms-peak>
      <ei-ms-id>417</ei-ms-id>
      <id>46472</id>
      <intensity>300.0</intensity>
      <mass-charge>42.0</mass-charge>
    </ei-ms-peak>
    <ei-ms-peak>
      <ei-ms-id>417</ei-ms-id>
      <id>46473</id>
      <intensity>70.0</intensity>
      <mass-charge>43.0</mass-charge>
    </ei-ms-peak>
    <ei-ms-peak>
      <ei-ms-id>417</ei-ms-id>
      <id>46474</id>
      <intensity>20.0</intensity>
      <mass-charge>44.0</mass-charge>
    </ei-ms-peak>
    <ei-ms-peak>
      <ei-ms-id>417</ei-ms-id>
      <id>46475</id>
      <intensity>10.0</intensity>
      <mass-charge>45.0</mass-charge>
    </ei-ms-peak>
    <ei-ms-peak>
      <ei-ms-id>417</ei-ms-id>
      <id>46476</id>
      <intensity>10.0</intensity>
      <mass-charge>46.0</mass-charge>
    </ei-ms-peak>
    <ei-ms-peak>
      <ei-ms-id>417</ei-ms-id>
      <id>46477</id>
      <intensity>10.0</intensity>
      <mass-charge>47.0</mass-charge>
    </ei-ms-peak>
    <ei-ms-peak>
      <ei-ms-id>417</ei-ms-id>
      <id>46478</id>
      <intensity>10.0</intensity>
      <mass-charge>48.0</mass-charge>
    </ei-ms-peak>
    <ei-ms-peak>
      <ei-ms-id>417</ei-ms-id>
      <id>46479</id>
      <intensity>10.0</intensity>
      <mass-charge>49.0</mass-charge>
    </ei-ms-peak>
    <ei-ms-peak>
      <ei-ms-id>417</ei-ms-id>
      <id>46480</id>
      <intensity>10.0</intensity>
      <mass-charge>50.0</mass-charge>
    </ei-ms-peak>
    <ei-ms-peak>
      <ei-ms-id>417</ei-ms-id>
      <id>46481</id>
      <intensity>40.0</intensity>
      <mass-charge>51.0</mass-charge>
    </ei-ms-peak>
    <ei-ms-peak>
      <ei-ms-id>417</ei-ms-id>
      <id>46482</id>
      <intensity>20.0</intensity>
      <mass-charge>52.0</mass-charge>
    </ei-ms-peak>
    <ei-ms-peak>
      <ei-ms-id>417</ei-ms-id>
      <id>46483</id>
      <intensity>10.0</intensity>
      <mass-charge>53.0</mass-charge>
    </ei-ms-peak>
    <ei-ms-peak>
      <ei-ms-id>417</ei-ms-id>
      <id>46484</id>
      <intensity>10.0</intensity>
      <mass-charge>54.0</mass-charge>
    </ei-ms-peak>
    <ei-ms-peak>
      <ei-ms-id>417</ei-ms-id>
      <id>46485</id>
      <intensity>10.0</intensity>
      <mass-charge>55.0</mass-charge>
    </ei-ms-peak>
    <ei-ms-peak>
      <ei-ms-id>417</ei-ms-id>
      <id>46486</id>
      <intensity>40.0</intensity>
      <mass-charge>56.0</mass-charge>
    </ei-ms-peak>
    <ei-ms-peak>
      <ei-ms-id>417</ei-ms-id>
      <id>46487</id>
      <intensity>9999.0</intensity>
      <mass-charge>58.0</mass-charge>
    </ei-ms-peak>
    <ei-ms-peak>
      <ei-ms-id>417</ei-ms-id>
      <id>46488</id>
      <intensity>380.0</intensity>
      <mass-charge>59.0</mass-charge>
    </ei-ms-peak>
    <ei-ms-peak>
      <ei-ms-id>417</ei-ms-id>
      <id>46489</id>
      <intensity>10.0</intensity>
      <mass-charge>60.0</mass-charge>
    </ei-ms-peak>
    <ei-ms-peak>
      <ei-ms-id>417</ei-ms-id>
      <id>46490</id>
      <intensity>10.0</intensity>
      <mass-charge>61.0</mass-charge>
    </ei-ms-peak>
    <ei-ms-peak>
      <ei-ms-id>417</ei-ms-id>
      <id>46491</id>
      <intensity>10.0</intensity>
      <mass-charge>62.0</mass-charge>
    </ei-ms-peak>
    <ei-ms-peak>
      <ei-ms-id>417</ei-ms-id>
      <id>46492</id>
      <intensity>60.0</intensity>
      <mass-charge>63.0</mass-charge>
    </ei-ms-peak>
    <ei-ms-peak>
      <ei-ms-id>417</ei-ms-id>
      <id>46493</id>
      <intensity>40.0</intensity>
      <mass-charge>64.0</mass-charge>
    </ei-ms-peak>
    <ei-ms-peak>
      <ei-ms-id>417</ei-ms-id>
      <id>46494</id>
      <intensity>40.0</intensity>
      <mass-charge>65.0</mass-charge>
    </ei-ms-peak>
    <ei-ms-peak>
      <ei-ms-id>417</ei-ms-id>
      <id>46495</id>
      <intensity>10.0</intensity>
      <mass-charge>66.0</mass-charge>
    </ei-ms-peak>
    <ei-ms-peak>
      <ei-ms-id>417</ei-ms-id>
      <id>46496</id>
      <intensity>10.0</intensity>
      <mass-charge>67.0</mass-charge>
    </ei-ms-peak>
    <ei-ms-peak>
      <ei-ms-id>417</ei-ms-id>
      <id>46497</id>
      <intensity>10.0</intensity>
      <mass-charge>68.0</mass-charge>
    </ei-ms-peak>
    <ei-ms-peak>
      <ei-ms-id>417</ei-ms-id>
      <id>46498</id>
      <intensity>10.0</intensity>
      <mass-charge>69.0</mass-charge>
    </ei-ms-peak>
    <ei-ms-peak>
      <ei-ms-id>417</ei-ms-id>
      <id>46499</id>
      <intensity>10.0</intensity>
      <mass-charge>70.0</mass-charge>
    </ei-ms-peak>
    <ei-ms-peak>
      <ei-ms-id>417</ei-ms-id>
      <id>46500</id>
      <intensity>10.0</intensity>
      <mass-charge>71.0</mass-charge>
    </ei-ms-peak>
    <ei-ms-peak>
      <ei-ms-id>417</ei-ms-id>
      <id>46501</id>
      <intensity>10.0</intensity>
      <mass-charge>73.0</mass-charge>
    </ei-ms-peak>
    <ei-ms-peak>
      <ei-ms-id>417</ei-ms-id>
      <id>46502</id>
      <intensity>10.0</intensity>
      <mass-charge>74.0</mass-charge>
    </ei-ms-peak>
    <ei-ms-peak>
      <ei-ms-id>417</ei-ms-id>
      <id>46503</id>
      <intensity>20.0</intensity>
      <mass-charge>75.0</mass-charge>
    </ei-ms-peak>
    <ei-ms-peak>
      <ei-ms-id>417</ei-ms-id>
      <id>46504</id>
      <intensity>30.0</intensity>
      <mass-charge>76.0</mass-charge>
    </ei-ms-peak>
    <ei-ms-peak>
      <ei-ms-id>417</ei-ms-id>
      <id>46505</id>
      <intensity>110.0</intensity>
      <mass-charge>77.0</mass-charge>
    </ei-ms-peak>
    <ei-ms-peak>
      <ei-ms-id>417</ei-ms-id>
      <id>46506</id>
      <intensity>40.0</intensity>
      <mass-charge>78.0</mass-charge>
    </ei-ms-peak>
    <ei-ms-peak>
      <ei-ms-id>417</ei-ms-id>
      <id>46507</id>
      <intensity>10.0</intensity>
      <mass-charge>79.0</mass-charge>
    </ei-ms-peak>
    <ei-ms-peak>
      <ei-ms-id>417</ei-ms-id>
      <id>46508</id>
      <intensity>10.0</intensity>
      <mass-charge>80.0</mass-charge>
    </ei-ms-peak>
    <ei-ms-peak>
      <ei-ms-id>417</ei-ms-id>
      <id>46509</id>
      <intensity>10.0</intensity>
      <mass-charge>81.0</mass-charge>
    </ei-ms-peak>
    <ei-ms-peak>
      <ei-ms-id>417</ei-ms-id>
      <id>46510</id>
      <intensity>10.0</intensity>
      <mass-charge>82.0</mass-charge>
    </ei-ms-peak>
    <ei-ms-peak>
      <ei-ms-id>417</ei-ms-id>
      <id>46511</id>
      <intensity>10.0</intensity>
      <mass-charge>83.0</mass-charge>
    </ei-ms-peak>
    <ei-ms-peak>
      <ei-ms-id>417</ei-ms-id>
      <id>46512</id>
      <intensity>10.0</intensity>
      <mass-charge>84.0</mass-charge>
    </ei-ms-peak>
    <ei-ms-peak>
      <ei-ms-id>417</ei-ms-id>
      <id>46513</id>
      <intensity>10.0</intensity>
      <mass-charge>85.0</mass-charge>
    </ei-ms-peak>
    <ei-ms-peak>
      <ei-ms-id>417</ei-ms-id>
      <id>46514</id>
      <intensity>10.0</intensity>
      <mass-charge>86.0</mass-charge>
    </ei-ms-peak>
    <ei-ms-peak>
      <ei-ms-id>417</ei-ms-id>
      <id>46515</id>
      <intensity>10.0</intensity>
      <mass-charge>87.0</mass-charge>
    </ei-ms-peak>
    <ei-ms-peak>
      <ei-ms-id>417</ei-ms-id>
      <id>46516</id>
      <intensity>20.0</intensity>
      <mass-charge>88.0</mass-charge>
    </ei-ms-peak>
    <ei-ms-peak>
      <ei-ms-id>417</ei-ms-id>
      <id>46517</id>
      <intensity>110.0</intensity>
      <mass-charge>89.0</mass-charge>
    </ei-ms-peak>
    <ei-ms-peak>
      <ei-ms-id>417</ei-ms-id>
      <id>46518</id>
      <intensity>40.0</intensity>
      <mass-charge>90.0</mass-charge>
    </ei-ms-peak>
    <ei-ms-peak>
      <ei-ms-id>417</ei-ms-id>
      <id>46519</id>
      <intensity>30.0</intensity>
      <mass-charge>91.0</mass-charge>
    </ei-ms-peak>
    <ei-ms-peak>
      <ei-ms-id>417</ei-ms-id>
      <id>46520</id>
      <intensity>10.0</intensity>
      <mass-charge>92.0</mass-charge>
    </ei-ms-peak>
    <ei-ms-peak>
      <ei-ms-id>417</ei-ms-id>
      <id>46521</id>
      <intensity>10.0</intensity>
      <mass-charge>93.0</mass-charge>
    </ei-ms-peak>
    <ei-ms-peak>
      <ei-ms-id>417</ei-ms-id>
      <id>46522</id>
      <intensity>30.0</intensity>
      <mass-charge>94.0</mass-charge>
    </ei-ms-peak>
    <ei-ms-peak>
      <ei-ms-id>417</ei-ms-id>
      <id>46523</id>
      <intensity>10.0</intensity>
      <mass-charge>95.0</mass-charge>
    </ei-ms-peak>
    <ei-ms-peak>
      <ei-ms-id>417</ei-ms-id>
      <id>46524</id>
      <intensity>10.0</intensity>
      <mass-charge>96.0</mass-charge>
    </ei-ms-peak>
    <ei-ms-peak>
      <ei-ms-id>417</ei-ms-id>
      <id>46525</id>
      <intensity>10.0</intensity>
      <mass-charge>97.0</mass-charge>
    </ei-ms-peak>
    <ei-ms-peak>
      <ei-ms-id>417</ei-ms-id>
      <id>46526</id>
      <intensity>10.0</intensity>
      <mass-charge>98.0</mass-charge>
    </ei-ms-peak>
    <ei-ms-peak>
      <ei-ms-id>417</ei-ms-id>
      <id>46527</id>
      <intensity>10.0</intensity>
      <mass-charge>99.0</mass-charge>
    </ei-ms-peak>
    <ei-ms-peak>
      <ei-ms-id>417</ei-ms-id>
      <id>46528</id>
      <intensity>30.0</intensity>
      <mass-charge>100.0</mass-charge>
    </ei-ms-peak>
    <ei-ms-peak>
      <ei-ms-id>417</ei-ms-id>
      <id>46529</id>
      <intensity>30.0</intensity>
      <mass-charge>101.0</mass-charge>
    </ei-ms-peak>
    <ei-ms-peak>
      <ei-ms-id>417</ei-ms-id>
      <id>46530</id>
      <intensity>70.0</intensity>
      <mass-charge>102.0</mass-charge>
    </ei-ms-peak>
    <ei-ms-peak>
      <ei-ms-id>417</ei-ms-id>
      <id>46531</id>
      <intensity>50.0</intensity>
      <mass-charge>103.0</mass-charge>
    </ei-ms-peak>
    <ei-ms-peak>
      <ei-ms-id>417</ei-ms-id>
      <id>46532</id>
      <intensity>10.0</intensity>
      <mass-charge>104.0</mass-charge>
    </ei-ms-peak>
    <ei-ms-peak>
      <ei-ms-id>417</ei-ms-id>
      <id>46533</id>
      <intensity>10.0</intensity>
      <mass-charge>105.0</mass-charge>
    </ei-ms-peak>
    <ei-ms-peak>
      <ei-ms-id>417</ei-ms-id>
      <id>46534</id>
      <intensity>10.0</intensity>
      <mass-charge>106.0</mass-charge>
    </ei-ms-peak>
    <ei-ms-peak>
      <ei-ms-id>417</ei-ms-id>
      <id>46535</id>
      <intensity>10.0</intensity>
      <mass-charge>107.0</mass-charge>
    </ei-ms-peak>
    <ei-ms-peak>
      <ei-ms-id>417</ei-ms-id>
      <id>46536</id>
      <intensity>10.0</intensity>
      <mass-charge>111.0</mass-charge>
    </ei-ms-peak>
    <ei-ms-peak>
      <ei-ms-id>417</ei-ms-id>
      <id>46537</id>
      <intensity>30.0</intensity>
      <mass-charge>113.0</mass-charge>
    </ei-ms-peak>
    <ei-ms-peak>
      <ei-ms-id>417</ei-ms-id>
      <id>46538</id>
      <intensity>10.0</intensity>
      <mass-charge>114.0</mass-charge>
    </ei-ms-peak>
    <ei-ms-peak>
      <ei-ms-id>417</ei-ms-id>
      <id>46539</id>
      <intensity>570.0</intensity>
      <mass-charge>115.0</mass-charge>
    </ei-ms-peak>
    <ei-ms-peak>
      <ei-ms-id>417</ei-ms-id>
      <id>46540</id>
      <intensity>120.0</intensity>
      <mass-charge>116.0</mass-charge>
    </ei-ms-peak>
    <ei-ms-peak>
      <ei-ms-id>417</ei-ms-id>
      <id>46541</id>
      <intensity>80.0</intensity>
      <mass-charge>117.0</mass-charge>
    </ei-ms-peak>
    <ei-ms-peak>
      <ei-ms-id>417</ei-ms-id>
      <id>46542</id>
      <intensity>10.0</intensity>
      <mass-charge>118.0</mass-charge>
    </ei-ms-peak>
    <ei-ms-peak>
      <ei-ms-id>417</ei-ms-id>
      <id>46543</id>
      <intensity>10.0</intensity>
      <mass-charge>119.0</mass-charge>
    </ei-ms-peak>
    <ei-ms-peak>
      <ei-ms-id>417</ei-ms-id>
      <id>46544</id>
      <intensity>10.0</intensity>
      <mass-charge>120.0</mass-charge>
    </ei-ms-peak>
    <ei-ms-peak>
      <ei-ms-id>417</ei-ms-id>
      <id>46545</id>
      <intensity>10.0</intensity>
      <mass-charge>125.0</mass-charge>
    </ei-ms-peak>
    <ei-ms-peak>
      <ei-ms-id>417</ei-ms-id>
      <id>46546</id>
      <intensity>20.0</intensity>
      <mass-charge>126.0</mass-charge>
    </ei-ms-peak>
    <ei-ms-peak>
      <ei-ms-id>417</ei-ms-id>
      <id>46547</id>
      <intensity>100.0</intensity>
      <mass-charge>127.0</mass-charge>
    </ei-ms-peak>
    <ei-ms-peak>
      <ei-ms-id>417</ei-ms-id>
      <id>46548</id>
      <intensity>190.0</intensity>
      <mass-charge>128.0</mass-charge>
    </ei-ms-peak>
    <ei-ms-peak>
      <ei-ms-id>417</ei-ms-id>
      <id>46549</id>
      <intensity>70.0</intensity>
      <mass-charge>129.0</mass-charge>
    </ei-ms-peak>
    <ei-ms-peak>
      <ei-ms-id>417</ei-ms-id>
      <id>46550</id>
      <intensity>100.0</intensity>
      <mass-charge>130.0</mass-charge>
    </ei-ms-peak>
    <ei-ms-peak>
      <ei-ms-id>417</ei-ms-id>
      <id>46551</id>
      <intensity>10.0</intensity>
      <mass-charge>131.0</mass-charge>
    </ei-ms-peak>
    <ei-ms-peak>
      <ei-ms-id>417</ei-ms-id>
      <id>46552</id>
      <intensity>10.0</intensity>
      <mass-charge>132.0</mass-charge>
    </ei-ms-peak>
    <ei-ms-peak>
      <ei-ms-id>417</ei-ms-id>
      <id>46553</id>
      <intensity>10.0</intensity>
      <mass-charge>133.0</mass-charge>
    </ei-ms-peak>
    <ei-ms-peak>
      <ei-ms-id>417</ei-ms-id>
      <id>46554</id>
      <intensity>10.0</intensity>
      <mass-charge>134.0</mass-charge>
    </ei-ms-peak>
    <ei-ms-peak>
      <ei-ms-id>417</ei-ms-id>
      <id>46555</id>
      <intensity>10.0</intensity>
      <mass-charge>137.0</mass-charge>
    </ei-ms-peak>
    <ei-ms-peak>
      <ei-ms-id>417</ei-ms-id>
      <id>46556</id>
      <intensity>10.0</intensity>
      <mass-charge>138.0</mass-charge>
    </ei-ms-peak>
    <ei-ms-peak>
      <ei-ms-id>417</ei-ms-id>
      <id>46557</id>
      <intensity>10.0</intensity>
      <mass-charge>139.0</mass-charge>
    </ei-ms-peak>
    <ei-ms-peak>
      <ei-ms-id>417</ei-ms-id>
      <id>46558</id>
      <intensity>50.0</intensity>
      <mass-charge>140.0</mass-charge>
    </ei-ms-peak>
    <ei-ms-peak>
      <ei-ms-id>417</ei-ms-id>
      <id>46559</id>
      <intensity>870.0</intensity>
      <mass-charge>142.0</mass-charge>
    </ei-ms-peak>
    <ei-ms-peak>
      <ei-ms-id>417</ei-ms-id>
      <id>46560</id>
      <intensity>1461.0</intensity>
      <mass-charge>143.0</mass-charge>
    </ei-ms-peak>
    <ei-ms-peak>
      <ei-ms-id>417</ei-ms-id>
      <id>46561</id>
      <intensity>220.0</intensity>
      <mass-charge>144.0</mass-charge>
    </ei-ms-peak>
    <ei-ms-peak>
      <ei-ms-id>417</ei-ms-id>
      <id>46562</id>
      <intensity>10.0</intensity>
      <mass-charge>145.0</mass-charge>
    </ei-ms-peak>
    <ei-ms-peak>
      <ei-ms-id>417</ei-ms-id>
      <id>46563</id>
      <intensity>10.0</intensity>
      <mass-charge>146.0</mass-charge>
    </ei-ms-peak>
    <ei-ms-peak>
      <ei-ms-id>417</ei-ms-id>
      <id>46564</id>
      <intensity>10.0</intensity>
      <mass-charge>147.0</mass-charge>
    </ei-ms-peak>
    <ei-ms-peak>
      <ei-ms-id>417</ei-ms-id>
      <id>46565</id>
      <intensity>10.0</intensity>
      <mass-charge>152.0</mass-charge>
    </ei-ms-peak>
    <ei-ms-peak>
      <ei-ms-id>417</ei-ms-id>
      <id>46566</id>
      <intensity>140.0</intensity>
      <mass-charge>154.0</mass-charge>
    </ei-ms-peak>
    <ei-ms-peak>
      <ei-ms-id>417</ei-ms-id>
      <id>46567</id>
      <intensity>500.0</intensity>
      <mass-charge>156.0</mass-charge>
    </ei-ms-peak>
    <ei-ms-peak>
      <ei-ms-id>417</ei-ms-id>
      <id>46568</id>
      <intensity>220.0</intensity>
      <mass-charge>157.0</mass-charge>
    </ei-ms-peak>
    <ei-ms-peak>
      <ei-ms-id>417</ei-ms-id>
      <id>46569</id>
      <intensity>240.0</intensity>
      <mass-charge>158.0</mass-charge>
    </ei-ms-peak>
    <ei-ms-peak>
      <ei-ms-id>417</ei-ms-id>
      <id>46570</id>
      <intensity>30.0</intensity>
      <mass-charge>159.0</mass-charge>
    </ei-ms-peak>
    <ei-ms-peak>
      <ei-ms-id>417</ei-ms-id>
      <id>46571</id>
      <intensity>10.0</intensity>
      <mass-charge>160.0</mass-charge>
    </ei-ms-peak>
    <ei-ms-peak>
      <ei-ms-id>417</ei-ms-id>
      <id>46572</id>
      <intensity>10.0</intensity>
      <mass-charge>166.0</mass-charge>
    </ei-ms-peak>
    <ei-ms-peak>
      <ei-ms-id>417</ei-ms-id>
      <id>46573</id>
      <intensity>10.0</intensity>
      <mass-charge>167.0</mass-charge>
    </ei-ms-peak>
    <ei-ms-peak>
      <ei-ms-id>417</ei-ms-id>
      <id>46574</id>
      <intensity>20.0</intensity>
      <mass-charge>168.0</mass-charge>
    </ei-ms-peak>
    <ei-ms-peak>
      <ei-ms-id>417</ei-ms-id>
      <id>46575</id>
      <intensity>20.0</intensity>
      <mass-charge>169.0</mass-charge>
    </ei-ms-peak>
    <ei-ms-peak>
      <ei-ms-id>417</ei-ms-id>
      <id>46576</id>
      <intensity>10.0</intensity>
      <mass-charge>170.0</mass-charge>
    </ei-ms-peak>
    <ei-ms-peak>
      <ei-ms-id>417</ei-ms-id>
      <id>46577</id>
      <intensity>10.0</intensity>
      <mass-charge>171.0</mass-charge>
    </ei-ms-peak>
    <ei-ms-peak>
      <ei-ms-id>417</ei-ms-id>
      <id>46578</id>
      <intensity>10.0</intensity>
      <mass-charge>172.0</mass-charge>
    </ei-ms-peak>
    <ei-ms-peak>
      <ei-ms-id>417</ei-ms-id>
      <id>46579</id>
      <intensity>10.0</intensity>
      <mass-charge>173.0</mass-charge>
    </ei-ms-peak>
    <ei-ms-peak>
      <ei-ms-id>417</ei-ms-id>
      <id>46580</id>
      <intensity>10.0</intensity>
      <mass-charge>174.0</mass-charge>
    </ei-ms-peak>
    <ei-ms-peak>
      <ei-ms-id>417</ei-ms-id>
      <id>46581</id>
      <intensity>10.0</intensity>
      <mass-charge>181.0</mass-charge>
    </ei-ms-peak>
    <ei-ms-peak>
      <ei-ms-id>417</ei-ms-id>
      <id>46582</id>
      <intensity>10.0</intensity>
      <mass-charge>182.0</mass-charge>
    </ei-ms-peak>
    <ei-ms-peak>
      <ei-ms-id>417</ei-ms-id>
      <id>46583</id>
      <intensity>20.0</intensity>
      <mass-charge>183.0</mass-charge>
    </ei-ms-peak>
    <ei-ms-peak>
      <ei-ms-id>417</ei-ms-id>
      <id>46584</id>
      <intensity>10.0</intensity>
      <mass-charge>184.0</mass-charge>
    </ei-ms-peak>
    <ei-ms-peak>
      <ei-ms-id>417</ei-ms-id>
      <id>46585</id>
      <intensity>20.0</intensity>
      <mass-charge>185.0</mass-charge>
    </ei-ms-peak>
    <ei-ms-peak>
      <ei-ms-id>417</ei-ms-id>
      <id>46586</id>
      <intensity>10.0</intensity>
      <mass-charge>186.0</mass-charge>
    </ei-ms-peak>
    <ei-ms-peak>
      <ei-ms-id>417</ei-ms-id>
      <id>46587</id>
      <intensity>10.0</intensity>
      <mass-charge>187.0</mass-charge>
    </ei-ms-peak>
    <ei-ms-peak>
      <ei-ms-id>417</ei-ms-id>
      <id>46588</id>
      <intensity>10.0</intensity>
      <mass-charge>191.0</mass-charge>
    </ei-ms-peak>
    <ei-ms-peak>
      <ei-ms-id>417</ei-ms-id>
      <id>46589</id>
      <intensity>10.0</intensity>
      <mass-charge>195.0</mass-charge>
    </ei-ms-peak>
    <ei-ms-peak>
      <ei-ms-id>417</ei-ms-id>
      <id>46590</id>
      <intensity>10.0</intensity>
      <mass-charge>196.0</mass-charge>
    </ei-ms-peak>
    <ei-ms-peak>
      <ei-ms-id>417</ei-ms-id>
      <id>46591</id>
      <intensity>10.0</intensity>
      <mass-charge>197.0</mass-charge>
    </ei-ms-peak>
    <ei-ms-peak>
      <ei-ms-id>417</ei-ms-id>
      <id>46592</id>
      <intensity>10.0</intensity>
      <mass-charge>198.0</mass-charge>
    </ei-ms-peak>
    <ei-ms-peak>
      <ei-ms-id>417</ei-ms-id>
      <id>46593</id>
      <intensity>60.0</intensity>
      <mass-charge>199.0</mass-charge>
    </ei-ms-peak>
    <ei-ms-peak>
      <ei-ms-id>417</ei-ms-id>
      <id>46594</id>
      <intensity>50.0</intensity>
      <mass-charge>200.0</mass-charge>
    </ei-ms-peak>
    <ei-ms-peak>
      <ei-ms-id>417</ei-ms-id>
      <id>46595</id>
      <intensity>210.0</intensity>
      <mass-charge>201.0</mass-charge>
    </ei-ms-peak>
    <ei-ms-peak>
      <ei-ms-id>417</ei-ms-id>
      <id>46596</id>
      <intensity>30.0</intensity>
      <mass-charge>202.0</mass-charge>
    </ei-ms-peak>
    <ei-ms-peak>
      <ei-ms-id>417</ei-ms-id>
      <id>46597</id>
      <intensity>10.0</intensity>
      <mass-charge>203.0</mass-charge>
    </ei-ms-peak>
    <ei-ms-peak>
      <ei-ms-id>417</ei-ms-id>
      <id>46598</id>
      <intensity>10.0</intensity>
      <mass-charge>206.0</mass-charge>
    </ei-ms-peak>
    <ei-ms-peak>
      <ei-ms-id>417</ei-ms-id>
      <id>46599</id>
      <intensity>10.0</intensity>
      <mass-charge>210.0</mass-charge>
    </ei-ms-peak>
    <ei-ms-peak>
      <ei-ms-id>417</ei-ms-id>
      <id>46600</id>
      <intensity>10.0</intensity>
      <mass-charge>231.0</mass-charge>
    </ei-ms-peak>
    <ei-ms-peak>
      <ei-ms-id>417</ei-ms-id>
      <id>46601</id>
      <intensity>110.0</intensity>
      <mass-charge>237.0</mass-charge>
    </ei-ms-peak>
    <ei-ms-peak>
      <ei-ms-id>417</ei-ms-id>
      <id>46602</id>
      <intensity>10.0</intensity>
      <mass-charge>238.0</mass-charge>
    </ei-ms-peak>
    <ei-ms-peak>
      <ei-ms-id>417</ei-ms-id>
      <id>46603</id>
      <intensity>10.0</intensity>
      <mass-charge>239.0</mass-charge>
    </ei-ms-peak>
    <ei-ms-peak>
      <ei-ms-id>417</ei-ms-id>
      <id>46604</id>
      <intensity>10.0</intensity>
      <mass-charge>250.0</mass-charge>
    </ei-ms-peak>
    <ei-ms-peak>
      <ei-ms-id>417</ei-ms-id>
      <id>46605</id>
      <intensity>60.0</intensity>
      <mass-charge>251.0</mass-charge>
    </ei-ms-peak>
    <ei-ms-peak>
      <ei-ms-id>417</ei-ms-id>
      <id>46606</id>
      <intensity>10.0</intensity>
      <mass-charge>252.0</mass-charge>
    </ei-ms-peak>
    <ei-ms-peak>
      <ei-ms-id>417</ei-ms-id>
      <id>46607</id>
      <intensity>10.0</intensity>
      <mass-charge>253.0</mass-charge>
    </ei-ms-peak>
    <ei-ms-peak>
      <ei-ms-id>417</ei-ms-id>
      <id>46608</id>
      <intensity>10.0</intensity>
      <mass-charge>292.0</mass-charge>
    </ei-ms-peak>
    <ei-ms-peak>
      <ei-ms-id>417</ei-ms-id>
      <id>46609</id>
      <intensity>10.0</intensity>
      <mass-charge>293.0</mass-charge>
    </ei-ms-peak>
    <ei-ms-peak>
      <ei-ms-id>417</ei-ms-id>
      <id>46610</id>
      <intensity>400.0</intensity>
      <mass-charge>295.0</mass-charge>
    </ei-ms-peak>
    <ei-ms-peak>
      <ei-ms-id>417</ei-ms-id>
      <id>46611</id>
      <intensity>60.0</intensity>
      <mass-charge>296.0</mass-charge>
    </ei-ms-peak>
    <ei-ms-peak>
      <ei-ms-id>417</ei-ms-id>
      <id>46612</id>
      <intensity>20.0</intensity>
      <mass-charge>297.0</mass-charge>
    </ei-ms-peak>
    <ei-ms-peak>
      <ei-ms-id>417</ei-ms-id>
      <id>46613</id>
      <intensity>10.0</intensity>
      <mass-charge>298.0</mass-charge>
    </ei-ms-peak>
  </ei-ms-peaks>
</ei-ms>
