<?xml version="1.0" encoding="UTF-8"?>
<ei-ms>
  <collection-date nil="true"/>
  <created-at>2014-09-20T16:24:22Z</created-at>
  <database-id>HMDB31219</database-id>
  <id>281</id>
  <inchi-key>JOYRKODLDBILNP-UHFFFAOYSA-N</inchi-key>
  <instrument-type nil="true"/>
  <molecule-id nil="true"/>
  <notes nil="true"/>
  <peak-counter>37</peak-counter>
  <sample-assessment nil="true"/>
  <sample-concentration nil="true"/>
  <sample-concentration-units nil="true"/>
  <sample-mass nil="true"/>
  <sample-mass-units nil="true"/>
  <sample-source nil="true"/>
  <solvent nil="true"/>
  <spectra-assessment nil="true"/>
  <updated-at>2014-09-20T16:24:22Z</updated-at>
  <references>
    <reference>
      <database>NIST</database>
      <database-id>51-79-6</database-id>
      <id>15153</id>
      <pubmed-id nil="true"/>
      <ref-text>NIST Mass Spec Data Center, S.E. Stein, director, "Mass Spectra" in NIST Chemistry WebBook, NIST Standard Reference Database Number 69, Eds. P.J. Linstrom and W.G. Mallard, National Institute of Standards and Technology, Gaithersburg MD, 20899, http://webbook.nist.gov, (retrieved September 6, 2014).</ref-text>
      <spectra-id>281</spectra-id>
      <spectra-type>EiMs</spectra-type>
    </reference>
  </references>
  <ei-ms-peaks>
    <ei-ms-peak>
      <ei-ms-id>281</ei-ms-id>
      <id>31986</id>
      <intensity>10.0</intensity>
      <mass-charge>12.0</mass-charge>
    </ei-ms-peak>
    <ei-ms-peak>
      <ei-ms-id>281</ei-ms-id>
      <id>31987</id>
      <intensity>30.0</intensity>
      <mass-charge>13.0</mass-charge>
    </ei-ms-peak>
    <ei-ms-peak>
      <ei-ms-id>281</ei-ms-id>
      <id>31988</id>
      <intensity>159.0</intensity>
      <mass-charge>14.0</mass-charge>
    </ei-ms-peak>
    <ei-ms-peak>
      <ei-ms-id>281</ei-ms-id>
      <id>31989</id>
      <intensity>529.0</intensity>
      <mass-charge>15.0</mass-charge>
    </ei-ms-peak>
    <ei-ms-peak>
      <ei-ms-id>281</ei-ms-id>
      <id>31990</id>
      <intensity>589.0</intensity>
      <mass-charge>16.0</mass-charge>
    </ei-ms-peak>
    <ei-ms-peak>
      <ei-ms-id>281</ei-ms-id>
      <id>31991</id>
      <intensity>759.0</intensity>
      <mass-charge>17.0</mass-charge>
    </ei-ms-peak>
    <ei-ms-peak>
      <ei-ms-id>281</ei-ms-id>
      <id>31992</id>
      <intensity>2849.0</intensity>
      <mass-charge>18.0</mass-charge>
    </ei-ms-peak>
    <ei-ms-peak>
      <ei-ms-id>281</ei-ms-id>
      <id>31993</id>
      <intensity>359.0</intensity>
      <mass-charge>19.0</mass-charge>
    </ei-ms-peak>
    <ei-ms-peak>
      <ei-ms-id>281</ei-ms-id>
      <id>31994</id>
      <intensity>30.0</intensity>
      <mass-charge>25.0</mass-charge>
    </ei-ms-peak>
    <ei-ms-peak>
      <ei-ms-id>281</ei-ms-id>
      <id>31995</id>
      <intensity>509.0</intensity>
      <mass-charge>26.0</mass-charge>
    </ei-ms-peak>
    <ei-ms-peak>
      <ei-ms-id>281</ei-ms-id>
      <id>31996</id>
      <intensity>2749.0</intensity>
      <mass-charge>27.0</mass-charge>
    </ei-ms-peak>
    <ei-ms-peak>
      <ei-ms-id>281</ei-ms-id>
      <id>31997</id>
      <intensity>1029.0</intensity>
      <mass-charge>28.0</mass-charge>
    </ei-ms-peak>
    <ei-ms-peak>
      <ei-ms-id>281</ei-ms-id>
      <id>31998</id>
      <intensity>2239.0</intensity>
      <mass-charge>29.0</mass-charge>
    </ei-ms-peak>
    <ei-ms-peak>
      <ei-ms-id>281</ei-ms-id>
      <id>31999</id>
      <intensity>259.0</intensity>
      <mass-charge>30.0</mass-charge>
    </ei-ms-peak>
    <ei-ms-peak>
      <ei-ms-id>281</ei-ms-id>
      <id>32000</id>
      <intensity>4029.0</intensity>
      <mass-charge>31.0</mass-charge>
    </ei-ms-peak>
    <ei-ms-peak>
      <ei-ms-id>281</ei-ms-id>
      <id>32001</id>
      <intensity>70.0</intensity>
      <mass-charge>32.0</mass-charge>
    </ei-ms-peak>
    <ei-ms-peak>
      <ei-ms-id>281</ei-ms-id>
      <id>32002</id>
      <intensity>10.0</intensity>
      <mass-charge>33.0</mass-charge>
    </ei-ms-peak>
    <ei-ms-peak>
      <ei-ms-id>281</ei-ms-id>
      <id>32003</id>
      <intensity>30.0</intensity>
      <mass-charge>41.0</mass-charge>
    </ei-ms-peak>
    <ei-ms-peak>
      <ei-ms-id>281</ei-ms-id>
      <id>32004</id>
      <intensity>189.0</intensity>
      <mass-charge>42.0</mass-charge>
    </ei-ms-peak>
    <ei-ms-peak>
      <ei-ms-id>281</ei-ms-id>
      <id>32005</id>
      <intensity>1069.0</intensity>
      <mass-charge>43.0</mass-charge>
    </ei-ms-peak>
    <ei-ms-peak>
      <ei-ms-id>281</ei-ms-id>
      <id>32006</id>
      <intensity>9999.0</intensity>
      <mass-charge>44.0</mass-charge>
    </ei-ms-peak>
    <ei-ms-peak>
      <ei-ms-id>281</ei-ms-id>
      <id>32007</id>
      <intensity>7019.0</intensity>
      <mass-charge>45.0</mass-charge>
    </ei-ms-peak>
    <ei-ms-peak>
      <ei-ms-id>281</ei-ms-id>
      <id>32008</id>
      <intensity>929.0</intensity>
      <mass-charge>46.0</mass-charge>
    </ei-ms-peak>
    <ei-ms-peak>
      <ei-ms-id>281</ei-ms-id>
      <id>32009</id>
      <intensity>30.0</intensity>
      <mass-charge>47.0</mass-charge>
    </ei-ms-peak>
    <ei-ms-peak>
      <ei-ms-id>281</ei-ms-id>
      <id>32010</id>
      <intensity>20.0</intensity>
      <mass-charge>59.0</mass-charge>
    </ei-ms-peak>
    <ei-ms-peak>
      <ei-ms-id>281</ei-ms-id>
      <id>32011</id>
      <intensity>10.0</intensity>
      <mass-charge>60.0</mass-charge>
    </ei-ms-peak>
    <ei-ms-peak>
      <ei-ms-id>281</ei-ms-id>
      <id>32012</id>
      <intensity>539.0</intensity>
      <mass-charge>61.0</mass-charge>
    </ei-ms-peak>
    <ei-ms-peak>
      <ei-ms-id>281</ei-ms-id>
      <id>32013</id>
      <intensity>8439.0</intensity>
      <mass-charge>62.0</mass-charge>
    </ei-ms-peak>
    <ei-ms-peak>
      <ei-ms-id>281</ei-ms-id>
      <id>32014</id>
      <intensity>129.0</intensity>
      <mass-charge>63.0</mass-charge>
    </ei-ms-peak>
    <ei-ms-peak>
      <ei-ms-id>281</ei-ms-id>
      <id>32015</id>
      <intensity>40.0</intensity>
      <mass-charge>64.0</mass-charge>
    </ei-ms-peak>
    <ei-ms-peak>
      <ei-ms-id>281</ei-ms-id>
      <id>32016</id>
      <intensity>109.0</intensity>
      <mass-charge>71.0</mass-charge>
    </ei-ms-peak>
    <ei-ms-peak>
      <ei-ms-id>281</ei-ms-id>
      <id>32017</id>
      <intensity>10.0</intensity>
      <mass-charge>72.0</mass-charge>
    </ei-ms-peak>
    <ei-ms-peak>
      <ei-ms-id>281</ei-ms-id>
      <id>32018</id>
      <intensity>1389.0</intensity>
      <mass-charge>74.0</mass-charge>
    </ei-ms-peak>
    <ei-ms-peak>
      <ei-ms-id>281</ei-ms-id>
      <id>32019</id>
      <intensity>40.0</intensity>
      <mass-charge>75.0</mass-charge>
    </ei-ms-peak>
    <ei-ms-peak>
      <ei-ms-id>281</ei-ms-id>
      <id>32020</id>
      <intensity>10.0</intensity>
      <mass-charge>88.0</mass-charge>
    </ei-ms-peak>
    <ei-ms-peak>
      <ei-ms-id>281</ei-ms-id>
      <id>32021</id>
      <intensity>459.0</intensity>
      <mass-charge>89.0</mass-charge>
    </ei-ms-peak>
    <ei-ms-peak>
      <ei-ms-id>281</ei-ms-id>
      <id>32022</id>
      <intensity>50.0</intensity>
      <mass-charge>90.0</mass-charge>
    </ei-ms-peak>
  </ei-ms-peaks>
</ei-ms>
