<?xml version="1.0" encoding="UTF-8"?>
<ei-ms>
  <collection-date nil="true"/>
  <created-at>2014-09-20T16:26:42Z</created-at>
  <database-id>HMDB04998</database-id>
  <id>379</id>
  <inchi-key>HSRJKNPTNIJEKV-UHFFFAOYSA-N</inchi-key>
  <instrument-type nil="true"/>
  <molecule-id nil="true"/>
  <notes nil="true"/>
  <peak-counter>77</peak-counter>
  <sample-assessment nil="true"/>
  <sample-concentration nil="true"/>
  <sample-concentration-units nil="true"/>
  <sample-mass nil="true"/>
  <sample-mass-units nil="true"/>
  <sample-source nil="true"/>
  <solvent nil="true"/>
  <spectra-assessment nil="true"/>
  <updated-at>2014-09-20T16:26:42Z</updated-at>
  <references>
    <reference>
      <database>NIST</database>
      <database-id>93-14-1</database-id>
      <id>15251</id>
      <pubmed-id nil="true"/>
      <ref-text>NIST Mass Spec Data Center, S.E. Stein, director, "Mass Spectra" in NIST Chemistry WebBook, NIST Standard Reference Database Number 69, Eds. P.J. Linstrom and W.G. Mallard, National Institute of Standards and Technology, Gaithersburg MD, 20899, http://webbook.nist.gov, (retrieved September 6, 2014).</ref-text>
      <spectra-id>379</spectra-id>
      <spectra-type>EiMs</spectra-type>
    </reference>
  </references>
  <ei-ms-peaks>
    <ei-ms-peak>
      <ei-ms-id>379</ei-ms-id>
      <id>42365</id>
      <intensity>109.0</intensity>
      <mass-charge>15.0</mass-charge>
    </ei-ms-peak>
    <ei-ms-peak>
      <ei-ms-id>379</ei-ms-id>
      <id>42366</id>
      <intensity>10.0</intensity>
      <mass-charge>17.0</mass-charge>
    </ei-ms-peak>
    <ei-ms-peak>
      <ei-ms-id>379</ei-ms-id>
      <id>42367</id>
      <intensity>30.0</intensity>
      <mass-charge>18.0</mass-charge>
    </ei-ms-peak>
    <ei-ms-peak>
      <ei-ms-id>379</ei-ms-id>
      <id>42368</id>
      <intensity>50.0</intensity>
      <mass-charge>26.0</mass-charge>
    </ei-ms-peak>
    <ei-ms-peak>
      <ei-ms-id>379</ei-ms-id>
      <id>42369</id>
      <intensity>229.0</intensity>
      <mass-charge>27.0</mass-charge>
    </ei-ms-peak>
    <ei-ms-peak>
      <ei-ms-id>379</ei-ms-id>
      <id>42370</id>
      <intensity>50.0</intensity>
      <mass-charge>28.0</mass-charge>
    </ei-ms-peak>
    <ei-ms-peak>
      <ei-ms-id>379</ei-ms-id>
      <id>42371</id>
      <intensity>369.0</intensity>
      <mass-charge>29.0</mass-charge>
    </ei-ms-peak>
    <ei-ms-peak>
      <ei-ms-id>379</ei-ms-id>
      <id>42372</id>
      <intensity>20.0</intensity>
      <mass-charge>30.0</mass-charge>
    </ei-ms-peak>
    <ei-ms-peak>
      <ei-ms-id>379</ei-ms-id>
      <id>42373</id>
      <intensity>449.0</intensity>
      <mass-charge>31.0</mass-charge>
    </ei-ms-peak>
    <ei-ms-peak>
      <ei-ms-id>379</ei-ms-id>
      <id>42374</id>
      <intensity>10.0</intensity>
      <mass-charge>32.0</mass-charge>
    </ei-ms-peak>
    <ei-ms-peak>
      <ei-ms-id>379</ei-ms-id>
      <id>42375</id>
      <intensity>10.0</intensity>
      <mass-charge>37.0</mass-charge>
    </ei-ms-peak>
    <ei-ms-peak>
      <ei-ms-id>379</ei-ms-id>
      <id>42376</id>
      <intensity>70.0</intensity>
      <mass-charge>38.0</mass-charge>
    </ei-ms-peak>
    <ei-ms-peak>
      <ei-ms-id>379</ei-ms-id>
      <id>42377</id>
      <intensity>229.0</intensity>
      <mass-charge>39.0</mass-charge>
    </ei-ms-peak>
    <ei-ms-peak>
      <ei-ms-id>379</ei-ms-id>
      <id>42378</id>
      <intensity>20.0</intensity>
      <mass-charge>40.0</mass-charge>
    </ei-ms-peak>
    <ei-ms-peak>
      <ei-ms-id>379</ei-ms-id>
      <id>42379</id>
      <intensity>189.0</intensity>
      <mass-charge>41.0</mass-charge>
    </ei-ms-peak>
    <ei-ms-peak>
      <ei-ms-id>379</ei-ms-id>
      <id>42380</id>
      <intensity>30.0</intensity>
      <mass-charge>42.0</mass-charge>
    </ei-ms-peak>
    <ei-ms-peak>
      <ei-ms-id>379</ei-ms-id>
      <id>42381</id>
      <intensity>219.0</intensity>
      <mass-charge>43.0</mass-charge>
    </ei-ms-peak>
    <ei-ms-peak>
      <ei-ms-id>379</ei-ms-id>
      <id>42382</id>
      <intensity>50.0</intensity>
      <mass-charge>44.0</mass-charge>
    </ei-ms-peak>
    <ei-ms-peak>
      <ei-ms-id>379</ei-ms-id>
      <id>42383</id>
      <intensity>199.0</intensity>
      <mass-charge>45.0</mass-charge>
    </ei-ms-peak>
    <ei-ms-peak>
      <ei-ms-id>379</ei-ms-id>
      <id>42384</id>
      <intensity>129.0</intensity>
      <mass-charge>50.0</mass-charge>
    </ei-ms-peak>
    <ei-ms-peak>
      <ei-ms-id>379</ei-ms-id>
      <id>42385</id>
      <intensity>309.0</intensity>
      <mass-charge>51.0</mass-charge>
    </ei-ms-peak>
    <ei-ms-peak>
      <ei-ms-id>379</ei-ms-id>
      <id>42386</id>
      <intensity>419.0</intensity>
      <mass-charge>52.0</mass-charge>
    </ei-ms-peak>
    <ei-ms-peak>
      <ei-ms-id>379</ei-ms-id>
      <id>42387</id>
      <intensity>209.0</intensity>
      <mass-charge>53.0</mass-charge>
    </ei-ms-peak>
    <ei-ms-peak>
      <ei-ms-id>379</ei-ms-id>
      <id>42388</id>
      <intensity>30.0</intensity>
      <mass-charge>54.0</mass-charge>
    </ei-ms-peak>
    <ei-ms-peak>
      <ei-ms-id>379</ei-ms-id>
      <id>42389</id>
      <intensity>90.0</intensity>
      <mass-charge>55.0</mass-charge>
    </ei-ms-peak>
    <ei-ms-peak>
      <ei-ms-id>379</ei-ms-id>
      <id>42390</id>
      <intensity>10.0</intensity>
      <mass-charge>56.0</mass-charge>
    </ei-ms-peak>
    <ei-ms-peak>
      <ei-ms-id>379</ei-ms-id>
      <id>42391</id>
      <intensity>299.0</intensity>
      <mass-charge>57.0</mass-charge>
    </ei-ms-peak>
    <ei-ms-peak>
      <ei-ms-id>379</ei-ms-id>
      <id>42392</id>
      <intensity>10.0</intensity>
      <mass-charge>58.0</mass-charge>
    </ei-ms-peak>
    <ei-ms-peak>
      <ei-ms-id>379</ei-ms-id>
      <id>42393</id>
      <intensity>50.0</intensity>
      <mass-charge>61.0</mass-charge>
    </ei-ms-peak>
    <ei-ms-peak>
      <ei-ms-id>379</ei-ms-id>
      <id>42394</id>
      <intensity>30.0</intensity>
      <mass-charge>62.0</mass-charge>
    </ei-ms-peak>
    <ei-ms-peak>
      <ei-ms-id>379</ei-ms-id>
      <id>42395</id>
      <intensity>199.0</intensity>
      <mass-charge>63.0</mass-charge>
    </ei-ms-peak>
    <ei-ms-peak>
      <ei-ms-id>379</ei-ms-id>
      <id>42396</id>
      <intensity>199.0</intensity>
      <mass-charge>64.0</mass-charge>
    </ei-ms-peak>
    <ei-ms-peak>
      <ei-ms-id>379</ei-ms-id>
      <id>42397</id>
      <intensity>399.0</intensity>
      <mass-charge>65.0</mass-charge>
    </ei-ms-peak>
    <ei-ms-peak>
      <ei-ms-id>379</ei-ms-id>
      <id>42398</id>
      <intensity>50.0</intensity>
      <mass-charge>66.0</mass-charge>
    </ei-ms-peak>
    <ei-ms-peak>
      <ei-ms-id>379</ei-ms-id>
      <id>42399</id>
      <intensity>90.0</intensity>
      <mass-charge>67.0</mass-charge>
    </ei-ms-peak>
    <ei-ms-peak>
      <ei-ms-id>379</ei-ms-id>
      <id>42400</id>
      <intensity>10.0</intensity>
      <mass-charge>73.0</mass-charge>
    </ei-ms-peak>
    <ei-ms-peak>
      <ei-ms-id>379</ei-ms-id>
      <id>42401</id>
      <intensity>50.0</intensity>
      <mass-charge>74.0</mass-charge>
    </ei-ms-peak>
    <ei-ms-peak>
      <ei-ms-id>379</ei-ms-id>
      <id>42402</id>
      <intensity>50.0</intensity>
      <mass-charge>75.0</mass-charge>
    </ei-ms-peak>
    <ei-ms-peak>
      <ei-ms-id>379</ei-ms-id>
      <id>42403</id>
      <intensity>50.0</intensity>
      <mass-charge>76.0</mass-charge>
    </ei-ms-peak>
    <ei-ms-peak>
      <ei-ms-id>379</ei-ms-id>
      <id>42404</id>
      <intensity>909.0</intensity>
      <mass-charge>77.0</mass-charge>
    </ei-ms-peak>
    <ei-ms-peak>
      <ei-ms-id>379</ei-ms-id>
      <id>42405</id>
      <intensity>139.0</intensity>
      <mass-charge>78.0</mass-charge>
    </ei-ms-peak>
    <ei-ms-peak>
      <ei-ms-id>379</ei-ms-id>
      <id>42406</id>
      <intensity>90.0</intensity>
      <mass-charge>79.0</mass-charge>
    </ei-ms-peak>
    <ei-ms-peak>
      <ei-ms-id>379</ei-ms-id>
      <id>42407</id>
      <intensity>139.0</intensity>
      <mass-charge>80.0</mass-charge>
    </ei-ms-peak>
    <ei-ms-peak>
      <ei-ms-id>379</ei-ms-id>
      <id>42408</id>
      <intensity>749.0</intensity>
      <mass-charge>81.0</mass-charge>
    </ei-ms-peak>
    <ei-ms-peak>
      <ei-ms-id>379</ei-ms-id>
      <id>42409</id>
      <intensity>40.0</intensity>
      <mass-charge>82.0</mass-charge>
    </ei-ms-peak>
    <ei-ms-peak>
      <ei-ms-id>379</ei-ms-id>
      <id>42410</id>
      <intensity>30.0</intensity>
      <mass-charge>91.0</mass-charge>
    </ei-ms-peak>
    <ei-ms-peak>
      <ei-ms-id>379</ei-ms-id>
      <id>42411</id>
      <intensity>289.0</intensity>
      <mass-charge>92.0</mass-charge>
    </ei-ms-peak>
    <ei-ms-peak>
      <ei-ms-id>379</ei-ms-id>
      <id>42412</id>
      <intensity>139.0</intensity>
      <mass-charge>93.0</mass-charge>
    </ei-ms-peak>
    <ei-ms-peak>
      <ei-ms-id>379</ei-ms-id>
      <id>42413</id>
      <intensity>70.0</intensity>
      <mass-charge>94.0</mass-charge>
    </ei-ms-peak>
    <ei-ms-peak>
      <ei-ms-id>379</ei-ms-id>
      <id>42414</id>
      <intensity>509.0</intensity>
      <mass-charge>95.0</mass-charge>
    </ei-ms-peak>
    <ei-ms-peak>
      <ei-ms-id>379</ei-ms-id>
      <id>42415</id>
      <intensity>60.0</intensity>
      <mass-charge>96.0</mass-charge>
    </ei-ms-peak>
    <ei-ms-peak>
      <ei-ms-id>379</ei-ms-id>
      <id>42416</id>
      <intensity>20.0</intensity>
      <mass-charge>105.0</mass-charge>
    </ei-ms-peak>
    <ei-ms-peak>
      <ei-ms-id>379</ei-ms-id>
      <id>42417</id>
      <intensity>60.0</intensity>
      <mass-charge>107.0</mass-charge>
    </ei-ms-peak>
    <ei-ms-peak>
      <ei-ms-id>379</ei-ms-id>
      <id>42418</id>
      <intensity>90.0</intensity>
      <mass-charge>108.0</mass-charge>
    </ei-ms-peak>
    <ei-ms-peak>
      <ei-ms-id>379</ei-ms-id>
      <id>42419</id>
      <intensity>4599.0</intensity>
      <mass-charge>109.0</mass-charge>
    </ei-ms-peak>
    <ei-ms-peak>
      <ei-ms-id>379</ei-ms-id>
      <id>42420</id>
      <intensity>369.0</intensity>
      <mass-charge>110.0</mass-charge>
    </ei-ms-peak>
    <ei-ms-peak>
      <ei-ms-id>379</ei-ms-id>
      <id>42421</id>
      <intensity>30.0</intensity>
      <mass-charge>111.0</mass-charge>
    </ei-ms-peak>
    <ei-ms-peak>
      <ei-ms-id>379</ei-ms-id>
      <id>42422</id>
      <intensity>159.0</intensity>
      <mass-charge>121.0</mass-charge>
    </ei-ms-peak>
    <ei-ms-peak>
      <ei-ms-id>379</ei-ms-id>
      <id>42423</id>
      <intensity>449.0</intensity>
      <mass-charge>122.0</mass-charge>
    </ei-ms-peak>
    <ei-ms-peak>
      <ei-ms-id>379</ei-ms-id>
      <id>42424</id>
      <intensity>629.0</intensity>
      <mass-charge>123.0</mass-charge>
    </ei-ms-peak>
    <ei-ms-peak>
      <ei-ms-id>379</ei-ms-id>
      <id>42425</id>
      <intensity>9999.0</intensity>
      <mass-charge>124.0</mass-charge>
    </ei-ms-peak>
    <ei-ms-peak>
      <ei-ms-id>379</ei-ms-id>
      <id>42426</id>
      <intensity>829.0</intensity>
      <mass-charge>125.0</mass-charge>
    </ei-ms-peak>
    <ei-ms-peak>
      <ei-ms-id>379</ei-ms-id>
      <id>42427</id>
      <intensity>70.0</intensity>
      <mass-charge>126.0</mass-charge>
    </ei-ms-peak>
    <ei-ms-peak>
      <ei-ms-id>379</ei-ms-id>
      <id>42428</id>
      <intensity>10.0</intensity>
      <mass-charge>135.0</mass-charge>
    </ei-ms-peak>
    <ei-ms-peak>
      <ei-ms-id>379</ei-ms-id>
      <id>42429</id>
      <intensity>169.0</intensity>
      <mass-charge>137.0</mass-charge>
    </ei-ms-peak>
    <ei-ms-peak>
      <ei-ms-id>379</ei-ms-id>
      <id>42430</id>
      <intensity>209.0</intensity>
      <mass-charge>138.0</mass-charge>
    </ei-ms-peak>
    <ei-ms-peak>
      <ei-ms-id>379</ei-ms-id>
      <id>42431</id>
      <intensity>20.0</intensity>
      <mass-charge>139.0</mass-charge>
    </ei-ms-peak>
    <ei-ms-peak>
      <ei-ms-id>379</ei-ms-id>
      <id>42432</id>
      <intensity>219.0</intensity>
      <mass-charge>149.0</mass-charge>
    </ei-ms-peak>
    <ei-ms-peak>
      <ei-ms-id>379</ei-ms-id>
      <id>42433</id>
      <intensity>20.0</intensity>
      <mass-charge>150.0</mass-charge>
    </ei-ms-peak>
    <ei-ms-peak>
      <ei-ms-id>379</ei-ms-id>
      <id>42434</id>
      <intensity>20.0</intensity>
      <mass-charge>151.0</mass-charge>
    </ei-ms-peak>
    <ei-ms-peak>
      <ei-ms-id>379</ei-ms-id>
      <id>42435</id>
      <intensity>10.0</intensity>
      <mass-charge>163.0</mass-charge>
    </ei-ms-peak>
    <ei-ms-peak>
      <ei-ms-id>379</ei-ms-id>
      <id>42436</id>
      <intensity>40.0</intensity>
      <mass-charge>166.0</mass-charge>
    </ei-ms-peak>
    <ei-ms-peak>
      <ei-ms-id>379</ei-ms-id>
      <id>42437</id>
      <intensity>419.0</intensity>
      <mass-charge>167.0</mass-charge>
    </ei-ms-peak>
    <ei-ms-peak>
      <ei-ms-id>379</ei-ms-id>
      <id>42438</id>
      <intensity>40.0</intensity>
      <mass-charge>168.0</mass-charge>
    </ei-ms-peak>
    <ei-ms-peak>
      <ei-ms-id>379</ei-ms-id>
      <id>42439</id>
      <intensity>3229.0</intensity>
      <mass-charge>198.0</mass-charge>
    </ei-ms-peak>
    <ei-ms-peak>
      <ei-ms-id>379</ei-ms-id>
      <id>42440</id>
      <intensity>379.0</intensity>
      <mass-charge>199.0</mass-charge>
    </ei-ms-peak>
    <ei-ms-peak>
      <ei-ms-id>379</ei-ms-id>
      <id>42441</id>
      <intensity>40.0</intensity>
      <mass-charge>200.0</mass-charge>
    </ei-ms-peak>
  </ei-ms-peaks>
</ei-ms>
