<?xml version="1.0" encoding="UTF-8"?>
<ei-ms>
  <collection-date nil="true"/>
  <created-at>2014-09-20T16:42:05Z</created-at>
  <database-id>HMDB14645</database-id>
  <id>1021</id>
  <inchi-key>LNEPOXFFQSENCJ-UHFFFAOYSA-N</inchi-key>
  <instrument-type nil="true"/>
  <molecule-id nil="true"/>
  <notes nil="true"/>
  <peak-counter>212</peak-counter>
  <sample-assessment nil="true"/>
  <sample-concentration nil="true"/>
  <sample-concentration-units nil="true"/>
  <sample-mass nil="true"/>
  <sample-mass-units nil="true"/>
  <sample-source nil="true"/>
  <solvent nil="true"/>
  <spectra-assessment nil="true"/>
  <updated-at>2014-09-20T16:42:05Z</updated-at>
  <references>
    <reference>
      <database>NIST</database>
      <database-id>52-86-8</database-id>
      <id>15893</id>
      <pubmed-id nil="true"/>
      <ref-text>NIST Mass Spec Data Center, S.E. Stein, director, "Mass Spectra" in NIST Chemistry WebBook, NIST Standard Reference Database Number 69, Eds. P.J. Linstrom and W.G. Mallard, National Institute of Standards and Technology, Gaithersburg MD, 20899, http://webbook.nist.gov, (retrieved September 6, 2014).</ref-text>
      <spectra-id>1021</spectra-id>
      <spectra-type>EiMs</spectra-type>
    </reference>
  </references>
  <ei-ms-peaks>
    <ei-ms-peak>
      <ei-ms-id>1021</ei-ms-id>
      <id>110591</id>
      <intensity>5.0</intensity>
      <mass-charge>26.0</mass-charge>
    </ei-ms-peak>
    <ei-ms-peak>
      <ei-ms-id>1021</ei-ms-id>
      <id>110592</id>
      <intensity>74.0</intensity>
      <mass-charge>27.0</mass-charge>
    </ei-ms-peak>
    <ei-ms-peak>
      <ei-ms-id>1021</ei-ms-id>
      <id>110593</id>
      <intensity>162.0</intensity>
      <mass-charge>28.0</mass-charge>
    </ei-ms-peak>
    <ei-ms-peak>
      <ei-ms-id>1021</ei-ms-id>
      <id>110594</id>
      <intensity>66.0</intensity>
      <mass-charge>29.0</mass-charge>
    </ei-ms-peak>
    <ei-ms-peak>
      <ei-ms-id>1021</ei-ms-id>
      <id>110595</id>
      <intensity>158.0</intensity>
      <mass-charge>30.0</mass-charge>
    </ei-ms-peak>
    <ei-ms-peak>
      <ei-ms-id>1021</ei-ms-id>
      <id>110596</id>
      <intensity>35.0</intensity>
      <mass-charge>31.0</mass-charge>
    </ei-ms-peak>
    <ei-ms-peak>
      <ei-ms-id>1021</ei-ms-id>
      <id>110597</id>
      <intensity>8.0</intensity>
      <mass-charge>38.0</mass-charge>
    </ei-ms-peak>
    <ei-ms-peak>
      <ei-ms-id>1021</ei-ms-id>
      <id>110598</id>
      <intensity>70.0</intensity>
      <mass-charge>39.0</mass-charge>
    </ei-ms-peak>
    <ei-ms-peak>
      <ei-ms-id>1021</ei-ms-id>
      <id>110599</id>
      <intensity>12.0</intensity>
      <mass-charge>40.0</mass-charge>
    </ei-ms-peak>
    <ei-ms-peak>
      <ei-ms-id>1021</ei-ms-id>
      <id>110600</id>
      <intensity>330.0</intensity>
      <mass-charge>41.0</mass-charge>
    </ei-ms-peak>
    <ei-ms-peak>
      <ei-ms-id>1021</ei-ms-id>
      <id>110601</id>
      <intensity>2516.0</intensity>
      <mass-charge>42.0</mass-charge>
    </ei-ms-peak>
    <ei-ms-peak>
      <ei-ms-id>1021</ei-ms-id>
      <id>110602</id>
      <intensity>284.0</intensity>
      <mass-charge>43.0</mass-charge>
    </ei-ms-peak>
    <ei-ms-peak>
      <ei-ms-id>1021</ei-ms-id>
      <id>110603</id>
      <intensity>76.0</intensity>
      <mass-charge>44.0</mass-charge>
    </ei-ms-peak>
    <ei-ms-peak>
      <ei-ms-id>1021</ei-ms-id>
      <id>110604</id>
      <intensity>16.0</intensity>
      <mass-charge>45.0</mass-charge>
    </ei-ms-peak>
    <ei-ms-peak>
      <ei-ms-id>1021</ei-ms-id>
      <id>110605</id>
      <intensity>24.0</intensity>
      <mass-charge>48.0</mass-charge>
    </ei-ms-peak>
    <ei-ms-peak>
      <ei-ms-id>1021</ei-ms-id>
      <id>110606</id>
      <intensity>41.0</intensity>
      <mass-charge>49.0</mass-charge>
    </ei-ms-peak>
    <ei-ms-peak>
      <ei-ms-id>1021</ei-ms-id>
      <id>110607</id>
      <intensity>43.0</intensity>
      <mass-charge>50.0</mass-charge>
    </ei-ms-peak>
    <ei-ms-peak>
      <ei-ms-id>1021</ei-ms-id>
      <id>110608</id>
      <intensity>67.0</intensity>
      <mass-charge>51.0</mass-charge>
    </ei-ms-peak>
    <ei-ms-peak>
      <ei-ms-id>1021</ei-ms-id>
      <id>110609</id>
      <intensity>17.0</intensity>
      <mass-charge>52.0</mass-charge>
    </ei-ms-peak>
    <ei-ms-peak>
      <ei-ms-id>1021</ei-ms-id>
      <id>110610</id>
      <intensity>47.0</intensity>
      <mass-charge>53.0</mass-charge>
    </ei-ms-peak>
    <ei-ms-peak>
      <ei-ms-id>1021</ei-ms-id>
      <id>110611</id>
      <intensity>95.0</intensity>
      <mass-charge>54.0</mass-charge>
    </ei-ms-peak>
    <ei-ms-peak>
      <ei-ms-id>1021</ei-ms-id>
      <id>110612</id>
      <intensity>344.0</intensity>
      <mass-charge>55.0</mass-charge>
    </ei-ms-peak>
    <ei-ms-peak>
      <ei-ms-id>1021</ei-ms-id>
      <id>110613</id>
      <intensity>844.0</intensity>
      <mass-charge>56.0</mass-charge>
    </ei-ms-peak>
    <ei-ms-peak>
      <ei-ms-id>1021</ei-ms-id>
      <id>110614</id>
      <intensity>195.0</intensity>
      <mass-charge>57.0</mass-charge>
    </ei-ms-peak>
    <ei-ms-peak>
      <ei-ms-id>1021</ei-ms-id>
      <id>110615</id>
      <intensity>68.0</intensity>
      <mass-charge>58.0</mass-charge>
    </ei-ms-peak>
    <ei-ms-peak>
      <ei-ms-id>1021</ei-ms-id>
      <id>110616</id>
      <intensity>10.0</intensity>
      <mass-charge>59.0</mass-charge>
    </ei-ms-peak>
    <ei-ms-peak>
      <ei-ms-id>1021</ei-ms-id>
      <id>110617</id>
      <intensity>133.0</intensity>
      <mass-charge>60.0</mass-charge>
    </ei-ms-peak>
    <ei-ms-peak>
      <ei-ms-id>1021</ei-ms-id>
      <id>110618</id>
      <intensity>9.0</intensity>
      <mass-charge>62.0</mass-charge>
    </ei-ms-peak>
    <ei-ms-peak>
      <ei-ms-id>1021</ei-ms-id>
      <id>110619</id>
      <intensity>30.0</intensity>
      <mass-charge>63.0</mass-charge>
    </ei-ms-peak>
    <ei-ms-peak>
      <ei-ms-id>1021</ei-ms-id>
      <id>110620</id>
      <intensity>7.0</intensity>
      <mass-charge>64.0</mass-charge>
    </ei-ms-peak>
    <ei-ms-peak>
      <ei-ms-id>1021</ei-ms-id>
      <id>110621</id>
      <intensity>27.0</intensity>
      <mass-charge>65.0</mass-charge>
    </ei-ms-peak>
    <ei-ms-peak>
      <ei-ms-id>1021</ei-ms-id>
      <id>110622</id>
      <intensity>9.0</intensity>
      <mass-charge>66.0</mass-charge>
    </ei-ms-peak>
    <ei-ms-peak>
      <ei-ms-id>1021</ei-ms-id>
      <id>110623</id>
      <intensity>30.0</intensity>
      <mass-charge>67.0</mass-charge>
    </ei-ms-peak>
    <ei-ms-peak>
      <ei-ms-id>1021</ei-ms-id>
      <id>110624</id>
      <intensity>161.0</intensity>
      <mass-charge>68.0</mass-charge>
    </ei-ms-peak>
    <ei-ms-peak>
      <ei-ms-id>1021</ei-ms-id>
      <id>110625</id>
      <intensity>159.0</intensity>
      <mass-charge>69.0</mass-charge>
    </ei-ms-peak>
    <ei-ms-peak>
      <ei-ms-id>1021</ei-ms-id>
      <id>110626</id>
      <intensity>431.0</intensity>
      <mass-charge>70.0</mass-charge>
    </ei-ms-peak>
    <ei-ms-peak>
      <ei-ms-id>1021</ei-ms-id>
      <id>110627</id>
      <intensity>260.0</intensity>
      <mass-charge>71.0</mass-charge>
    </ei-ms-peak>
    <ei-ms-peak>
      <ei-ms-id>1021</ei-ms-id>
      <id>110628</id>
      <intensity>20.0</intensity>
      <mass-charge>72.0</mass-charge>
    </ei-ms-peak>
    <ei-ms-peak>
      <ei-ms-id>1021</ei-ms-id>
      <id>110629</id>
      <intensity>14.0</intensity>
      <mass-charge>73.0</mass-charge>
    </ei-ms-peak>
    <ei-ms-peak>
      <ei-ms-id>1021</ei-ms-id>
      <id>110630</id>
      <intensity>19.0</intensity>
      <mass-charge>74.0</mass-charge>
    </ei-ms-peak>
    <ei-ms-peak>
      <ei-ms-id>1021</ei-ms-id>
      <id>110631</id>
      <intensity>207.0</intensity>
      <mass-charge>75.0</mass-charge>
    </ei-ms-peak>
    <ei-ms-peak>
      <ei-ms-id>1021</ei-ms-id>
      <id>110632</id>
      <intensity>57.0</intensity>
      <mass-charge>76.0</mass-charge>
    </ei-ms-peak>
    <ei-ms-peak>
      <ei-ms-id>1021</ei-ms-id>
      <id>110633</id>
      <intensity>121.0</intensity>
      <mass-charge>77.0</mass-charge>
    </ei-ms-peak>
    <ei-ms-peak>
      <ei-ms-id>1021</ei-ms-id>
      <id>110634</id>
      <intensity>39.0</intensity>
      <mass-charge>78.0</mass-charge>
    </ei-ms-peak>
    <ei-ms-peak>
      <ei-ms-id>1021</ei-ms-id>
      <id>110635</id>
      <intensity>8.0</intensity>
      <mass-charge>79.0</mass-charge>
    </ei-ms-peak>
    <ei-ms-peak>
      <ei-ms-id>1021</ei-ms-id>
      <id>110636</id>
      <intensity>16.0</intensity>
      <mass-charge>80.0</mass-charge>
    </ei-ms-peak>
    <ei-ms-peak>
      <ei-ms-id>1021</ei-ms-id>
      <id>110637</id>
      <intensity>21.0</intensity>
      <mass-charge>81.0</mass-charge>
    </ei-ms-peak>
    <ei-ms-peak>
      <ei-ms-id>1021</ei-ms-id>
      <id>110638</id>
      <intensity>180.0</intensity>
      <mass-charge>82.0</mass-charge>
    </ei-ms-peak>
    <ei-ms-peak>
      <ei-ms-id>1021</ei-ms-id>
      <id>110639</id>
      <intensity>706.0</intensity>
      <mass-charge>83.0</mass-charge>
    </ei-ms-peak>
    <ei-ms-peak>
      <ei-ms-id>1021</ei-ms-id>
      <id>110640</id>
      <intensity>467.0</intensity>
      <mass-charge>84.0</mass-charge>
    </ei-ms-peak>
    <ei-ms-peak>
      <ei-ms-id>1021</ei-ms-id>
      <id>110641</id>
      <intensity>37.0</intensity>
      <mass-charge>85.0</mass-charge>
    </ei-ms-peak>
    <ei-ms-peak>
      <ei-ms-id>1021</ei-ms-id>
      <id>110642</id>
      <intensity>192.0</intensity>
      <mass-charge>86.0</mass-charge>
    </ei-ms-peak>
    <ei-ms-peak>
      <ei-ms-id>1021</ei-ms-id>
      <id>110643</id>
      <intensity>14.0</intensity>
      <mass-charge>87.0</mass-charge>
    </ei-ms-peak>
    <ei-ms-peak>
      <ei-ms-id>1021</ei-ms-id>
      <id>110644</id>
      <intensity>7.0</intensity>
      <mass-charge>88.0</mass-charge>
    </ei-ms-peak>
    <ei-ms-peak>
      <ei-ms-id>1021</ei-ms-id>
      <id>110645</id>
      <intensity>37.0</intensity>
      <mass-charge>89.0</mass-charge>
    </ei-ms-peak>
    <ei-ms-peak>
      <ei-ms-id>1021</ei-ms-id>
      <id>110646</id>
      <intensity>14.0</intensity>
      <mass-charge>90.0</mass-charge>
    </ei-ms-peak>
    <ei-ms-peak>
      <ei-ms-id>1021</ei-ms-id>
      <id>110647</id>
      <intensity>57.0</intensity>
      <mass-charge>91.0</mass-charge>
    </ei-ms-peak>
    <ei-ms-peak>
      <ei-ms-id>1021</ei-ms-id>
      <id>110648</id>
      <intensity>16.0</intensity>
      <mass-charge>92.0</mass-charge>
    </ei-ms-peak>
    <ei-ms-peak>
      <ei-ms-id>1021</ei-ms-id>
      <id>110649</id>
      <intensity>12.0</intensity>
      <mass-charge>93.0</mass-charge>
    </ei-ms-peak>
    <ei-ms-peak>
      <ei-ms-id>1021</ei-ms-id>
      <id>110650</id>
      <intensity>61.0</intensity>
      <mass-charge>94.0</mass-charge>
    </ei-ms-peak>
    <ei-ms-peak>
      <ei-ms-id>1021</ei-ms-id>
      <id>110651</id>
      <intensity>794.0</intensity>
      <mass-charge>95.0</mass-charge>
    </ei-ms-peak>
    <ei-ms-peak>
      <ei-ms-id>1021</ei-ms-id>
      <id>110652</id>
      <intensity>150.0</intensity>
      <mass-charge>96.0</mass-charge>
    </ei-ms-peak>
    <ei-ms-peak>
      <ei-ms-id>1021</ei-ms-id>
      <id>110653</id>
      <intensity>53.0</intensity>
      <mass-charge>97.0</mass-charge>
    </ei-ms-peak>
    <ei-ms-peak>
      <ei-ms-id>1021</ei-ms-id>
      <id>110654</id>
      <intensity>255.0</intensity>
      <mass-charge>98.0</mass-charge>
    </ei-ms-peak>
    <ei-ms-peak>
      <ei-ms-id>1021</ei-ms-id>
      <id>110655</id>
      <intensity>30.0</intensity>
      <mass-charge>99.0</mass-charge>
    </ei-ms-peak>
    <ei-ms-peak>
      <ei-ms-id>1021</ei-ms-id>
      <id>110656</id>
      <intensity>5.0</intensity>
      <mass-charge>100.0</mass-charge>
    </ei-ms-peak>
    <ei-ms-peak>
      <ei-ms-id>1021</ei-ms-id>
      <id>110657</id>
      <intensity>59.0</intensity>
      <mass-charge>101.0</mass-charge>
    </ei-ms-peak>
    <ei-ms-peak>
      <ei-ms-id>1021</ei-ms-id>
      <id>110658</id>
      <intensity>64.0</intensity>
      <mass-charge>102.0</mass-charge>
    </ei-ms-peak>
    <ei-ms-peak>
      <ei-ms-id>1021</ei-ms-id>
      <id>110659</id>
      <intensity>75.0</intensity>
      <mass-charge>103.0</mass-charge>
    </ei-ms-peak>
    <ei-ms-peak>
      <ei-ms-id>1021</ei-ms-id>
      <id>110660</id>
      <intensity>44.0</intensity>
      <mass-charge>104.0</mass-charge>
    </ei-ms-peak>
    <ei-ms-peak>
      <ei-ms-id>1021</ei-ms-id>
      <id>110661</id>
      <intensity>21.0</intensity>
      <mass-charge>105.0</mass-charge>
    </ei-ms-peak>
    <ei-ms-peak>
      <ei-ms-id>1021</ei-ms-id>
      <id>110662</id>
      <intensity>9.0</intensity>
      <mass-charge>106.0</mass-charge>
    </ei-ms-peak>
    <ei-ms-peak>
      <ei-ms-id>1021</ei-ms-id>
      <id>110663</id>
      <intensity>11.0</intensity>
      <mass-charge>107.0</mass-charge>
    </ei-ms-peak>
    <ei-ms-peak>
      <ei-ms-id>1021</ei-ms-id>
      <id>110664</id>
      <intensity>32.0</intensity>
      <mass-charge>108.0</mass-charge>
    </ei-ms-peak>
    <ei-ms-peak>
      <ei-ms-id>1021</ei-ms-id>
      <id>110665</id>
      <intensity>83.0</intensity>
      <mass-charge>109.0</mass-charge>
    </ei-ms-peak>
    <ei-ms-peak>
      <ei-ms-id>1021</ei-ms-id>
      <id>110666</id>
      <intensity>25.0</intensity>
      <mass-charge>110.0</mass-charge>
    </ei-ms-peak>
    <ei-ms-peak>
      <ei-ms-id>1021</ei-ms-id>
      <id>110667</id>
      <intensity>280.0</intensity>
      <mass-charge>111.0</mass-charge>
    </ei-ms-peak>
    <ei-ms-peak>
      <ei-ms-id>1021</ei-ms-id>
      <id>110668</id>
      <intensity>163.0</intensity>
      <mass-charge>112.0</mass-charge>
    </ei-ms-peak>
    <ei-ms-peak>
      <ei-ms-id>1021</ei-ms-id>
      <id>110669</id>
      <intensity>104.0</intensity>
      <mass-charge>113.0</mass-charge>
    </ei-ms-peak>
    <ei-ms-peak>
      <ei-ms-id>1021</ei-ms-id>
      <id>110670</id>
      <intensity>30.0</intensity>
      <mass-charge>114.0</mass-charge>
    </ei-ms-peak>
    <ei-ms-peak>
      <ei-ms-id>1021</ei-ms-id>
      <id>110671</id>
      <intensity>105.0</intensity>
      <mass-charge>115.0</mass-charge>
    </ei-ms-peak>
    <ei-ms-peak>
      <ei-ms-id>1021</ei-ms-id>
      <id>110672</id>
      <intensity>39.0</intensity>
      <mass-charge>116.0</mass-charge>
    </ei-ms-peak>
    <ei-ms-peak>
      <ei-ms-id>1021</ei-ms-id>
      <id>110673</id>
      <intensity>28.0</intensity>
      <mass-charge>117.0</mass-charge>
    </ei-ms-peak>
    <ei-ms-peak>
      <ei-ms-id>1021</ei-ms-id>
      <id>110674</id>
      <intensity>10.0</intensity>
      <mass-charge>118.0</mass-charge>
    </ei-ms-peak>
    <ei-ms-peak>
      <ei-ms-id>1021</ei-ms-id>
      <id>110675</id>
      <intensity>8.0</intensity>
      <mass-charge>119.0</mass-charge>
    </ei-ms-peak>
    <ei-ms-peak>
      <ei-ms-id>1021</ei-ms-id>
      <id>110676</id>
      <intensity>10.0</intensity>
      <mass-charge>120.0</mass-charge>
    </ei-ms-peak>
    <ei-ms-peak>
      <ei-ms-id>1021</ei-ms-id>
      <id>110677</id>
      <intensity>27.0</intensity>
      <mass-charge>121.0</mass-charge>
    </ei-ms-peak>
    <ei-ms-peak>
      <ei-ms-id>1021</ei-ms-id>
      <id>110678</id>
      <intensity>32.0</intensity>
      <mass-charge>122.0</mass-charge>
    </ei-ms-peak>
    <ei-ms-peak>
      <ei-ms-id>1021</ei-ms-id>
      <id>110679</id>
      <intensity>1764.0</intensity>
      <mass-charge>123.0</mass-charge>
    </ei-ms-peak>
    <ei-ms-peak>
      <ei-ms-id>1021</ei-ms-id>
      <id>110680</id>
      <intensity>141.0</intensity>
      <mass-charge>124.0</mass-charge>
    </ei-ms-peak>
    <ei-ms-peak>
      <ei-ms-id>1021</ei-ms-id>
      <id>110681</id>
      <intensity>349.0</intensity>
      <mass-charge>125.0</mass-charge>
    </ei-ms-peak>
    <ei-ms-peak>
      <ei-ms-id>1021</ei-ms-id>
      <id>110682</id>
      <intensity>36.0</intensity>
      <mass-charge>126.0</mass-charge>
    </ei-ms-peak>
    <ei-ms-peak>
      <ei-ms-id>1021</ei-ms-id>
      <id>110683</id>
      <intensity>134.0</intensity>
      <mass-charge>127.0</mass-charge>
    </ei-ms-peak>
    <ei-ms-peak>
      <ei-ms-id>1021</ei-ms-id>
      <id>110684</id>
      <intensity>90.0</intensity>
      <mass-charge>128.0</mass-charge>
    </ei-ms-peak>
    <ei-ms-peak>
      <ei-ms-id>1021</ei-ms-id>
      <id>110685</id>
      <intensity>153.0</intensity>
      <mass-charge>129.0</mass-charge>
    </ei-ms-peak>
    <ei-ms-peak>
      <ei-ms-id>1021</ei-ms-id>
      <id>110686</id>
      <intensity>147.0</intensity>
      <mass-charge>130.0</mass-charge>
    </ei-ms-peak>
    <ei-ms-peak>
      <ei-ms-id>1021</ei-ms-id>
      <id>110687</id>
      <intensity>54.0</intensity>
      <mass-charge>131.0</mass-charge>
    </ei-ms-peak>
    <ei-ms-peak>
      <ei-ms-id>1021</ei-ms-id>
      <id>110688</id>
      <intensity>31.0</intensity>
      <mass-charge>132.0</mass-charge>
    </ei-ms-peak>
    <ei-ms-peak>
      <ei-ms-id>1021</ei-ms-id>
      <id>110689</id>
      <intensity>82.0</intensity>
      <mass-charge>133.0</mass-charge>
    </ei-ms-peak>
    <ei-ms-peak>
      <ei-ms-id>1021</ei-ms-id>
      <id>110690</id>
      <intensity>19.0</intensity>
      <mass-charge>134.0</mass-charge>
    </ei-ms-peak>
    <ei-ms-peak>
      <ei-ms-id>1021</ei-ms-id>
      <id>110691</id>
      <intensity>56.0</intensity>
      <mass-charge>135.0</mass-charge>
    </ei-ms-peak>
    <ei-ms-peak>
      <ei-ms-id>1021</ei-ms-id>
      <id>110692</id>
      <intensity>25.0</intensity>
      <mass-charge>136.0</mass-charge>
    </ei-ms-peak>
    <ei-ms-peak>
      <ei-ms-id>1021</ei-ms-id>
      <id>110693</id>
      <intensity>303.0</intensity>
      <mass-charge>137.0</mass-charge>
    </ei-ms-peak>
    <ei-ms-peak>
      <ei-ms-id>1021</ei-ms-id>
      <id>110694</id>
      <intensity>158.0</intensity>
      <mass-charge>138.0</mass-charge>
    </ei-ms-peak>
    <ei-ms-peak>
      <ei-ms-id>1021</ei-ms-id>
      <id>110695</id>
      <intensity>560.0</intensity>
      <mass-charge>139.0</mass-charge>
    </ei-ms-peak>
    <ei-ms-peak>
      <ei-ms-id>1021</ei-ms-id>
      <id>110696</id>
      <intensity>59.0</intensity>
      <mass-charge>140.0</mass-charge>
    </ei-ms-peak>
    <ei-ms-peak>
      <ei-ms-id>1021</ei-ms-id>
      <id>110697</id>
      <intensity>180.0</intensity>
      <mass-charge>141.0</mass-charge>
    </ei-ms-peak>
    <ei-ms-peak>
      <ei-ms-id>1021</ei-ms-id>
      <id>110698</id>
      <intensity>39.0</intensity>
      <mass-charge>142.0</mass-charge>
    </ei-ms-peak>
    <ei-ms-peak>
      <ei-ms-id>1021</ei-ms-id>
      <id>110699</id>
      <intensity>34.0</intensity>
      <mass-charge>143.0</mass-charge>
    </ei-ms-peak>
    <ei-ms-peak>
      <ei-ms-id>1021</ei-ms-id>
      <id>110700</id>
      <intensity>28.0</intensity>
      <mass-charge>144.0</mass-charge>
    </ei-ms-peak>
    <ei-ms-peak>
      <ei-ms-id>1021</ei-ms-id>
      <id>110701</id>
      <intensity>21.0</intensity>
      <mass-charge>145.0</mass-charge>
    </ei-ms-peak>
    <ei-ms-peak>
      <ei-ms-id>1021</ei-ms-id>
      <id>110702</id>
      <intensity>19.0</intensity>
      <mass-charge>146.0</mass-charge>
    </ei-ms-peak>
    <ei-ms-peak>
      <ei-ms-id>1021</ei-ms-id>
      <id>110703</id>
      <intensity>16.0</intensity>
      <mass-charge>147.0</mass-charge>
    </ei-ms-peak>
    <ei-ms-peak>
      <ei-ms-id>1021</ei-ms-id>
      <id>110704</id>
      <intensity>6.0</intensity>
      <mass-charge>148.0</mass-charge>
    </ei-ms-peak>
    <ei-ms-peak>
      <ei-ms-id>1021</ei-ms-id>
      <id>110705</id>
      <intensity>70.0</intensity>
      <mass-charge>149.0</mass-charge>
    </ei-ms-peak>
    <ei-ms-peak>
      <ei-ms-id>1021</ei-ms-id>
      <id>110706</id>
      <intensity>33.0</intensity>
      <mass-charge>150.0</mass-charge>
    </ei-ms-peak>
    <ei-ms-peak>
      <ei-ms-id>1021</ei-ms-id>
      <id>110707</id>
      <intensity>72.0</intensity>
      <mass-charge>151.0</mass-charge>
    </ei-ms-peak>
    <ei-ms-peak>
      <ei-ms-id>1021</ei-ms-id>
      <id>110708</id>
      <intensity>31.0</intensity>
      <mass-charge>152.0</mass-charge>
    </ei-ms-peak>
    <ei-ms-peak>
      <ei-ms-id>1021</ei-ms-id>
      <id>110709</id>
      <intensity>22.0</intensity>
      <mass-charge>153.0</mass-charge>
    </ei-ms-peak>
    <ei-ms-peak>
      <ei-ms-id>1021</ei-ms-id>
      <id>110710</id>
      <intensity>59.0</intensity>
      <mass-charge>154.0</mass-charge>
    </ei-ms-peak>
    <ei-ms-peak>
      <ei-ms-id>1021</ei-ms-id>
      <id>110711</id>
      <intensity>18.0</intensity>
      <mass-charge>155.0</mass-charge>
    </ei-ms-peak>
    <ei-ms-peak>
      <ei-ms-id>1021</ei-ms-id>
      <id>110712</id>
      <intensity>22.0</intensity>
      <mass-charge>156.0</mass-charge>
    </ei-ms-peak>
    <ei-ms-peak>
      <ei-ms-id>1021</ei-ms-id>
      <id>110713</id>
      <intensity>11.0</intensity>
      <mass-charge>157.0</mass-charge>
    </ei-ms-peak>
    <ei-ms-peak>
      <ei-ms-id>1021</ei-ms-id>
      <id>110714</id>
      <intensity>12.0</intensity>
      <mass-charge>158.0</mass-charge>
    </ei-ms-peak>
    <ei-ms-peak>
      <ei-ms-id>1021</ei-ms-id>
      <id>110715</id>
      <intensity>8.0</intensity>
      <mass-charge>159.0</mass-charge>
    </ei-ms-peak>
    <ei-ms-peak>
      <ei-ms-id>1021</ei-ms-id>
      <id>110716</id>
      <intensity>7.0</intensity>
      <mass-charge>160.0</mass-charge>
    </ei-ms-peak>
    <ei-ms-peak>
      <ei-ms-id>1021</ei-ms-id>
      <id>110717</id>
      <intensity>7.0</intensity>
      <mass-charge>161.0</mass-charge>
    </ei-ms-peak>
    <ei-ms-peak>
      <ei-ms-id>1021</ei-ms-id>
      <id>110718</id>
      <intensity>25.0</intensity>
      <mass-charge>162.0</mass-charge>
    </ei-ms-peak>
    <ei-ms-peak>
      <ei-ms-id>1021</ei-ms-id>
      <id>110719</id>
      <intensity>67.0</intensity>
      <mass-charge>163.0</mass-charge>
    </ei-ms-peak>
    <ei-ms-peak>
      <ei-ms-id>1021</ei-ms-id>
      <id>110720</id>
      <intensity>116.0</intensity>
      <mass-charge>164.0</mass-charge>
    </ei-ms-peak>
    <ei-ms-peak>
      <ei-ms-id>1021</ei-ms-id>
      <id>110721</id>
      <intensity>942.0</intensity>
      <mass-charge>165.0</mass-charge>
    </ei-ms-peak>
    <ei-ms-peak>
      <ei-ms-id>1021</ei-ms-id>
      <id>110722</id>
      <intensity>131.0</intensity>
      <mass-charge>166.0</mass-charge>
    </ei-ms-peak>
    <ei-ms-peak>
      <ei-ms-id>1021</ei-ms-id>
      <id>110723</id>
      <intensity>153.0</intensity>
      <mass-charge>167.0</mass-charge>
    </ei-ms-peak>
    <ei-ms-peak>
      <ei-ms-id>1021</ei-ms-id>
      <id>110724</id>
      <intensity>32.0</intensity>
      <mass-charge>168.0</mass-charge>
    </ei-ms-peak>
    <ei-ms-peak>
      <ei-ms-id>1021</ei-ms-id>
      <id>110725</id>
      <intensity>39.0</intensity>
      <mass-charge>169.0</mass-charge>
    </ei-ms-peak>
    <ei-ms-peak>
      <ei-ms-id>1021</ei-ms-id>
      <id>110726</id>
      <intensity>23.0</intensity>
      <mass-charge>170.0</mass-charge>
    </ei-ms-peak>
    <ei-ms-peak>
      <ei-ms-id>1021</ei-ms-id>
      <id>110727</id>
      <intensity>45.0</intensity>
      <mass-charge>171.0</mass-charge>
    </ei-ms-peak>
    <ei-ms-peak>
      <ei-ms-id>1021</ei-ms-id>
      <id>110728</id>
      <intensity>17.0</intensity>
      <mass-charge>172.0</mass-charge>
    </ei-ms-peak>
    <ei-ms-peak>
      <ei-ms-id>1021</ei-ms-id>
      <id>110729</id>
      <intensity>7.0</intensity>
      <mass-charge>173.0</mass-charge>
    </ei-ms-peak>
    <ei-ms-peak>
      <ei-ms-id>1021</ei-ms-id>
      <id>110730</id>
      <intensity>13.0</intensity>
      <mass-charge>174.0</mass-charge>
    </ei-ms-peak>
    <ei-ms-peak>
      <ei-ms-id>1021</ei-ms-id>
      <id>110731</id>
      <intensity>13.0</intensity>
      <mass-charge>175.0</mass-charge>
    </ei-ms-peak>
    <ei-ms-peak>
      <ei-ms-id>1021</ei-ms-id>
      <id>110732</id>
      <intensity>36.0</intensity>
      <mass-charge>176.0</mass-charge>
    </ei-ms-peak>
    <ei-ms-peak>
      <ei-ms-id>1021</ei-ms-id>
      <id>110733</id>
      <intensity>59.0</intensity>
      <mass-charge>177.0</mass-charge>
    </ei-ms-peak>
    <ei-ms-peak>
      <ei-ms-id>1021</ei-ms-id>
      <id>110734</id>
      <intensity>32.0</intensity>
      <mass-charge>178.0</mass-charge>
    </ei-ms-peak>
    <ei-ms-peak>
      <ei-ms-id>1021</ei-ms-id>
      <id>110735</id>
      <intensity>38.0</intensity>
      <mass-charge>179.0</mass-charge>
    </ei-ms-peak>
    <ei-ms-peak>
      <ei-ms-id>1021</ei-ms-id>
      <id>110736</id>
      <intensity>35.0</intensity>
      <mass-charge>180.0</mass-charge>
    </ei-ms-peak>
    <ei-ms-peak>
      <ei-ms-id>1021</ei-ms-id>
      <id>110737</id>
      <intensity>35.0</intensity>
      <mass-charge>181.0</mass-charge>
    </ei-ms-peak>
    <ei-ms-peak>
      <ei-ms-id>1021</ei-ms-id>
      <id>110738</id>
      <intensity>41.0</intensity>
      <mass-charge>182.0</mass-charge>
    </ei-ms-peak>
    <ei-ms-peak>
      <ei-ms-id>1021</ei-ms-id>
      <id>110739</id>
      <intensity>11.0</intensity>
      <mass-charge>183.0</mass-charge>
    </ei-ms-peak>
    <ei-ms-peak>
      <ei-ms-id>1021</ei-ms-id>
      <id>110740</id>
      <intensity>32.0</intensity>
      <mass-charge>184.0</mass-charge>
    </ei-ms-peak>
    <ei-ms-peak>
      <ei-ms-id>1021</ei-ms-id>
      <id>110741</id>
      <intensity>12.0</intensity>
      <mass-charge>185.0</mass-charge>
    </ei-ms-peak>
    <ei-ms-peak>
      <ei-ms-id>1021</ei-ms-id>
      <id>110742</id>
      <intensity>8.0</intensity>
      <mass-charge>186.0</mass-charge>
    </ei-ms-peak>
    <ei-ms-peak>
      <ei-ms-id>1021</ei-ms-id>
      <id>110743</id>
      <intensity>5.0</intensity>
      <mass-charge>187.0</mass-charge>
    </ei-ms-peak>
    <ei-ms-peak>
      <ei-ms-id>1021</ei-ms-id>
      <id>110744</id>
      <intensity>169.0</intensity>
      <mass-charge>189.0</mass-charge>
    </ei-ms-peak>
    <ei-ms-peak>
      <ei-ms-id>1021</ei-ms-id>
      <id>110745</id>
      <intensity>135.0</intensity>
      <mass-charge>190.0</mass-charge>
    </ei-ms-peak>
    <ei-ms-peak>
      <ei-ms-id>1021</ei-ms-id>
      <id>110746</id>
      <intensity>59.0</intensity>
      <mass-charge>191.0</mass-charge>
    </ei-ms-peak>
    <ei-ms-peak>
      <ei-ms-id>1021</ei-ms-id>
      <id>110747</id>
      <intensity>171.0</intensity>
      <mass-charge>192.0</mass-charge>
    </ei-ms-peak>
    <ei-ms-peak>
      <ei-ms-id>1021</ei-ms-id>
      <id>110748</id>
      <intensity>58.0</intensity>
      <mass-charge>193.0</mass-charge>
    </ei-ms-peak>
    <ei-ms-peak>
      <ei-ms-id>1021</ei-ms-id>
      <id>110749</id>
      <intensity>120.0</intensity>
      <mass-charge>194.0</mass-charge>
    </ei-ms-peak>
    <ei-ms-peak>
      <ei-ms-id>1021</ei-ms-id>
      <id>110750</id>
      <intensity>27.0</intensity>
      <mass-charge>195.0</mass-charge>
    </ei-ms-peak>
    <ei-ms-peak>
      <ei-ms-id>1021</ei-ms-id>
      <id>110751</id>
      <intensity>57.0</intensity>
      <mass-charge>196.0</mass-charge>
    </ei-ms-peak>
    <ei-ms-peak>
      <ei-ms-id>1021</ei-ms-id>
      <id>110752</id>
      <intensity>14.0</intensity>
      <mass-charge>197.0</mass-charge>
    </ei-ms-peak>
    <ei-ms-peak>
      <ei-ms-id>1021</ei-ms-id>
      <id>110753</id>
      <intensity>21.0</intensity>
      <mass-charge>198.0</mass-charge>
    </ei-ms-peak>
    <ei-ms-peak>
      <ei-ms-id>1021</ei-ms-id>
      <id>110754</id>
      <intensity>46.0</intensity>
      <mass-charge>202.0</mass-charge>
    </ei-ms-peak>
    <ei-ms-peak>
      <ei-ms-id>1021</ei-ms-id>
      <id>110755</id>
      <intensity>58.0</intensity>
      <mass-charge>203.0</mass-charge>
    </ei-ms-peak>
    <ei-ms-peak>
      <ei-ms-id>1021</ei-ms-id>
      <id>110756</id>
      <intensity>37.0</intensity>
      <mass-charge>204.0</mass-charge>
    </ei-ms-peak>
    <ei-ms-peak>
      <ei-ms-id>1021</ei-ms-id>
      <id>110757</id>
      <intensity>27.0</intensity>
      <mass-charge>205.0</mass-charge>
    </ei-ms-peak>
    <ei-ms-peak>
      <ei-ms-id>1021</ei-ms-id>
      <id>110758</id>
      <intensity>1446.0</intensity>
      <mass-charge>206.0</mass-charge>
    </ei-ms-peak>
    <ei-ms-peak>
      <ei-ms-id>1021</ei-ms-id>
      <id>110759</id>
      <intensity>208.0</intensity>
      <mass-charge>207.0</mass-charge>
    </ei-ms-peak>
    <ei-ms-peak>
      <ei-ms-id>1021</ei-ms-id>
      <id>110760</id>
      <intensity>533.0</intensity>
      <mass-charge>208.0</mass-charge>
    </ei-ms-peak>
    <ei-ms-peak>
      <ei-ms-id>1021</ei-ms-id>
      <id>110761</id>
      <intensity>176.0</intensity>
      <mass-charge>209.0</mass-charge>
    </ei-ms-peak>
    <ei-ms-peak>
      <ei-ms-id>1021</ei-ms-id>
      <id>110762</id>
      <intensity>219.0</intensity>
      <mass-charge>210.0</mass-charge>
    </ei-ms-peak>
    <ei-ms-peak>
      <ei-ms-id>1021</ei-ms-id>
      <id>110763</id>
      <intensity>70.0</intensity>
      <mass-charge>211.0</mass-charge>
    </ei-ms-peak>
    <ei-ms-peak>
      <ei-ms-id>1021</ei-ms-id>
      <id>110764</id>
      <intensity>62.0</intensity>
      <mass-charge>212.0</mass-charge>
    </ei-ms-peak>
    <ei-ms-peak>
      <ei-ms-id>1021</ei-ms-id>
      <id>110765</id>
      <intensity>20.0</intensity>
      <mass-charge>213.0</mass-charge>
    </ei-ms-peak>
    <ei-ms-peak>
      <ei-ms-id>1021</ei-ms-id>
      <id>110766</id>
      <intensity>11.0</intensity>
      <mass-charge>217.0</mass-charge>
    </ei-ms-peak>
    <ei-ms-peak>
      <ei-ms-id>1021</ei-ms-id>
      <id>110767</id>
      <intensity>51.0</intensity>
      <mass-charge>218.0</mass-charge>
    </ei-ms-peak>
    <ei-ms-peak>
      <ei-ms-id>1021</ei-ms-id>
      <id>110768</id>
      <intensity>221.0</intensity>
      <mass-charge>219.0</mass-charge>
    </ei-ms-peak>
    <ei-ms-peak>
      <ei-ms-id>1021</ei-ms-id>
      <id>110769</id>
      <intensity>132.0</intensity>
      <mass-charge>220.0</mass-charge>
    </ei-ms-peak>
    <ei-ms-peak>
      <ei-ms-id>1021</ei-ms-id>
      <id>110770</id>
      <intensity>116.0</intensity>
      <mass-charge>221.0</mass-charge>
    </ei-ms-peak>
    <ei-ms-peak>
      <ei-ms-id>1021</ei-ms-id>
      <id>110771</id>
      <intensity>138.0</intensity>
      <mass-charge>222.0</mass-charge>
    </ei-ms-peak>
    <ei-ms-peak>
      <ei-ms-id>1021</ei-ms-id>
      <id>110772</id>
      <intensity>40.0</intensity>
      <mass-charge>223.0</mass-charge>
    </ei-ms-peak>
    <ei-ms-peak>
      <ei-ms-id>1021</ei-ms-id>
      <id>110773</id>
      <intensity>9999.0</intensity>
      <mass-charge>224.0</mass-charge>
    </ei-ms-peak>
    <ei-ms-peak>
      <ei-ms-id>1021</ei-ms-id>
      <id>110774</id>
      <intensity>1209.0</intensity>
      <mass-charge>225.0</mass-charge>
    </ei-ms-peak>
    <ei-ms-peak>
      <ei-ms-id>1021</ei-ms-id>
      <id>110775</id>
      <intensity>3033.0</intensity>
      <mass-charge>226.0</mass-charge>
    </ei-ms-peak>
    <ei-ms-peak>
      <ei-ms-id>1021</ei-ms-id>
      <id>110776</id>
      <intensity>397.0</intensity>
      <mass-charge>227.0</mass-charge>
    </ei-ms-peak>
    <ei-ms-peak>
      <ei-ms-id>1021</ei-ms-id>
      <id>110777</id>
      <intensity>35.0</intensity>
      <mass-charge>228.0</mass-charge>
    </ei-ms-peak>
    <ei-ms-peak>
      <ei-ms-id>1021</ei-ms-id>
      <id>110778</id>
      <intensity>9.0</intensity>
      <mass-charge>232.0</mass-charge>
    </ei-ms-peak>
    <ei-ms-peak>
      <ei-ms-id>1021</ei-ms-id>
      <id>110779</id>
      <intensity>5.0</intensity>
      <mass-charge>233.0</mass-charge>
    </ei-ms-peak>
    <ei-ms-peak>
      <ei-ms-id>1021</ei-ms-id>
      <id>110780</id>
      <intensity>24.0</intensity>
      <mass-charge>234.0</mass-charge>
    </ei-ms-peak>
    <ei-ms-peak>
      <ei-ms-id>1021</ei-ms-id>
      <id>110781</id>
      <intensity>12.0</intensity>
      <mass-charge>235.0</mass-charge>
    </ei-ms-peak>
    <ei-ms-peak>
      <ei-ms-id>1021</ei-ms-id>
      <id>110782</id>
      <intensity>68.0</intensity>
      <mass-charge>236.0</mass-charge>
    </ei-ms-peak>
    <ei-ms-peak>
      <ei-ms-id>1021</ei-ms-id>
      <id>110783</id>
      <intensity>8493.0</intensity>
      <mass-charge>237.0</mass-charge>
    </ei-ms-peak>
    <ei-ms-peak>
      <ei-ms-id>1021</ei-ms-id>
      <id>110784</id>
      <intensity>1179.0</intensity>
      <mass-charge>238.0</mass-charge>
    </ei-ms-peak>
    <ei-ms-peak>
      <ei-ms-id>1021</ei-ms-id>
      <id>110785</id>
      <intensity>2513.0</intensity>
      <mass-charge>239.0</mass-charge>
    </ei-ms-peak>
    <ei-ms-peak>
      <ei-ms-id>1021</ei-ms-id>
      <id>110786</id>
      <intensity>333.0</intensity>
      <mass-charge>240.0</mass-charge>
    </ei-ms-peak>
    <ei-ms-peak>
      <ei-ms-id>1021</ei-ms-id>
      <id>110787</id>
      <intensity>29.0</intensity>
      <mass-charge>241.0</mass-charge>
    </ei-ms-peak>
    <ei-ms-peak>
      <ei-ms-id>1021</ei-ms-id>
      <id>110788</id>
      <intensity>5.0</intensity>
      <mass-charge>249.0</mass-charge>
    </ei-ms-peak>
    <ei-ms-peak>
      <ei-ms-id>1021</ei-ms-id>
      <id>110789</id>
      <intensity>27.0</intensity>
      <mass-charge>250.0</mass-charge>
    </ei-ms-peak>
    <ei-ms-peak>
      <ei-ms-id>1021</ei-ms-id>
      <id>110790</id>
      <intensity>5.0</intensity>
      <mass-charge>251.0</mass-charge>
    </ei-ms-peak>
    <ei-ms-peak>
      <ei-ms-id>1021</ei-ms-id>
      <id>110791</id>
      <intensity>19.0</intensity>
      <mass-charge>252.0</mass-charge>
    </ei-ms-peak>
    <ei-ms-peak>
      <ei-ms-id>1021</ei-ms-id>
      <id>110792</id>
      <intensity>2.0</intensity>
      <mass-charge>253.0</mass-charge>
    </ei-ms-peak>
    <ei-ms-peak>
      <ei-ms-id>1021</ei-ms-id>
      <id>110793</id>
      <intensity>19.0</intensity>
      <mass-charge>356.0</mass-charge>
    </ei-ms-peak>
    <ei-ms-peak>
      <ei-ms-id>1021</ei-ms-id>
      <id>110794</id>
      <intensity>29.0</intensity>
      <mass-charge>357.0</mass-charge>
    </ei-ms-peak>
    <ei-ms-peak>
      <ei-ms-id>1021</ei-ms-id>
      <id>110795</id>
      <intensity>35.0</intensity>
      <mass-charge>358.0</mass-charge>
    </ei-ms-peak>
    <ei-ms-peak>
      <ei-ms-id>1021</ei-ms-id>
      <id>110796</id>
      <intensity>15.0</intensity>
      <mass-charge>359.0</mass-charge>
    </ei-ms-peak>
    <ei-ms-peak>
      <ei-ms-id>1021</ei-ms-id>
      <id>110797</id>
      <intensity>21.0</intensity>
      <mass-charge>360.0</mass-charge>
    </ei-ms-peak>
    <ei-ms-peak>
      <ei-ms-id>1021</ei-ms-id>
      <id>110798</id>
      <intensity>57.0</intensity>
      <mass-charge>374.0</mass-charge>
    </ei-ms-peak>
    <ei-ms-peak>
      <ei-ms-id>1021</ei-ms-id>
      <id>110799</id>
      <intensity>225.0</intensity>
      <mass-charge>375.0</mass-charge>
    </ei-ms-peak>
    <ei-ms-peak>
      <ei-ms-id>1021</ei-ms-id>
      <id>110800</id>
      <intensity>76.0</intensity>
      <mass-charge>376.0</mass-charge>
    </ei-ms-peak>
    <ei-ms-peak>
      <ei-ms-id>1021</ei-ms-id>
      <id>110801</id>
      <intensity>83.0</intensity>
      <mass-charge>377.0</mass-charge>
    </ei-ms-peak>
    <ei-ms-peak>
      <ei-ms-id>1021</ei-ms-id>
      <id>110802</id>
      <intensity>25.0</intensity>
      <mass-charge>378.0</mass-charge>
    </ei-ms-peak>
  </ei-ms-peaks>
</ei-ms>
