<?xml version="1.0" encoding="UTF-8"?>
<ei-ms>
  <collection-date nil="true"/>
  <created-at>2014-09-20T16:41:34Z</created-at>
  <database-id>HMDB14868</database-id>
  <id>996</id>
  <inchi-key>WJCNZQLZVWNLKY-UHFFFAOYSA-N</inchi-key>
  <instrument-type nil="true"/>
  <molecule-id nil="true"/>
  <notes nil="true"/>
  <peak-counter>104</peak-counter>
  <sample-assessment nil="true"/>
  <sample-concentration nil="true"/>
  <sample-concentration-units nil="true"/>
  <sample-mass nil="true"/>
  <sample-mass-units nil="true"/>
  <sample-source nil="true"/>
  <solvent nil="true"/>
  <spectra-assessment nil="true"/>
  <updated-at>2014-09-20T16:41:34Z</updated-at>
  <references>
    <reference>
      <database>NIST</database>
      <database-id>148-79-8</database-id>
      <id>15868</id>
      <pubmed-id nil="true"/>
      <ref-text>NIST Mass Spec Data Center, S.E. Stein, director, "Mass Spectra" in NIST Chemistry WebBook, NIST Standard Reference Database Number 69, Eds. P.J. Linstrom and W.G. Mallard, National Institute of Standards and Technology, Gaithersburg MD, 20899, http://webbook.nist.gov, (retrieved September 6, 2014).</ref-text>
      <spectra-id>996</spectra-id>
      <spectra-type>EiMs</spectra-type>
    </reference>
  </references>
  <ei-ms-peaks>
    <ei-ms-peak>
      <ei-ms-id>996</ei-ms-id>
      <id>108448</id>
      <intensity>27.0</intensity>
      <mass-charge>17.0</mass-charge>
    </ei-ms-peak>
    <ei-ms-peak>
      <ei-ms-id>996</ei-ms-id>
      <id>108449</id>
      <intensity>40.0</intensity>
      <mass-charge>18.0</mass-charge>
    </ei-ms-peak>
    <ei-ms-peak>
      <ei-ms-id>996</ei-ms-id>
      <id>108450</id>
      <intensity>53.0</intensity>
      <mass-charge>26.0</mass-charge>
    </ei-ms-peak>
    <ei-ms-peak>
      <ei-ms-id>996</ei-ms-id>
      <id>108451</id>
      <intensity>200.0</intensity>
      <mass-charge>27.0</mass-charge>
    </ei-ms-peak>
    <ei-ms-peak>
      <ei-ms-id>996</ei-ms-id>
      <id>108452</id>
      <intensity>116.0</intensity>
      <mass-charge>28.0</mass-charge>
    </ei-ms-peak>
    <ei-ms-peak>
      <ei-ms-id>996</ei-ms-id>
      <id>108453</id>
      <intensity>55.0</intensity>
      <mass-charge>32.0</mass-charge>
    </ei-ms-peak>
    <ei-ms-peak>
      <ei-ms-id>996</ei-ms-id>
      <id>108454</id>
      <intensity>137.0</intensity>
      <mass-charge>37.0</mass-charge>
    </ei-ms-peak>
    <ei-ms-peak>
      <ei-ms-id>996</ei-ms-id>
      <id>108455</id>
      <intensity>289.0</intensity>
      <mass-charge>38.0</mass-charge>
    </ei-ms-peak>
    <ei-ms-peak>
      <ei-ms-id>996</ei-ms-id>
      <id>108456</id>
      <intensity>422.0</intensity>
      <mass-charge>39.0</mass-charge>
    </ei-ms-peak>
    <ei-ms-peak>
      <ei-ms-id>996</ei-ms-id>
      <id>108457</id>
      <intensity>139.0</intensity>
      <mass-charge>40.0</mass-charge>
    </ei-ms-peak>
    <ei-ms-peak>
      <ei-ms-id>996</ei-ms-id>
      <id>108458</id>
      <intensity>94.0</intensity>
      <mass-charge>41.0</mass-charge>
    </ei-ms-peak>
    <ei-ms-peak>
      <ei-ms-id>996</ei-ms-id>
      <id>108459</id>
      <intensity>26.0</intensity>
      <mass-charge>44.0</mass-charge>
    </ei-ms-peak>
    <ei-ms-peak>
      <ei-ms-id>996</ei-ms-id>
      <id>108460</id>
      <intensity>283.0</intensity>
      <mass-charge>45.0</mass-charge>
    </ei-ms-peak>
    <ei-ms-peak>
      <ei-ms-id>996</ei-ms-id>
      <id>108461</id>
      <intensity>82.0</intensity>
      <mass-charge>46.0</mass-charge>
    </ei-ms-peak>
    <ei-ms-peak>
      <ei-ms-id>996</ei-ms-id>
      <id>108462</id>
      <intensity>29.0</intensity>
      <mass-charge>49.0</mass-charge>
    </ei-ms-peak>
    <ei-ms-peak>
      <ei-ms-id>996</ei-ms-id>
      <id>108463</id>
      <intensity>175.0</intensity>
      <mass-charge>50.0</mass-charge>
    </ei-ms-peak>
    <ei-ms-peak>
      <ei-ms-id>996</ei-ms-id>
      <id>108464</id>
      <intensity>370.0</intensity>
      <mass-charge>51.0</mass-charge>
    </ei-ms-peak>
    <ei-ms-peak>
      <ei-ms-id>996</ei-ms-id>
      <id>108465</id>
      <intensity>470.0</intensity>
      <mass-charge>52.0</mass-charge>
    </ei-ms-peak>
    <ei-ms-peak>
      <ei-ms-id>996</ei-ms-id>
      <id>108466</id>
      <intensity>58.0</intensity>
      <mass-charge>53.0</mass-charge>
    </ei-ms-peak>
    <ei-ms-peak>
      <ei-ms-id>996</ei-ms-id>
      <id>108467</id>
      <intensity>30.0</intensity>
      <mass-charge>56.0</mass-charge>
    </ei-ms-peak>
    <ei-ms-peak>
      <ei-ms-id>996</ei-ms-id>
      <id>108468</id>
      <intensity>198.0</intensity>
      <mass-charge>57.0</mass-charge>
    </ei-ms-peak>
    <ei-ms-peak>
      <ei-ms-id>996</ei-ms-id>
      <id>108469</id>
      <intensity>69.0</intensity>
      <mass-charge>58.0</mass-charge>
    </ei-ms-peak>
    <ei-ms-peak>
      <ei-ms-id>996</ei-ms-id>
      <id>108470</id>
      <intensity>39.0</intensity>
      <mass-charge>59.0</mass-charge>
    </ei-ms-peak>
    <ei-ms-peak>
      <ei-ms-id>996</ei-ms-id>
      <id>108471</id>
      <intensity>88.0</intensity>
      <mass-charge>61.0</mass-charge>
    </ei-ms-peak>
    <ei-ms-peak>
      <ei-ms-id>996</ei-ms-id>
      <id>108472</id>
      <intensity>238.0</intensity>
      <mass-charge>62.0</mass-charge>
    </ei-ms-peak>
    <ei-ms-peak>
      <ei-ms-id>996</ei-ms-id>
      <id>108473</id>
      <intensity>907.0</intensity>
      <mass-charge>63.0</mass-charge>
    </ei-ms-peak>
    <ei-ms-peak>
      <ei-ms-id>996</ei-ms-id>
      <id>108474</id>
      <intensity>778.0</intensity>
      <mass-charge>64.0</mass-charge>
    </ei-ms-peak>
    <ei-ms-peak>
      <ei-ms-id>996</ei-ms-id>
      <id>108475</id>
      <intensity>592.0</intensity>
      <mass-charge>65.0</mass-charge>
    </ei-ms-peak>
    <ei-ms-peak>
      <ei-ms-id>996</ei-ms-id>
      <id>108476</id>
      <intensity>68.0</intensity>
      <mass-charge>66.0</mass-charge>
    </ei-ms-peak>
    <ei-ms-peak>
      <ei-ms-id>996</ei-ms-id>
      <id>108477</id>
      <intensity>24.0</intensity>
      <mass-charge>67.0</mass-charge>
    </ei-ms-peak>
    <ei-ms-peak>
      <ei-ms-id>996</ei-ms-id>
      <id>108478</id>
      <intensity>117.0</intensity>
      <mass-charge>68.0</mass-charge>
    </ei-ms-peak>
    <ei-ms-peak>
      <ei-ms-id>996</ei-ms-id>
      <id>108479</id>
      <intensity>427.0</intensity>
      <mass-charge>69.0</mass-charge>
    </ei-ms-peak>
    <ei-ms-peak>
      <ei-ms-id>996</ei-ms-id>
      <id>108480</id>
      <intensity>312.0</intensity>
      <mass-charge>70.0</mass-charge>
    </ei-ms-peak>
    <ei-ms-peak>
      <ei-ms-id>996</ei-ms-id>
      <id>108481</id>
      <intensity>53.0</intensity>
      <mass-charge>71.0</mass-charge>
    </ei-ms-peak>
    <ei-ms-peak>
      <ei-ms-id>996</ei-ms-id>
      <id>108482</id>
      <intensity>43.0</intensity>
      <mass-charge>72.0</mass-charge>
    </ei-ms-peak>
    <ei-ms-peak>
      <ei-ms-id>996</ei-ms-id>
      <id>108483</id>
      <intensity>43.0</intensity>
      <mass-charge>73.0</mass-charge>
    </ei-ms-peak>
    <ei-ms-peak>
      <ei-ms-id>996</ei-ms-id>
      <id>108484</id>
      <intensity>55.0</intensity>
      <mass-charge>74.0</mass-charge>
    </ei-ms-peak>
    <ei-ms-peak>
      <ei-ms-id>996</ei-ms-id>
      <id>108485</id>
      <intensity>185.0</intensity>
      <mass-charge>75.0</mass-charge>
    </ei-ms-peak>
    <ei-ms-peak>
      <ei-ms-id>996</ei-ms-id>
      <id>108486</id>
      <intensity>275.0</intensity>
      <mass-charge>76.0</mass-charge>
    </ei-ms-peak>
    <ei-ms-peak>
      <ei-ms-id>996</ei-ms-id>
      <id>108487</id>
      <intensity>89.0</intensity>
      <mass-charge>77.0</mass-charge>
    </ei-ms-peak>
    <ei-ms-peak>
      <ei-ms-id>996</ei-ms-id>
      <id>108488</id>
      <intensity>175.0</intensity>
      <mass-charge>78.0</mass-charge>
    </ei-ms-peak>
    <ei-ms-peak>
      <ei-ms-id>996</ei-ms-id>
      <id>108489</id>
      <intensity>19.0</intensity>
      <mass-charge>79.0</mass-charge>
    </ei-ms-peak>
    <ei-ms-peak>
      <ei-ms-id>996</ei-ms-id>
      <id>108490</id>
      <intensity>23.0</intensity>
      <mass-charge>80.0</mass-charge>
    </ei-ms-peak>
    <ei-ms-peak>
      <ei-ms-id>996</ei-ms-id>
      <id>108491</id>
      <intensity>85.0</intensity>
      <mass-charge>82.0</mass-charge>
    </ei-ms-peak>
    <ei-ms-peak>
      <ei-ms-id>996</ei-ms-id>
      <id>108492</id>
      <intensity>231.0</intensity>
      <mass-charge>83.0</mass-charge>
    </ei-ms-peak>
    <ei-ms-peak>
      <ei-ms-id>996</ei-ms-id>
      <id>108493</id>
      <intensity>249.0</intensity>
      <mass-charge>84.0</mass-charge>
    </ei-ms-peak>
    <ei-ms-peak>
      <ei-ms-id>996</ei-ms-id>
      <id>108494</id>
      <intensity>50.0</intensity>
      <mass-charge>85.0</mass-charge>
    </ei-ms-peak>
    <ei-ms-peak>
      <ei-ms-id>996</ei-ms-id>
      <id>108495</id>
      <intensity>55.0</intensity>
      <mass-charge>86.0</mass-charge>
    </ei-ms-peak>
    <ei-ms-peak>
      <ei-ms-id>996</ei-ms-id>
      <id>108496</id>
      <intensity>103.0</intensity>
      <mass-charge>87.0</mass-charge>
    </ei-ms-peak>
    <ei-ms-peak>
      <ei-ms-id>996</ei-ms-id>
      <id>108497</id>
      <intensity>89.0</intensity>
      <mass-charge>88.0</mass-charge>
    </ei-ms-peak>
    <ei-ms-peak>
      <ei-ms-id>996</ei-ms-id>
      <id>108498</id>
      <intensity>93.0</intensity>
      <mass-charge>89.0</mass-charge>
    </ei-ms-peak>
    <ei-ms-peak>
      <ei-ms-id>996</ei-ms-id>
      <id>108499</id>
      <intensity>691.0</intensity>
      <mass-charge>90.0</mass-charge>
    </ei-ms-peak>
    <ei-ms-peak>
      <ei-ms-id>996</ei-ms-id>
      <id>108500</id>
      <intensity>232.0</intensity>
      <mass-charge>91.0</mass-charge>
    </ei-ms-peak>
    <ei-ms-peak>
      <ei-ms-id>996</ei-ms-id>
      <id>108501</id>
      <intensity>300.0</intensity>
      <mass-charge>92.0</mass-charge>
    </ei-ms-peak>
    <ei-ms-peak>
      <ei-ms-id>996</ei-ms-id>
      <id>108502</id>
      <intensity>62.0</intensity>
      <mass-charge>93.0</mass-charge>
    </ei-ms-peak>
    <ei-ms-peak>
      <ei-ms-id>996</ei-ms-id>
      <id>108503</id>
      <intensity>125.0</intensity>
      <mass-charge>94.0</mass-charge>
    </ei-ms-peak>
    <ei-ms-peak>
      <ei-ms-id>996</ei-ms-id>
      <id>108504</id>
      <intensity>38.0</intensity>
      <mass-charge>95.0</mass-charge>
    </ei-ms-peak>
    <ei-ms-peak>
      <ei-ms-id>996</ei-ms-id>
      <id>108505</id>
      <intensity>70.0</intensity>
      <mass-charge>96.0</mass-charge>
    </ei-ms-peak>
    <ei-ms-peak>
      <ei-ms-id>996</ei-ms-id>
      <id>108506</id>
      <intensity>20.0</intensity>
      <mass-charge>99.0</mass-charge>
    </ei-ms-peak>
    <ei-ms-peak>
      <ei-ms-id>996</ei-ms-id>
      <id>108507</id>
      <intensity>311.0</intensity>
      <mass-charge>100.0</mass-charge>
    </ei-ms-peak>
    <ei-ms-peak>
      <ei-ms-id>996</ei-ms-id>
      <id>108508</id>
      <intensity>479.0</intensity>
      <mass-charge>102.0</mass-charge>
    </ei-ms-peak>
    <ei-ms-peak>
      <ei-ms-id>996</ei-ms-id>
      <id>108509</id>
      <intensity>493.0</intensity>
      <mass-charge>103.0</mass-charge>
    </ei-ms-peak>
    <ei-ms-peak>
      <ei-ms-id>996</ei-ms-id>
      <id>108510</id>
      <intensity>67.0</intensity>
      <mass-charge>104.0</mass-charge>
    </ei-ms-peak>
    <ei-ms-peak>
      <ei-ms-id>996</ei-ms-id>
      <id>108511</id>
      <intensity>109.0</intensity>
      <mass-charge>105.0</mass-charge>
    </ei-ms-peak>
    <ei-ms-peak>
      <ei-ms-id>996</ei-ms-id>
      <id>108512</id>
      <intensity>25.0</intensity>
      <mass-charge>106.0</mass-charge>
    </ei-ms-peak>
    <ei-ms-peak>
      <ei-ms-id>996</ei-ms-id>
      <id>108513</id>
      <intensity>43.0</intensity>
      <mass-charge>107.0</mass-charge>
    </ei-ms-peak>
    <ei-ms-peak>
      <ei-ms-id>996</ei-ms-id>
      <id>108514</id>
      <intensity>37.0</intensity>
      <mass-charge>110.0</mass-charge>
    </ei-ms-peak>
    <ei-ms-peak>
      <ei-ms-id>996</ei-ms-id>
      <id>108515</id>
      <intensity>272.0</intensity>
      <mass-charge>111.0</mass-charge>
    </ei-ms-peak>
    <ei-ms-peak>
      <ei-ms-id>996</ei-ms-id>
      <id>108516</id>
      <intensity>17.0</intensity>
      <mass-charge>112.0</mass-charge>
    </ei-ms-peak>
    <ei-ms-peak>
      <ei-ms-id>996</ei-ms-id>
      <id>108517</id>
      <intensity>28.0</intensity>
      <mass-charge>113.0</mass-charge>
    </ei-ms-peak>
    <ei-ms-peak>
      <ei-ms-id>996</ei-ms-id>
      <id>108518</id>
      <intensity>64.0</intensity>
      <mass-charge>114.0</mass-charge>
    </ei-ms-peak>
    <ei-ms-peak>
      <ei-ms-id>996</ei-ms-id>
      <id>108519</id>
      <intensity>87.0</intensity>
      <mass-charge>115.0</mass-charge>
    </ei-ms-peak>
    <ei-ms-peak>
      <ei-ms-id>996</ei-ms-id>
      <id>108520</id>
      <intensity>69.0</intensity>
      <mass-charge>116.0</mass-charge>
    </ei-ms-peak>
    <ei-ms-peak>
      <ei-ms-id>996</ei-ms-id>
      <id>108521</id>
      <intensity>35.0</intensity>
      <mass-charge>117.0</mass-charge>
    </ei-ms-peak>
    <ei-ms-peak>
      <ei-ms-id>996</ei-ms-id>
      <id>108522</id>
      <intensity>87.0</intensity>
      <mass-charge>118.0</mass-charge>
    </ei-ms-peak>
    <ei-ms-peak>
      <ei-ms-id>996</ei-ms-id>
      <id>108523</id>
      <intensity>50.0</intensity>
      <mass-charge>119.0</mass-charge>
    </ei-ms-peak>
    <ei-ms-peak>
      <ei-ms-id>996</ei-ms-id>
      <id>108524</id>
      <intensity>120.0</intensity>
      <mass-charge>120.0</mass-charge>
    </ei-ms-peak>
    <ei-ms-peak>
      <ei-ms-id>996</ei-ms-id>
      <id>108525</id>
      <intensity>19.0</intensity>
      <mass-charge>121.0</mass-charge>
    </ei-ms-peak>
    <ei-ms-peak>
      <ei-ms-id>996</ei-ms-id>
      <id>108526</id>
      <intensity>31.0</intensity>
      <mass-charge>123.0</mass-charge>
    </ei-ms-peak>
    <ei-ms-peak>
      <ei-ms-id>996</ei-ms-id>
      <id>108527</id>
      <intensity>866.0</intensity>
      <mass-charge>129.0</mass-charge>
    </ei-ms-peak>
    <ei-ms-peak>
      <ei-ms-id>996</ei-ms-id>
      <id>108528</id>
      <intensity>673.0</intensity>
      <mass-charge>130.0</mass-charge>
    </ei-ms-peak>
    <ei-ms-peak>
      <ei-ms-id>996</ei-ms-id>
      <id>108529</id>
      <intensity>72.0</intensity>
      <mass-charge>131.0</mass-charge>
    </ei-ms-peak>
    <ei-ms-peak>
      <ei-ms-id>996</ei-ms-id>
      <id>108530</id>
      <intensity>166.0</intensity>
      <mass-charge>134.0</mass-charge>
    </ei-ms-peak>
    <ei-ms-peak>
      <ei-ms-id>996</ei-ms-id>
      <id>108531</id>
      <intensity>21.0</intensity>
      <mass-charge>135.0</mass-charge>
    </ei-ms-peak>
    <ei-ms-peak>
      <ei-ms-id>996</ei-ms-id>
      <id>108532</id>
      <intensity>30.0</intensity>
      <mass-charge>140.0</mass-charge>
    </ei-ms-peak>
    <ei-ms-peak>
      <ei-ms-id>996</ei-ms-id>
      <id>108533</id>
      <intensity>56.0</intensity>
      <mass-charge>141.0</mass-charge>
    </ei-ms-peak>
    <ei-ms-peak>
      <ei-ms-id>996</ei-ms-id>
      <id>108534</id>
      <intensity>274.0</intensity>
      <mass-charge>142.0</mass-charge>
    </ei-ms-peak>
    <ei-ms-peak>
      <ei-ms-id>996</ei-ms-id>
      <id>108535</id>
      <intensity>222.0</intensity>
      <mass-charge>143.0</mass-charge>
    </ei-ms-peak>
    <ei-ms-peak>
      <ei-ms-id>996</ei-ms-id>
      <id>108536</id>
      <intensity>63.0</intensity>
      <mass-charge>144.0</mass-charge>
    </ei-ms-peak>
    <ei-ms-peak>
      <ei-ms-id>996</ei-ms-id>
      <id>108537</id>
      <intensity>236.0</intensity>
      <mass-charge>146.0</mass-charge>
    </ei-ms-peak>
    <ei-ms-peak>
      <ei-ms-id>996</ei-ms-id>
      <id>108538</id>
      <intensity>144.0</intensity>
      <mass-charge>147.0</mass-charge>
    </ei-ms-peak>
    <ei-ms-peak>
      <ei-ms-id>996</ei-ms-id>
      <id>108539</id>
      <intensity>56.0</intensity>
      <mass-charge>148.0</mass-charge>
    </ei-ms-peak>
    <ei-ms-peak>
      <ei-ms-id>996</ei-ms-id>
      <id>108540</id>
      <intensity>19.0</intensity>
      <mass-charge>149.0</mass-charge>
    </ei-ms-peak>
    <ei-ms-peak>
      <ei-ms-id>996</ei-ms-id>
      <id>108541</id>
      <intensity>111.0</intensity>
      <mass-charge>156.0</mass-charge>
    </ei-ms-peak>
    <ei-ms-peak>
      <ei-ms-id>996</ei-ms-id>
      <id>108542</id>
      <intensity>34.0</intensity>
      <mass-charge>157.0</mass-charge>
    </ei-ms-peak>
    <ei-ms-peak>
      <ei-ms-id>996</ei-ms-id>
      <id>108543</id>
      <intensity>45.0</intensity>
      <mass-charge>168.0</mass-charge>
    </ei-ms-peak>
    <ei-ms-peak>
      <ei-ms-id>996</ei-ms-id>
      <id>108544</id>
      <intensity>8410.0</intensity>
      <mass-charge>174.0</mass-charge>
    </ei-ms-peak>
    <ei-ms-peak>
      <ei-ms-id>996</ei-ms-id>
      <id>108545</id>
      <intensity>1039.0</intensity>
      <mass-charge>175.0</mass-charge>
    </ei-ms-peak>
    <ei-ms-peak>
      <ei-ms-id>996</ei-ms-id>
      <id>108546</id>
      <intensity>431.0</intensity>
      <mass-charge>176.0</mass-charge>
    </ei-ms-peak>
    <ei-ms-peak>
      <ei-ms-id>996</ei-ms-id>
      <id>108547</id>
      <intensity>61.0</intensity>
      <mass-charge>177.0</mass-charge>
    </ei-ms-peak>
    <ei-ms-peak>
      <ei-ms-id>996</ei-ms-id>
      <id>108548</id>
      <intensity>9999.0</intensity>
      <mass-charge>201.0</mass-charge>
    </ei-ms-peak>
    <ei-ms-peak>
      <ei-ms-id>996</ei-ms-id>
      <id>108549</id>
      <intensity>1257.0</intensity>
      <mass-charge>202.0</mass-charge>
    </ei-ms-peak>
    <ei-ms-peak>
      <ei-ms-id>996</ei-ms-id>
      <id>108550</id>
      <intensity>568.0</intensity>
      <mass-charge>203.0</mass-charge>
    </ei-ms-peak>
    <ei-ms-peak>
      <ei-ms-id>996</ei-ms-id>
      <id>108551</id>
      <intensity>78.0</intensity>
      <mass-charge>204.0</mass-charge>
    </ei-ms-peak>
  </ei-ms-peaks>
</ei-ms>
