<?xml version="1.0" encoding="UTF-8"?>
<ei-ms>
  <collection-date nil="true"/>
  <created-at>2014-09-20T16:20:35Z</created-at>
  <database-id>HMDB00448</database-id>
  <id>134</id>
  <inchi-key>WNLRTRBMVRJNCN-UHFFFAOYSA-N</inchi-key>
  <instrument-type nil="true"/>
  <molecule-id nil="true"/>
  <notes nil="true"/>
  <peak-counter>66</peak-counter>
  <sample-assessment nil="true"/>
  <sample-concentration nil="true"/>
  <sample-concentration-units nil="true"/>
  <sample-mass nil="true"/>
  <sample-mass-units nil="true"/>
  <sample-source nil="true"/>
  <solvent nil="true"/>
  <spectra-assessment nil="true"/>
  <updated-at>2014-09-20T16:20:35Z</updated-at>
  <references>
    <reference>
      <database>NIST</database>
      <database-id>124-04-9</database-id>
      <id>15006</id>
      <pubmed-id nil="true"/>
      <ref-text>NIST Mass Spec Data Center, S.E. Stein, director, "Mass Spectra" in NIST Chemistry WebBook, NIST Standard Reference Database Number 69, Eds. P.J. Linstrom and W.G. Mallard, National Institute of Standards and Technology, Gaithersburg MD, 20899, http://webbook.nist.gov, (retrieved September 6, 2014).</ref-text>
      <spectra-id>134</spectra-id>
      <spectra-type>EiMs</spectra-type>
    </reference>
  </references>
  <ei-ms-peaks>
    <ei-ms-peak>
      <ei-ms-id>134</ei-ms-id>
      <id>15590</id>
      <intensity>80.0</intensity>
      <mass-charge>14.0</mass-charge>
    </ei-ms-peak>
    <ei-ms-peak>
      <ei-ms-id>134</ei-ms-id>
      <id>15591</id>
      <intensity>229.0</intensity>
      <mass-charge>15.0</mass-charge>
    </ei-ms-peak>
    <ei-ms-peak>
      <ei-ms-id>134</ei-ms-id>
      <id>15592</id>
      <intensity>50.0</intensity>
      <mass-charge>17.0</mass-charge>
    </ei-ms-peak>
    <ei-ms-peak>
      <ei-ms-id>134</ei-ms-id>
      <id>15593</id>
      <intensity>199.0</intensity>
      <mass-charge>18.0</mass-charge>
    </ei-ms-peak>
    <ei-ms-peak>
      <ei-ms-id>134</ei-ms-id>
      <id>15594</id>
      <intensity>519.0</intensity>
      <mass-charge>26.0</mass-charge>
    </ei-ms-peak>
    <ei-ms-peak>
      <ei-ms-id>134</ei-ms-id>
      <id>15595</id>
      <intensity>2579.0</intensity>
      <mass-charge>27.0</mass-charge>
    </ei-ms-peak>
    <ei-ms-peak>
      <ei-ms-id>134</ei-ms-id>
      <id>15596</id>
      <intensity>1399.0</intensity>
      <mass-charge>28.0</mass-charge>
    </ei-ms-peak>
    <ei-ms-peak>
      <ei-ms-id>134</ei-ms-id>
      <id>15597</id>
      <intensity>2069.0</intensity>
      <mass-charge>29.0</mass-charge>
    </ei-ms-peak>
    <ei-ms-peak>
      <ei-ms-id>134</ei-ms-id>
      <id>15598</id>
      <intensity>129.0</intensity>
      <mass-charge>30.0</mass-charge>
    </ei-ms-peak>
    <ei-ms-peak>
      <ei-ms-id>134</ei-ms-id>
      <id>15599</id>
      <intensity>659.0</intensity>
      <mass-charge>31.0</mass-charge>
    </ei-ms-peak>
    <ei-ms-peak>
      <ei-ms-id>134</ei-ms-id>
      <id>15600</id>
      <intensity>50.0</intensity>
      <mass-charge>32.0</mass-charge>
    </ei-ms-peak>
    <ei-ms-peak>
      <ei-ms-id>134</ei-ms-id>
      <id>15601</id>
      <intensity>30.0</intensity>
      <mass-charge>37.0</mass-charge>
    </ei-ms-peak>
    <ei-ms-peak>
      <ei-ms-id>134</ei-ms-id>
      <id>15602</id>
      <intensity>189.0</intensity>
      <mass-charge>38.0</mass-charge>
    </ei-ms-peak>
    <ei-ms-peak>
      <ei-ms-id>134</ei-ms-id>
      <id>15603</id>
      <intensity>1739.0</intensity>
      <mass-charge>39.0</mass-charge>
    </ei-ms-peak>
    <ei-ms-peak>
      <ei-ms-id>134</ei-ms-id>
      <id>15604</id>
      <intensity>219.0</intensity>
      <mass-charge>40.0</mass-charge>
    </ei-ms-peak>
    <ei-ms-peak>
      <ei-ms-id>134</ei-ms-id>
      <id>15605</id>
      <intensity>4819.0</intensity>
      <mass-charge>41.0</mass-charge>
    </ei-ms-peak>
    <ei-ms-peak>
      <ei-ms-id>134</ei-ms-id>
      <id>15606</id>
      <intensity>2699.0</intensity>
      <mass-charge>42.0</mass-charge>
    </ei-ms-peak>
    <ei-ms-peak>
      <ei-ms-id>134</ei-ms-id>
      <id>15607</id>
      <intensity>5209.0</intensity>
      <mass-charge>43.0</mass-charge>
    </ei-ms-peak>
    <ei-ms-peak>
      <ei-ms-id>134</ei-ms-id>
      <id>15608</id>
      <intensity>199.0</intensity>
      <mass-charge>44.0</mass-charge>
    </ei-ms-peak>
    <ei-ms-peak>
      <ei-ms-id>134</ei-ms-id>
      <id>15609</id>
      <intensity>2729.0</intensity>
      <mass-charge>45.0</mass-charge>
    </ei-ms-peak>
    <ei-ms-peak>
      <ei-ms-id>134</ei-ms-id>
      <id>15610</id>
      <intensity>99.0</intensity>
      <mass-charge>46.0</mass-charge>
    </ei-ms-peak>
    <ei-ms-peak>
      <ei-ms-id>134</ei-ms-id>
      <id>15611</id>
      <intensity>70.0</intensity>
      <mass-charge>47.0</mass-charge>
    </ei-ms-peak>
    <ei-ms-peak>
      <ei-ms-id>134</ei-ms-id>
      <id>15612</id>
      <intensity>159.0</intensity>
      <mass-charge>50.0</mass-charge>
    </ei-ms-peak>
    <ei-ms-peak>
      <ei-ms-id>134</ei-ms-id>
      <id>15613</id>
      <intensity>149.0</intensity>
      <mass-charge>51.0</mass-charge>
    </ei-ms-peak>
    <ei-ms-peak>
      <ei-ms-id>134</ei-ms-id>
      <id>15614</id>
      <intensity>90.0</intensity>
      <mass-charge>52.0</mass-charge>
    </ei-ms-peak>
    <ei-ms-peak>
      <ei-ms-id>134</ei-ms-id>
      <id>15615</id>
      <intensity>539.0</intensity>
      <mass-charge>53.0</mass-charge>
    </ei-ms-peak>
    <ei-ms-peak>
      <ei-ms-id>134</ei-ms-id>
      <id>15616</id>
      <intensity>1469.0</intensity>
      <mass-charge>54.0</mass-charge>
    </ei-ms-peak>
    <ei-ms-peak>
      <ei-ms-id>134</ei-ms-id>
      <id>15617</id>
      <intensity>3259.0</intensity>
      <mass-charge>55.0</mass-charge>
    </ei-ms-peak>
    <ei-ms-peak>
      <ei-ms-id>134</ei-ms-id>
      <id>15618</id>
      <intensity>859.0</intensity>
      <mass-charge>56.0</mass-charge>
    </ei-ms-peak>
    <ei-ms-peak>
      <ei-ms-id>134</ei-ms-id>
      <id>15619</id>
      <intensity>759.0</intensity>
      <mass-charge>57.0</mass-charge>
    </ei-ms-peak>
    <ei-ms-peak>
      <ei-ms-id>134</ei-ms-id>
      <id>15620</id>
      <intensity>1189.0</intensity>
      <mass-charge>58.0</mass-charge>
    </ei-ms-peak>
    <ei-ms-peak>
      <ei-ms-id>134</ei-ms-id>
      <id>15621</id>
      <intensity>619.0</intensity>
      <mass-charge>59.0</mass-charge>
    </ei-ms-peak>
    <ei-ms-peak>
      <ei-ms-id>134</ei-ms-id>
      <id>15622</id>
      <intensity>4959.0</intensity>
      <mass-charge>60.0</mass-charge>
    </ei-ms-peak>
    <ei-ms-peak>
      <ei-ms-id>134</ei-ms-id>
      <id>15623</id>
      <intensity>159.0</intensity>
      <mass-charge>61.0</mass-charge>
    </ei-ms-peak>
    <ei-ms-peak>
      <ei-ms-id>134</ei-ms-id>
      <id>15624</id>
      <intensity>60.0</intensity>
      <mass-charge>62.0</mass-charge>
    </ei-ms-peak>
    <ei-ms-peak>
      <ei-ms-id>134</ei-ms-id>
      <id>15625</id>
      <intensity>819.0</intensity>
      <mass-charge>68.0</mass-charge>
    </ei-ms-peak>
    <ei-ms-peak>
      <ei-ms-id>134</ei-ms-id>
      <id>15626</id>
      <intensity>4309.0</intensity>
      <mass-charge>69.0</mass-charge>
    </ei-ms-peak>
    <ei-ms-peak>
      <ei-ms-id>134</ei-ms-id>
      <id>15627</id>
      <intensity>189.0</intensity>
      <mass-charge>70.0</mass-charge>
    </ei-ms-peak>
    <ei-ms-peak>
      <ei-ms-id>134</ei-ms-id>
      <id>15628</id>
      <intensity>70.0</intensity>
      <mass-charge>71.0</mass-charge>
    </ei-ms-peak>
    <ei-ms-peak>
      <ei-ms-id>134</ei-ms-id>
      <id>15629</id>
      <intensity>109.0</intensity>
      <mass-charge>72.0</mass-charge>
    </ei-ms-peak>
    <ei-ms-peak>
      <ei-ms-id>134</ei-ms-id>
      <id>15630</id>
      <intensity>2949.0</intensity>
      <mass-charge>73.0</mass-charge>
    </ei-ms-peak>
    <ei-ms-peak>
      <ei-ms-id>134</ei-ms-id>
      <id>15631</id>
      <intensity>359.0</intensity>
      <mass-charge>74.0</mass-charge>
    </ei-ms-peak>
    <ei-ms-peak>
      <ei-ms-id>134</ei-ms-id>
      <id>15632</id>
      <intensity>50.0</intensity>
      <mass-charge>77.0</mass-charge>
    </ei-ms-peak>
    <ei-ms-peak>
      <ei-ms-id>134</ei-ms-id>
      <id>15633</id>
      <intensity>40.0</intensity>
      <mass-charge>78.0</mass-charge>
    </ei-ms-peak>
    <ei-ms-peak>
      <ei-ms-id>134</ei-ms-id>
      <id>15634</id>
      <intensity>40.0</intensity>
      <mass-charge>79.0</mass-charge>
    </ei-ms-peak>
    <ei-ms-peak>
      <ei-ms-id>134</ei-ms-id>
      <id>15635</id>
      <intensity>99.0</intensity>
      <mass-charge>81.0</mass-charge>
    </ei-ms-peak>
    <ei-ms-peak>
      <ei-ms-id>134</ei-ms-id>
      <id>15636</id>
      <intensity>699.0</intensity>
      <mass-charge>82.0</mass-charge>
    </ei-ms-peak>
    <ei-ms-peak>
      <ei-ms-id>134</ei-ms-id>
      <id>15637</id>
      <intensity>659.0</intensity>
      <mass-charge>83.0</mass-charge>
    </ei-ms-peak>
    <ei-ms-peak>
      <ei-ms-id>134</ei-ms-id>
      <id>15638</id>
      <intensity>99.0</intensity>
      <mass-charge>84.0</mass-charge>
    </ei-ms-peak>
    <ei-ms-peak>
      <ei-ms-id>134</ei-ms-id>
      <id>15639</id>
      <intensity>179.0</intensity>
      <mass-charge>85.0</mass-charge>
    </ei-ms-peak>
    <ei-ms-peak>
      <ei-ms-id>134</ei-ms-id>
      <id>15640</id>
      <intensity>279.0</intensity>
      <mass-charge>86.0</mass-charge>
    </ei-ms-peak>
    <ei-ms-peak>
      <ei-ms-id>134</ei-ms-id>
      <id>15641</id>
      <intensity>4049.0</intensity>
      <mass-charge>87.0</mass-charge>
    </ei-ms-peak>
    <ei-ms-peak>
      <ei-ms-id>134</ei-ms-id>
      <id>15642</id>
      <intensity>199.0</intensity>
      <mass-charge>88.0</mass-charge>
    </ei-ms-peak>
    <ei-ms-peak>
      <ei-ms-id>134</ei-ms-id>
      <id>15643</id>
      <intensity>30.0</intensity>
      <mass-charge>96.0</mass-charge>
    </ei-ms-peak>
    <ei-ms-peak>
      <ei-ms-id>134</ei-ms-id>
      <id>15644</id>
      <intensity>60.0</intensity>
      <mass-charge>97.0</mass-charge>
    </ei-ms-peak>
    <ei-ms-peak>
      <ei-ms-id>134</ei-ms-id>
      <id>15645</id>
      <intensity>229.0</intensity>
      <mass-charge>99.0</mass-charge>
    </ei-ms-peak>
    <ei-ms-peak>
      <ei-ms-id>134</ei-ms-id>
      <id>15646</id>
      <intensity>9999.0</intensity>
      <mass-charge>100.0</mass-charge>
    </ei-ms-peak>
    <ei-ms-peak>
      <ei-ms-id>134</ei-ms-id>
      <id>15647</id>
      <intensity>799.0</intensity>
      <mass-charge>101.0</mass-charge>
    </ei-ms-peak>
    <ei-ms-peak>
      <ei-ms-id>134</ei-ms-id>
      <id>15648</id>
      <intensity>209.0</intensity>
      <mass-charge>102.0</mass-charge>
    </ei-ms-peak>
    <ei-ms-peak>
      <ei-ms-id>134</ei-ms-id>
      <id>15649</id>
      <intensity>50.0</intensity>
      <mass-charge>109.0</mass-charge>
    </ei-ms-peak>
    <ei-ms-peak>
      <ei-ms-id>134</ei-ms-id>
      <id>15650</id>
      <intensity>319.0</intensity>
      <mass-charge>110.0</mass-charge>
    </ei-ms-peak>
    <ei-ms-peak>
      <ei-ms-id>134</ei-ms-id>
      <id>15651</id>
      <intensity>169.0</intensity>
      <mass-charge>111.0</mass-charge>
    </ei-ms-peak>
    <ei-ms-peak>
      <ei-ms-id>134</ei-ms-id>
      <id>15652</id>
      <intensity>139.0</intensity>
      <mass-charge>112.0</mass-charge>
    </ei-ms-peak>
    <ei-ms-peak>
      <ei-ms-id>134</ei-ms-id>
      <id>15653</id>
      <intensity>1789.0</intensity>
      <mass-charge>128.0</mass-charge>
    </ei-ms-peak>
    <ei-ms-peak>
      <ei-ms-id>134</ei-ms-id>
      <id>15654</id>
      <intensity>379.0</intensity>
      <mass-charge>129.0</mass-charge>
    </ei-ms-peak>
    <ei-ms-peak>
      <ei-ms-id>134</ei-ms-id>
      <id>15655</id>
      <intensity>50.0</intensity>
      <mass-charge>130.0</mass-charge>
    </ei-ms-peak>
  </ei-ms-peaks>
</ei-ms>
