<?xml version="1.0" encoding="UTF-8"?>
<ei-ms>
  <collection-date nil="true"/>
  <created-at>2014-09-20T16:30:31Z</created-at>
  <database-id>HMDB15528</database-id>
  <id>538</id>
  <inchi-key>IKMPWMZBZSAONZ-UHFFFAOYSA-N</inchi-key>
  <instrument-type nil="true"/>
  <molecule-id nil="true"/>
  <notes nil="true"/>
  <peak-counter>334</peak-counter>
  <sample-assessment nil="true"/>
  <sample-concentration nil="true"/>
  <sample-concentration-units nil="true"/>
  <sample-mass nil="true"/>
  <sample-mass-units nil="true"/>
  <sample-source nil="true"/>
  <solvent nil="true"/>
  <spectra-assessment nil="true"/>
  <updated-at>2014-09-20T16:30:31Z</updated-at>
  <references>
    <reference>
      <database>NIST</database>
      <database-id>36735-22-5</database-id>
      <id>15410</id>
      <pubmed-id nil="true"/>
      <ref-text>NIST Mass Spec Data Center, S.E. Stein, director, "Mass Spectra" in NIST Chemistry WebBook, NIST Standard Reference Database Number 69, Eds. P.J. Linstrom and W.G. Mallard, National Institute of Standards and Technology, Gaithersburg MD, 20899, http://webbook.nist.gov, (retrieved September 6, 2014).</ref-text>
      <spectra-id>538</spectra-id>
      <spectra-type>EiMs</spectra-type>
    </reference>
  </references>
  <ei-ms-peaks>
    <ei-ms-peak>
      <ei-ms-id>538</ei-ms-id>
      <id>59965</id>
      <intensity>30.0</intensity>
      <mass-charge>40.0</mass-charge>
    </ei-ms-peak>
    <ei-ms-peak>
      <ei-ms-id>538</ei-ms-id>
      <id>59966</id>
      <intensity>40.0</intensity>
      <mass-charge>41.0</mass-charge>
    </ei-ms-peak>
    <ei-ms-peak>
      <ei-ms-id>538</ei-ms-id>
      <id>59967</id>
      <intensity>10.0</intensity>
      <mass-charge>42.0</mass-charge>
    </ei-ms-peak>
    <ei-ms-peak>
      <ei-ms-id>538</ei-ms-id>
      <id>59968</id>
      <intensity>50.0</intensity>
      <mass-charge>44.0</mass-charge>
    </ei-ms-peak>
    <ei-ms-peak>
      <ei-ms-id>538</ei-ms-id>
      <id>59969</id>
      <intensity>1241.0</intensity>
      <mass-charge>45.0</mass-charge>
    </ei-ms-peak>
    <ei-ms-peak>
      <ei-ms-id>538</ei-ms-id>
      <id>59970</id>
      <intensity>250.0</intensity>
      <mass-charge>46.0</mass-charge>
    </ei-ms-peak>
    <ei-ms-peak>
      <ei-ms-id>538</ei-ms-id>
      <id>59971</id>
      <intensity>90.0</intensity>
      <mass-charge>47.0</mass-charge>
    </ei-ms-peak>
    <ei-ms-peak>
      <ei-ms-id>538</ei-ms-id>
      <id>59972</id>
      <intensity>20.0</intensity>
      <mass-charge>48.0</mass-charge>
    </ei-ms-peak>
    <ei-ms-peak>
      <ei-ms-id>538</ei-ms-id>
      <id>59973</id>
      <intensity>60.0</intensity>
      <mass-charge>49.0</mass-charge>
    </ei-ms-peak>
    <ei-ms-peak>
      <ei-ms-id>538</ei-ms-id>
      <id>59974</id>
      <intensity>500.0</intensity>
      <mass-charge>50.0</mass-charge>
    </ei-ms-peak>
    <ei-ms-peak>
      <ei-ms-id>538</ei-ms-id>
      <id>59975</id>
      <intensity>550.0</intensity>
      <mass-charge>51.0</mass-charge>
    </ei-ms-peak>
    <ei-ms-peak>
      <ei-ms-id>538</ei-ms-id>
      <id>59976</id>
      <intensity>170.0</intensity>
      <mass-charge>52.0</mass-charge>
    </ei-ms-peak>
    <ei-ms-peak>
      <ei-ms-id>538</ei-ms-id>
      <id>59977</id>
      <intensity>50.0</intensity>
      <mass-charge>53.0</mass-charge>
    </ei-ms-peak>
    <ei-ms-peak>
      <ei-ms-id>538</ei-ms-id>
      <id>59978</id>
      <intensity>80.0</intensity>
      <mass-charge>54.0</mass-charge>
    </ei-ms-peak>
    <ei-ms-peak>
      <ei-ms-id>538</ei-ms-id>
      <id>59979</id>
      <intensity>20.0</intensity>
      <mass-charge>55.0</mass-charge>
    </ei-ms-peak>
    <ei-ms-peak>
      <ei-ms-id>538</ei-ms-id>
      <id>59980</id>
      <intensity>20.0</intensity>
      <mass-charge>56.0</mass-charge>
    </ei-ms-peak>
    <ei-ms-peak>
      <ei-ms-id>538</ei-ms-id>
      <id>59981</id>
      <intensity>931.0</intensity>
      <mass-charge>57.0</mass-charge>
    </ei-ms-peak>
    <ei-ms-peak>
      <ei-ms-id>538</ei-ms-id>
      <id>59982</id>
      <intensity>1121.0</intensity>
      <mass-charge>58.0</mass-charge>
    </ei-ms-peak>
    <ei-ms-peak>
      <ei-ms-id>538</ei-ms-id>
      <id>59983</id>
      <intensity>470.0</intensity>
      <mass-charge>59.0</mass-charge>
    </ei-ms-peak>
    <ei-ms-peak>
      <ei-ms-id>538</ei-ms-id>
      <id>59984</id>
      <intensity>210.0</intensity>
      <mass-charge>60.0</mass-charge>
    </ei-ms-peak>
    <ei-ms-peak>
      <ei-ms-id>538</ei-ms-id>
      <id>59985</id>
      <intensity>160.0</intensity>
      <mass-charge>61.0</mass-charge>
    </ei-ms-peak>
    <ei-ms-peak>
      <ei-ms-id>538</ei-ms-id>
      <id>59986</id>
      <intensity>470.0</intensity>
      <mass-charge>62.0</mass-charge>
    </ei-ms-peak>
    <ei-ms-peak>
      <ei-ms-id>538</ei-ms-id>
      <id>59987</id>
      <intensity>1191.0</intensity>
      <mass-charge>63.0</mass-charge>
    </ei-ms-peak>
    <ei-ms-peak>
      <ei-ms-id>538</ei-ms-id>
      <id>59988</id>
      <intensity>350.0</intensity>
      <mass-charge>64.0</mass-charge>
    </ei-ms-peak>
    <ei-ms-peak>
      <ei-ms-id>538</ei-ms-id>
      <id>59989</id>
      <intensity>120.0</intensity>
      <mass-charge>65.0</mass-charge>
    </ei-ms-peak>
    <ei-ms-peak>
      <ei-ms-id>538</ei-ms-id>
      <id>59990</id>
      <intensity>20.0</intensity>
      <mass-charge>66.0</mass-charge>
    </ei-ms-peak>
    <ei-ms-peak>
      <ei-ms-id>538</ei-ms-id>
      <id>59991</id>
      <intensity>40.0</intensity>
      <mass-charge>67.0</mass-charge>
    </ei-ms-peak>
    <ei-ms-peak>
      <ei-ms-id>538</ei-ms-id>
      <id>59992</id>
      <intensity>220.0</intensity>
      <mass-charge>68.0</mass-charge>
    </ei-ms-peak>
    <ei-ms-peak>
      <ei-ms-id>538</ei-ms-id>
      <id>59993</id>
      <intensity>711.0</intensity>
      <mass-charge>69.0</mass-charge>
    </ei-ms-peak>
    <ei-ms-peak>
      <ei-ms-id>538</ei-ms-id>
      <id>59994</id>
      <intensity>370.0</intensity>
      <mass-charge>70.0</mass-charge>
    </ei-ms-peak>
    <ei-ms-peak>
      <ei-ms-id>538</ei-ms-id>
      <id>59995</id>
      <intensity>110.0</intensity>
      <mass-charge>71.0</mass-charge>
    </ei-ms-peak>
    <ei-ms-peak>
      <ei-ms-id>538</ei-ms-id>
      <id>59996</id>
      <intensity>1041.0</intensity>
      <mass-charge>72.0</mass-charge>
    </ei-ms-peak>
    <ei-ms-peak>
      <ei-ms-id>538</ei-ms-id>
      <id>59997</id>
      <intensity>520.0</intensity>
      <mass-charge>73.0</mass-charge>
    </ei-ms-peak>
    <ei-ms-peak>
      <ei-ms-id>538</ei-ms-id>
      <id>59998</id>
      <intensity>851.0</intensity>
      <mass-charge>74.0</mass-charge>
    </ei-ms-peak>
    <ei-ms-peak>
      <ei-ms-id>538</ei-ms-id>
      <id>59999</id>
      <intensity>2622.0</intensity>
      <mass-charge>75.0</mass-charge>
    </ei-ms-peak>
    <ei-ms-peak>
      <ei-ms-id>538</ei-ms-id>
      <id>60000</id>
      <intensity>530.0</intensity>
      <mass-charge>76.0</mass-charge>
    </ei-ms-peak>
    <ei-ms-peak>
      <ei-ms-id>538</ei-ms-id>
      <id>60001</id>
      <intensity>310.0</intensity>
      <mass-charge>77.0</mass-charge>
    </ei-ms-peak>
    <ei-ms-peak>
      <ei-ms-id>538</ei-ms-id>
      <id>60002</id>
      <intensity>180.0</intensity>
      <mass-charge>78.0</mass-charge>
    </ei-ms-peak>
    <ei-ms-peak>
      <ei-ms-id>538</ei-ms-id>
      <id>60003</id>
      <intensity>110.0</intensity>
      <mass-charge>79.0</mass-charge>
    </ei-ms-peak>
    <ei-ms-peak>
      <ei-ms-id>538</ei-ms-id>
      <id>60004</id>
      <intensity>80.0</intensity>
      <mass-charge>80.0</mass-charge>
    </ei-ms-peak>
    <ei-ms-peak>
      <ei-ms-id>538</ei-ms-id>
      <id>60005</id>
      <intensity>861.0</intensity>
      <mass-charge>81.0</mass-charge>
    </ei-ms-peak>
    <ei-ms-peak>
      <ei-ms-id>538</ei-ms-id>
      <id>60006</id>
      <intensity>280.0</intensity>
      <mass-charge>82.0</mass-charge>
    </ei-ms-peak>
    <ei-ms-peak>
      <ei-ms-id>538</ei-ms-id>
      <id>60007</id>
      <intensity>1481.0</intensity>
      <mass-charge>83.0</mass-charge>
    </ei-ms-peak>
    <ei-ms-peak>
      <ei-ms-id>538</ei-ms-id>
      <id>60008</id>
      <intensity>250.0</intensity>
      <mass-charge>84.0</mass-charge>
    </ei-ms-peak>
    <ei-ms-peak>
      <ei-ms-id>538</ei-ms-id>
      <id>60009</id>
      <intensity>350.0</intensity>
      <mass-charge>85.0</mass-charge>
    </ei-ms-peak>
    <ei-ms-peak>
      <ei-ms-id>538</ei-ms-id>
      <id>60010</id>
      <intensity>340.0</intensity>
      <mass-charge>86.0</mass-charge>
    </ei-ms-peak>
    <ei-ms-peak>
      <ei-ms-id>538</ei-ms-id>
      <id>60011</id>
      <intensity>631.0</intensity>
      <mass-charge>87.0</mass-charge>
    </ei-ms-peak>
    <ei-ms-peak>
      <ei-ms-id>538</ei-ms-id>
      <id>60012</id>
      <intensity>480.0</intensity>
      <mass-charge>88.0</mass-charge>
    </ei-ms-peak>
    <ei-ms-peak>
      <ei-ms-id>538</ei-ms-id>
      <id>60013</id>
      <intensity>1561.0</intensity>
      <mass-charge>89.0</mass-charge>
    </ei-ms-peak>
    <ei-ms-peak>
      <ei-ms-id>538</ei-ms-id>
      <id>60014</id>
      <intensity>440.0</intensity>
      <mass-charge>90.0</mass-charge>
    </ei-ms-peak>
    <ei-ms-peak>
      <ei-ms-id>538</ei-ms-id>
      <id>60015</id>
      <intensity>340.0</intensity>
      <mass-charge>91.0</mass-charge>
    </ei-ms-peak>
    <ei-ms-peak>
      <ei-ms-id>538</ei-ms-id>
      <id>60016</id>
      <intensity>500.0</intensity>
      <mass-charge>92.0</mass-charge>
    </ei-ms-peak>
    <ei-ms-peak>
      <ei-ms-id>538</ei-ms-id>
      <id>60017</id>
      <intensity>310.0</intensity>
      <mass-charge>93.0</mass-charge>
    </ei-ms-peak>
    <ei-ms-peak>
      <ei-ms-id>538</ei-ms-id>
      <id>60018</id>
      <intensity>811.0</intensity>
      <mass-charge>94.0</mass-charge>
    </ei-ms-peak>
    <ei-ms-peak>
      <ei-ms-id>538</ei-ms-id>
      <id>60019</id>
      <intensity>1732.0</intensity>
      <mass-charge>95.0</mass-charge>
    </ei-ms-peak>
    <ei-ms-peak>
      <ei-ms-id>538</ei-ms-id>
      <id>60020</id>
      <intensity>380.0</intensity>
      <mass-charge>96.0</mass-charge>
    </ei-ms-peak>
    <ei-ms-peak>
      <ei-ms-id>538</ei-ms-id>
      <id>60021</id>
      <intensity>520.0</intensity>
      <mass-charge>97.0</mass-charge>
    </ei-ms-peak>
    <ei-ms-peak>
      <ei-ms-id>538</ei-ms-id>
      <id>60022</id>
      <intensity>561.0</intensity>
      <mass-charge>98.0</mass-charge>
    </ei-ms-peak>
    <ei-ms-peak>
      <ei-ms-id>538</ei-ms-id>
      <id>60023</id>
      <intensity>611.0</intensity>
      <mass-charge>99.0</mass-charge>
    </ei-ms-peak>
    <ei-ms-peak>
      <ei-ms-id>538</ei-ms-id>
      <id>60024</id>
      <intensity>731.0</intensity>
      <mass-charge>100.0</mass-charge>
    </ei-ms-peak>
    <ei-ms-peak>
      <ei-ms-id>538</ei-ms-id>
      <id>60025</id>
      <intensity>420.0</intensity>
      <mass-charge>101.0</mass-charge>
    </ei-ms-peak>
    <ei-ms-peak>
      <ei-ms-id>538</ei-ms-id>
      <id>60026</id>
      <intensity>941.0</intensity>
      <mass-charge>102.0</mass-charge>
    </ei-ms-peak>
    <ei-ms-peak>
      <ei-ms-id>538</ei-ms-id>
      <id>60027</id>
      <intensity>240.0</intensity>
      <mass-charge>103.0</mass-charge>
    </ei-ms-peak>
    <ei-ms-peak>
      <ei-ms-id>538</ei-ms-id>
      <id>60028</id>
      <intensity>120.0</intensity>
      <mass-charge>104.0</mass-charge>
    </ei-ms-peak>
    <ei-ms-peak>
      <ei-ms-id>538</ei-ms-id>
      <id>60029</id>
      <intensity>1011.0</intensity>
      <mass-charge>105.0</mass-charge>
    </ei-ms-peak>
    <ei-ms-peak>
      <ei-ms-id>538</ei-ms-id>
      <id>60030</id>
      <intensity>410.0</intensity>
      <mass-charge>106.0</mass-charge>
    </ei-ms-peak>
    <ei-ms-peak>
      <ei-ms-id>538</ei-ms-id>
      <id>60031</id>
      <intensity>1111.0</intensity>
      <mass-charge>107.0</mass-charge>
    </ei-ms-peak>
    <ei-ms-peak>
      <ei-ms-id>538</ei-ms-id>
      <id>60032</id>
      <intensity>631.0</intensity>
      <mass-charge>108.0</mass-charge>
    </ei-ms-peak>
    <ei-ms-peak>
      <ei-ms-id>538</ei-ms-id>
      <id>60033</id>
      <intensity>3093.0</intensity>
      <mass-charge>109.0</mass-charge>
    </ei-ms-peak>
    <ei-ms-peak>
      <ei-ms-id>538</ei-ms-id>
      <id>60034</id>
      <intensity>981.0</intensity>
      <mass-charge>110.0</mass-charge>
    </ei-ms-peak>
    <ei-ms-peak>
      <ei-ms-id>538</ei-ms-id>
      <id>60035</id>
      <intensity>1261.0</intensity>
      <mass-charge>111.0</mass-charge>
    </ei-ms-peak>
    <ei-ms-peak>
      <ei-ms-id>538</ei-ms-id>
      <id>60036</id>
      <intensity>520.0</intensity>
      <mass-charge>112.0</mass-charge>
    </ei-ms-peak>
    <ei-ms-peak>
      <ei-ms-id>538</ei-ms-id>
      <id>60037</id>
      <intensity>540.0</intensity>
      <mass-charge>113.0</mass-charge>
    </ei-ms-peak>
    <ei-ms-peak>
      <ei-ms-id>538</ei-ms-id>
      <id>60038</id>
      <intensity>420.0</intensity>
      <mass-charge>114.0</mass-charge>
    </ei-ms-peak>
    <ei-ms-peak>
      <ei-ms-id>538</ei-ms-id>
      <id>60039</id>
      <intensity>230.0</intensity>
      <mass-charge>115.0</mass-charge>
    </ei-ms-peak>
    <ei-ms-peak>
      <ei-ms-id>538</ei-ms-id>
      <id>60040</id>
      <intensity>200.0</intensity>
      <mass-charge>116.0</mass-charge>
    </ei-ms-peak>
    <ei-ms-peak>
      <ei-ms-id>538</ei-ms-id>
      <id>60041</id>
      <intensity>651.0</intensity>
      <mass-charge>117.0</mass-charge>
    </ei-ms-peak>
    <ei-ms-peak>
      <ei-ms-id>538</ei-ms-id>
      <id>60042</id>
      <intensity>380.0</intensity>
      <mass-charge>118.0</mass-charge>
    </ei-ms-peak>
    <ei-ms-peak>
      <ei-ms-id>538</ei-ms-id>
      <id>60043</id>
      <intensity>310.0</intensity>
      <mass-charge>119.0</mass-charge>
    </ei-ms-peak>
    <ei-ms-peak>
      <ei-ms-id>538</ei-ms-id>
      <id>60044</id>
      <intensity>801.0</intensity>
      <mass-charge>120.0</mass-charge>
    </ei-ms-peak>
    <ei-ms-peak>
      <ei-ms-id>538</ei-ms-id>
      <id>60045</id>
      <intensity>931.0</intensity>
      <mass-charge>121.0</mass-charge>
    </ei-ms-peak>
    <ei-ms-peak>
      <ei-ms-id>538</ei-ms-id>
      <id>60046</id>
      <intensity>1111.0</intensity>
      <mass-charge>122.0</mass-charge>
    </ei-ms-peak>
    <ei-ms-peak>
      <ei-ms-id>538</ei-ms-id>
      <id>60047</id>
      <intensity>761.0</intensity>
      <mass-charge>123.0</mass-charge>
    </ei-ms-peak>
    <ei-ms-peak>
      <ei-ms-id>538</ei-ms-id>
      <id>60048</id>
      <intensity>811.0</intensity>
      <mass-charge>124.0</mass-charge>
    </ei-ms-peak>
    <ei-ms-peak>
      <ei-ms-id>538</ei-ms-id>
      <id>60049</id>
      <intensity>571.0</intensity>
      <mass-charge>125.0</mass-charge>
    </ei-ms-peak>
    <ei-ms-peak>
      <ei-ms-id>538</ei-ms-id>
      <id>60050</id>
      <intensity>490.0</intensity>
      <mass-charge>126.0</mass-charge>
    </ei-ms-peak>
    <ei-ms-peak>
      <ei-ms-id>538</ei-ms-id>
      <id>60051</id>
      <intensity>661.0</intensity>
      <mass-charge>127.0</mass-charge>
    </ei-ms-peak>
    <ei-ms-peak>
      <ei-ms-id>538</ei-ms-id>
      <id>60052</id>
      <intensity>300.0</intensity>
      <mass-charge>128.0</mass-charge>
    </ei-ms-peak>
    <ei-ms-peak>
      <ei-ms-id>538</ei-ms-id>
      <id>60053</id>
      <intensity>350.0</intensity>
      <mass-charge>129.0</mass-charge>
    </ei-ms-peak>
    <ei-ms-peak>
      <ei-ms-id>538</ei-ms-id>
      <id>60054</id>
      <intensity>200.0</intensity>
      <mass-charge>130.0</mass-charge>
    </ei-ms-peak>
    <ei-ms-peak>
      <ei-ms-id>538</ei-ms-id>
      <id>60055</id>
      <intensity>500.0</intensity>
      <mass-charge>131.0</mass-charge>
    </ei-ms-peak>
    <ei-ms-peak>
      <ei-ms-id>538</ei-ms-id>
      <id>60056</id>
      <intensity>420.0</intensity>
      <mass-charge>132.0</mass-charge>
    </ei-ms-peak>
    <ei-ms-peak>
      <ei-ms-id>538</ei-ms-id>
      <id>60057</id>
      <intensity>1261.0</intensity>
      <mass-charge>134.0</mass-charge>
    </ei-ms-peak>
    <ei-ms-peak>
      <ei-ms-id>538</ei-ms-id>
      <id>60058</id>
      <intensity>591.0</intensity>
      <mass-charge>135.0</mass-charge>
    </ei-ms-peak>
    <ei-ms-peak>
      <ei-ms-id>538</ei-ms-id>
      <id>60059</id>
      <intensity>1021.0</intensity>
      <mass-charge>136.0</mass-charge>
    </ei-ms-peak>
    <ei-ms-peak>
      <ei-ms-id>538</ei-ms-id>
      <id>60060</id>
      <intensity>631.0</intensity>
      <mass-charge>137.0</mass-charge>
    </ei-ms-peak>
    <ei-ms-peak>
      <ei-ms-id>538</ei-ms-id>
      <id>60061</id>
      <intensity>951.0</intensity>
      <mass-charge>138.0</mass-charge>
    </ei-ms-peak>
    <ei-ms-peak>
      <ei-ms-id>538</ei-ms-id>
      <id>60062</id>
      <intensity>1071.0</intensity>
      <mass-charge>139.0</mass-charge>
    </ei-ms-peak>
    <ei-ms-peak>
      <ei-ms-id>538</ei-ms-id>
      <id>60063</id>
      <intensity>460.0</intensity>
      <mass-charge>140.0</mass-charge>
    </ei-ms-peak>
    <ei-ms-peak>
      <ei-ms-id>538</ei-ms-id>
      <id>60064</id>
      <intensity>310.0</intensity>
      <mass-charge>141.0</mass-charge>
    </ei-ms-peak>
    <ei-ms-peak>
      <ei-ms-id>538</ei-ms-id>
      <id>60065</id>
      <intensity>1201.0</intensity>
      <mass-charge>142.0</mass-charge>
    </ei-ms-peak>
    <ei-ms-peak>
      <ei-ms-id>538</ei-ms-id>
      <id>60066</id>
      <intensity>400.0</intensity>
      <mass-charge>143.0</mass-charge>
    </ei-ms-peak>
    <ei-ms-peak>
      <ei-ms-id>538</ei-ms-id>
      <id>60067</id>
      <intensity>671.0</intensity>
      <mass-charge>144.0</mass-charge>
    </ei-ms-peak>
    <ei-ms-peak>
      <ei-ms-id>538</ei-ms-id>
      <id>60068</id>
      <intensity>490.0</intensity>
      <mass-charge>145.0</mass-charge>
    </ei-ms-peak>
    <ei-ms-peak>
      <ei-ms-id>538</ei-ms-id>
      <id>60069</id>
      <intensity>550.0</intensity>
      <mass-charge>146.0</mass-charge>
    </ei-ms-peak>
    <ei-ms-peak>
      <ei-ms-id>538</ei-ms-id>
      <id>60070</id>
      <intensity>290.0</intensity>
      <mass-charge>147.0</mass-charge>
    </ei-ms-peak>
    <ei-ms-peak>
      <ei-ms-id>538</ei-ms-id>
      <id>60071</id>
      <intensity>150.0</intensity>
      <mass-charge>148.0</mass-charge>
    </ei-ms-peak>
    <ei-ms-peak>
      <ei-ms-id>538</ei-ms-id>
      <id>60072</id>
      <intensity>320.0</intensity>
      <mass-charge>149.0</mass-charge>
    </ei-ms-peak>
    <ei-ms-peak>
      <ei-ms-id>538</ei-ms-id>
      <id>60073</id>
      <intensity>611.0</intensity>
      <mass-charge>150.0</mass-charge>
    </ei-ms-peak>
    <ei-ms-peak>
      <ei-ms-id>538</ei-ms-id>
      <id>60074</id>
      <intensity>591.0</intensity>
      <mass-charge>151.0</mass-charge>
    </ei-ms-peak>
    <ei-ms-peak>
      <ei-ms-id>538</ei-ms-id>
      <id>60075</id>
      <intensity>470.0</intensity>
      <mass-charge>152.0</mass-charge>
    </ei-ms-peak>
    <ei-ms-peak>
      <ei-ms-id>538</ei-ms-id>
      <id>60076</id>
      <intensity>230.0</intensity>
      <mass-charge>153.0</mass-charge>
    </ei-ms-peak>
    <ei-ms-peak>
      <ei-ms-id>538</ei-ms-id>
      <id>60077</id>
      <intensity>240.0</intensity>
      <mass-charge>154.0</mass-charge>
    </ei-ms-peak>
    <ei-ms-peak>
      <ei-ms-id>538</ei-ms-id>
      <id>60078</id>
      <intensity>1071.0</intensity>
      <mass-charge>155.0</mass-charge>
    </ei-ms-peak>
    <ei-ms-peak>
      <ei-ms-id>538</ei-ms-id>
      <id>60079</id>
      <intensity>641.0</intensity>
      <mass-charge>156.0</mass-charge>
    </ei-ms-peak>
    <ei-ms-peak>
      <ei-ms-id>538</ei-ms-id>
      <id>60080</id>
      <intensity>801.0</intensity>
      <mass-charge>157.0</mass-charge>
    </ei-ms-peak>
    <ei-ms-peak>
      <ei-ms-id>538</ei-ms-id>
      <id>60081</id>
      <intensity>400.0</intensity>
      <mass-charge>158.0</mass-charge>
    </ei-ms-peak>
    <ei-ms-peak>
      <ei-ms-id>538</ei-ms-id>
      <id>60082</id>
      <intensity>260.0</intensity>
      <mass-charge>159.0</mass-charge>
    </ei-ms-peak>
    <ei-ms-peak>
      <ei-ms-id>538</ei-ms-id>
      <id>60083</id>
      <intensity>190.0</intensity>
      <mass-charge>160.0</mass-charge>
    </ei-ms-peak>
    <ei-ms-peak>
      <ei-ms-id>538</ei-ms-id>
      <id>60084</id>
      <intensity>510.0</intensity>
      <mass-charge>161.0</mass-charge>
    </ei-ms-peak>
    <ei-ms-peak>
      <ei-ms-id>538</ei-ms-id>
      <id>60085</id>
      <intensity>571.0</intensity>
      <mass-charge>162.0</mass-charge>
    </ei-ms-peak>
    <ei-ms-peak>
      <ei-ms-id>538</ei-ms-id>
      <id>60086</id>
      <intensity>2252.0</intensity>
      <mass-charge>163.0</mass-charge>
    </ei-ms-peak>
    <ei-ms-peak>
      <ei-ms-id>538</ei-ms-id>
      <id>60087</id>
      <intensity>681.0</intensity>
      <mass-charge>164.0</mass-charge>
    </ei-ms-peak>
    <ei-ms-peak>
      <ei-ms-id>538</ei-ms-id>
      <id>60088</id>
      <intensity>1411.0</intensity>
      <mass-charge>165.0</mass-charge>
    </ei-ms-peak>
    <ei-ms-peak>
      <ei-ms-id>538</ei-ms-id>
      <id>60089</id>
      <intensity>300.0</intensity>
      <mass-charge>167.0</mass-charge>
    </ei-ms-peak>
    <ei-ms-peak>
      <ei-ms-id>538</ei-ms-id>
      <id>60090</id>
      <intensity>751.0</intensity>
      <mass-charge>168.0</mass-charge>
    </ei-ms-peak>
    <ei-ms-peak>
      <ei-ms-id>538</ei-ms-id>
      <id>60091</id>
      <intensity>861.0</intensity>
      <mass-charge>169.0</mass-charge>
    </ei-ms-peak>
    <ei-ms-peak>
      <ei-ms-id>538</ei-ms-id>
      <id>60092</id>
      <intensity>901.0</intensity>
      <mass-charge>170.0</mass-charge>
    </ei-ms-peak>
    <ei-ms-peak>
      <ei-ms-id>538</ei-ms-id>
      <id>60093</id>
      <intensity>250.0</intensity>
      <mass-charge>171.0</mass-charge>
    </ei-ms-peak>
    <ei-ms-peak>
      <ei-ms-id>538</ei-ms-id>
      <id>60094</id>
      <intensity>30.0</intensity>
      <mass-charge>172.0</mass-charge>
    </ei-ms-peak>
    <ei-ms-peak>
      <ei-ms-id>538</ei-ms-id>
      <id>60095</id>
      <intensity>170.0</intensity>
      <mass-charge>173.0</mass-charge>
    </ei-ms-peak>
    <ei-ms-peak>
      <ei-ms-id>538</ei-ms-id>
      <id>60096</id>
      <intensity>170.0</intensity>
      <mass-charge>174.0</mass-charge>
    </ei-ms-peak>
    <ei-ms-peak>
      <ei-ms-id>538</ei-ms-id>
      <id>60097</id>
      <intensity>320.0</intensity>
      <mass-charge>175.0</mass-charge>
    </ei-ms-peak>
    <ei-ms-peak>
      <ei-ms-id>538</ei-ms-id>
      <id>60098</id>
      <intensity>571.0</intensity>
      <mass-charge>176.0</mass-charge>
    </ei-ms-peak>
    <ei-ms-peak>
      <ei-ms-id>538</ei-ms-id>
      <id>60099</id>
      <intensity>691.0</intensity>
      <mass-charge>177.0</mass-charge>
    </ei-ms-peak>
    <ei-ms-peak>
      <ei-ms-id>538</ei-ms-id>
      <id>60100</id>
      <intensity>340.0</intensity>
      <mass-charge>178.0</mass-charge>
    </ei-ms-peak>
    <ei-ms-peak>
      <ei-ms-id>538</ei-ms-id>
      <id>60101</id>
      <intensity>290.0</intensity>
      <mass-charge>179.0</mass-charge>
    </ei-ms-peak>
    <ei-ms-peak>
      <ei-ms-id>538</ei-ms-id>
      <id>60102</id>
      <intensity>741.0</intensity>
      <mass-charge>180.0</mass-charge>
    </ei-ms-peak>
    <ei-ms-peak>
      <ei-ms-id>538</ei-ms-id>
      <id>60103</id>
      <intensity>3073.0</intensity>
      <mass-charge>181.0</mass-charge>
    </ei-ms-peak>
    <ei-ms-peak>
      <ei-ms-id>538</ei-ms-id>
      <id>60104</id>
      <intensity>4254.0</intensity>
      <mass-charge>182.0</mass-charge>
    </ei-ms-peak>
    <ei-ms-peak>
      <ei-ms-id>538</ei-ms-id>
      <id>60105</id>
      <intensity>4534.0</intensity>
      <mass-charge>183.0</mass-charge>
    </ei-ms-peak>
    <ei-ms-peak>
      <ei-ms-id>538</ei-ms-id>
      <id>60106</id>
      <intensity>1371.0</intensity>
      <mass-charge>184.0</mass-charge>
    </ei-ms-peak>
    <ei-ms-peak>
      <ei-ms-id>538</ei-ms-id>
      <id>60107</id>
      <intensity>290.0</intensity>
      <mass-charge>185.0</mass-charge>
    </ei-ms-peak>
    <ei-ms-peak>
      <ei-ms-id>538</ei-ms-id>
      <id>60108</id>
      <intensity>170.0</intensity>
      <mass-charge>186.0</mass-charge>
    </ei-ms-peak>
    <ei-ms-peak>
      <ei-ms-id>538</ei-ms-id>
      <id>60109</id>
      <intensity>170.0</intensity>
      <mass-charge>187.0</mass-charge>
    </ei-ms-peak>
    <ei-ms-peak>
      <ei-ms-id>538</ei-ms-id>
      <id>60110</id>
      <intensity>390.0</intensity>
      <mass-charge>188.0</mass-charge>
    </ei-ms-peak>
    <ei-ms-peak>
      <ei-ms-id>538</ei-ms-id>
      <id>60111</id>
      <intensity>340.0</intensity>
      <mass-charge>189.0</mass-charge>
    </ei-ms-peak>
    <ei-ms-peak>
      <ei-ms-id>538</ei-ms-id>
      <id>60112</id>
      <intensity>691.0</intensity>
      <mass-charge>190.0</mass-charge>
    </ei-ms-peak>
    <ei-ms-peak>
      <ei-ms-id>538</ei-ms-id>
      <id>60113</id>
      <intensity>220.0</intensity>
      <mass-charge>191.0</mass-charge>
    </ei-ms-peak>
    <ei-ms-peak>
      <ei-ms-id>538</ei-ms-id>
      <id>60114</id>
      <intensity>120.0</intensity>
      <mass-charge>192.0</mass-charge>
    </ei-ms-peak>
    <ei-ms-peak>
      <ei-ms-id>538</ei-ms-id>
      <id>60115</id>
      <intensity>420.0</intensity>
      <mass-charge>193.0</mass-charge>
    </ei-ms-peak>
    <ei-ms-peak>
      <ei-ms-id>538</ei-ms-id>
      <id>60116</id>
      <intensity>1692.0</intensity>
      <mass-charge>194.0</mass-charge>
    </ei-ms-peak>
    <ei-ms-peak>
      <ei-ms-id>538</ei-ms-id>
      <id>60117</id>
      <intensity>1261.0</intensity>
      <mass-charge>195.0</mass-charge>
    </ei-ms-peak>
    <ei-ms-peak>
      <ei-ms-id>538</ei-ms-id>
      <id>60118</id>
      <intensity>1621.0</intensity>
      <mass-charge>196.0</mass-charge>
    </ei-ms-peak>
    <ei-ms-peak>
      <ei-ms-id>538</ei-ms-id>
      <id>60119</id>
      <intensity>390.0</intensity>
      <mass-charge>197.0</mass-charge>
    </ei-ms-peak>
    <ei-ms-peak>
      <ei-ms-id>538</ei-ms-id>
      <id>60120</id>
      <intensity>440.0</intensity>
      <mass-charge>198.0</mass-charge>
    </ei-ms-peak>
    <ei-ms-peak>
      <ei-ms-id>538</ei-ms-id>
      <id>60121</id>
      <intensity>220.0</intensity>
      <mass-charge>199.0</mass-charge>
    </ei-ms-peak>
    <ei-ms-peak>
      <ei-ms-id>538</ei-ms-id>
      <id>60122</id>
      <intensity>210.0</intensity>
      <mass-charge>200.0</mass-charge>
    </ei-ms-peak>
    <ei-ms-peak>
      <ei-ms-id>538</ei-ms-id>
      <id>60123</id>
      <intensity>240.0</intensity>
      <mass-charge>201.0</mass-charge>
    </ei-ms-peak>
    <ei-ms-peak>
      <ei-ms-id>538</ei-ms-id>
      <id>60124</id>
      <intensity>280.0</intensity>
      <mass-charge>202.0</mass-charge>
    </ei-ms-peak>
    <ei-ms-peak>
      <ei-ms-id>538</ei-ms-id>
      <id>60125</id>
      <intensity>210.0</intensity>
      <mass-charge>203.0</mass-charge>
    </ei-ms-peak>
    <ei-ms-peak>
      <ei-ms-id>538</ei-ms-id>
      <id>60126</id>
      <intensity>220.0</intensity>
      <mass-charge>204.0</mass-charge>
    </ei-ms-peak>
    <ei-ms-peak>
      <ei-ms-id>538</ei-ms-id>
      <id>60127</id>
      <intensity>130.0</intensity>
      <mass-charge>205.0</mass-charge>
    </ei-ms-peak>
    <ei-ms-peak>
      <ei-ms-id>538</ei-ms-id>
      <id>60128</id>
      <intensity>370.0</intensity>
      <mass-charge>206.0</mass-charge>
    </ei-ms-peak>
    <ei-ms-peak>
      <ei-ms-id>538</ei-ms-id>
      <id>60129</id>
      <intensity>440.0</intensity>
      <mass-charge>207.0</mass-charge>
    </ei-ms-peak>
    <ei-ms-peak>
      <ei-ms-id>538</ei-ms-id>
      <id>60130</id>
      <intensity>2422.0</intensity>
      <mass-charge>208.0</mass-charge>
    </ei-ms-peak>
    <ei-ms-peak>
      <ei-ms-id>538</ei-ms-id>
      <id>60131</id>
      <intensity>2012.0</intensity>
      <mass-charge>209.0</mass-charge>
    </ei-ms-peak>
    <ei-ms-peak>
      <ei-ms-id>538</ei-ms-id>
      <id>60132</id>
      <intensity>1281.0</intensity>
      <mass-charge>210.0</mass-charge>
    </ei-ms-peak>
    <ei-ms-peak>
      <ei-ms-id>538</ei-ms-id>
      <id>60133</id>
      <intensity>671.0</intensity>
      <mass-charge>211.0</mass-charge>
    </ei-ms-peak>
    <ei-ms-peak>
      <ei-ms-id>538</ei-ms-id>
      <id>60134</id>
      <intensity>200.0</intensity>
      <mass-charge>212.0</mass-charge>
    </ei-ms-peak>
    <ei-ms-peak>
      <ei-ms-id>538</ei-ms-id>
      <id>60135</id>
      <intensity>380.0</intensity>
      <mass-charge>213.0</mass-charge>
    </ei-ms-peak>
    <ei-ms-peak>
      <ei-ms-id>538</ei-ms-id>
      <id>60136</id>
      <intensity>310.0</intensity>
      <mass-charge>214.0</mass-charge>
    </ei-ms-peak>
    <ei-ms-peak>
      <ei-ms-id>538</ei-ms-id>
      <id>60137</id>
      <intensity>270.0</intensity>
      <mass-charge>215.0</mass-charge>
    </ei-ms-peak>
    <ei-ms-peak>
      <ei-ms-id>538</ei-ms-id>
      <id>60138</id>
      <intensity>250.0</intensity>
      <mass-charge>216.0</mass-charge>
    </ei-ms-peak>
    <ei-ms-peak>
      <ei-ms-id>538</ei-ms-id>
      <id>60139</id>
      <intensity>1291.0</intensity>
      <mass-charge>217.0</mass-charge>
    </ei-ms-peak>
    <ei-ms-peak>
      <ei-ms-id>538</ei-ms-id>
      <id>60140</id>
      <intensity>320.0</intensity>
      <mass-charge>218.0</mass-charge>
    </ei-ms-peak>
    <ei-ms-peak>
      <ei-ms-id>538</ei-ms-id>
      <id>60141</id>
      <intensity>581.0</intensity>
      <mass-charge>219.0</mass-charge>
    </ei-ms-peak>
    <ei-ms-peak>
      <ei-ms-id>538</ei-ms-id>
      <id>60142</id>
      <intensity>500.0</intensity>
      <mass-charge>220.0</mass-charge>
    </ei-ms-peak>
    <ei-ms-peak>
      <ei-ms-id>538</ei-ms-id>
      <id>60143</id>
      <intensity>591.0</intensity>
      <mass-charge>221.0</mass-charge>
    </ei-ms-peak>
    <ei-ms-peak>
      <ei-ms-id>538</ei-ms-id>
      <id>60144</id>
      <intensity>701.0</intensity>
      <mass-charge>222.0</mass-charge>
    </ei-ms-peak>
    <ei-ms-peak>
      <ei-ms-id>538</ei-ms-id>
      <id>60145</id>
      <intensity>771.0</intensity>
      <mass-charge>223.0</mass-charge>
    </ei-ms-peak>
    <ei-ms-peak>
      <ei-ms-id>538</ei-ms-id>
      <id>60146</id>
      <intensity>450.0</intensity>
      <mass-charge>224.0</mass-charge>
    </ei-ms-peak>
    <ei-ms-peak>
      <ei-ms-id>538</ei-ms-id>
      <id>60147</id>
      <intensity>190.0</intensity>
      <mass-charge>225.0</mass-charge>
    </ei-ms-peak>
    <ei-ms-peak>
      <ei-ms-id>538</ei-ms-id>
      <id>60148</id>
      <intensity>320.0</intensity>
      <mass-charge>226.0</mass-charge>
    </ei-ms-peak>
    <ei-ms-peak>
      <ei-ms-id>538</ei-ms-id>
      <id>60149</id>
      <intensity>120.0</intensity>
      <mass-charge>227.0</mass-charge>
    </ei-ms-peak>
    <ei-ms-peak>
      <ei-ms-id>538</ei-ms-id>
      <id>60150</id>
      <intensity>110.0</intensity>
      <mass-charge>228.0</mass-charge>
    </ei-ms-peak>
    <ei-ms-peak>
      <ei-ms-id>538</ei-ms-id>
      <id>60151</id>
      <intensity>150.0</intensity>
      <mass-charge>229.0</mass-charge>
    </ei-ms-peak>
    <ei-ms-peak>
      <ei-ms-id>538</ei-ms-id>
      <id>60152</id>
      <intensity>390.0</intensity>
      <mass-charge>230.0</mass-charge>
    </ei-ms-peak>
    <ei-ms-peak>
      <ei-ms-id>538</ei-ms-id>
      <id>60153</id>
      <intensity>290.0</intensity>
      <mass-charge>231.0</mass-charge>
    </ei-ms-peak>
    <ei-ms-peak>
      <ei-ms-id>538</ei-ms-id>
      <id>60154</id>
      <intensity>220.0</intensity>
      <mass-charge>232.0</mass-charge>
    </ei-ms-peak>
    <ei-ms-peak>
      <ei-ms-id>538</ei-ms-id>
      <id>60155</id>
      <intensity>270.0</intensity>
      <mass-charge>233.0</mass-charge>
    </ei-ms-peak>
    <ei-ms-peak>
      <ei-ms-id>538</ei-ms-id>
      <id>60156</id>
      <intensity>330.0</intensity>
      <mass-charge>234.0</mass-charge>
    </ei-ms-peak>
    <ei-ms-peak>
      <ei-ms-id>538</ei-ms-id>
      <id>60157</id>
      <intensity>460.0</intensity>
      <mass-charge>235.0</mass-charge>
    </ei-ms-peak>
    <ei-ms-peak>
      <ei-ms-id>538</ei-ms-id>
      <id>60158</id>
      <intensity>821.0</intensity>
      <mass-charge>236.0</mass-charge>
    </ei-ms-peak>
    <ei-ms-peak>
      <ei-ms-id>538</ei-ms-id>
      <id>60159</id>
      <intensity>571.0</intensity>
      <mass-charge>237.0</mass-charge>
    </ei-ms-peak>
    <ei-ms-peak>
      <ei-ms-id>538</ei-ms-id>
      <id>60160</id>
      <intensity>390.0</intensity>
      <mass-charge>238.0</mass-charge>
    </ei-ms-peak>
    <ei-ms-peak>
      <ei-ms-id>538</ei-ms-id>
      <id>60161</id>
      <intensity>340.0</intensity>
      <mass-charge>239.0</mass-charge>
    </ei-ms-peak>
    <ei-ms-peak>
      <ei-ms-id>538</ei-ms-id>
      <id>60162</id>
      <intensity>2302.0</intensity>
      <mass-charge>240.0</mass-charge>
    </ei-ms-peak>
    <ei-ms-peak>
      <ei-ms-id>538</ei-ms-id>
      <id>60163</id>
      <intensity>1481.0</intensity>
      <mass-charge>241.0</mass-charge>
    </ei-ms-peak>
    <ei-ms-peak>
      <ei-ms-id>538</ei-ms-id>
      <id>60164</id>
      <intensity>601.0</intensity>
      <mass-charge>242.0</mass-charge>
    </ei-ms-peak>
    <ei-ms-peak>
      <ei-ms-id>538</ei-ms-id>
      <id>60165</id>
      <intensity>170.0</intensity>
      <mass-charge>243.0</mass-charge>
    </ei-ms-peak>
    <ei-ms-peak>
      <ei-ms-id>538</ei-ms-id>
      <id>60166</id>
      <intensity>1872.0</intensity>
      <mass-charge>244.0</mass-charge>
    </ei-ms-peak>
    <ei-ms-peak>
      <ei-ms-id>538</ei-ms-id>
      <id>60167</id>
      <intensity>8638.0</intensity>
      <mass-charge>245.0</mass-charge>
    </ei-ms-peak>
    <ei-ms-peak>
      <ei-ms-id>538</ei-ms-id>
      <id>60168</id>
      <intensity>1902.0</intensity>
      <mass-charge>246.0</mass-charge>
    </ei-ms-peak>
    <ei-ms-peak>
      <ei-ms-id>538</ei-ms-id>
      <id>60169</id>
      <intensity>2863.0</intensity>
      <mass-charge>247.0</mass-charge>
    </ei-ms-peak>
    <ei-ms-peak>
      <ei-ms-id>538</ei-ms-id>
      <id>60170</id>
      <intensity>510.0</intensity>
      <mass-charge>248.0</mass-charge>
    </ei-ms-peak>
    <ei-ms-peak>
      <ei-ms-id>538</ei-ms-id>
      <id>60171</id>
      <intensity>270.0</intensity>
      <mass-charge>249.0</mass-charge>
    </ei-ms-peak>
    <ei-ms-peak>
      <ei-ms-id>538</ei-ms-id>
      <id>60172</id>
      <intensity>240.0</intensity>
      <mass-charge>250.0</mass-charge>
    </ei-ms-peak>
    <ei-ms-peak>
      <ei-ms-id>538</ei-ms-id>
      <id>60173</id>
      <intensity>170.0</intensity>
      <mass-charge>251.0</mass-charge>
    </ei-ms-peak>
    <ei-ms-peak>
      <ei-ms-id>538</ei-ms-id>
      <id>60174</id>
      <intensity>210.0</intensity>
      <mass-charge>252.0</mass-charge>
    </ei-ms-peak>
    <ei-ms-peak>
      <ei-ms-id>538</ei-ms-id>
      <id>60175</id>
      <intensity>430.0</intensity>
      <mass-charge>253.0</mass-charge>
    </ei-ms-peak>
    <ei-ms-peak>
      <ei-ms-id>538</ei-ms-id>
      <id>60176</id>
      <intensity>2722.0</intensity>
      <mass-charge>254.0</mass-charge>
    </ei-ms-peak>
    <ei-ms-peak>
      <ei-ms-id>538</ei-ms-id>
      <id>60177</id>
      <intensity>1351.0</intensity>
      <mass-charge>255.0</mass-charge>
    </ei-ms-peak>
    <ei-ms-peak>
      <ei-ms-id>538</ei-ms-id>
      <id>60178</id>
      <intensity>841.0</intensity>
      <mass-charge>256.0</mass-charge>
    </ei-ms-peak>
    <ei-ms-peak>
      <ei-ms-id>538</ei-ms-id>
      <id>60179</id>
      <intensity>2923.0</intensity>
      <mass-charge>257.0</mass-charge>
    </ei-ms-peak>
    <ei-ms-peak>
      <ei-ms-id>538</ei-ms-id>
      <id>60180</id>
      <intensity>1251.0</intensity>
      <mass-charge>258.0</mass-charge>
    </ei-ms-peak>
    <ei-ms-peak>
      <ei-ms-id>538</ei-ms-id>
      <id>60181</id>
      <intensity>3103.0</intensity>
      <mass-charge>259.0</mass-charge>
    </ei-ms-peak>
    <ei-ms-peak>
      <ei-ms-id>538</ei-ms-id>
      <id>60182</id>
      <intensity>550.0</intensity>
      <mass-charge>260.0</mass-charge>
    </ei-ms-peak>
    <ei-ms-peak>
      <ei-ms-id>538</ei-ms-id>
      <id>60183</id>
      <intensity>691.0</intensity>
      <mass-charge>261.0</mass-charge>
    </ei-ms-peak>
    <ei-ms-peak>
      <ei-ms-id>538</ei-ms-id>
      <id>60184</id>
      <intensity>190.0</intensity>
      <mass-charge>262.0</mass-charge>
    </ei-ms-peak>
    <ei-ms-peak>
      <ei-ms-id>538</ei-ms-id>
      <id>60185</id>
      <intensity>60.0</intensity>
      <mass-charge>263.0</mass-charge>
    </ei-ms-peak>
    <ei-ms-peak>
      <ei-ms-id>538</ei-ms-id>
      <id>60186</id>
      <intensity>110.0</intensity>
      <mass-charge>264.0</mass-charge>
    </ei-ms-peak>
    <ei-ms-peak>
      <ei-ms-id>538</ei-ms-id>
      <id>60187</id>
      <intensity>661.0</intensity>
      <mass-charge>265.0</mass-charge>
    </ei-ms-peak>
    <ei-ms-peak>
      <ei-ms-id>538</ei-ms-id>
      <id>60188</id>
      <intensity>100.0</intensity>
      <mass-charge>266.0</mass-charge>
    </ei-ms-peak>
    <ei-ms-peak>
      <ei-ms-id>538</ei-ms-id>
      <id>60189</id>
      <intensity>400.0</intensity>
      <mass-charge>267.0</mass-charge>
    </ei-ms-peak>
    <ei-ms-peak>
      <ei-ms-id>538</ei-ms-id>
      <id>60190</id>
      <intensity>280.0</intensity>
      <mass-charge>268.0</mass-charge>
    </ei-ms-peak>
    <ei-ms-peak>
      <ei-ms-id>538</ei-ms-id>
      <id>60191</id>
      <intensity>120.0</intensity>
      <mass-charge>269.0</mass-charge>
    </ei-ms-peak>
    <ei-ms-peak>
      <ei-ms-id>538</ei-ms-id>
      <id>60192</id>
      <intensity>1732.0</intensity>
      <mass-charge>270.0</mass-charge>
    </ei-ms-peak>
    <ei-ms-peak>
      <ei-ms-id>538</ei-ms-id>
      <id>60193</id>
      <intensity>1051.0</intensity>
      <mass-charge>271.0</mass-charge>
    </ei-ms-peak>
    <ei-ms-peak>
      <ei-ms-id>538</ei-ms-id>
      <id>60194</id>
      <intensity>771.0</intensity>
      <mass-charge>272.0</mass-charge>
    </ei-ms-peak>
    <ei-ms-peak>
      <ei-ms-id>538</ei-ms-id>
      <id>60195</id>
      <intensity>480.0</intensity>
      <mass-charge>273.0</mass-charge>
    </ei-ms-peak>
    <ei-ms-peak>
      <ei-ms-id>538</ei-ms-id>
      <id>60196</id>
      <intensity>400.0</intensity>
      <mass-charge>274.0</mass-charge>
    </ei-ms-peak>
    <ei-ms-peak>
      <ei-ms-id>538</ei-ms-id>
      <id>60197</id>
      <intensity>280.0</intensity>
      <mass-charge>275.0</mass-charge>
    </ei-ms-peak>
    <ei-ms-peak>
      <ei-ms-id>538</ei-ms-id>
      <id>60198</id>
      <intensity>1111.0</intensity>
      <mass-charge>276.0</mass-charge>
    </ei-ms-peak>
    <ei-ms-peak>
      <ei-ms-id>538</ei-ms-id>
      <id>60199</id>
      <intensity>310.0</intensity>
      <mass-charge>277.0</mass-charge>
    </ei-ms-peak>
    <ei-ms-peak>
      <ei-ms-id>538</ei-ms-id>
      <id>60200</id>
      <intensity>601.0</intensity>
      <mass-charge>278.0</mass-charge>
    </ei-ms-peak>
    <ei-ms-peak>
      <ei-ms-id>538</ei-ms-id>
      <id>60201</id>
      <intensity>180.0</intensity>
      <mass-charge>279.0</mass-charge>
    </ei-ms-peak>
    <ei-ms-peak>
      <ei-ms-id>538</ei-ms-id>
      <id>60202</id>
      <intensity>40.0</intensity>
      <mass-charge>280.0</mass-charge>
    </ei-ms-peak>
    <ei-ms-peak>
      <ei-ms-id>538</ei-ms-id>
      <id>60203</id>
      <intensity>40.0</intensity>
      <mass-charge>281.0</mass-charge>
    </ei-ms-peak>
    <ei-ms-peak>
      <ei-ms-id>538</ei-ms-id>
      <id>60204</id>
      <intensity>80.0</intensity>
      <mass-charge>282.0</mass-charge>
    </ei-ms-peak>
    <ei-ms-peak>
      <ei-ms-id>538</ei-ms-id>
      <id>60205</id>
      <intensity>210.0</intensity>
      <mass-charge>283.0</mass-charge>
    </ei-ms-peak>
    <ei-ms-peak>
      <ei-ms-id>538</ei-ms-id>
      <id>60206</id>
      <intensity>100.0</intensity>
      <mass-charge>284.0</mass-charge>
    </ei-ms-peak>
    <ei-ms-peak>
      <ei-ms-id>538</ei-ms-id>
      <id>60207</id>
      <intensity>170.0</intensity>
      <mass-charge>285.0</mass-charge>
    </ei-ms-peak>
    <ei-ms-peak>
      <ei-ms-id>538</ei-ms-id>
      <id>60208</id>
      <intensity>90.0</intensity>
      <mass-charge>286.0</mass-charge>
    </ei-ms-peak>
    <ei-ms-peak>
      <ei-ms-id>538</ei-ms-id>
      <id>60209</id>
      <intensity>100.0</intensity>
      <mass-charge>287.0</mass-charge>
    </ei-ms-peak>
    <ei-ms-peak>
      <ei-ms-id>538</ei-ms-id>
      <id>60210</id>
      <intensity>310.0</intensity>
      <mass-charge>288.0</mass-charge>
    </ei-ms-peak>
    <ei-ms-peak>
      <ei-ms-id>538</ei-ms-id>
      <id>60211</id>
      <intensity>140.0</intensity>
      <mass-charge>289.0</mass-charge>
    </ei-ms-peak>
    <ei-ms-peak>
      <ei-ms-id>538</ei-ms-id>
      <id>60212</id>
      <intensity>791.0</intensity>
      <mass-charge>290.0</mass-charge>
    </ei-ms-peak>
    <ei-ms-peak>
      <ei-ms-id>538</ei-ms-id>
      <id>60213</id>
      <intensity>310.0</intensity>
      <mass-charge>291.0</mass-charge>
    </ei-ms-peak>
    <ei-ms-peak>
      <ei-ms-id>538</ei-ms-id>
      <id>60214</id>
      <intensity>340.0</intensity>
      <mass-charge>292.0</mass-charge>
    </ei-ms-peak>
    <ei-ms-peak>
      <ei-ms-id>538</ei-ms-id>
      <id>60215</id>
      <intensity>160.0</intensity>
      <mass-charge>293.0</mass-charge>
    </ei-ms-peak>
    <ei-ms-peak>
      <ei-ms-id>538</ei-ms-id>
      <id>60216</id>
      <intensity>80.0</intensity>
      <mass-charge>294.0</mass-charge>
    </ei-ms-peak>
    <ei-ms-peak>
      <ei-ms-id>538</ei-ms-id>
      <id>60217</id>
      <intensity>20.0</intensity>
      <mass-charge>295.0</mass-charge>
    </ei-ms-peak>
    <ei-ms-peak>
      <ei-ms-id>538</ei-ms-id>
      <id>60218</id>
      <intensity>10.0</intensity>
      <mass-charge>296.0</mass-charge>
    </ei-ms-peak>
    <ei-ms-peak>
      <ei-ms-id>538</ei-ms-id>
      <id>60219</id>
      <intensity>30.0</intensity>
      <mass-charge>297.0</mass-charge>
    </ei-ms-peak>
    <ei-ms-peak>
      <ei-ms-id>538</ei-ms-id>
      <id>60220</id>
      <intensity>20.0</intensity>
      <mass-charge>298.0</mass-charge>
    </ei-ms-peak>
    <ei-ms-peak>
      <ei-ms-id>538</ei-ms-id>
      <id>60221</id>
      <intensity>20.0</intensity>
      <mass-charge>299.0</mass-charge>
    </ei-ms-peak>
    <ei-ms-peak>
      <ei-ms-id>538</ei-ms-id>
      <id>60222</id>
      <intensity>10.0</intensity>
      <mass-charge>300.0</mass-charge>
    </ei-ms-peak>
    <ei-ms-peak>
      <ei-ms-id>538</ei-ms-id>
      <id>60223</id>
      <intensity>80.0</intensity>
      <mass-charge>301.0</mass-charge>
    </ei-ms-peak>
    <ei-ms-peak>
      <ei-ms-id>538</ei-ms-id>
      <id>60224</id>
      <intensity>80.0</intensity>
      <mass-charge>302.0</mass-charge>
    </ei-ms-peak>
    <ei-ms-peak>
      <ei-ms-id>538</ei-ms-id>
      <id>60225</id>
      <intensity>6476.0</intensity>
      <mass-charge>303.0</mass-charge>
    </ei-ms-peak>
    <ei-ms-peak>
      <ei-ms-id>538</ei-ms-id>
      <id>60226</id>
      <intensity>1151.0</intensity>
      <mass-charge>304.0</mass-charge>
    </ei-ms-peak>
    <ei-ms-peak>
      <ei-ms-id>538</ei-ms-id>
      <id>60227</id>
      <intensity>3183.0</intensity>
      <mass-charge>305.0</mass-charge>
    </ei-ms-peak>
    <ei-ms-peak>
      <ei-ms-id>538</ei-ms-id>
      <id>60228</id>
      <intensity>510.0</intensity>
      <mass-charge>306.0</mass-charge>
    </ei-ms-peak>
    <ei-ms-peak>
      <ei-ms-id>538</ei-ms-id>
      <id>60229</id>
      <intensity>180.0</intensity>
      <mass-charge>307.0</mass-charge>
    </ei-ms-peak>
    <ei-ms-peak>
      <ei-ms-id>538</ei-ms-id>
      <id>60230</id>
      <intensity>20.0</intensity>
      <mass-charge>308.0</mass-charge>
    </ei-ms-peak>
    <ei-ms-peak>
      <ei-ms-id>538</ei-ms-id>
      <id>60231</id>
      <intensity>30.0</intensity>
      <mass-charge>309.0</mass-charge>
    </ei-ms-peak>
    <ei-ms-peak>
      <ei-ms-id>538</ei-ms-id>
      <id>60232</id>
      <intensity>50.0</intensity>
      <mass-charge>312.0</mass-charge>
    </ei-ms-peak>
    <ei-ms-peak>
      <ei-ms-id>538</ei-ms-id>
      <id>60233</id>
      <intensity>140.0</intensity>
      <mass-charge>313.0</mass-charge>
    </ei-ms-peak>
    <ei-ms-peak>
      <ei-ms-id>538</ei-ms-id>
      <id>60234</id>
      <intensity>280.0</intensity>
      <mass-charge>314.0</mass-charge>
    </ei-ms-peak>
    <ei-ms-peak>
      <ei-ms-id>538</ei-ms-id>
      <id>60235</id>
      <intensity>140.0</intensity>
      <mass-charge>315.0</mass-charge>
    </ei-ms-peak>
    <ei-ms-peak>
      <ei-ms-id>538</ei-ms-id>
      <id>60236</id>
      <intensity>130.0</intensity>
      <mass-charge>316.0</mass-charge>
    </ei-ms-peak>
    <ei-ms-peak>
      <ei-ms-id>538</ei-ms-id>
      <id>60237</id>
      <intensity>90.0</intensity>
      <mass-charge>317.0</mass-charge>
    </ei-ms-peak>
    <ei-ms-peak>
      <ei-ms-id>538</ei-ms-id>
      <id>60238</id>
      <intensity>30.0</intensity>
      <mass-charge>318.0</mass-charge>
    </ei-ms-peak>
    <ei-ms-peak>
      <ei-ms-id>538</ei-ms-id>
      <id>60239</id>
      <intensity>90.0</intensity>
      <mass-charge>319.0</mass-charge>
    </ei-ms-peak>
    <ei-ms-peak>
      <ei-ms-id>538</ei-ms-id>
      <id>60240</id>
      <intensity>20.0</intensity>
      <mass-charge>320.0</mass-charge>
    </ei-ms-peak>
    <ei-ms-peak>
      <ei-ms-id>538</ei-ms-id>
      <id>60241</id>
      <intensity>611.0</intensity>
      <mass-charge>321.0</mass-charge>
    </ei-ms-peak>
    <ei-ms-peak>
      <ei-ms-id>538</ei-ms-id>
      <id>60242</id>
      <intensity>10.0</intensity>
      <mass-charge>322.0</mass-charge>
    </ei-ms-peak>
    <ei-ms-peak>
      <ei-ms-id>538</ei-ms-id>
      <id>60243</id>
      <intensity>8267.0</intensity>
      <mass-charge>323.0</mass-charge>
    </ei-ms-peak>
    <ei-ms-peak>
      <ei-ms-id>538</ei-ms-id>
      <id>60244</id>
      <intensity>2182.0</intensity>
      <mass-charge>324.0</mass-charge>
    </ei-ms-peak>
    <ei-ms-peak>
      <ei-ms-id>538</ei-ms-id>
      <id>60245</id>
      <intensity>581.0</intensity>
      <mass-charge>325.0</mass-charge>
    </ei-ms-peak>
    <ei-ms-peak>
      <ei-ms-id>538</ei-ms-id>
      <id>60246</id>
      <intensity>180.0</intensity>
      <mass-charge>326.0</mass-charge>
    </ei-ms-peak>
    <ei-ms-peak>
      <ei-ms-id>538</ei-ms-id>
      <id>60247</id>
      <intensity>280.0</intensity>
      <mass-charge>327.0</mass-charge>
    </ei-ms-peak>
    <ei-ms-peak>
      <ei-ms-id>538</ei-ms-id>
      <id>60248</id>
      <intensity>80.0</intensity>
      <mass-charge>328.0</mass-charge>
    </ei-ms-peak>
    <ei-ms-peak>
      <ei-ms-id>538</ei-ms-id>
      <id>60249</id>
      <intensity>110.0</intensity>
      <mass-charge>329.0</mass-charge>
    </ei-ms-peak>
    <ei-ms-peak>
      <ei-ms-id>538</ei-ms-id>
      <id>60250</id>
      <intensity>30.0</intensity>
      <mass-charge>330.0</mass-charge>
    </ei-ms-peak>
    <ei-ms-peak>
      <ei-ms-id>538</ei-ms-id>
      <id>60251</id>
      <intensity>20.0</intensity>
      <mass-charge>331.0</mass-charge>
    </ei-ms-peak>
    <ei-ms-peak>
      <ei-ms-id>538</ei-ms-id>
      <id>60252</id>
      <intensity>50.0</intensity>
      <mass-charge>332.0</mass-charge>
    </ei-ms-peak>
    <ei-ms-peak>
      <ei-ms-id>538</ei-ms-id>
      <id>60253</id>
      <intensity>90.0</intensity>
      <mass-charge>333.0</mass-charge>
    </ei-ms-peak>
    <ei-ms-peak>
      <ei-ms-id>538</ei-ms-id>
      <id>60254</id>
      <intensity>30.0</intensity>
      <mass-charge>334.0</mass-charge>
    </ei-ms-peak>
    <ei-ms-peak>
      <ei-ms-id>538</ei-ms-id>
      <id>60255</id>
      <intensity>20.0</intensity>
      <mass-charge>335.0</mass-charge>
    </ei-ms-peak>
    <ei-ms-peak>
      <ei-ms-id>538</ei-ms-id>
      <id>60256</id>
      <intensity>50.0</intensity>
      <mass-charge>336.0</mass-charge>
    </ei-ms-peak>
    <ei-ms-peak>
      <ei-ms-id>538</ei-ms-id>
      <id>60257</id>
      <intensity>60.0</intensity>
      <mass-charge>338.0</mass-charge>
    </ei-ms-peak>
    <ei-ms-peak>
      <ei-ms-id>538</ei-ms-id>
      <id>60258</id>
      <intensity>911.0</intensity>
      <mass-charge>339.0</mass-charge>
    </ei-ms-peak>
    <ei-ms-peak>
      <ei-ms-id>538</ei-ms-id>
      <id>60259</id>
      <intensity>741.0</intensity>
      <mass-charge>340.0</mass-charge>
    </ei-ms-peak>
    <ei-ms-peak>
      <ei-ms-id>538</ei-ms-id>
      <id>60260</id>
      <intensity>961.0</intensity>
      <mass-charge>341.0</mass-charge>
    </ei-ms-peak>
    <ei-ms-peak>
      <ei-ms-id>538</ei-ms-id>
      <id>60261</id>
      <intensity>470.0</intensity>
      <mass-charge>342.0</mass-charge>
    </ei-ms-peak>
    <ei-ms-peak>
      <ei-ms-id>538</ei-ms-id>
      <id>60262</id>
      <intensity>240.0</intensity>
      <mass-charge>343.0</mass-charge>
    </ei-ms-peak>
    <ei-ms-peak>
      <ei-ms-id>538</ei-ms-id>
      <id>60263</id>
      <intensity>60.0</intensity>
      <mass-charge>344.0</mass-charge>
    </ei-ms-peak>
    <ei-ms-peak>
      <ei-ms-id>538</ei-ms-id>
      <id>60264</id>
      <intensity>90.0</intensity>
      <mass-charge>347.0</mass-charge>
    </ei-ms-peak>
    <ei-ms-peak>
      <ei-ms-id>538</ei-ms-id>
      <id>60265</id>
      <intensity>10.0</intensity>
      <mass-charge>348.0</mass-charge>
    </ei-ms-peak>
    <ei-ms-peak>
      <ei-ms-id>538</ei-ms-id>
      <id>60266</id>
      <intensity>10.0</intensity>
      <mass-charge>349.0</mass-charge>
    </ei-ms-peak>
    <ei-ms-peak>
      <ei-ms-id>538</ei-ms-id>
      <id>60267</id>
      <intensity>20.0</intensity>
      <mass-charge>350.0</mass-charge>
    </ei-ms-peak>
    <ei-ms-peak>
      <ei-ms-id>538</ei-ms-id>
      <id>60268</id>
      <intensity>180.0</intensity>
      <mass-charge>351.0</mass-charge>
    </ei-ms-peak>
    <ei-ms-peak>
      <ei-ms-id>538</ei-ms-id>
      <id>60269</id>
      <intensity>100.0</intensity>
      <mass-charge>352.0</mass-charge>
    </ei-ms-peak>
    <ei-ms-peak>
      <ei-ms-id>538</ei-ms-id>
      <id>60270</id>
      <intensity>220.0</intensity>
      <mass-charge>353.0</mass-charge>
    </ei-ms-peak>
    <ei-ms-peak>
      <ei-ms-id>538</ei-ms-id>
      <id>60271</id>
      <intensity>210.0</intensity>
      <mass-charge>354.0</mass-charge>
    </ei-ms-peak>
    <ei-ms-peak>
      <ei-ms-id>538</ei-ms-id>
      <id>60272</id>
      <intensity>80.0</intensity>
      <mass-charge>355.0</mass-charge>
    </ei-ms-peak>
    <ei-ms-peak>
      <ei-ms-id>538</ei-ms-id>
      <id>60273</id>
      <intensity>60.0</intensity>
      <mass-charge>356.0</mass-charge>
    </ei-ms-peak>
    <ei-ms-peak>
      <ei-ms-id>538</ei-ms-id>
      <id>60274</id>
      <intensity>50.0</intensity>
      <mass-charge>357.0</mass-charge>
    </ei-ms-peak>
    <ei-ms-peak>
      <ei-ms-id>538</ei-ms-id>
      <id>60275</id>
      <intensity>9178.0</intensity>
      <mass-charge>359.0</mass-charge>
    </ei-ms-peak>
    <ei-ms-peak>
      <ei-ms-id>538</ei-ms-id>
      <id>60276</id>
      <intensity>1702.0</intensity>
      <mass-charge>360.0</mass-charge>
    </ei-ms-peak>
    <ei-ms-peak>
      <ei-ms-id>538</ei-ms-id>
      <id>60277</id>
      <intensity>3383.0</intensity>
      <mass-charge>361.0</mass-charge>
    </ei-ms-peak>
    <ei-ms-peak>
      <ei-ms-id>538</ei-ms-id>
      <id>60278</id>
      <intensity>581.0</intensity>
      <mass-charge>362.0</mass-charge>
    </ei-ms-peak>
    <ei-ms-peak>
      <ei-ms-id>538</ei-ms-id>
      <id>60279</id>
      <intensity>180.0</intensity>
      <mass-charge>363.0</mass-charge>
    </ei-ms-peak>
    <ei-ms-peak>
      <ei-ms-id>538</ei-ms-id>
      <id>60280</id>
      <intensity>20.0</intensity>
      <mass-charge>364.0</mass-charge>
    </ei-ms-peak>
    <ei-ms-peak>
      <ei-ms-id>538</ei-ms-id>
      <id>60281</id>
      <intensity>10.0</intensity>
      <mass-charge>366.0</mass-charge>
    </ei-ms-peak>
    <ei-ms-peak>
      <ei-ms-id>538</ei-ms-id>
      <id>60282</id>
      <intensity>290.0</intensity>
      <mass-charge>367.0</mass-charge>
    </ei-ms-peak>
    <ei-ms-peak>
      <ei-ms-id>538</ei-ms-id>
      <id>60283</id>
      <intensity>70.0</intensity>
      <mass-charge>368.0</mass-charge>
    </ei-ms-peak>
    <ei-ms-peak>
      <ei-ms-id>538</ei-ms-id>
      <id>60284</id>
      <intensity>130.0</intensity>
      <mass-charge>369.0</mass-charge>
    </ei-ms-peak>
    <ei-ms-peak>
      <ei-ms-id>538</ei-ms-id>
      <id>60285</id>
      <intensity>30.0</intensity>
      <mass-charge>370.0</mass-charge>
    </ei-ms-peak>
    <ei-ms-peak>
      <ei-ms-id>538</ei-ms-id>
      <id>60286</id>
      <intensity>841.0</intensity>
      <mass-charge>371.0</mass-charge>
    </ei-ms-peak>
    <ei-ms-peak>
      <ei-ms-id>538</ei-ms-id>
      <id>60287</id>
      <intensity>150.0</intensity>
      <mass-charge>372.0</mass-charge>
    </ei-ms-peak>
    <ei-ms-peak>
      <ei-ms-id>538</ei-ms-id>
      <id>60288</id>
      <intensity>360.0</intensity>
      <mass-charge>373.0</mass-charge>
    </ei-ms-peak>
    <ei-ms-peak>
      <ei-ms-id>538</ei-ms-id>
      <id>60289</id>
      <intensity>40.0</intensity>
      <mass-charge>374.0</mass-charge>
    </ei-ms-peak>
    <ei-ms-peak>
      <ei-ms-id>538</ei-ms-id>
      <id>60290</id>
      <intensity>10.0</intensity>
      <mass-charge>375.0</mass-charge>
    </ei-ms-peak>
    <ei-ms-peak>
      <ei-ms-id>538</ei-ms-id>
      <id>60291</id>
      <intensity>10.0</intensity>
      <mass-charge>384.0</mass-charge>
    </ei-ms-peak>
    <ei-ms-peak>
      <ei-ms-id>538</ei-ms-id>
      <id>60292</id>
      <intensity>350.0</intensity>
      <mass-charge>385.0</mass-charge>
    </ei-ms-peak>
    <ei-ms-peak>
      <ei-ms-id>538</ei-ms-id>
      <id>60293</id>
      <intensity>9999.0</intensity>
      <mass-charge>386.0</mass-charge>
    </ei-ms-peak>
    <ei-ms-peak>
      <ei-ms-id>538</ei-ms-id>
      <id>60294</id>
      <intensity>2202.0</intensity>
      <mass-charge>387.0</mass-charge>
    </ei-ms-peak>
    <ei-ms-peak>
      <ei-ms-id>538</ei-ms-id>
      <id>60295</id>
      <intensity>3773.0</intensity>
      <mass-charge>388.0</mass-charge>
    </ei-ms-peak>
    <ei-ms-peak>
      <ei-ms-id>538</ei-ms-id>
      <id>60296</id>
      <intensity>711.0</intensity>
      <mass-charge>389.0</mass-charge>
    </ei-ms-peak>
    <ei-ms-peak>
      <ei-ms-id>538</ei-ms-id>
      <id>60297</id>
      <intensity>230.0</intensity>
      <mass-charge>390.0</mass-charge>
    </ei-ms-peak>
    <ei-ms-peak>
      <ei-ms-id>538</ei-ms-id>
      <id>60298</id>
      <intensity>10.0</intensity>
      <mass-charge>391.0</mass-charge>
    </ei-ms-peak>
  </ei-ms-peaks>
</ei-ms>
