<?xml version="1.0" encoding="UTF-8"?>
<ei-ms>
  <collection-date nil="true"/>
  <created-at>2014-09-20T16:32:49Z</created-at>
  <database-id>HMDB00123</database-id>
  <id>629</id>
  <inchi-key>DHMQDGOQFOQNFH-UHFFFAOYSA-N</inchi-key>
  <instrument-type nil="true"/>
  <molecule-id nil="true"/>
  <notes nil="true"/>
  <peak-counter>30</peak-counter>
  <sample-assessment nil="true"/>
  <sample-concentration nil="true"/>
  <sample-concentration-units nil="true"/>
  <sample-mass nil="true"/>
  <sample-mass-units nil="true"/>
  <sample-source nil="true"/>
  <solvent nil="true"/>
  <spectra-assessment nil="true"/>
  <updated-at>2014-09-20T16:32:49Z</updated-at>
  <references>
    <reference>
      <database>NIST</database>
      <database-id>56-40-6</database-id>
      <id>15501</id>
      <pubmed-id nil="true"/>
      <ref-text>NIST Mass Spec Data Center, S.E. Stein, director, "Mass Spectra" in NIST Chemistry WebBook, NIST Standard Reference Database Number 69, Eds. P.J. Linstrom and W.G. Mallard, National Institute of Standards and Technology, Gaithersburg MD, 20899, http://webbook.nist.gov, (retrieved September 6, 2014).</ref-text>
      <spectra-id>629</spectra-id>
      <spectra-type>EiMs</spectra-type>
    </reference>
  </references>
  <ei-ms-peaks>
    <ei-ms-peak>
      <ei-ms-id>629</ei-ms-id>
      <id>70432</id>
      <intensity>50.0</intensity>
      <mass-charge>12.0</mass-charge>
    </ei-ms-peak>
    <ei-ms-peak>
      <ei-ms-id>629</ei-ms-id>
      <id>70433</id>
      <intensity>30.0</intensity>
      <mass-charge>13.0</mass-charge>
    </ei-ms-peak>
    <ei-ms-peak>
      <ei-ms-id>629</ei-ms-id>
      <id>70434</id>
      <intensity>20.0</intensity>
      <mass-charge>15.0</mass-charge>
    </ei-ms-peak>
    <ei-ms-peak>
      <ei-ms-id>629</ei-ms-id>
      <id>70435</id>
      <intensity>159.0</intensity>
      <mass-charge>16.0</mass-charge>
    </ei-ms-peak>
    <ei-ms-peak>
      <ei-ms-id>629</ei-ms-id>
      <id>70436</id>
      <intensity>179.0</intensity>
      <mass-charge>17.0</mass-charge>
    </ei-ms-peak>
    <ei-ms-peak>
      <ei-ms-id>629</ei-ms-id>
      <id>70437</id>
      <intensity>779.0</intensity>
      <mass-charge>18.0</mass-charge>
    </ei-ms-peak>
    <ei-ms-peak>
      <ei-ms-id>629</ei-ms-id>
      <id>70438</id>
      <intensity>40.0</intensity>
      <mass-charge>26.0</mass-charge>
    </ei-ms-peak>
    <ei-ms-peak>
      <ei-ms-id>629</ei-ms-id>
      <id>70439</id>
      <intensity>329.0</intensity>
      <mass-charge>27.0</mass-charge>
    </ei-ms-peak>
    <ei-ms-peak>
      <ei-ms-id>629</ei-ms-id>
      <id>70440</id>
      <intensity>803.0</intensity>
      <mass-charge>28.0</mass-charge>
    </ei-ms-peak>
    <ei-ms-peak>
      <ei-ms-id>629</ei-ms-id>
      <id>70441</id>
      <intensity>459.0</intensity>
      <mass-charge>29.0</mass-charge>
    </ei-ms-peak>
    <ei-ms-peak>
      <ei-ms-id>629</ei-ms-id>
      <id>70442</id>
      <intensity>9999.0</intensity>
      <mass-charge>30.0</mass-charge>
    </ei-ms-peak>
    <ei-ms-peak>
      <ei-ms-id>629</ei-ms-id>
      <id>70443</id>
      <intensity>209.0</intensity>
      <mass-charge>31.0</mass-charge>
    </ei-ms-peak>
    <ei-ms-peak>
      <ei-ms-id>629</ei-ms-id>
      <id>70444</id>
      <intensity>20.0</intensity>
      <mass-charge>39.0</mass-charge>
    </ei-ms-peak>
    <ei-ms-peak>
      <ei-ms-id>629</ei-ms-id>
      <id>70445</id>
      <intensity>90.0</intensity>
      <mass-charge>40.0</mass-charge>
    </ei-ms-peak>
    <ei-ms-peak>
      <ei-ms-id>629</ei-ms-id>
      <id>70446</id>
      <intensity>40.0</intensity>
      <mass-charge>41.0</mass-charge>
    </ei-ms-peak>
    <ei-ms-peak>
      <ei-ms-id>629</ei-ms-id>
      <id>70447</id>
      <intensity>70.0</intensity>
      <mass-charge>42.0</mass-charge>
    </ei-ms-peak>
    <ei-ms-peak>
      <ei-ms-id>629</ei-ms-id>
      <id>70448</id>
      <intensity>40.0</intensity>
      <mass-charge>43.0</mass-charge>
    </ei-ms-peak>
    <ei-ms-peak>
      <ei-ms-id>629</ei-ms-id>
      <id>70449</id>
      <intensity>579.0</intensity>
      <mass-charge>44.0</mass-charge>
    </ei-ms-peak>
    <ei-ms-peak>
      <ei-ms-id>629</ei-ms-id>
      <id>70450</id>
      <intensity>279.0</intensity>
      <mass-charge>45.0</mass-charge>
    </ei-ms-peak>
    <ei-ms-peak>
      <ei-ms-id>629</ei-ms-id>
      <id>70451</id>
      <intensity>50.0</intensity>
      <mass-charge>46.0</mass-charge>
    </ei-ms-peak>
    <ei-ms-peak>
      <ei-ms-id>629</ei-ms-id>
      <id>70452</id>
      <intensity>20.0</intensity>
      <mass-charge>54.0</mass-charge>
    </ei-ms-peak>
    <ei-ms-peak>
      <ei-ms-id>629</ei-ms-id>
      <id>70453</id>
      <intensity>20.0</intensity>
      <mass-charge>55.0</mass-charge>
    </ei-ms-peak>
    <ei-ms-peak>
      <ei-ms-id>629</ei-ms-id>
      <id>70454</id>
      <intensity>20.0</intensity>
      <mass-charge>56.0</mass-charge>
    </ei-ms-peak>
    <ei-ms-peak>
      <ei-ms-id>629</ei-ms-id>
      <id>70455</id>
      <intensity>40.0</intensity>
      <mass-charge>57.0</mass-charge>
    </ei-ms-peak>
    <ei-ms-peak>
      <ei-ms-id>629</ei-ms-id>
      <id>70456</id>
      <intensity>10.0</intensity>
      <mass-charge>67.0</mass-charge>
    </ei-ms-peak>
    <ei-ms-peak>
      <ei-ms-id>629</ei-ms-id>
      <id>70457</id>
      <intensity>30.0</intensity>
      <mass-charge>69.0</mass-charge>
    </ei-ms-peak>
    <ei-ms-peak>
      <ei-ms-id>629</ei-ms-id>
      <id>70458</id>
      <intensity>20.0</intensity>
      <mass-charge>70.0</mass-charge>
    </ei-ms-peak>
    <ei-ms-peak>
      <ei-ms-id>629</ei-ms-id>
      <id>70459</id>
      <intensity>30.0</intensity>
      <mass-charge>71.0</mass-charge>
    </ei-ms-peak>
    <ei-ms-peak>
      <ei-ms-id>629</ei-ms-id>
      <id>70460</id>
      <intensity>369.0</intensity>
      <mass-charge>75.0</mass-charge>
    </ei-ms-peak>
    <ei-ms-peak>
      <ei-ms-id>629</ei-ms-id>
      <id>70461</id>
      <intensity>10.0</intensity>
      <mass-charge>76.0</mass-charge>
    </ei-ms-peak>
  </ei-ms-peaks>
</ei-ms>
