<?xml version="1.0" encoding="UTF-8"?>
<ei-ms>
  <collection-date nil="true"/>
  <created-at>2014-09-20T16:43:28Z</created-at>
  <database-id>HMDB34272</database-id>
  <id>1075</id>
  <inchi-key>ZCCUUQDIBDJBTK-UHFFFAOYSA-N</inchi-key>
  <instrument-type nil="true"/>
  <molecule-id nil="true"/>
  <notes nil="true"/>
  <peak-counter>98</peak-counter>
  <sample-assessment nil="true"/>
  <sample-concentration nil="true"/>
  <sample-concentration-units nil="true"/>
  <sample-mass nil="true"/>
  <sample-mass-units nil="true"/>
  <sample-source nil="true"/>
  <solvent nil="true"/>
  <spectra-assessment nil="true"/>
  <updated-at>2014-09-20T16:43:28Z</updated-at>
  <references>
    <reference>
      <database>NIST</database>
      <database-id>66-97-7</database-id>
      <id>15947</id>
      <pubmed-id nil="true"/>
      <ref-text>NIST Mass Spec Data Center, S.E. Stein, director, "Mass Spectra" in NIST Chemistry WebBook, NIST Standard Reference Database Number 69, Eds. P.J. Linstrom and W.G. Mallard, National Institute of Standards and Technology, Gaithersburg MD, 20899, http://webbook.nist.gov, (retrieved September 6, 2014).</ref-text>
      <spectra-id>1075</spectra-id>
      <spectra-type>EiMs</spectra-type>
    </reference>
  </references>
  <ei-ms-peaks>
    <ei-ms-peak>
      <ei-ms-id>1075</ei-ms-id>
      <id>116636</id>
      <intensity>43.0</intensity>
      <mass-charge>25.0</mass-charge>
    </ei-ms-peak>
    <ei-ms-peak>
      <ei-ms-id>1075</ei-ms-id>
      <id>116637</id>
      <intensity>46.0</intensity>
      <mass-charge>26.0</mass-charge>
    </ei-ms-peak>
    <ei-ms-peak>
      <ei-ms-id>1075</ei-ms-id>
      <id>116638</id>
      <intensity>74.0</intensity>
      <mass-charge>27.0</mass-charge>
    </ei-ms-peak>
    <ei-ms-peak>
      <ei-ms-id>1075</ei-ms-id>
      <id>116639</id>
      <intensity>23.0</intensity>
      <mass-charge>28.0</mass-charge>
    </ei-ms-peak>
    <ei-ms-peak>
      <ei-ms-id>1075</ei-ms-id>
      <id>116640</id>
      <intensity>18.0</intensity>
      <mass-charge>29.0</mass-charge>
    </ei-ms-peak>
    <ei-ms-peak>
      <ei-ms-id>1075</ei-ms-id>
      <id>116641</id>
      <intensity>38.0</intensity>
      <mass-charge>30.0</mass-charge>
    </ei-ms-peak>
    <ei-ms-peak>
      <ei-ms-id>1075</ei-ms-id>
      <id>116642</id>
      <intensity>18.0</intensity>
      <mass-charge>36.0</mass-charge>
    </ei-ms-peak>
    <ei-ms-peak>
      <ei-ms-id>1075</ei-ms-id>
      <id>116643</id>
      <intensity>91.0</intensity>
      <mass-charge>37.0</mass-charge>
    </ei-ms-peak>
    <ei-ms-peak>
      <ei-ms-id>1075</ei-ms-id>
      <id>116644</id>
      <intensity>205.0</intensity>
      <mass-charge>38.0</mass-charge>
    </ei-ms-peak>
    <ei-ms-peak>
      <ei-ms-id>1075</ei-ms-id>
      <id>116645</id>
      <intensity>191.0</intensity>
      <mass-charge>39.0</mass-charge>
    </ei-ms-peak>
    <ei-ms-peak>
      <ei-ms-id>1075</ei-ms-id>
      <id>116646</id>
      <intensity>18.0</intensity>
      <mass-charge>40.0</mass-charge>
    </ei-ms-peak>
    <ei-ms-peak>
      <ei-ms-id>1075</ei-ms-id>
      <id>116647</id>
      <intensity>73.0</intensity>
      <mass-charge>41.0</mass-charge>
    </ei-ms-peak>
    <ei-ms-peak>
      <ei-ms-id>1075</ei-ms-id>
      <id>116648</id>
      <intensity>22.0</intensity>
      <mass-charge>42.0</mass-charge>
    </ei-ms-peak>
    <ei-ms-peak>
      <ei-ms-id>1075</ei-ms-id>
      <id>116649</id>
      <intensity>72.0</intensity>
      <mass-charge>43.0</mass-charge>
    </ei-ms-peak>
    <ei-ms-peak>
      <ei-ms-id>1075</ei-ms-id>
      <id>116650</id>
      <intensity>33.0</intensity>
      <mass-charge>44.0</mass-charge>
    </ei-ms-peak>
    <ei-ms-peak>
      <ei-ms-id>1075</ei-ms-id>
      <id>116651</id>
      <intensity>20.0</intensity>
      <mass-charge>45.0</mass-charge>
    </ei-ms-peak>
    <ei-ms-peak>
      <ei-ms-id>1075</ei-ms-id>
      <id>116652</id>
      <intensity>14.0</intensity>
      <mass-charge>46.0</mass-charge>
    </ei-ms-peak>
    <ei-ms-peak>
      <ei-ms-id>1075</ei-ms-id>
      <id>116653</id>
      <intensity>119.0</intensity>
      <mass-charge>49.0</mass-charge>
    </ei-ms-peak>
    <ei-ms-peak>
      <ei-ms-id>1075</ei-ms-id>
      <id>116654</id>
      <intensity>911.0</intensity>
      <mass-charge>50.0</mass-charge>
    </ei-ms-peak>
    <ei-ms-peak>
      <ei-ms-id>1075</ei-ms-id>
      <id>116655</id>
      <intensity>1836.0</intensity>
      <mass-charge>51.0</mass-charge>
    </ei-ms-peak>
    <ei-ms-peak>
      <ei-ms-id>1075</ei-ms-id>
      <id>116656</id>
      <intensity>336.0</intensity>
      <mass-charge>52.0</mass-charge>
    </ei-ms-peak>
    <ei-ms-peak>
      <ei-ms-id>1075</ei-ms-id>
      <id>116657</id>
      <intensity>143.0</intensity>
      <mass-charge>53.0</mass-charge>
    </ei-ms-peak>
    <ei-ms-peak>
      <ei-ms-id>1075</ei-ms-id>
      <id>116658</id>
      <intensity>23.0</intensity>
      <mass-charge>54.0</mass-charge>
    </ei-ms-peak>
    <ei-ms-peak>
      <ei-ms-id>1075</ei-ms-id>
      <id>116659</id>
      <intensity>43.0</intensity>
      <mass-charge>55.0</mass-charge>
    </ei-ms-peak>
    <ei-ms-peak>
      <ei-ms-id>1075</ei-ms-id>
      <id>116660</id>
      <intensity>27.0</intensity>
      <mass-charge>57.0</mass-charge>
    </ei-ms-peak>
    <ei-ms-peak>
      <ei-ms-id>1075</ei-ms-id>
      <id>116661</id>
      <intensity>16.0</intensity>
      <mass-charge>58.0</mass-charge>
    </ei-ms-peak>
    <ei-ms-peak>
      <ei-ms-id>1075</ei-ms-id>
      <id>116662</id>
      <intensity>14.0</intensity>
      <mass-charge>59.0</mass-charge>
    </ei-ms-peak>
    <ei-ms-peak>
      <ei-ms-id>1075</ei-ms-id>
      <id>116663</id>
      <intensity>30.0</intensity>
      <mass-charge>60.0</mass-charge>
    </ei-ms-peak>
    <ei-ms-peak>
      <ei-ms-id>1075</ei-ms-id>
      <id>116664</id>
      <intensity>168.0</intensity>
      <mass-charge>61.0</mass-charge>
    </ei-ms-peak>
    <ei-ms-peak>
      <ei-ms-id>1075</ei-ms-id>
      <id>116665</id>
      <intensity>346.0</intensity>
      <mass-charge>62.0</mass-charge>
    </ei-ms-peak>
    <ei-ms-peak>
      <ei-ms-id>1075</ei-ms-id>
      <id>116666</id>
      <intensity>490.0</intensity>
      <mass-charge>63.0</mass-charge>
    </ei-ms-peak>
    <ei-ms-peak>
      <ei-ms-id>1075</ei-ms-id>
      <id>116667</id>
      <intensity>70.0</intensity>
      <mass-charge>64.0</mass-charge>
    </ei-ms-peak>
    <ei-ms-peak>
      <ei-ms-id>1075</ei-ms-id>
      <id>116668</id>
      <intensity>362.0</intensity>
      <mass-charge>65.0</mass-charge>
    </ei-ms-peak>
    <ei-ms-peak>
      <ei-ms-id>1075</ei-ms-id>
      <id>116669</id>
      <intensity>62.0</intensity>
      <mass-charge>66.0</mass-charge>
    </ei-ms-peak>
    <ei-ms-peak>
      <ei-ms-id>1075</ei-ms-id>
      <id>116670</id>
      <intensity>21.0</intensity>
      <mass-charge>67.0</mass-charge>
    </ei-ms-peak>
    <ei-ms-peak>
      <ei-ms-id>1075</ei-ms-id>
      <id>116671</id>
      <intensity>230.0</intensity>
      <mass-charge>69.0</mass-charge>
    </ei-ms-peak>
    <ei-ms-peak>
      <ei-ms-id>1075</ei-ms-id>
      <id>116672</id>
      <intensity>16.0</intensity>
      <mass-charge>70.0</mass-charge>
    </ei-ms-peak>
    <ei-ms-peak>
      <ei-ms-id>1075</ei-ms-id>
      <id>116673</id>
      <intensity>17.0</intensity>
      <mass-charge>71.0</mass-charge>
    </ei-ms-peak>
    <ei-ms-peak>
      <ei-ms-id>1075</ei-ms-id>
      <id>116674</id>
      <intensity>80.0</intensity>
      <mass-charge>73.0</mass-charge>
    </ei-ms-peak>
    <ei-ms-peak>
      <ei-ms-id>1075</ei-ms-id>
      <id>116675</id>
      <intensity>582.0</intensity>
      <mass-charge>74.0</mass-charge>
    </ei-ms-peak>
    <ei-ms-peak>
      <ei-ms-id>1075</ei-ms-id>
      <id>116676</id>
      <intensity>929.0</intensity>
      <mass-charge>75.0</mass-charge>
    </ei-ms-peak>
    <ei-ms-peak>
      <ei-ms-id>1075</ei-ms-id>
      <id>116677</id>
      <intensity>1109.0</intensity>
      <mass-charge>76.0</mass-charge>
    </ei-ms-peak>
    <ei-ms-peak>
      <ei-ms-id>1075</ei-ms-id>
      <id>116678</id>
      <intensity>174.0</intensity>
      <mass-charge>77.0</mass-charge>
    </ei-ms-peak>
    <ei-ms-peak>
      <ei-ms-id>1075</ei-ms-id>
      <id>116679</id>
      <intensity>41.0</intensity>
      <mass-charge>78.0</mass-charge>
    </ei-ms-peak>
    <ei-ms-peak>
      <ei-ms-id>1075</ei-ms-id>
      <id>116680</id>
      <intensity>589.0</intensity>
      <mass-charge>79.0</mass-charge>
    </ei-ms-peak>
    <ei-ms-peak>
      <ei-ms-id>1075</ei-ms-id>
      <id>116681</id>
      <intensity>36.0</intensity>
      <mass-charge>80.0</mass-charge>
    </ei-ms-peak>
    <ei-ms-peak>
      <ei-ms-id>1075</ei-ms-id>
      <id>116682</id>
      <intensity>21.0</intensity>
      <mass-charge>81.0</mass-charge>
    </ei-ms-peak>
    <ei-ms-peak>
      <ei-ms-id>1075</ei-ms-id>
      <id>116683</id>
      <intensity>18.0</intensity>
      <mass-charge>83.0</mass-charge>
    </ei-ms-peak>
    <ei-ms-peak>
      <ei-ms-id>1075</ei-ms-id>
      <id>116684</id>
      <intensity>25.0</intensity>
      <mass-charge>84.0</mass-charge>
    </ei-ms-peak>
    <ei-ms-peak>
      <ei-ms-id>1075</ei-ms-id>
      <id>116685</id>
      <intensity>96.0</intensity>
      <mass-charge>85.0</mass-charge>
    </ei-ms-peak>
    <ei-ms-peak>
      <ei-ms-id>1075</ei-ms-id>
      <id>116686</id>
      <intensity>167.0</intensity>
      <mass-charge>86.0</mass-charge>
    </ei-ms-peak>
    <ei-ms-peak>
      <ei-ms-id>1075</ei-ms-id>
      <id>116687</id>
      <intensity>202.0</intensity>
      <mass-charge>87.0</mass-charge>
    </ei-ms-peak>
    <ei-ms-peak>
      <ei-ms-id>1075</ei-ms-id>
      <id>116688</id>
      <intensity>65.0</intensity>
      <mass-charge>88.0</mass-charge>
    </ei-ms-peak>
    <ei-ms-peak>
      <ei-ms-id>1075</ei-ms-id>
      <id>116689</id>
      <intensity>84.0</intensity>
      <mass-charge>89.0</mass-charge>
    </ei-ms-peak>
    <ei-ms-peak>
      <ei-ms-id>1075</ei-ms-id>
      <id>116690</id>
      <intensity>25.0</intensity>
      <mass-charge>90.0</mass-charge>
    </ei-ms-peak>
    <ei-ms-peak>
      <ei-ms-id>1075</ei-ms-id>
      <id>116691</id>
      <intensity>81.0</intensity>
      <mass-charge>91.0</mass-charge>
    </ei-ms-peak>
    <ei-ms-peak>
      <ei-ms-id>1075</ei-ms-id>
      <id>116692</id>
      <intensity>26.0</intensity>
      <mass-charge>92.0</mass-charge>
    </ei-ms-peak>
    <ei-ms-peak>
      <ei-ms-id>1075</ei-ms-id>
      <id>116693</id>
      <intensity>346.0</intensity>
      <mass-charge>93.0</mass-charge>
    </ei-ms-peak>
    <ei-ms-peak>
      <ei-ms-id>1075</ei-ms-id>
      <id>116694</id>
      <intensity>19.0</intensity>
      <mass-charge>94.0</mass-charge>
    </ei-ms-peak>
    <ei-ms-peak>
      <ei-ms-id>1075</ei-ms-id>
      <id>116695</id>
      <intensity>36.0</intensity>
      <mass-charge>97.0</mass-charge>
    </ei-ms-peak>
    <ei-ms-peak>
      <ei-ms-id>1075</ei-ms-id>
      <id>116696</id>
      <intensity>127.0</intensity>
      <mass-charge>98.0</mass-charge>
    </ei-ms-peak>
    <ei-ms-peak>
      <ei-ms-id>1075</ei-ms-id>
      <id>116697</id>
      <intensity>66.0</intensity>
      <mass-charge>99.0</mass-charge>
    </ei-ms-peak>
    <ei-ms-peak>
      <ei-ms-id>1075</ei-ms-id>
      <id>116698</id>
      <intensity>79.0</intensity>
      <mass-charge>100.0</mass-charge>
    </ei-ms-peak>
    <ei-ms-peak>
      <ei-ms-id>1075</ei-ms-id>
      <id>116699</id>
      <intensity>481.0</intensity>
      <mass-charge>101.0</mass-charge>
    </ei-ms-peak>
    <ei-ms-peak>
      <ei-ms-id>1075</ei-ms-id>
      <id>116700</id>
      <intensity>2559.0</intensity>
      <mass-charge>102.0</mass-charge>
    </ei-ms-peak>
    <ei-ms-peak>
      <ei-ms-id>1075</ei-ms-id>
      <id>116701</id>
      <intensity>269.0</intensity>
      <mass-charge>103.0</mass-charge>
    </ei-ms-peak>
    <ei-ms-peak>
      <ei-ms-id>1075</ei-ms-id>
      <id>116702</id>
      <intensity>120.0</intensity>
      <mass-charge>104.0</mass-charge>
    </ei-ms-peak>
    <ei-ms-peak>
      <ei-ms-id>1075</ei-ms-id>
      <id>116703</id>
      <intensity>36.0</intensity>
      <mass-charge>105.0</mass-charge>
    </ei-ms-peak>
    <ei-ms-peak>
      <ei-ms-id>1075</ei-ms-id>
      <id>116704</id>
      <intensity>20.0</intensity>
      <mass-charge>106.0</mass-charge>
    </ei-ms-peak>
    <ei-ms-peak>
      <ei-ms-id>1075</ei-ms-id>
      <id>116705</id>
      <intensity>23.0</intensity>
      <mass-charge>108.0</mass-charge>
    </ei-ms-peak>
    <ei-ms-peak>
      <ei-ms-id>1075</ei-ms-id>
      <id>116706</id>
      <intensity>21.0</intensity>
      <mass-charge>109.0</mass-charge>
    </ei-ms-peak>
    <ei-ms-peak>
      <ei-ms-id>1075</ei-ms-id>
      <id>116707</id>
      <intensity>30.0</intensity>
      <mass-charge>110.0</mass-charge>
    </ei-ms-peak>
    <ei-ms-peak>
      <ei-ms-id>1075</ei-ms-id>
      <id>116708</id>
      <intensity>15.0</intensity>
      <mass-charge>111.0</mass-charge>
    </ei-ms-peak>
    <ei-ms-peak>
      <ei-ms-id>1075</ei-ms-id>
      <id>116709</id>
      <intensity>47.0</intensity>
      <mass-charge>113.0</mass-charge>
    </ei-ms-peak>
    <ei-ms-peak>
      <ei-ms-id>1075</ei-ms-id>
      <id>116710</id>
      <intensity>18.0</intensity>
      <mass-charge>114.0</mass-charge>
    </ei-ms-peak>
    <ei-ms-peak>
      <ei-ms-id>1075</ei-ms-id>
      <id>116711</id>
      <intensity>22.0</intensity>
      <mass-charge>115.0</mass-charge>
    </ei-ms-peak>
    <ei-ms-peak>
      <ei-ms-id>1075</ei-ms-id>
      <id>116712</id>
      <intensity>22.0</intensity>
      <mass-charge>116.0</mass-charge>
    </ei-ms-peak>
    <ei-ms-peak>
      <ei-ms-id>1075</ei-ms-id>
      <id>116713</id>
      <intensity>35.0</intensity>
      <mass-charge>117.0</mass-charge>
    </ei-ms-peak>
    <ei-ms-peak>
      <ei-ms-id>1075</ei-ms-id>
      <id>116714</id>
      <intensity>23.0</intensity>
      <mass-charge>128.0</mass-charge>
    </ei-ms-peak>
    <ei-ms-peak>
      <ei-ms-id>1075</ei-ms-id>
      <id>116715</id>
      <intensity>852.0</intensity>
      <mass-charge>129.0</mass-charge>
    </ei-ms-peak>
    <ei-ms-peak>
      <ei-ms-id>1075</ei-ms-id>
      <id>116716</id>
      <intensity>2191.0</intensity>
      <mass-charge>130.0</mass-charge>
    </ei-ms-peak>
    <ei-ms-peak>
      <ei-ms-id>1075</ei-ms-id>
      <id>116717</id>
      <intensity>234.0</intensity>
      <mass-charge>131.0</mass-charge>
    </ei-ms-peak>
    <ei-ms-peak>
      <ei-ms-id>1075</ei-ms-id>
      <id>116718</id>
      <intensity>53.0</intensity>
      <mass-charge>132.0</mass-charge>
    </ei-ms-peak>
    <ei-ms-peak>
      <ei-ms-id>1075</ei-ms-id>
      <id>116719</id>
      <intensity>34.0</intensity>
      <mass-charge>141.0</mass-charge>
    </ei-ms-peak>
    <ei-ms-peak>
      <ei-ms-id>1075</ei-ms-id>
      <id>116720</id>
      <intensity>27.0</intensity>
      <mass-charge>145.0</mass-charge>
    </ei-ms-peak>
    <ei-ms-peak>
      <ei-ms-id>1075</ei-ms-id>
      <id>116721</id>
      <intensity>21.0</intensity>
      <mass-charge>151.0</mass-charge>
    </ei-ms-peak>
    <ei-ms-peak>
      <ei-ms-id>1075</ei-ms-id>
      <id>116722</id>
      <intensity>164.0</intensity>
      <mass-charge>157.0</mass-charge>
    </ei-ms-peak>
    <ei-ms-peak>
      <ei-ms-id>1075</ei-ms-id>
      <id>116723</id>
      <intensity>7188.0</intensity>
      <mass-charge>158.0</mass-charge>
    </ei-ms-peak>
    <ei-ms-peak>
      <ei-ms-id>1075</ei-ms-id>
      <id>116724</id>
      <intensity>967.0</intensity>
      <mass-charge>159.0</mass-charge>
    </ei-ms-peak>
    <ei-ms-peak>
      <ei-ms-id>1075</ei-ms-id>
      <id>116725</id>
      <intensity>91.0</intensity>
      <mass-charge>160.0</mass-charge>
    </ei-ms-peak>
    <ei-ms-peak>
      <ei-ms-id>1075</ei-ms-id>
      <id>116726</id>
      <intensity>19.0</intensity>
      <mass-charge>161.0</mass-charge>
    </ei-ms-peak>
    <ei-ms-peak>
      <ei-ms-id>1075</ei-ms-id>
      <id>116727</id>
      <intensity>35.0</intensity>
      <mass-charge>171.0</mass-charge>
    </ei-ms-peak>
    <ei-ms-peak>
      <ei-ms-id>1075</ei-ms-id>
      <id>116728</id>
      <intensity>19.0</intensity>
      <mass-charge>178.0</mass-charge>
    </ei-ms-peak>
    <ei-ms-peak>
      <ei-ms-id>1075</ei-ms-id>
      <id>116729</id>
      <intensity>49.0</intensity>
      <mass-charge>185.0</mass-charge>
    </ei-ms-peak>
    <ei-ms-peak>
      <ei-ms-id>1075</ei-ms-id>
      <id>116730</id>
      <intensity>9999.0</intensity>
      <mass-charge>186.0</mass-charge>
    </ei-ms-peak>
    <ei-ms-peak>
      <ei-ms-id>1075</ei-ms-id>
      <id>116731</id>
      <intensity>1469.0</intensity>
      <mass-charge>187.0</mass-charge>
    </ei-ms-peak>
    <ei-ms-peak>
      <ei-ms-id>1075</ei-ms-id>
      <id>116732</id>
      <intensity>168.0</intensity>
      <mass-charge>188.0</mass-charge>
    </ei-ms-peak>
    <ei-ms-peak>
      <ei-ms-id>1075</ei-ms-id>
      <id>116733</id>
      <intensity>20.0</intensity>
      <mass-charge>189.0</mass-charge>
    </ei-ms-peak>
  </ei-ms-peaks>
</ei-ms>
