<?xml version="1.0" encoding="UTF-8"?>
<ei-ms>
  <collection-date nil="true"/>
  <created-at>2014-09-20T16:29:42Z</created-at>
  <database-id>HMDB14812</database-id>
  <id>503</id>
  <inchi-key>ASUTZQLVASHGKV-JDFRZJQESA-N</inchi-key>
  <instrument-type nil="true"/>
  <molecule-id nil="true"/>
  <notes nil="true"/>
  <peak-counter>224</peak-counter>
  <sample-assessment nil="true"/>
  <sample-concentration nil="true"/>
  <sample-concentration-units nil="true"/>
  <sample-mass nil="true"/>
  <sample-mass-units nil="true"/>
  <sample-source nil="true"/>
  <solvent nil="true"/>
  <spectra-assessment nil="true"/>
  <updated-at>2014-09-20T16:29:42Z</updated-at>
  <references>
    <reference>
      <database>NIST</database>
      <database-id>357-70-0</database-id>
      <id>15375</id>
      <pubmed-id nil="true"/>
      <ref-text>NIST Mass Spec Data Center, S.E. Stein, director, "Mass Spectra" in NIST Chemistry WebBook, NIST Standard Reference Database Number 69, Eds. P.J. Linstrom and W.G. Mallard, National Institute of Standards and Technology, Gaithersburg MD, 20899, http://webbook.nist.gov, (retrieved September 6, 2014).</ref-text>
      <spectra-id>503</spectra-id>
      <spectra-type>EiMs</spectra-type>
    </reference>
  </references>
  <ei-ms-peaks>
    <ei-ms-peak>
      <ei-ms-id>503</ei-ms-id>
      <id>56027</id>
      <intensity>6062.0</intensity>
      <mass-charge>42.0</mass-charge>
    </ei-ms-peak>
    <ei-ms-peak>
      <ei-ms-id>503</ei-ms-id>
      <id>56028</id>
      <intensity>2106.0</intensity>
      <mass-charge>43.0</mass-charge>
    </ei-ms-peak>
    <ei-ms-peak>
      <ei-ms-id>503</ei-ms-id>
      <id>56029</id>
      <intensity>3019.0</intensity>
      <mass-charge>44.0</mass-charge>
    </ei-ms-peak>
    <ei-ms-peak>
      <ei-ms-id>503</ei-ms-id>
      <id>56030</id>
      <intensity>272.0</intensity>
      <mass-charge>45.0</mass-charge>
    </ei-ms-peak>
    <ei-ms-peak>
      <ei-ms-id>503</ei-ms-id>
      <id>56031</id>
      <intensity>22.0</intensity>
      <mass-charge>46.0</mass-charge>
    </ei-ms-peak>
    <ei-ms-peak>
      <ei-ms-id>503</ei-ms-id>
      <id>56032</id>
      <intensity>43.0</intensity>
      <mass-charge>47.0</mass-charge>
    </ei-ms-peak>
    <ei-ms-peak>
      <ei-ms-id>503</ei-ms-id>
      <id>56033</id>
      <intensity>13.0</intensity>
      <mass-charge>48.0</mass-charge>
    </ei-ms-peak>
    <ei-ms-peak>
      <ei-ms-id>503</ei-ms-id>
      <id>56034</id>
      <intensity>157.0</intensity>
      <mass-charge>49.0</mass-charge>
    </ei-ms-peak>
    <ei-ms-peak>
      <ei-ms-id>503</ei-ms-id>
      <id>56035</id>
      <intensity>231.0</intensity>
      <mass-charge>50.0</mass-charge>
    </ei-ms-peak>
    <ei-ms-peak>
      <ei-ms-id>503</ei-ms-id>
      <id>56036</id>
      <intensity>917.0</intensity>
      <mass-charge>51.0</mass-charge>
    </ei-ms-peak>
    <ei-ms-peak>
      <ei-ms-id>503</ei-ms-id>
      <id>56037</id>
      <intensity>354.0</intensity>
      <mass-charge>52.0</mass-charge>
    </ei-ms-peak>
    <ei-ms-peak>
      <ei-ms-id>503</ei-ms-id>
      <id>56038</id>
      <intensity>689.0</intensity>
      <mass-charge>53.0</mass-charge>
    </ei-ms-peak>
    <ei-ms-peak>
      <ei-ms-id>503</ei-ms-id>
      <id>56039</id>
      <intensity>219.0</intensity>
      <mass-charge>54.0</mass-charge>
    </ei-ms-peak>
    <ei-ms-peak>
      <ei-ms-id>503</ei-ms-id>
      <id>56040</id>
      <intensity>1608.0</intensity>
      <mass-charge>55.0</mass-charge>
    </ei-ms-peak>
    <ei-ms-peak>
      <ei-ms-id>503</ei-ms-id>
      <id>56041</id>
      <intensity>296.0</intensity>
      <mass-charge>56.0</mass-charge>
    </ei-ms-peak>
    <ei-ms-peak>
      <ei-ms-id>503</ei-ms-id>
      <id>56042</id>
      <intensity>696.0</intensity>
      <mass-charge>57.0</mass-charge>
    </ei-ms-peak>
    <ei-ms-peak>
      <ei-ms-id>503</ei-ms-id>
      <id>56043</id>
      <intensity>391.0</intensity>
      <mass-charge>58.0</mass-charge>
    </ei-ms-peak>
    <ei-ms-peak>
      <ei-ms-id>503</ei-ms-id>
      <id>56044</id>
      <intensity>66.0</intensity>
      <mass-charge>59.0</mass-charge>
    </ei-ms-peak>
    <ei-ms-peak>
      <ei-ms-id>503</ei-ms-id>
      <id>56045</id>
      <intensity>91.0</intensity>
      <mass-charge>60.0</mass-charge>
    </ei-ms-peak>
    <ei-ms-peak>
      <ei-ms-id>503</ei-ms-id>
      <id>56046</id>
      <intensity>21.0</intensity>
      <mass-charge>61.0</mass-charge>
    </ei-ms-peak>
    <ei-ms-peak>
      <ei-ms-id>503</ei-ms-id>
      <id>56047</id>
      <intensity>120.0</intensity>
      <mass-charge>62.0</mass-charge>
    </ei-ms-peak>
    <ei-ms-peak>
      <ei-ms-id>503</ei-ms-id>
      <id>56048</id>
      <intensity>614.0</intensity>
      <mass-charge>63.0</mass-charge>
    </ei-ms-peak>
    <ei-ms-peak>
      <ei-ms-id>503</ei-ms-id>
      <id>56049</id>
      <intensity>334.0</intensity>
      <mass-charge>64.0</mass-charge>
    </ei-ms-peak>
    <ei-ms-peak>
      <ei-ms-id>503</ei-ms-id>
      <id>56050</id>
      <intensity>900.0</intensity>
      <mass-charge>65.0</mass-charge>
    </ei-ms-peak>
    <ei-ms-peak>
      <ei-ms-id>503</ei-ms-id>
      <id>56051</id>
      <intensity>291.0</intensity>
      <mass-charge>66.0</mass-charge>
    </ei-ms-peak>
    <ei-ms-peak>
      <ei-ms-id>503</ei-ms-id>
      <id>56052</id>
      <intensity>243.0</intensity>
      <mass-charge>67.0</mass-charge>
    </ei-ms-peak>
    <ei-ms-peak>
      <ei-ms-id>503</ei-ms-id>
      <id>56053</id>
      <intensity>130.0</intensity>
      <mass-charge>68.0</mass-charge>
    </ei-ms-peak>
    <ei-ms-peak>
      <ei-ms-id>503</ei-ms-id>
      <id>56054</id>
      <intensity>227.0</intensity>
      <mass-charge>69.0</mass-charge>
    </ei-ms-peak>
    <ei-ms-peak>
      <ei-ms-id>503</ei-ms-id>
      <id>56055</id>
      <intensity>349.0</intensity>
      <mass-charge>70.0</mass-charge>
    </ei-ms-peak>
    <ei-ms-peak>
      <ei-ms-id>503</ei-ms-id>
      <id>56056</id>
      <intensity>157.0</intensity>
      <mass-charge>71.0</mass-charge>
    </ei-ms-peak>
    <ei-ms-peak>
      <ei-ms-id>503</ei-ms-id>
      <id>56057</id>
      <intensity>75.0</intensity>
      <mass-charge>72.0</mass-charge>
    </ei-ms-peak>
    <ei-ms-peak>
      <ei-ms-id>503</ei-ms-id>
      <id>56058</id>
      <intensity>78.0</intensity>
      <mass-charge>73.0</mass-charge>
    </ei-ms-peak>
    <ei-ms-peak>
      <ei-ms-id>503</ei-ms-id>
      <id>56059</id>
      <intensity>130.0</intensity>
      <mass-charge>74.0</mass-charge>
    </ei-ms-peak>
    <ei-ms-peak>
      <ei-ms-id>503</ei-ms-id>
      <id>56060</id>
      <intensity>233.0</intensity>
      <mass-charge>75.0</mass-charge>
    </ei-ms-peak>
    <ei-ms-peak>
      <ei-ms-id>503</ei-ms-id>
      <id>56061</id>
      <intensity>323.0</intensity>
      <mass-charge>76.0</mass-charge>
    </ei-ms-peak>
    <ei-ms-peak>
      <ei-ms-id>503</ei-ms-id>
      <id>56062</id>
      <intensity>1685.0</intensity>
      <mass-charge>77.0</mass-charge>
    </ei-ms-peak>
    <ei-ms-peak>
      <ei-ms-id>503</ei-ms-id>
      <id>56063</id>
      <intensity>656.0</intensity>
      <mass-charge>78.0</mass-charge>
    </ei-ms-peak>
    <ei-ms-peak>
      <ei-ms-id>503</ei-ms-id>
      <id>56064</id>
      <intensity>563.0</intensity>
      <mass-charge>79.0</mass-charge>
    </ei-ms-peak>
    <ei-ms-peak>
      <ei-ms-id>503</ei-ms-id>
      <id>56065</id>
      <intensity>149.0</intensity>
      <mass-charge>80.0</mass-charge>
    </ei-ms-peak>
    <ei-ms-peak>
      <ei-ms-id>503</ei-ms-id>
      <id>56066</id>
      <intensity>270.0</intensity>
      <mass-charge>81.0</mass-charge>
    </ei-ms-peak>
    <ei-ms-peak>
      <ei-ms-id>503</ei-ms-id>
      <id>56067</id>
      <intensity>244.0</intensity>
      <mass-charge>82.0</mass-charge>
    </ei-ms-peak>
    <ei-ms-peak>
      <ei-ms-id>503</ei-ms-id>
      <id>56068</id>
      <intensity>238.0</intensity>
      <mass-charge>83.0</mass-charge>
    </ei-ms-peak>
    <ei-ms-peak>
      <ei-ms-id>503</ei-ms-id>
      <id>56069</id>
      <intensity>227.0</intensity>
      <mass-charge>84.0</mass-charge>
    </ei-ms-peak>
    <ei-ms-peak>
      <ei-ms-id>503</ei-ms-id>
      <id>56070</id>
      <intensity>91.0</intensity>
      <mass-charge>85.0</mass-charge>
    </ei-ms-peak>
    <ei-ms-peak>
      <ei-ms-id>503</ei-ms-id>
      <id>56071</id>
      <intensity>140.0</intensity>
      <mass-charge>86.0</mass-charge>
    </ei-ms-peak>
    <ei-ms-peak>
      <ei-ms-id>503</ei-ms-id>
      <id>56072</id>
      <intensity>133.0</intensity>
      <mass-charge>87.0</mass-charge>
    </ei-ms-peak>
    <ei-ms-peak>
      <ei-ms-id>503</ei-ms-id>
      <id>56073</id>
      <intensity>116.0</intensity>
      <mass-charge>88.0</mass-charge>
    </ei-ms-peak>
    <ei-ms-peak>
      <ei-ms-id>503</ei-ms-id>
      <id>56074</id>
      <intensity>502.0</intensity>
      <mass-charge>89.0</mass-charge>
    </ei-ms-peak>
    <ei-ms-peak>
      <ei-ms-id>503</ei-ms-id>
      <id>56075</id>
      <intensity>260.0</intensity>
      <mass-charge>90.0</mass-charge>
    </ei-ms-peak>
    <ei-ms-peak>
      <ei-ms-id>503</ei-ms-id>
      <id>56076</id>
      <intensity>1212.0</intensity>
      <mass-charge>91.0</mass-charge>
    </ei-ms-peak>
    <ei-ms-peak>
      <ei-ms-id>503</ei-ms-id>
      <id>56077</id>
      <intensity>289.0</intensity>
      <mass-charge>92.0</mass-charge>
    </ei-ms-peak>
    <ei-ms-peak>
      <ei-ms-id>503</ei-ms-id>
      <id>56078</id>
      <intensity>217.0</intensity>
      <mass-charge>93.0</mass-charge>
    </ei-ms-peak>
    <ei-ms-peak>
      <ei-ms-id>503</ei-ms-id>
      <id>56079</id>
      <intensity>348.0</intensity>
      <mass-charge>94.0</mass-charge>
    </ei-ms-peak>
    <ei-ms-peak>
      <ei-ms-id>503</ei-ms-id>
      <id>56080</id>
      <intensity>286.0</intensity>
      <mass-charge>95.0</mass-charge>
    </ei-ms-peak>
    <ei-ms-peak>
      <ei-ms-id>503</ei-ms-id>
      <id>56081</id>
      <intensity>98.0</intensity>
      <mass-charge>96.0</mass-charge>
    </ei-ms-peak>
    <ei-ms-peak>
      <ei-ms-id>503</ei-ms-id>
      <id>56082</id>
      <intensity>99.0</intensity>
      <mass-charge>97.0</mass-charge>
    </ei-ms-peak>
    <ei-ms-peak>
      <ei-ms-id>503</ei-ms-id>
      <id>56083</id>
      <intensity>132.0</intensity>
      <mass-charge>98.0</mass-charge>
    </ei-ms-peak>
    <ei-ms-peak>
      <ei-ms-id>503</ei-ms-id>
      <id>56084</id>
      <intensity>148.0</intensity>
      <mass-charge>99.0</mass-charge>
    </ei-ms-peak>
    <ei-ms-peak>
      <ei-ms-id>503</ei-ms-id>
      <id>56085</id>
      <intensity>106.0</intensity>
      <mass-charge>100.0</mass-charge>
    </ei-ms-peak>
    <ei-ms-peak>
      <ei-ms-id>503</ei-ms-id>
      <id>56086</id>
      <intensity>188.0</intensity>
      <mass-charge>101.0</mass-charge>
    </ei-ms-peak>
    <ei-ms-peak>
      <ei-ms-id>503</ei-ms-id>
      <id>56087</id>
      <intensity>451.0</intensity>
      <mass-charge>102.0</mass-charge>
    </ei-ms-peak>
    <ei-ms-peak>
      <ei-ms-id>503</ei-ms-id>
      <id>56088</id>
      <intensity>766.0</intensity>
      <mass-charge>103.0</mass-charge>
    </ei-ms-peak>
    <ei-ms-peak>
      <ei-ms-id>503</ei-ms-id>
      <id>56089</id>
      <intensity>238.0</intensity>
      <mass-charge>104.0</mass-charge>
    </ei-ms-peak>
    <ei-ms-peak>
      <ei-ms-id>503</ei-ms-id>
      <id>56090</id>
      <intensity>501.0</intensity>
      <mass-charge>105.0</mass-charge>
    </ei-ms-peak>
    <ei-ms-peak>
      <ei-ms-id>503</ei-ms-id>
      <id>56091</id>
      <intensity>271.0</intensity>
      <mass-charge>106.0</mass-charge>
    </ei-ms-peak>
    <ei-ms-peak>
      <ei-ms-id>503</ei-ms-id>
      <id>56092</id>
      <intensity>540.0</intensity>
      <mass-charge>107.0</mass-charge>
    </ei-ms-peak>
    <ei-ms-peak>
      <ei-ms-id>503</ei-ms-id>
      <id>56093</id>
      <intensity>229.0</intensity>
      <mass-charge>108.0</mass-charge>
    </ei-ms-peak>
    <ei-ms-peak>
      <ei-ms-id>503</ei-ms-id>
      <id>56094</id>
      <intensity>128.0</intensity>
      <mass-charge>109.0</mass-charge>
    </ei-ms-peak>
    <ei-ms-peak>
      <ei-ms-id>503</ei-ms-id>
      <id>56095</id>
      <intensity>74.0</intensity>
      <mass-charge>110.0</mass-charge>
    </ei-ms-peak>
    <ei-ms-peak>
      <ei-ms-id>503</ei-ms-id>
      <id>56096</id>
      <intensity>49.0</intensity>
      <mass-charge>111.0</mass-charge>
    </ei-ms-peak>
    <ei-ms-peak>
      <ei-ms-id>503</ei-ms-id>
      <id>56097</id>
      <intensity>88.0</intensity>
      <mass-charge>112.0</mass-charge>
    </ei-ms-peak>
    <ei-ms-peak>
      <ei-ms-id>503</ei-ms-id>
      <id>56098</id>
      <intensity>252.0</intensity>
      <mass-charge>113.0</mass-charge>
    </ei-ms-peak>
    <ei-ms-peak>
      <ei-ms-id>503</ei-ms-id>
      <id>56099</id>
      <intensity>3055.0</intensity>
      <mass-charge>115.0</mass-charge>
    </ei-ms-peak>
    <ei-ms-peak>
      <ei-ms-id>503</ei-ms-id>
      <id>56100</id>
      <intensity>526.0</intensity>
      <mass-charge>116.0</mass-charge>
    </ei-ms-peak>
    <ei-ms-peak>
      <ei-ms-id>503</ei-ms-id>
      <id>56101</id>
      <intensity>335.0</intensity>
      <mass-charge>117.0</mass-charge>
    </ei-ms-peak>
    <ei-ms-peak>
      <ei-ms-id>503</ei-ms-id>
      <id>56102</id>
      <intensity>311.0</intensity>
      <mass-charge>118.0</mass-charge>
    </ei-ms-peak>
    <ei-ms-peak>
      <ei-ms-id>503</ei-ms-id>
      <id>56103</id>
      <intensity>204.0</intensity>
      <mass-charge>119.0</mass-charge>
    </ei-ms-peak>
    <ei-ms-peak>
      <ei-ms-id>503</ei-ms-id>
      <id>56104</id>
      <intensity>266.0</intensity>
      <mass-charge>120.0</mass-charge>
    </ei-ms-peak>
    <ei-ms-peak>
      <ei-ms-id>503</ei-ms-id>
      <id>56105</id>
      <intensity>365.0</intensity>
      <mass-charge>121.0</mass-charge>
    </ei-ms-peak>
    <ei-ms-peak>
      <ei-ms-id>503</ei-ms-id>
      <id>56106</id>
      <intensity>182.0</intensity>
      <mass-charge>122.0</mass-charge>
    </ei-ms-peak>
    <ei-ms-peak>
      <ei-ms-id>503</ei-ms-id>
      <id>56107</id>
      <intensity>88.0</intensity>
      <mass-charge>123.0</mass-charge>
    </ei-ms-peak>
    <ei-ms-peak>
      <ei-ms-id>503</ei-ms-id>
      <id>56108</id>
      <intensity>95.0</intensity>
      <mass-charge>124.0</mass-charge>
    </ei-ms-peak>
    <ei-ms-peak>
      <ei-ms-id>503</ei-ms-id>
      <id>56109</id>
      <intensity>49.0</intensity>
      <mass-charge>125.0</mass-charge>
    </ei-ms-peak>
    <ei-ms-peak>
      <ei-ms-id>503</ei-ms-id>
      <id>56110</id>
      <intensity>205.0</intensity>
      <mass-charge>126.0</mass-charge>
    </ei-ms-peak>
    <ei-ms-peak>
      <ei-ms-id>503</ei-ms-id>
      <id>56111</id>
      <intensity>889.0</intensity>
      <mass-charge>127.0</mass-charge>
    </ei-ms-peak>
    <ei-ms-peak>
      <ei-ms-id>503</ei-ms-id>
      <id>56112</id>
      <intensity>1425.0</intensity>
      <mass-charge>128.0</mass-charge>
    </ei-ms-peak>
    <ei-ms-peak>
      <ei-ms-id>503</ei-ms-id>
      <id>56113</id>
      <intensity>724.0</intensity>
      <mass-charge>129.0</mass-charge>
    </ei-ms-peak>
    <ei-ms-peak>
      <ei-ms-id>503</ei-ms-id>
      <id>56114</id>
      <intensity>280.0</intensity>
      <mass-charge>130.0</mass-charge>
    </ei-ms-peak>
    <ei-ms-peak>
      <ei-ms-id>503</ei-ms-id>
      <id>56115</id>
      <intensity>706.0</intensity>
      <mass-charge>131.0</mass-charge>
    </ei-ms-peak>
    <ei-ms-peak>
      <ei-ms-id>503</ei-ms-id>
      <id>56116</id>
      <intensity>321.0</intensity>
      <mass-charge>132.0</mass-charge>
    </ei-ms-peak>
    <ei-ms-peak>
      <ei-ms-id>503</ei-ms-id>
      <id>56117</id>
      <intensity>216.0</intensity>
      <mass-charge>133.0</mass-charge>
    </ei-ms-peak>
    <ei-ms-peak>
      <ei-ms-id>503</ei-ms-id>
      <id>56118</id>
      <intensity>374.0</intensity>
      <mass-charge>134.0</mass-charge>
    </ei-ms-peak>
    <ei-ms-peak>
      <ei-ms-id>503</ei-ms-id>
      <id>56119</id>
      <intensity>566.0</intensity>
      <mass-charge>135.0</mass-charge>
    </ei-ms-peak>
    <ei-ms-peak>
      <ei-ms-id>503</ei-ms-id>
      <id>56120</id>
      <intensity>163.0</intensity>
      <mass-charge>136.0</mass-charge>
    </ei-ms-peak>
    <ei-ms-peak>
      <ei-ms-id>503</ei-ms-id>
      <id>56121</id>
      <intensity>359.0</intensity>
      <mass-charge>137.0</mass-charge>
    </ei-ms-peak>
    <ei-ms-peak>
      <ei-ms-id>503</ei-ms-id>
      <id>56122</id>
      <intensity>101.0</intensity>
      <mass-charge>138.0</mass-charge>
    </ei-ms-peak>
    <ei-ms-peak>
      <ei-ms-id>503</ei-ms-id>
      <id>56123</id>
      <intensity>413.0</intensity>
      <mass-charge>139.0</mass-charge>
    </ei-ms-peak>
    <ei-ms-peak>
      <ei-ms-id>503</ei-ms-id>
      <id>56124</id>
      <intensity>185.0</intensity>
      <mass-charge>140.0</mass-charge>
    </ei-ms-peak>
    <ei-ms-peak>
      <ei-ms-id>503</ei-ms-id>
      <id>56125</id>
      <intensity>851.0</intensity>
      <mass-charge>141.0</mass-charge>
    </ei-ms-peak>
    <ei-ms-peak>
      <ei-ms-id>503</ei-ms-id>
      <id>56126</id>
      <intensity>269.0</intensity>
      <mass-charge>142.0</mass-charge>
    </ei-ms-peak>
    <ei-ms-peak>
      <ei-ms-id>503</ei-ms-id>
      <id>56127</id>
      <intensity>443.0</intensity>
      <mass-charge>143.0</mass-charge>
    </ei-ms-peak>
    <ei-ms-peak>
      <ei-ms-id>503</ei-ms-id>
      <id>56128</id>
      <intensity>529.0</intensity>
      <mass-charge>144.0</mass-charge>
    </ei-ms-peak>
    <ei-ms-peak>
      <ei-ms-id>503</ei-ms-id>
      <id>56129</id>
      <intensity>388.0</intensity>
      <mass-charge>145.0</mass-charge>
    </ei-ms-peak>
    <ei-ms-peak>
      <ei-ms-id>503</ei-ms-id>
      <id>56130</id>
      <intensity>329.0</intensity>
      <mass-charge>146.0</mass-charge>
    </ei-ms-peak>
    <ei-ms-peak>
      <ei-ms-id>503</ei-ms-id>
      <id>56131</id>
      <intensity>245.0</intensity>
      <mass-charge>147.0</mass-charge>
    </ei-ms-peak>
    <ei-ms-peak>
      <ei-ms-id>503</ei-ms-id>
      <id>56132</id>
      <intensity>198.0</intensity>
      <mass-charge>148.0</mass-charge>
    </ei-ms-peak>
    <ei-ms-peak>
      <ei-ms-id>503</ei-ms-id>
      <id>56133</id>
      <intensity>179.0</intensity>
      <mass-charge>149.0</mass-charge>
    </ei-ms-peak>
    <ei-ms-peak>
      <ei-ms-id>503</ei-ms-id>
      <id>56134</id>
      <intensity>1108.0</intensity>
      <mass-charge>150.0</mass-charge>
    </ei-ms-peak>
    <ei-ms-peak>
      <ei-ms-id>503</ei-ms-id>
      <id>56135</id>
      <intensity>433.0</intensity>
      <mass-charge>151.0</mass-charge>
    </ei-ms-peak>
    <ei-ms-peak>
      <ei-ms-id>503</ei-ms-id>
      <id>56136</id>
      <intensity>790.0</intensity>
      <mass-charge>152.0</mass-charge>
    </ei-ms-peak>
    <ei-ms-peak>
      <ei-ms-id>503</ei-ms-id>
      <id>56137</id>
      <intensity>730.0</intensity>
      <mass-charge>153.0</mass-charge>
    </ei-ms-peak>
    <ei-ms-peak>
      <ei-ms-id>503</ei-ms-id>
      <id>56138</id>
      <intensity>306.0</intensity>
      <mass-charge>154.0</mass-charge>
    </ei-ms-peak>
    <ei-ms-peak>
      <ei-ms-id>503</ei-ms-id>
      <id>56139</id>
      <intensity>605.0</intensity>
      <mass-charge>155.0</mass-charge>
    </ei-ms-peak>
    <ei-ms-peak>
      <ei-ms-id>503</ei-ms-id>
      <id>56140</id>
      <intensity>247.0</intensity>
      <mass-charge>156.0</mass-charge>
    </ei-ms-peak>
    <ei-ms-peak>
      <ei-ms-id>503</ei-ms-id>
      <id>56141</id>
      <intensity>498.0</intensity>
      <mass-charge>157.0</mass-charge>
    </ei-ms-peak>
    <ei-ms-peak>
      <ei-ms-id>503</ei-ms-id>
      <id>56142</id>
      <intensity>356.0</intensity>
      <mass-charge>158.0</mass-charge>
    </ei-ms-peak>
    <ei-ms-peak>
      <ei-ms-id>503</ei-ms-id>
      <id>56143</id>
      <intensity>895.0</intensity>
      <mass-charge>159.0</mass-charge>
    </ei-ms-peak>
    <ei-ms-peak>
      <ei-ms-id>503</ei-ms-id>
      <id>56144</id>
      <intensity>283.0</intensity>
      <mass-charge>160.0</mass-charge>
    </ei-ms-peak>
    <ei-ms-peak>
      <ei-ms-id>503</ei-ms-id>
      <id>56145</id>
      <intensity>553.0</intensity>
      <mass-charge>161.0</mass-charge>
    </ei-ms-peak>
    <ei-ms-peak>
      <ei-ms-id>503</ei-ms-id>
      <id>56146</id>
      <intensity>256.0</intensity>
      <mass-charge>162.0</mass-charge>
    </ei-ms-peak>
    <ei-ms-peak>
      <ei-ms-id>503</ei-ms-id>
      <id>56147</id>
      <intensity>139.0</intensity>
      <mass-charge>163.0</mass-charge>
    </ei-ms-peak>
    <ei-ms-peak>
      <ei-ms-id>503</ei-ms-id>
      <id>56148</id>
      <intensity>227.0</intensity>
      <mass-charge>164.0</mass-charge>
    </ei-ms-peak>
    <ei-ms-peak>
      <ei-ms-id>503</ei-ms-id>
      <id>56149</id>
      <intensity>1283.0</intensity>
      <mass-charge>165.0</mass-charge>
    </ei-ms-peak>
    <ei-ms-peak>
      <ei-ms-id>503</ei-ms-id>
      <id>56150</id>
      <intensity>903.0</intensity>
      <mass-charge>166.0</mass-charge>
    </ei-ms-peak>
    <ei-ms-peak>
      <ei-ms-id>503</ei-ms-id>
      <id>56151</id>
      <intensity>469.0</intensity>
      <mass-charge>167.0</mass-charge>
    </ei-ms-peak>
    <ei-ms-peak>
      <ei-ms-id>503</ei-ms-id>
      <id>56152</id>
      <intensity>488.0</intensity>
      <mass-charge>168.0</mass-charge>
    </ei-ms-peak>
    <ei-ms-peak>
      <ei-ms-id>503</ei-ms-id>
      <id>56153</id>
      <intensity>624.0</intensity>
      <mass-charge>169.0</mass-charge>
    </ei-ms-peak>
    <ei-ms-peak>
      <ei-ms-id>503</ei-ms-id>
      <id>56154</id>
      <intensity>322.0</intensity>
      <mass-charge>170.0</mass-charge>
    </ei-ms-peak>
    <ei-ms-peak>
      <ei-ms-id>503</ei-ms-id>
      <id>56155</id>
      <intensity>454.0</intensity>
      <mass-charge>171.0</mass-charge>
    </ei-ms-peak>
    <ei-ms-peak>
      <ei-ms-id>503</ei-ms-id>
      <id>56156</id>
      <intensity>402.0</intensity>
      <mass-charge>172.0</mass-charge>
    </ei-ms-peak>
    <ei-ms-peak>
      <ei-ms-id>503</ei-ms-id>
      <id>56157</id>
      <intensity>376.0</intensity>
      <mass-charge>173.0</mass-charge>
    </ei-ms-peak>
    <ei-ms-peak>
      <ei-ms-id>503</ei-ms-id>
      <id>56158</id>
      <intensity>3799.0</intensity>
      <mass-charge>174.0</mass-charge>
    </ei-ms-peak>
    <ei-ms-peak>
      <ei-ms-id>503</ei-ms-id>
      <id>56159</id>
      <intensity>808.0</intensity>
      <mass-charge>175.0</mass-charge>
    </ei-ms-peak>
    <ei-ms-peak>
      <ei-ms-id>503</ei-ms-id>
      <id>56160</id>
      <intensity>386.0</intensity>
      <mass-charge>176.0</mass-charge>
    </ei-ms-peak>
    <ei-ms-peak>
      <ei-ms-id>503</ei-ms-id>
      <id>56161</id>
      <intensity>214.0</intensity>
      <mass-charge>177.0</mass-charge>
    </ei-ms-peak>
    <ei-ms-peak>
      <ei-ms-id>503</ei-ms-id>
      <id>56162</id>
      <intensity>598.0</intensity>
      <mass-charge>178.0</mass-charge>
    </ei-ms-peak>
    <ei-ms-peak>
      <ei-ms-id>503</ei-ms-id>
      <id>56163</id>
      <intensity>182.0</intensity>
      <mass-charge>179.0</mass-charge>
    </ei-ms-peak>
    <ei-ms-peak>
      <ei-ms-id>503</ei-ms-id>
      <id>56164</id>
      <intensity>204.0</intensity>
      <mass-charge>180.0</mass-charge>
    </ei-ms-peak>
    <ei-ms-peak>
      <ei-ms-id>503</ei-ms-id>
      <id>56165</id>
      <intensity>609.0</intensity>
      <mass-charge>181.0</mass-charge>
    </ei-ms-peak>
    <ei-ms-peak>
      <ei-ms-id>503</ei-ms-id>
      <id>56166</id>
      <intensity>307.0</intensity>
      <mass-charge>182.0</mass-charge>
    </ei-ms-peak>
    <ei-ms-peak>
      <ei-ms-id>503</ei-ms-id>
      <id>56167</id>
      <intensity>609.0</intensity>
      <mass-charge>183.0</mass-charge>
    </ei-ms-peak>
    <ei-ms-peak>
      <ei-ms-id>503</ei-ms-id>
      <id>56168</id>
      <intensity>370.0</intensity>
      <mass-charge>184.0</mass-charge>
    </ei-ms-peak>
    <ei-ms-peak>
      <ei-ms-id>503</ei-ms-id>
      <id>56169</id>
      <intensity>688.0</intensity>
      <mass-charge>185.0</mass-charge>
    </ei-ms-peak>
    <ei-ms-peak>
      <ei-ms-id>503</ei-ms-id>
      <id>56170</id>
      <intensity>398.0</intensity>
      <mass-charge>186.0</mass-charge>
    </ei-ms-peak>
    <ei-ms-peak>
      <ei-ms-id>503</ei-ms-id>
      <id>56171</id>
      <intensity>742.0</intensity>
      <mass-charge>187.0</mass-charge>
    </ei-ms-peak>
    <ei-ms-peak>
      <ei-ms-id>503</ei-ms-id>
      <id>56172</id>
      <intensity>311.0</intensity>
      <mass-charge>188.0</mass-charge>
    </ei-ms-peak>
    <ei-ms-peak>
      <ei-ms-id>503</ei-ms-id>
      <id>56173</id>
      <intensity>474.0</intensity>
      <mass-charge>189.0</mass-charge>
    </ei-ms-peak>
    <ei-ms-peak>
      <ei-ms-id>503</ei-ms-id>
      <id>56174</id>
      <intensity>332.0</intensity>
      <mass-charge>190.0</mass-charge>
    </ei-ms-peak>
    <ei-ms-peak>
      <ei-ms-id>503</ei-ms-id>
      <id>56175</id>
      <intensity>69.0</intensity>
      <mass-charge>191.0</mass-charge>
    </ei-ms-peak>
    <ei-ms-peak>
      <ei-ms-id>503</ei-ms-id>
      <id>56176</id>
      <intensity>75.0</intensity>
      <mass-charge>192.0</mass-charge>
    </ei-ms-peak>
    <ei-ms-peak>
      <ei-ms-id>503</ei-ms-id>
      <id>56177</id>
      <intensity>388.0</intensity>
      <mass-charge>193.0</mass-charge>
    </ei-ms-peak>
    <ei-ms-peak>
      <ei-ms-id>503</ei-ms-id>
      <id>56178</id>
      <intensity>552.0</intensity>
      <mass-charge>194.0</mass-charge>
    </ei-ms-peak>
    <ei-ms-peak>
      <ei-ms-id>503</ei-ms-id>
      <id>56179</id>
      <intensity>568.0</intensity>
      <mass-charge>195.0</mass-charge>
    </ei-ms-peak>
    <ei-ms-peak>
      <ei-ms-id>503</ei-ms-id>
      <id>56180</id>
      <intensity>256.0</intensity>
      <mass-charge>196.0</mass-charge>
    </ei-ms-peak>
    <ei-ms-peak>
      <ei-ms-id>503</ei-ms-id>
      <id>56181</id>
      <intensity>505.0</intensity>
      <mass-charge>197.0</mass-charge>
    </ei-ms-peak>
    <ei-ms-peak>
      <ei-ms-id>503</ei-ms-id>
      <id>56182</id>
      <intensity>400.0</intensity>
      <mass-charge>198.0</mass-charge>
    </ei-ms-peak>
    <ei-ms-peak>
      <ei-ms-id>503</ei-ms-id>
      <id>56183</id>
      <intensity>480.0</intensity>
      <mass-charge>199.0</mass-charge>
    </ei-ms-peak>
    <ei-ms-peak>
      <ei-ms-id>503</ei-ms-id>
      <id>56184</id>
      <intensity>495.0</intensity>
      <mass-charge>200.0</mass-charge>
    </ei-ms-peak>
    <ei-ms-peak>
      <ei-ms-id>503</ei-ms-id>
      <id>56185</id>
      <intensity>609.0</intensity>
      <mass-charge>201.0</mass-charge>
    </ei-ms-peak>
    <ei-ms-peak>
      <ei-ms-id>503</ei-ms-id>
      <id>56186</id>
      <intensity>343.0</intensity>
      <mass-charge>202.0</mass-charge>
    </ei-ms-peak>
    <ei-ms-peak>
      <ei-ms-id>503</ei-ms-id>
      <id>56187</id>
      <intensity>82.0</intensity>
      <mass-charge>203.0</mass-charge>
    </ei-ms-peak>
    <ei-ms-peak>
      <ei-ms-id>503</ei-ms-id>
      <id>56188</id>
      <intensity>110.0</intensity>
      <mass-charge>204.0</mass-charge>
    </ei-ms-peak>
    <ei-ms-peak>
      <ei-ms-id>503</ei-ms-id>
      <id>56189</id>
      <intensity>38.0</intensity>
      <mass-charge>205.0</mass-charge>
    </ei-ms-peak>
    <ei-ms-peak>
      <ei-ms-id>503</ei-ms-id>
      <id>56190</id>
      <intensity>36.0</intensity>
      <mass-charge>206.0</mass-charge>
    </ei-ms-peak>
    <ei-ms-peak>
      <ei-ms-id>503</ei-ms-id>
      <id>56191</id>
      <intensity>47.0</intensity>
      <mass-charge>207.0</mass-charge>
    </ei-ms-peak>
    <ei-ms-peak>
      <ei-ms-id>503</ei-ms-id>
      <id>56192</id>
      <intensity>68.0</intensity>
      <mass-charge>208.0</mass-charge>
    </ei-ms-peak>
    <ei-ms-peak>
      <ei-ms-id>503</ei-ms-id>
      <id>56193</id>
      <intensity>280.0</intensity>
      <mass-charge>209.0</mass-charge>
    </ei-ms-peak>
    <ei-ms-peak>
      <ei-ms-id>503</ei-ms-id>
      <id>56194</id>
      <intensity>168.0</intensity>
      <mass-charge>210.0</mass-charge>
    </ei-ms-peak>
    <ei-ms-peak>
      <ei-ms-id>503</ei-ms-id>
      <id>56195</id>
      <intensity>830.0</intensity>
      <mass-charge>211.0</mass-charge>
    </ei-ms-peak>
    <ei-ms-peak>
      <ei-ms-id>503</ei-ms-id>
      <id>56196</id>
      <intensity>351.0</intensity>
      <mass-charge>212.0</mass-charge>
    </ei-ms-peak>
    <ei-ms-peak>
      <ei-ms-id>503</ei-ms-id>
      <id>56197</id>
      <intensity>494.0</intensity>
      <mass-charge>213.0</mass-charge>
    </ei-ms-peak>
    <ei-ms-peak>
      <ei-ms-id>503</ei-ms-id>
      <id>56198</id>
      <intensity>433.0</intensity>
      <mass-charge>214.0</mass-charge>
    </ei-ms-peak>
    <ei-ms-peak>
      <ei-ms-id>503</ei-ms-id>
      <id>56199</id>
      <intensity>542.0</intensity>
      <mass-charge>215.0</mass-charge>
    </ei-ms-peak>
    <ei-ms-peak>
      <ei-ms-id>503</ei-ms-id>
      <id>56200</id>
      <intensity>4149.0</intensity>
      <mass-charge>216.0</mass-charge>
    </ei-ms-peak>
    <ei-ms-peak>
      <ei-ms-id>503</ei-ms-id>
      <id>56201</id>
      <intensity>637.0</intensity>
      <mass-charge>217.0</mass-charge>
    </ei-ms-peak>
    <ei-ms-peak>
      <ei-ms-id>503</ei-ms-id>
      <id>56202</id>
      <intensity>122.0</intensity>
      <mass-charge>218.0</mass-charge>
    </ei-ms-peak>
    <ei-ms-peak>
      <ei-ms-id>503</ei-ms-id>
      <id>56203</id>
      <intensity>32.0</intensity>
      <mass-charge>219.0</mass-charge>
    </ei-ms-peak>
    <ei-ms-peak>
      <ei-ms-id>503</ei-ms-id>
      <id>56204</id>
      <intensity>6.0</intensity>
      <mass-charge>220.0</mass-charge>
    </ei-ms-peak>
    <ei-ms-peak>
      <ei-ms-id>503</ei-ms-id>
      <id>56205</id>
      <intensity>32.0</intensity>
      <mass-charge>222.0</mass-charge>
    </ei-ms-peak>
    <ei-ms-peak>
      <ei-ms-id>503</ei-ms-id>
      <id>56206</id>
      <intensity>44.0</intensity>
      <mass-charge>223.0</mass-charge>
    </ei-ms-peak>
    <ei-ms-peak>
      <ei-ms-id>503</ei-ms-id>
      <id>56207</id>
      <intensity>70.0</intensity>
      <mass-charge>224.0</mass-charge>
    </ei-ms-peak>
    <ei-ms-peak>
      <ei-ms-id>503</ei-ms-id>
      <id>56208</id>
      <intensity>412.0</intensity>
      <mass-charge>225.0</mass-charge>
    </ei-ms-peak>
    <ei-ms-peak>
      <ei-ms-id>503</ei-ms-id>
      <id>56209</id>
      <intensity>651.0</intensity>
      <mass-charge>226.0</mass-charge>
    </ei-ms-peak>
    <ei-ms-peak>
      <ei-ms-id>503</ei-ms-id>
      <id>56210</id>
      <intensity>321.0</intensity>
      <mass-charge>227.0</mass-charge>
    </ei-ms-peak>
    <ei-ms-peak>
      <ei-ms-id>503</ei-ms-id>
      <id>56211</id>
      <intensity>496.0</intensity>
      <mass-charge>228.0</mass-charge>
    </ei-ms-peak>
    <ei-ms-peak>
      <ei-ms-id>503</ei-ms-id>
      <id>56212</id>
      <intensity>457.0</intensity>
      <mass-charge>229.0</mass-charge>
    </ei-ms-peak>
    <ei-ms-peak>
      <ei-ms-id>503</ei-ms-id>
      <id>56213</id>
      <intensity>1579.0</intensity>
      <mass-charge>230.0</mass-charge>
    </ei-ms-peak>
    <ei-ms-peak>
      <ei-ms-id>503</ei-ms-id>
      <id>56214</id>
      <intensity>607.0</intensity>
      <mass-charge>231.0</mass-charge>
    </ei-ms-peak>
    <ei-ms-peak>
      <ei-ms-id>503</ei-ms-id>
      <id>56215</id>
      <intensity>104.0</intensity>
      <mass-charge>232.0</mass-charge>
    </ei-ms-peak>
    <ei-ms-peak>
      <ei-ms-id>503</ei-ms-id>
      <id>56216</id>
      <intensity>31.0</intensity>
      <mass-charge>236.0</mass-charge>
    </ei-ms-peak>
    <ei-ms-peak>
      <ei-ms-id>503</ei-ms-id>
      <id>56217</id>
      <intensity>22.0</intensity>
      <mass-charge>237.0</mass-charge>
    </ei-ms-peak>
    <ei-ms-peak>
      <ei-ms-id>503</ei-ms-id>
      <id>56218</id>
      <intensity>62.0</intensity>
      <mass-charge>238.0</mass-charge>
    </ei-ms-peak>
    <ei-ms-peak>
      <ei-ms-id>503</ei-ms-id>
      <id>56219</id>
      <intensity>39.0</intensity>
      <mass-charge>239.0</mass-charge>
    </ei-ms-peak>
    <ei-ms-peak>
      <ei-ms-id>503</ei-ms-id>
      <id>56220</id>
      <intensity>97.0</intensity>
      <mass-charge>240.0</mass-charge>
    </ei-ms-peak>
    <ei-ms-peak>
      <ei-ms-id>503</ei-ms-id>
      <id>56221</id>
      <intensity>59.0</intensity>
      <mass-charge>241.0</mass-charge>
    </ei-ms-peak>
    <ei-ms-peak>
      <ei-ms-id>503</ei-ms-id>
      <id>56222</id>
      <intensity>186.0</intensity>
      <mass-charge>242.0</mass-charge>
    </ei-ms-peak>
    <ei-ms-peak>
      <ei-ms-id>503</ei-ms-id>
      <id>56223</id>
      <intensity>228.0</intensity>
      <mass-charge>243.0</mass-charge>
    </ei-ms-peak>
    <ei-ms-peak>
      <ei-ms-id>503</ei-ms-id>
      <id>56224</id>
      <intensity>2756.0</intensity>
      <mass-charge>244.0</mass-charge>
    </ei-ms-peak>
    <ei-ms-peak>
      <ei-ms-id>503</ei-ms-id>
      <id>56225</id>
      <intensity>504.0</intensity>
      <mass-charge>245.0</mass-charge>
    </ei-ms-peak>
    <ei-ms-peak>
      <ei-ms-id>503</ei-ms-id>
      <id>56226</id>
      <intensity>66.0</intensity>
      <mass-charge>246.0</mass-charge>
    </ei-ms-peak>
    <ei-ms-peak>
      <ei-ms-id>503</ei-ms-id>
      <id>56227</id>
      <intensity>14.0</intensity>
      <mass-charge>250.0</mass-charge>
    </ei-ms-peak>
    <ei-ms-peak>
      <ei-ms-id>503</ei-ms-id>
      <id>56228</id>
      <intensity>82.0</intensity>
      <mass-charge>252.0</mass-charge>
    </ei-ms-peak>
    <ei-ms-peak>
      <ei-ms-id>503</ei-ms-id>
      <id>56229</id>
      <intensity>26.0</intensity>
      <mass-charge>253.0</mass-charge>
    </ei-ms-peak>
    <ei-ms-peak>
      <ei-ms-id>503</ei-ms-id>
      <id>56230</id>
      <intensity>94.0</intensity>
      <mass-charge>254.0</mass-charge>
    </ei-ms-peak>
    <ei-ms-peak>
      <ei-ms-id>503</ei-ms-id>
      <id>56231</id>
      <intensity>39.0</intensity>
      <mass-charge>255.0</mass-charge>
    </ei-ms-peak>
    <ei-ms-peak>
      <ei-ms-id>503</ei-ms-id>
      <id>56232</id>
      <intensity>204.0</intensity>
      <mass-charge>256.0</mass-charge>
    </ei-ms-peak>
    <ei-ms-peak>
      <ei-ms-id>503</ei-ms-id>
      <id>56233</id>
      <intensity>53.0</intensity>
      <mass-charge>257.0</mass-charge>
    </ei-ms-peak>
    <ei-ms-peak>
      <ei-ms-id>503</ei-ms-id>
      <id>56234</id>
      <intensity>173.0</intensity>
      <mass-charge>258.0</mass-charge>
    </ei-ms-peak>
    <ei-ms-peak>
      <ei-ms-id>503</ei-ms-id>
      <id>56235</id>
      <intensity>142.0</intensity>
      <mass-charge>259.0</mass-charge>
    </ei-ms-peak>
    <ei-ms-peak>
      <ei-ms-id>503</ei-ms-id>
      <id>56236</id>
      <intensity>29.0</intensity>
      <mass-charge>260.0</mass-charge>
    </ei-ms-peak>
    <ei-ms-peak>
      <ei-ms-id>503</ei-ms-id>
      <id>56237</id>
      <intensity>6.0</intensity>
      <mass-charge>266.0</mass-charge>
    </ei-ms-peak>
    <ei-ms-peak>
      <ei-ms-id>503</ei-ms-id>
      <id>56238</id>
      <intensity>168.0</intensity>
      <mass-charge>268.0</mass-charge>
    </ei-ms-peak>
    <ei-ms-peak>
      <ei-ms-id>503</ei-ms-id>
      <id>56239</id>
      <intensity>145.0</intensity>
      <mass-charge>269.0</mass-charge>
    </ei-ms-peak>
    <ei-ms-peak>
      <ei-ms-id>503</ei-ms-id>
      <id>56240</id>
      <intensity>1583.0</intensity>
      <mass-charge>270.0</mass-charge>
    </ei-ms-peak>
    <ei-ms-peak>
      <ei-ms-id>503</ei-ms-id>
      <id>56241</id>
      <intensity>346.0</intensity>
      <mass-charge>271.0</mass-charge>
    </ei-ms-peak>
    <ei-ms-peak>
      <ei-ms-id>503</ei-ms-id>
      <id>56242</id>
      <intensity>254.0</intensity>
      <mass-charge>272.0</mass-charge>
    </ei-ms-peak>
    <ei-ms-peak>
      <ei-ms-id>503</ei-ms-id>
      <id>56243</id>
      <intensity>70.0</intensity>
      <mass-charge>273.0</mass-charge>
    </ei-ms-peak>
    <ei-ms-peak>
      <ei-ms-id>503</ei-ms-id>
      <id>56244</id>
      <intensity>87.0</intensity>
      <mass-charge>284.0</mass-charge>
    </ei-ms-peak>
    <ei-ms-peak>
      <ei-ms-id>503</ei-ms-id>
      <id>56245</id>
      <intensity>76.0</intensity>
      <mass-charge>285.0</mass-charge>
    </ei-ms-peak>
    <ei-ms-peak>
      <ei-ms-id>503</ei-ms-id>
      <id>56246</id>
      <intensity>9054.0</intensity>
      <mass-charge>286.0</mass-charge>
    </ei-ms-peak>
    <ei-ms-peak>
      <ei-ms-id>503</ei-ms-id>
      <id>56247</id>
      <intensity>9999.0</intensity>
      <mass-charge>287.0</mass-charge>
    </ei-ms-peak>
    <ei-ms-peak>
      <ei-ms-id>503</ei-ms-id>
      <id>56248</id>
      <intensity>1795.0</intensity>
      <mass-charge>288.0</mass-charge>
    </ei-ms-peak>
    <ei-ms-peak>
      <ei-ms-id>503</ei-ms-id>
      <id>56249</id>
      <intensity>209.0</intensity>
      <mass-charge>289.0</mass-charge>
    </ei-ms-peak>
    <ei-ms-peak>
      <ei-ms-id>503</ei-ms-id>
      <id>56250</id>
      <intensity>14.0</intensity>
      <mass-charge>290.0</mass-charge>
    </ei-ms-peak>
  </ei-ms-peaks>
</ei-ms>
