<?xml version="1.0" encoding="UTF-8"?>
<ei-ms>
  <collection-date nil="true"/>
  <created-at>2014-09-20T16:44:23Z</created-at>
  <database-id>HMDB15096</database-id>
  <id>1119</id>
  <inchi-key>INWLQCZOYSRPNW-UHFFFAOYSA-N</inchi-key>
  <instrument-type nil="true"/>
  <molecule-id nil="true"/>
  <notes nil="true"/>
  <peak-counter>57</peak-counter>
  <sample-assessment nil="true"/>
  <sample-concentration nil="true"/>
  <sample-concentration-units nil="true"/>
  <sample-mass nil="true"/>
  <sample-mass-units nil="true"/>
  <sample-source nil="true"/>
  <solvent nil="true"/>
  <spectra-assessment nil="true"/>
  <updated-at>2014-09-20T16:44:23Z</updated-at>
  <references>
    <reference>
      <database>NIST</database>
      <database-id>96-88-8</database-id>
      <id>15991</id>
      <pubmed-id nil="true"/>
      <ref-text>NIST Mass Spec Data Center, S.E. Stein, director, "Mass Spectra" in NIST Chemistry WebBook, NIST Standard Reference Database Number 69, Eds. P.J. Linstrom and W.G. Mallard, National Institute of Standards and Technology, Gaithersburg MD, 20899, http://webbook.nist.gov, (retrieved September 6, 2014).</ref-text>
      <spectra-id>1119</spectra-id>
      <spectra-type>EiMs</spectra-type>
    </reference>
  </references>
  <ei-ms-peaks>
    <ei-ms-peak>
      <ei-ms-id>1119</ei-ms-id>
      <id>120514</id>
      <intensity>25.0</intensity>
      <mass-charge>14.0</mass-charge>
    </ei-ms-peak>
    <ei-ms-peak>
      <ei-ms-id>1119</ei-ms-id>
      <id>120515</id>
      <intensity>84.0</intensity>
      <mass-charge>27.0</mass-charge>
    </ei-ms-peak>
    <ei-ms-peak>
      <ei-ms-id>1119</ei-ms-id>
      <id>120516</id>
      <intensity>286.0</intensity>
      <mass-charge>28.0</mass-charge>
    </ei-ms-peak>
    <ei-ms-peak>
      <ei-ms-id>1119</ei-ms-id>
      <id>120517</id>
      <intensity>65.0</intensity>
      <mass-charge>29.0</mass-charge>
    </ei-ms-peak>
    <ei-ms-peak>
      <ei-ms-id>1119</ei-ms-id>
      <id>120518</id>
      <intensity>66.0</intensity>
      <mass-charge>30.0</mass-charge>
    </ei-ms-peak>
    <ei-ms-peak>
      <ei-ms-id>1119</ei-ms-id>
      <id>120519</id>
      <intensity>47.0</intensity>
      <mass-charge>32.0</mass-charge>
    </ei-ms-peak>
    <ei-ms-peak>
      <ei-ms-id>1119</ei-ms-id>
      <id>120520</id>
      <intensity>172.0</intensity>
      <mass-charge>39.0</mass-charge>
    </ei-ms-peak>
    <ei-ms-peak>
      <ei-ms-id>1119</ei-ms-id>
      <id>120521</id>
      <intensity>45.0</intensity>
      <mass-charge>40.0</mass-charge>
    </ei-ms-peak>
    <ei-ms-peak>
      <ei-ms-id>1119</ei-ms-id>
      <id>120522</id>
      <intensity>255.0</intensity>
      <mass-charge>41.0</mass-charge>
    </ei-ms-peak>
    <ei-ms-peak>
      <ei-ms-id>1119</ei-ms-id>
      <id>120523</id>
      <intensity>986.0</intensity>
      <mass-charge>42.0</mass-charge>
    </ei-ms-peak>
    <ei-ms-peak>
      <ei-ms-id>1119</ei-ms-id>
      <id>120524</id>
      <intensity>78.0</intensity>
      <mass-charge>43.0</mass-charge>
    </ei-ms-peak>
    <ei-ms-peak>
      <ei-ms-id>1119</ei-ms-id>
      <id>120525</id>
      <intensity>225.0</intensity>
      <mass-charge>44.0</mass-charge>
    </ei-ms-peak>
    <ei-ms-peak>
      <ei-ms-id>1119</ei-ms-id>
      <id>120526</id>
      <intensity>22.0</intensity>
      <mass-charge>50.0</mass-charge>
    </ei-ms-peak>
    <ei-ms-peak>
      <ei-ms-id>1119</ei-ms-id>
      <id>120527</id>
      <intensity>85.0</intensity>
      <mass-charge>51.0</mass-charge>
    </ei-ms-peak>
    <ei-ms-peak>
      <ei-ms-id>1119</ei-ms-id>
      <id>120528</id>
      <intensity>63.0</intensity>
      <mass-charge>52.0</mass-charge>
    </ei-ms-peak>
    <ei-ms-peak>
      <ei-ms-id>1119</ei-ms-id>
      <id>120529</id>
      <intensity>106.0</intensity>
      <mass-charge>53.0</mass-charge>
    </ei-ms-peak>
    <ei-ms-peak>
      <ei-ms-id>1119</ei-ms-id>
      <id>120530</id>
      <intensity>93.0</intensity>
      <mass-charge>54.0</mass-charge>
    </ei-ms-peak>
    <ei-ms-peak>
      <ei-ms-id>1119</ei-ms-id>
      <id>120531</id>
      <intensity>264.0</intensity>
      <mass-charge>55.0</mass-charge>
    </ei-ms-peak>
    <ei-ms-peak>
      <ei-ms-id>1119</ei-ms-id>
      <id>120532</id>
      <intensity>124.0</intensity>
      <mass-charge>56.0</mass-charge>
    </ei-ms-peak>
    <ei-ms-peak>
      <ei-ms-id>1119</ei-ms-id>
      <id>120533</id>
      <intensity>77.0</intensity>
      <mass-charge>57.0</mass-charge>
    </ei-ms-peak>
    <ei-ms-peak>
      <ei-ms-id>1119</ei-ms-id>
      <id>120534</id>
      <intensity>41.0</intensity>
      <mass-charge>63.0</mass-charge>
    </ei-ms-peak>
    <ei-ms-peak>
      <ei-ms-id>1119</ei-ms-id>
      <id>120535</id>
      <intensity>151.0</intensity>
      <mass-charge>65.0</mass-charge>
    </ei-ms-peak>
    <ei-ms-peak>
      <ei-ms-id>1119</ei-ms-id>
      <id>120536</id>
      <intensity>32.0</intensity>
      <mass-charge>66.0</mass-charge>
    </ei-ms-peak>
    <ei-ms-peak>
      <ei-ms-id>1119</ei-ms-id>
      <id>120537</id>
      <intensity>78.0</intensity>
      <mass-charge>67.0</mass-charge>
    </ei-ms-peak>
    <ei-ms-peak>
      <ei-ms-id>1119</ei-ms-id>
      <id>120538</id>
      <intensity>278.0</intensity>
      <mass-charge>68.0</mass-charge>
    </ei-ms-peak>
    <ei-ms-peak>
      <ei-ms-id>1119</ei-ms-id>
      <id>120539</id>
      <intensity>32.0</intensity>
      <mass-charge>69.0</mass-charge>
    </ei-ms-peak>
    <ei-ms-peak>
      <ei-ms-id>1119</ei-ms-id>
      <id>120540</id>
      <intensity>1650.0</intensity>
      <mass-charge>70.0</mass-charge>
    </ei-ms-peak>
    <ei-ms-peak>
      <ei-ms-id>1119</ei-ms-id>
      <id>120541</id>
      <intensity>87.0</intensity>
      <mass-charge>71.0</mass-charge>
    </ei-ms-peak>
    <ei-ms-peak>
      <ei-ms-id>1119</ei-ms-id>
      <id>120542</id>
      <intensity>352.0</intensity>
      <mass-charge>77.0</mass-charge>
    </ei-ms-peak>
    <ei-ms-peak>
      <ei-ms-id>1119</ei-ms-id>
      <id>120543</id>
      <intensity>99.0</intensity>
      <mass-charge>78.0</mass-charge>
    </ei-ms-peak>
    <ei-ms-peak>
      <ei-ms-id>1119</ei-ms-id>
      <id>120544</id>
      <intensity>129.0</intensity>
      <mass-charge>79.0</mass-charge>
    </ei-ms-peak>
    <ei-ms-peak>
      <ei-ms-id>1119</ei-ms-id>
      <id>120545</id>
      <intensity>66.0</intensity>
      <mass-charge>80.0</mass-charge>
    </ei-ms-peak>
    <ei-ms-peak>
      <ei-ms-id>1119</ei-ms-id>
      <id>120546</id>
      <intensity>55.0</intensity>
      <mass-charge>81.0</mass-charge>
    </ei-ms-peak>
    <ei-ms-peak>
      <ei-ms-id>1119</ei-ms-id>
      <id>120547</id>
      <intensity>107.0</intensity>
      <mass-charge>82.0</mass-charge>
    </ei-ms-peak>
    <ei-ms-peak>
      <ei-ms-id>1119</ei-ms-id>
      <id>120548</id>
      <intensity>41.0</intensity>
      <mass-charge>83.0</mass-charge>
    </ei-ms-peak>
    <ei-ms-peak>
      <ei-ms-id>1119</ei-ms-id>
      <id>120549</id>
      <intensity>72.0</intensity>
      <mass-charge>84.0</mass-charge>
    </ei-ms-peak>
    <ei-ms-peak>
      <ei-ms-id>1119</ei-ms-id>
      <id>120550</id>
      <intensity>28.0</intensity>
      <mass-charge>89.0</mass-charge>
    </ei-ms-peak>
    <ei-ms-peak>
      <ei-ms-id>1119</ei-ms-id>
      <id>120551</id>
      <intensity>238.0</intensity>
      <mass-charge>91.0</mass-charge>
    </ei-ms-peak>
    <ei-ms-peak>
      <ei-ms-id>1119</ei-ms-id>
      <id>120552</id>
      <intensity>65.0</intensity>
      <mass-charge>92.0</mass-charge>
    </ei-ms-peak>
    <ei-ms-peak>
      <ei-ms-id>1119</ei-ms-id>
      <id>120553</id>
      <intensity>53.0</intensity>
      <mass-charge>93.0</mass-charge>
    </ei-ms-peak>
    <ei-ms-peak>
      <ei-ms-id>1119</ei-ms-id>
      <id>120554</id>
      <intensity>83.0</intensity>
      <mass-charge>94.0</mass-charge>
    </ei-ms-peak>
    <ei-ms-peak>
      <ei-ms-id>1119</ei-ms-id>
      <id>120555</id>
      <intensity>28.0</intensity>
      <mass-charge>95.0</mass-charge>
    </ei-ms-peak>
    <ei-ms-peak>
      <ei-ms-id>1119</ei-ms-id>
      <id>120556</id>
      <intensity>413.0</intensity>
      <mass-charge>96.0</mass-charge>
    </ei-ms-peak>
    <ei-ms-peak>
      <ei-ms-id>1119</ei-ms-id>
      <id>120557</id>
      <intensity>28.0</intensity>
      <mass-charge>97.0</mass-charge>
    </ei-ms-peak>
    <ei-ms-peak>
      <ei-ms-id>1119</ei-ms-id>
      <id>120558</id>
      <intensity>9999.0</intensity>
      <mass-charge>98.0</mass-charge>
    </ei-ms-peak>
    <ei-ms-peak>
      <ei-ms-id>1119</ei-ms-id>
      <id>120559</id>
      <intensity>678.0</intensity>
      <mass-charge>99.0</mass-charge>
    </ei-ms-peak>
    <ei-ms-peak>
      <ei-ms-id>1119</ei-ms-id>
      <id>120560</id>
      <intensity>85.0</intensity>
      <mass-charge>103.0</mass-charge>
    </ei-ms-peak>
    <ei-ms-peak>
      <ei-ms-id>1119</ei-ms-id>
      <id>120561</id>
      <intensity>59.0</intensity>
      <mass-charge>104.0</mass-charge>
    </ei-ms-peak>
    <ei-ms-peak>
      <ei-ms-id>1119</ei-ms-id>
      <id>120562</id>
      <intensity>98.0</intensity>
      <mass-charge>105.0</mass-charge>
    </ei-ms-peak>
    <ei-ms-peak>
      <ei-ms-id>1119</ei-ms-id>
      <id>120563</id>
      <intensity>45.0</intensity>
      <mass-charge>106.0</mass-charge>
    </ei-ms-peak>
    <ei-ms-peak>
      <ei-ms-id>1119</ei-ms-id>
      <id>120564</id>
      <intensity>27.0</intensity>
      <mass-charge>117.0</mass-charge>
    </ei-ms-peak>
    <ei-ms-peak>
      <ei-ms-id>1119</ei-ms-id>
      <id>120565</id>
      <intensity>69.0</intensity>
      <mass-charge>118.0</mass-charge>
    </ei-ms-peak>
    <ei-ms-peak>
      <ei-ms-id>1119</ei-ms-id>
      <id>120566</id>
      <intensity>44.0</intensity>
      <mass-charge>119.0</mass-charge>
    </ei-ms-peak>
    <ei-ms-peak>
      <ei-ms-id>1119</ei-ms-id>
      <id>120567</id>
      <intensity>114.0</intensity>
      <mass-charge>120.0</mass-charge>
    </ei-ms-peak>
    <ei-ms-peak>
      <ei-ms-id>1119</ei-ms-id>
      <id>120568</id>
      <intensity>42.0</intensity>
      <mass-charge>121.0</mass-charge>
    </ei-ms-peak>
    <ei-ms-peak>
      <ei-ms-id>1119</ei-ms-id>
      <id>120569</id>
      <intensity>27.0</intensity>
      <mass-charge>132.0</mass-charge>
    </ei-ms-peak>
    <ei-ms-peak>
      <ei-ms-id>1119</ei-ms-id>
      <id>120570</id>
      <intensity>28.0</intensity>
      <mass-charge>148.0</mass-charge>
    </ei-ms-peak>
  </ei-ms-peaks>
</ei-ms>
