<?xml version="1.0" encoding="UTF-8"?>
<ei-ms>
  <collection-date nil="true"/>
  <created-at>2014-09-20T16:41:04Z</created-at>
  <database-id>HMDB00792</database-id>
  <id>981</id>
  <inchi-key>CXMXRPHRNRROMY-UHFFFAOYSA-N</inchi-key>
  <instrument-type nil="true"/>
  <molecule-id nil="true"/>
  <notes nil="true"/>
  <peak-counter>97</peak-counter>
  <sample-assessment nil="true"/>
  <sample-concentration nil="true"/>
  <sample-concentration-units nil="true"/>
  <sample-mass nil="true"/>
  <sample-mass-units nil="true"/>
  <sample-source nil="true"/>
  <solvent nil="true"/>
  <spectra-assessment nil="true"/>
  <updated-at>2014-09-20T16:41:04Z</updated-at>
  <references>
    <reference>
      <database>NIST</database>
      <database-id>111-20-6</database-id>
      <id>15853</id>
      <pubmed-id nil="true"/>
      <ref-text>NIST Mass Spec Data Center, S.E. Stein, director, "Mass Spectra" in NIST Chemistry WebBook, NIST Standard Reference Database Number 69, Eds. P.J. Linstrom and W.G. Mallard, National Institute of Standards and Technology, Gaithersburg MD, 20899, http://webbook.nist.gov, (retrieved September 6, 2014).</ref-text>
      <spectra-id>981</spectra-id>
      <spectra-type>EiMs</spectra-type>
    </reference>
  </references>
  <ei-ms-peaks>
    <ei-ms-peak>
      <ei-ms-id>981</ei-ms-id>
      <id>106306</id>
      <intensity>175.0</intensity>
      <mass-charge>14.0</mass-charge>
    </ei-ms-peak>
    <ei-ms-peak>
      <ei-ms-id>981</ei-ms-id>
      <id>106307</id>
      <intensity>114.0</intensity>
      <mass-charge>15.0</mass-charge>
    </ei-ms-peak>
    <ei-ms-peak>
      <ei-ms-id>981</ei-ms-id>
      <id>106308</id>
      <intensity>182.0</intensity>
      <mass-charge>26.0</mass-charge>
    </ei-ms-peak>
    <ei-ms-peak>
      <ei-ms-id>981</ei-ms-id>
      <id>106309</id>
      <intensity>1971.0</intensity>
      <mass-charge>27.0</mass-charge>
    </ei-ms-peak>
    <ei-ms-peak>
      <ei-ms-id>981</ei-ms-id>
      <id>106310</id>
      <intensity>610.0</intensity>
      <mass-charge>28.0</mass-charge>
    </ei-ms-peak>
    <ei-ms-peak>
      <ei-ms-id>981</ei-ms-id>
      <id>106311</id>
      <intensity>1969.0</intensity>
      <mass-charge>29.0</mass-charge>
    </ei-ms-peak>
    <ei-ms-peak>
      <ei-ms-id>981</ei-ms-id>
      <id>106312</id>
      <intensity>153.0</intensity>
      <mass-charge>30.0</mass-charge>
    </ei-ms-peak>
    <ei-ms-peak>
      <ei-ms-id>981</ei-ms-id>
      <id>106313</id>
      <intensity>426.0</intensity>
      <mass-charge>31.0</mass-charge>
    </ei-ms-peak>
    <ei-ms-peak>
      <ei-ms-id>981</ei-ms-id>
      <id>106314</id>
      <intensity>2380.0</intensity>
      <mass-charge>39.0</mass-charge>
    </ei-ms-peak>
    <ei-ms-peak>
      <ei-ms-id>981</ei-ms-id>
      <id>106315</id>
      <intensity>695.0</intensity>
      <mass-charge>40.0</mass-charge>
    </ei-ms-peak>
    <ei-ms-peak>
      <ei-ms-id>981</ei-ms-id>
      <id>106316</id>
      <intensity>5410.0</intensity>
      <mass-charge>41.0</mass-charge>
    </ei-ms-peak>
    <ei-ms-peak>
      <ei-ms-id>981</ei-ms-id>
      <id>106317</id>
      <intensity>2047.0</intensity>
      <mass-charge>42.0</mass-charge>
    </ei-ms-peak>
    <ei-ms-peak>
      <ei-ms-id>981</ei-ms-id>
      <id>106318</id>
      <intensity>2518.0</intensity>
      <mass-charge>43.0</mass-charge>
    </ei-ms-peak>
    <ei-ms-peak>
      <ei-ms-id>981</ei-ms-id>
      <id>106319</id>
      <intensity>241.0</intensity>
      <mass-charge>44.0</mass-charge>
    </ei-ms-peak>
    <ei-ms-peak>
      <ei-ms-id>981</ei-ms-id>
      <id>106320</id>
      <intensity>3447.0</intensity>
      <mass-charge>45.0</mass-charge>
    </ei-ms-peak>
    <ei-ms-peak>
      <ei-ms-id>981</ei-ms-id>
      <id>106321</id>
      <intensity>130.0</intensity>
      <mass-charge>47.0</mass-charge>
    </ei-ms-peak>
    <ei-ms-peak>
      <ei-ms-id>981</ei-ms-id>
      <id>106322</id>
      <intensity>190.0</intensity>
      <mass-charge>51.0</mass-charge>
    </ei-ms-peak>
    <ei-ms-peak>
      <ei-ms-id>981</ei-ms-id>
      <id>106323</id>
      <intensity>189.0</intensity>
      <mass-charge>52.0</mass-charge>
    </ei-ms-peak>
    <ei-ms-peak>
      <ei-ms-id>981</ei-ms-id>
      <id>106324</id>
      <intensity>944.0</intensity>
      <mass-charge>53.0</mass-charge>
    </ei-ms-peak>
    <ei-ms-peak>
      <ei-ms-id>981</ei-ms-id>
      <id>106325</id>
      <intensity>130.0</intensity>
      <mass-charge>54.0</mass-charge>
    </ei-ms-peak>
    <ei-ms-peak>
      <ei-ms-id>981</ei-ms-id>
      <id>106326</id>
      <intensity>9823.0</intensity>
      <mass-charge>55.0</mass-charge>
    </ei-ms-peak>
    <ei-ms-peak>
      <ei-ms-id>981</ei-ms-id>
      <id>106327</id>
      <intensity>970.0</intensity>
      <mass-charge>56.0</mass-charge>
    </ei-ms-peak>
    <ei-ms-peak>
      <ei-ms-id>981</ei-ms-id>
      <id>106328</id>
      <intensity>873.0</intensity>
      <mass-charge>57.0</mass-charge>
    </ei-ms-peak>
    <ei-ms-peak>
      <ei-ms-id>981</ei-ms-id>
      <id>106329</id>
      <intensity>191.0</intensity>
      <mass-charge>58.0</mass-charge>
    </ei-ms-peak>
    <ei-ms-peak>
      <ei-ms-id>981</ei-ms-id>
      <id>106330</id>
      <intensity>896.0</intensity>
      <mass-charge>59.0</mass-charge>
    </ei-ms-peak>
    <ei-ms-peak>
      <ei-ms-id>981</ei-ms-id>
      <id>106331</id>
      <intensity>5797.0</intensity>
      <mass-charge>60.0</mass-charge>
    </ei-ms-peak>
    <ei-ms-peak>
      <ei-ms-id>981</ei-ms-id>
      <id>106332</id>
      <intensity>349.0</intensity>
      <mass-charge>61.0</mass-charge>
    </ei-ms-peak>
    <ei-ms-peak>
      <ei-ms-id>981</ei-ms-id>
      <id>106333</id>
      <intensity>214.0</intensity>
      <mass-charge>65.0</mass-charge>
    </ei-ms-peak>
    <ei-ms-peak>
      <ei-ms-id>981</ei-ms-id>
      <id>106334</id>
      <intensity>232.0</intensity>
      <mass-charge>66.0</mass-charge>
    </ei-ms-peak>
    <ei-ms-peak>
      <ei-ms-id>981</ei-ms-id>
      <id>106335</id>
      <intensity>1323.0</intensity>
      <mass-charge>67.0</mass-charge>
    </ei-ms-peak>
    <ei-ms-peak>
      <ei-ms-id>981</ei-ms-id>
      <id>106336</id>
      <intensity>1201.0</intensity>
      <mass-charge>68.0</mass-charge>
    </ei-ms-peak>
    <ei-ms-peak>
      <ei-ms-id>981</ei-ms-id>
      <id>106337</id>
      <intensity>3353.0</intensity>
      <mass-charge>69.0</mass-charge>
    </ei-ms-peak>
    <ei-ms-peak>
      <ei-ms-id>981</ei-ms-id>
      <id>106338</id>
      <intensity>810.0</intensity>
      <mass-charge>70.0</mass-charge>
    </ei-ms-peak>
    <ei-ms-peak>
      <ei-ms-id>981</ei-ms-id>
      <id>106339</id>
      <intensity>465.0</intensity>
      <mass-charge>71.0</mass-charge>
    </ei-ms-peak>
    <ei-ms-peak>
      <ei-ms-id>981</ei-ms-id>
      <id>106340</id>
      <intensity>191.0</intensity>
      <mass-charge>72.0</mass-charge>
    </ei-ms-peak>
    <ei-ms-peak>
      <ei-ms-id>981</ei-ms-id>
      <id>106341</id>
      <intensity>3404.0</intensity>
      <mass-charge>73.0</mass-charge>
    </ei-ms-peak>
    <ei-ms-peak>
      <ei-ms-id>981</ei-ms-id>
      <id>106342</id>
      <intensity>659.0</intensity>
      <mass-charge>74.0</mass-charge>
    </ei-ms-peak>
    <ei-ms-peak>
      <ei-ms-id>981</ei-ms-id>
      <id>106343</id>
      <intensity>230.0</intensity>
      <mass-charge>75.0</mass-charge>
    </ei-ms-peak>
    <ei-ms-peak>
      <ei-ms-id>981</ei-ms-id>
      <id>106344</id>
      <intensity>214.0</intensity>
      <mass-charge>76.0</mass-charge>
    </ei-ms-peak>
    <ei-ms-peak>
      <ei-ms-id>981</ei-ms-id>
      <id>106345</id>
      <intensity>479.0</intensity>
      <mass-charge>77.0</mass-charge>
    </ei-ms-peak>
    <ei-ms-peak>
      <ei-ms-id>981</ei-ms-id>
      <id>106346</id>
      <intensity>191.0</intensity>
      <mass-charge>78.0</mass-charge>
    </ei-ms-peak>
    <ei-ms-peak>
      <ei-ms-id>981</ei-ms-id>
      <id>106347</id>
      <intensity>1016.0</intensity>
      <mass-charge>79.0</mass-charge>
    </ei-ms-peak>
    <ei-ms-peak>
      <ei-ms-id>981</ei-ms-id>
      <id>106348</id>
      <intensity>1005.0</intensity>
      <mass-charge>80.0</mass-charge>
    </ei-ms-peak>
    <ei-ms-peak>
      <ei-ms-id>981</ei-ms-id>
      <id>106349</id>
      <intensity>1340.0</intensity>
      <mass-charge>81.0</mass-charge>
    </ei-ms-peak>
    <ei-ms-peak>
      <ei-ms-id>981</ei-ms-id>
      <id>106350</id>
      <intensity>862.0</intensity>
      <mass-charge>82.0</mass-charge>
    </ei-ms-peak>
    <ei-ms-peak>
      <ei-ms-id>981</ei-ms-id>
      <id>106351</id>
      <intensity>4517.0</intensity>
      <mass-charge>83.0</mass-charge>
    </ei-ms-peak>
    <ei-ms-peak>
      <ei-ms-id>981</ei-ms-id>
      <id>106352</id>
      <intensity>5161.0</intensity>
      <mass-charge>84.0</mass-charge>
    </ei-ms-peak>
    <ei-ms-peak>
      <ei-ms-id>981</ei-ms-id>
      <id>106353</id>
      <intensity>740.0</intensity>
      <mass-charge>85.0</mass-charge>
    </ei-ms-peak>
    <ei-ms-peak>
      <ei-ms-id>981</ei-ms-id>
      <id>106354</id>
      <intensity>207.0</intensity>
      <mass-charge>86.0</mass-charge>
    </ei-ms-peak>
    <ei-ms-peak>
      <ei-ms-id>981</ei-ms-id>
      <id>106355</id>
      <intensity>994.0</intensity>
      <mass-charge>87.0</mass-charge>
    </ei-ms-peak>
    <ei-ms-peak>
      <ei-ms-id>981</ei-ms-id>
      <id>106356</id>
      <intensity>202.0</intensity>
      <mass-charge>91.0</mass-charge>
    </ei-ms-peak>
    <ei-ms-peak>
      <ei-ms-id>981</ei-ms-id>
      <id>106357</id>
      <intensity>440.0</intensity>
      <mass-charge>93.0</mass-charge>
    </ei-ms-peak>
    <ei-ms-peak>
      <ei-ms-id>981</ei-ms-id>
      <id>106358</id>
      <intensity>685.0</intensity>
      <mass-charge>94.0</mass-charge>
    </ei-ms-peak>
    <ei-ms-peak>
      <ei-ms-id>981</ei-ms-id>
      <id>106359</id>
      <intensity>989.0</intensity>
      <mass-charge>95.0</mass-charge>
    </ei-ms-peak>
    <ei-ms-peak>
      <ei-ms-id>981</ei-ms-id>
      <id>106360</id>
      <intensity>1127.0</intensity>
      <mass-charge>96.0</mass-charge>
    </ei-ms-peak>
    <ei-ms-peak>
      <ei-ms-id>981</ei-ms-id>
      <id>106361</id>
      <intensity>4750.0</intensity>
      <mass-charge>97.0</mass-charge>
    </ei-ms-peak>
    <ei-ms-peak>
      <ei-ms-id>981</ei-ms-id>
      <id>106362</id>
      <intensity>9999.0</intensity>
      <mass-charge>98.0</mass-charge>
    </ei-ms-peak>
    <ei-ms-peak>
      <ei-ms-id>981</ei-ms-id>
      <id>106363</id>
      <intensity>1056.0</intensity>
      <mass-charge>99.0</mass-charge>
    </ei-ms-peak>
    <ei-ms-peak>
      <ei-ms-id>981</ei-ms-id>
      <id>106364</id>
      <intensity>372.0</intensity>
      <mass-charge>100.0</mass-charge>
    </ei-ms-peak>
    <ei-ms-peak>
      <ei-ms-id>981</ei-ms-id>
      <id>106365</id>
      <intensity>771.0</intensity>
      <mass-charge>101.0</mass-charge>
    </ei-ms-peak>
    <ei-ms-peak>
      <ei-ms-id>981</ei-ms-id>
      <id>106366</id>
      <intensity>144.0</intensity>
      <mass-charge>102.0</mass-charge>
    </ei-ms-peak>
    <ei-ms-peak>
      <ei-ms-id>981</ei-ms-id>
      <id>106367</id>
      <intensity>118.0</intensity>
      <mass-charge>104.0</mass-charge>
    </ei-ms-peak>
    <ei-ms-peak>
      <ei-ms-id>981</ei-ms-id>
      <id>106368</id>
      <intensity>205.0</intensity>
      <mass-charge>105.0</mass-charge>
    </ei-ms-peak>
    <ei-ms-peak>
      <ei-ms-id>981</ei-ms-id>
      <id>106369</id>
      <intensity>225.0</intensity>
      <mass-charge>106.0</mass-charge>
    </ei-ms-peak>
    <ei-ms-peak>
      <ei-ms-id>981</ei-ms-id>
      <id>106370</id>
      <intensity>1082.0</intensity>
      <mass-charge>107.0</mass-charge>
    </ei-ms-peak>
    <ei-ms-peak>
      <ei-ms-id>981</ei-ms-id>
      <id>106371</id>
      <intensity>204.0</intensity>
      <mass-charge>108.0</mass-charge>
    </ei-ms-peak>
    <ei-ms-peak>
      <ei-ms-id>981</ei-ms-id>
      <id>106372</id>
      <intensity>616.0</intensity>
      <mass-charge>109.0</mass-charge>
    </ei-ms-peak>
    <ei-ms-peak>
      <ei-ms-id>981</ei-ms-id>
      <id>106373</id>
      <intensity>1210.0</intensity>
      <mass-charge>110.0</mass-charge>
    </ei-ms-peak>
    <ei-ms-peak>
      <ei-ms-id>981</ei-ms-id>
      <id>106374</id>
      <intensity>777.0</intensity>
      <mass-charge>111.0</mass-charge>
    </ei-ms-peak>
    <ei-ms-peak>
      <ei-ms-id>981</ei-ms-id>
      <id>106375</id>
      <intensity>902.0</intensity>
      <mass-charge>112.0</mass-charge>
    </ei-ms-peak>
    <ei-ms-peak>
      <ei-ms-id>981</ei-ms-id>
      <id>106376</id>
      <intensity>269.0</intensity>
      <mass-charge>113.0</mass-charge>
    </ei-ms-peak>
    <ei-ms-peak>
      <ei-ms-id>981</ei-ms-id>
      <id>106377</id>
      <intensity>235.0</intensity>
      <mass-charge>114.0</mass-charge>
    </ei-ms-peak>
    <ei-ms-peak>
      <ei-ms-id>981</ei-ms-id>
      <id>106378</id>
      <intensity>543.0</intensity>
      <mass-charge>115.0</mass-charge>
    </ei-ms-peak>
    <ei-ms-peak>
      <ei-ms-id>981</ei-ms-id>
      <id>106379</id>
      <intensity>112.0</intensity>
      <mass-charge>116.0</mass-charge>
    </ei-ms-peak>
    <ei-ms-peak>
      <ei-ms-id>981</ei-ms-id>
      <id>106380</id>
      <intensity>236.0</intensity>
      <mass-charge>119.0</mass-charge>
    </ei-ms-peak>
    <ei-ms-peak>
      <ei-ms-id>981</ei-ms-id>
      <id>106381</id>
      <intensity>365.0</intensity>
      <mass-charge>120.0</mass-charge>
    </ei-ms-peak>
    <ei-ms-peak>
      <ei-ms-id>981</ei-ms-id>
      <id>106382</id>
      <intensity>511.0</intensity>
      <mass-charge>121.0</mass-charge>
    </ei-ms-peak>
    <ei-ms-peak>
      <ei-ms-id>981</ei-ms-id>
      <id>106383</id>
      <intensity>237.0</intensity>
      <mass-charge>122.0</mass-charge>
    </ei-ms-peak>
    <ei-ms-peak>
      <ei-ms-id>981</ei-ms-id>
      <id>106384</id>
      <intensity>370.0</intensity>
      <mass-charge>123.0</mass-charge>
    </ei-ms-peak>
    <ei-ms-peak>
      <ei-ms-id>981</ei-ms-id>
      <id>106385</id>
      <intensity>687.0</intensity>
      <mass-charge>124.0</mass-charge>
    </ei-ms-peak>
    <ei-ms-peak>
      <ei-ms-id>981</ei-ms-id>
      <id>106386</id>
      <intensity>4097.0</intensity>
      <mass-charge>125.0</mass-charge>
    </ei-ms-peak>
    <ei-ms-peak>
      <ei-ms-id>981</ei-ms-id>
      <id>106387</id>
      <intensity>482.0</intensity>
      <mass-charge>126.0</mass-charge>
    </ei-ms-peak>
    <ei-ms-peak>
      <ei-ms-id>981</ei-ms-id>
      <id>106388</id>
      <intensity>232.0</intensity>
      <mass-charge>128.0</mass-charge>
    </ei-ms-peak>
    <ei-ms-peak>
      <ei-ms-id>981</ei-ms-id>
      <id>106389</id>
      <intensity>698.0</intensity>
      <mass-charge>129.0</mass-charge>
    </ei-ms-peak>
    <ei-ms-peak>
      <ei-ms-id>981</ei-ms-id>
      <id>106390</id>
      <intensity>225.0</intensity>
      <mass-charge>130.0</mass-charge>
    </ei-ms-peak>
    <ei-ms-peak>
      <ei-ms-id>981</ei-ms-id>
      <id>106391</id>
      <intensity>166.0</intensity>
      <mass-charge>131.0</mass-charge>
    </ei-ms-peak>
    <ei-ms-peak>
      <ei-ms-id>981</ei-ms-id>
      <id>106392</id>
      <intensity>575.0</intensity>
      <mass-charge>137.0</mass-charge>
    </ei-ms-peak>
    <ei-ms-peak>
      <ei-ms-id>981</ei-ms-id>
      <id>106393</id>
      <intensity>4555.0</intensity>
      <mass-charge>138.0</mass-charge>
    </ei-ms-peak>
    <ei-ms-peak>
      <ei-ms-id>981</ei-ms-id>
      <id>106394</id>
      <intensity>584.0</intensity>
      <mass-charge>139.0</mass-charge>
    </ei-ms-peak>
    <ei-ms-peak>
      <ei-ms-id>981</ei-ms-id>
      <id>106395</id>
      <intensity>395.0</intensity>
      <mass-charge>140.0</mass-charge>
    </ei-ms-peak>
    <ei-ms-peak>
      <ei-ms-id>981</ei-ms-id>
      <id>106396</id>
      <intensity>385.0</intensity>
      <mass-charge>143.0</mass-charge>
    </ei-ms-peak>
    <ei-ms-peak>
      <ei-ms-id>981</ei-ms-id>
      <id>106397</id>
      <intensity>609.0</intensity>
      <mass-charge>148.0</mass-charge>
    </ei-ms-peak>
    <ei-ms-peak>
      <ei-ms-id>981</ei-ms-id>
      <id>106398</id>
      <intensity>64.0</intensity>
      <mass-charge>149.0</mass-charge>
    </ei-ms-peak>
    <ei-ms-peak>
      <ei-ms-id>981</ei-ms-id>
      <id>106399</id>
      <intensity>2855.0</intensity>
      <mass-charge>166.0</mass-charge>
    </ei-ms-peak>
    <ei-ms-peak>
      <ei-ms-id>981</ei-ms-id>
      <id>106400</id>
      <intensity>240.0</intensity>
      <mass-charge>167.0</mass-charge>
    </ei-ms-peak>
    <ei-ms-peak>
      <ei-ms-id>981</ei-ms-id>
      <id>106401</id>
      <intensity>246.0</intensity>
      <mass-charge>171.0</mass-charge>
    </ei-ms-peak>
    <ei-ms-peak>
      <ei-ms-id>981</ei-ms-id>
      <id>106402</id>
      <intensity>575.0</intensity>
      <mass-charge>185.0</mass-charge>
    </ei-ms-peak>
  </ei-ms-peaks>
</ei-ms>
