<?xml version="1.0" encoding="UTF-8"?>
<ei-ms>
  <collection-date nil="true"/>
  <created-at>2014-09-20T16:28:53Z</created-at>
  <database-id>HMDB41988</database-id>
  <id>470</id>
  <inchi-key>MFZOSKPPVCIFMT-UHFFFAOYSA-N</inchi-key>
  <instrument-type nil="true"/>
  <molecule-id nil="true"/>
  <notes nil="true"/>
  <peak-counter>59</peak-counter>
  <sample-assessment nil="true"/>
  <sample-concentration nil="true"/>
  <sample-concentration-units nil="true"/>
  <sample-mass nil="true"/>
  <sample-mass-units nil="true"/>
  <sample-source nil="true"/>
  <solvent nil="true"/>
  <spectra-assessment nil="true"/>
  <updated-at>2014-09-20T16:28:53Z</updated-at>
  <references>
    <reference>
      <database>NIST</database>
      <database-id>52463-83-9</database-id>
      <id>15342</id>
      <pubmed-id nil="true"/>
      <ref-text>NIST Mass Spec Data Center, S.E. Stein, director, "Mass Spectra" in NIST Chemistry WebBook, NIST Standard Reference Database Number 69, Eds. P.J. Linstrom and W.G. Mallard, National Institute of Standards and Technology, Gaithersburg MD, 20899, http://webbook.nist.gov, (retrieved September 6, 2014).</ref-text>
      <spectra-id>470</spectra-id>
      <spectra-type>EiMs</spectra-type>
    </reference>
  </references>
  <ei-ms-peaks>
    <ei-ms-peak>
      <ei-ms-id>470</ei-ms-id>
      <id>52364</id>
      <intensity>680.0</intensity>
      <mass-charge>63.0</mass-charge>
    </ei-ms-peak>
    <ei-ms-peak>
      <ei-ms-id>470</ei-ms-id>
      <id>52365</id>
      <intensity>1000.0</intensity>
      <mass-charge>65.0</mass-charge>
    </ei-ms-peak>
    <ei-ms-peak>
      <ei-ms-id>470</ei-ms-id>
      <id>52366</id>
      <intensity>1000.0</intensity>
      <mass-charge>75.0</mass-charge>
    </ei-ms-peak>
    <ei-ms-peak>
      <ei-ms-id>470</ei-ms-id>
      <id>52367</id>
      <intensity>670.0</intensity>
      <mass-charge>76.0</mass-charge>
    </ei-ms-peak>
    <ei-ms-peak>
      <ei-ms-id>470</ei-ms-id>
      <id>52368</id>
      <intensity>1570.0</intensity>
      <mass-charge>77.0</mass-charge>
    </ei-ms-peak>
    <ei-ms-peak>
      <ei-ms-id>470</ei-ms-id>
      <id>52369</id>
      <intensity>1120.0</intensity>
      <mass-charge>89.0</mass-charge>
    </ei-ms-peak>
    <ei-ms-peak>
      <ei-ms-id>470</ei-ms-id>
      <id>52370</id>
      <intensity>400.0</intensity>
      <mass-charge>90.0</mass-charge>
    </ei-ms-peak>
    <ei-ms-peak>
      <ei-ms-id>470</ei-ms-id>
      <id>52371</id>
      <intensity>3700.0</intensity>
      <mass-charge>91.0</mass-charge>
    </ei-ms-peak>
    <ei-ms-peak>
      <ei-ms-id>470</ei-ms-id>
      <id>52372</id>
      <intensity>350.0</intensity>
      <mass-charge>92.0</mass-charge>
    </ei-ms-peak>
    <ei-ms-peak>
      <ei-ms-id>470</ei-ms-id>
      <id>52373</id>
      <intensity>350.0</intensity>
      <mass-charge>100.0</mass-charge>
    </ei-ms-peak>
    <ei-ms-peak>
      <ei-ms-id>470</ei-ms-id>
      <id>52374</id>
      <intensity>680.0</intensity>
      <mass-charge>102.0</mass-charge>
    </ei-ms-peak>
    <ei-ms-peak>
      <ei-ms-id>470</ei-ms-id>
      <id>52375</id>
      <intensity>400.0</intensity>
      <mass-charge>103.0</mass-charge>
    </ei-ms-peak>
    <ei-ms-peak>
      <ei-ms-id>470</ei-ms-id>
      <id>52376</id>
      <intensity>450.0</intensity>
      <mass-charge>111.0</mass-charge>
    </ei-ms-peak>
    <ei-ms-peak>
      <ei-ms-id>470</ei-ms-id>
      <id>52377</id>
      <intensity>560.0</intensity>
      <mass-charge>115.0</mass-charge>
    </ei-ms-peak>
    <ei-ms-peak>
      <ei-ms-id>470</ei-ms-id>
      <id>52378</id>
      <intensity>560.0</intensity>
      <mass-charge>116.0</mass-charge>
    </ei-ms-peak>
    <ei-ms-peak>
      <ei-ms-id>470</ei-ms-id>
      <id>52379</id>
      <intensity>400.0</intensity>
      <mass-charge>149.0</mass-charge>
    </ei-ms-peak>
    <ei-ms-peak>
      <ei-ms-id>470</ei-ms-id>
      <id>52380</id>
      <intensity>900.0</intensity>
      <mass-charge>151.0</mass-charge>
    </ei-ms-peak>
    <ei-ms-peak>
      <ei-ms-id>470</ei-ms-id>
      <id>52381</id>
      <intensity>680.0</intensity>
      <mass-charge>152.0</mass-charge>
    </ei-ms-peak>
    <ei-ms-peak>
      <ei-ms-id>470</ei-ms-id>
      <id>52382</id>
      <intensity>620.0</intensity>
      <mass-charge>159.0</mass-charge>
    </ei-ms-peak>
    <ei-ms-peak>
      <ei-ms-id>470</ei-ms-id>
      <id>52383</id>
      <intensity>1070.0</intensity>
      <mass-charge>163.0</mass-charge>
    </ei-ms-peak>
    <ei-ms-peak>
      <ei-ms-id>470</ei-ms-id>
      <id>52384</id>
      <intensity>450.0</intensity>
      <mass-charge>164.0</mass-charge>
    </ei-ms-peak>
    <ei-ms-peak>
      <ei-ms-id>470</ei-ms-id>
      <id>52385</id>
      <intensity>900.0</intensity>
      <mass-charge>165.0</mass-charge>
    </ei-ms-peak>
    <ei-ms-peak>
      <ei-ms-id>470</ei-ms-id>
      <id>52386</id>
      <intensity>400.0</intensity>
      <mass-charge>166.0</mass-charge>
    </ei-ms-peak>
    <ei-ms-peak>
      <ei-ms-id>470</ei-ms-id>
      <id>52387</id>
      <intensity>500.0</intensity>
      <mass-charge>176.0</mass-charge>
    </ei-ms-peak>
    <ei-ms-peak>
      <ei-ms-id>470</ei-ms-id>
      <id>52388</id>
      <intensity>1000.0</intensity>
      <mass-charge>177.0</mass-charge>
    </ei-ms-peak>
    <ei-ms-peak>
      <ei-ms-id>470</ei-ms-id>
      <id>52389</id>
      <intensity>850.0</intensity>
      <mass-charge>178.0</mass-charge>
    </ei-ms-peak>
    <ei-ms-peak>
      <ei-ms-id>470</ei-ms-id>
      <id>52390</id>
      <intensity>450.0</intensity>
      <mass-charge>179.0</mass-charge>
    </ei-ms-peak>
    <ei-ms-peak>
      <ei-ms-id>470</ei-ms-id>
      <id>52391</id>
      <intensity>1400.0</intensity>
      <mass-charge>205.0</mass-charge>
    </ei-ms-peak>
    <ei-ms-peak>
      <ei-ms-id>470</ei-ms-id>
      <id>52392</id>
      <intensity>560.0</intensity>
      <mass-charge>206.0</mass-charge>
    </ei-ms-peak>
    <ei-ms-peak>
      <ei-ms-id>470</ei-ms-id>
      <id>52393</id>
      <intensity>560.0</intensity>
      <mass-charge>213.0</mass-charge>
    </ei-ms-peak>
    <ei-ms-peak>
      <ei-ms-id>470</ei-ms-id>
      <id>52394</id>
      <intensity>450.0</intensity>
      <mass-charge>214.0</mass-charge>
    </ei-ms-peak>
    <ei-ms-peak>
      <ei-ms-id>470</ei-ms-id>
      <id>52395</id>
      <intensity>350.0</intensity>
      <mass-charge>215.0</mass-charge>
    </ei-ms-peak>
    <ei-ms-peak>
      <ei-ms-id>470</ei-ms-id>
      <id>52396</id>
      <intensity>900.0</intensity>
      <mass-charge>216.0</mass-charge>
    </ei-ms-peak>
    <ei-ms-peak>
      <ei-ms-id>470</ei-ms-id>
      <id>52397</id>
      <intensity>1690.0</intensity>
      <mass-charge>217.0</mass-charge>
    </ei-ms-peak>
    <ei-ms-peak>
      <ei-ms-id>470</ei-ms-id>
      <id>52398</id>
      <intensity>400.0</intensity>
      <mass-charge>218.0</mass-charge>
    </ei-ms-peak>
    <ei-ms-peak>
      <ei-ms-id>470</ei-ms-id>
      <id>52399</id>
      <intensity>1120.0</intensity>
      <mass-charge>239.0</mass-charge>
    </ei-ms-peak>
    <ei-ms-peak>
      <ei-ms-id>470</ei-ms-id>
      <id>52400</id>
      <intensity>500.0</intensity>
      <mass-charge>240.0</mass-charge>
    </ei-ms-peak>
    <ei-ms-peak>
      <ei-ms-id>470</ei-ms-id>
      <id>52401</id>
      <intensity>1850.0</intensity>
      <mass-charge>241.0</mass-charge>
    </ei-ms-peak>
    <ei-ms-peak>
      <ei-ms-id>470</ei-ms-id>
      <id>52402</id>
      <intensity>560.0</intensity>
      <mass-charge>242.0</mass-charge>
    </ei-ms-peak>
    <ei-ms-peak>
      <ei-ms-id>470</ei-ms-id>
      <id>52403</id>
      <intensity>840.0</intensity>
      <mass-charge>243.0</mass-charge>
    </ei-ms-peak>
    <ei-ms-peak>
      <ei-ms-id>470</ei-ms-id>
      <id>52404</id>
      <intensity>500.0</intensity>
      <mass-charge>244.0</mass-charge>
    </ei-ms-peak>
    <ei-ms-peak>
      <ei-ms-id>470</ei-ms-id>
      <id>52405</id>
      <intensity>790.0</intensity>
      <mass-charge>245.0</mass-charge>
    </ei-ms-peak>
    <ei-ms-peak>
      <ei-ms-id>470</ei-ms-id>
      <id>52406</id>
      <intensity>450.0</intensity>
      <mass-charge>251.0</mass-charge>
    </ei-ms-peak>
    <ei-ms-peak>
      <ei-ms-id>470</ei-ms-id>
      <id>52407</id>
      <intensity>500.0</intensity>
      <mass-charge>252.0</mass-charge>
    </ei-ms-peak>
    <ei-ms-peak>
      <ei-ms-id>470</ei-ms-id>
      <id>52408</id>
      <intensity>1460.0</intensity>
      <mass-charge>268.0</mass-charge>
    </ei-ms-peak>
    <ei-ms-peak>
      <ei-ms-id>470</ei-ms-id>
      <id>52409</id>
      <intensity>950.0</intensity>
      <mass-charge>269.0</mass-charge>
    </ei-ms-peak>
    <ei-ms-peak>
      <ei-ms-id>470</ei-ms-id>
      <id>52410</id>
      <intensity>730.0</intensity>
      <mass-charge>270.0</mass-charge>
    </ei-ms-peak>
    <ei-ms-peak>
      <ei-ms-id>470</ei-ms-id>
      <id>52411</id>
      <intensity>360.0</intensity>
      <mass-charge>272.0</mass-charge>
    </ei-ms-peak>
    <ei-ms-peak>
      <ei-ms-id>470</ei-ms-id>
      <id>52412</id>
      <intensity>450.0</intensity>
      <mass-charge>273.0</mass-charge>
    </ei-ms-peak>
    <ei-ms-peak>
      <ei-ms-id>470</ei-ms-id>
      <id>52413</id>
      <intensity>2600.0</intensity>
      <mass-charge>279.0</mass-charge>
    </ei-ms-peak>
    <ei-ms-peak>
      <ei-ms-id>470</ei-ms-id>
      <id>52414</id>
      <intensity>9999.0</intensity>
      <mass-charge>280.0</mass-charge>
    </ei-ms-peak>
    <ei-ms-peak>
      <ei-ms-id>470</ei-ms-id>
      <id>52415</id>
      <intensity>4170.0</intensity>
      <mass-charge>281.0</mass-charge>
    </ei-ms-peak>
    <ei-ms-peak>
      <ei-ms-id>470</ei-ms-id>
      <id>52416</id>
      <intensity>3700.0</intensity>
      <mass-charge>282.0</mass-charge>
    </ei-ms-peak>
    <ei-ms-peak>
      <ei-ms-id>470</ei-ms-id>
      <id>52417</id>
      <intensity>1010.0</intensity>
      <mass-charge>283.0</mass-charge>
    </ei-ms-peak>
    <ei-ms-peak>
      <ei-ms-id>470</ei-ms-id>
      <id>52418</id>
      <intensity>8150.0</intensity>
      <mass-charge>307.0</mass-charge>
    </ei-ms-peak>
    <ei-ms-peak>
      <ei-ms-id>470</ei-ms-id>
      <id>52419</id>
      <intensity>9700.0</intensity>
      <mass-charge>308.0</mass-charge>
    </ei-ms-peak>
    <ei-ms-peak>
      <ei-ms-id>470</ei-ms-id>
      <id>52420</id>
      <intensity>4660.0</intensity>
      <mass-charge>309.0</mass-charge>
    </ei-ms-peak>
    <ei-ms-peak>
      <ei-ms-id>470</ei-ms-id>
      <id>52421</id>
      <intensity>3480.0</intensity>
      <mass-charge>310.0</mass-charge>
    </ei-ms-peak>
    <ei-ms-peak>
      <ei-ms-id>470</ei-ms-id>
      <id>52422</id>
      <intensity>730.0</intensity>
      <mass-charge>311.0</mass-charge>
    </ei-ms-peak>
  </ei-ms-peaks>
</ei-ms>
