<?xml version="1.0" encoding="UTF-8"?>
<ei-ms>
  <collection-date nil="true"/>
  <created-at>2014-09-20T16:28:36Z</created-at>
  <database-id>HMDB41220</database-id>
  <id>461</id>
  <inchi-key>PYGXAGIECVVIOZ-UHFFFAOYSA-N</inchi-key>
  <instrument-type nil="true"/>
  <molecule-id nil="true"/>
  <notes nil="true"/>
  <peak-counter>168</peak-counter>
  <sample-assessment nil="true"/>
  <sample-concentration nil="true"/>
  <sample-concentration-units nil="true"/>
  <sample-mass nil="true"/>
  <sample-mass-units nil="true"/>
  <sample-source nil="true"/>
  <solvent nil="true"/>
  <spectra-assessment nil="true"/>
  <updated-at>2014-09-20T16:28:36Z</updated-at>
  <references>
    <reference>
      <database>NIST</database>
      <database-id>109-43-3</database-id>
      <id>15333</id>
      <pubmed-id nil="true"/>
      <ref-text>NIST Mass Spec Data Center, S.E. Stein, director, "Mass Spectra" in NIST Chemistry WebBook, NIST Standard Reference Database Number 69, Eds. P.J. Linstrom and W.G. Mallard, National Institute of Standards and Technology, Gaithersburg MD, 20899, http://webbook.nist.gov, (retrieved September 6, 2014).</ref-text>
      <spectra-id>461</spectra-id>
      <spectra-type>EiMs</spectra-type>
    </reference>
  </references>
  <ei-ms-peaks>
    <ei-ms-peak>
      <ei-ms-id>461</ei-ms-id>
      <id>51115</id>
      <intensity>10.0</intensity>
      <mass-charge>15.0</mass-charge>
    </ei-ms-peak>
    <ei-ms-peak>
      <ei-ms-id>461</ei-ms-id>
      <id>51116</id>
      <intensity>30.0</intensity>
      <mass-charge>26.0</mass-charge>
    </ei-ms-peak>
    <ei-ms-peak>
      <ei-ms-id>461</ei-ms-id>
      <id>51117</id>
      <intensity>340.0</intensity>
      <mass-charge>27.0</mass-charge>
    </ei-ms-peak>
    <ei-ms-peak>
      <ei-ms-id>461</ei-ms-id>
      <id>51118</id>
      <intensity>210.0</intensity>
      <mass-charge>28.0</mass-charge>
    </ei-ms-peak>
    <ei-ms-peak>
      <ei-ms-id>461</ei-ms-id>
      <id>51119</id>
      <intensity>1231.0</intensity>
      <mass-charge>29.0</mass-charge>
    </ei-ms-peak>
    <ei-ms-peak>
      <ei-ms-id>461</ei-ms-id>
      <id>51120</id>
      <intensity>40.0</intensity>
      <mass-charge>30.0</mass-charge>
    </ei-ms-peak>
    <ei-ms-peak>
      <ei-ms-id>461</ei-ms-id>
      <id>51121</id>
      <intensity>60.0</intensity>
      <mass-charge>31.0</mass-charge>
    </ei-ms-peak>
    <ei-ms-peak>
      <ei-ms-id>461</ei-ms-id>
      <id>51122</id>
      <intensity>510.0</intensity>
      <mass-charge>39.0</mass-charge>
    </ei-ms-peak>
    <ei-ms-peak>
      <ei-ms-id>461</ei-ms-id>
      <id>51123</id>
      <intensity>110.0</intensity>
      <mass-charge>40.0</mass-charge>
    </ei-ms-peak>
    <ei-ms-peak>
      <ei-ms-id>461</ei-ms-id>
      <id>51124</id>
      <intensity>3713.0</intensity>
      <mass-charge>41.0</mass-charge>
    </ei-ms-peak>
    <ei-ms-peak>
      <ei-ms-id>461</ei-ms-id>
      <id>51125</id>
      <intensity>671.0</intensity>
      <mass-charge>42.0</mass-charge>
    </ei-ms-peak>
    <ei-ms-peak>
      <ei-ms-id>461</ei-ms-id>
      <id>51126</id>
      <intensity>1091.0</intensity>
      <mass-charge>43.0</mass-charge>
    </ei-ms-peak>
    <ei-ms-peak>
      <ei-ms-id>461</ei-ms-id>
      <id>51127</id>
      <intensity>70.0</intensity>
      <mass-charge>44.0</mass-charge>
    </ei-ms-peak>
    <ei-ms-peak>
      <ei-ms-id>461</ei-ms-id>
      <id>51128</id>
      <intensity>160.0</intensity>
      <mass-charge>45.0</mass-charge>
    </ei-ms-peak>
    <ei-ms-peak>
      <ei-ms-id>461</ei-ms-id>
      <id>51129</id>
      <intensity>10.0</intensity>
      <mass-charge>46.0</mass-charge>
    </ei-ms-peak>
    <ei-ms-peak>
      <ei-ms-id>461</ei-ms-id>
      <id>51130</id>
      <intensity>10.0</intensity>
      <mass-charge>47.0</mass-charge>
    </ei-ms-peak>
    <ei-ms-peak>
      <ei-ms-id>461</ei-ms-id>
      <id>51131</id>
      <intensity>10.0</intensity>
      <mass-charge>50.0</mass-charge>
    </ei-ms-peak>
    <ei-ms-peak>
      <ei-ms-id>461</ei-ms-id>
      <id>51132</id>
      <intensity>20.0</intensity>
      <mass-charge>51.0</mass-charge>
    </ei-ms-peak>
    <ei-ms-peak>
      <ei-ms-id>461</ei-ms-id>
      <id>51133</id>
      <intensity>20.0</intensity>
      <mass-charge>52.0</mass-charge>
    </ei-ms-peak>
    <ei-ms-peak>
      <ei-ms-id>461</ei-ms-id>
      <id>51134</id>
      <intensity>230.0</intensity>
      <mass-charge>53.0</mass-charge>
    </ei-ms-peak>
    <ei-ms-peak>
      <ei-ms-id>461</ei-ms-id>
      <id>51135</id>
      <intensity>310.0</intensity>
      <mass-charge>54.0</mass-charge>
    </ei-ms-peak>
    <ei-ms-peak>
      <ei-ms-id>461</ei-ms-id>
      <id>51136</id>
      <intensity>4104.0</intensity>
      <mass-charge>55.0</mass-charge>
    </ei-ms-peak>
    <ei-ms-peak>
      <ei-ms-id>461</ei-ms-id>
      <id>51137</id>
      <intensity>4274.0</intensity>
      <mass-charge>56.0</mass-charge>
    </ei-ms-peak>
    <ei-ms-peak>
      <ei-ms-id>461</ei-ms-id>
      <id>51138</id>
      <intensity>3493.0</intensity>
      <mass-charge>57.0</mass-charge>
    </ei-ms-peak>
    <ei-ms-peak>
      <ei-ms-id>461</ei-ms-id>
      <id>51139</id>
      <intensity>210.0</intensity>
      <mass-charge>58.0</mass-charge>
    </ei-ms-peak>
    <ei-ms-peak>
      <ei-ms-id>461</ei-ms-id>
      <id>51140</id>
      <intensity>200.0</intensity>
      <mass-charge>59.0</mass-charge>
    </ei-ms-peak>
    <ei-ms-peak>
      <ei-ms-id>461</ei-ms-id>
      <id>51141</id>
      <intensity>1031.0</intensity>
      <mass-charge>60.0</mass-charge>
    </ei-ms-peak>
    <ei-ms-peak>
      <ei-ms-id>461</ei-ms-id>
      <id>51142</id>
      <intensity>330.0</intensity>
      <mass-charge>61.0</mass-charge>
    </ei-ms-peak>
    <ei-ms-peak>
      <ei-ms-id>461</ei-ms-id>
      <id>51143</id>
      <intensity>10.0</intensity>
      <mass-charge>62.0</mass-charge>
    </ei-ms-peak>
    <ei-ms-peak>
      <ei-ms-id>461</ei-ms-id>
      <id>51144</id>
      <intensity>40.0</intensity>
      <mass-charge>65.0</mass-charge>
    </ei-ms-peak>
    <ei-ms-peak>
      <ei-ms-id>461</ei-ms-id>
      <id>51145</id>
      <intensity>30.0</intensity>
      <mass-charge>66.0</mass-charge>
    </ei-ms-peak>
    <ei-ms-peak>
      <ei-ms-id>461</ei-ms-id>
      <id>51146</id>
      <intensity>530.0</intensity>
      <mass-charge>67.0</mass-charge>
    </ei-ms-peak>
    <ei-ms-peak>
      <ei-ms-id>461</ei-ms-id>
      <id>51147</id>
      <intensity>320.0</intensity>
      <mass-charge>68.0</mass-charge>
    </ei-ms-peak>
    <ei-ms-peak>
      <ei-ms-id>461</ei-ms-id>
      <id>51148</id>
      <intensity>1812.0</intensity>
      <mass-charge>69.0</mass-charge>
    </ei-ms-peak>
    <ei-ms-peak>
      <ei-ms-id>461</ei-ms-id>
      <id>51149</id>
      <intensity>581.0</intensity>
      <mass-charge>70.0</mass-charge>
    </ei-ms-peak>
    <ei-ms-peak>
      <ei-ms-id>461</ei-ms-id>
      <id>51150</id>
      <intensity>300.0</intensity>
      <mass-charge>71.0</mass-charge>
    </ei-ms-peak>
    <ei-ms-peak>
      <ei-ms-id>461</ei-ms-id>
      <id>51151</id>
      <intensity>50.0</intensity>
      <mass-charge>72.0</mass-charge>
    </ei-ms-peak>
    <ei-ms-peak>
      <ei-ms-id>461</ei-ms-id>
      <id>51152</id>
      <intensity>1041.0</intensity>
      <mass-charge>73.0</mass-charge>
    </ei-ms-peak>
    <ei-ms-peak>
      <ei-ms-id>461</ei-ms-id>
      <id>51153</id>
      <intensity>120.0</intensity>
      <mass-charge>74.0</mass-charge>
    </ei-ms-peak>
    <ei-ms-peak>
      <ei-ms-id>461</ei-ms-id>
      <id>51154</id>
      <intensity>20.0</intensity>
      <mass-charge>75.0</mass-charge>
    </ei-ms-peak>
    <ei-ms-peak>
      <ei-ms-id>461</ei-ms-id>
      <id>51155</id>
      <intensity>30.0</intensity>
      <mass-charge>77.0</mass-charge>
    </ei-ms-peak>
    <ei-ms-peak>
      <ei-ms-id>461</ei-ms-id>
      <id>51156</id>
      <intensity>20.0</intensity>
      <mass-charge>78.0</mass-charge>
    </ei-ms-peak>
    <ei-ms-peak>
      <ei-ms-id>461</ei-ms-id>
      <id>51157</id>
      <intensity>310.0</intensity>
      <mass-charge>79.0</mass-charge>
    </ei-ms-peak>
    <ei-ms-peak>
      <ei-ms-id>461</ei-ms-id>
      <id>51158</id>
      <intensity>180.0</intensity>
      <mass-charge>80.0</mass-charge>
    </ei-ms-peak>
    <ei-ms-peak>
      <ei-ms-id>461</ei-ms-id>
      <id>51159</id>
      <intensity>771.0</intensity>
      <mass-charge>81.0</mass-charge>
    </ei-ms-peak>
    <ei-ms-peak>
      <ei-ms-id>461</ei-ms-id>
      <id>51160</id>
      <intensity>250.0</intensity>
      <mass-charge>82.0</mass-charge>
    </ei-ms-peak>
    <ei-ms-peak>
      <ei-ms-id>461</ei-ms-id>
      <id>51161</id>
      <intensity>1591.0</intensity>
      <mass-charge>83.0</mass-charge>
    </ei-ms-peak>
    <ei-ms-peak>
      <ei-ms-id>461</ei-ms-id>
      <id>51162</id>
      <intensity>1401.0</intensity>
      <mass-charge>84.0</mass-charge>
    </ei-ms-peak>
    <ei-ms-peak>
      <ei-ms-id>461</ei-ms-id>
      <id>51163</id>
      <intensity>210.0</intensity>
      <mass-charge>85.0</mass-charge>
    </ei-ms-peak>
    <ei-ms-peak>
      <ei-ms-id>461</ei-ms-id>
      <id>51164</id>
      <intensity>70.0</intensity>
      <mass-charge>86.0</mass-charge>
    </ei-ms-peak>
    <ei-ms-peak>
      <ei-ms-id>461</ei-ms-id>
      <id>51165</id>
      <intensity>510.0</intensity>
      <mass-charge>87.0</mass-charge>
    </ei-ms-peak>
    <ei-ms-peak>
      <ei-ms-id>461</ei-ms-id>
      <id>51166</id>
      <intensity>50.0</intensity>
      <mass-charge>88.0</mass-charge>
    </ei-ms-peak>
    <ei-ms-peak>
      <ei-ms-id>461</ei-ms-id>
      <id>51167</id>
      <intensity>20.0</intensity>
      <mass-charge>89.0</mass-charge>
    </ei-ms-peak>
    <ei-ms-peak>
      <ei-ms-id>461</ei-ms-id>
      <id>51168</id>
      <intensity>90.0</intensity>
      <mass-charge>91.0</mass-charge>
    </ei-ms-peak>
    <ei-ms-peak>
      <ei-ms-id>461</ei-ms-id>
      <id>51169</id>
      <intensity>20.0</intensity>
      <mass-charge>92.0</mass-charge>
    </ei-ms-peak>
    <ei-ms-peak>
      <ei-ms-id>461</ei-ms-id>
      <id>51170</id>
      <intensity>400.0</intensity>
      <mass-charge>93.0</mass-charge>
    </ei-ms-peak>
    <ei-ms-peak>
      <ei-ms-id>461</ei-ms-id>
      <id>51171</id>
      <intensity>180.0</intensity>
      <mass-charge>94.0</mass-charge>
    </ei-ms-peak>
    <ei-ms-peak>
      <ei-ms-id>461</ei-ms-id>
      <id>51172</id>
      <intensity>751.0</intensity>
      <mass-charge>95.0</mass-charge>
    </ei-ms-peak>
    <ei-ms-peak>
      <ei-ms-id>461</ei-ms-id>
      <id>51173</id>
      <intensity>540.0</intensity>
      <mass-charge>96.0</mass-charge>
    </ei-ms-peak>
    <ei-ms-peak>
      <ei-ms-id>461</ei-ms-id>
      <id>51174</id>
      <intensity>2813.0</intensity>
      <mass-charge>97.0</mass-charge>
    </ei-ms-peak>
    <ei-ms-peak>
      <ei-ms-id>461</ei-ms-id>
      <id>51175</id>
      <intensity>2762.0</intensity>
      <mass-charge>98.0</mass-charge>
    </ei-ms-peak>
    <ei-ms-peak>
      <ei-ms-id>461</ei-ms-id>
      <id>51176</id>
      <intensity>330.0</intensity>
      <mass-charge>99.0</mass-charge>
    </ei-ms-peak>
    <ei-ms-peak>
      <ei-ms-id>461</ei-ms-id>
      <id>51177</id>
      <intensity>90.0</intensity>
      <mass-charge>100.0</mass-charge>
    </ei-ms-peak>
    <ei-ms-peak>
      <ei-ms-id>461</ei-ms-id>
      <id>51178</id>
      <intensity>971.0</intensity>
      <mass-charge>101.0</mass-charge>
    </ei-ms-peak>
    <ei-ms-peak>
      <ei-ms-id>461</ei-ms-id>
      <id>51179</id>
      <intensity>80.0</intensity>
      <mass-charge>102.0</mass-charge>
    </ei-ms-peak>
    <ei-ms-peak>
      <ei-ms-id>461</ei-ms-id>
      <id>51180</id>
      <intensity>20.0</intensity>
      <mass-charge>103.0</mass-charge>
    </ei-ms-peak>
    <ei-ms-peak>
      <ei-ms-id>461</ei-ms-id>
      <id>51181</id>
      <intensity>30.0</intensity>
      <mass-charge>104.0</mass-charge>
    </ei-ms-peak>
    <ei-ms-peak>
      <ei-ms-id>461</ei-ms-id>
      <id>51182</id>
      <intensity>50.0</intensity>
      <mass-charge>105.0</mass-charge>
    </ei-ms-peak>
    <ei-ms-peak>
      <ei-ms-id>461</ei-ms-id>
      <id>51183</id>
      <intensity>50.0</intensity>
      <mass-charge>106.0</mass-charge>
    </ei-ms-peak>
    <ei-ms-peak>
      <ei-ms-id>461</ei-ms-id>
      <id>51184</id>
      <intensity>280.0</intensity>
      <mass-charge>107.0</mass-charge>
    </ei-ms-peak>
    <ei-ms-peak>
      <ei-ms-id>461</ei-ms-id>
      <id>51185</id>
      <intensity>40.0</intensity>
      <mass-charge>108.0</mass-charge>
    </ei-ms-peak>
    <ei-ms-peak>
      <ei-ms-id>461</ei-ms-id>
      <id>51186</id>
      <intensity>220.0</intensity>
      <mass-charge>109.0</mass-charge>
    </ei-ms-peak>
    <ei-ms-peak>
      <ei-ms-id>461</ei-ms-id>
      <id>51187</id>
      <intensity>340.0</intensity>
      <mass-charge>110.0</mass-charge>
    </ei-ms-peak>
    <ei-ms-peak>
      <ei-ms-id>461</ei-ms-id>
      <id>51188</id>
      <intensity>781.0</intensity>
      <mass-charge>111.0</mass-charge>
    </ei-ms-peak>
    <ei-ms-peak>
      <ei-ms-id>461</ei-ms-id>
      <id>51189</id>
      <intensity>330.0</intensity>
      <mass-charge>112.0</mass-charge>
    </ei-ms-peak>
    <ei-ms-peak>
      <ei-ms-id>461</ei-ms-id>
      <id>51190</id>
      <intensity>120.0</intensity>
      <mass-charge>113.0</mass-charge>
    </ei-ms-peak>
    <ei-ms-peak>
      <ei-ms-id>461</ei-ms-id>
      <id>51191</id>
      <intensity>70.0</intensity>
      <mass-charge>114.0</mass-charge>
    </ei-ms-peak>
    <ei-ms-peak>
      <ei-ms-id>461</ei-ms-id>
      <id>51192</id>
      <intensity>320.0</intensity>
      <mass-charge>115.0</mass-charge>
    </ei-ms-peak>
    <ei-ms-peak>
      <ei-ms-id>461</ei-ms-id>
      <id>51193</id>
      <intensity>160.0</intensity>
      <mass-charge>116.0</mass-charge>
    </ei-ms-peak>
    <ei-ms-peak>
      <ei-ms-id>461</ei-ms-id>
      <id>51194</id>
      <intensity>110.0</intensity>
      <mass-charge>117.0</mass-charge>
    </ei-ms-peak>
    <ei-ms-peak>
      <ei-ms-id>461</ei-ms-id>
      <id>51195</id>
      <intensity>10.0</intensity>
      <mass-charge>118.0</mass-charge>
    </ei-ms-peak>
    <ei-ms-peak>
      <ei-ms-id>461</ei-ms-id>
      <id>51196</id>
      <intensity>310.0</intensity>
      <mass-charge>119.0</mass-charge>
    </ei-ms-peak>
    <ei-ms-peak>
      <ei-ms-id>461</ei-ms-id>
      <id>51197</id>
      <intensity>200.0</intensity>
      <mass-charge>120.0</mass-charge>
    </ei-ms-peak>
    <ei-ms-peak>
      <ei-ms-id>461</ei-ms-id>
      <id>51198</id>
      <intensity>1411.0</intensity>
      <mass-charge>121.0</mass-charge>
    </ei-ms-peak>
    <ei-ms-peak>
      <ei-ms-id>461</ei-ms-id>
      <id>51199</id>
      <intensity>200.0</intensity>
      <mass-charge>122.0</mass-charge>
    </ei-ms-peak>
    <ei-ms-peak>
      <ei-ms-id>461</ei-ms-id>
      <id>51200</id>
      <intensity>180.0</intensity>
      <mass-charge>123.0</mass-charge>
    </ei-ms-peak>
    <ei-ms-peak>
      <ei-ms-id>461</ei-ms-id>
      <id>51201</id>
      <intensity>480.0</intensity>
      <mass-charge>124.0</mass-charge>
    </ei-ms-peak>
    <ei-ms-peak>
      <ei-ms-id>461</ei-ms-id>
      <id>51202</id>
      <intensity>2893.0</intensity>
      <mass-charge>125.0</mass-charge>
    </ei-ms-peak>
    <ei-ms-peak>
      <ei-ms-id>461</ei-ms-id>
      <id>51203</id>
      <intensity>260.0</intensity>
      <mass-charge>126.0</mass-charge>
    </ei-ms-peak>
    <ei-ms-peak>
      <ei-ms-id>461</ei-ms-id>
      <id>51204</id>
      <intensity>80.0</intensity>
      <mass-charge>127.0</mass-charge>
    </ei-ms-peak>
    <ei-ms-peak>
      <ei-ms-id>461</ei-ms-id>
      <id>51205</id>
      <intensity>40.0</intensity>
      <mass-charge>128.0</mass-charge>
    </ei-ms-peak>
    <ei-ms-peak>
      <ei-ms-id>461</ei-ms-id>
      <id>51206</id>
      <intensity>480.0</intensity>
      <mass-charge>129.0</mass-charge>
    </ei-ms-peak>
    <ei-ms-peak>
      <ei-ms-id>461</ei-ms-id>
      <id>51207</id>
      <intensity>250.0</intensity>
      <mass-charge>130.0</mass-charge>
    </ei-ms-peak>
    <ei-ms-peak>
      <ei-ms-id>461</ei-ms-id>
      <id>51208</id>
      <intensity>140.0</intensity>
      <mass-charge>131.0</mass-charge>
    </ei-ms-peak>
    <ei-ms-peak>
      <ei-ms-id>461</ei-ms-id>
      <id>51209</id>
      <intensity>10.0</intensity>
      <mass-charge>132.0</mass-charge>
    </ei-ms-peak>
    <ei-ms-peak>
      <ei-ms-id>461</ei-ms-id>
      <id>51210</id>
      <intensity>10.0</intensity>
      <mass-charge>133.0</mass-charge>
    </ei-ms-peak>
    <ei-ms-peak>
      <ei-ms-id>461</ei-ms-id>
      <id>51211</id>
      <intensity>10.0</intensity>
      <mass-charge>135.0</mass-charge>
    </ei-ms-peak>
    <ei-ms-peak>
      <ei-ms-id>461</ei-ms-id>
      <id>51212</id>
      <intensity>20.0</intensity>
      <mass-charge>136.0</mass-charge>
    </ei-ms-peak>
    <ei-ms-peak>
      <ei-ms-id>461</ei-ms-id>
      <id>51213</id>
      <intensity>360.0</intensity>
      <mass-charge>137.0</mass-charge>
    </ei-ms-peak>
    <ei-ms-peak>
      <ei-ms-id>461</ei-ms-id>
      <id>51214</id>
      <intensity>2012.0</intensity>
      <mass-charge>138.0</mass-charge>
    </ei-ms-peak>
    <ei-ms-peak>
      <ei-ms-id>461</ei-ms-id>
      <id>51215</id>
      <intensity>2342.0</intensity>
      <mass-charge>139.0</mass-charge>
    </ei-ms-peak>
    <ei-ms-peak>
      <ei-ms-id>461</ei-ms-id>
      <id>51216</id>
      <intensity>290.0</intensity>
      <mass-charge>140.0</mass-charge>
    </ei-ms-peak>
    <ei-ms-peak>
      <ei-ms-id>461</ei-ms-id>
      <id>51217</id>
      <intensity>90.0</intensity>
      <mass-charge>141.0</mass-charge>
    </ei-ms-peak>
    <ei-ms-peak>
      <ei-ms-id>461</ei-ms-id>
      <id>51218</id>
      <intensity>70.0</intensity>
      <mass-charge>142.0</mass-charge>
    </ei-ms-peak>
    <ei-ms-peak>
      <ei-ms-id>461</ei-ms-id>
      <id>51219</id>
      <intensity>2903.0</intensity>
      <mass-charge>143.0</mass-charge>
    </ei-ms-peak>
    <ei-ms-peak>
      <ei-ms-id>461</ei-ms-id>
      <id>51220</id>
      <intensity>260.0</intensity>
      <mass-charge>144.0</mass-charge>
    </ei-ms-peak>
    <ei-ms-peak>
      <ei-ms-id>461</ei-ms-id>
      <id>51221</id>
      <intensity>20.0</intensity>
      <mass-charge>145.0</mass-charge>
    </ei-ms-peak>
    <ei-ms-peak>
      <ei-ms-id>461</ei-ms-id>
      <id>51222</id>
      <intensity>100.0</intensity>
      <mass-charge>147.0</mass-charge>
    </ei-ms-peak>
    <ei-ms-peak>
      <ei-ms-id>461</ei-ms-id>
      <id>51223</id>
      <intensity>330.0</intensity>
      <mass-charge>148.0</mass-charge>
    </ei-ms-peak>
    <ei-ms-peak>
      <ei-ms-id>461</ei-ms-id>
      <id>51224</id>
      <intensity>280.0</intensity>
      <mass-charge>149.0</mass-charge>
    </ei-ms-peak>
    <ei-ms-peak>
      <ei-ms-id>461</ei-ms-id>
      <id>51225</id>
      <intensity>50.0</intensity>
      <mass-charge>150.0</mass-charge>
    </ei-ms-peak>
    <ei-ms-peak>
      <ei-ms-id>461</ei-ms-id>
      <id>51226</id>
      <intensity>60.0</intensity>
      <mass-charge>151.0</mass-charge>
    </ei-ms-peak>
    <ei-ms-peak>
      <ei-ms-id>461</ei-ms-id>
      <id>51227</id>
      <intensity>10.0</intensity>
      <mass-charge>152.0</mass-charge>
    </ei-ms-peak>
    <ei-ms-peak>
      <ei-ms-id>461</ei-ms-id>
      <id>51228</id>
      <intensity>10.0</intensity>
      <mass-charge>153.0</mass-charge>
    </ei-ms-peak>
    <ei-ms-peak>
      <ei-ms-id>461</ei-ms-id>
      <id>51229</id>
      <intensity>10.0</intensity>
      <mass-charge>154.0</mass-charge>
    </ei-ms-peak>
    <ei-ms-peak>
      <ei-ms-id>461</ei-ms-id>
      <id>51230</id>
      <intensity>70.0</intensity>
      <mass-charge>155.0</mass-charge>
    </ei-ms-peak>
    <ei-ms-peak>
      <ei-ms-id>461</ei-ms-id>
      <id>51231</id>
      <intensity>90.0</intensity>
      <mass-charge>156.0</mass-charge>
    </ei-ms-peak>
    <ei-ms-peak>
      <ei-ms-id>461</ei-ms-id>
      <id>51232</id>
      <intensity>721.0</intensity>
      <mass-charge>157.0</mass-charge>
    </ei-ms-peak>
    <ei-ms-peak>
      <ei-ms-id>461</ei-ms-id>
      <id>51233</id>
      <intensity>260.0</intensity>
      <mass-charge>158.0</mass-charge>
    </ei-ms-peak>
    <ei-ms-peak>
      <ei-ms-id>461</ei-ms-id>
      <id>51234</id>
      <intensity>100.0</intensity>
      <mass-charge>159.0</mass-charge>
    </ei-ms-peak>
    <ei-ms-peak>
      <ei-ms-id>461</ei-ms-id>
      <id>51235</id>
      <intensity>10.0</intensity>
      <mass-charge>160.0</mass-charge>
    </ei-ms-peak>
    <ei-ms-peak>
      <ei-ms-id>461</ei-ms-id>
      <id>51236</id>
      <intensity>20.0</intensity>
      <mass-charge>164.0</mass-charge>
    </ei-ms-peak>
    <ei-ms-peak>
      <ei-ms-id>461</ei-ms-id>
      <id>51237</id>
      <intensity>120.0</intensity>
      <mass-charge>165.0</mass-charge>
    </ei-ms-peak>
    <ei-ms-peak>
      <ei-ms-id>461</ei-ms-id>
      <id>51238</id>
      <intensity>1641.0</intensity>
      <mass-charge>166.0</mass-charge>
    </ei-ms-peak>
    <ei-ms-peak>
      <ei-ms-id>461</ei-ms-id>
      <id>51239</id>
      <intensity>500.0</intensity>
      <mass-charge>167.0</mass-charge>
    </ei-ms-peak>
    <ei-ms-peak>
      <ei-ms-id>461</ei-ms-id>
      <id>51240</id>
      <intensity>100.0</intensity>
      <mass-charge>168.0</mass-charge>
    </ei-ms-peak>
    <ei-ms-peak>
      <ei-ms-id>461</ei-ms-id>
      <id>51241</id>
      <intensity>120.0</intensity>
      <mass-charge>169.0</mass-charge>
    </ei-ms-peak>
    <ei-ms-peak>
      <ei-ms-id>461</ei-ms-id>
      <id>51242</id>
      <intensity>20.0</intensity>
      <mass-charge>170.0</mass-charge>
    </ei-ms-peak>
    <ei-ms-peak>
      <ei-ms-id>461</ei-ms-id>
      <id>51243</id>
      <intensity>90.0</intensity>
      <mass-charge>171.0</mass-charge>
    </ei-ms-peak>
    <ei-ms-peak>
      <ei-ms-id>461</ei-ms-id>
      <id>51244</id>
      <intensity>30.0</intensity>
      <mass-charge>172.0</mass-charge>
    </ei-ms-peak>
    <ei-ms-peak>
      <ei-ms-id>461</ei-ms-id>
      <id>51245</id>
      <intensity>10.0</intensity>
      <mass-charge>182.0</mass-charge>
    </ei-ms-peak>
    <ei-ms-peak>
      <ei-ms-id>461</ei-ms-id>
      <id>51246</id>
      <intensity>70.0</intensity>
      <mass-charge>183.0</mass-charge>
    </ei-ms-peak>
    <ei-ms-peak>
      <ei-ms-id>461</ei-ms-id>
      <id>51247</id>
      <intensity>7907.0</intensity>
      <mass-charge>185.0</mass-charge>
    </ei-ms-peak>
    <ei-ms-peak>
      <ei-ms-id>461</ei-ms-id>
      <id>51248</id>
      <intensity>1131.0</intensity>
      <mass-charge>186.0</mass-charge>
    </ei-ms-peak>
    <ei-ms-peak>
      <ei-ms-id>461</ei-ms-id>
      <id>51249</id>
      <intensity>130.0</intensity>
      <mass-charge>187.0</mass-charge>
    </ei-ms-peak>
    <ei-ms-peak>
      <ei-ms-id>461</ei-ms-id>
      <id>51250</id>
      <intensity>10.0</intensity>
      <mass-charge>188.0</mass-charge>
    </ei-ms-peak>
    <ei-ms-peak>
      <ei-ms-id>461</ei-ms-id>
      <id>51251</id>
      <intensity>10.0</intensity>
      <mass-charge>194.0</mass-charge>
    </ei-ms-peak>
    <ei-ms-peak>
      <ei-ms-id>461</ei-ms-id>
      <id>51252</id>
      <intensity>20.0</intensity>
      <mass-charge>196.0</mass-charge>
    </ei-ms-peak>
    <ei-ms-peak>
      <ei-ms-id>461</ei-ms-id>
      <id>51253</id>
      <intensity>20.0</intensity>
      <mass-charge>197.0</mass-charge>
    </ei-ms-peak>
    <ei-ms-peak>
      <ei-ms-id>461</ei-ms-id>
      <id>51254</id>
      <intensity>130.0</intensity>
      <mass-charge>198.0</mass-charge>
    </ei-ms-peak>
    <ei-ms-peak>
      <ei-ms-id>461</ei-ms-id>
      <id>51255</id>
      <intensity>1942.0</intensity>
      <mass-charge>199.0</mass-charge>
    </ei-ms-peak>
    <ei-ms-peak>
      <ei-ms-id>461</ei-ms-id>
      <id>51256</id>
      <intensity>260.0</intensity>
      <mass-charge>200.0</mass-charge>
    </ei-ms-peak>
    <ei-ms-peak>
      <ei-ms-id>461</ei-ms-id>
      <id>51257</id>
      <intensity>20.0</intensity>
      <mass-charge>201.0</mass-charge>
    </ei-ms-peak>
    <ei-ms-peak>
      <ei-ms-id>461</ei-ms-id>
      <id>51258</id>
      <intensity>10.0</intensity>
      <mass-charge>211.0</mass-charge>
    </ei-ms-peak>
    <ei-ms-peak>
      <ei-ms-id>461</ei-ms-id>
      <id>51259</id>
      <intensity>510.0</intensity>
      <mass-charge>212.0</mass-charge>
    </ei-ms-peak>
    <ei-ms-peak>
      <ei-ms-id>461</ei-ms-id>
      <id>51260</id>
      <intensity>100.0</intensity>
      <mass-charge>213.0</mass-charge>
    </ei-ms-peak>
    <ei-ms-peak>
      <ei-ms-id>461</ei-ms-id>
      <id>51261</id>
      <intensity>641.0</intensity>
      <mass-charge>214.0</mass-charge>
    </ei-ms-peak>
    <ei-ms-peak>
      <ei-ms-id>461</ei-ms-id>
      <id>51262</id>
      <intensity>110.0</intensity>
      <mass-charge>215.0</mass-charge>
    </ei-ms-peak>
    <ei-ms-peak>
      <ei-ms-id>461</ei-ms-id>
      <id>51263</id>
      <intensity>10.0</intensity>
      <mass-charge>216.0</mass-charge>
    </ei-ms-peak>
    <ei-ms-peak>
      <ei-ms-id>461</ei-ms-id>
      <id>51264</id>
      <intensity>20.0</intensity>
      <mass-charge>222.0</mass-charge>
    </ei-ms-peak>
    <ei-ms-peak>
      <ei-ms-id>461</ei-ms-id>
      <id>51265</id>
      <intensity>10.0</intensity>
      <mass-charge>223.0</mass-charge>
    </ei-ms-peak>
    <ei-ms-peak>
      <ei-ms-id>461</ei-ms-id>
      <id>51266</id>
      <intensity>10.0</intensity>
      <mass-charge>224.0</mass-charge>
    </ei-ms-peak>
    <ei-ms-peak>
      <ei-ms-id>461</ei-ms-id>
      <id>51267</id>
      <intensity>10.0</intensity>
      <mass-charge>225.0</mass-charge>
    </ei-ms-peak>
    <ei-ms-peak>
      <ei-ms-id>461</ei-ms-id>
      <id>51268</id>
      <intensity>20.0</intensity>
      <mass-charge>229.0</mass-charge>
    </ei-ms-peak>
    <ei-ms-peak>
      <ei-ms-id>461</ei-ms-id>
      <id>51269</id>
      <intensity>9999.0</intensity>
      <mass-charge>241.0</mass-charge>
    </ei-ms-peak>
    <ei-ms-peak>
      <ei-ms-id>461</ei-ms-id>
      <id>51270</id>
      <intensity>1591.0</intensity>
      <mass-charge>242.0</mass-charge>
    </ei-ms-peak>
    <ei-ms-peak>
      <ei-ms-id>461</ei-ms-id>
      <id>51271</id>
      <intensity>190.0</intensity>
      <mass-charge>243.0</mass-charge>
    </ei-ms-peak>
    <ei-ms-peak>
      <ei-ms-id>461</ei-ms-id>
      <id>51272</id>
      <intensity>20.0</intensity>
      <mass-charge>244.0</mass-charge>
    </ei-ms-peak>
    <ei-ms-peak>
      <ei-ms-id>461</ei-ms-id>
      <id>51273</id>
      <intensity>20.0</intensity>
      <mass-charge>258.0</mass-charge>
    </ei-ms-peak>
    <ei-ms-peak>
      <ei-ms-id>461</ei-ms-id>
      <id>51274</id>
      <intensity>120.0</intensity>
      <mass-charge>259.0</mass-charge>
    </ei-ms-peak>
    <ei-ms-peak>
      <ei-ms-id>461</ei-ms-id>
      <id>51275</id>
      <intensity>20.0</intensity>
      <mass-charge>260.0</mass-charge>
    </ei-ms-peak>
    <ei-ms-peak>
      <ei-ms-id>461</ei-ms-id>
      <id>51276</id>
      <intensity>10.0</intensity>
      <mass-charge>271.0</mass-charge>
    </ei-ms-peak>
    <ei-ms-peak>
      <ei-ms-id>461</ei-ms-id>
      <id>51277</id>
      <intensity>30.0</intensity>
      <mass-charge>285.0</mass-charge>
    </ei-ms-peak>
    <ei-ms-peak>
      <ei-ms-id>461</ei-ms-id>
      <id>51278</id>
      <intensity>10.0</intensity>
      <mass-charge>286.0</mass-charge>
    </ei-ms-peak>
    <ei-ms-peak>
      <ei-ms-id>461</ei-ms-id>
      <id>51279</id>
      <intensity>10.0</intensity>
      <mass-charge>299.0</mass-charge>
    </ei-ms-peak>
    <ei-ms-peak>
      <ei-ms-id>461</ei-ms-id>
      <id>51280</id>
      <intensity>10.0</intensity>
      <mass-charge>313.0</mass-charge>
    </ei-ms-peak>
    <ei-ms-peak>
      <ei-ms-id>461</ei-ms-id>
      <id>51281</id>
      <intensity>70.0</intensity>
      <mass-charge>315.0</mass-charge>
    </ei-ms-peak>
    <ei-ms-peak>
      <ei-ms-id>461</ei-ms-id>
      <id>51282</id>
      <intensity>10.0</intensity>
      <mass-charge>316.0</mass-charge>
    </ei-ms-peak>
  </ei-ms-peaks>
</ei-ms>
