<?xml version="1.0" encoding="UTF-8"?>
<ei-ms>
  <collection-date nil="true"/>
  <created-at>2014-09-20T16:44:54Z</created-at>
  <database-id>HMDB31542</database-id>
  <id>1138</id>
  <inchi-key>GDOPTJXRTPNYNR-UHFFFAOYSA-N</inchi-key>
  <instrument-type nil="true"/>
  <molecule-id nil="true"/>
  <notes nil="true"/>
  <peak-counter>45</peak-counter>
  <sample-assessment nil="true"/>
  <sample-concentration nil="true"/>
  <sample-concentration-units nil="true"/>
  <sample-mass nil="true"/>
  <sample-mass-units nil="true"/>
  <sample-source nil="true"/>
  <solvent nil="true"/>
  <spectra-assessment nil="true"/>
  <updated-at>2014-09-20T16:44:54Z</updated-at>
  <references>
    <reference>
      <database>NIST</database>
      <database-id>96-37-7</database-id>
      <id>16010</id>
      <pubmed-id nil="true"/>
      <ref-text>NIST Mass Spec Data Center, S.E. Stein, director, "Mass Spectra" in NIST Chemistry WebBook, NIST Standard Reference Database Number 69, Eds. P.J. Linstrom and W.G. Mallard, National Institute of Standards and Technology, Gaithersburg MD, 20899, http://webbook.nist.gov, (retrieved September 6, 2014).</ref-text>
      <spectra-id>1138</spectra-id>
      <spectra-type>EiMs</spectra-type>
    </reference>
  </references>
  <ei-ms-peaks>
    <ei-ms-peak>
      <ei-ms-id>1138</ei-ms-id>
      <id>122892</id>
      <intensity>20.0</intensity>
      <mass-charge>14.0</mass-charge>
    </ei-ms-peak>
    <ei-ms-peak>
      <ei-ms-id>1138</ei-ms-id>
      <id>122893</id>
      <intensity>70.0</intensity>
      <mass-charge>15.0</mass-charge>
    </ei-ms-peak>
    <ei-ms-peak>
      <ei-ms-id>1138</ei-ms-id>
      <id>122894</id>
      <intensity>119.0</intensity>
      <mass-charge>26.0</mass-charge>
    </ei-ms-peak>
    <ei-ms-peak>
      <ei-ms-id>1138</ei-ms-id>
      <id>122895</id>
      <intensity>999.0</intensity>
      <mass-charge>27.0</mass-charge>
    </ei-ms-peak>
    <ei-ms-peak>
      <ei-ms-id>1138</ei-ms-id>
      <id>122896</id>
      <intensity>99.0</intensity>
      <mass-charge>28.0</mass-charge>
    </ei-ms-peak>
    <ei-ms-peak>
      <ei-ms-id>1138</ei-ms-id>
      <id>122897</id>
      <intensity>719.0</intensity>
      <mass-charge>29.0</mass-charge>
    </ei-ms-peak>
    <ei-ms-peak>
      <ei-ms-id>1138</ei-ms-id>
      <id>122898</id>
      <intensity>20.0</intensity>
      <mass-charge>30.0</mass-charge>
    </ei-ms-peak>
    <ei-ms-peak>
      <ei-ms-id>1138</ei-ms-id>
      <id>122899</id>
      <intensity>10.0</intensity>
      <mass-charge>31.0</mass-charge>
    </ei-ms-peak>
    <ei-ms-peak>
      <ei-ms-id>1138</ei-ms-id>
      <id>122900</id>
      <intensity>40.0</intensity>
      <mass-charge>37.0</mass-charge>
    </ei-ms-peak>
    <ei-ms-peak>
      <ei-ms-id>1138</ei-ms-id>
      <id>122901</id>
      <intensity>119.0</intensity>
      <mass-charge>38.0</mass-charge>
    </ei-ms-peak>
    <ei-ms-peak>
      <ei-ms-id>1138</ei-ms-id>
      <id>122902</id>
      <intensity>1399.0</intensity>
      <mass-charge>39.0</mass-charge>
    </ei-ms-peak>
    <ei-ms-peak>
      <ei-ms-id>1138</ei-ms-id>
      <id>122903</id>
      <intensity>359.0</intensity>
      <mass-charge>40.0</mass-charge>
    </ei-ms-peak>
    <ei-ms-peak>
      <ei-ms-id>1138</ei-ms-id>
      <id>122904</id>
      <intensity>4949.0</intensity>
      <mass-charge>41.0</mass-charge>
    </ei-ms-peak>
    <ei-ms-peak>
      <ei-ms-id>1138</ei-ms-id>
      <id>122905</id>
      <intensity>2469.0</intensity>
      <mass-charge>42.0</mass-charge>
    </ei-ms-peak>
    <ei-ms-peak>
      <ei-ms-id>1138</ei-ms-id>
      <id>122906</id>
      <intensity>1119.0</intensity>
      <mass-charge>43.0</mass-charge>
    </ei-ms-peak>
    <ei-ms-peak>
      <ei-ms-id>1138</ei-ms-id>
      <id>122907</id>
      <intensity>30.0</intensity>
      <mass-charge>44.0</mass-charge>
    </ei-ms-peak>
    <ei-ms-peak>
      <ei-ms-id>1138</ei-ms-id>
      <id>122908</id>
      <intensity>10.0</intensity>
      <mass-charge>49.0</mass-charge>
    </ei-ms-peak>
    <ei-ms-peak>
      <ei-ms-id>1138</ei-ms-id>
      <id>122909</id>
      <intensity>109.0</intensity>
      <mass-charge>50.0</mass-charge>
    </ei-ms-peak>
    <ei-ms-peak>
      <ei-ms-id>1138</ei-ms-id>
      <id>122910</id>
      <intensity>149.0</intensity>
      <mass-charge>51.0</mass-charge>
    </ei-ms-peak>
    <ei-ms-peak>
      <ei-ms-id>1138</ei-ms-id>
      <id>122911</id>
      <intensity>60.0</intensity>
      <mass-charge>52.0</mass-charge>
    </ei-ms-peak>
    <ei-ms-peak>
      <ei-ms-id>1138</ei-ms-id>
      <id>122912</id>
      <intensity>279.0</intensity>
      <mass-charge>53.0</mass-charge>
    </ei-ms-peak>
    <ei-ms-peak>
      <ei-ms-id>1138</ei-ms-id>
      <id>122913</id>
      <intensity>319.0</intensity>
      <mass-charge>54.0</mass-charge>
    </ei-ms-peak>
    <ei-ms-peak>
      <ei-ms-id>1138</ei-ms-id>
      <id>122914</id>
      <intensity>2309.0</intensity>
      <mass-charge>55.0</mass-charge>
    </ei-ms-peak>
    <ei-ms-peak>
      <ei-ms-id>1138</ei-ms-id>
      <id>122915</id>
      <intensity>9999.0</intensity>
      <mass-charge>56.0</mass-charge>
    </ei-ms-peak>
    <ei-ms-peak>
      <ei-ms-id>1138</ei-ms-id>
      <id>122916</id>
      <intensity>609.0</intensity>
      <mass-charge>57.0</mass-charge>
    </ei-ms-peak>
    <ei-ms-peak>
      <ei-ms-id>1138</ei-ms-id>
      <id>122917</id>
      <intensity>10.0</intensity>
      <mass-charge>58.0</mass-charge>
    </ei-ms-peak>
    <ei-ms-peak>
      <ei-ms-id>1138</ei-ms-id>
      <id>122918</id>
      <intensity>20.0</intensity>
      <mass-charge>61.0</mass-charge>
    </ei-ms-peak>
    <ei-ms-peak>
      <ei-ms-id>1138</ei-ms-id>
      <id>122919</id>
      <intensity>20.0</intensity>
      <mass-charge>62.0</mass-charge>
    </ei-ms-peak>
    <ei-ms-peak>
      <ei-ms-id>1138</ei-ms-id>
      <id>122920</id>
      <intensity>30.0</intensity>
      <mass-charge>63.0</mass-charge>
    </ei-ms-peak>
    <ei-ms-peak>
      <ei-ms-id>1138</ei-ms-id>
      <id>122921</id>
      <intensity>70.0</intensity>
      <mass-charge>65.0</mass-charge>
    </ei-ms-peak>
    <ei-ms-peak>
      <ei-ms-id>1138</ei-ms-id>
      <id>122922</id>
      <intensity>30.0</intensity>
      <mass-charge>66.0</mass-charge>
    </ei-ms-peak>
    <ei-ms-peak>
      <ei-ms-id>1138</ei-ms-id>
      <id>122923</id>
      <intensity>229.0</intensity>
      <mass-charge>67.0</mass-charge>
    </ei-ms-peak>
    <ei-ms-peak>
      <ei-ms-id>1138</ei-ms-id>
      <id>122924</id>
      <intensity>409.0</intensity>
      <mass-charge>68.0</mass-charge>
    </ei-ms-peak>
    <ei-ms-peak>
      <ei-ms-id>1138</ei-ms-id>
      <id>122925</id>
      <intensity>3539.0</intensity>
      <mass-charge>69.0</mass-charge>
    </ei-ms-peak>
    <ei-ms-peak>
      <ei-ms-id>1138</ei-ms-id>
      <id>122926</id>
      <intensity>189.0</intensity>
      <mass-charge>70.0</mass-charge>
    </ei-ms-peak>
    <ei-ms-peak>
      <ei-ms-id>1138</ei-ms-id>
      <id>122927</id>
      <intensity>10.0</intensity>
      <mass-charge>71.0</mass-charge>
    </ei-ms-peak>
    <ei-ms-peak>
      <ei-ms-id>1138</ei-ms-id>
      <id>122928</id>
      <intensity>10.0</intensity>
      <mass-charge>73.0</mass-charge>
    </ei-ms-peak>
    <ei-ms-peak>
      <ei-ms-id>1138</ei-ms-id>
      <id>122929</id>
      <intensity>10.0</intensity>
      <mass-charge>74.0</mass-charge>
    </ei-ms-peak>
    <ei-ms-peak>
      <ei-ms-id>1138</ei-ms-id>
      <id>122930</id>
      <intensity>30.0</intensity>
      <mass-charge>77.0</mass-charge>
    </ei-ms-peak>
    <ei-ms-peak>
      <ei-ms-id>1138</ei-ms-id>
      <id>122931</id>
      <intensity>30.0</intensity>
      <mass-charge>79.0</mass-charge>
    </ei-ms-peak>
    <ei-ms-peak>
      <ei-ms-id>1138</ei-ms-id>
      <id>122932</id>
      <intensity>30.0</intensity>
      <mass-charge>81.0</mass-charge>
    </ei-ms-peak>
    <ei-ms-peak>
      <ei-ms-id>1138</ei-ms-id>
      <id>122933</id>
      <intensity>80.0</intensity>
      <mass-charge>83.0</mass-charge>
    </ei-ms-peak>
    <ei-ms-peak>
      <ei-ms-id>1138</ei-ms-id>
      <id>122934</id>
      <intensity>1749.0</intensity>
      <mass-charge>84.0</mass-charge>
    </ei-ms-peak>
    <ei-ms-peak>
      <ei-ms-id>1138</ei-ms-id>
      <id>122935</id>
      <intensity>119.0</intensity>
      <mass-charge>85.0</mass-charge>
    </ei-ms-peak>
    <ei-ms-peak>
      <ei-ms-id>1138</ei-ms-id>
      <id>122936</id>
      <intensity>20.0</intensity>
      <mass-charge>86.0</mass-charge>
    </ei-ms-peak>
  </ei-ms-peaks>
</ei-ms>
