<?xml version="1.0" encoding="UTF-8"?>
<ei-ms>
  <collection-date nil="true"/>
  <created-at>2014-09-20T16:21:10Z</created-at>
  <database-id>HMDB00429</database-id>
  <id>155</id>
  <inchi-key>VOXZDWNPVJITMN-SFFUCWETSA-N</inchi-key>
  <instrument-type nil="true"/>
  <molecule-id nil="true"/>
  <notes nil="true"/>
  <peak-counter>151</peak-counter>
  <sample-assessment nil="true"/>
  <sample-concentration nil="true"/>
  <sample-concentration-units nil="true"/>
  <sample-mass nil="true"/>
  <sample-mass-units nil="true"/>
  <sample-source nil="true"/>
  <solvent nil="true"/>
  <spectra-assessment nil="true"/>
  <updated-at>2014-09-20T16:21:10Z</updated-at>
  <references>
    <reference>
      <database>NIST</database>
      <database-id>57-91-0</database-id>
      <id>15027</id>
      <pubmed-id nil="true"/>
      <ref-text>NIST Mass Spec Data Center, S.E. Stein, director, "Mass Spectra" in NIST Chemistry WebBook, NIST Standard Reference Database Number 69, Eds. P.J. Linstrom and W.G. Mallard, National Institute of Standards and Technology, Gaithersburg MD, 20899, http://webbook.nist.gov, (retrieved September 6, 2014).</ref-text>
      <spectra-id>155</spectra-id>
      <spectra-type>EiMs</spectra-type>
    </reference>
  </references>
  <ei-ms-peaks>
    <ei-ms-peak>
      <ei-ms-id>155</ei-ms-id>
      <id>18053</id>
      <intensity>41.0</intensity>
      <mass-charge>16.0</mass-charge>
    </ei-ms-peak>
    <ei-ms-peak>
      <ei-ms-id>155</ei-ms-id>
      <id>18054</id>
      <intensity>214.0</intensity>
      <mass-charge>27.0</mass-charge>
    </ei-ms-peak>
    <ei-ms-peak>
      <ei-ms-id>155</ei-ms-id>
      <id>18055</id>
      <intensity>170.0</intensity>
      <mass-charge>28.0</mass-charge>
    </ei-ms-peak>
    <ei-ms-peak>
      <ei-ms-id>155</ei-ms-id>
      <id>18056</id>
      <intensity>406.0</intensity>
      <mass-charge>29.0</mass-charge>
    </ei-ms-peak>
    <ei-ms-peak>
      <ei-ms-id>155</ei-ms-id>
      <id>18057</id>
      <intensity>45.0</intensity>
      <mass-charge>30.0</mass-charge>
    </ei-ms-peak>
    <ei-ms-peak>
      <ei-ms-id>155</ei-ms-id>
      <id>18058</id>
      <intensity>129.0</intensity>
      <mass-charge>31.0</mass-charge>
    </ei-ms-peak>
    <ei-ms-peak>
      <ei-ms-id>155</ei-ms-id>
      <id>18059</id>
      <intensity>325.0</intensity>
      <mass-charge>39.0</mass-charge>
    </ei-ms-peak>
    <ei-ms-peak>
      <ei-ms-id>155</ei-ms-id>
      <id>18060</id>
      <intensity>88.0</intensity>
      <mass-charge>40.0</mass-charge>
    </ei-ms-peak>
    <ei-ms-peak>
      <ei-ms-id>155</ei-ms-id>
      <id>18061</id>
      <intensity>708.0</intensity>
      <mass-charge>41.0</mass-charge>
    </ei-ms-peak>
    <ei-ms-peak>
      <ei-ms-id>155</ei-ms-id>
      <id>18062</id>
      <intensity>107.0</intensity>
      <mass-charge>42.0</mass-charge>
    </ei-ms-peak>
    <ei-ms-peak>
      <ei-ms-id>155</ei-ms-id>
      <id>18063</id>
      <intensity>428.0</intensity>
      <mass-charge>43.0</mass-charge>
    </ei-ms-peak>
    <ei-ms-peak>
      <ei-ms-id>155</ei-ms-id>
      <id>18064</id>
      <intensity>132.0</intensity>
      <mass-charge>44.0</mass-charge>
    </ei-ms-peak>
    <ei-ms-peak>
      <ei-ms-id>155</ei-ms-id>
      <id>18065</id>
      <intensity>73.0</intensity>
      <mass-charge>45.0</mass-charge>
    </ei-ms-peak>
    <ei-ms-peak>
      <ei-ms-id>155</ei-ms-id>
      <id>18066</id>
      <intensity>152.0</intensity>
      <mass-charge>51.0</mass-charge>
    </ei-ms-peak>
    <ei-ms-peak>
      <ei-ms-id>155</ei-ms-id>
      <id>18067</id>
      <intensity>55.0</intensity>
      <mass-charge>52.0</mass-charge>
    </ei-ms-peak>
    <ei-ms-peak>
      <ei-ms-id>155</ei-ms-id>
      <id>18068</id>
      <intensity>353.0</intensity>
      <mass-charge>53.0</mass-charge>
    </ei-ms-peak>
    <ei-ms-peak>
      <ei-ms-id>155</ei-ms-id>
      <id>18069</id>
      <intensity>66.0</intensity>
      <mass-charge>54.0</mass-charge>
    </ei-ms-peak>
    <ei-ms-peak>
      <ei-ms-id>155</ei-ms-id>
      <id>18070</id>
      <intensity>611.0</intensity>
      <mass-charge>55.0</mass-charge>
    </ei-ms-peak>
    <ei-ms-peak>
      <ei-ms-id>155</ei-ms-id>
      <id>18071</id>
      <intensity>70.0</intensity>
      <mass-charge>56.0</mass-charge>
    </ei-ms-peak>
    <ei-ms-peak>
      <ei-ms-id>155</ei-ms-id>
      <id>18072</id>
      <intensity>426.0</intensity>
      <mass-charge>57.0</mass-charge>
    </ei-ms-peak>
    <ei-ms-peak>
      <ei-ms-id>155</ei-ms-id>
      <id>18073</id>
      <intensity>51.0</intensity>
      <mass-charge>58.0</mass-charge>
    </ei-ms-peak>
    <ei-ms-peak>
      <ei-ms-id>155</ei-ms-id>
      <id>18074</id>
      <intensity>97.0</intensity>
      <mass-charge>63.0</mass-charge>
    </ei-ms-peak>
    <ei-ms-peak>
      <ei-ms-id>155</ei-ms-id>
      <id>18075</id>
      <intensity>40.0</intensity>
      <mass-charge>64.0</mass-charge>
    </ei-ms-peak>
    <ei-ms-peak>
      <ei-ms-id>155</ei-ms-id>
      <id>18076</id>
      <intensity>263.0</intensity>
      <mass-charge>65.0</mass-charge>
    </ei-ms-peak>
    <ei-ms-peak>
      <ei-ms-id>155</ei-ms-id>
      <id>18077</id>
      <intensity>77.0</intensity>
      <mass-charge>66.0</mass-charge>
    </ei-ms-peak>
    <ei-ms-peak>
      <ei-ms-id>155</ei-ms-id>
      <id>18078</id>
      <intensity>394.0</intensity>
      <mass-charge>67.0</mass-charge>
    </ei-ms-peak>
    <ei-ms-peak>
      <ei-ms-id>155</ei-ms-id>
      <id>18079</id>
      <intensity>95.0</intensity>
      <mass-charge>68.0</mass-charge>
    </ei-ms-peak>
    <ei-ms-peak>
      <ei-ms-id>155</ei-ms-id>
      <id>18080</id>
      <intensity>150.0</intensity>
      <mass-charge>69.0</mass-charge>
    </ei-ms-peak>
    <ei-ms-peak>
      <ei-ms-id>155</ei-ms-id>
      <id>18081</id>
      <intensity>74.0</intensity>
      <mass-charge>71.0</mass-charge>
    </ei-ms-peak>
    <ei-ms-peak>
      <ei-ms-id>155</ei-ms-id>
      <id>18082</id>
      <intensity>661.0</intensity>
      <mass-charge>77.0</mass-charge>
    </ei-ms-peak>
    <ei-ms-peak>
      <ei-ms-id>155</ei-ms-id>
      <id>18083</id>
      <intensity>173.0</intensity>
      <mass-charge>78.0</mass-charge>
    </ei-ms-peak>
    <ei-ms-peak>
      <ei-ms-id>155</ei-ms-id>
      <id>18084</id>
      <intensity>568.0</intensity>
      <mass-charge>79.0</mass-charge>
    </ei-ms-peak>
    <ei-ms-peak>
      <ei-ms-id>155</ei-ms-id>
      <id>18085</id>
      <intensity>60.0</intensity>
      <mass-charge>80.0</mass-charge>
    </ei-ms-peak>
    <ei-ms-peak>
      <ei-ms-id>155</ei-ms-id>
      <id>18086</id>
      <intensity>293.0</intensity>
      <mass-charge>81.0</mass-charge>
    </ei-ms-peak>
    <ei-ms-peak>
      <ei-ms-id>155</ei-ms-id>
      <id>18087</id>
      <intensity>79.0</intensity>
      <mass-charge>82.0</mass-charge>
    </ei-ms-peak>
    <ei-ms-peak>
      <ei-ms-id>155</ei-ms-id>
      <id>18088</id>
      <intensity>108.0</intensity>
      <mass-charge>83.0</mass-charge>
    </ei-ms-peak>
    <ei-ms-peak>
      <ei-ms-id>155</ei-ms-id>
      <id>18089</id>
      <intensity>42.0</intensity>
      <mass-charge>84.0</mass-charge>
    </ei-ms-peak>
    <ei-ms-peak>
      <ei-ms-id>155</ei-ms-id>
      <id>18090</id>
      <intensity>64.0</intensity>
      <mass-charge>85.0</mass-charge>
    </ei-ms-peak>
    <ei-ms-peak>
      <ei-ms-id>155</ei-ms-id>
      <id>18091</id>
      <intensity>89.0</intensity>
      <mass-charge>89.0</mass-charge>
    </ei-ms-peak>
    <ei-ms-peak>
      <ei-ms-id>155</ei-ms-id>
      <id>18092</id>
      <intensity>785.0</intensity>
      <mass-charge>91.0</mass-charge>
    </ei-ms-peak>
    <ei-ms-peak>
      <ei-ms-id>155</ei-ms-id>
      <id>18093</id>
      <intensity>133.0</intensity>
      <mass-charge>92.0</mass-charge>
    </ei-ms-peak>
    <ei-ms-peak>
      <ei-ms-id>155</ei-ms-id>
      <id>18094</id>
      <intensity>277.0</intensity>
      <mass-charge>93.0</mass-charge>
    </ei-ms-peak>
    <ei-ms-peak>
      <ei-ms-id>155</ei-ms-id>
      <id>18095</id>
      <intensity>131.0</intensity>
      <mass-charge>94.0</mass-charge>
    </ei-ms-peak>
    <ei-ms-peak>
      <ei-ms-id>155</ei-ms-id>
      <id>18096</id>
      <intensity>216.0</intensity>
      <mass-charge>95.0</mass-charge>
    </ei-ms-peak>
    <ei-ms-peak>
      <ei-ms-id>155</ei-ms-id>
      <id>18097</id>
      <intensity>86.0</intensity>
      <mass-charge>97.0</mass-charge>
    </ei-ms-peak>
    <ei-ms-peak>
      <ei-ms-id>155</ei-ms-id>
      <id>18098</id>
      <intensity>53.0</intensity>
      <mass-charge>98.0</mass-charge>
    </ei-ms-peak>
    <ei-ms-peak>
      <ei-ms-id>155</ei-ms-id>
      <id>18099</id>
      <intensity>51.0</intensity>
      <mass-charge>99.0</mass-charge>
    </ei-ms-peak>
    <ei-ms-peak>
      <ei-ms-id>155</ei-ms-id>
      <id>18100</id>
      <intensity>87.0</intensity>
      <mass-charge>102.0</mass-charge>
    </ei-ms-peak>
    <ei-ms-peak>
      <ei-ms-id>155</ei-ms-id>
      <id>18101</id>
      <intensity>292.0</intensity>
      <mass-charge>103.0</mass-charge>
    </ei-ms-peak>
    <ei-ms-peak>
      <ei-ms-id>155</ei-ms-id>
      <id>18102</id>
      <intensity>80.0</intensity>
      <mass-charge>104.0</mass-charge>
    </ei-ms-peak>
    <ei-ms-peak>
      <ei-ms-id>155</ei-ms-id>
      <id>18103</id>
      <intensity>572.0</intensity>
      <mass-charge>105.0</mass-charge>
    </ei-ms-peak>
    <ei-ms-peak>
      <ei-ms-id>155</ei-ms-id>
      <id>18104</id>
      <intensity>111.0</intensity>
      <mass-charge>106.0</mass-charge>
    </ei-ms-peak>
    <ei-ms-peak>
      <ei-ms-id>155</ei-ms-id>
      <id>18105</id>
      <intensity>753.0</intensity>
      <mass-charge>107.0</mass-charge>
    </ei-ms-peak>
    <ei-ms-peak>
      <ei-ms-id>155</ei-ms-id>
      <id>18106</id>
      <intensity>293.0</intensity>
      <mass-charge>108.0</mass-charge>
    </ei-ms-peak>
    <ei-ms-peak>
      <ei-ms-id>155</ei-ms-id>
      <id>18107</id>
      <intensity>105.0</intensity>
      <mass-charge>109.0</mass-charge>
    </ei-ms-peak>
    <ei-ms-peak>
      <ei-ms-id>155</ei-ms-id>
      <id>18108</id>
      <intensity>802.0</intensity>
      <mass-charge>115.0</mass-charge>
    </ei-ms-peak>
    <ei-ms-peak>
      <ei-ms-id>155</ei-ms-id>
      <id>18109</id>
      <intensity>334.0</intensity>
      <mass-charge>116.0</mass-charge>
    </ei-ms-peak>
    <ei-ms-peak>
      <ei-ms-id>155</ei-ms-id>
      <id>18110</id>
      <intensity>343.0</intensity>
      <mass-charge>117.0</mass-charge>
    </ei-ms-peak>
    <ei-ms-peak>
      <ei-ms-id>155</ei-ms-id>
      <id>18111</id>
      <intensity>70.0</intensity>
      <mass-charge>118.0</mass-charge>
    </ei-ms-peak>
    <ei-ms-peak>
      <ei-ms-id>155</ei-ms-id>
      <id>18112</id>
      <intensity>132.0</intensity>
      <mass-charge>119.0</mass-charge>
    </ei-ms-peak>
    <ei-ms-peak>
      <ei-ms-id>155</ei-ms-id>
      <id>18113</id>
      <intensity>357.0</intensity>
      <mass-charge>120.0</mass-charge>
    </ei-ms-peak>
    <ei-ms-peak>
      <ei-ms-id>155</ei-ms-id>
      <id>18114</id>
      <intensity>410.0</intensity>
      <mass-charge>121.0</mass-charge>
    </ei-ms-peak>
    <ei-ms-peak>
      <ei-ms-id>155</ei-ms-id>
      <id>18115</id>
      <intensity>79.0</intensity>
      <mass-charge>122.0</mass-charge>
    </ei-ms-peak>
    <ei-ms-peak>
      <ei-ms-id>155</ei-ms-id>
      <id>18116</id>
      <intensity>45.0</intensity>
      <mass-charge>123.0</mass-charge>
    </ei-ms-peak>
    <ei-ms-peak>
      <ei-ms-id>155</ei-ms-id>
      <id>18117</id>
      <intensity>586.0</intensity>
      <mass-charge>127.0</mass-charge>
    </ei-ms-peak>
    <ei-ms-peak>
      <ei-ms-id>155</ei-ms-id>
      <id>18118</id>
      <intensity>443.0</intensity>
      <mass-charge>128.0</mass-charge>
    </ei-ms-peak>
    <ei-ms-peak>
      <ei-ms-id>155</ei-ms-id>
      <id>18119</id>
      <intensity>297.0</intensity>
      <mass-charge>129.0</mass-charge>
    </ei-ms-peak>
    <ei-ms-peak>
      <ei-ms-id>155</ei-ms-id>
      <id>18120</id>
      <intensity>104.0</intensity>
      <mass-charge>130.0</mass-charge>
    </ei-ms-peak>
    <ei-ms-peak>
      <ei-ms-id>155</ei-ms-id>
      <id>18121</id>
      <intensity>863.0</intensity>
      <mass-charge>131.0</mass-charge>
    </ei-ms-peak>
    <ei-ms-peak>
      <ei-ms-id>155</ei-ms-id>
      <id>18122</id>
      <intensity>375.0</intensity>
      <mass-charge>132.0</mass-charge>
    </ei-ms-peak>
    <ei-ms-peak>
      <ei-ms-id>155</ei-ms-id>
      <id>18123</id>
      <intensity>1349.0</intensity>
      <mass-charge>133.0</mass-charge>
    </ei-ms-peak>
    <ei-ms-peak>
      <ei-ms-id>155</ei-ms-id>
      <id>18124</id>
      <intensity>315.0</intensity>
      <mass-charge>134.0</mass-charge>
    </ei-ms-peak>
    <ei-ms-peak>
      <ei-ms-id>155</ei-ms-id>
      <id>18125</id>
      <intensity>79.0</intensity>
      <mass-charge>135.0</mass-charge>
    </ei-ms-peak>
    <ei-ms-peak>
      <ei-ms-id>155</ei-ms-id>
      <id>18126</id>
      <intensity>45.0</intensity>
      <mass-charge>139.0</mass-charge>
    </ei-ms-peak>
    <ei-ms-peak>
      <ei-ms-id>155</ei-ms-id>
      <id>18127</id>
      <intensity>342.0</intensity>
      <mass-charge>141.0</mass-charge>
    </ei-ms-peak>
    <ei-ms-peak>
      <ei-ms-id>155</ei-ms-id>
      <id>18128</id>
      <intensity>81.0</intensity>
      <mass-charge>142.0</mass-charge>
    </ei-ms-peak>
    <ei-ms-peak>
      <ei-ms-id>155</ei-ms-id>
      <id>18129</id>
      <intensity>108.0</intensity>
      <mass-charge>143.0</mass-charge>
    </ei-ms-peak>
    <ei-ms-peak>
      <ei-ms-id>155</ei-ms-id>
      <id>18130</id>
      <intensity>715.0</intensity>
      <mass-charge>144.0</mass-charge>
    </ei-ms-peak>
    <ei-ms-peak>
      <ei-ms-id>155</ei-ms-id>
      <id>18131</id>
      <intensity>1358.0</intensity>
      <mass-charge>145.0</mass-charge>
    </ei-ms-peak>
    <ei-ms-peak>
      <ei-ms-id>155</ei-ms-id>
      <id>18132</id>
      <intensity>2343.0</intensity>
      <mass-charge>146.0</mass-charge>
    </ei-ms-peak>
    <ei-ms-peak>
      <ei-ms-id>155</ei-ms-id>
      <id>18133</id>
      <intensity>872.0</intensity>
      <mass-charge>147.0</mass-charge>
    </ei-ms-peak>
    <ei-ms-peak>
      <ei-ms-id>155</ei-ms-id>
      <id>18134</id>
      <intensity>134.0</intensity>
      <mass-charge>148.0</mass-charge>
    </ei-ms-peak>
    <ei-ms-peak>
      <ei-ms-id>155</ei-ms-id>
      <id>18135</id>
      <intensity>119.0</intensity>
      <mass-charge>151.0</mass-charge>
    </ei-ms-peak>
    <ei-ms-peak>
      <ei-ms-id>155</ei-ms-id>
      <id>18136</id>
      <intensity>162.0</intensity>
      <mass-charge>152.0</mass-charge>
    </ei-ms-peak>
    <ei-ms-peak>
      <ei-ms-id>155</ei-ms-id>
      <id>18137</id>
      <intensity>141.0</intensity>
      <mass-charge>153.0</mass-charge>
    </ei-ms-peak>
    <ei-ms-peak>
      <ei-ms-id>155</ei-ms-id>
      <id>18138</id>
      <intensity>76.0</intensity>
      <mass-charge>154.0</mass-charge>
    </ei-ms-peak>
    <ei-ms-peak>
      <ei-ms-id>155</ei-ms-id>
      <id>18139</id>
      <intensity>79.0</intensity>
      <mass-charge>155.0</mass-charge>
    </ei-ms-peak>
    <ei-ms-peak>
      <ei-ms-id>155</ei-ms-id>
      <id>18140</id>
      <intensity>45.0</intensity>
      <mass-charge>156.0</mass-charge>
    </ei-ms-peak>
    <ei-ms-peak>
      <ei-ms-id>155</ei-ms-id>
      <id>18141</id>
      <intensity>1129.0</intensity>
      <mass-charge>157.0</mass-charge>
    </ei-ms-peak>
    <ei-ms-peak>
      <ei-ms-id>155</ei-ms-id>
      <id>18142</id>
      <intensity>1032.0</intensity>
      <mass-charge>158.0</mass-charge>
    </ei-ms-peak>
    <ei-ms-peak>
      <ei-ms-id>155</ei-ms-id>
      <id>18143</id>
      <intensity>1616.0</intensity>
      <mass-charge>159.0</mass-charge>
    </ei-ms-peak>
    <ei-ms-peak>
      <ei-ms-id>155</ei-ms-id>
      <id>18144</id>
      <intensity>2345.0</intensity>
      <mass-charge>160.0</mass-charge>
    </ei-ms-peak>
    <ei-ms-peak>
      <ei-ms-id>155</ei-ms-id>
      <id>18145</id>
      <intensity>348.0</intensity>
      <mass-charge>161.0</mass-charge>
    </ei-ms-peak>
    <ei-ms-peak>
      <ei-ms-id>155</ei-ms-id>
      <id>18146</id>
      <intensity>45.0</intensity>
      <mass-charge>162.0</mass-charge>
    </ei-ms-peak>
    <ei-ms-peak>
      <ei-ms-id>155</ei-ms-id>
      <id>18147</id>
      <intensity>205.0</intensity>
      <mass-charge>165.0</mass-charge>
    </ei-ms-peak>
    <ei-ms-peak>
      <ei-ms-id>155</ei-ms-id>
      <id>18148</id>
      <intensity>66.0</intensity>
      <mass-charge>166.0</mass-charge>
    </ei-ms-peak>
    <ei-ms-peak>
      <ei-ms-id>155</ei-ms-id>
      <id>18149</id>
      <intensity>84.0</intensity>
      <mass-charge>167.0</mass-charge>
    </ei-ms-peak>
    <ei-ms-peak>
      <ei-ms-id>155</ei-ms-id>
      <id>18150</id>
      <intensity>129.0</intensity>
      <mass-charge>169.0</mass-charge>
    </ei-ms-peak>
    <ei-ms-peak>
      <ei-ms-id>155</ei-ms-id>
      <id>18151</id>
      <intensity>283.0</intensity>
      <mass-charge>170.0</mass-charge>
    </ei-ms-peak>
    <ei-ms-peak>
      <ei-ms-id>155</ei-ms-id>
      <id>18152</id>
      <intensity>568.0</intensity>
      <mass-charge>171.0</mass-charge>
    </ei-ms-peak>
    <ei-ms-peak>
      <ei-ms-id>155</ei-ms-id>
      <id>18153</id>
      <intensity>2495.0</intensity>
      <mass-charge>172.0</mass-charge>
    </ei-ms-peak>
    <ei-ms-peak>
      <ei-ms-id>155</ei-ms-id>
      <id>18154</id>
      <intensity>611.0</intensity>
      <mass-charge>173.0</mass-charge>
    </ei-ms-peak>
    <ei-ms-peak>
      <ei-ms-id>155</ei-ms-id>
      <id>18155</id>
      <intensity>96.0</intensity>
      <mass-charge>174.0</mass-charge>
    </ei-ms-peak>
    <ei-ms-peak>
      <ei-ms-id>155</ei-ms-id>
      <id>18156</id>
      <intensity>320.0</intensity>
      <mass-charge>175.0</mass-charge>
    </ei-ms-peak>
    <ei-ms-peak>
      <ei-ms-id>155</ei-ms-id>
      <id>18157</id>
      <intensity>75.0</intensity>
      <mass-charge>176.0</mass-charge>
    </ei-ms-peak>
    <ei-ms-peak>
      <ei-ms-id>155</ei-ms-id>
      <id>18158</id>
      <intensity>51.0</intensity>
      <mass-charge>178.0</mass-charge>
    </ei-ms-peak>
    <ei-ms-peak>
      <ei-ms-id>155</ei-ms-id>
      <id>18159</id>
      <intensity>85.0</intensity>
      <mass-charge>179.0</mass-charge>
    </ei-ms-peak>
    <ei-ms-peak>
      <ei-ms-id>155</ei-ms-id>
      <id>18160</id>
      <intensity>138.0</intensity>
      <mass-charge>181.0</mass-charge>
    </ei-ms-peak>
    <ei-ms-peak>
      <ei-ms-id>155</ei-ms-id>
      <id>18161</id>
      <intensity>81.0</intensity>
      <mass-charge>182.0</mass-charge>
    </ei-ms-peak>
    <ei-ms-peak>
      <ei-ms-id>155</ei-ms-id>
      <id>18162</id>
      <intensity>332.0</intensity>
      <mass-charge>183.0</mass-charge>
    </ei-ms-peak>
    <ei-ms-peak>
      <ei-ms-id>155</ei-ms-id>
      <id>18163</id>
      <intensity>242.0</intensity>
      <mass-charge>184.0</mass-charge>
    </ei-ms-peak>
    <ei-ms-peak>
      <ei-ms-id>155</ei-ms-id>
      <id>18164</id>
      <intensity>875.0</intensity>
      <mass-charge>185.0</mass-charge>
    </ei-ms-peak>
    <ei-ms-peak>
      <ei-ms-id>155</ei-ms-id>
      <id>18165</id>
      <intensity>1399.0</intensity>
      <mass-charge>186.0</mass-charge>
    </ei-ms-peak>
    <ei-ms-peak>
      <ei-ms-id>155</ei-ms-id>
      <id>18166</id>
      <intensity>298.0</intensity>
      <mass-charge>187.0</mass-charge>
    </ei-ms-peak>
    <ei-ms-peak>
      <ei-ms-id>155</ei-ms-id>
      <id>18167</id>
      <intensity>694.0</intensity>
      <mass-charge>188.0</mass-charge>
    </ei-ms-peak>
    <ei-ms-peak>
      <ei-ms-id>155</ei-ms-id>
      <id>18168</id>
      <intensity>131.0</intensity>
      <mass-charge>189.0</mass-charge>
    </ei-ms-peak>
    <ei-ms-peak>
      <ei-ms-id>155</ei-ms-id>
      <id>18169</id>
      <intensity>71.0</intensity>
      <mass-charge>195.0</mass-charge>
    </ei-ms-peak>
    <ei-ms-peak>
      <ei-ms-id>155</ei-ms-id>
      <id>18170</id>
      <intensity>89.0</intensity>
      <mass-charge>196.0</mass-charge>
    </ei-ms-peak>
    <ei-ms-peak>
      <ei-ms-id>155</ei-ms-id>
      <id>18171</id>
      <intensity>432.0</intensity>
      <mass-charge>197.0</mass-charge>
    </ei-ms-peak>
    <ei-ms-peak>
      <ei-ms-id>155</ei-ms-id>
      <id>18172</id>
      <intensity>259.0</intensity>
      <mass-charge>198.0</mass-charge>
    </ei-ms-peak>
    <ei-ms-peak>
      <ei-ms-id>155</ei-ms-id>
      <id>18173</id>
      <intensity>498.0</intensity>
      <mass-charge>199.0</mass-charge>
    </ei-ms-peak>
    <ei-ms-peak>
      <ei-ms-id>155</ei-ms-id>
      <id>18174</id>
      <intensity>347.0</intensity>
      <mass-charge>200.0</mass-charge>
    </ei-ms-peak>
    <ei-ms-peak>
      <ei-ms-id>155</ei-ms-id>
      <id>18175</id>
      <intensity>191.0</intensity>
      <mass-charge>201.0</mass-charge>
    </ei-ms-peak>
    <ei-ms-peak>
      <ei-ms-id>155</ei-ms-id>
      <id>18176</id>
      <intensity>73.0</intensity>
      <mass-charge>202.0</mass-charge>
    </ei-ms-peak>
    <ei-ms-peak>
      <ei-ms-id>155</ei-ms-id>
      <id>18177</id>
      <intensity>64.0</intensity>
      <mass-charge>209.0</mass-charge>
    </ei-ms-peak>
    <ei-ms-peak>
      <ei-ms-id>155</ei-ms-id>
      <id>18178</id>
      <intensity>58.0</intensity>
      <mass-charge>210.0</mass-charge>
    </ei-ms-peak>
    <ei-ms-peak>
      <ei-ms-id>155</ei-ms-id>
      <id>18179</id>
      <intensity>599.0</intensity>
      <mass-charge>211.0</mass-charge>
    </ei-ms-peak>
    <ei-ms-peak>
      <ei-ms-id>155</ei-ms-id>
      <id>18180</id>
      <intensity>236.0</intensity>
      <mass-charge>212.0</mass-charge>
    </ei-ms-peak>
    <ei-ms-peak>
      <ei-ms-id>155</ei-ms-id>
      <id>18181</id>
      <intensity>2903.0</intensity>
      <mass-charge>213.0</mass-charge>
    </ei-ms-peak>
    <ei-ms-peak>
      <ei-ms-id>155</ei-ms-id>
      <id>18182</id>
      <intensity>561.0</intensity>
      <mass-charge>214.0</mass-charge>
    </ei-ms-peak>
    <ei-ms-peak>
      <ei-ms-id>155</ei-ms-id>
      <id>18183</id>
      <intensity>334.0</intensity>
      <mass-charge>215.0</mass-charge>
    </ei-ms-peak>
    <ei-ms-peak>
      <ei-ms-id>155</ei-ms-id>
      <id>18184</id>
      <intensity>71.0</intensity>
      <mass-charge>216.0</mass-charge>
    </ei-ms-peak>
    <ei-ms-peak>
      <ei-ms-id>155</ei-ms-id>
      <id>18185</id>
      <intensity>458.0</intensity>
      <mass-charge>225.0</mass-charge>
    </ei-ms-peak>
    <ei-ms-peak>
      <ei-ms-id>155</ei-ms-id>
      <id>18186</id>
      <intensity>1044.0</intensity>
      <mass-charge>226.0</mass-charge>
    </ei-ms-peak>
    <ei-ms-peak>
      <ei-ms-id>155</ei-ms-id>
      <id>18187</id>
      <intensity>215.0</intensity>
      <mass-charge>227.0</mass-charge>
    </ei-ms-peak>
    <ei-ms-peak>
      <ei-ms-id>155</ei-ms-id>
      <id>18188</id>
      <intensity>277.0</intensity>
      <mass-charge>228.0</mass-charge>
    </ei-ms-peak>
    <ei-ms-peak>
      <ei-ms-id>155</ei-ms-id>
      <id>18189</id>
      <intensity>92.0</intensity>
      <mass-charge>229.0</mass-charge>
    </ei-ms-peak>
    <ei-ms-peak>
      <ei-ms-id>155</ei-ms-id>
      <id>18190</id>
      <intensity>99.0</intensity>
      <mass-charge>237.0</mass-charge>
    </ei-ms-peak>
    <ei-ms-peak>
      <ei-ms-id>155</ei-ms-id>
      <id>18191</id>
      <intensity>247.0</intensity>
      <mass-charge>239.0</mass-charge>
    </ei-ms-peak>
    <ei-ms-peak>
      <ei-ms-id>155</ei-ms-id>
      <id>18192</id>
      <intensity>44.0</intensity>
      <mass-charge>240.0</mass-charge>
    </ei-ms-peak>
    <ei-ms-peak>
      <ei-ms-id>155</ei-ms-id>
      <id>18193</id>
      <intensity>56.0</intensity>
      <mass-charge>243.0</mass-charge>
    </ei-ms-peak>
    <ei-ms-peak>
      <ei-ms-id>155</ei-ms-id>
      <id>18194</id>
      <intensity>236.0</intensity>
      <mass-charge>244.0</mass-charge>
    </ei-ms-peak>
    <ei-ms-peak>
      <ei-ms-id>155</ei-ms-id>
      <id>18195</id>
      <intensity>56.0</intensity>
      <mass-charge>252.0</mass-charge>
    </ei-ms-peak>
    <ei-ms-peak>
      <ei-ms-id>155</ei-ms-id>
      <id>18196</id>
      <intensity>486.0</intensity>
      <mass-charge>253.0</mass-charge>
    </ei-ms-peak>
    <ei-ms-peak>
      <ei-ms-id>155</ei-ms-id>
      <id>18197</id>
      <intensity>555.0</intensity>
      <mass-charge>254.0</mass-charge>
    </ei-ms-peak>
    <ei-ms-peak>
      <ei-ms-id>155</ei-ms-id>
      <id>18198</id>
      <intensity>119.0</intensity>
      <mass-charge>255.0</mass-charge>
    </ei-ms-peak>
    <ei-ms-peak>
      <ei-ms-id>155</ei-ms-id>
      <id>18199</id>
      <intensity>43.0</intensity>
      <mass-charge>257.0</mass-charge>
    </ei-ms-peak>
    <ei-ms-peak>
      <ei-ms-id>155</ei-ms-id>
      <id>18200</id>
      <intensity>183.0</intensity>
      <mass-charge>270.0</mass-charge>
    </ei-ms-peak>
    <ei-ms-peak>
      <ei-ms-id>155</ei-ms-id>
      <id>18201</id>
      <intensity>9999.0</intensity>
      <mass-charge>272.0</mass-charge>
    </ei-ms-peak>
    <ei-ms-peak>
      <ei-ms-id>155</ei-ms-id>
      <id>18202</id>
      <intensity>2052.0</intensity>
      <mass-charge>273.0</mass-charge>
    </ei-ms-peak>
    <ei-ms-peak>
      <ei-ms-id>155</ei-ms-id>
      <id>18203</id>
      <intensity>210.0</intensity>
      <mass-charge>274.0</mass-charge>
    </ei-ms-peak>
  </ei-ms-peaks>
</ei-ms>
