<?xml version="1.0" encoding="UTF-8"?>
<ei-ms>
  <collection-date nil="true"/>
  <created-at>2014-09-20T16:37:21Z</created-at>
  <database-id>HMDB32029</database-id>
  <id>818</id>
  <inchi-key>CRBJBYGJVIBWIY-UHFFFAOYSA-N</inchi-key>
  <instrument-type nil="true"/>
  <molecule-id nil="true"/>
  <notes nil="true"/>
  <peak-counter>53</peak-counter>
  <sample-assessment nil="true"/>
  <sample-concentration nil="true"/>
  <sample-concentration-units nil="true"/>
  <sample-mass nil="true"/>
  <sample-mass-units nil="true"/>
  <sample-source nil="true"/>
  <solvent nil="true"/>
  <spectra-assessment nil="true"/>
  <updated-at>2014-09-20T16:37:21Z</updated-at>
  <references>
    <reference>
      <database>NIST</database>
      <database-id>88-69-7</database-id>
      <id>15690</id>
      <pubmed-id nil="true"/>
      <ref-text>NIST Mass Spec Data Center, S.E. Stein, director, "Mass Spectra" in NIST Chemistry WebBook, NIST Standard Reference Database Number 69, Eds. P.J. Linstrom and W.G. Mallard, National Institute of Standards and Technology, Gaithersburg MD, 20899, http://webbook.nist.gov, (retrieved September 6, 2014).</ref-text>
      <spectra-id>818</spectra-id>
      <spectra-type>EiMs</spectra-type>
    </reference>
  </references>
  <ei-ms-peaks>
    <ei-ms-peak>
      <ei-ms-id>818</ei-ms-id>
      <id>90172</id>
      <intensity>60.0</intensity>
      <mass-charge>18.0</mass-charge>
    </ei-ms-peak>
    <ei-ms-peak>
      <ei-ms-id>818</ei-ms-id>
      <id>90173</id>
      <intensity>329.0</intensity>
      <mass-charge>27.0</mass-charge>
    </ei-ms-peak>
    <ei-ms-peak>
      <ei-ms-id>818</ei-ms-id>
      <id>90174</id>
      <intensity>129.0</intensity>
      <mass-charge>28.0</mass-charge>
    </ei-ms-peak>
    <ei-ms-peak>
      <ei-ms-id>818</ei-ms-id>
      <id>90175</id>
      <intensity>129.0</intensity>
      <mass-charge>38.0</mass-charge>
    </ei-ms-peak>
    <ei-ms-peak>
      <ei-ms-id>818</ei-ms-id>
      <id>90176</id>
      <intensity>769.0</intensity>
      <mass-charge>39.0</mass-charge>
    </ei-ms-peak>
    <ei-ms-peak>
      <ei-ms-id>818</ei-ms-id>
      <id>90177</id>
      <intensity>99.0</intensity>
      <mass-charge>40.0</mass-charge>
    </ei-ms-peak>
    <ei-ms-peak>
      <ei-ms-id>818</ei-ms-id>
      <id>90178</id>
      <intensity>339.0</intensity>
      <mass-charge>41.0</mass-charge>
    </ei-ms-peak>
    <ei-ms-peak>
      <ei-ms-id>818</ei-ms-id>
      <id>90179</id>
      <intensity>60.0</intensity>
      <mass-charge>43.0</mass-charge>
    </ei-ms-peak>
    <ei-ms-peak>
      <ei-ms-id>818</ei-ms-id>
      <id>90180</id>
      <intensity>60.0</intensity>
      <mass-charge>45.0</mass-charge>
    </ei-ms-peak>
    <ei-ms-peak>
      <ei-ms-id>818</ei-ms-id>
      <id>90181</id>
      <intensity>179.0</intensity>
      <mass-charge>50.0</mass-charge>
    </ei-ms-peak>
    <ei-ms-peak>
      <ei-ms-id>818</ei-ms-id>
      <id>90182</id>
      <intensity>519.0</intensity>
      <mass-charge>51.0</mass-charge>
    </ei-ms-peak>
    <ei-ms-peak>
      <ei-ms-id>818</ei-ms-id>
      <id>90183</id>
      <intensity>139.0</intensity>
      <mass-charge>52.0</mass-charge>
    </ei-ms-peak>
    <ei-ms-peak>
      <ei-ms-id>818</ei-ms-id>
      <id>90184</id>
      <intensity>179.0</intensity>
      <mass-charge>53.0</mass-charge>
    </ei-ms-peak>
    <ei-ms-peak>
      <ei-ms-id>818</ei-ms-id>
      <id>90185</id>
      <intensity>129.0</intensity>
      <mass-charge>55.0</mass-charge>
    </ei-ms-peak>
    <ei-ms-peak>
      <ei-ms-id>818</ei-ms-id>
      <id>90186</id>
      <intensity>50.0</intensity>
      <mass-charge>59.0</mass-charge>
    </ei-ms-peak>
    <ei-ms-peak>
      <ei-ms-id>818</ei-ms-id>
      <id>90187</id>
      <intensity>159.0</intensity>
      <mass-charge>60.0</mass-charge>
    </ei-ms-peak>
    <ei-ms-peak>
      <ei-ms-id>818</ei-ms-id>
      <id>90188</id>
      <intensity>99.0</intensity>
      <mass-charge>62.0</mass-charge>
    </ei-ms-peak>
    <ei-ms-peak>
      <ei-ms-id>818</ei-ms-id>
      <id>90189</id>
      <intensity>289.0</intensity>
      <mass-charge>63.0</mass-charge>
    </ei-ms-peak>
    <ei-ms-peak>
      <ei-ms-id>818</ei-ms-id>
      <id>90190</id>
      <intensity>80.0</intensity>
      <mass-charge>64.0</mass-charge>
    </ei-ms-peak>
    <ei-ms-peak>
      <ei-ms-id>818</ei-ms-id>
      <id>90191</id>
      <intensity>509.0</intensity>
      <mass-charge>65.0</mass-charge>
    </ei-ms-peak>
    <ei-ms-peak>
      <ei-ms-id>818</ei-ms-id>
      <id>90192</id>
      <intensity>139.0</intensity>
      <mass-charge>66.0</mass-charge>
    </ei-ms-peak>
    <ei-ms-peak>
      <ei-ms-id>818</ei-ms-id>
      <id>90193</id>
      <intensity>119.0</intensity>
      <mass-charge>67.0</mass-charge>
    </ei-ms-peak>
    <ei-ms-peak>
      <ei-ms-id>818</ei-ms-id>
      <id>90194</id>
      <intensity>60.0</intensity>
      <mass-charge>74.0</mass-charge>
    </ei-ms-peak>
    <ei-ms-peak>
      <ei-ms-id>818</ei-ms-id>
      <id>90195</id>
      <intensity>109.0</intensity>
      <mass-charge>75.0</mass-charge>
    </ei-ms-peak>
    <ei-ms-peak>
      <ei-ms-id>818</ei-ms-id>
      <id>90196</id>
      <intensity>60.0</intensity>
      <mass-charge>76.0</mass-charge>
    </ei-ms-peak>
    <ei-ms-peak>
      <ei-ms-id>818</ei-ms-id>
      <id>90197</id>
      <intensity>1619.0</intensity>
      <mass-charge>77.0</mass-charge>
    </ei-ms-peak>
    <ei-ms-peak>
      <ei-ms-id>818</ei-ms-id>
      <id>90198</id>
      <intensity>229.0</intensity>
      <mass-charge>78.0</mass-charge>
    </ei-ms-peak>
    <ei-ms-peak>
      <ei-ms-id>818</ei-ms-id>
      <id>90199</id>
      <intensity>129.0</intensity>
      <mass-charge>79.0</mass-charge>
    </ei-ms-peak>
    <ei-ms-peak>
      <ei-ms-id>818</ei-ms-id>
      <id>90200</id>
      <intensity>109.0</intensity>
      <mass-charge>89.0</mass-charge>
    </ei-ms-peak>
    <ei-ms-peak>
      <ei-ms-id>818</ei-ms-id>
      <id>90201</id>
      <intensity>40.0</intensity>
      <mass-charge>90.0</mass-charge>
    </ei-ms-peak>
    <ei-ms-peak>
      <ei-ms-id>818</ei-ms-id>
      <id>90202</id>
      <intensity>1179.0</intensity>
      <mass-charge>91.0</mass-charge>
    </ei-ms-peak>
    <ei-ms-peak>
      <ei-ms-id>818</ei-ms-id>
      <id>90203</id>
      <intensity>169.0</intensity>
      <mass-charge>92.0</mass-charge>
    </ei-ms-peak>
    <ei-ms-peak>
      <ei-ms-id>818</ei-ms-id>
      <id>90204</id>
      <intensity>559.0</intensity>
      <mass-charge>93.0</mass-charge>
    </ei-ms-peak>
    <ei-ms-peak>
      <ei-ms-id>818</ei-ms-id>
      <id>90205</id>
      <intensity>169.0</intensity>
      <mass-charge>94.0</mass-charge>
    </ei-ms-peak>
    <ei-ms-peak>
      <ei-ms-id>818</ei-ms-id>
      <id>90206</id>
      <intensity>99.0</intensity>
      <mass-charge>95.0</mass-charge>
    </ei-ms-peak>
    <ei-ms-peak>
      <ei-ms-id>818</ei-ms-id>
      <id>90207</id>
      <intensity>60.0</intensity>
      <mass-charge>101.0</mass-charge>
    </ei-ms-peak>
    <ei-ms-peak>
      <ei-ms-id>818</ei-ms-id>
      <id>90208</id>
      <intensity>169.0</intensity>
      <mass-charge>102.0</mass-charge>
    </ei-ms-peak>
    <ei-ms-peak>
      <ei-ms-id>818</ei-ms-id>
      <id>90209</id>
      <intensity>2109.0</intensity>
      <mass-charge>103.0</mass-charge>
    </ei-ms-peak>
    <ei-ms-peak>
      <ei-ms-id>818</ei-ms-id>
      <id>90210</id>
      <intensity>209.0</intensity>
      <mass-charge>104.0</mass-charge>
    </ei-ms-peak>
    <ei-ms-peak>
      <ei-ms-id>818</ei-ms-id>
      <id>90211</id>
      <intensity>60.0</intensity>
      <mass-charge>105.0</mass-charge>
    </ei-ms-peak>
    <ei-ms-peak>
      <ei-ms-id>818</ei-ms-id>
      <id>90212</id>
      <intensity>279.0</intensity>
      <mass-charge>107.0</mass-charge>
    </ei-ms-peak>
    <ei-ms-peak>
      <ei-ms-id>818</ei-ms-id>
      <id>90213</id>
      <intensity>209.0</intensity>
      <mass-charge>115.0</mass-charge>
    </ei-ms-peak>
    <ei-ms-peak>
      <ei-ms-id>818</ei-ms-id>
      <id>90214</id>
      <intensity>50.0</intensity>
      <mass-charge>116.0</mass-charge>
    </ei-ms-peak>
    <ei-ms-peak>
      <ei-ms-id>818</ei-ms-id>
      <id>90215</id>
      <intensity>80.0</intensity>
      <mass-charge>117.0</mass-charge>
    </ei-ms-peak>
    <ei-ms-peak>
      <ei-ms-id>818</ei-ms-id>
      <id>90216</id>
      <intensity>10.0</intensity>
      <mass-charge>118.0</mass-charge>
    </ei-ms-peak>
    <ei-ms-peak>
      <ei-ms-id>818</ei-ms-id>
      <id>90217</id>
      <intensity>109.0</intensity>
      <mass-charge>119.0</mass-charge>
    </ei-ms-peak>
    <ei-ms-peak>
      <ei-ms-id>818</ei-ms-id>
      <id>90218</id>
      <intensity>159.0</intensity>
      <mass-charge>120.0</mass-charge>
    </ei-ms-peak>
    <ei-ms-peak>
      <ei-ms-id>818</ei-ms-id>
      <id>90219</id>
      <intensity>9999.0</intensity>
      <mass-charge>121.0</mass-charge>
    </ei-ms-peak>
    <ei-ms-peak>
      <ei-ms-id>818</ei-ms-id>
      <id>90220</id>
      <intensity>899.0</intensity>
      <mass-charge>122.0</mass-charge>
    </ei-ms-peak>
    <ei-ms-peak>
      <ei-ms-id>818</ei-ms-id>
      <id>90221</id>
      <intensity>60.0</intensity>
      <mass-charge>123.0</mass-charge>
    </ei-ms-peak>
    <ei-ms-peak>
      <ei-ms-id>818</ei-ms-id>
      <id>90222</id>
      <intensity>60.0</intensity>
      <mass-charge>135.0</mass-charge>
    </ei-ms-peak>
    <ei-ms-peak>
      <ei-ms-id>818</ei-ms-id>
      <id>90223</id>
      <intensity>3639.0</intensity>
      <mass-charge>136.0</mass-charge>
    </ei-ms-peak>
    <ei-ms-peak>
      <ei-ms-id>818</ei-ms-id>
      <id>90224</id>
      <intensity>389.0</intensity>
      <mass-charge>137.0</mass-charge>
    </ei-ms-peak>
  </ei-ms-peaks>
</ei-ms>
