<?xml version="1.0" encoding="UTF-8"?>
<ei-ms>
  <collection-date nil="true"/>
  <created-at>2014-09-20T16:41:39Z</created-at>
  <database-id>HMDB01926</database-id>
  <id>1001</id>
  <inchi-key>BFPYWIDHMRZLRN-SLHNCBLASA-N</inchi-key>
  <instrument-type nil="true"/>
  <molecule-id nil="true"/>
  <notes nil="true"/>
  <peak-counter>225</peak-counter>
  <sample-assessment nil="true"/>
  <sample-concentration nil="true"/>
  <sample-concentration-units nil="true"/>
  <sample-mass nil="true"/>
  <sample-mass-units nil="true"/>
  <sample-source nil="true"/>
  <solvent nil="true"/>
  <spectra-assessment nil="true"/>
  <updated-at>2014-09-20T16:41:39Z</updated-at>
  <references>
    <reference>
      <database>NIST</database>
      <database-id>57-63-6</database-id>
      <id>15873</id>
      <pubmed-id nil="true"/>
      <ref-text>NIST Mass Spec Data Center, S.E. Stein, director, "Mass Spectra" in NIST Chemistry WebBook, NIST Standard Reference Database Number 69, Eds. P.J. Linstrom and W.G. Mallard, National Institute of Standards and Technology, Gaithersburg MD, 20899, http://webbook.nist.gov, (retrieved September 6, 2014).</ref-text>
      <spectra-id>1001</spectra-id>
      <spectra-type>EiMs</spectra-type>
    </reference>
  </references>
  <ei-ms-peaks>
    <ei-ms-peak>
      <ei-ms-id>1001</ei-ms-id>
      <id>108749</id>
      <intensity>30.0</intensity>
      <mass-charge>25.0</mass-charge>
    </ei-ms-peak>
    <ei-ms-peak>
      <ei-ms-id>1001</ei-ms-id>
      <id>108750</id>
      <intensity>209.0</intensity>
      <mass-charge>26.0</mass-charge>
    </ei-ms-peak>
    <ei-ms-peak>
      <ei-ms-id>1001</ei-ms-id>
      <id>108751</id>
      <intensity>119.0</intensity>
      <mass-charge>27.0</mass-charge>
    </ei-ms-peak>
    <ei-ms-peak>
      <ei-ms-id>1001</ei-ms-id>
      <id>108752</id>
      <intensity>99.0</intensity>
      <mass-charge>28.0</mass-charge>
    </ei-ms-peak>
    <ei-ms-peak>
      <ei-ms-id>1001</ei-ms-id>
      <id>108753</id>
      <intensity>99.0</intensity>
      <mass-charge>29.0</mass-charge>
    </ei-ms-peak>
    <ei-ms-peak>
      <ei-ms-id>1001</ei-ms-id>
      <id>108754</id>
      <intensity>199.0</intensity>
      <mass-charge>39.0</mass-charge>
    </ei-ms-peak>
    <ei-ms-peak>
      <ei-ms-id>1001</ei-ms-id>
      <id>108755</id>
      <intensity>60.0</intensity>
      <mass-charge>40.0</mass-charge>
    </ei-ms-peak>
    <ei-ms-peak>
      <ei-ms-id>1001</ei-ms-id>
      <id>108756</id>
      <intensity>449.0</intensity>
      <mass-charge>41.0</mass-charge>
    </ei-ms-peak>
    <ei-ms-peak>
      <ei-ms-id>1001</ei-ms-id>
      <id>108757</id>
      <intensity>30.0</intensity>
      <mass-charge>42.0</mass-charge>
    </ei-ms-peak>
    <ei-ms-peak>
      <ei-ms-id>1001</ei-ms-id>
      <id>108758</id>
      <intensity>259.0</intensity>
      <mass-charge>43.0</mass-charge>
    </ei-ms-peak>
    <ei-ms-peak>
      <ei-ms-id>1001</ei-ms-id>
      <id>108759</id>
      <intensity>10.0</intensity>
      <mass-charge>44.0</mass-charge>
    </ei-ms-peak>
    <ei-ms-peak>
      <ei-ms-id>1001</ei-ms-id>
      <id>108760</id>
      <intensity>10.0</intensity>
      <mass-charge>50.0</mass-charge>
    </ei-ms-peak>
    <ei-ms-peak>
      <ei-ms-id>1001</ei-ms-id>
      <id>108761</id>
      <intensity>99.0</intensity>
      <mass-charge>51.0</mass-charge>
    </ei-ms-peak>
    <ei-ms-peak>
      <ei-ms-id>1001</ei-ms-id>
      <id>108762</id>
      <intensity>30.0</intensity>
      <mass-charge>52.0</mass-charge>
    </ei-ms-peak>
    <ei-ms-peak>
      <ei-ms-id>1001</ei-ms-id>
      <id>108763</id>
      <intensity>379.0</intensity>
      <mass-charge>53.0</mass-charge>
    </ei-ms-peak>
    <ei-ms-peak>
      <ei-ms-id>1001</ei-ms-id>
      <id>108764</id>
      <intensity>40.0</intensity>
      <mass-charge>54.0</mass-charge>
    </ei-ms-peak>
    <ei-ms-peak>
      <ei-ms-id>1001</ei-ms-id>
      <id>108765</id>
      <intensity>499.0</intensity>
      <mass-charge>55.0</mass-charge>
    </ei-ms-peak>
    <ei-ms-peak>
      <ei-ms-id>1001</ei-ms-id>
      <id>108766</id>
      <intensity>30.0</intensity>
      <mass-charge>56.0</mass-charge>
    </ei-ms-peak>
    <ei-ms-peak>
      <ei-ms-id>1001</ei-ms-id>
      <id>108767</id>
      <intensity>60.0</intensity>
      <mass-charge>57.0</mass-charge>
    </ei-ms-peak>
    <ei-ms-peak>
      <ei-ms-id>1001</ei-ms-id>
      <id>108768</id>
      <intensity>40.0</intensity>
      <mass-charge>63.0</mass-charge>
    </ei-ms-peak>
    <ei-ms-peak>
      <ei-ms-id>1001</ei-ms-id>
      <id>108769</id>
      <intensity>30.0</intensity>
      <mass-charge>64.0</mass-charge>
    </ei-ms-peak>
    <ei-ms-peak>
      <ei-ms-id>1001</ei-ms-id>
      <id>108770</id>
      <intensity>199.0</intensity>
      <mass-charge>65.0</mass-charge>
    </ei-ms-peak>
    <ei-ms-peak>
      <ei-ms-id>1001</ei-ms-id>
      <id>108771</id>
      <intensity>50.0</intensity>
      <mass-charge>66.0</mass-charge>
    </ei-ms-peak>
    <ei-ms-peak>
      <ei-ms-id>1001</ei-ms-id>
      <id>108772</id>
      <intensity>339.0</intensity>
      <mass-charge>67.0</mass-charge>
    </ei-ms-peak>
    <ei-ms-peak>
      <ei-ms-id>1001</ei-ms-id>
      <id>108773</id>
      <intensity>189.0</intensity>
      <mass-charge>68.0</mass-charge>
    </ei-ms-peak>
    <ei-ms-peak>
      <ei-ms-id>1001</ei-ms-id>
      <id>108774</id>
      <intensity>209.0</intensity>
      <mass-charge>69.0</mass-charge>
    </ei-ms-peak>
    <ei-ms-peak>
      <ei-ms-id>1001</ei-ms-id>
      <id>108775</id>
      <intensity>20.0</intensity>
      <mass-charge>70.0</mass-charge>
    </ei-ms-peak>
    <ei-ms-peak>
      <ei-ms-id>1001</ei-ms-id>
      <id>108776</id>
      <intensity>40.0</intensity>
      <mass-charge>71.0</mass-charge>
    </ei-ms-peak>
    <ei-ms-peak>
      <ei-ms-id>1001</ei-ms-id>
      <id>108777</id>
      <intensity>10.0</intensity>
      <mass-charge>72.0</mass-charge>
    </ei-ms-peak>
    <ei-ms-peak>
      <ei-ms-id>1001</ei-ms-id>
      <id>108778</id>
      <intensity>10.0</intensity>
      <mass-charge>75.0</mass-charge>
    </ei-ms-peak>
    <ei-ms-peak>
      <ei-ms-id>1001</ei-ms-id>
      <id>108779</id>
      <intensity>40.0</intensity>
      <mass-charge>76.0</mass-charge>
    </ei-ms-peak>
    <ei-ms-peak>
      <ei-ms-id>1001</ei-ms-id>
      <id>108780</id>
      <intensity>479.0</intensity>
      <mass-charge>77.0</mass-charge>
    </ei-ms-peak>
    <ei-ms-peak>
      <ei-ms-id>1001</ei-ms-id>
      <id>108781</id>
      <intensity>99.0</intensity>
      <mass-charge>78.0</mass-charge>
    </ei-ms-peak>
    <ei-ms-peak>
      <ei-ms-id>1001</ei-ms-id>
      <id>108782</id>
      <intensity>459.0</intensity>
      <mass-charge>79.0</mass-charge>
    </ei-ms-peak>
    <ei-ms-peak>
      <ei-ms-id>1001</ei-ms-id>
      <id>108783</id>
      <intensity>50.0</intensity>
      <mass-charge>80.0</mass-charge>
    </ei-ms-peak>
    <ei-ms-peak>
      <ei-ms-id>1001</ei-ms-id>
      <id>108784</id>
      <intensity>369.0</intensity>
      <mass-charge>81.0</mass-charge>
    </ei-ms-peak>
    <ei-ms-peak>
      <ei-ms-id>1001</ei-ms-id>
      <id>108785</id>
      <intensity>60.0</intensity>
      <mass-charge>82.0</mass-charge>
    </ei-ms-peak>
    <ei-ms-peak>
      <ei-ms-id>1001</ei-ms-id>
      <id>108786</id>
      <intensity>90.0</intensity>
      <mass-charge>83.0</mass-charge>
    </ei-ms-peak>
    <ei-ms-peak>
      <ei-ms-id>1001</ei-ms-id>
      <id>108787</id>
      <intensity>20.0</intensity>
      <mass-charge>84.0</mass-charge>
    </ei-ms-peak>
    <ei-ms-peak>
      <ei-ms-id>1001</ei-ms-id>
      <id>108788</id>
      <intensity>50.0</intensity>
      <mass-charge>85.0</mass-charge>
    </ei-ms-peak>
    <ei-ms-peak>
      <ei-ms-id>1001</ei-ms-id>
      <id>108789</id>
      <intensity>50.0</intensity>
      <mass-charge>86.0</mass-charge>
    </ei-ms-peak>
    <ei-ms-peak>
      <ei-ms-id>1001</ei-ms-id>
      <id>108790</id>
      <intensity>10.0</intensity>
      <mass-charge>88.0</mass-charge>
    </ei-ms-peak>
    <ei-ms-peak>
      <ei-ms-id>1001</ei-ms-id>
      <id>108791</id>
      <intensity>70.0</intensity>
      <mass-charge>89.0</mass-charge>
    </ei-ms-peak>
    <ei-ms-peak>
      <ei-ms-id>1001</ei-ms-id>
      <id>108792</id>
      <intensity>20.0</intensity>
      <mass-charge>90.0</mass-charge>
    </ei-ms-peak>
    <ei-ms-peak>
      <ei-ms-id>1001</ei-ms-id>
      <id>108793</id>
      <intensity>619.0</intensity>
      <mass-charge>91.0</mass-charge>
    </ei-ms-peak>
    <ei-ms-peak>
      <ei-ms-id>1001</ei-ms-id>
      <id>108794</id>
      <intensity>119.0</intensity>
      <mass-charge>92.0</mass-charge>
    </ei-ms-peak>
    <ei-ms-peak>
      <ei-ms-id>1001</ei-ms-id>
      <id>108795</id>
      <intensity>249.0</intensity>
      <mass-charge>93.0</mass-charge>
    </ei-ms-peak>
    <ei-ms-peak>
      <ei-ms-id>1001</ei-ms-id>
      <id>108796</id>
      <intensity>90.0</intensity>
      <mass-charge>94.0</mass-charge>
    </ei-ms-peak>
    <ei-ms-peak>
      <ei-ms-id>1001</ei-ms-id>
      <id>108797</id>
      <intensity>219.0</intensity>
      <mass-charge>95.0</mass-charge>
    </ei-ms-peak>
    <ei-ms-peak>
      <ei-ms-id>1001</ei-ms-id>
      <id>108798</id>
      <intensity>50.0</intensity>
      <mass-charge>96.0</mass-charge>
    </ei-ms-peak>
    <ei-ms-peak>
      <ei-ms-id>1001</ei-ms-id>
      <id>108799</id>
      <intensity>159.0</intensity>
      <mass-charge>97.0</mass-charge>
    </ei-ms-peak>
    <ei-ms-peak>
      <ei-ms-id>1001</ei-ms-id>
      <id>108800</id>
      <intensity>30.0</intensity>
      <mass-charge>98.0</mass-charge>
    </ei-ms-peak>
    <ei-ms-peak>
      <ei-ms-id>1001</ei-ms-id>
      <id>108801</id>
      <intensity>60.0</intensity>
      <mass-charge>99.0</mass-charge>
    </ei-ms-peak>
    <ei-ms-peak>
      <ei-ms-id>1001</ei-ms-id>
      <id>108802</id>
      <intensity>60.0</intensity>
      <mass-charge>100.0</mass-charge>
    </ei-ms-peak>
    <ei-ms-peak>
      <ei-ms-id>1001</ei-ms-id>
      <id>108803</id>
      <intensity>20.0</intensity>
      <mass-charge>101.0</mass-charge>
    </ei-ms-peak>
    <ei-ms-peak>
      <ei-ms-id>1001</ei-ms-id>
      <id>108804</id>
      <intensity>40.0</intensity>
      <mass-charge>102.0</mass-charge>
    </ei-ms-peak>
    <ei-ms-peak>
      <ei-ms-id>1001</ei-ms-id>
      <id>108805</id>
      <intensity>199.0</intensity>
      <mass-charge>103.0</mass-charge>
    </ei-ms-peak>
    <ei-ms-peak>
      <ei-ms-id>1001</ei-ms-id>
      <id>108806</id>
      <intensity>70.0</intensity>
      <mass-charge>104.0</mass-charge>
    </ei-ms-peak>
    <ei-ms-peak>
      <ei-ms-id>1001</ei-ms-id>
      <id>108807</id>
      <intensity>479.0</intensity>
      <mass-charge>105.0</mass-charge>
    </ei-ms-peak>
    <ei-ms-peak>
      <ei-ms-id>1001</ei-ms-id>
      <id>108808</id>
      <intensity>70.0</intensity>
      <mass-charge>106.0</mass-charge>
    </ei-ms-peak>
    <ei-ms-peak>
      <ei-ms-id>1001</ei-ms-id>
      <id>108809</id>
      <intensity>729.0</intensity>
      <mass-charge>107.0</mass-charge>
    </ei-ms-peak>
    <ei-ms-peak>
      <ei-ms-id>1001</ei-ms-id>
      <id>108810</id>
      <intensity>199.0</intensity>
      <mass-charge>108.0</mass-charge>
    </ei-ms-peak>
    <ei-ms-peak>
      <ei-ms-id>1001</ei-ms-id>
      <id>108811</id>
      <intensity>99.0</intensity>
      <mass-charge>109.0</mass-charge>
    </ei-ms-peak>
    <ei-ms-peak>
      <ei-ms-id>1001</ei-ms-id>
      <id>108812</id>
      <intensity>50.0</intensity>
      <mass-charge>110.0</mass-charge>
    </ei-ms-peak>
    <ei-ms-peak>
      <ei-ms-id>1001</ei-ms-id>
      <id>108813</id>
      <intensity>40.0</intensity>
      <mass-charge>111.0</mass-charge>
    </ei-ms-peak>
    <ei-ms-peak>
      <ei-ms-id>1001</ei-ms-id>
      <id>108814</id>
      <intensity>10.0</intensity>
      <mass-charge>112.0</mass-charge>
    </ei-ms-peak>
    <ei-ms-peak>
      <ei-ms-id>1001</ei-ms-id>
      <id>108815</id>
      <intensity>20.0</intensity>
      <mass-charge>113.0</mass-charge>
    </ei-ms-peak>
    <ei-ms-peak>
      <ei-ms-id>1001</ei-ms-id>
      <id>108816</id>
      <intensity>60.0</intensity>
      <mass-charge>114.0</mass-charge>
    </ei-ms-peak>
    <ei-ms-peak>
      <ei-ms-id>1001</ei-ms-id>
      <id>108817</id>
      <intensity>539.0</intensity>
      <mass-charge>115.0</mass-charge>
    </ei-ms-peak>
    <ei-ms-peak>
      <ei-ms-id>1001</ei-ms-id>
      <id>108818</id>
      <intensity>239.0</intensity>
      <mass-charge>116.0</mass-charge>
    </ei-ms-peak>
    <ei-ms-peak>
      <ei-ms-id>1001</ei-ms-id>
      <id>108819</id>
      <intensity>309.0</intensity>
      <mass-charge>117.0</mass-charge>
    </ei-ms-peak>
    <ei-ms-peak>
      <ei-ms-id>1001</ei-ms-id>
      <id>108820</id>
      <intensity>70.0</intensity>
      <mass-charge>118.0</mass-charge>
    </ei-ms-peak>
    <ei-ms-peak>
      <ei-ms-id>1001</ei-ms-id>
      <id>108821</id>
      <intensity>189.0</intensity>
      <mass-charge>119.0</mass-charge>
    </ei-ms-peak>
    <ei-ms-peak>
      <ei-ms-id>1001</ei-ms-id>
      <id>108822</id>
      <intensity>269.0</intensity>
      <mass-charge>120.0</mass-charge>
    </ei-ms-peak>
    <ei-ms-peak>
      <ei-ms-id>1001</ei-ms-id>
      <id>108823</id>
      <intensity>469.0</intensity>
      <mass-charge>121.0</mass-charge>
    </ei-ms-peak>
    <ei-ms-peak>
      <ei-ms-id>1001</ei-ms-id>
      <id>108824</id>
      <intensity>99.0</intensity>
      <mass-charge>122.0</mass-charge>
    </ei-ms-peak>
    <ei-ms-peak>
      <ei-ms-id>1001</ei-ms-id>
      <id>108825</id>
      <intensity>99.0</intensity>
      <mass-charge>123.0</mass-charge>
    </ei-ms-peak>
    <ei-ms-peak>
      <ei-ms-id>1001</ei-ms-id>
      <id>108826</id>
      <intensity>969.0</intensity>
      <mass-charge>124.0</mass-charge>
    </ei-ms-peak>
    <ei-ms-peak>
      <ei-ms-id>1001</ei-ms-id>
      <id>108827</id>
      <intensity>109.0</intensity>
      <mass-charge>125.0</mass-charge>
    </ei-ms-peak>
    <ei-ms-peak>
      <ei-ms-id>1001</ei-ms-id>
      <id>108828</id>
      <intensity>30.0</intensity>
      <mass-charge>126.0</mass-charge>
    </ei-ms-peak>
    <ei-ms-peak>
      <ei-ms-id>1001</ei-ms-id>
      <id>108829</id>
      <intensity>409.0</intensity>
      <mass-charge>127.0</mass-charge>
    </ei-ms-peak>
    <ei-ms-peak>
      <ei-ms-id>1001</ei-ms-id>
      <id>108830</id>
      <intensity>309.0</intensity>
      <mass-charge>128.0</mass-charge>
    </ei-ms-peak>
    <ei-ms-peak>
      <ei-ms-id>1001</ei-ms-id>
      <id>108831</id>
      <intensity>239.0</intensity>
      <mass-charge>129.0</mass-charge>
    </ei-ms-peak>
    <ei-ms-peak>
      <ei-ms-id>1001</ei-ms-id>
      <id>108832</id>
      <intensity>70.0</intensity>
      <mass-charge>130.0</mass-charge>
    </ei-ms-peak>
    <ei-ms-peak>
      <ei-ms-id>1001</ei-ms-id>
      <id>108833</id>
      <intensity>689.0</intensity>
      <mass-charge>131.0</mass-charge>
    </ei-ms-peak>
    <ei-ms-peak>
      <ei-ms-id>1001</ei-ms-id>
      <id>108834</id>
      <intensity>309.0</intensity>
      <mass-charge>132.0</mass-charge>
    </ei-ms-peak>
    <ei-ms-peak>
      <ei-ms-id>1001</ei-ms-id>
      <id>108835</id>
      <intensity>1989.0</intensity>
      <mass-charge>133.0</mass-charge>
    </ei-ms-peak>
    <ei-ms-peak>
      <ei-ms-id>1001</ei-ms-id>
      <id>108836</id>
      <intensity>299.0</intensity>
      <mass-charge>134.0</mass-charge>
    </ei-ms-peak>
    <ei-ms-peak>
      <ei-ms-id>1001</ei-ms-id>
      <id>108837</id>
      <intensity>119.0</intensity>
      <mass-charge>135.0</mass-charge>
    </ei-ms-peak>
    <ei-ms-peak>
      <ei-ms-id>1001</ei-ms-id>
      <id>108838</id>
      <intensity>629.0</intensity>
      <mass-charge>136.0</mass-charge>
    </ei-ms-peak>
    <ei-ms-peak>
      <ei-ms-id>1001</ei-ms-id>
      <id>108839</id>
      <intensity>249.0</intensity>
      <mass-charge>137.0</mass-charge>
    </ei-ms-peak>
    <ei-ms-peak>
      <ei-ms-id>1001</ei-ms-id>
      <id>108840</id>
      <intensity>50.0</intensity>
      <mass-charge>138.0</mass-charge>
    </ei-ms-peak>
    <ei-ms-peak>
      <ei-ms-id>1001</ei-ms-id>
      <id>108841</id>
      <intensity>50.0</intensity>
      <mass-charge>139.0</mass-charge>
    </ei-ms-peak>
    <ei-ms-peak>
      <ei-ms-id>1001</ei-ms-id>
      <id>108842</id>
      <intensity>20.0</intensity>
      <mass-charge>140.0</mass-charge>
    </ei-ms-peak>
    <ei-ms-peak>
      <ei-ms-id>1001</ei-ms-id>
      <id>108843</id>
      <intensity>309.0</intensity>
      <mass-charge>141.0</mass-charge>
    </ei-ms-peak>
    <ei-ms-peak>
      <ei-ms-id>1001</ei-ms-id>
      <id>108844</id>
      <intensity>80.0</intensity>
      <mass-charge>142.0</mass-charge>
    </ei-ms-peak>
    <ei-ms-peak>
      <ei-ms-id>1001</ei-ms-id>
      <id>108845</id>
      <intensity>99.0</intensity>
      <mass-charge>143.0</mass-charge>
    </ei-ms-peak>
    <ei-ms-peak>
      <ei-ms-id>1001</ei-ms-id>
      <id>108846</id>
      <intensity>599.0</intensity>
      <mass-charge>144.0</mass-charge>
    </ei-ms-peak>
    <ei-ms-peak>
      <ei-ms-id>1001</ei-ms-id>
      <id>108847</id>
      <intensity>1329.0</intensity>
      <mass-charge>145.0</mass-charge>
    </ei-ms-peak>
    <ei-ms-peak>
      <ei-ms-id>1001</ei-ms-id>
      <id>108848</id>
      <intensity>1019.0</intensity>
      <mass-charge>146.0</mass-charge>
    </ei-ms-peak>
    <ei-ms-peak>
      <ei-ms-id>1001</ei-ms-id>
      <id>108849</id>
      <intensity>519.0</intensity>
      <mass-charge>147.0</mass-charge>
    </ei-ms-peak>
    <ei-ms-peak>
      <ei-ms-id>1001</ei-ms-id>
      <id>108850</id>
      <intensity>80.0</intensity>
      <mass-charge>148.0</mass-charge>
    </ei-ms-peak>
    <ei-ms-peak>
      <ei-ms-id>1001</ei-ms-id>
      <id>108851</id>
      <intensity>70.0</intensity>
      <mass-charge>149.0</mass-charge>
    </ei-ms-peak>
    <ei-ms-peak>
      <ei-ms-id>1001</ei-ms-id>
      <id>108852</id>
      <intensity>119.0</intensity>
      <mass-charge>150.0</mass-charge>
    </ei-ms-peak>
    <ei-ms-peak>
      <ei-ms-id>1001</ei-ms-id>
      <id>108853</id>
      <intensity>50.0</intensity>
      <mass-charge>151.0</mass-charge>
    </ei-ms-peak>
    <ei-ms-peak>
      <ei-ms-id>1001</ei-ms-id>
      <id>108854</id>
      <intensity>99.0</intensity>
      <mass-charge>152.0</mass-charge>
    </ei-ms-peak>
    <ei-ms-peak>
      <ei-ms-id>1001</ei-ms-id>
      <id>108855</id>
      <intensity>109.0</intensity>
      <mass-charge>153.0</mass-charge>
    </ei-ms-peak>
    <ei-ms-peak>
      <ei-ms-id>1001</ei-ms-id>
      <id>108856</id>
      <intensity>40.0</intensity>
      <mass-charge>154.0</mass-charge>
    </ei-ms-peak>
    <ei-ms-peak>
      <ei-ms-id>1001</ei-ms-id>
      <id>108857</id>
      <intensity>80.0</intensity>
      <mass-charge>155.0</mass-charge>
    </ei-ms-peak>
    <ei-ms-peak>
      <ei-ms-id>1001</ei-ms-id>
      <id>108858</id>
      <intensity>20.0</intensity>
      <mass-charge>156.0</mass-charge>
    </ei-ms-peak>
    <ei-ms-peak>
      <ei-ms-id>1001</ei-ms-id>
      <id>108859</id>
      <intensity>999.0</intensity>
      <mass-charge>157.0</mass-charge>
    </ei-ms-peak>
    <ei-ms-peak>
      <ei-ms-id>1001</ei-ms-id>
      <id>108860</id>
      <intensity>859.0</intensity>
      <mass-charge>158.0</mass-charge>
    </ei-ms-peak>
    <ei-ms-peak>
      <ei-ms-id>1001</ei-ms-id>
      <id>108861</id>
      <intensity>1729.0</intensity>
      <mass-charge>159.0</mass-charge>
    </ei-ms-peak>
    <ei-ms-peak>
      <ei-ms-id>1001</ei-ms-id>
      <id>108862</id>
      <intensity>3619.0</intensity>
      <mass-charge>160.0</mass-charge>
    </ei-ms-peak>
    <ei-ms-peak>
      <ei-ms-id>1001</ei-ms-id>
      <id>108863</id>
      <intensity>669.0</intensity>
      <mass-charge>161.0</mass-charge>
    </ei-ms-peak>
    <ei-ms-peak>
      <ei-ms-id>1001</ei-ms-id>
      <id>108864</id>
      <intensity>80.0</intensity>
      <mass-charge>162.0</mass-charge>
    </ei-ms-peak>
    <ei-ms-peak>
      <ei-ms-id>1001</ei-ms-id>
      <id>108865</id>
      <intensity>40.0</intensity>
      <mass-charge>163.0</mass-charge>
    </ei-ms-peak>
    <ei-ms-peak>
      <ei-ms-id>1001</ei-ms-id>
      <id>108866</id>
      <intensity>10.0</intensity>
      <mass-charge>164.0</mass-charge>
    </ei-ms-peak>
    <ei-ms-peak>
      <ei-ms-id>1001</ei-ms-id>
      <id>108867</id>
      <intensity>119.0</intensity>
      <mass-charge>165.0</mass-charge>
    </ei-ms-peak>
    <ei-ms-peak>
      <ei-ms-id>1001</ei-ms-id>
      <id>108868</id>
      <intensity>40.0</intensity>
      <mass-charge>166.0</mass-charge>
    </ei-ms-peak>
    <ei-ms-peak>
      <ei-ms-id>1001</ei-ms-id>
      <id>108869</id>
      <intensity>70.0</intensity>
      <mass-charge>167.0</mass-charge>
    </ei-ms-peak>
    <ei-ms-peak>
      <ei-ms-id>1001</ei-ms-id>
      <id>108870</id>
      <intensity>30.0</intensity>
      <mass-charge>168.0</mass-charge>
    </ei-ms-peak>
    <ei-ms-peak>
      <ei-ms-id>1001</ei-ms-id>
      <id>108871</id>
      <intensity>99.0</intensity>
      <mass-charge>169.0</mass-charge>
    </ei-ms-peak>
    <ei-ms-peak>
      <ei-ms-id>1001</ei-ms-id>
      <id>108872</id>
      <intensity>239.0</intensity>
      <mass-charge>170.0</mass-charge>
    </ei-ms-peak>
    <ei-ms-peak>
      <ei-ms-id>1001</ei-ms-id>
      <id>108873</id>
      <intensity>539.0</intensity>
      <mass-charge>171.0</mass-charge>
    </ei-ms-peak>
    <ei-ms-peak>
      <ei-ms-id>1001</ei-ms-id>
      <id>108874</id>
      <intensity>1139.0</intensity>
      <mass-charge>172.0</mass-charge>
    </ei-ms-peak>
    <ei-ms-peak>
      <ei-ms-id>1001</ei-ms-id>
      <id>108875</id>
      <intensity>599.0</intensity>
      <mass-charge>173.0</mass-charge>
    </ei-ms-peak>
    <ei-ms-peak>
      <ei-ms-id>1001</ei-ms-id>
      <id>108876</id>
      <intensity>129.0</intensity>
      <mass-charge>174.0</mass-charge>
    </ei-ms-peak>
    <ei-ms-peak>
      <ei-ms-id>1001</ei-ms-id>
      <id>108877</id>
      <intensity>50.0</intensity>
      <mass-charge>175.0</mass-charge>
    </ei-ms-peak>
    <ei-ms-peak>
      <ei-ms-id>1001</ei-ms-id>
      <id>108878</id>
      <intensity>20.0</intensity>
      <mass-charge>176.0</mass-charge>
    </ei-ms-peak>
    <ei-ms-peak>
      <ei-ms-id>1001</ei-ms-id>
      <id>108879</id>
      <intensity>20.0</intensity>
      <mass-charge>177.0</mass-charge>
    </ei-ms-peak>
    <ei-ms-peak>
      <ei-ms-id>1001</ei-ms-id>
      <id>108880</id>
      <intensity>40.0</intensity>
      <mass-charge>178.0</mass-charge>
    </ei-ms-peak>
    <ei-ms-peak>
      <ei-ms-id>1001</ei-ms-id>
      <id>108881</id>
      <intensity>60.0</intensity>
      <mass-charge>179.0</mass-charge>
    </ei-ms-peak>
    <ei-ms-peak>
      <ei-ms-id>1001</ei-ms-id>
      <id>108882</id>
      <intensity>20.0</intensity>
      <mass-charge>180.0</mass-charge>
    </ei-ms-peak>
    <ei-ms-peak>
      <ei-ms-id>1001</ei-ms-id>
      <id>108883</id>
      <intensity>109.0</intensity>
      <mass-charge>181.0</mass-charge>
    </ei-ms-peak>
    <ei-ms-peak>
      <ei-ms-id>1001</ei-ms-id>
      <id>108884</id>
      <intensity>80.0</intensity>
      <mass-charge>182.0</mass-charge>
    </ei-ms-peak>
    <ei-ms-peak>
      <ei-ms-id>1001</ei-ms-id>
      <id>108885</id>
      <intensity>259.0</intensity>
      <mass-charge>183.0</mass-charge>
    </ei-ms-peak>
    <ei-ms-peak>
      <ei-ms-id>1001</ei-ms-id>
      <id>108886</id>
      <intensity>209.0</intensity>
      <mass-charge>184.0</mass-charge>
    </ei-ms-peak>
    <ei-ms-peak>
      <ei-ms-id>1001</ei-ms-id>
      <id>108887</id>
      <intensity>669.0</intensity>
      <mass-charge>185.0</mass-charge>
    </ei-ms-peak>
    <ei-ms-peak>
      <ei-ms-id>1001</ei-ms-id>
      <id>108888</id>
      <intensity>439.0</intensity>
      <mass-charge>186.0</mass-charge>
    </ei-ms-peak>
    <ei-ms-peak>
      <ei-ms-id>1001</ei-ms-id>
      <id>108889</id>
      <intensity>99.0</intensity>
      <mass-charge>187.0</mass-charge>
    </ei-ms-peak>
    <ei-ms-peak>
      <ei-ms-id>1001</ei-ms-id>
      <id>108890</id>
      <intensity>30.0</intensity>
      <mass-charge>188.0</mass-charge>
    </ei-ms-peak>
    <ei-ms-peak>
      <ei-ms-id>1001</ei-ms-id>
      <id>108891</id>
      <intensity>40.0</intensity>
      <mass-charge>189.0</mass-charge>
    </ei-ms-peak>
    <ei-ms-peak>
      <ei-ms-id>1001</ei-ms-id>
      <id>108892</id>
      <intensity>10.0</intensity>
      <mass-charge>190.0</mass-charge>
    </ei-ms-peak>
    <ei-ms-peak>
      <ei-ms-id>1001</ei-ms-id>
      <id>108893</id>
      <intensity>20.0</intensity>
      <mass-charge>191.0</mass-charge>
    </ei-ms-peak>
    <ei-ms-peak>
      <ei-ms-id>1001</ei-ms-id>
      <id>108894</id>
      <intensity>10.0</intensity>
      <mass-charge>192.0</mass-charge>
    </ei-ms-peak>
    <ei-ms-peak>
      <ei-ms-id>1001</ei-ms-id>
      <id>108895</id>
      <intensity>40.0</intensity>
      <mass-charge>193.0</mass-charge>
    </ei-ms-peak>
    <ei-ms-peak>
      <ei-ms-id>1001</ei-ms-id>
      <id>108896</id>
      <intensity>50.0</intensity>
      <mass-charge>194.0</mass-charge>
    </ei-ms-peak>
    <ei-ms-peak>
      <ei-ms-id>1001</ei-ms-id>
      <id>108897</id>
      <intensity>159.0</intensity>
      <mass-charge>195.0</mass-charge>
    </ei-ms-peak>
    <ei-ms-peak>
      <ei-ms-id>1001</ei-ms-id>
      <id>108898</id>
      <intensity>139.0</intensity>
      <mass-charge>196.0</mass-charge>
    </ei-ms-peak>
    <ei-ms-peak>
      <ei-ms-id>1001</ei-ms-id>
      <id>108899</id>
      <intensity>309.0</intensity>
      <mass-charge>197.0</mass-charge>
    </ei-ms-peak>
    <ei-ms-peak>
      <ei-ms-id>1001</ei-ms-id>
      <id>108900</id>
      <intensity>259.0</intensity>
      <mass-charge>198.0</mass-charge>
    </ei-ms-peak>
    <ei-ms-peak>
      <ei-ms-id>1001</ei-ms-id>
      <id>108901</id>
      <intensity>419.0</intensity>
      <mass-charge>199.0</mass-charge>
    </ei-ms-peak>
    <ei-ms-peak>
      <ei-ms-id>1001</ei-ms-id>
      <id>108902</id>
      <intensity>329.0</intensity>
      <mass-charge>200.0</mass-charge>
    </ei-ms-peak>
    <ei-ms-peak>
      <ei-ms-id>1001</ei-ms-id>
      <id>108903</id>
      <intensity>70.0</intensity>
      <mass-charge>201.0</mass-charge>
    </ei-ms-peak>
    <ei-ms-peak>
      <ei-ms-id>1001</ei-ms-id>
      <id>108904</id>
      <intensity>20.0</intensity>
      <mass-charge>202.0</mass-charge>
    </ei-ms-peak>
    <ei-ms-peak>
      <ei-ms-id>1001</ei-ms-id>
      <id>108905</id>
      <intensity>10.0</intensity>
      <mass-charge>203.0</mass-charge>
    </ei-ms-peak>
    <ei-ms-peak>
      <ei-ms-id>1001</ei-ms-id>
      <id>108906</id>
      <intensity>20.0</intensity>
      <mass-charge>205.0</mass-charge>
    </ei-ms-peak>
    <ei-ms-peak>
      <ei-ms-id>1001</ei-ms-id>
      <id>108907</id>
      <intensity>10.0</intensity>
      <mass-charge>206.0</mass-charge>
    </ei-ms-peak>
    <ei-ms-peak>
      <ei-ms-id>1001</ei-ms-id>
      <id>108908</id>
      <intensity>80.0</intensity>
      <mass-charge>207.0</mass-charge>
    </ei-ms-peak>
    <ei-ms-peak>
      <ei-ms-id>1001</ei-ms-id>
      <id>108909</id>
      <intensity>149.0</intensity>
      <mass-charge>208.0</mass-charge>
    </ei-ms-peak>
    <ei-ms-peak>
      <ei-ms-id>1001</ei-ms-id>
      <id>108910</id>
      <intensity>199.0</intensity>
      <mass-charge>209.0</mass-charge>
    </ei-ms-peak>
    <ei-ms-peak>
      <ei-ms-id>1001</ei-ms-id>
      <id>108911</id>
      <intensity>239.0</intensity>
      <mass-charge>210.0</mass-charge>
    </ei-ms-peak>
    <ei-ms-peak>
      <ei-ms-id>1001</ei-ms-id>
      <id>108912</id>
      <intensity>629.0</intensity>
      <mass-charge>211.0</mass-charge>
    </ei-ms-peak>
    <ei-ms-peak>
      <ei-ms-id>1001</ei-ms-id>
      <id>108913</id>
      <intensity>259.0</intensity>
      <mass-charge>212.0</mass-charge>
    </ei-ms-peak>
    <ei-ms-peak>
      <ei-ms-id>1001</ei-ms-id>
      <id>108914</id>
      <intensity>9999.0</intensity>
      <mass-charge>213.0</mass-charge>
    </ei-ms-peak>
    <ei-ms-peak>
      <ei-ms-id>1001</ei-ms-id>
      <id>108915</id>
      <intensity>1699.0</intensity>
      <mass-charge>214.0</mass-charge>
    </ei-ms-peak>
    <ei-ms-peak>
      <ei-ms-id>1001</ei-ms-id>
      <id>108916</id>
      <intensity>339.0</intensity>
      <mass-charge>215.0</mass-charge>
    </ei-ms-peak>
    <ei-ms-peak>
      <ei-ms-id>1001</ei-ms-id>
      <id>108917</id>
      <intensity>40.0</intensity>
      <mass-charge>216.0</mass-charge>
    </ei-ms-peak>
    <ei-ms-peak>
      <ei-ms-id>1001</ei-ms-id>
      <id>108918</id>
      <intensity>10.0</intensity>
      <mass-charge>217.0</mass-charge>
    </ei-ms-peak>
    <ei-ms-peak>
      <ei-ms-id>1001</ei-ms-id>
      <id>108919</id>
      <intensity>20.0</intensity>
      <mass-charge>219.0</mass-charge>
    </ei-ms-peak>
    <ei-ms-peak>
      <ei-ms-id>1001</ei-ms-id>
      <id>108920</id>
      <intensity>20.0</intensity>
      <mass-charge>220.0</mass-charge>
    </ei-ms-peak>
    <ei-ms-peak>
      <ei-ms-id>1001</ei-ms-id>
      <id>108921</id>
      <intensity>119.0</intensity>
      <mass-charge>221.0</mass-charge>
    </ei-ms-peak>
    <ei-ms-peak>
      <ei-ms-id>1001</ei-ms-id>
      <id>108922</id>
      <intensity>70.0</intensity>
      <mass-charge>222.0</mass-charge>
    </ei-ms-peak>
    <ei-ms-peak>
      <ei-ms-id>1001</ei-ms-id>
      <id>108923</id>
      <intensity>109.0</intensity>
      <mass-charge>223.0</mass-charge>
    </ei-ms-peak>
    <ei-ms-peak>
      <ei-ms-id>1001</ei-ms-id>
      <id>108924</id>
      <intensity>209.0</intensity>
      <mass-charge>224.0</mass-charge>
    </ei-ms-peak>
    <ei-ms-peak>
      <ei-ms-id>1001</ei-ms-id>
      <id>108925</id>
      <intensity>179.0</intensity>
      <mass-charge>225.0</mass-charge>
    </ei-ms-peak>
    <ei-ms-peak>
      <ei-ms-id>1001</ei-ms-id>
      <id>108926</id>
      <intensity>419.0</intensity>
      <mass-charge>226.0</mass-charge>
    </ei-ms-peak>
    <ei-ms-peak>
      <ei-ms-id>1001</ei-ms-id>
      <id>108927</id>
      <intensity>179.0</intensity>
      <mass-charge>227.0</mass-charge>
    </ei-ms-peak>
    <ei-ms-peak>
      <ei-ms-id>1001</ei-ms-id>
      <id>108928</id>
      <intensity>1459.0</intensity>
      <mass-charge>228.0</mass-charge>
    </ei-ms-peak>
    <ei-ms-peak>
      <ei-ms-id>1001</ei-ms-id>
      <id>108929</id>
      <intensity>259.0</intensity>
      <mass-charge>229.0</mass-charge>
    </ei-ms-peak>
    <ei-ms-peak>
      <ei-ms-id>1001</ei-ms-id>
      <id>108930</id>
      <intensity>20.0</intensity>
      <mass-charge>230.0</mass-charge>
    </ei-ms-peak>
    <ei-ms-peak>
      <ei-ms-id>1001</ei-ms-id>
      <id>108931</id>
      <intensity>20.0</intensity>
      <mass-charge>233.0</mass-charge>
    </ei-ms-peak>
    <ei-ms-peak>
      <ei-ms-id>1001</ei-ms-id>
      <id>108932</id>
      <intensity>20.0</intensity>
      <mass-charge>234.0</mass-charge>
    </ei-ms-peak>
    <ei-ms-peak>
      <ei-ms-id>1001</ei-ms-id>
      <id>108933</id>
      <intensity>119.0</intensity>
      <mass-charge>235.0</mass-charge>
    </ei-ms-peak>
    <ei-ms-peak>
      <ei-ms-id>1001</ei-ms-id>
      <id>108934</id>
      <intensity>149.0</intensity>
      <mass-charge>236.0</mass-charge>
    </ei-ms-peak>
    <ei-ms-peak>
      <ei-ms-id>1001</ei-ms-id>
      <id>108935</id>
      <intensity>139.0</intensity>
      <mass-charge>237.0</mass-charge>
    </ei-ms-peak>
    <ei-ms-peak>
      <ei-ms-id>1001</ei-ms-id>
      <id>108936</id>
      <intensity>40.0</intensity>
      <mass-charge>238.0</mass-charge>
    </ei-ms-peak>
    <ei-ms-peak>
      <ei-ms-id>1001</ei-ms-id>
      <id>108937</id>
      <intensity>409.0</intensity>
      <mass-charge>239.0</mass-charge>
    </ei-ms-peak>
    <ei-ms-peak>
      <ei-ms-id>1001</ei-ms-id>
      <id>108938</id>
      <intensity>109.0</intensity>
      <mass-charge>240.0</mass-charge>
    </ei-ms-peak>
    <ei-ms-peak>
      <ei-ms-id>1001</ei-ms-id>
      <id>108939</id>
      <intensity>40.0</intensity>
      <mass-charge>241.0</mass-charge>
    </ei-ms-peak>
    <ei-ms-peak>
      <ei-ms-id>1001</ei-ms-id>
      <id>108940</id>
      <intensity>30.0</intensity>
      <mass-charge>242.0</mass-charge>
    </ei-ms-peak>
    <ei-ms-peak>
      <ei-ms-id>1001</ei-ms-id>
      <id>108941</id>
      <intensity>10.0</intensity>
      <mass-charge>243.0</mass-charge>
    </ei-ms-peak>
    <ei-ms-peak>
      <ei-ms-id>1001</ei-ms-id>
      <id>108942</id>
      <intensity>10.0</intensity>
      <mass-charge>247.0</mass-charge>
    </ei-ms-peak>
    <ei-ms-peak>
      <ei-ms-id>1001</ei-ms-id>
      <id>108943</id>
      <intensity>10.0</intensity>
      <mass-charge>248.0</mass-charge>
    </ei-ms-peak>
    <ei-ms-peak>
      <ei-ms-id>1001</ei-ms-id>
      <id>108944</id>
      <intensity>109.0</intensity>
      <mass-charge>249.0</mass-charge>
    </ei-ms-peak>
    <ei-ms-peak>
      <ei-ms-id>1001</ei-ms-id>
      <id>108945</id>
      <intensity>349.0</intensity>
      <mass-charge>250.0</mass-charge>
    </ei-ms-peak>
    <ei-ms-peak>
      <ei-ms-id>1001</ei-ms-id>
      <id>108946</id>
      <intensity>90.0</intensity>
      <mass-charge>251.0</mass-charge>
    </ei-ms-peak>
    <ei-ms-peak>
      <ei-ms-id>1001</ei-ms-id>
      <id>108947</id>
      <intensity>50.0</intensity>
      <mass-charge>252.0</mass-charge>
    </ei-ms-peak>
    <ei-ms-peak>
      <ei-ms-id>1001</ei-ms-id>
      <id>108948</id>
      <intensity>129.0</intensity>
      <mass-charge>253.0</mass-charge>
    </ei-ms-peak>
    <ei-ms-peak>
      <ei-ms-id>1001</ei-ms-id>
      <id>108949</id>
      <intensity>90.0</intensity>
      <mass-charge>254.0</mass-charge>
    </ei-ms-peak>
    <ei-ms-peak>
      <ei-ms-id>1001</ei-ms-id>
      <id>108950</id>
      <intensity>20.0</intensity>
      <mass-charge>255.0</mass-charge>
    </ei-ms-peak>
    <ei-ms-peak>
      <ei-ms-id>1001</ei-ms-id>
      <id>108951</id>
      <intensity>20.0</intensity>
      <mass-charge>261.0</mass-charge>
    </ei-ms-peak>
    <ei-ms-peak>
      <ei-ms-id>1001</ei-ms-id>
      <id>108952</id>
      <intensity>10.0</intensity>
      <mass-charge>262.0</mass-charge>
    </ei-ms-peak>
    <ei-ms-peak>
      <ei-ms-id>1001</ei-ms-id>
      <id>108953</id>
      <intensity>159.0</intensity>
      <mass-charge>263.0</mass-charge>
    </ei-ms-peak>
    <ei-ms-peak>
      <ei-ms-id>1001</ei-ms-id>
      <id>108954</id>
      <intensity>30.0</intensity>
      <mass-charge>264.0</mass-charge>
    </ei-ms-peak>
    <ei-ms-peak>
      <ei-ms-id>1001</ei-ms-id>
      <id>108955</id>
      <intensity>10.0</intensity>
      <mass-charge>265.0</mass-charge>
    </ei-ms-peak>
    <ei-ms-peak>
      <ei-ms-id>1001</ei-ms-id>
      <id>108956</id>
      <intensity>60.0</intensity>
      <mass-charge>267.0</mass-charge>
    </ei-ms-peak>
    <ei-ms-peak>
      <ei-ms-id>1001</ei-ms-id>
      <id>108957</id>
      <intensity>309.0</intensity>
      <mass-charge>268.0</mass-charge>
    </ei-ms-peak>
    <ei-ms-peak>
      <ei-ms-id>1001</ei-ms-id>
      <id>108958</id>
      <intensity>70.0</intensity>
      <mass-charge>269.0</mass-charge>
    </ei-ms-peak>
    <ei-ms-peak>
      <ei-ms-id>1001</ei-ms-id>
      <id>108959</id>
      <intensity>439.0</intensity>
      <mass-charge>270.0</mass-charge>
    </ei-ms-peak>
    <ei-ms-peak>
      <ei-ms-id>1001</ei-ms-id>
      <id>108960</id>
      <intensity>90.0</intensity>
      <mass-charge>271.0</mass-charge>
    </ei-ms-peak>
    <ei-ms-peak>
      <ei-ms-id>1001</ei-ms-id>
      <id>108961</id>
      <intensity>10.0</intensity>
      <mass-charge>272.0</mass-charge>
    </ei-ms-peak>
    <ei-ms-peak>
      <ei-ms-id>1001</ei-ms-id>
      <id>108962</id>
      <intensity>40.0</intensity>
      <mass-charge>277.0</mass-charge>
    </ei-ms-peak>
    <ei-ms-peak>
      <ei-ms-id>1001</ei-ms-id>
      <id>108963</id>
      <intensity>209.0</intensity>
      <mass-charge>278.0</mass-charge>
    </ei-ms-peak>
    <ei-ms-peak>
      <ei-ms-id>1001</ei-ms-id>
      <id>108964</id>
      <intensity>99.0</intensity>
      <mass-charge>279.0</mass-charge>
    </ei-ms-peak>
    <ei-ms-peak>
      <ei-ms-id>1001</ei-ms-id>
      <id>108965</id>
      <intensity>30.0</intensity>
      <mass-charge>280.0</mass-charge>
    </ei-ms-peak>
    <ei-ms-peak>
      <ei-ms-id>1001</ei-ms-id>
      <id>108966</id>
      <intensity>90.0</intensity>
      <mass-charge>281.0</mass-charge>
    </ei-ms-peak>
    <ei-ms-peak>
      <ei-ms-id>1001</ei-ms-id>
      <id>108967</id>
      <intensity>20.0</intensity>
      <mass-charge>282.0</mass-charge>
    </ei-ms-peak>
    <ei-ms-peak>
      <ei-ms-id>1001</ei-ms-id>
      <id>108968</id>
      <intensity>20.0</intensity>
      <mass-charge>294.0</mass-charge>
    </ei-ms-peak>
    <ei-ms-peak>
      <ei-ms-id>1001</ei-ms-id>
      <id>108969</id>
      <intensity>60.0</intensity>
      <mass-charge>295.0</mass-charge>
    </ei-ms-peak>
    <ei-ms-peak>
      <ei-ms-id>1001</ei-ms-id>
      <id>108970</id>
      <intensity>5479.0</intensity>
      <mass-charge>296.0</mass-charge>
    </ei-ms-peak>
    <ei-ms-peak>
      <ei-ms-id>1001</ei-ms-id>
      <id>108971</id>
      <intensity>1199.0</intensity>
      <mass-charge>297.0</mass-charge>
    </ei-ms-peak>
    <ei-ms-peak>
      <ei-ms-id>1001</ei-ms-id>
      <id>108972</id>
      <intensity>159.0</intensity>
      <mass-charge>298.0</mass-charge>
    </ei-ms-peak>
    <ei-ms-peak>
      <ei-ms-id>1001</ei-ms-id>
      <id>108973</id>
      <intensity>10.0</intensity>
      <mass-charge>299.0</mass-charge>
    </ei-ms-peak>
  </ei-ms-peaks>
</ei-ms>
