<?xml version="1.0" encoding="UTF-8"?>
<ei-ms>
  <collection-date nil="true"/>
  <created-at>2014-09-20T16:36:23Z</created-at>
  <database-id>HMDB14382</database-id>
  <id>782</id>
  <inchi-key>ZRIHAIZYIMGOAB-UHFFFAOYSA-N</inchi-key>
  <instrument-type nil="true"/>
  <molecule-id nil="true"/>
  <notes nil="true"/>
  <peak-counter>103</peak-counter>
  <sample-assessment nil="true"/>
  <sample-concentration nil="true"/>
  <sample-concentration-units nil="true"/>
  <sample-mass nil="true"/>
  <sample-mass-units nil="true"/>
  <sample-source nil="true"/>
  <solvent nil="true"/>
  <spectra-assessment nil="true"/>
  <updated-at>2014-09-20T16:36:23Z</updated-at>
  <references>
    <reference>
      <database>NIST</database>
      <database-id>125-40-6</database-id>
      <id>15654</id>
      <pubmed-id nil="true"/>
      <ref-text>NIST Mass Spec Data Center, S.E. Stein, director, "Mass Spectra" in NIST Chemistry WebBook, NIST Standard Reference Database Number 69, Eds. P.J. Linstrom and W.G. Mallard, National Institute of Standards and Technology, Gaithersburg MD, 20899, http://webbook.nist.gov, (retrieved September 6, 2014).</ref-text>
      <spectra-id>782</spectra-id>
      <spectra-type>EiMs</spectra-type>
    </reference>
  </references>
  <ei-ms-peaks>
    <ei-ms-peak>
      <ei-ms-id>782</ei-ms-id>
      <id>86123</id>
      <intensity>20.0</intensity>
      <mass-charge>15.0</mass-charge>
    </ei-ms-peak>
    <ei-ms-peak>
      <ei-ms-id>782</ei-ms-id>
      <id>86124</id>
      <intensity>50.0</intensity>
      <mass-charge>26.0</mass-charge>
    </ei-ms-peak>
    <ei-ms-peak>
      <ei-ms-id>782</ei-ms-id>
      <id>86125</id>
      <intensity>470.0</intensity>
      <mass-charge>27.0</mass-charge>
    </ei-ms-peak>
    <ei-ms-peak>
      <ei-ms-id>782</ei-ms-id>
      <id>86126</id>
      <intensity>190.0</intensity>
      <mass-charge>28.0</mass-charge>
    </ei-ms-peak>
    <ei-ms-peak>
      <ei-ms-id>782</ei-ms-id>
      <id>86127</id>
      <intensity>1051.0</intensity>
      <mass-charge>29.0</mass-charge>
    </ei-ms-peak>
    <ei-ms-peak>
      <ei-ms-id>782</ei-ms-id>
      <id>86128</id>
      <intensity>50.0</intensity>
      <mass-charge>30.0</mass-charge>
    </ei-ms-peak>
    <ei-ms-peak>
      <ei-ms-id>782</ei-ms-id>
      <id>86129</id>
      <intensity>10.0</intensity>
      <mass-charge>31.0</mass-charge>
    </ei-ms-peak>
    <ei-ms-peak>
      <ei-ms-id>782</ei-ms-id>
      <id>86130</id>
      <intensity>10.0</intensity>
      <mass-charge>37.0</mass-charge>
    </ei-ms-peak>
    <ei-ms-peak>
      <ei-ms-id>782</ei-ms-id>
      <id>86131</id>
      <intensity>60.0</intensity>
      <mass-charge>38.0</mass-charge>
    </ei-ms-peak>
    <ei-ms-peak>
      <ei-ms-id>782</ei-ms-id>
      <id>86132</id>
      <intensity>871.0</intensity>
      <mass-charge>39.0</mass-charge>
    </ei-ms-peak>
    <ei-ms-peak>
      <ei-ms-id>782</ei-ms-id>
      <id>86133</id>
      <intensity>200.0</intensity>
      <mass-charge>40.0</mass-charge>
    </ei-ms-peak>
    <ei-ms-peak>
      <ei-ms-id>782</ei-ms-id>
      <id>86134</id>
      <intensity>2813.0</intensity>
      <mass-charge>41.0</mass-charge>
    </ei-ms-peak>
    <ei-ms-peak>
      <ei-ms-id>782</ei-ms-id>
      <id>86135</id>
      <intensity>250.0</intensity>
      <mass-charge>42.0</mass-charge>
    </ei-ms-peak>
    <ei-ms-peak>
      <ei-ms-id>782</ei-ms-id>
      <id>86136</id>
      <intensity>290.0</intensity>
      <mass-charge>43.0</mass-charge>
    </ei-ms-peak>
    <ei-ms-peak>
      <ei-ms-id>782</ei-ms-id>
      <id>86137</id>
      <intensity>490.0</intensity>
      <mass-charge>44.0</mass-charge>
    </ei-ms-peak>
    <ei-ms-peak>
      <ei-ms-id>782</ei-ms-id>
      <id>86138</id>
      <intensity>30.0</intensity>
      <mass-charge>45.0</mass-charge>
    </ei-ms-peak>
    <ei-ms-peak>
      <ei-ms-id>782</ei-ms-id>
      <id>86139</id>
      <intensity>10.0</intensity>
      <mass-charge>46.0</mass-charge>
    </ei-ms-peak>
    <ei-ms-peak>
      <ei-ms-id>782</ei-ms-id>
      <id>86140</id>
      <intensity>40.0</intensity>
      <mass-charge>50.0</mass-charge>
    </ei-ms-peak>
    <ei-ms-peak>
      <ei-ms-id>782</ei-ms-id>
      <id>86141</id>
      <intensity>120.0</intensity>
      <mass-charge>51.0</mass-charge>
    </ei-ms-peak>
    <ei-ms-peak>
      <ei-ms-id>782</ei-ms-id>
      <id>86142</id>
      <intensity>130.0</intensity>
      <mass-charge>52.0</mass-charge>
    </ei-ms-peak>
    <ei-ms-peak>
      <ei-ms-id>782</ei-ms-id>
      <id>86143</id>
      <intensity>591.0</intensity>
      <mass-charge>53.0</mass-charge>
    </ei-ms-peak>
    <ei-ms-peak>
      <ei-ms-id>782</ei-ms-id>
      <id>86144</id>
      <intensity>300.0</intensity>
      <mass-charge>54.0</mass-charge>
    </ei-ms-peak>
    <ei-ms-peak>
      <ei-ms-id>782</ei-ms-id>
      <id>86145</id>
      <intensity>1051.0</intensity>
      <mass-charge>55.0</mass-charge>
    </ei-ms-peak>
    <ei-ms-peak>
      <ei-ms-id>782</ei-ms-id>
      <id>86146</id>
      <intensity>390.0</intensity>
      <mass-charge>56.0</mass-charge>
    </ei-ms-peak>
    <ei-ms-peak>
      <ei-ms-id>782</ei-ms-id>
      <id>86147</id>
      <intensity>1461.0</intensity>
      <mass-charge>57.0</mass-charge>
    </ei-ms-peak>
    <ei-ms-peak>
      <ei-ms-id>782</ei-ms-id>
      <id>86148</id>
      <intensity>90.0</intensity>
      <mass-charge>58.0</mass-charge>
    </ei-ms-peak>
    <ei-ms-peak>
      <ei-ms-id>782</ei-ms-id>
      <id>86149</id>
      <intensity>10.0</intensity>
      <mass-charge>59.0</mass-charge>
    </ei-ms-peak>
    <ei-ms-peak>
      <ei-ms-id>782</ei-ms-id>
      <id>86150</id>
      <intensity>10.0</intensity>
      <mass-charge>61.0</mass-charge>
    </ei-ms-peak>
    <ei-ms-peak>
      <ei-ms-id>782</ei-ms-id>
      <id>86151</id>
      <intensity>10.0</intensity>
      <mass-charge>62.0</mass-charge>
    </ei-ms-peak>
    <ei-ms-peak>
      <ei-ms-id>782</ei-ms-id>
      <id>86152</id>
      <intensity>20.0</intensity>
      <mass-charge>63.0</mass-charge>
    </ei-ms-peak>
    <ei-ms-peak>
      <ei-ms-id>782</ei-ms-id>
      <id>86153</id>
      <intensity>10.0</intensity>
      <mass-charge>64.0</mass-charge>
    </ei-ms-peak>
    <ei-ms-peak>
      <ei-ms-id>782</ei-ms-id>
      <id>86154</id>
      <intensity>120.0</intensity>
      <mass-charge>65.0</mass-charge>
    </ei-ms-peak>
    <ei-ms-peak>
      <ei-ms-id>782</ei-ms-id>
      <id>86155</id>
      <intensity>130.0</intensity>
      <mass-charge>66.0</mass-charge>
    </ei-ms-peak>
    <ei-ms-peak>
      <ei-ms-id>782</ei-ms-id>
      <id>86156</id>
      <intensity>440.0</intensity>
      <mass-charge>67.0</mass-charge>
    </ei-ms-peak>
    <ei-ms-peak>
      <ei-ms-id>782</ei-ms-id>
      <id>86157</id>
      <intensity>240.0</intensity>
      <mass-charge>68.0</mass-charge>
    </ei-ms-peak>
    <ei-ms-peak>
      <ei-ms-id>782</ei-ms-id>
      <id>86158</id>
      <intensity>831.0</intensity>
      <mass-charge>69.0</mass-charge>
    </ei-ms-peak>
    <ei-ms-peak>
      <ei-ms-id>782</ei-ms-id>
      <id>86159</id>
      <intensity>470.0</intensity>
      <mass-charge>70.0</mass-charge>
    </ei-ms-peak>
    <ei-ms-peak>
      <ei-ms-id>782</ei-ms-id>
      <id>86160</id>
      <intensity>40.0</intensity>
      <mass-charge>71.0</mass-charge>
    </ei-ms-peak>
    <ei-ms-peak>
      <ei-ms-id>782</ei-ms-id>
      <id>86161</id>
      <intensity>20.0</intensity>
      <mass-charge>72.0</mass-charge>
    </ei-ms-peak>
    <ei-ms-peak>
      <ei-ms-id>782</ei-ms-id>
      <id>86162</id>
      <intensity>20.0</intensity>
      <mass-charge>73.0</mass-charge>
    </ei-ms-peak>
    <ei-ms-peak>
      <ei-ms-id>782</ei-ms-id>
      <id>86163</id>
      <intensity>70.0</intensity>
      <mass-charge>77.0</mass-charge>
    </ei-ms-peak>
    <ei-ms-peak>
      <ei-ms-id>782</ei-ms-id>
      <id>86164</id>
      <intensity>20.0</intensity>
      <mass-charge>78.0</mass-charge>
    </ei-ms-peak>
    <ei-ms-peak>
      <ei-ms-id>782</ei-ms-id>
      <id>86165</id>
      <intensity>80.0</intensity>
      <mass-charge>79.0</mass-charge>
    </ei-ms-peak>
    <ei-ms-peak>
      <ei-ms-id>782</ei-ms-id>
      <id>86166</id>
      <intensity>220.0</intensity>
      <mass-charge>80.0</mass-charge>
    </ei-ms-peak>
    <ei-ms-peak>
      <ei-ms-id>782</ei-ms-id>
      <id>86167</id>
      <intensity>150.0</intensity>
      <mass-charge>81.0</mass-charge>
    </ei-ms-peak>
    <ei-ms-peak>
      <ei-ms-id>782</ei-ms-id>
      <id>86168</id>
      <intensity>80.0</intensity>
      <mass-charge>82.0</mass-charge>
    </ei-ms-peak>
    <ei-ms-peak>
      <ei-ms-id>782</ei-ms-id>
      <id>86169</id>
      <intensity>210.0</intensity>
      <mass-charge>83.0</mass-charge>
    </ei-ms-peak>
    <ei-ms-peak>
      <ei-ms-id>782</ei-ms-id>
      <id>86170</id>
      <intensity>110.0</intensity>
      <mass-charge>84.0</mass-charge>
    </ei-ms-peak>
    <ei-ms-peak>
      <ei-ms-id>782</ei-ms-id>
      <id>86171</id>
      <intensity>350.0</intensity>
      <mass-charge>85.0</mass-charge>
    </ei-ms-peak>
    <ei-ms-peak>
      <ei-ms-id>782</ei-ms-id>
      <id>86172</id>
      <intensity>40.0</intensity>
      <mass-charge>86.0</mass-charge>
    </ei-ms-peak>
    <ei-ms-peak>
      <ei-ms-id>782</ei-ms-id>
      <id>86173</id>
      <intensity>20.0</intensity>
      <mass-charge>87.0</mass-charge>
    </ei-ms-peak>
    <ei-ms-peak>
      <ei-ms-id>782</ei-ms-id>
      <id>86174</id>
      <intensity>10.0</intensity>
      <mass-charge>91.0</mass-charge>
    </ei-ms-peak>
    <ei-ms-peak>
      <ei-ms-id>782</ei-ms-id>
      <id>86175</id>
      <intensity>10.0</intensity>
      <mass-charge>92.0</mass-charge>
    </ei-ms-peak>
    <ei-ms-peak>
      <ei-ms-id>782</ei-ms-id>
      <id>86176</id>
      <intensity>20.0</intensity>
      <mass-charge>93.0</mass-charge>
    </ei-ms-peak>
    <ei-ms-peak>
      <ei-ms-id>782</ei-ms-id>
      <id>86177</id>
      <intensity>200.0</intensity>
      <mass-charge>94.0</mass-charge>
    </ei-ms-peak>
    <ei-ms-peak>
      <ei-ms-id>782</ei-ms-id>
      <id>86178</id>
      <intensity>150.0</intensity>
      <mass-charge>95.0</mass-charge>
    </ei-ms-peak>
    <ei-ms-peak>
      <ei-ms-id>782</ei-ms-id>
      <id>86179</id>
      <intensity>170.0</intensity>
      <mass-charge>96.0</mass-charge>
    </ei-ms-peak>
    <ei-ms-peak>
      <ei-ms-id>782</ei-ms-id>
      <id>86180</id>
      <intensity>490.0</intensity>
      <mass-charge>97.0</mass-charge>
    </ei-ms-peak>
    <ei-ms-peak>
      <ei-ms-id>782</ei-ms-id>
      <id>86181</id>
      <intensity>1251.0</intensity>
      <mass-charge>98.0</mass-charge>
    </ei-ms-peak>
    <ei-ms-peak>
      <ei-ms-id>782</ei-ms-id>
      <id>86182</id>
      <intensity>70.0</intensity>
      <mass-charge>99.0</mass-charge>
    </ei-ms-peak>
    <ei-ms-peak>
      <ei-ms-id>782</ei-ms-id>
      <id>86183</id>
      <intensity>10.0</intensity>
      <mass-charge>100.0</mass-charge>
    </ei-ms-peak>
    <ei-ms-peak>
      <ei-ms-id>782</ei-ms-id>
      <id>86184</id>
      <intensity>10.0</intensity>
      <mass-charge>106.0</mass-charge>
    </ei-ms-peak>
    <ei-ms-peak>
      <ei-ms-id>782</ei-ms-id>
      <id>86185</id>
      <intensity>10.0</intensity>
      <mass-charge>107.0</mass-charge>
    </ei-ms-peak>
    <ei-ms-peak>
      <ei-ms-id>782</ei-ms-id>
      <id>86186</id>
      <intensity>20.0</intensity>
      <mass-charge>108.0</mass-charge>
    </ei-ms-peak>
    <ei-ms-peak>
      <ei-ms-id>782</ei-ms-id>
      <id>86187</id>
      <intensity>40.0</intensity>
      <mass-charge>109.0</mass-charge>
    </ei-ms-peak>
    <ei-ms-peak>
      <ei-ms-id>782</ei-ms-id>
      <id>86188</id>
      <intensity>80.0</intensity>
      <mass-charge>110.0</mass-charge>
    </ei-ms-peak>
    <ei-ms-peak>
      <ei-ms-id>782</ei-ms-id>
      <id>86189</id>
      <intensity>60.0</intensity>
      <mass-charge>111.0</mass-charge>
    </ei-ms-peak>
    <ei-ms-peak>
      <ei-ms-id>782</ei-ms-id>
      <id>86190</id>
      <intensity>641.0</intensity>
      <mass-charge>112.0</mass-charge>
    </ei-ms-peak>
    <ei-ms-peak>
      <ei-ms-id>782</ei-ms-id>
      <id>86191</id>
      <intensity>210.0</intensity>
      <mass-charge>113.0</mass-charge>
    </ei-ms-peak>
    <ei-ms-peak>
      <ei-ms-id>782</ei-ms-id>
      <id>86192</id>
      <intensity>70.0</intensity>
      <mass-charge>114.0</mass-charge>
    </ei-ms-peak>
    <ei-ms-peak>
      <ei-ms-id>782</ei-ms-id>
      <id>86193</id>
      <intensity>10.0</intensity>
      <mass-charge>115.0</mass-charge>
    </ei-ms-peak>
    <ei-ms-peak>
      <ei-ms-id>782</ei-ms-id>
      <id>86194</id>
      <intensity>10.0</intensity>
      <mass-charge>121.0</mass-charge>
    </ei-ms-peak>
    <ei-ms-peak>
      <ei-ms-id>782</ei-ms-id>
      <id>86195</id>
      <intensity>40.0</intensity>
      <mass-charge>122.0</mass-charge>
    </ei-ms-peak>
    <ei-ms-peak>
      <ei-ms-id>782</ei-ms-id>
      <id>86196</id>
      <intensity>240.0</intensity>
      <mass-charge>123.0</mass-charge>
    </ei-ms-peak>
    <ei-ms-peak>
      <ei-ms-id>782</ei-ms-id>
      <id>86197</id>
      <intensity>80.0</intensity>
      <mass-charge>124.0</mass-charge>
    </ei-ms-peak>
    <ei-ms-peak>
      <ei-ms-id>782</ei-ms-id>
      <id>86198</id>
      <intensity>60.0</intensity>
      <mass-charge>125.0</mass-charge>
    </ei-ms-peak>
    <ei-ms-peak>
      <ei-ms-id>782</ei-ms-id>
      <id>86199</id>
      <intensity>80.0</intensity>
      <mass-charge>126.0</mass-charge>
    </ei-ms-peak>
    <ei-ms-peak>
      <ei-ms-id>782</ei-ms-id>
      <id>86200</id>
      <intensity>40.0</intensity>
      <mass-charge>127.0</mass-charge>
    </ei-ms-peak>
    <ei-ms-peak>
      <ei-ms-id>782</ei-ms-id>
      <id>86201</id>
      <intensity>60.0</intensity>
      <mass-charge>128.0</mass-charge>
    </ei-ms-peak>
    <ei-ms-peak>
      <ei-ms-id>782</ei-ms-id>
      <id>86202</id>
      <intensity>40.0</intensity>
      <mass-charge>129.0</mass-charge>
    </ei-ms-peak>
    <ei-ms-peak>
      <ei-ms-id>782</ei-ms-id>
      <id>86203</id>
      <intensity>10.0</intensity>
      <mass-charge>136.0</mass-charge>
    </ei-ms-peak>
    <ei-ms-peak>
      <ei-ms-id>782</ei-ms-id>
      <id>86204</id>
      <intensity>10.0</intensity>
      <mass-charge>137.0</mass-charge>
    </ei-ms-peak>
    <ei-ms-peak>
      <ei-ms-id>782</ei-ms-id>
      <id>86205</id>
      <intensity>20.0</intensity>
      <mass-charge>138.0</mass-charge>
    </ei-ms-peak>
    <ei-ms-peak>
      <ei-ms-id>782</ei-ms-id>
      <id>86206</id>
      <intensity>20.0</intensity>
      <mass-charge>139.0</mass-charge>
    </ei-ms-peak>
    <ei-ms-peak>
      <ei-ms-id>782</ei-ms-id>
      <id>86207</id>
      <intensity>9999.0</intensity>
      <mass-charge>141.0</mass-charge>
    </ei-ms-peak>
    <ei-ms-peak>
      <ei-ms-id>782</ei-ms-id>
      <id>86208</id>
      <intensity>621.0</intensity>
      <mass-charge>142.0</mass-charge>
    </ei-ms-peak>
    <ei-ms-peak>
      <ei-ms-id>782</ei-ms-id>
      <id>86209</id>
      <intensity>80.0</intensity>
      <mass-charge>143.0</mass-charge>
    </ei-ms-peak>
    <ei-ms-peak>
      <ei-ms-id>782</ei-ms-id>
      <id>86210</id>
      <intensity>10.0</intensity>
      <mass-charge>152.0</mass-charge>
    </ei-ms-peak>
    <ei-ms-peak>
      <ei-ms-id>782</ei-ms-id>
      <id>86211</id>
      <intensity>40.0</intensity>
      <mass-charge>153.0</mass-charge>
    </ei-ms-peak>
    <ei-ms-peak>
      <ei-ms-id>782</ei-ms-id>
      <id>86212</id>
      <intensity>50.0</intensity>
      <mass-charge>154.0</mass-charge>
    </ei-ms-peak>
    <ei-ms-peak>
      <ei-ms-id>782</ei-ms-id>
      <id>86213</id>
      <intensity>771.0</intensity>
      <mass-charge>155.0</mass-charge>
    </ei-ms-peak>
    <ei-ms-peak>
      <ei-ms-id>782</ei-ms-id>
      <id>86214</id>
      <intensity>9679.0</intensity>
      <mass-charge>156.0</mass-charge>
    </ei-ms-peak>
    <ei-ms-peak>
      <ei-ms-id>782</ei-ms-id>
      <id>86215</id>
      <intensity>1221.0</intensity>
      <mass-charge>157.0</mass-charge>
    </ei-ms-peak>
    <ei-ms-peak>
      <ei-ms-id>782</ei-ms-id>
      <id>86216</id>
      <intensity>110.0</intensity>
      <mass-charge>158.0</mass-charge>
    </ei-ms-peak>
    <ei-ms-peak>
      <ei-ms-id>782</ei-ms-id>
      <id>86217</id>
      <intensity>10.0</intensity>
      <mass-charge>159.0</mass-charge>
    </ei-ms-peak>
    <ei-ms-peak>
      <ei-ms-id>782</ei-ms-id>
      <id>86218</id>
      <intensity>20.0</intensity>
      <mass-charge>167.0</mass-charge>
    </ei-ms-peak>
    <ei-ms-peak>
      <ei-ms-id>782</ei-ms-id>
      <id>86219</id>
      <intensity>10.0</intensity>
      <mass-charge>168.0</mass-charge>
    </ei-ms-peak>
    <ei-ms-peak>
      <ei-ms-id>782</ei-ms-id>
      <id>86220</id>
      <intensity>30.0</intensity>
      <mass-charge>169.0</mass-charge>
    </ei-ms-peak>
    <ei-ms-peak>
      <ei-ms-id>782</ei-ms-id>
      <id>86221</id>
      <intensity>10.0</intensity>
      <mass-charge>181.0</mass-charge>
    </ei-ms-peak>
    <ei-ms-peak>
      <ei-ms-id>782</ei-ms-id>
      <id>86222</id>
      <intensity>651.0</intensity>
      <mass-charge>183.0</mass-charge>
    </ei-ms-peak>
    <ei-ms-peak>
      <ei-ms-id>782</ei-ms-id>
      <id>86223</id>
      <intensity>100.0</intensity>
      <mass-charge>184.0</mass-charge>
    </ei-ms-peak>
    <ei-ms-peak>
      <ei-ms-id>782</ei-ms-id>
      <id>86224</id>
      <intensity>10.0</intensity>
      <mass-charge>185.0</mass-charge>
    </ei-ms-peak>
    <ei-ms-peak>
      <ei-ms-id>782</ei-ms-id>
      <id>86225</id>
      <intensity>10.0</intensity>
      <mass-charge>197.0</mass-charge>
    </ei-ms-peak>
  </ei-ms-peaks>
</ei-ms>
