<?xml version="1.0" encoding="UTF-8"?>
<ei-ms>
  <collection-date nil="true"/>
  <created-at>2014-09-20T16:26:33Z</created-at>
  <database-id>HMDB14892</database-id>
  <id>372</id>
  <inchi-key>SZQIFWWUIBRPBZ-UHFFFAOYSA-N</inchi-key>
  <instrument-type nil="true"/>
  <molecule-id nil="true"/>
  <notes nil="true"/>
  <peak-counter>43</peak-counter>
  <sample-assessment nil="true"/>
  <sample-concentration nil="true"/>
  <sample-concentration-units nil="true"/>
  <sample-mass nil="true"/>
  <sample-mass-units nil="true"/>
  <sample-source nil="true"/>
  <solvent nil="true"/>
  <spectra-assessment nil="true"/>
  <updated-at>2014-09-20T16:26:33Z</updated-at>
  <references>
    <reference>
      <database>NIST</database>
      <database-id>86-35-1</database-id>
      <id>15244</id>
      <pubmed-id nil="true"/>
      <ref-text>NIST Mass Spec Data Center, S.E. Stein, director, "Mass Spectra" in NIST Chemistry WebBook, NIST Standard Reference Database Number 69, Eds. P.J. Linstrom and W.G. Mallard, National Institute of Standards and Technology, Gaithersburg MD, 20899, http://webbook.nist.gov, (retrieved September 6, 2014).</ref-text>
      <spectra-id>372</spectra-id>
      <spectra-type>EiMs</spectra-type>
    </reference>
  </references>
  <ei-ms-peaks>
    <ei-ms-peak>
      <ei-ms-id>372</ei-ms-id>
      <id>41515</id>
      <intensity>73.0</intensity>
      <mass-charge>14.0</mass-charge>
    </ei-ms-peak>
    <ei-ms-peak>
      <ei-ms-id>372</ei-ms-id>
      <id>41516</id>
      <intensity>350.0</intensity>
      <mass-charge>27.0</mass-charge>
    </ei-ms-peak>
    <ei-ms-peak>
      <ei-ms-id>372</ei-ms-id>
      <id>41517</id>
      <intensity>990.0</intensity>
      <mass-charge>28.0</mass-charge>
    </ei-ms-peak>
    <ei-ms-peak>
      <ei-ms-id>372</ei-ms-id>
      <id>41518</id>
      <intensity>350.0</intensity>
      <mass-charge>29.0</mass-charge>
    </ei-ms-peak>
    <ei-ms-peak>
      <ei-ms-id>372</ei-ms-id>
      <id>41519</id>
      <intensity>339.0</intensity>
      <mass-charge>39.0</mass-charge>
    </ei-ms-peak>
    <ei-ms-peak>
      <ei-ms-id>372</ei-ms-id>
      <id>41520</id>
      <intensity>104.0</intensity>
      <mass-charge>40.0</mass-charge>
    </ei-ms-peak>
    <ei-ms-peak>
      <ei-ms-id>372</ei-ms-id>
      <id>41521</id>
      <intensity>189.0</intensity>
      <mass-charge>42.0</mass-charge>
    </ei-ms-peak>
    <ei-ms-peak>
      <ei-ms-id>372</ei-ms-id>
      <id>41522</id>
      <intensity>86.0</intensity>
      <mass-charge>43.0</mass-charge>
    </ei-ms-peak>
    <ei-ms-peak>
      <ei-ms-id>372</ei-ms-id>
      <id>41523</id>
      <intensity>484.0</intensity>
      <mass-charge>44.0</mass-charge>
    </ei-ms-peak>
    <ei-ms-peak>
      <ei-ms-id>372</ei-ms-id>
      <id>41524</id>
      <intensity>636.0</intensity>
      <mass-charge>50.0</mass-charge>
    </ei-ms-peak>
    <ei-ms-peak>
      <ei-ms-id>372</ei-ms-id>
      <id>41525</id>
      <intensity>1476.0</intensity>
      <mass-charge>51.0</mass-charge>
    </ei-ms-peak>
    <ei-ms-peak>
      <ei-ms-id>372</ei-ms-id>
      <id>41526</id>
      <intensity>427.0</intensity>
      <mass-charge>52.0</mass-charge>
    </ei-ms-peak>
    <ei-ms-peak>
      <ei-ms-id>372</ei-ms-id>
      <id>41527</id>
      <intensity>434.0</intensity>
      <mass-charge>56.0</mass-charge>
    </ei-ms-peak>
    <ei-ms-peak>
      <ei-ms-id>372</ei-ms-id>
      <id>41528</id>
      <intensity>167.0</intensity>
      <mass-charge>62.0</mass-charge>
    </ei-ms-peak>
    <ei-ms-peak>
      <ei-ms-id>372</ei-ms-id>
      <id>41529</id>
      <intensity>515.0</intensity>
      <mass-charge>63.0</mass-charge>
    </ei-ms-peak>
    <ei-ms-peak>
      <ei-ms-id>372</ei-ms-id>
      <id>41530</id>
      <intensity>155.0</intensity>
      <mass-charge>64.0</mass-charge>
    </ei-ms-peak>
    <ei-ms-peak>
      <ei-ms-id>372</ei-ms-id>
      <id>41531</id>
      <intensity>103.0</intensity>
      <mass-charge>65.0</mass-charge>
    </ei-ms-peak>
    <ei-ms-peak>
      <ei-ms-id>372</ei-ms-id>
      <id>41532</id>
      <intensity>998.0</intensity>
      <mass-charge>70.0</mass-charge>
    </ei-ms-peak>
    <ei-ms-peak>
      <ei-ms-id>372</ei-ms-id>
      <id>41533</id>
      <intensity>672.0</intensity>
      <mass-charge>72.0</mass-charge>
    </ei-ms-peak>
    <ei-ms-peak>
      <ei-ms-id>372</ei-ms-id>
      <id>41534</id>
      <intensity>162.0</intensity>
      <mass-charge>74.0</mass-charge>
    </ei-ms-peak>
    <ei-ms-peak>
      <ei-ms-id>372</ei-ms-id>
      <id>41535</id>
      <intensity>167.0</intensity>
      <mass-charge>75.0</mass-charge>
    </ei-ms-peak>
    <ei-ms-peak>
      <ei-ms-id>372</ei-ms-id>
      <id>41536</id>
      <intensity>516.0</intensity>
      <mass-charge>76.0</mass-charge>
    </ei-ms-peak>
    <ei-ms-peak>
      <ei-ms-id>372</ei-ms-id>
      <id>41537</id>
      <intensity>3246.0</intensity>
      <mass-charge>77.0</mass-charge>
    </ei-ms-peak>
    <ei-ms-peak>
      <ei-ms-id>372</ei-ms-id>
      <id>41538</id>
      <intensity>1696.0</intensity>
      <mass-charge>78.0</mass-charge>
    </ei-ms-peak>
    <ei-ms-peak>
      <ei-ms-id>372</ei-ms-id>
      <id>41539</id>
      <intensity>267.0</intensity>
      <mass-charge>79.0</mass-charge>
    </ei-ms-peak>
    <ei-ms-peak>
      <ei-ms-id>372</ei-ms-id>
      <id>41540</id>
      <intensity>683.0</intensity>
      <mass-charge>89.0</mass-charge>
    </ei-ms-peak>
    <ei-ms-peak>
      <ei-ms-id>372</ei-ms-id>
      <id>41541</id>
      <intensity>402.0</intensity>
      <mass-charge>90.0</mass-charge>
    </ei-ms-peak>
    <ei-ms-peak>
      <ei-ms-id>372</ei-ms-id>
      <id>41542</id>
      <intensity>468.0</intensity>
      <mass-charge>91.0</mass-charge>
    </ei-ms-peak>
    <ei-ms-peak>
      <ei-ms-id>372</ei-ms-id>
      <id>41543</id>
      <intensity>9999.0</intensity>
      <mass-charge>104.0</mass-charge>
    </ei-ms-peak>
    <ei-ms-peak>
      <ei-ms-id>372</ei-ms-id>
      <id>41544</id>
      <intensity>7584.0</intensity>
      <mass-charge>105.0</mass-charge>
    </ei-ms-peak>
    <ei-ms-peak>
      <ei-ms-id>372</ei-ms-id>
      <id>41545</id>
      <intensity>772.0</intensity>
      <mass-charge>106.0</mass-charge>
    </ei-ms-peak>
    <ei-ms-peak>
      <ei-ms-id>372</ei-ms-id>
      <id>41546</id>
      <intensity>93.0</intensity>
      <mass-charge>107.0</mass-charge>
    </ei-ms-peak>
    <ei-ms-peak>
      <ei-ms-id>372</ei-ms-id>
      <id>41547</id>
      <intensity>493.0</intensity>
      <mass-charge>118.0</mass-charge>
    </ei-ms-peak>
    <ei-ms-peak>
      <ei-ms-id>372</ei-ms-id>
      <id>41548</id>
      <intensity>1025.0</intensity>
      <mass-charge>132.0</mass-charge>
    </ei-ms-peak>
    <ei-ms-peak>
      <ei-ms-id>372</ei-ms-id>
      <id>41549</id>
      <intensity>1391.0</intensity>
      <mass-charge>133.0</mass-charge>
    </ei-ms-peak>
    <ei-ms-peak>
      <ei-ms-id>372</ei-ms-id>
      <id>41550</id>
      <intensity>155.0</intensity>
      <mass-charge>134.0</mass-charge>
    </ei-ms-peak>
    <ei-ms-peak>
      <ei-ms-id>372</ei-ms-id>
      <id>41551</id>
      <intensity>406.0</intensity>
      <mass-charge>161.0</mass-charge>
    </ei-ms-peak>
    <ei-ms-peak>
      <ei-ms-id>372</ei-ms-id>
      <id>41552</id>
      <intensity>219.0</intensity>
      <mass-charge>175.0</mass-charge>
    </ei-ms-peak>
    <ei-ms-peak>
      <ei-ms-id>372</ei-ms-id>
      <id>41553</id>
      <intensity>458.0</intensity>
      <mass-charge>176.0</mass-charge>
    </ei-ms-peak>
    <ei-ms-peak>
      <ei-ms-id>372</ei-ms-id>
      <id>41554</id>
      <intensity>90.0</intensity>
      <mass-charge>202.0</mass-charge>
    </ei-ms-peak>
    <ei-ms-peak>
      <ei-ms-id>372</ei-ms-id>
      <id>41555</id>
      <intensity>6412.0</intensity>
      <mass-charge>204.0</mass-charge>
    </ei-ms-peak>
    <ei-ms-peak>
      <ei-ms-id>372</ei-ms-id>
      <id>41556</id>
      <intensity>781.0</intensity>
      <mass-charge>205.0</mass-charge>
    </ei-ms-peak>
    <ei-ms-peak>
      <ei-ms-id>372</ei-ms-id>
      <id>41557</id>
      <intensity>91.0</intensity>
      <mass-charge>206.0</mass-charge>
    </ei-ms-peak>
  </ei-ms-peaks>
</ei-ms>
