<?xml version="1.0" encoding="UTF-8"?>
<ei-ms>
  <collection-date nil="true"/>
  <created-at>2014-09-20T16:23:28Z</created-at>
  <database-id>HMDB15489</database-id>
  <id>246</id>
  <inchi-key>PDMMFKSKQVNJMI-BLQWBTBKSA-N</inchi-key>
  <instrument-type nil="true"/>
  <molecule-id nil="true"/>
  <notes nil="true"/>
  <peak-counter>91</peak-counter>
  <sample-assessment nil="true"/>
  <sample-concentration nil="true"/>
  <sample-concentration-units nil="true"/>
  <sample-mass nil="true"/>
  <sample-mass-units nil="true"/>
  <sample-source nil="true"/>
  <solvent nil="true"/>
  <spectra-assessment nil="true"/>
  <updated-at>2014-09-20T16:23:28Z</updated-at>
  <references>
    <reference>
      <database>NIST</database>
      <database-id>57-85-2</database-id>
      <id>15118</id>
      <pubmed-id nil="true"/>
      <ref-text>NIST Mass Spec Data Center, S.E. Stein, director, "Mass Spectra" in NIST Chemistry WebBook, NIST Standard Reference Database Number 69, Eds. P.J. Linstrom and W.G. Mallard, National Institute of Standards and Technology, Gaithersburg MD, 20899, http://webbook.nist.gov, (retrieved September 6, 2014).</ref-text>
      <spectra-id>246</spectra-id>
      <spectra-type>EiMs</spectra-type>
    </reference>
  </references>
  <ei-ms-peaks>
    <ei-ms-peak>
      <ei-ms-id>246</ei-ms-id>
      <id>28360</id>
      <intensity>180.0</intensity>
      <mass-charge>18.0</mass-charge>
    </ei-ms-peak>
    <ei-ms-peak>
      <ei-ms-id>246</ei-ms-id>
      <id>28361</id>
      <intensity>420.0</intensity>
      <mass-charge>27.0</mass-charge>
    </ei-ms-peak>
    <ei-ms-peak>
      <ei-ms-id>246</ei-ms-id>
      <id>28362</id>
      <intensity>690.0</intensity>
      <mass-charge>28.0</mass-charge>
    </ei-ms-peak>
    <ei-ms-peak>
      <ei-ms-id>246</ei-ms-id>
      <id>28363</id>
      <intensity>3350.0</intensity>
      <mass-charge>29.0</mass-charge>
    </ei-ms-peak>
    <ei-ms-peak>
      <ei-ms-id>246</ei-ms-id>
      <id>28364</id>
      <intensity>110.0</intensity>
      <mass-charge>32.0</mass-charge>
    </ei-ms-peak>
    <ei-ms-peak>
      <ei-ms-id>246</ei-ms-id>
      <id>28365</id>
      <intensity>380.0</intensity>
      <mass-charge>39.0</mass-charge>
    </ei-ms-peak>
    <ei-ms-peak>
      <ei-ms-id>246</ei-ms-id>
      <id>28366</id>
      <intensity>1510.0</intensity>
      <mass-charge>41.0</mass-charge>
    </ei-ms-peak>
    <ei-ms-peak>
      <ei-ms-id>246</ei-ms-id>
      <id>28367</id>
      <intensity>750.0</intensity>
      <mass-charge>43.0</mass-charge>
    </ei-ms-peak>
    <ei-ms-peak>
      <ei-ms-id>246</ei-ms-id>
      <id>28368</id>
      <intensity>110.0</intensity>
      <mass-charge>44.0</mass-charge>
    </ei-ms-peak>
    <ei-ms-peak>
      <ei-ms-id>246</ei-ms-id>
      <id>28369</id>
      <intensity>640.0</intensity>
      <mass-charge>53.0</mass-charge>
    </ei-ms-peak>
    <ei-ms-peak>
      <ei-ms-id>246</ei-ms-id>
      <id>28370</id>
      <intensity>2270.0</intensity>
      <mass-charge>55.0</mass-charge>
    </ei-ms-peak>
    <ei-ms-peak>
      <ei-ms-id>246</ei-ms-id>
      <id>28371</id>
      <intensity>9999.0</intensity>
      <mass-charge>57.0</mass-charge>
    </ei-ms-peak>
    <ei-ms-peak>
      <ei-ms-id>246</ei-ms-id>
      <id>28372</id>
      <intensity>390.0</intensity>
      <mass-charge>58.0</mass-charge>
    </ei-ms-peak>
    <ei-ms-peak>
      <ei-ms-id>246</ei-ms-id>
      <id>28373</id>
      <intensity>450.0</intensity>
      <mass-charge>65.0</mass-charge>
    </ei-ms-peak>
    <ei-ms-peak>
      <ei-ms-id>246</ei-ms-id>
      <id>28374</id>
      <intensity>1370.0</intensity>
      <mass-charge>67.0</mass-charge>
    </ei-ms-peak>
    <ei-ms-peak>
      <ei-ms-id>246</ei-ms-id>
      <id>28375</id>
      <intensity>390.0</intensity>
      <mass-charge>69.0</mass-charge>
    </ei-ms-peak>
    <ei-ms-peak>
      <ei-ms-id>246</ei-ms-id>
      <id>28376</id>
      <intensity>1400.0</intensity>
      <mass-charge>77.0</mass-charge>
    </ei-ms-peak>
    <ei-ms-peak>
      <ei-ms-id>246</ei-ms-id>
      <id>28377</id>
      <intensity>290.0</intensity>
      <mass-charge>78.0</mass-charge>
    </ei-ms-peak>
    <ei-ms-peak>
      <ei-ms-id>246</ei-ms-id>
      <id>28378</id>
      <intensity>2070.0</intensity>
      <mass-charge>79.0</mass-charge>
    </ei-ms-peak>
    <ei-ms-peak>
      <ei-ms-id>246</ei-ms-id>
      <id>28379</id>
      <intensity>280.0</intensity>
      <mass-charge>80.0</mass-charge>
    </ei-ms-peak>
    <ei-ms-peak>
      <ei-ms-id>246</ei-ms-id>
      <id>28380</id>
      <intensity>1170.0</intensity>
      <mass-charge>81.0</mass-charge>
    </ei-ms-peak>
    <ei-ms-peak>
      <ei-ms-id>246</ei-ms-id>
      <id>28381</id>
      <intensity>280.0</intensity>
      <mass-charge>83.0</mass-charge>
    </ei-ms-peak>
    <ei-ms-peak>
      <ei-ms-id>246</ei-ms-id>
      <id>28382</id>
      <intensity>2280.0</intensity>
      <mass-charge>91.0</mass-charge>
    </ei-ms-peak>
    <ei-ms-peak>
      <ei-ms-id>246</ei-ms-id>
      <id>28383</id>
      <intensity>400.0</intensity>
      <mass-charge>92.0</mass-charge>
    </ei-ms-peak>
    <ei-ms-peak>
      <ei-ms-id>246</ei-ms-id>
      <id>28384</id>
      <intensity>1440.0</intensity>
      <mass-charge>93.0</mass-charge>
    </ei-ms-peak>
    <ei-ms-peak>
      <ei-ms-id>246</ei-ms-id>
      <id>28385</id>
      <intensity>570.0</intensity>
      <mass-charge>94.0</mass-charge>
    </ei-ms-peak>
    <ei-ms-peak>
      <ei-ms-id>246</ei-ms-id>
      <id>28386</id>
      <intensity>1150.0</intensity>
      <mass-charge>95.0</mass-charge>
    </ei-ms-peak>
    <ei-ms-peak>
      <ei-ms-id>246</ei-ms-id>
      <id>28387</id>
      <intensity>270.0</intensity>
      <mass-charge>96.0</mass-charge>
    </ei-ms-peak>
    <ei-ms-peak>
      <ei-ms-id>246</ei-ms-id>
      <id>28388</id>
      <intensity>430.0</intensity>
      <mass-charge>97.0</mass-charge>
    </ei-ms-peak>
    <ei-ms-peak>
      <ei-ms-id>246</ei-ms-id>
      <id>28389</id>
      <intensity>60.0</intensity>
      <mass-charge>103.0</mass-charge>
    </ei-ms-peak>
    <ei-ms-peak>
      <ei-ms-id>246</ei-ms-id>
      <id>28390</id>
      <intensity>1760.0</intensity>
      <mass-charge>105.0</mass-charge>
    </ei-ms-peak>
    <ei-ms-peak>
      <ei-ms-id>246</ei-ms-id>
      <id>28391</id>
      <intensity>440.0</intensity>
      <mass-charge>106.0</mass-charge>
    </ei-ms-peak>
    <ei-ms-peak>
      <ei-ms-id>246</ei-ms-id>
      <id>28392</id>
      <intensity>1370.0</intensity>
      <mass-charge>107.0</mass-charge>
    </ei-ms-peak>
    <ei-ms-peak>
      <ei-ms-id>246</ei-ms-id>
      <id>28393</id>
      <intensity>410.0</intensity>
      <mass-charge>108.0</mass-charge>
    </ei-ms-peak>
    <ei-ms-peak>
      <ei-ms-id>246</ei-ms-id>
      <id>28394</id>
      <intensity>1140.0</intensity>
      <mass-charge>109.0</mass-charge>
    </ei-ms-peak>
    <ei-ms-peak>
      <ei-ms-id>246</ei-ms-id>
      <id>28395</id>
      <intensity>290.0</intensity>
      <mass-charge>110.0</mass-charge>
    </ei-ms-peak>
    <ei-ms-peak>
      <ei-ms-id>246</ei-ms-id>
      <id>28396</id>
      <intensity>300.0</intensity>
      <mass-charge>111.0</mass-charge>
    </ei-ms-peak>
    <ei-ms-peak>
      <ei-ms-id>246</ei-ms-id>
      <id>28397</id>
      <intensity>310.0</intensity>
      <mass-charge>115.0</mass-charge>
    </ei-ms-peak>
    <ei-ms-peak>
      <ei-ms-id>246</ei-ms-id>
      <id>28398</id>
      <intensity>580.0</intensity>
      <mass-charge>117.0</mass-charge>
    </ei-ms-peak>
    <ei-ms-peak>
      <ei-ms-id>246</ei-ms-id>
      <id>28399</id>
      <intensity>120.0</intensity>
      <mass-charge>118.0</mass-charge>
    </ei-ms-peak>
    <ei-ms-peak>
      <ei-ms-id>246</ei-ms-id>
      <id>28400</id>
      <intensity>1050.0</intensity>
      <mass-charge>119.0</mass-charge>
    </ei-ms-peak>
    <ei-ms-peak>
      <ei-ms-id>246</ei-ms-id>
      <id>28401</id>
      <intensity>380.0</intensity>
      <mass-charge>120.0</mass-charge>
    </ei-ms-peak>
    <ei-ms-peak>
      <ei-ms-id>246</ei-ms-id>
      <id>28402</id>
      <intensity>840.0</intensity>
      <mass-charge>121.0</mass-charge>
    </ei-ms-peak>
    <ei-ms-peak>
      <ei-ms-id>246</ei-ms-id>
      <id>28403</id>
      <intensity>610.0</intensity>
      <mass-charge>122.0</mass-charge>
    </ei-ms-peak>
    <ei-ms-peak>
      <ei-ms-id>246</ei-ms-id>
      <id>28404</id>
      <intensity>1140.0</intensity>
      <mass-charge>123.0</mass-charge>
    </ei-ms-peak>
    <ei-ms-peak>
      <ei-ms-id>246</ei-ms-id>
      <id>28405</id>
      <intensity>5390.0</intensity>
      <mass-charge>124.0</mass-charge>
    </ei-ms-peak>
    <ei-ms-peak>
      <ei-ms-id>246</ei-ms-id>
      <id>28406</id>
      <intensity>590.0</intensity>
      <mass-charge>125.0</mass-charge>
    </ei-ms-peak>
    <ei-ms-peak>
      <ei-ms-id>246</ei-ms-id>
      <id>28407</id>
      <intensity>70.0</intensity>
      <mass-charge>128.0</mass-charge>
    </ei-ms-peak>
    <ei-ms-peak>
      <ei-ms-id>246</ei-ms-id>
      <id>28408</id>
      <intensity>310.0</intensity>
      <mass-charge>129.0</mass-charge>
    </ei-ms-peak>
    <ei-ms-peak>
      <ei-ms-id>246</ei-ms-id>
      <id>28409</id>
      <intensity>990.0</intensity>
      <mass-charge>131.0</mass-charge>
    </ei-ms-peak>
    <ei-ms-peak>
      <ei-ms-id>246</ei-ms-id>
      <id>28410</id>
      <intensity>380.0</intensity>
      <mass-charge>132.0</mass-charge>
    </ei-ms-peak>
    <ei-ms-peak>
      <ei-ms-id>246</ei-ms-id>
      <id>28411</id>
      <intensity>1190.0</intensity>
      <mass-charge>133.0</mass-charge>
    </ei-ms-peak>
    <ei-ms-peak>
      <ei-ms-id>246</ei-ms-id>
      <id>28412</id>
      <intensity>910.0</intensity>
      <mass-charge>134.0</mass-charge>
    </ei-ms-peak>
    <ei-ms-peak>
      <ei-ms-id>246</ei-ms-id>
      <id>28413</id>
      <intensity>500.0</intensity>
      <mass-charge>135.0</mass-charge>
    </ei-ms-peak>
    <ei-ms-peak>
      <ei-ms-id>246</ei-ms-id>
      <id>28414</id>
      <intensity>330.0</intensity>
      <mass-charge>136.0</mass-charge>
    </ei-ms-peak>
    <ei-ms-peak>
      <ei-ms-id>246</ei-ms-id>
      <id>28415</id>
      <intensity>440.0</intensity>
      <mass-charge>137.0</mass-charge>
    </ei-ms-peak>
    <ei-ms-peak>
      <ei-ms-id>246</ei-ms-id>
      <id>28416</id>
      <intensity>260.0</intensity>
      <mass-charge>143.0</mass-charge>
    </ei-ms-peak>
    <ei-ms-peak>
      <ei-ms-id>246</ei-ms-id>
      <id>28417</id>
      <intensity>380.0</intensity>
      <mass-charge>144.0</mass-charge>
    </ei-ms-peak>
    <ei-ms-peak>
      <ei-ms-id>246</ei-ms-id>
      <id>28418</id>
      <intensity>900.0</intensity>
      <mass-charge>145.0</mass-charge>
    </ei-ms-peak>
    <ei-ms-peak>
      <ei-ms-id>246</ei-ms-id>
      <id>28419</id>
      <intensity>1390.0</intensity>
      <mass-charge>146.0</mass-charge>
    </ei-ms-peak>
    <ei-ms-peak>
      <ei-ms-id>246</ei-ms-id>
      <id>28420</id>
      <intensity>3660.0</intensity>
      <mass-charge>147.0</mass-charge>
    </ei-ms-peak>
    <ei-ms-peak>
      <ei-ms-id>246</ei-ms-id>
      <id>28421</id>
      <intensity>890.0</intensity>
      <mass-charge>148.0</mass-charge>
    </ei-ms-peak>
    <ei-ms-peak>
      <ei-ms-id>246</ei-ms-id>
      <id>28422</id>
      <intensity>500.0</intensity>
      <mass-charge>149.0</mass-charge>
    </ei-ms-peak>
    <ei-ms-peak>
      <ei-ms-id>246</ei-ms-id>
      <id>28423</id>
      <intensity>200.0</intensity>
      <mass-charge>157.0</mass-charge>
    </ei-ms-peak>
    <ei-ms-peak>
      <ei-ms-id>246</ei-ms-id>
      <id>28424</id>
      <intensity>20.0</intensity>
      <mass-charge>158.0</mass-charge>
    </ei-ms-peak>
    <ei-ms-peak>
      <ei-ms-id>246</ei-ms-id>
      <id>28425</id>
      <intensity>500.0</intensity>
      <mass-charge>159.0</mass-charge>
    </ei-ms-peak>
    <ei-ms-peak>
      <ei-ms-id>246</ei-ms-id>
      <id>28426</id>
      <intensity>90.0</intensity>
      <mass-charge>160.0</mass-charge>
    </ei-ms-peak>
    <ei-ms-peak>
      <ei-ms-id>246</ei-ms-id>
      <id>28427</id>
      <intensity>360.0</intensity>
      <mass-charge>161.0</mass-charge>
    </ei-ms-peak>
    <ei-ms-peak>
      <ei-ms-id>246</ei-ms-id>
      <id>28428</id>
      <intensity>90.0</intensity>
      <mass-charge>162.0</mass-charge>
    </ei-ms-peak>
    <ei-ms-peak>
      <ei-ms-id>246</ei-ms-id>
      <id>28429</id>
      <intensity>20.0</intensity>
      <mass-charge>165.0</mass-charge>
    </ei-ms-peak>
    <ei-ms-peak>
      <ei-ms-id>246</ei-ms-id>
      <id>28430</id>
      <intensity>120.0</intensity>
      <mass-charge>171.0</mass-charge>
    </ei-ms-peak>
    <ei-ms-peak>
      <ei-ms-id>246</ei-ms-id>
      <id>28431</id>
      <intensity>30.0</intensity>
      <mass-charge>172.0</mass-charge>
    </ei-ms-peak>
    <ei-ms-peak>
      <ei-ms-id>246</ei-ms-id>
      <id>28432</id>
      <intensity>100.0</intensity>
      <mass-charge>173.0</mass-charge>
    </ei-ms-peak>
    <ei-ms-peak>
      <ei-ms-id>246</ei-ms-id>
      <id>28433</id>
      <intensity>20.0</intensity>
      <mass-charge>174.0</mass-charge>
    </ei-ms-peak>
    <ei-ms-peak>
      <ei-ms-id>246</ei-ms-id>
      <id>28434</id>
      <intensity>930.0</intensity>
      <mass-charge>185.0</mass-charge>
    </ei-ms-peak>
    <ei-ms-peak>
      <ei-ms-id>246</ei-ms-id>
      <id>28435</id>
      <intensity>260.0</intensity>
      <mass-charge>186.0</mass-charge>
    </ei-ms-peak>
    <ei-ms-peak>
      <ei-ms-id>246</ei-ms-id>
      <id>28436</id>
      <intensity>60.0</intensity>
      <mass-charge>187.0</mass-charge>
    </ei-ms-peak>
    <ei-ms-peak>
      <ei-ms-id>246</ei-ms-id>
      <id>28437</id>
      <intensity>100.0</intensity>
      <mass-charge>199.0</mass-charge>
    </ei-ms-peak>
    <ei-ms-peak>
      <ei-ms-id>246</ei-ms-id>
      <id>28438</id>
      <intensity>540.0</intensity>
      <mass-charge>213.0</mass-charge>
    </ei-ms-peak>
    <ei-ms-peak>
      <ei-ms-id>246</ei-ms-id>
      <id>28439</id>
      <intensity>40.0</intensity>
      <mass-charge>227.0</mass-charge>
    </ei-ms-peak>
    <ei-ms-peak>
      <ei-ms-id>246</ei-ms-id>
      <id>28440</id>
      <intensity>1030.0</intensity>
      <mass-charge>228.0</mass-charge>
    </ei-ms-peak>
    <ei-ms-peak>
      <ei-ms-id>246</ei-ms-id>
      <id>28441</id>
      <intensity>230.0</intensity>
      <mass-charge>229.0</mass-charge>
    </ei-ms-peak>
    <ei-ms-peak>
      <ei-ms-id>246</ei-ms-id>
      <id>28442</id>
      <intensity>500.0</intensity>
      <mass-charge>230.0</mass-charge>
    </ei-ms-peak>
    <ei-ms-peak>
      <ei-ms-id>246</ei-ms-id>
      <id>28443</id>
      <intensity>20.0</intensity>
      <mass-charge>239.0</mass-charge>
    </ei-ms-peak>
    <ei-ms-peak>
      <ei-ms-id>246</ei-ms-id>
      <id>28444</id>
      <intensity>70.0</intensity>
      <mass-charge>259.0</mass-charge>
    </ei-ms-peak>
    <ei-ms-peak>
      <ei-ms-id>246</ei-ms-id>
      <id>28445</id>
      <intensity>30.0</intensity>
      <mass-charge>268.0</mass-charge>
    </ei-ms-peak>
    <ei-ms-peak>
      <ei-ms-id>246</ei-ms-id>
      <id>28446</id>
      <intensity>130.0</intensity>
      <mass-charge>270.0</mass-charge>
    </ei-ms-peak>
    <ei-ms-peak>
      <ei-ms-id>246</ei-ms-id>
      <id>28447</id>
      <intensity>20.0</intensity>
      <mass-charge>273.0</mass-charge>
    </ei-ms-peak>
    <ei-ms-peak>
      <ei-ms-id>246</ei-ms-id>
      <id>28448</id>
      <intensity>20.0</intensity>
      <mass-charge>288.0</mass-charge>
    </ei-ms-peak>
    <ei-ms-peak>
      <ei-ms-id>246</ei-ms-id>
      <id>28449</id>
      <intensity>380.0</intensity>
      <mass-charge>302.0</mass-charge>
    </ei-ms-peak>
    <ei-ms-peak>
      <ei-ms-id>246</ei-ms-id>
      <id>28450</id>
      <intensity>300.0</intensity>
      <mass-charge>344.0</mass-charge>
    </ei-ms-peak>
  </ei-ms-peaks>
</ei-ms>
