<?xml version="1.0" encoding="UTF-8"?>
<ei-ms>
  <collection-date nil="true"/>
  <created-at>2014-09-20T16:26:52Z</created-at>
  <database-id>HMDB59924</database-id>
  <id>386</id>
  <inchi-key>URLKBWYHVLBVBO-UHFFFAOYSA-N</inchi-key>
  <instrument-type nil="true"/>
  <molecule-id nil="true"/>
  <notes nil="true"/>
  <peak-counter>56</peak-counter>
  <sample-assessment nil="true"/>
  <sample-concentration nil="true"/>
  <sample-concentration-units nil="true"/>
  <sample-mass nil="true"/>
  <sample-mass-units nil="true"/>
  <sample-source nil="true"/>
  <solvent nil="true"/>
  <spectra-assessment nil="true"/>
  <updated-at>2014-09-20T16:26:52Z</updated-at>
  <references>
    <reference>
      <database>NIST</database>
      <database-id>106-42-3</database-id>
      <id>15258</id>
      <pubmed-id nil="true"/>
      <ref-text>NIST Mass Spec Data Center, S.E. Stein, director, "Mass Spectra" in NIST Chemistry WebBook, NIST Standard Reference Database Number 69, Eds. P.J. Linstrom and W.G. Mallard, National Institute of Standards and Technology, Gaithersburg MD, 20899, http://webbook.nist.gov, (retrieved September 6, 2014).</ref-text>
      <spectra-id>386</spectra-id>
      <spectra-type>EiMs</spectra-type>
    </reference>
  </references>
  <ei-ms-peaks>
    <ei-ms-peak>
      <ei-ms-id>386</ei-ms-id>
      <id>42962</id>
      <intensity>10.0</intensity>
      <mass-charge>15.0</mass-charge>
    </ei-ms-peak>
    <ei-ms-peak>
      <ei-ms-id>386</ei-ms-id>
      <id>42963</id>
      <intensity>20.0</intensity>
      <mass-charge>18.0</mass-charge>
    </ei-ms-peak>
    <ei-ms-peak>
      <ei-ms-id>386</ei-ms-id>
      <id>42964</id>
      <intensity>30.0</intensity>
      <mass-charge>26.0</mass-charge>
    </ei-ms-peak>
    <ei-ms-peak>
      <ei-ms-id>386</ei-ms-id>
      <id>42965</id>
      <intensity>349.0</intensity>
      <mass-charge>27.0</mass-charge>
    </ei-ms-peak>
    <ei-ms-peak>
      <ei-ms-id>386</ei-ms-id>
      <id>42966</id>
      <intensity>80.0</intensity>
      <mass-charge>28.0</mass-charge>
    </ei-ms-peak>
    <ei-ms-peak>
      <ei-ms-id>386</ei-ms-id>
      <id>42967</id>
      <intensity>10.0</intensity>
      <mass-charge>29.0</mass-charge>
    </ei-ms-peak>
    <ei-ms-peak>
      <ei-ms-id>386</ei-ms-id>
      <id>42968</id>
      <intensity>20.0</intensity>
      <mass-charge>32.0</mass-charge>
    </ei-ms-peak>
    <ei-ms-peak>
      <ei-ms-id>386</ei-ms-id>
      <id>42969</id>
      <intensity>40.0</intensity>
      <mass-charge>37.0</mass-charge>
    </ei-ms-peak>
    <ei-ms-peak>
      <ei-ms-id>386</ei-ms-id>
      <id>42970</id>
      <intensity>119.0</intensity>
      <mass-charge>38.0</mass-charge>
    </ei-ms-peak>
    <ei-ms-peak>
      <ei-ms-id>386</ei-ms-id>
      <id>42971</id>
      <intensity>799.0</intensity>
      <mass-charge>39.0</mass-charge>
    </ei-ms-peak>
    <ei-ms-peak>
      <ei-ms-id>386</ei-ms-id>
      <id>42972</id>
      <intensity>70.0</intensity>
      <mass-charge>40.0</mass-charge>
    </ei-ms-peak>
    <ei-ms-peak>
      <ei-ms-id>386</ei-ms-id>
      <id>42973</id>
      <intensity>129.0</intensity>
      <mass-charge>41.0</mass-charge>
    </ei-ms-peak>
    <ei-ms-peak>
      <ei-ms-id>386</ei-ms-id>
      <id>42974</id>
      <intensity>10.0</intensity>
      <mass-charge>43.0</mass-charge>
    </ei-ms-peak>
    <ei-ms-peak>
      <ei-ms-id>386</ei-ms-id>
      <id>42975</id>
      <intensity>40.0</intensity>
      <mass-charge>49.0</mass-charge>
    </ei-ms-peak>
    <ei-ms-peak>
      <ei-ms-id>386</ei-ms-id>
      <id>42976</id>
      <intensity>399.0</intensity>
      <mass-charge>50.0</mass-charge>
    </ei-ms-peak>
    <ei-ms-peak>
      <ei-ms-id>386</ei-ms-id>
      <id>42977</id>
      <intensity>859.0</intensity>
      <mass-charge>51.0</mass-charge>
    </ei-ms-peak>
    <ei-ms-peak>
      <ei-ms-id>386</ei-ms-id>
      <id>42978</id>
      <intensity>339.0</intensity>
      <mass-charge>52.0</mass-charge>
    </ei-ms-peak>
    <ei-ms-peak>
      <ei-ms-id>386</ei-ms-id>
      <id>42979</id>
      <intensity>279.0</intensity>
      <mass-charge>53.0</mass-charge>
    </ei-ms-peak>
    <ei-ms-peak>
      <ei-ms-id>386</ei-ms-id>
      <id>42980</id>
      <intensity>10.0</intensity>
      <mass-charge>54.0</mass-charge>
    </ei-ms-peak>
    <ei-ms-peak>
      <ei-ms-id>386</ei-ms-id>
      <id>42981</id>
      <intensity>20.0</intensity>
      <mass-charge>55.0</mass-charge>
    </ei-ms-peak>
    <ei-ms-peak>
      <ei-ms-id>386</ei-ms-id>
      <id>42982</id>
      <intensity>20.0</intensity>
      <mass-charge>57.0</mass-charge>
    </ei-ms-peak>
    <ei-ms-peak>
      <ei-ms-id>386</ei-ms-id>
      <id>42983</id>
      <intensity>70.0</intensity>
      <mass-charge>61.0</mass-charge>
    </ei-ms-peak>
    <ei-ms-peak>
      <ei-ms-id>386</ei-ms-id>
      <id>42984</id>
      <intensity>159.0</intensity>
      <mass-charge>62.0</mass-charge>
    </ei-ms-peak>
    <ei-ms-peak>
      <ei-ms-id>386</ei-ms-id>
      <id>42985</id>
      <intensity>469.0</intensity>
      <mass-charge>63.0</mass-charge>
    </ei-ms-peak>
    <ei-ms-peak>
      <ei-ms-id>386</ei-ms-id>
      <id>42986</id>
      <intensity>90.0</intensity>
      <mass-charge>64.0</mass-charge>
    </ei-ms-peak>
    <ei-ms-peak>
      <ei-ms-id>386</ei-ms-id>
      <id>42987</id>
      <intensity>559.0</intensity>
      <mass-charge>65.0</mass-charge>
    </ei-ms-peak>
    <ei-ms-peak>
      <ei-ms-id>386</ei-ms-id>
      <id>42988</id>
      <intensity>70.0</intensity>
      <mass-charge>66.0</mass-charge>
    </ei-ms-peak>
    <ei-ms-peak>
      <ei-ms-id>386</ei-ms-id>
      <id>42989</id>
      <intensity>10.0</intensity>
      <mass-charge>67.0</mass-charge>
    </ei-ms-peak>
    <ei-ms-peak>
      <ei-ms-id>386</ei-ms-id>
      <id>42990</id>
      <intensity>10.0</intensity>
      <mass-charge>69.0</mass-charge>
    </ei-ms-peak>
    <ei-ms-peak>
      <ei-ms-id>386</ei-ms-id>
      <id>42991</id>
      <intensity>20.0</intensity>
      <mass-charge>73.0</mass-charge>
    </ei-ms-peak>
    <ei-ms-peak>
      <ei-ms-id>386</ei-ms-id>
      <id>42992</id>
      <intensity>129.0</intensity>
      <mass-charge>74.0</mass-charge>
    </ei-ms-peak>
    <ei-ms-peak>
      <ei-ms-id>386</ei-ms-id>
      <id>42993</id>
      <intensity>80.0</intensity>
      <mass-charge>75.0</mass-charge>
    </ei-ms-peak>
    <ei-ms-peak>
      <ei-ms-id>386</ei-ms-id>
      <id>42994</id>
      <intensity>80.0</intensity>
      <mass-charge>76.0</mass-charge>
    </ei-ms-peak>
    <ei-ms-peak>
      <ei-ms-id>386</ei-ms-id>
      <id>42995</id>
      <intensity>1189.0</intensity>
      <mass-charge>77.0</mass-charge>
    </ei-ms-peak>
    <ei-ms-peak>
      <ei-ms-id>386</ei-ms-id>
      <id>42996</id>
      <intensity>579.0</intensity>
      <mass-charge>78.0</mass-charge>
    </ei-ms-peak>
    <ei-ms-peak>
      <ei-ms-id>386</ei-ms-id>
      <id>42997</id>
      <intensity>709.0</intensity>
      <mass-charge>79.0</mass-charge>
    </ei-ms-peak>
    <ei-ms-peak>
      <ei-ms-id>386</ei-ms-id>
      <id>42998</id>
      <intensity>40.0</intensity>
      <mass-charge>80.0</mass-charge>
    </ei-ms-peak>
    <ei-ms-peak>
      <ei-ms-id>386</ei-ms-id>
      <id>42999</id>
      <intensity>10.0</intensity>
      <mass-charge>83.0</mass-charge>
    </ei-ms-peak>
    <ei-ms-peak>
      <ei-ms-id>386</ei-ms-id>
      <id>43000</id>
      <intensity>10.0</intensity>
      <mass-charge>85.0</mass-charge>
    </ei-ms-peak>
    <ei-ms-peak>
      <ei-ms-id>386</ei-ms-id>
      <id>43001</id>
      <intensity>40.0</intensity>
      <mass-charge>86.0</mass-charge>
    </ei-ms-peak>
    <ei-ms-peak>
      <ei-ms-id>386</ei-ms-id>
      <id>43002</id>
      <intensity>40.0</intensity>
      <mass-charge>87.0</mass-charge>
    </ei-ms-peak>
    <ei-ms-peak>
      <ei-ms-id>386</ei-ms-id>
      <id>43003</id>
      <intensity>189.0</intensity>
      <mass-charge>89.0</mass-charge>
    </ei-ms-peak>
    <ei-ms-peak>
      <ei-ms-id>386</ei-ms-id>
      <id>43004</id>
      <intensity>70.0</intensity>
      <mass-charge>90.0</mass-charge>
    </ei-ms-peak>
    <ei-ms-peak>
      <ei-ms-id>386</ei-ms-id>
      <id>43005</id>
      <intensity>9999.0</intensity>
      <mass-charge>91.0</mass-charge>
    </ei-ms-peak>
    <ei-ms-peak>
      <ei-ms-id>386</ei-ms-id>
      <id>43006</id>
      <intensity>749.0</intensity>
      <mass-charge>92.0</mass-charge>
    </ei-ms-peak>
    <ei-ms-peak>
      <ei-ms-id>386</ei-ms-id>
      <id>43007</id>
      <intensity>20.0</intensity>
      <mass-charge>93.0</mass-charge>
    </ei-ms-peak>
    <ei-ms-peak>
      <ei-ms-id>386</ei-ms-id>
      <id>43008</id>
      <intensity>10.0</intensity>
      <mass-charge>97.0</mass-charge>
    </ei-ms-peak>
    <ei-ms-peak>
      <ei-ms-id>386</ei-ms-id>
      <id>43009</id>
      <intensity>10.0</intensity>
      <mass-charge>98.0</mass-charge>
    </ei-ms-peak>
    <ei-ms-peak>
      <ei-ms-id>386</ei-ms-id>
      <id>43010</id>
      <intensity>20.0</intensity>
      <mass-charge>101.0</mass-charge>
    </ei-ms-peak>
    <ei-ms-peak>
      <ei-ms-id>386</ei-ms-id>
      <id>43011</id>
      <intensity>109.0</intensity>
      <mass-charge>102.0</mass-charge>
    </ei-ms-peak>
    <ei-ms-peak>
      <ei-ms-id>386</ei-ms-id>
      <id>43012</id>
      <intensity>589.0</intensity>
      <mass-charge>103.0</mass-charge>
    </ei-ms-peak>
    <ei-ms-peak>
      <ei-ms-id>386</ei-ms-id>
      <id>43013</id>
      <intensity>289.0</intensity>
      <mass-charge>104.0</mass-charge>
    </ei-ms-peak>
    <ei-ms-peak>
      <ei-ms-id>386</ei-ms-id>
      <id>43014</id>
      <intensity>2889.0</intensity>
      <mass-charge>105.0</mass-charge>
    </ei-ms-peak>
    <ei-ms-peak>
      <ei-ms-id>386</ei-ms-id>
      <id>43015</id>
      <intensity>6589.0</intensity>
      <mass-charge>106.0</mass-charge>
    </ei-ms-peak>
    <ei-ms-peak>
      <ei-ms-id>386</ei-ms-id>
      <id>43016</id>
      <intensity>579.0</intensity>
      <mass-charge>107.0</mass-charge>
    </ei-ms-peak>
    <ei-ms-peak>
      <ei-ms-id>386</ei-ms-id>
      <id>43017</id>
      <intensity>10.0</intensity>
      <mass-charge>108.0</mass-charge>
    </ei-ms-peak>
  </ei-ms-peaks>
</ei-ms>
