<?xml version="1.0" encoding="UTF-8"?>
<ei-ms>
  <collection-date nil="true"/>
  <created-at>2014-09-20T16:33:27Z</created-at>
  <database-id>HMDB12308</database-id>
  <id>654</id>
  <inchi-key>MWOOGOJBHIARFG-UHFFFAOYSA-N</inchi-key>
  <instrument-type nil="true"/>
  <molecule-id nil="true"/>
  <notes nil="true"/>
  <peak-counter>81</peak-counter>
  <sample-assessment nil="true"/>
  <sample-concentration nil="true"/>
  <sample-concentration-units nil="true"/>
  <sample-mass nil="true"/>
  <sample-mass-units nil="true"/>
  <sample-source nil="true"/>
  <solvent nil="true"/>
  <spectra-assessment nil="true"/>
  <updated-at>2014-09-20T16:33:27Z</updated-at>
  <references>
    <reference>
      <database>NIST</database>
      <database-id>121-33-5</database-id>
      <id>15526</id>
      <pubmed-id nil="true"/>
      <ref-text>NIST Mass Spec Data Center, S.E. Stein, director, "Mass Spectra" in NIST Chemistry WebBook, NIST Standard Reference Database Number 69, Eds. P.J. Linstrom and W.G. Mallard, National Institute of Standards and Technology, Gaithersburg MD, 20899, http://webbook.nist.gov, (retrieved September 6, 2014).</ref-text>
      <spectra-id>654</spectra-id>
      <spectra-type>EiMs</spectra-type>
    </reference>
  </references>
  <ei-ms-peaks>
    <ei-ms-peak>
      <ei-ms-id>654</ei-ms-id>
      <id>72533</id>
      <intensity>10.0</intensity>
      <mass-charge>14.0</mass-charge>
    </ei-ms-peak>
    <ei-ms-peak>
      <ei-ms-id>654</ei-ms-id>
      <id>72534</id>
      <intensity>100.0</intensity>
      <mass-charge>15.0</mass-charge>
    </ei-ms-peak>
    <ei-ms-peak>
      <ei-ms-id>654</ei-ms-id>
      <id>72535</id>
      <intensity>10.0</intensity>
      <mass-charge>25.0</mass-charge>
    </ei-ms-peak>
    <ei-ms-peak>
      <ei-ms-id>654</ei-ms-id>
      <id>72536</id>
      <intensity>70.0</intensity>
      <mass-charge>26.0</mass-charge>
    </ei-ms-peak>
    <ei-ms-peak>
      <ei-ms-id>654</ei-ms-id>
      <id>72537</id>
      <intensity>260.0</intensity>
      <mass-charge>27.0</mass-charge>
    </ei-ms-peak>
    <ei-ms-peak>
      <ei-ms-id>654</ei-ms-id>
      <id>72538</id>
      <intensity>10.0</intensity>
      <mass-charge>28.0</mass-charge>
    </ei-ms-peak>
    <ei-ms-peak>
      <ei-ms-id>654</ei-ms-id>
      <id>72539</id>
      <intensity>380.0</intensity>
      <mass-charge>29.0</mass-charge>
    </ei-ms-peak>
    <ei-ms-peak>
      <ei-ms-id>654</ei-ms-id>
      <id>72540</id>
      <intensity>20.0</intensity>
      <mass-charge>30.0</mass-charge>
    </ei-ms-peak>
    <ei-ms-peak>
      <ei-ms-id>654</ei-ms-id>
      <id>72541</id>
      <intensity>60.0</intensity>
      <mass-charge>31.0</mass-charge>
    </ei-ms-peak>
    <ei-ms-peak>
      <ei-ms-id>654</ei-ms-id>
      <id>72542</id>
      <intensity>10.0</intensity>
      <mass-charge>36.0</mass-charge>
    </ei-ms-peak>
    <ei-ms-peak>
      <ei-ms-id>654</ei-ms-id>
      <id>72543</id>
      <intensity>140.0</intensity>
      <mass-charge>37.0</mass-charge>
    </ei-ms-peak>
    <ei-ms-peak>
      <ei-ms-id>654</ei-ms-id>
      <id>72544</id>
      <intensity>280.0</intensity>
      <mass-charge>38.0</mass-charge>
    </ei-ms-peak>
    <ei-ms-peak>
      <ei-ms-id>654</ei-ms-id>
      <id>72545</id>
      <intensity>590.0</intensity>
      <mass-charge>39.0</mass-charge>
    </ei-ms-peak>
    <ei-ms-peak>
      <ei-ms-id>654</ei-ms-id>
      <id>72546</id>
      <intensity>40.0</intensity>
      <mass-charge>40.0</mass-charge>
    </ei-ms-peak>
    <ei-ms-peak>
      <ei-ms-id>654</ei-ms-id>
      <id>72547</id>
      <intensity>220.0</intensity>
      <mass-charge>41.0</mass-charge>
    </ei-ms-peak>
    <ei-ms-peak>
      <ei-ms-id>654</ei-ms-id>
      <id>72548</id>
      <intensity>50.0</intensity>
      <mass-charge>42.0</mass-charge>
    </ei-ms-peak>
    <ei-ms-peak>
      <ei-ms-id>654</ei-ms-id>
      <id>72549</id>
      <intensity>40.0</intensity>
      <mass-charge>43.0</mass-charge>
    </ei-ms-peak>
    <ei-ms-peak>
      <ei-ms-id>654</ei-ms-id>
      <id>72550</id>
      <intensity>10.0</intensity>
      <mass-charge>45.0</mass-charge>
    </ei-ms-peak>
    <ei-ms-peak>
      <ei-ms-id>654</ei-ms-id>
      <id>72551</id>
      <intensity>10.0</intensity>
      <mass-charge>48.0</mass-charge>
    </ei-ms-peak>
    <ei-ms-peak>
      <ei-ms-id>654</ei-ms-id>
      <id>72552</id>
      <intensity>140.0</intensity>
      <mass-charge>49.0</mass-charge>
    </ei-ms-peak>
    <ei-ms-peak>
      <ei-ms-id>654</ei-ms-id>
      <id>72553</id>
      <intensity>820.0</intensity>
      <mass-charge>50.0</mass-charge>
    </ei-ms-peak>
    <ei-ms-peak>
      <ei-ms-id>654</ei-ms-id>
      <id>72554</id>
      <intensity>1430.0</intensity>
      <mass-charge>51.0</mass-charge>
    </ei-ms-peak>
    <ei-ms-peak>
      <ei-ms-id>654</ei-ms-id>
      <id>72555</id>
      <intensity>1420.0</intensity>
      <mass-charge>52.0</mass-charge>
    </ei-ms-peak>
    <ei-ms-peak>
      <ei-ms-id>654</ei-ms-id>
      <id>72556</id>
      <intensity>1530.0</intensity>
      <mass-charge>53.0</mass-charge>
    </ei-ms-peak>
    <ei-ms-peak>
      <ei-ms-id>654</ei-ms-id>
      <id>72557</id>
      <intensity>150.0</intensity>
      <mass-charge>54.0</mass-charge>
    </ei-ms-peak>
    <ei-ms-peak>
      <ei-ms-id>654</ei-ms-id>
      <id>72558</id>
      <intensity>410.0</intensity>
      <mass-charge>55.0</mass-charge>
    </ei-ms-peak>
    <ei-ms-peak>
      <ei-ms-id>654</ei-ms-id>
      <id>72559</id>
      <intensity>10.0</intensity>
      <mass-charge>56.0</mass-charge>
    </ei-ms-peak>
    <ei-ms-peak>
      <ei-ms-id>654</ei-ms-id>
      <id>72560</id>
      <intensity>20.0</intensity>
      <mass-charge>60.0</mass-charge>
    </ei-ms-peak>
    <ei-ms-peak>
      <ei-ms-id>654</ei-ms-id>
      <id>72561</id>
      <intensity>210.0</intensity>
      <mass-charge>61.0</mass-charge>
    </ei-ms-peak>
    <ei-ms-peak>
      <ei-ms-id>654</ei-ms-id>
      <id>72562</id>
      <intensity>460.0</intensity>
      <mass-charge>62.0</mass-charge>
    </ei-ms-peak>
    <ei-ms-peak>
      <ei-ms-id>654</ei-ms-id>
      <id>72563</id>
      <intensity>780.0</intensity>
      <mass-charge>63.0</mass-charge>
    </ei-ms-peak>
    <ei-ms-peak>
      <ei-ms-id>654</ei-ms-id>
      <id>72564</id>
      <intensity>200.0</intensity>
      <mass-charge>64.0</mass-charge>
    </ei-ms-peak>
    <ei-ms-peak>
      <ei-ms-id>654</ei-ms-id>
      <id>72565</id>
      <intensity>940.0</intensity>
      <mass-charge>65.0</mass-charge>
    </ei-ms-peak>
    <ei-ms-peak>
      <ei-ms-id>654</ei-ms-id>
      <id>72566</id>
      <intensity>200.0</intensity>
      <mass-charge>66.0</mass-charge>
    </ei-ms-peak>
    <ei-ms-peak>
      <ei-ms-id>654</ei-ms-id>
      <id>72567</id>
      <intensity>310.0</intensity>
      <mass-charge>67.0</mass-charge>
    </ei-ms-peak>
    <ei-ms-peak>
      <ei-ms-id>654</ei-ms-id>
      <id>72568</id>
      <intensity>20.0</intensity>
      <mass-charge>68.0</mass-charge>
    </ei-ms-peak>
    <ei-ms-peak>
      <ei-ms-id>654</ei-ms-id>
      <id>72569</id>
      <intensity>60.0</intensity>
      <mass-charge>69.0</mass-charge>
    </ei-ms-peak>
    <ei-ms-peak>
      <ei-ms-id>654</ei-ms-id>
      <id>72570</id>
      <intensity>30.0</intensity>
      <mass-charge>73.0</mass-charge>
    </ei-ms-peak>
    <ei-ms-peak>
      <ei-ms-id>654</ei-ms-id>
      <id>72571</id>
      <intensity>130.0</intensity>
      <mass-charge>74.0</mass-charge>
    </ei-ms-peak>
    <ei-ms-peak>
      <ei-ms-id>654</ei-ms-id>
      <id>72572</id>
      <intensity>100.0</intensity>
      <mass-charge>75.0</mass-charge>
    </ei-ms-peak>
    <ei-ms-peak>
      <ei-ms-id>654</ei-ms-id>
      <id>72573</id>
      <intensity>40.0</intensity>
      <mass-charge>76.0</mass-charge>
    </ei-ms-peak>
    <ei-ms-peak>
      <ei-ms-id>654</ei-ms-id>
      <id>72574</id>
      <intensity>630.0</intensity>
      <mass-charge>77.0</mass-charge>
    </ei-ms-peak>
    <ei-ms-peak>
      <ei-ms-id>654</ei-ms-id>
      <id>72575</id>
      <intensity>90.0</intensity>
      <mass-charge>78.0</mass-charge>
    </ei-ms-peak>
    <ei-ms-peak>
      <ei-ms-id>654</ei-ms-id>
      <id>72576</id>
      <intensity>660.0</intensity>
      <mass-charge>79.0</mass-charge>
    </ei-ms-peak>
    <ei-ms-peak>
      <ei-ms-id>654</ei-ms-id>
      <id>72577</id>
      <intensity>520.0</intensity>
      <mass-charge>80.0</mass-charge>
    </ei-ms-peak>
    <ei-ms-peak>
      <ei-ms-id>654</ei-ms-id>
      <id>72578</id>
      <intensity>3050.0</intensity>
      <mass-charge>81.0</mass-charge>
    </ei-ms-peak>
    <ei-ms-peak>
      <ei-ms-id>654</ei-ms-id>
      <id>72579</id>
      <intensity>180.0</intensity>
      <mass-charge>82.0</mass-charge>
    </ei-ms-peak>
    <ei-ms-peak>
      <ei-ms-id>654</ei-ms-id>
      <id>72580</id>
      <intensity>10.0</intensity>
      <mass-charge>83.0</mass-charge>
    </ei-ms-peak>
    <ei-ms-peak>
      <ei-ms-id>654</ei-ms-id>
      <id>72581</id>
      <intensity>10.0</intensity>
      <mass-charge>89.0</mass-charge>
    </ei-ms-peak>
    <ei-ms-peak>
      <ei-ms-id>654</ei-ms-id>
      <id>72582</id>
      <intensity>10.0</intensity>
      <mass-charge>90.0</mass-charge>
    </ei-ms-peak>
    <ei-ms-peak>
      <ei-ms-id>654</ei-ms-id>
      <id>72583</id>
      <intensity>140.0</intensity>
      <mass-charge>91.0</mass-charge>
    </ei-ms-peak>
    <ei-ms-peak>
      <ei-ms-id>654</ei-ms-id>
      <id>72584</id>
      <intensity>190.0</intensity>
      <mass-charge>92.0</mass-charge>
    </ei-ms-peak>
    <ei-ms-peak>
      <ei-ms-id>654</ei-ms-id>
      <id>72585</id>
      <intensity>250.0</intensity>
      <mass-charge>93.0</mass-charge>
    </ei-ms-peak>
    <ei-ms-peak>
      <ei-ms-id>654</ei-ms-id>
      <id>72586</id>
      <intensity>50.0</intensity>
      <mass-charge>94.0</mass-charge>
    </ei-ms-peak>
    <ei-ms-peak>
      <ei-ms-id>654</ei-ms-id>
      <id>72587</id>
      <intensity>250.0</intensity>
      <mass-charge>95.0</mass-charge>
    </ei-ms-peak>
    <ei-ms-peak>
      <ei-ms-id>654</ei-ms-id>
      <id>72588</id>
      <intensity>10.0</intensity>
      <mass-charge>96.0</mass-charge>
    </ei-ms-peak>
    <ei-ms-peak>
      <ei-ms-id>654</ei-ms-id>
      <id>72589</id>
      <intensity>10.0</intensity>
      <mass-charge>103.0</mass-charge>
    </ei-ms-peak>
    <ei-ms-peak>
      <ei-ms-id>654</ei-ms-id>
      <id>72590</id>
      <intensity>10.0</intensity>
      <mass-charge>104.0</mass-charge>
    </ei-ms-peak>
    <ei-ms-peak>
      <ei-ms-id>654</ei-ms-id>
      <id>72591</id>
      <intensity>40.0</intensity>
      <mass-charge>105.0</mass-charge>
    </ei-ms-peak>
    <ei-ms-peak>
      <ei-ms-id>654</ei-ms-id>
      <id>72592</id>
      <intensity>10.0</intensity>
      <mass-charge>106.0</mass-charge>
    </ei-ms-peak>
    <ei-ms-peak>
      <ei-ms-id>654</ei-ms-id>
      <id>72593</id>
      <intensity>60.0</intensity>
      <mass-charge>107.0</mass-charge>
    </ei-ms-peak>
    <ei-ms-peak>
      <ei-ms-id>654</ei-ms-id>
      <id>72594</id>
      <intensity>920.0</intensity>
      <mass-charge>108.0</mass-charge>
    </ei-ms-peak>
    <ei-ms-peak>
      <ei-ms-id>654</ei-ms-id>
      <id>72595</id>
      <intensity>2310.0</intensity>
      <mass-charge>109.0</mass-charge>
    </ei-ms-peak>
    <ei-ms-peak>
      <ei-ms-id>654</ei-ms-id>
      <id>72596</id>
      <intensity>160.0</intensity>
      <mass-charge>110.0</mass-charge>
    </ei-ms-peak>
    <ei-ms-peak>
      <ei-ms-id>654</ei-ms-id>
      <id>72597</id>
      <intensity>10.0</intensity>
      <mass-charge>111.0</mass-charge>
    </ei-ms-peak>
    <ei-ms-peak>
      <ei-ms-id>654</ei-ms-id>
      <id>72598</id>
      <intensity>70.0</intensity>
      <mass-charge>119.0</mass-charge>
    </ei-ms-peak>
    <ei-ms-peak>
      <ei-ms-id>654</ei-ms-id>
      <id>72599</id>
      <intensity>60.0</intensity>
      <mass-charge>120.0</mass-charge>
    </ei-ms-peak>
    <ei-ms-peak>
      <ei-ms-id>654</ei-ms-id>
      <id>72600</id>
      <intensity>110.0</intensity>
      <mass-charge>121.0</mass-charge>
    </ei-ms-peak>
    <ei-ms-peak>
      <ei-ms-id>654</ei-ms-id>
      <id>72601</id>
      <intensity>90.0</intensity>
      <mass-charge>122.0</mass-charge>
    </ei-ms-peak>
    <ei-ms-peak>
      <ei-ms-id>654</ei-ms-id>
      <id>72602</id>
      <intensity>1850.0</intensity>
      <mass-charge>123.0</mass-charge>
    </ei-ms-peak>
    <ei-ms-peak>
      <ei-ms-id>654</ei-ms-id>
      <id>72603</id>
      <intensity>250.0</intensity>
      <mass-charge>124.0</mass-charge>
    </ei-ms-peak>
    <ei-ms-peak>
      <ei-ms-id>654</ei-ms-id>
      <id>72604</id>
      <intensity>10.0</intensity>
      <mass-charge>125.0</mass-charge>
    </ei-ms-peak>
    <ei-ms-peak>
      <ei-ms-id>654</ei-ms-id>
      <id>72605</id>
      <intensity>40.0</intensity>
      <mass-charge>135.0</mass-charge>
    </ei-ms-peak>
    <ei-ms-peak>
      <ei-ms-id>654</ei-ms-id>
      <id>72606</id>
      <intensity>240.0</intensity>
      <mass-charge>136.0</mass-charge>
    </ei-ms-peak>
    <ei-ms-peak>
      <ei-ms-id>654</ei-ms-id>
      <id>72607</id>
      <intensity>560.0</intensity>
      <mass-charge>137.0</mass-charge>
    </ei-ms-peak>
    <ei-ms-peak>
      <ei-ms-id>654</ei-ms-id>
      <id>72608</id>
      <intensity>50.0</intensity>
      <mass-charge>138.0</mass-charge>
    </ei-ms-peak>
    <ei-ms-peak>
      <ei-ms-id>654</ei-ms-id>
      <id>72609</id>
      <intensity>20.0</intensity>
      <mass-charge>149.0</mass-charge>
    </ei-ms-peak>
    <ei-ms-peak>
      <ei-ms-id>654</ei-ms-id>
      <id>72610</id>
      <intensity>9999.0</intensity>
      <mass-charge>151.0</mass-charge>
    </ei-ms-peak>
    <ei-ms-peak>
      <ei-ms-id>654</ei-ms-id>
      <id>72611</id>
      <intensity>9299.0</intensity>
      <mass-charge>152.0</mass-charge>
    </ei-ms-peak>
    <ei-ms-peak>
      <ei-ms-id>654</ei-ms-id>
      <id>72612</id>
      <intensity>890.0</intensity>
      <mass-charge>153.0</mass-charge>
    </ei-ms-peak>
    <ei-ms-peak>
      <ei-ms-id>654</ei-ms-id>
      <id>72613</id>
      <intensity>90.0</intensity>
      <mass-charge>154.0</mass-charge>
    </ei-ms-peak>
  </ei-ms-peaks>
</ei-ms>
