<?xml version="1.0" encoding="UTF-8"?>
<ei-ms>
  <collection-date nil="true"/>
  <created-at>2014-09-20T16:31:49Z</created-at>
  <database-id>HMDB01355</database-id>
  <id>587</id>
  <inchi-key>LCCNCVORNKJIRZ-UHFFFAOYSA-N</inchi-key>
  <instrument-type nil="true"/>
  <molecule-id nil="true"/>
  <notes nil="true"/>
  <peak-counter>194</peak-counter>
  <sample-assessment nil="true"/>
  <sample-concentration nil="true"/>
  <sample-concentration-units nil="true"/>
  <sample-mass nil="true"/>
  <sample-mass-units nil="true"/>
  <sample-source nil="true"/>
  <solvent nil="true"/>
  <spectra-assessment nil="true"/>
  <updated-at>2014-09-20T16:31:49Z</updated-at>
  <references>
    <reference>
      <database>NIST</database>
      <database-id>56-38-2</database-id>
      <id>15459</id>
      <pubmed-id nil="true"/>
      <ref-text>NIST Mass Spec Data Center, S.E. Stein, director, "Mass Spectra" in NIST Chemistry WebBook, NIST Standard Reference Database Number 69, Eds. P.J. Linstrom and W.G. Mallard, National Institute of Standards and Technology, Gaithersburg MD, 20899, http://webbook.nist.gov, (retrieved September 6, 2014).</ref-text>
      <spectra-id>587</spectra-id>
      <spectra-type>EiMs</spectra-type>
    </reference>
  </references>
  <ei-ms-peaks>
    <ei-ms-peak>
      <ei-ms-id>587</ei-ms-id>
      <id>66049</id>
      <intensity>179.0</intensity>
      <mass-charge>15.0</mass-charge>
    </ei-ms-peak>
    <ei-ms-peak>
      <ei-ms-id>587</ei-ms-id>
      <id>66050</id>
      <intensity>68.0</intensity>
      <mass-charge>18.0</mass-charge>
    </ei-ms-peak>
    <ei-ms-peak>
      <ei-ms-id>587</ei-ms-id>
      <id>66051</id>
      <intensity>355.0</intensity>
      <mass-charge>26.0</mass-charge>
    </ei-ms-peak>
    <ei-ms-peak>
      <ei-ms-id>587</ei-ms-id>
      <id>66052</id>
      <intensity>1662.0</intensity>
      <mass-charge>27.0</mass-charge>
    </ei-ms-peak>
    <ei-ms-peak>
      <ei-ms-id>587</ei-ms-id>
      <id>66053</id>
      <intensity>913.0</intensity>
      <mass-charge>28.0</mass-charge>
    </ei-ms-peak>
    <ei-ms-peak>
      <ei-ms-id>587</ei-ms-id>
      <id>66054</id>
      <intensity>3428.0</intensity>
      <mass-charge>29.0</mass-charge>
    </ei-ms-peak>
    <ei-ms-peak>
      <ei-ms-id>587</ei-ms-id>
      <id>66055</id>
      <intensity>1100.0</intensity>
      <mass-charge>30.0</mass-charge>
    </ei-ms-peak>
    <ei-ms-peak>
      <ei-ms-id>587</ei-ms-id>
      <id>66056</id>
      <intensity>87.0</intensity>
      <mass-charge>31.0</mass-charge>
    </ei-ms-peak>
    <ei-ms-peak>
      <ei-ms-id>587</ei-ms-id>
      <id>66057</id>
      <intensity>65.0</intensity>
      <mass-charge>32.0</mass-charge>
    </ei-ms-peak>
    <ei-ms-peak>
      <ei-ms-id>587</ei-ms-id>
      <id>66058</id>
      <intensity>14.0</intensity>
      <mass-charge>33.0</mass-charge>
    </ei-ms-peak>
    <ei-ms-peak>
      <ei-ms-id>587</ei-ms-id>
      <id>66059</id>
      <intensity>22.0</intensity>
      <mass-charge>35.0</mass-charge>
    </ei-ms-peak>
    <ei-ms-peak>
      <ei-ms-id>587</ei-ms-id>
      <id>66060</id>
      <intensity>11.0</intensity>
      <mass-charge>36.0</mass-charge>
    </ei-ms-peak>
    <ei-ms-peak>
      <ei-ms-id>587</ei-ms-id>
      <id>66061</id>
      <intensity>56.0</intensity>
      <mass-charge>37.0</mass-charge>
    </ei-ms-peak>
    <ei-ms-peak>
      <ei-ms-id>587</ei-ms-id>
      <id>66062</id>
      <intensity>366.0</intensity>
      <mass-charge>38.0</mass-charge>
    </ei-ms-peak>
    <ei-ms-peak>
      <ei-ms-id>587</ei-ms-id>
      <id>66063</id>
      <intensity>537.0</intensity>
      <mass-charge>39.0</mass-charge>
    </ei-ms-peak>
    <ei-ms-peak>
      <ei-ms-id>587</ei-ms-id>
      <id>66064</id>
      <intensity>21.0</intensity>
      <mass-charge>40.0</mass-charge>
    </ei-ms-peak>
    <ei-ms-peak>
      <ei-ms-id>587</ei-ms-id>
      <id>66065</id>
      <intensity>29.0</intensity>
      <mass-charge>41.0</mass-charge>
    </ei-ms-peak>
    <ei-ms-peak>
      <ei-ms-id>587</ei-ms-id>
      <id>66066</id>
      <intensity>46.0</intensity>
      <mass-charge>42.0</mass-charge>
    </ei-ms-peak>
    <ei-ms-peak>
      <ei-ms-id>587</ei-ms-id>
      <id>66067</id>
      <intensity>241.0</intensity>
      <mass-charge>43.0</mass-charge>
    </ei-ms-peak>
    <ei-ms-peak>
      <ei-ms-id>587</ei-ms-id>
      <id>66068</id>
      <intensity>49.0</intensity>
      <mass-charge>44.0</mass-charge>
    </ei-ms-peak>
    <ei-ms-peak>
      <ei-ms-id>587</ei-ms-id>
      <id>66069</id>
      <intensity>621.0</intensity>
      <mass-charge>45.0</mass-charge>
    </ei-ms-peak>
    <ei-ms-peak>
      <ei-ms-id>587</ei-ms-id>
      <id>66070</id>
      <intensity>96.0</intensity>
      <mass-charge>46.0</mass-charge>
    </ei-ms-peak>
    <ei-ms-peak>
      <ei-ms-id>587</ei-ms-id>
      <id>66071</id>
      <intensity>601.0</intensity>
      <mass-charge>47.0</mass-charge>
    </ei-ms-peak>
    <ei-ms-peak>
      <ei-ms-id>587</ei-ms-id>
      <id>66072</id>
      <intensity>50.0</intensity>
      <mass-charge>48.0</mass-charge>
    </ei-ms-peak>
    <ei-ms-peak>
      <ei-ms-id>587</ei-ms-id>
      <id>66073</id>
      <intensity>11.0</intensity>
      <mass-charge>49.0</mass-charge>
    </ei-ms-peak>
    <ei-ms-peak>
      <ei-ms-id>587</ei-ms-id>
      <id>66074</id>
      <intensity>549.0</intensity>
      <mass-charge>50.0</mass-charge>
    </ei-ms-peak>
    <ei-ms-peak>
      <ei-ms-id>587</ei-ms-id>
      <id>66075</id>
      <intensity>280.0</intensity>
      <mass-charge>51.0</mass-charge>
    </ei-ms-peak>
    <ei-ms-peak>
      <ei-ms-id>587</ei-ms-id>
      <id>66076</id>
      <intensity>211.0</intensity>
      <mass-charge>52.0</mass-charge>
    </ei-ms-peak>
    <ei-ms-peak>
      <ei-ms-id>587</ei-ms-id>
      <id>66077</id>
      <intensity>286.0</intensity>
      <mass-charge>53.0</mass-charge>
    </ei-ms-peak>
    <ei-ms-peak>
      <ei-ms-id>587</ei-ms-id>
      <id>66078</id>
      <intensity>110.0</intensity>
      <mass-charge>54.0</mass-charge>
    </ei-ms-peak>
    <ei-ms-peak>
      <ei-ms-id>587</ei-ms-id>
      <id>66079</id>
      <intensity>41.0</intensity>
      <mass-charge>55.0</mass-charge>
    </ei-ms-peak>
    <ei-ms-peak>
      <ei-ms-id>587</ei-ms-id>
      <id>66080</id>
      <intensity>38.0</intensity>
      <mass-charge>57.0</mass-charge>
    </ei-ms-peak>
    <ei-ms-peak>
      <ei-ms-id>587</ei-ms-id>
      <id>66081</id>
      <intensity>54.0</intensity>
      <mass-charge>58.0</mass-charge>
    </ei-ms-peak>
    <ei-ms-peak>
      <ei-ms-id>587</ei-ms-id>
      <id>66082</id>
      <intensity>73.0</intensity>
      <mass-charge>59.0</mass-charge>
    </ei-ms-peak>
    <ei-ms-peak>
      <ei-ms-id>587</ei-ms-id>
      <id>66083</id>
      <intensity>156.0</intensity>
      <mass-charge>60.0</mass-charge>
    </ei-ms-peak>
    <ei-ms-peak>
      <ei-ms-id>587</ei-ms-id>
      <id>66084</id>
      <intensity>171.0</intensity>
      <mass-charge>61.0</mass-charge>
    </ei-ms-peak>
    <ei-ms-peak>
      <ei-ms-id>587</ei-ms-id>
      <id>66085</id>
      <intensity>314.0</intensity>
      <mass-charge>62.0</mass-charge>
    </ei-ms-peak>
    <ei-ms-peak>
      <ei-ms-id>587</ei-ms-id>
      <id>66086</id>
      <intensity>1857.0</intensity>
      <mass-charge>63.0</mass-charge>
    </ei-ms-peak>
    <ei-ms-peak>
      <ei-ms-id>587</ei-ms-id>
      <id>66087</id>
      <intensity>1093.0</intensity>
      <mass-charge>64.0</mass-charge>
    </ei-ms-peak>
    <ei-ms-peak>
      <ei-ms-id>587</ei-ms-id>
      <id>66088</id>
      <intensity>2282.0</intensity>
      <mass-charge>65.0</mass-charge>
    </ei-ms-peak>
    <ei-ms-peak>
      <ei-ms-id>587</ei-ms-id>
      <id>66089</id>
      <intensity>119.0</intensity>
      <mass-charge>66.0</mass-charge>
    </ei-ms-peak>
    <ei-ms-peak>
      <ei-ms-id>587</ei-ms-id>
      <id>66090</id>
      <intensity>30.0</intensity>
      <mass-charge>67.0</mass-charge>
    </ei-ms-peak>
    <ei-ms-peak>
      <ei-ms-id>587</ei-ms-id>
      <id>66091</id>
      <intensity>80.0</intensity>
      <mass-charge>68.0</mass-charge>
    </ei-ms-peak>
    <ei-ms-peak>
      <ei-ms-id>587</ei-ms-id>
      <id>66092</id>
      <intensity>134.0</intensity>
      <mass-charge>69.0</mass-charge>
    </ei-ms-peak>
    <ei-ms-peak>
      <ei-ms-id>587</ei-ms-id>
      <id>66093</id>
      <intensity>87.0</intensity>
      <mass-charge>70.0</mass-charge>
    </ei-ms-peak>
    <ei-ms-peak>
      <ei-ms-id>587</ei-ms-id>
      <id>66094</id>
      <intensity>29.0</intensity>
      <mass-charge>71.0</mass-charge>
    </ei-ms-peak>
    <ei-ms-peak>
      <ei-ms-id>587</ei-ms-id>
      <id>66095</id>
      <intensity>9.0</intensity>
      <mass-charge>72.0</mass-charge>
    </ei-ms-peak>
    <ei-ms-peak>
      <ei-ms-id>587</ei-ms-id>
      <id>66096</id>
      <intensity>28.0</intensity>
      <mass-charge>73.0</mass-charge>
    </ei-ms-peak>
    <ei-ms-peak>
      <ei-ms-id>587</ei-ms-id>
      <id>66097</id>
      <intensity>180.0</intensity>
      <mass-charge>74.0</mass-charge>
    </ei-ms-peak>
    <ei-ms-peak>
      <ei-ms-id>587</ei-ms-id>
      <id>66098</id>
      <intensity>626.0</intensity>
      <mass-charge>75.0</mass-charge>
    </ei-ms-peak>
    <ei-ms-peak>
      <ei-ms-id>587</ei-ms-id>
      <id>66099</id>
      <intensity>517.0</intensity>
      <mass-charge>76.0</mass-charge>
    </ei-ms-peak>
    <ei-ms-peak>
      <ei-ms-id>587</ei-ms-id>
      <id>66100</id>
      <intensity>174.0</intensity>
      <mass-charge>77.0</mass-charge>
    </ei-ms-peak>
    <ei-ms-peak>
      <ei-ms-id>587</ei-ms-id>
      <id>66101</id>
      <intensity>55.0</intensity>
      <mass-charge>78.0</mass-charge>
    </ei-ms-peak>
    <ei-ms-peak>
      <ei-ms-id>587</ei-ms-id>
      <id>66102</id>
      <intensity>289.0</intensity>
      <mass-charge>79.0</mass-charge>
    </ei-ms-peak>
    <ei-ms-peak>
      <ei-ms-id>587</ei-ms-id>
      <id>66103</id>
      <intensity>409.0</intensity>
      <mass-charge>80.0</mass-charge>
    </ei-ms-peak>
    <ei-ms-peak>
      <ei-ms-id>587</ei-ms-id>
      <id>66104</id>
      <intensity>1313.0</intensity>
      <mass-charge>81.0</mass-charge>
    </ei-ms-peak>
    <ei-ms-peak>
      <ei-ms-id>587</ei-ms-id>
      <id>66105</id>
      <intensity>129.0</intensity>
      <mass-charge>82.0</mass-charge>
    </ei-ms-peak>
    <ei-ms-peak>
      <ei-ms-id>587</ei-ms-id>
      <id>66106</id>
      <intensity>121.0</intensity>
      <mass-charge>83.0</mass-charge>
    </ei-ms-peak>
    <ei-ms-peak>
      <ei-ms-id>587</ei-ms-id>
      <id>66107</id>
      <intensity>25.0</intensity>
      <mass-charge>84.0</mass-charge>
    </ei-ms-peak>
    <ei-ms-peak>
      <ei-ms-id>587</ei-ms-id>
      <id>66108</id>
      <intensity>14.0</intensity>
      <mass-charge>85.0</mass-charge>
    </ei-ms-peak>
    <ei-ms-peak>
      <ei-ms-id>587</ei-ms-id>
      <id>66109</id>
      <intensity>17.0</intensity>
      <mass-charge>87.0</mass-charge>
    </ei-ms-peak>
    <ei-ms-peak>
      <ei-ms-id>587</ei-ms-id>
      <id>66110</id>
      <intensity>15.0</intensity>
      <mass-charge>89.0</mass-charge>
    </ei-ms-peak>
    <ei-ms-peak>
      <ei-ms-id>587</ei-ms-id>
      <id>66111</id>
      <intensity>519.0</intensity>
      <mass-charge>91.0</mass-charge>
    </ei-ms-peak>
    <ei-ms-peak>
      <ei-ms-id>587</ei-ms-id>
      <id>66112</id>
      <intensity>494.0</intensity>
      <mass-charge>92.0</mass-charge>
    </ei-ms-peak>
    <ei-ms-peak>
      <ei-ms-id>587</ei-ms-id>
      <id>66113</id>
      <intensity>1094.0</intensity>
      <mass-charge>93.0</mass-charge>
    </ei-ms-peak>
    <ei-ms-peak>
      <ei-ms-id>587</ei-ms-id>
      <id>66114</id>
      <intensity>179.0</intensity>
      <mass-charge>94.0</mass-charge>
    </ei-ms-peak>
    <ei-ms-peak>
      <ei-ms-id>587</ei-ms-id>
      <id>66115</id>
      <intensity>190.0</intensity>
      <mass-charge>95.0</mass-charge>
    </ei-ms-peak>
    <ei-ms-peak>
      <ei-ms-id>587</ei-ms-id>
      <id>66116</id>
      <intensity>1112.0</intensity>
      <mass-charge>96.0</mass-charge>
    </ei-ms-peak>
    <ei-ms-peak>
      <ei-ms-id>587</ei-ms-id>
      <id>66117</id>
      <intensity>7045.0</intensity>
      <mass-charge>97.0</mass-charge>
    </ei-ms-peak>
    <ei-ms-peak>
      <ei-ms-id>587</ei-ms-id>
      <id>66118</id>
      <intensity>144.0</intensity>
      <mass-charge>98.0</mass-charge>
    </ei-ms-peak>
    <ei-ms-peak>
      <ei-ms-id>587</ei-ms-id>
      <id>66119</id>
      <intensity>408.0</intensity>
      <mass-charge>99.0</mass-charge>
    </ei-ms-peak>
    <ei-ms-peak>
      <ei-ms-id>587</ei-ms-id>
      <id>66120</id>
      <intensity>19.0</intensity>
      <mass-charge>100.0</mass-charge>
    </ei-ms-peak>
    <ei-ms-peak>
      <ei-ms-id>587</ei-ms-id>
      <id>66121</id>
      <intensity>17.0</intensity>
      <mass-charge>102.0</mass-charge>
    </ei-ms-peak>
    <ei-ms-peak>
      <ei-ms-id>587</ei-ms-id>
      <id>66122</id>
      <intensity>36.0</intensity>
      <mass-charge>103.0</mass-charge>
    </ei-ms-peak>
    <ei-ms-peak>
      <ei-ms-id>587</ei-ms-id>
      <id>66123</id>
      <intensity>35.0</intensity>
      <mass-charge>104.0</mass-charge>
    </ei-ms-peak>
    <ei-ms-peak>
      <ei-ms-id>587</ei-ms-id>
      <id>66124</id>
      <intensity>24.0</intensity>
      <mass-charge>105.0</mass-charge>
    </ei-ms-peak>
    <ei-ms-peak>
      <ei-ms-id>587</ei-ms-id>
      <id>66125</id>
      <intensity>59.0</intensity>
      <mass-charge>106.0</mass-charge>
    </ei-ms-peak>
    <ei-ms-peak>
      <ei-ms-id>587</ei-ms-id>
      <id>66126</id>
      <intensity>162.0</intensity>
      <mass-charge>107.0</mass-charge>
    </ei-ms-peak>
    <ei-ms-peak>
      <ei-ms-id>587</ei-ms-id>
      <id>66127</id>
      <intensity>17.0</intensity>
      <mass-charge>108.0</mass-charge>
    </ei-ms-peak>
    <ei-ms-peak>
      <ei-ms-id>587</ei-ms-id>
      <id>66128</id>
      <intensity>7149.0</intensity>
      <mass-charge>109.0</mass-charge>
    </ei-ms-peak>
    <ei-ms-peak>
      <ei-ms-id>587</ei-ms-id>
      <id>66129</id>
      <intensity>344.0</intensity>
      <mass-charge>110.0</mass-charge>
    </ei-ms-peak>
    <ei-ms-peak>
      <ei-ms-id>587</ei-ms-id>
      <id>66130</id>
      <intensity>190.0</intensity>
      <mass-charge>111.0</mass-charge>
    </ei-ms-peak>
    <ei-ms-peak>
      <ei-ms-id>587</ei-ms-id>
      <id>66131</id>
      <intensity>68.0</intensity>
      <mass-charge>112.0</mass-charge>
    </ei-ms-peak>
    <ei-ms-peak>
      <ei-ms-id>587</ei-ms-id>
      <id>66132</id>
      <intensity>42.0</intensity>
      <mass-charge>113.0</mass-charge>
    </ei-ms-peak>
    <ei-ms-peak>
      <ei-ms-id>587</ei-ms-id>
      <id>66133</id>
      <intensity>215.0</intensity>
      <mass-charge>114.0</mass-charge>
    </ei-ms-peak>
    <ei-ms-peak>
      <ei-ms-id>587</ei-ms-id>
      <id>66134</id>
      <intensity>120.0</intensity>
      <mass-charge>115.0</mass-charge>
    </ei-ms-peak>
    <ei-ms-peak>
      <ei-ms-id>587</ei-ms-id>
      <id>66135</id>
      <intensity>17.0</intensity>
      <mass-charge>116.0</mass-charge>
    </ei-ms-peak>
    <ei-ms-peak>
      <ei-ms-id>587</ei-ms-id>
      <id>66136</id>
      <intensity>11.0</intensity>
      <mass-charge>118.0</mass-charge>
    </ei-ms-peak>
    <ei-ms-peak>
      <ei-ms-id>587</ei-ms-id>
      <id>66137</id>
      <intensity>73.0</intensity>
      <mass-charge>119.0</mass-charge>
    </ei-ms-peak>
    <ei-ms-peak>
      <ei-ms-id>587</ei-ms-id>
      <id>66138</id>
      <intensity>105.0</intensity>
      <mass-charge>120.0</mass-charge>
    </ei-ms-peak>
    <ei-ms-peak>
      <ei-ms-id>587</ei-ms-id>
      <id>66139</id>
      <intensity>240.0</intensity>
      <mass-charge>121.0</mass-charge>
    </ei-ms-peak>
    <ei-ms-peak>
      <ei-ms-id>587</ei-ms-id>
      <id>66140</id>
      <intensity>268.0</intensity>
      <mass-charge>122.0</mass-charge>
    </ei-ms-peak>
    <ei-ms-peak>
      <ei-ms-id>587</ei-ms-id>
      <id>66141</id>
      <intensity>2184.0</intensity>
      <mass-charge>123.0</mass-charge>
    </ei-ms-peak>
    <ei-ms-peak>
      <ei-ms-id>587</ei-ms-id>
      <id>66142</id>
      <intensity>458.0</intensity>
      <mass-charge>124.0</mass-charge>
    </ei-ms-peak>
    <ei-ms-peak>
      <ei-ms-id>587</ei-ms-id>
      <id>66143</id>
      <intensity>3049.0</intensity>
      <mass-charge>125.0</mass-charge>
    </ei-ms-peak>
    <ei-ms-peak>
      <ei-ms-id>587</ei-ms-id>
      <id>66144</id>
      <intensity>202.0</intensity>
      <mass-charge>126.0</mass-charge>
    </ei-ms-peak>
    <ei-ms-peak>
      <ei-ms-id>587</ei-ms-id>
      <id>66145</id>
      <intensity>215.0</intensity>
      <mass-charge>127.0</mass-charge>
    </ei-ms-peak>
    <ei-ms-peak>
      <ei-ms-id>587</ei-ms-id>
      <id>66146</id>
      <intensity>27.0</intensity>
      <mass-charge>128.0</mass-charge>
    </ei-ms-peak>
    <ei-ms-peak>
      <ei-ms-id>587</ei-ms-id>
      <id>66147</id>
      <intensity>10.0</intensity>
      <mass-charge>129.0</mass-charge>
    </ei-ms-peak>
    <ei-ms-peak>
      <ei-ms-id>587</ei-ms-id>
      <id>66148</id>
      <intensity>13.0</intensity>
      <mass-charge>131.0</mass-charge>
    </ei-ms-peak>
    <ei-ms-peak>
      <ei-ms-id>587</ei-ms-id>
      <id>66149</id>
      <intensity>13.0</intensity>
      <mass-charge>132.0</mass-charge>
    </ei-ms-peak>
    <ei-ms-peak>
      <ei-ms-id>587</ei-ms-id>
      <id>66150</id>
      <intensity>36.0</intensity>
      <mass-charge>133.0</mass-charge>
    </ei-ms-peak>
    <ei-ms-peak>
      <ei-ms-id>587</ei-ms-id>
      <id>66151</id>
      <intensity>48.0</intensity>
      <mass-charge>134.0</mass-charge>
    </ei-ms-peak>
    <ei-ms-peak>
      <ei-ms-id>587</ei-ms-id>
      <id>66152</id>
      <intensity>46.0</intensity>
      <mass-charge>135.0</mass-charge>
    </ei-ms-peak>
    <ei-ms-peak>
      <ei-ms-id>587</ei-ms-id>
      <id>66153</id>
      <intensity>4064.0</intensity>
      <mass-charge>137.0</mass-charge>
    </ei-ms-peak>
    <ei-ms-peak>
      <ei-ms-id>587</ei-ms-id>
      <id>66154</id>
      <intensity>508.0</intensity>
      <mass-charge>138.0</mass-charge>
    </ei-ms-peak>
    <ei-ms-peak>
      <ei-ms-id>587</ei-ms-id>
      <id>66155</id>
      <intensity>4197.0</intensity>
      <mass-charge>139.0</mass-charge>
    </ei-ms-peak>
    <ei-ms-peak>
      <ei-ms-id>587</ei-ms-id>
      <id>66156</id>
      <intensity>1360.0</intensity>
      <mass-charge>140.0</mass-charge>
    </ei-ms-peak>
    <ei-ms-peak>
      <ei-ms-id>587</ei-ms-id>
      <id>66157</id>
      <intensity>170.0</intensity>
      <mass-charge>141.0</mass-charge>
    </ei-ms-peak>
    <ei-ms-peak>
      <ei-ms-id>587</ei-ms-id>
      <id>66158</id>
      <intensity>1122.0</intensity>
      <mass-charge>142.0</mass-charge>
    </ei-ms-peak>
    <ei-ms-peak>
      <ei-ms-id>587</ei-ms-id>
      <id>66159</id>
      <intensity>91.0</intensity>
      <mass-charge>143.0</mass-charge>
    </ei-ms-peak>
    <ei-ms-peak>
      <ei-ms-id>587</ei-ms-id>
      <id>66160</id>
      <intensity>58.0</intensity>
      <mass-charge>144.0</mass-charge>
    </ei-ms-peak>
    <ei-ms-peak>
      <ei-ms-id>587</ei-ms-id>
      <id>66161</id>
      <intensity>10.0</intensity>
      <mass-charge>147.0</mass-charge>
    </ei-ms-peak>
    <ei-ms-peak>
      <ei-ms-id>587</ei-ms-id>
      <id>66162</id>
      <intensity>302.0</intensity>
      <mass-charge>149.0</mass-charge>
    </ei-ms-peak>
    <ei-ms-peak>
      <ei-ms-id>587</ei-ms-id>
      <id>66163</id>
      <intensity>732.0</intensity>
      <mass-charge>150.0</mass-charge>
    </ei-ms-peak>
    <ei-ms-peak>
      <ei-ms-id>587</ei-ms-id>
      <id>66164</id>
      <intensity>98.0</intensity>
      <mass-charge>151.0</mass-charge>
    </ei-ms-peak>
    <ei-ms-peak>
      <ei-ms-id>587</ei-ms-id>
      <id>66165</id>
      <intensity>91.0</intensity>
      <mass-charge>152.0</mass-charge>
    </ei-ms-peak>
    <ei-ms-peak>
      <ei-ms-id>587</ei-ms-id>
      <id>66166</id>
      <intensity>460.0</intensity>
      <mass-charge>153.0</mass-charge>
    </ei-ms-peak>
    <ei-ms-peak>
      <ei-ms-id>587</ei-ms-id>
      <id>66167</id>
      <intensity>10.0</intensity>
      <mass-charge>154.0</mass-charge>
    </ei-ms-peak>
    <ei-ms-peak>
      <ei-ms-id>587</ei-ms-id>
      <id>66168</id>
      <intensity>3254.0</intensity>
      <mass-charge>155.0</mass-charge>
    </ei-ms-peak>
    <ei-ms-peak>
      <ei-ms-id>587</ei-ms-id>
      <id>66169</id>
      <intensity>432.0</intensity>
      <mass-charge>156.0</mass-charge>
    </ei-ms-peak>
    <ei-ms-peak>
      <ei-ms-id>587</ei-ms-id>
      <id>66170</id>
      <intensity>191.0</intensity>
      <mass-charge>157.0</mass-charge>
    </ei-ms-peak>
    <ei-ms-peak>
      <ei-ms-id>587</ei-ms-id>
      <id>66171</id>
      <intensity>15.0</intensity>
      <mass-charge>158.0</mass-charge>
    </ei-ms-peak>
    <ei-ms-peak>
      <ei-ms-id>587</ei-ms-id>
      <id>66172</id>
      <intensity>16.0</intensity>
      <mass-charge>159.0</mass-charge>
    </ei-ms-peak>
    <ei-ms-peak>
      <ei-ms-id>587</ei-ms-id>
      <id>66173</id>
      <intensity>20.0</intensity>
      <mass-charge>164.0</mass-charge>
    </ei-ms-peak>
    <ei-ms-peak>
      <ei-ms-id>587</ei-ms-id>
      <id>66174</id>
      <intensity>20.0</intensity>
      <mass-charge>165.0</mass-charge>
    </ei-ms-peak>
    <ei-ms-peak>
      <ei-ms-id>587</ei-ms-id>
      <id>66175</id>
      <intensity>80.0</intensity>
      <mass-charge>166.0</mass-charge>
    </ei-ms-peak>
    <ei-ms-peak>
      <ei-ms-id>587</ei-ms-id>
      <id>66176</id>
      <intensity>30.0</intensity>
      <mass-charge>167.0</mass-charge>
    </ei-ms-peak>
    <ei-ms-peak>
      <ei-ms-id>587</ei-ms-id>
      <id>66177</id>
      <intensity>45.0</intensity>
      <mass-charge>168.0</mass-charge>
    </ei-ms-peak>
    <ei-ms-peak>
      <ei-ms-id>587</ei-ms-id>
      <id>66178</id>
      <intensity>201.0</intensity>
      <mass-charge>169.0</mass-charge>
    </ei-ms-peak>
    <ei-ms-peak>
      <ei-ms-id>587</ei-ms-id>
      <id>66179</id>
      <intensity>132.0</intensity>
      <mass-charge>170.0</mass-charge>
    </ei-ms-peak>
    <ei-ms-peak>
      <ei-ms-id>587</ei-ms-id>
      <id>66180</id>
      <intensity>274.0</intensity>
      <mass-charge>171.0</mass-charge>
    </ei-ms-peak>
    <ei-ms-peak>
      <ei-ms-id>587</ei-ms-id>
      <id>66181</id>
      <intensity>369.0</intensity>
      <mass-charge>172.0</mass-charge>
    </ei-ms-peak>
    <ei-ms-peak>
      <ei-ms-id>587</ei-ms-id>
      <id>66182</id>
      <intensity>50.0</intensity>
      <mass-charge>173.0</mass-charge>
    </ei-ms-peak>
    <ei-ms-peak>
      <ei-ms-id>587</ei-ms-id>
      <id>66183</id>
      <intensity>28.0</intensity>
      <mass-charge>174.0</mass-charge>
    </ei-ms-peak>
    <ei-ms-peak>
      <ei-ms-id>587</ei-ms-id>
      <id>66184</id>
      <intensity>14.0</intensity>
      <mass-charge>177.0</mass-charge>
    </ei-ms-peak>
    <ei-ms-peak>
      <ei-ms-id>587</ei-ms-id>
      <id>66185</id>
      <intensity>18.0</intensity>
      <mass-charge>181.0</mass-charge>
    </ei-ms-peak>
    <ei-ms-peak>
      <ei-ms-id>587</ei-ms-id>
      <id>66186</id>
      <intensity>23.0</intensity>
      <mass-charge>182.0</mass-charge>
    </ei-ms-peak>
    <ei-ms-peak>
      <ei-ms-id>587</ei-ms-id>
      <id>66187</id>
      <intensity>47.0</intensity>
      <mass-charge>183.0</mass-charge>
    </ei-ms-peak>
    <ei-ms-peak>
      <ei-ms-id>587</ei-ms-id>
      <id>66188</id>
      <intensity>52.0</intensity>
      <mass-charge>184.0</mass-charge>
    </ei-ms-peak>
    <ei-ms-peak>
      <ei-ms-id>587</ei-ms-id>
      <id>66189</id>
      <intensity>14.0</intensity>
      <mass-charge>185.0</mass-charge>
    </ei-ms-peak>
    <ei-ms-peak>
      <ei-ms-id>587</ei-ms-id>
      <id>66190</id>
      <intensity>1626.0</intensity>
      <mass-charge>186.0</mass-charge>
    </ei-ms-peak>
    <ei-ms-peak>
      <ei-ms-id>587</ei-ms-id>
      <id>66191</id>
      <intensity>345.0</intensity>
      <mass-charge>187.0</mass-charge>
    </ei-ms-peak>
    <ei-ms-peak>
      <ei-ms-id>587</ei-ms-id>
      <id>66192</id>
      <intensity>1103.0</intensity>
      <mass-charge>188.0</mass-charge>
    </ei-ms-peak>
    <ei-ms-peak>
      <ei-ms-id>587</ei-ms-id>
      <id>66193</id>
      <intensity>169.0</intensity>
      <mass-charge>189.0</mass-charge>
    </ei-ms-peak>
    <ei-ms-peak>
      <ei-ms-id>587</ei-ms-id>
      <id>66194</id>
      <intensity>125.0</intensity>
      <mass-charge>190.0</mass-charge>
    </ei-ms-peak>
    <ei-ms-peak>
      <ei-ms-id>587</ei-ms-id>
      <id>66195</id>
      <intensity>17.0</intensity>
      <mass-charge>191.0</mass-charge>
    </ei-ms-peak>
    <ei-ms-peak>
      <ei-ms-id>587</ei-ms-id>
      <id>66196</id>
      <intensity>14.0</intensity>
      <mass-charge>192.0</mass-charge>
    </ei-ms-peak>
    <ei-ms-peak>
      <ei-ms-id>587</ei-ms-id>
      <id>66197</id>
      <intensity>12.0</intensity>
      <mass-charge>199.0</mass-charge>
    </ei-ms-peak>
    <ei-ms-peak>
      <ei-ms-id>587</ei-ms-id>
      <id>66198</id>
      <intensity>47.0</intensity>
      <mass-charge>200.0</mass-charge>
    </ei-ms-peak>
    <ei-ms-peak>
      <ei-ms-id>587</ei-ms-id>
      <id>66199</id>
      <intensity>109.0</intensity>
      <mass-charge>201.0</mass-charge>
    </ei-ms-peak>
    <ei-ms-peak>
      <ei-ms-id>587</ei-ms-id>
      <id>66200</id>
      <intensity>108.0</intensity>
      <mass-charge>202.0</mass-charge>
    </ei-ms-peak>
    <ei-ms-peak>
      <ei-ms-id>587</ei-ms-id>
      <id>66201</id>
      <intensity>29.0</intensity>
      <mass-charge>203.0</mass-charge>
    </ei-ms-peak>
    <ei-ms-peak>
      <ei-ms-id>587</ei-ms-id>
      <id>66202</id>
      <intensity>27.0</intensity>
      <mass-charge>204.0</mass-charge>
    </ei-ms-peak>
    <ei-ms-peak>
      <ei-ms-id>587</ei-ms-id>
      <id>66203</id>
      <intensity>93.0</intensity>
      <mass-charge>205.0</mass-charge>
    </ei-ms-peak>
    <ei-ms-peak>
      <ei-ms-id>587</ei-ms-id>
      <id>66204</id>
      <intensity>13.0</intensity>
      <mass-charge>212.0</mass-charge>
    </ei-ms-peak>
    <ei-ms-peak>
      <ei-ms-id>587</ei-ms-id>
      <id>66205</id>
      <intensity>307.0</intensity>
      <mass-charge>214.0</mass-charge>
    </ei-ms-peak>
    <ei-ms-peak>
      <ei-ms-id>587</ei-ms-id>
      <id>66206</id>
      <intensity>47.0</intensity>
      <mass-charge>215.0</mass-charge>
    </ei-ms-peak>
    <ei-ms-peak>
      <ei-ms-id>587</ei-ms-id>
      <id>66207</id>
      <intensity>124.0</intensity>
      <mass-charge>216.0</mass-charge>
    </ei-ms-peak>
    <ei-ms-peak>
      <ei-ms-id>587</ei-ms-id>
      <id>66208</id>
      <intensity>392.0</intensity>
      <mass-charge>217.0</mass-charge>
    </ei-ms-peak>
    <ei-ms-peak>
      <ei-ms-id>587</ei-ms-id>
      <id>66209</id>
      <intensity>839.0</intensity>
      <mass-charge>218.0</mass-charge>
    </ei-ms-peak>
    <ei-ms-peak>
      <ei-ms-id>587</ei-ms-id>
      <id>66210</id>
      <intensity>132.0</intensity>
      <mass-charge>219.0</mass-charge>
    </ei-ms-peak>
    <ei-ms-peak>
      <ei-ms-id>587</ei-ms-id>
      <id>66211</id>
      <intensity>66.0</intensity>
      <mass-charge>220.0</mass-charge>
    </ei-ms-peak>
    <ei-ms-peak>
      <ei-ms-id>587</ei-ms-id>
      <id>66212</id>
      <intensity>16.0</intensity>
      <mass-charge>228.0</mass-charge>
    </ei-ms-peak>
    <ei-ms-peak>
      <ei-ms-id>587</ei-ms-id>
      <id>66213</id>
      <intensity>19.0</intensity>
      <mass-charge>229.0</mass-charge>
    </ei-ms-peak>
    <ei-ms-peak>
      <ei-ms-id>587</ei-ms-id>
      <id>66214</id>
      <intensity>35.0</intensity>
      <mass-charge>230.0</mass-charge>
    </ei-ms-peak>
    <ei-ms-peak>
      <ei-ms-id>587</ei-ms-id>
      <id>66215</id>
      <intensity>132.0</intensity>
      <mass-charge>233.0</mass-charge>
    </ei-ms-peak>
    <ei-ms-peak>
      <ei-ms-id>587</ei-ms-id>
      <id>66216</id>
      <intensity>1639.0</intensity>
      <mass-charge>235.0</mass-charge>
    </ei-ms-peak>
    <ei-ms-peak>
      <ei-ms-id>587</ei-ms-id>
      <id>66217</id>
      <intensity>925.0</intensity>
      <mass-charge>236.0</mass-charge>
    </ei-ms-peak>
    <ei-ms-peak>
      <ei-ms-id>587</ei-ms-id>
      <id>66218</id>
      <intensity>174.0</intensity>
      <mass-charge>237.0</mass-charge>
    </ei-ms-peak>
    <ei-ms-peak>
      <ei-ms-id>587</ei-ms-id>
      <id>66219</id>
      <intensity>54.0</intensity>
      <mass-charge>238.0</mass-charge>
    </ei-ms-peak>
    <ei-ms-peak>
      <ei-ms-id>587</ei-ms-id>
      <id>66220</id>
      <intensity>9.0</intensity>
      <mass-charge>240.0</mass-charge>
    </ei-ms-peak>
    <ei-ms-peak>
      <ei-ms-id>587</ei-ms-id>
      <id>66221</id>
      <intensity>17.0</intensity>
      <mass-charge>244.0</mass-charge>
    </ei-ms-peak>
    <ei-ms-peak>
      <ei-ms-id>587</ei-ms-id>
      <id>66222</id>
      <intensity>277.0</intensity>
      <mass-charge>246.0</mass-charge>
    </ei-ms-peak>
    <ei-ms-peak>
      <ei-ms-id>587</ei-ms-id>
      <id>66223</id>
      <intensity>88.0</intensity>
      <mass-charge>247.0</mass-charge>
    </ei-ms-peak>
    <ei-ms-peak>
      <ei-ms-id>587</ei-ms-id>
      <id>66224</id>
      <intensity>212.0</intensity>
      <mass-charge>248.0</mass-charge>
    </ei-ms-peak>
    <ei-ms-peak>
      <ei-ms-id>587</ei-ms-id>
      <id>66225</id>
      <intensity>22.0</intensity>
      <mass-charge>249.0</mass-charge>
    </ei-ms-peak>
    <ei-ms-peak>
      <ei-ms-id>587</ei-ms-id>
      <id>66226</id>
      <intensity>12.0</intensity>
      <mass-charge>250.0</mass-charge>
    </ei-ms-peak>
    <ei-ms-peak>
      <ei-ms-id>587</ei-ms-id>
      <id>66227</id>
      <intensity>307.0</intensity>
      <mass-charge>261.0</mass-charge>
    </ei-ms-peak>
    <ei-ms-peak>
      <ei-ms-id>587</ei-ms-id>
      <id>66228</id>
      <intensity>249.0</intensity>
      <mass-charge>262.0</mass-charge>
    </ei-ms-peak>
    <ei-ms-peak>
      <ei-ms-id>587</ei-ms-id>
      <id>66229</id>
      <intensity>1106.0</intensity>
      <mass-charge>263.0</mass-charge>
    </ei-ms-peak>
    <ei-ms-peak>
      <ei-ms-id>587</ei-ms-id>
      <id>66230</id>
      <intensity>263.0</intensity>
      <mass-charge>264.0</mass-charge>
    </ei-ms-peak>
    <ei-ms-peak>
      <ei-ms-id>587</ei-ms-id>
      <id>66231</id>
      <intensity>81.0</intensity>
      <mass-charge>265.0</mass-charge>
    </ei-ms-peak>
    <ei-ms-peak>
      <ei-ms-id>587</ei-ms-id>
      <id>66232</id>
      <intensity>12.0</intensity>
      <mass-charge>266.0</mass-charge>
    </ei-ms-peak>
    <ei-ms-peak>
      <ei-ms-id>587</ei-ms-id>
      <id>66233</id>
      <intensity>12.0</intensity>
      <mass-charge>273.0</mass-charge>
    </ei-ms-peak>
    <ei-ms-peak>
      <ei-ms-id>587</ei-ms-id>
      <id>66234</id>
      <intensity>76.0</intensity>
      <mass-charge>274.0</mass-charge>
    </ei-ms-peak>
    <ei-ms-peak>
      <ei-ms-id>587</ei-ms-id>
      <id>66235</id>
      <intensity>154.0</intensity>
      <mass-charge>275.0</mass-charge>
    </ei-ms-peak>
    <ei-ms-peak>
      <ei-ms-id>587</ei-ms-id>
      <id>66236</id>
      <intensity>36.0</intensity>
      <mass-charge>276.0</mass-charge>
    </ei-ms-peak>
    <ei-ms-peak>
      <ei-ms-id>587</ei-ms-id>
      <id>66237</id>
      <intensity>12.0</intensity>
      <mass-charge>277.0</mass-charge>
    </ei-ms-peak>
    <ei-ms-peak>
      <ei-ms-id>587</ei-ms-id>
      <id>66238</id>
      <intensity>14.0</intensity>
      <mass-charge>288.0</mass-charge>
    </ei-ms-peak>
    <ei-ms-peak>
      <ei-ms-id>587</ei-ms-id>
      <id>66239</id>
      <intensity>9999.0</intensity>
      <mass-charge>291.0</mass-charge>
    </ei-ms-peak>
    <ei-ms-peak>
      <ei-ms-id>587</ei-ms-id>
      <id>66240</id>
      <intensity>1281.0</intensity>
      <mass-charge>292.0</mass-charge>
    </ei-ms-peak>
    <ei-ms-peak>
      <ei-ms-id>587</ei-ms-id>
      <id>66241</id>
      <intensity>583.0</intensity>
      <mass-charge>293.0</mass-charge>
    </ei-ms-peak>
    <ei-ms-peak>
      <ei-ms-id>587</ei-ms-id>
      <id>66242</id>
      <intensity>62.0</intensity>
      <mass-charge>294.0</mass-charge>
    </ei-ms-peak>
  </ei-ms-peaks>
</ei-ms>
