<?xml version="1.0" encoding="UTF-8"?>
<ei-ms>
  <collection-date nil="true"/>
  <created-at>2014-09-20T16:37:04Z</created-at>
  <database-id>HMDB00573</database-id>
  <id>809</id>
  <inchi-key>ZQPPMHVWECSIRJ-MDZDMXLPSA-N</inchi-key>
  <instrument-type nil="true"/>
  <molecule-id nil="true"/>
  <notes nil="true"/>
  <peak-counter>143</peak-counter>
  <sample-assessment nil="true"/>
  <sample-concentration nil="true"/>
  <sample-concentration-units nil="true"/>
  <sample-mass nil="true"/>
  <sample-mass-units nil="true"/>
  <sample-source nil="true"/>
  <solvent nil="true"/>
  <spectra-assessment nil="true"/>
  <updated-at>2014-09-20T16:37:04Z</updated-at>
  <references>
    <reference>
      <database>NIST</database>
      <database-id>112-80-1</database-id>
      <id>15681</id>
      <pubmed-id nil="true"/>
      <ref-text>NIST Mass Spec Data Center, S.E. Stein, director, "Mass Spectra" in NIST Chemistry WebBook, NIST Standard Reference Database Number 69, Eds. P.J. Linstrom and W.G. Mallard, National Institute of Standards and Technology, Gaithersburg MD, 20899, http://webbook.nist.gov, (retrieved September 6, 2014).</ref-text>
      <spectra-id>809</spectra-id>
      <spectra-type>EiMs</spectra-type>
    </reference>
  </references>
  <ei-ms-peaks>
    <ei-ms-peak>
      <ei-ms-id>809</ei-ms-id>
      <id>89072</id>
      <intensity>123.0</intensity>
      <mass-charge>15.0</mass-charge>
    </ei-ms-peak>
    <ei-ms-peak>
      <ei-ms-id>809</ei-ms-id>
      <id>89073</id>
      <intensity>2589.0</intensity>
      <mass-charge>27.0</mass-charge>
    </ei-ms-peak>
    <ei-ms-peak>
      <ei-ms-id>809</ei-ms-id>
      <id>89074</id>
      <intensity>405.0</intensity>
      <mass-charge>28.0</mass-charge>
    </ei-ms-peak>
    <ei-ms-peak>
      <ei-ms-id>809</ei-ms-id>
      <id>89075</id>
      <intensity>5049.0</intensity>
      <mass-charge>29.0</mass-charge>
    </ei-ms-peak>
    <ei-ms-peak>
      <ei-ms-id>809</ei-ms-id>
      <id>89076</id>
      <intensity>111.0</intensity>
      <mass-charge>30.0</mass-charge>
    </ei-ms-peak>
    <ei-ms-peak>
      <ei-ms-id>809</ei-ms-id>
      <id>89077</id>
      <intensity>218.0</intensity>
      <mass-charge>31.0</mass-charge>
    </ei-ms-peak>
    <ei-ms-peak>
      <ei-ms-id>809</ei-ms-id>
      <id>89078</id>
      <intensity>2187.0</intensity>
      <mass-charge>39.0</mass-charge>
    </ei-ms-peak>
    <ei-ms-peak>
      <ei-ms-id>809</ei-ms-id>
      <id>89079</id>
      <intensity>9999.0</intensity>
      <mass-charge>41.0</mass-charge>
    </ei-ms-peak>
    <ei-ms-peak>
      <ei-ms-id>809</ei-ms-id>
      <id>89080</id>
      <intensity>1909.0</intensity>
      <mass-charge>42.0</mass-charge>
    </ei-ms-peak>
    <ei-ms-peak>
      <ei-ms-id>809</ei-ms-id>
      <id>89081</id>
      <intensity>5953.0</intensity>
      <mass-charge>43.0</mass-charge>
    </ei-ms-peak>
    <ei-ms-peak>
      <ei-ms-id>809</ei-ms-id>
      <id>89082</id>
      <intensity>275.0</intensity>
      <mass-charge>44.0</mass-charge>
    </ei-ms-peak>
    <ei-ms-peak>
      <ei-ms-id>809</ei-ms-id>
      <id>89083</id>
      <intensity>1230.0</intensity>
      <mass-charge>45.0</mass-charge>
    </ei-ms-peak>
    <ei-ms-peak>
      <ei-ms-id>809</ei-ms-id>
      <id>89084</id>
      <intensity>55.0</intensity>
      <mass-charge>46.0</mass-charge>
    </ei-ms-peak>
    <ei-ms-peak>
      <ei-ms-id>809</ei-ms-id>
      <id>89085</id>
      <intensity>132.0</intensity>
      <mass-charge>51.0</mass-charge>
    </ei-ms-peak>
    <ei-ms-peak>
      <ei-ms-id>809</ei-ms-id>
      <id>89086</id>
      <intensity>1119.0</intensity>
      <mass-charge>53.0</mass-charge>
    </ei-ms-peak>
    <ei-ms-peak>
      <ei-ms-id>809</ei-ms-id>
      <id>89087</id>
      <intensity>2546.0</intensity>
      <mass-charge>54.0</mass-charge>
    </ei-ms-peak>
    <ei-ms-peak>
      <ei-ms-id>809</ei-ms-id>
      <id>89088</id>
      <intensity>8248.0</intensity>
      <mass-charge>55.0</mass-charge>
    </ei-ms-peak>
    <ei-ms-peak>
      <ei-ms-id>809</ei-ms-id>
      <id>89089</id>
      <intensity>2251.0</intensity>
      <mass-charge>56.0</mass-charge>
    </ei-ms-peak>
    <ei-ms-peak>
      <ei-ms-id>809</ei-ms-id>
      <id>89090</id>
      <intensity>2414.0</intensity>
      <mass-charge>57.0</mass-charge>
    </ei-ms-peak>
    <ei-ms-peak>
      <ei-ms-id>809</ei-ms-id>
      <id>89091</id>
      <intensity>196.0</intensity>
      <mass-charge>58.0</mass-charge>
    </ei-ms-peak>
    <ei-ms-peak>
      <ei-ms-id>809</ei-ms-id>
      <id>89092</id>
      <intensity>427.0</intensity>
      <mass-charge>59.0</mass-charge>
    </ei-ms-peak>
    <ei-ms-peak>
      <ei-ms-id>809</ei-ms-id>
      <id>89093</id>
      <intensity>1564.0</intensity>
      <mass-charge>60.0</mass-charge>
    </ei-ms-peak>
    <ei-ms-peak>
      <ei-ms-id>809</ei-ms-id>
      <id>89094</id>
      <intensity>136.0</intensity>
      <mass-charge>61.0</mass-charge>
    </ei-ms-peak>
    <ei-ms-peak>
      <ei-ms-id>809</ei-ms-id>
      <id>89095</id>
      <intensity>291.0</intensity>
      <mass-charge>65.0</mass-charge>
    </ei-ms-peak>
    <ei-ms-peak>
      <ei-ms-id>809</ei-ms-id>
      <id>89096</id>
      <intensity>2530.0</intensity>
      <mass-charge>67.0</mass-charge>
    </ei-ms-peak>
    <ei-ms-peak>
      <ei-ms-id>809</ei-ms-id>
      <id>89097</id>
      <intensity>1608.0</intensity>
      <mass-charge>68.0</mass-charge>
    </ei-ms-peak>
    <ei-ms-peak>
      <ei-ms-id>809</ei-ms-id>
      <id>89098</id>
      <intensity>4251.0</intensity>
      <mass-charge>69.0</mass-charge>
    </ei-ms-peak>
    <ei-ms-peak>
      <ei-ms-id>809</ei-ms-id>
      <id>89099</id>
      <intensity>1615.0</intensity>
      <mass-charge>70.0</mass-charge>
    </ei-ms-peak>
    <ei-ms-peak>
      <ei-ms-id>809</ei-ms-id>
      <id>89100</id>
      <intensity>832.0</intensity>
      <mass-charge>71.0</mass-charge>
    </ei-ms-peak>
    <ei-ms-peak>
      <ei-ms-id>809</ei-ms-id>
      <id>89101</id>
      <intensity>136.0</intensity>
      <mass-charge>72.0</mass-charge>
    </ei-ms-peak>
    <ei-ms-peak>
      <ei-ms-id>809</ei-ms-id>
      <id>89102</id>
      <intensity>1047.0</intensity>
      <mass-charge>73.0</mass-charge>
    </ei-ms-peak>
    <ei-ms-peak>
      <ei-ms-id>809</ei-ms-id>
      <id>89103</id>
      <intensity>131.0</intensity>
      <mass-charge>74.0</mass-charge>
    </ei-ms-peak>
    <ei-ms-peak>
      <ei-ms-id>809</ei-ms-id>
      <id>89104</id>
      <intensity>246.0</intensity>
      <mass-charge>77.0</mass-charge>
    </ei-ms-peak>
    <ei-ms-peak>
      <ei-ms-id>809</ei-ms-id>
      <id>89105</id>
      <intensity>695.0</intensity>
      <mass-charge>79.0</mass-charge>
    </ei-ms-peak>
    <ei-ms-peak>
      <ei-ms-id>809</ei-ms-id>
      <id>89106</id>
      <intensity>409.0</intensity>
      <mass-charge>80.0</mass-charge>
    </ei-ms-peak>
    <ei-ms-peak>
      <ei-ms-id>809</ei-ms-id>
      <id>89107</id>
      <intensity>1700.0</intensity>
      <mass-charge>81.0</mass-charge>
    </ei-ms-peak>
    <ei-ms-peak>
      <ei-ms-id>809</ei-ms-id>
      <id>89108</id>
      <intensity>1437.0</intensity>
      <mass-charge>82.0</mass-charge>
    </ei-ms-peak>
    <ei-ms-peak>
      <ei-ms-id>809</ei-ms-id>
      <id>89109</id>
      <intensity>2998.0</intensity>
      <mass-charge>83.0</mass-charge>
    </ei-ms-peak>
    <ei-ms-peak>
      <ei-ms-id>809</ei-ms-id>
      <id>89110</id>
      <intensity>1604.0</intensity>
      <mass-charge>84.0</mass-charge>
    </ei-ms-peak>
    <ei-ms-peak>
      <ei-ms-id>809</ei-ms-id>
      <id>89111</id>
      <intensity>517.0</intensity>
      <mass-charge>85.0</mass-charge>
    </ei-ms-peak>
    <ei-ms-peak>
      <ei-ms-id>809</ei-ms-id>
      <id>89112</id>
      <intensity>94.0</intensity>
      <mass-charge>86.0</mass-charge>
    </ei-ms-peak>
    <ei-ms-peak>
      <ei-ms-id>809</ei-ms-id>
      <id>89113</id>
      <intensity>375.0</intensity>
      <mass-charge>87.0</mass-charge>
    </ei-ms-peak>
    <ei-ms-peak>
      <ei-ms-id>809</ei-ms-id>
      <id>89114</id>
      <intensity>47.0</intensity>
      <mass-charge>88.0</mass-charge>
    </ei-ms-peak>
    <ei-ms-peak>
      <ei-ms-id>809</ei-ms-id>
      <id>89115</id>
      <intensity>126.0</intensity>
      <mass-charge>91.0</mass-charge>
    </ei-ms-peak>
    <ei-ms-peak>
      <ei-ms-id>809</ei-ms-id>
      <id>89116</id>
      <intensity>4.0</intensity>
      <mass-charge>92.0</mass-charge>
    </ei-ms-peak>
    <ei-ms-peak>
      <ei-ms-id>809</ei-ms-id>
      <id>89117</id>
      <intensity>230.0</intensity>
      <mass-charge>93.0</mass-charge>
    </ei-ms-peak>
    <ei-ms-peak>
      <ei-ms-id>809</ei-ms-id>
      <id>89118</id>
      <intensity>294.0</intensity>
      <mass-charge>94.0</mass-charge>
    </ei-ms-peak>
    <ei-ms-peak>
      <ei-ms-id>809</ei-ms-id>
      <id>89119</id>
      <intensity>974.0</intensity>
      <mass-charge>95.0</mass-charge>
    </ei-ms-peak>
    <ei-ms-peak>
      <ei-ms-id>809</ei-ms-id>
      <id>89120</id>
      <intensity>1391.0</intensity>
      <mass-charge>96.0</mass-charge>
    </ei-ms-peak>
    <ei-ms-peak>
      <ei-ms-id>809</ei-ms-id>
      <id>89121</id>
      <intensity>2163.0</intensity>
      <mass-charge>97.0</mass-charge>
    </ei-ms-peak>
    <ei-ms-peak>
      <ei-ms-id>809</ei-ms-id>
      <id>89122</id>
      <intensity>1221.0</intensity>
      <mass-charge>98.0</mass-charge>
    </ei-ms-peak>
    <ei-ms-peak>
      <ei-ms-id>809</ei-ms-id>
      <id>89123</id>
      <intensity>276.0</intensity>
      <mass-charge>99.0</mass-charge>
    </ei-ms-peak>
    <ei-ms-peak>
      <ei-ms-id>809</ei-ms-id>
      <id>89124</id>
      <intensity>231.0</intensity>
      <mass-charge>100.0</mass-charge>
    </ei-ms-peak>
    <ei-ms-peak>
      <ei-ms-id>809</ei-ms-id>
      <id>89125</id>
      <intensity>293.0</intensity>
      <mass-charge>101.0</mass-charge>
    </ei-ms-peak>
    <ei-ms-peak>
      <ei-ms-id>809</ei-ms-id>
      <id>89126</id>
      <intensity>53.0</intensity>
      <mass-charge>102.0</mass-charge>
    </ei-ms-peak>
    <ei-ms-peak>
      <ei-ms-id>809</ei-ms-id>
      <id>89127</id>
      <intensity>88.0</intensity>
      <mass-charge>105.0</mass-charge>
    </ei-ms-peak>
    <ei-ms-peak>
      <ei-ms-id>809</ei-ms-id>
      <id>89128</id>
      <intensity>22.0</intensity>
      <mass-charge>106.0</mass-charge>
    </ei-ms-peak>
    <ei-ms-peak>
      <ei-ms-id>809</ei-ms-id>
      <id>89129</id>
      <intensity>158.0</intensity>
      <mass-charge>107.0</mass-charge>
    </ei-ms-peak>
    <ei-ms-peak>
      <ei-ms-id>809</ei-ms-id>
      <id>89130</id>
      <intensity>211.0</intensity>
      <mass-charge>108.0</mass-charge>
    </ei-ms-peak>
    <ei-ms-peak>
      <ei-ms-id>809</ei-ms-id>
      <id>89131</id>
      <intensity>609.0</intensity>
      <mass-charge>109.0</mass-charge>
    </ei-ms-peak>
    <ei-ms-peak>
      <ei-ms-id>809</ei-ms-id>
      <id>89132</id>
      <intensity>754.0</intensity>
      <mass-charge>110.0</mass-charge>
    </ei-ms-peak>
    <ei-ms-peak>
      <ei-ms-id>809</ei-ms-id>
      <id>89133</id>
      <intensity>926.0</intensity>
      <mass-charge>111.0</mass-charge>
    </ei-ms-peak>
    <ei-ms-peak>
      <ei-ms-id>809</ei-ms-id>
      <id>89134</id>
      <intensity>387.0</intensity>
      <mass-charge>112.0</mass-charge>
    </ei-ms-peak>
    <ei-ms-peak>
      <ei-ms-id>809</ei-ms-id>
      <id>89135</id>
      <intensity>181.0</intensity>
      <mass-charge>113.0</mass-charge>
    </ei-ms-peak>
    <ei-ms-peak>
      <ei-ms-id>809</ei-ms-id>
      <id>89136</id>
      <intensity>299.0</intensity>
      <mass-charge>114.0</mass-charge>
    </ei-ms-peak>
    <ei-ms-peak>
      <ei-ms-id>809</ei-ms-id>
      <id>89137</id>
      <intensity>150.0</intensity>
      <mass-charge>115.0</mass-charge>
    </ei-ms-peak>
    <ei-ms-peak>
      <ei-ms-id>809</ei-ms-id>
      <id>89138</id>
      <intensity>51.0</intensity>
      <mass-charge>116.0</mass-charge>
    </ei-ms-peak>
    <ei-ms-peak>
      <ei-ms-id>809</ei-ms-id>
      <id>89139</id>
      <intensity>144.0</intensity>
      <mass-charge>119.0</mass-charge>
    </ei-ms-peak>
    <ei-ms-peak>
      <ei-ms-id>809</ei-ms-id>
      <id>89140</id>
      <intensity>76.0</intensity>
      <mass-charge>120.0</mass-charge>
    </ei-ms-peak>
    <ei-ms-peak>
      <ei-ms-id>809</ei-ms-id>
      <id>89141</id>
      <intensity>182.0</intensity>
      <mass-charge>121.0</mass-charge>
    </ei-ms-peak>
    <ei-ms-peak>
      <ei-ms-id>809</ei-ms-id>
      <id>89142</id>
      <intensity>155.0</intensity>
      <mass-charge>122.0</mass-charge>
    </ei-ms-peak>
    <ei-ms-peak>
      <ei-ms-id>809</ei-ms-id>
      <id>89143</id>
      <intensity>445.0</intensity>
      <mass-charge>123.0</mass-charge>
    </ei-ms-peak>
    <ei-ms-peak>
      <ei-ms-id>809</ei-ms-id>
      <id>89144</id>
      <intensity>409.0</intensity>
      <mass-charge>124.0</mass-charge>
    </ei-ms-peak>
    <ei-ms-peak>
      <ei-ms-id>809</ei-ms-id>
      <id>89145</id>
      <intensity>385.0</intensity>
      <mass-charge>125.0</mass-charge>
    </ei-ms-peak>
    <ei-ms-peak>
      <ei-ms-id>809</ei-ms-id>
      <id>89146</id>
      <intensity>170.0</intensity>
      <mass-charge>126.0</mass-charge>
    </ei-ms-peak>
    <ei-ms-peak>
      <ei-ms-id>809</ei-ms-id>
      <id>89147</id>
      <intensity>283.0</intensity>
      <mass-charge>127.0</mass-charge>
    </ei-ms-peak>
    <ei-ms-peak>
      <ei-ms-id>809</ei-ms-id>
      <id>89148</id>
      <intensity>87.0</intensity>
      <mass-charge>128.0</mass-charge>
    </ei-ms-peak>
    <ei-ms-peak>
      <ei-ms-id>809</ei-ms-id>
      <id>89149</id>
      <intensity>152.0</intensity>
      <mass-charge>129.0</mass-charge>
    </ei-ms-peak>
    <ei-ms-peak>
      <ei-ms-id>809</ei-ms-id>
      <id>89150</id>
      <intensity>31.0</intensity>
      <mass-charge>130.0</mass-charge>
    </ei-ms-peak>
    <ei-ms-peak>
      <ei-ms-id>809</ei-ms-id>
      <id>89151</id>
      <intensity>124.0</intensity>
      <mass-charge>133.0</mass-charge>
    </ei-ms-peak>
    <ei-ms-peak>
      <ei-ms-id>809</ei-ms-id>
      <id>89152</id>
      <intensity>113.0</intensity>
      <mass-charge>134.0</mass-charge>
    </ei-ms-peak>
    <ei-ms-peak>
      <ei-ms-id>809</ei-ms-id>
      <id>89153</id>
      <intensity>118.0</intensity>
      <mass-charge>135.0</mass-charge>
    </ei-ms-peak>
    <ei-ms-peak>
      <ei-ms-id>809</ei-ms-id>
      <id>89154</id>
      <intensity>113.0</intensity>
      <mass-charge>136.0</mass-charge>
    </ei-ms-peak>
    <ei-ms-peak>
      <ei-ms-id>809</ei-ms-id>
      <id>89155</id>
      <intensity>325.0</intensity>
      <mass-charge>137.0</mass-charge>
    </ei-ms-peak>
    <ei-ms-peak>
      <ei-ms-id>809</ei-ms-id>
      <id>89156</id>
      <intensity>280.0</intensity>
      <mass-charge>138.0</mass-charge>
    </ei-ms-peak>
    <ei-ms-peak>
      <ei-ms-id>809</ei-ms-id>
      <id>89157</id>
      <intensity>198.0</intensity>
      <mass-charge>139.0</mass-charge>
    </ei-ms-peak>
    <ei-ms-peak>
      <ei-ms-id>809</ei-ms-id>
      <id>89158</id>
      <intensity>103.0</intensity>
      <mass-charge>140.0</mass-charge>
    </ei-ms-peak>
    <ei-ms-peak>
      <ei-ms-id>809</ei-ms-id>
      <id>89159</id>
      <intensity>69.0</intensity>
      <mass-charge>141.0</mass-charge>
    </ei-ms-peak>
    <ei-ms-peak>
      <ei-ms-id>809</ei-ms-id>
      <id>89160</id>
      <intensity>68.0</intensity>
      <mass-charge>143.0</mass-charge>
    </ei-ms-peak>
    <ei-ms-peak>
      <ei-ms-id>809</ei-ms-id>
      <id>89161</id>
      <intensity>22.0</intensity>
      <mass-charge>144.0</mass-charge>
    </ei-ms-peak>
    <ei-ms-peak>
      <ei-ms-id>809</ei-ms-id>
      <id>89162</id>
      <intensity>121.0</intensity>
      <mass-charge>147.0</mass-charge>
    </ei-ms-peak>
    <ei-ms-peak>
      <ei-ms-id>809</ei-ms-id>
      <id>89163</id>
      <intensity>44.0</intensity>
      <mass-charge>149.0</mass-charge>
    </ei-ms-peak>
    <ei-ms-peak>
      <ei-ms-id>809</ei-ms-id>
      <id>89164</id>
      <intensity>59.0</intensity>
      <mass-charge>150.0</mass-charge>
    </ei-ms-peak>
    <ei-ms-peak>
      <ei-ms-id>809</ei-ms-id>
      <id>89165</id>
      <intensity>237.0</intensity>
      <mass-charge>151.0</mass-charge>
    </ei-ms-peak>
    <ei-ms-peak>
      <ei-ms-id>809</ei-ms-id>
      <id>89166</id>
      <intensity>137.0</intensity>
      <mass-charge>152.0</mass-charge>
    </ei-ms-peak>
    <ei-ms-peak>
      <ei-ms-id>809</ei-ms-id>
      <id>89167</id>
      <intensity>90.0</intensity>
      <mass-charge>153.0</mass-charge>
    </ei-ms-peak>
    <ei-ms-peak>
      <ei-ms-id>809</ei-ms-id>
      <id>89168</id>
      <intensity>63.0</intensity>
      <mass-charge>154.0</mass-charge>
    </ei-ms-peak>
    <ei-ms-peak>
      <ei-ms-id>809</ei-ms-id>
      <id>89169</id>
      <intensity>53.0</intensity>
      <mass-charge>155.0</mass-charge>
    </ei-ms-peak>
    <ei-ms-peak>
      <ei-ms-id>809</ei-ms-id>
      <id>89170</id>
      <intensity>36.0</intensity>
      <mass-charge>157.0</mass-charge>
    </ei-ms-peak>
    <ei-ms-peak>
      <ei-ms-id>809</ei-ms-id>
      <id>89171</id>
      <intensity>85.0</intensity>
      <mass-charge>161.0</mass-charge>
    </ei-ms-peak>
    <ei-ms-peak>
      <ei-ms-id>809</ei-ms-id>
      <id>89172</id>
      <intensity>43.0</intensity>
      <mass-charge>162.0</mass-charge>
    </ei-ms-peak>
    <ei-ms-peak>
      <ei-ms-id>809</ei-ms-id>
      <id>89173</id>
      <intensity>62.0</intensity>
      <mass-charge>163.0</mass-charge>
    </ei-ms-peak>
    <ei-ms-peak>
      <ei-ms-id>809</ei-ms-id>
      <id>89174</id>
      <intensity>78.0</intensity>
      <mass-charge>164.0</mass-charge>
    </ei-ms-peak>
    <ei-ms-peak>
      <ei-ms-id>809</ei-ms-id>
      <id>89175</id>
      <intensity>133.0</intensity>
      <mass-charge>165.0</mass-charge>
    </ei-ms-peak>
    <ei-ms-peak>
      <ei-ms-id>809</ei-ms-id>
      <id>89176</id>
      <intensity>167.0</intensity>
      <mass-charge>166.0</mass-charge>
    </ei-ms-peak>
    <ei-ms-peak>
      <ei-ms-id>809</ei-ms-id>
      <id>89177</id>
      <intensity>28.0</intensity>
      <mass-charge>167.0</mass-charge>
    </ei-ms-peak>
    <ei-ms-peak>
      <ei-ms-id>809</ei-ms-id>
      <id>89178</id>
      <intensity>43.0</intensity>
      <mass-charge>168.0</mass-charge>
    </ei-ms-peak>
    <ei-ms-peak>
      <ei-ms-id>809</ei-ms-id>
      <id>89179</id>
      <intensity>60.0</intensity>
      <mass-charge>169.0</mass-charge>
    </ei-ms-peak>
    <ei-ms-peak>
      <ei-ms-id>809</ei-ms-id>
      <id>89180</id>
      <intensity>38.0</intensity>
      <mass-charge>171.0</mass-charge>
    </ei-ms-peak>
    <ei-ms-peak>
      <ei-ms-id>809</ei-ms-id>
      <id>89181</id>
      <intensity>24.0</intensity>
      <mass-charge>172.0</mass-charge>
    </ei-ms-peak>
    <ei-ms-peak>
      <ei-ms-id>809</ei-ms-id>
      <id>89182</id>
      <intensity>83.0</intensity>
      <mass-charge>175.0</mass-charge>
    </ei-ms-peak>
    <ei-ms-peak>
      <ei-ms-id>809</ei-ms-id>
      <id>89183</id>
      <intensity>33.0</intensity>
      <mass-charge>176.0</mass-charge>
    </ei-ms-peak>
    <ei-ms-peak>
      <ei-ms-id>809</ei-ms-id>
      <id>89184</id>
      <intensity>36.0</intensity>
      <mass-charge>177.0</mass-charge>
    </ei-ms-peak>
    <ei-ms-peak>
      <ei-ms-id>809</ei-ms-id>
      <id>89185</id>
      <intensity>142.0</intensity>
      <mass-charge>179.0</mass-charge>
    </ei-ms-peak>
    <ei-ms-peak>
      <ei-ms-id>809</ei-ms-id>
      <id>89186</id>
      <intensity>138.0</intensity>
      <mass-charge>180.0</mass-charge>
    </ei-ms-peak>
    <ei-ms-peak>
      <ei-ms-id>809</ei-ms-id>
      <id>89187</id>
      <intensity>71.0</intensity>
      <mass-charge>181.0</mass-charge>
    </ei-ms-peak>
    <ei-ms-peak>
      <ei-ms-id>809</ei-ms-id>
      <id>89188</id>
      <intensity>30.0</intensity>
      <mass-charge>182.0</mass-charge>
    </ei-ms-peak>
    <ei-ms-peak>
      <ei-ms-id>809</ei-ms-id>
      <id>89189</id>
      <intensity>44.0</intensity>
      <mass-charge>183.0</mass-charge>
    </ei-ms-peak>
    <ei-ms-peak>
      <ei-ms-id>809</ei-ms-id>
      <id>89190</id>
      <intensity>52.0</intensity>
      <mass-charge>185.0</mass-charge>
    </ei-ms-peak>
    <ei-ms-peak>
      <ei-ms-id>809</ei-ms-id>
      <id>89191</id>
      <intensity>40.0</intensity>
      <mass-charge>186.0</mass-charge>
    </ei-ms-peak>
    <ei-ms-peak>
      <ei-ms-id>809</ei-ms-id>
      <id>89192</id>
      <intensity>42.0</intensity>
      <mass-charge>189.0</mass-charge>
    </ei-ms-peak>
    <ei-ms-peak>
      <ei-ms-id>809</ei-ms-id>
      <id>89193</id>
      <intensity>96.0</intensity>
      <mass-charge>193.0</mass-charge>
    </ei-ms-peak>
    <ei-ms-peak>
      <ei-ms-id>809</ei-ms-id>
      <id>89194</id>
      <intensity>72.0</intensity>
      <mass-charge>194.0</mass-charge>
    </ei-ms-peak>
    <ei-ms-peak>
      <ei-ms-id>809</ei-ms-id>
      <id>89195</id>
      <intensity>30.0</intensity>
      <mass-charge>195.0</mass-charge>
    </ei-ms-peak>
    <ei-ms-peak>
      <ei-ms-id>809</ei-ms-id>
      <id>89196</id>
      <intensity>46.0</intensity>
      <mass-charge>199.0</mass-charge>
    </ei-ms-peak>
    <ei-ms-peak>
      <ei-ms-id>809</ei-ms-id>
      <id>89197</id>
      <intensity>52.0</intensity>
      <mass-charge>207.0</mass-charge>
    </ei-ms-peak>
    <ei-ms-peak>
      <ei-ms-id>809</ei-ms-id>
      <id>89198</id>
      <intensity>69.0</intensity>
      <mass-charge>208.0</mass-charge>
    </ei-ms-peak>
    <ei-ms-peak>
      <ei-ms-id>809</ei-ms-id>
      <id>89199</id>
      <intensity>25.0</intensity>
      <mass-charge>209.0</mass-charge>
    </ei-ms-peak>
    <ei-ms-peak>
      <ei-ms-id>809</ei-ms-id>
      <id>89200</id>
      <intensity>162.0</intensity>
      <mass-charge>220.0</mass-charge>
    </ei-ms-peak>
    <ei-ms-peak>
      <ei-ms-id>809</ei-ms-id>
      <id>89201</id>
      <intensity>156.0</intensity>
      <mass-charge>221.0</mass-charge>
    </ei-ms-peak>
    <ei-ms-peak>
      <ei-ms-id>809</ei-ms-id>
      <id>89202</id>
      <intensity>169.0</intensity>
      <mass-charge>222.0</mass-charge>
    </ei-ms-peak>
    <ei-ms-peak>
      <ei-ms-id>809</ei-ms-id>
      <id>89203</id>
      <intensity>50.0</intensity>
      <mass-charge>223.0</mass-charge>
    </ei-ms-peak>
    <ei-ms-peak>
      <ei-ms-id>809</ei-ms-id>
      <id>89204</id>
      <intensity>111.0</intensity>
      <mass-charge>235.0</mass-charge>
    </ei-ms-peak>
    <ei-ms-peak>
      <ei-ms-id>809</ei-ms-id>
      <id>89205</id>
      <intensity>55.0</intensity>
      <mass-charge>236.0</mass-charge>
    </ei-ms-peak>
    <ei-ms-peak>
      <ei-ms-id>809</ei-ms-id>
      <id>89206</id>
      <intensity>30.0</intensity>
      <mass-charge>239.0</mass-charge>
    </ei-ms-peak>
    <ei-ms-peak>
      <ei-ms-id>809</ei-ms-id>
      <id>89207</id>
      <intensity>31.0</intensity>
      <mass-charge>241.0</mass-charge>
    </ei-ms-peak>
    <ei-ms-peak>
      <ei-ms-id>809</ei-ms-id>
      <id>89208</id>
      <intensity>60.0</intensity>
      <mass-charge>246.0</mass-charge>
    </ei-ms-peak>
    <ei-ms-peak>
      <ei-ms-id>809</ei-ms-id>
      <id>89209</id>
      <intensity>581.0</intensity>
      <mass-charge>264.0</mass-charge>
    </ei-ms-peak>
    <ei-ms-peak>
      <ei-ms-id>809</ei-ms-id>
      <id>89210</id>
      <intensity>164.0</intensity>
      <mass-charge>265.0</mass-charge>
    </ei-ms-peak>
    <ei-ms-peak>
      <ei-ms-id>809</ei-ms-id>
      <id>89211</id>
      <intensity>23.0</intensity>
      <mass-charge>266.0</mass-charge>
    </ei-ms-peak>
    <ei-ms-peak>
      <ei-ms-id>809</ei-ms-id>
      <id>89212</id>
      <intensity>28.0</intensity>
      <mass-charge>280.0</mass-charge>
    </ei-ms-peak>
    <ei-ms-peak>
      <ei-ms-id>809</ei-ms-id>
      <id>89213</id>
      <intensity>105.0</intensity>
      <mass-charge>282.0</mass-charge>
    </ei-ms-peak>
    <ei-ms-peak>
      <ei-ms-id>809</ei-ms-id>
      <id>89214</id>
      <intensity>20.0</intensity>
      <mass-charge>283.0</mass-charge>
    </ei-ms-peak>
  </ei-ms-peaks>
</ei-ms>
