<?xml version="1.0" encoding="UTF-8"?>
<ei-ms>
  <collection-date nil="true"/>
  <created-at>2014-09-20T16:43:18Z</created-at>
  <database-id>HMDB15213</database-id>
  <id>1070</id>
  <inchi-key>HYPPXZBJBPSRLK-UHFFFAOYSA-N</inchi-key>
  <instrument-type nil="true"/>
  <molecule-id nil="true"/>
  <notes nil="true"/>
  <peak-counter>164</peak-counter>
  <sample-assessment nil="true"/>
  <sample-concentration nil="true"/>
  <sample-concentration-units nil="true"/>
  <sample-mass nil="true"/>
  <sample-mass-units nil="true"/>
  <sample-source nil="true"/>
  <solvent nil="true"/>
  <spectra-assessment nil="true"/>
  <updated-at>2014-09-20T16:43:18Z</updated-at>
  <references>
    <reference>
      <database>NIST</database>
      <database-id>915-30-0</database-id>
      <id>15942</id>
      <pubmed-id nil="true"/>
      <ref-text>NIST Mass Spec Data Center, S.E. Stein, director, "Mass Spectra" in NIST Chemistry WebBook, NIST Standard Reference Database Number 69, Eds. P.J. Linstrom and W.G. Mallard, National Institute of Standards and Technology, Gaithersburg MD, 20899, http://webbook.nist.gov, (retrieved September 6, 2014).</ref-text>
      <spectra-id>1070</spectra-id>
      <spectra-type>EiMs</spectra-type>
    </reference>
  </references>
  <ei-ms-peaks>
    <ei-ms-peak>
      <ei-ms-id>1070</ei-ms-id>
      <id>115825</id>
      <intensity>137.0</intensity>
      <mass-charge>41.0</mass-charge>
    </ei-ms-peak>
    <ei-ms-peak>
      <ei-ms-id>1070</ei-ms-id>
      <id>115826</id>
      <intensity>1104.0</intensity>
      <mass-charge>42.0</mass-charge>
    </ei-ms-peak>
    <ei-ms-peak>
      <ei-ms-id>1070</ei-ms-id>
      <id>115827</id>
      <intensity>103.0</intensity>
      <mass-charge>43.0</mass-charge>
    </ei-ms-peak>
    <ei-ms-peak>
      <ei-ms-id>1070</ei-ms-id>
      <id>115828</id>
      <intensity>89.0</intensity>
      <mass-charge>44.0</mass-charge>
    </ei-ms-peak>
    <ei-ms-peak>
      <ei-ms-id>1070</ei-ms-id>
      <id>115829</id>
      <intensity>2.0</intensity>
      <mass-charge>45.0</mass-charge>
    </ei-ms-peak>
    <ei-ms-peak>
      <ei-ms-id>1070</ei-ms-id>
      <id>115830</id>
      <intensity>11.0</intensity>
      <mass-charge>50.0</mass-charge>
    </ei-ms-peak>
    <ei-ms-peak>
      <ei-ms-id>1070</ei-ms-id>
      <id>115831</id>
      <intensity>42.0</intensity>
      <mass-charge>51.0</mass-charge>
    </ei-ms-peak>
    <ei-ms-peak>
      <ei-ms-id>1070</ei-ms-id>
      <id>115832</id>
      <intensity>10.0</intensity>
      <mass-charge>52.0</mass-charge>
    </ei-ms-peak>
    <ei-ms-peak>
      <ei-ms-id>1070</ei-ms-id>
      <id>115833</id>
      <intensity>37.0</intensity>
      <mass-charge>53.0</mass-charge>
    </ei-ms-peak>
    <ei-ms-peak>
      <ei-ms-id>1070</ei-ms-id>
      <id>115834</id>
      <intensity>61.0</intensity>
      <mass-charge>54.0</mass-charge>
    </ei-ms-peak>
    <ei-ms-peak>
      <ei-ms-id>1070</ei-ms-id>
      <id>115835</id>
      <intensity>124.0</intensity>
      <mass-charge>55.0</mass-charge>
    </ei-ms-peak>
    <ei-ms-peak>
      <ei-ms-id>1070</ei-ms-id>
      <id>115836</id>
      <intensity>240.0</intensity>
      <mass-charge>56.0</mass-charge>
    </ei-ms-peak>
    <ei-ms-peak>
      <ei-ms-id>1070</ei-ms-id>
      <id>115837</id>
      <intensity>63.0</intensity>
      <mass-charge>57.0</mass-charge>
    </ei-ms-peak>
    <ei-ms-peak>
      <ei-ms-id>1070</ei-ms-id>
      <id>115838</id>
      <intensity>15.0</intensity>
      <mass-charge>58.0</mass-charge>
    </ei-ms-peak>
    <ei-ms-peak>
      <ei-ms-id>1070</ei-ms-id>
      <id>115839</id>
      <intensity>111.0</intensity>
      <mass-charge>59.0</mass-charge>
    </ei-ms-peak>
    <ei-ms-peak>
      <ei-ms-id>1070</ei-ms-id>
      <id>115840</id>
      <intensity>17.0</intensity>
      <mass-charge>60.0</mass-charge>
    </ei-ms-peak>
    <ei-ms-peak>
      <ei-ms-id>1070</ei-ms-id>
      <id>115841</id>
      <intensity>11.0</intensity>
      <mass-charge>63.0</mass-charge>
    </ei-ms-peak>
    <ei-ms-peak>
      <ei-ms-id>1070</ei-ms-id>
      <id>115842</id>
      <intensity>30.0</intensity>
      <mass-charge>65.0</mass-charge>
    </ei-ms-peak>
    <ei-ms-peak>
      <ei-ms-id>1070</ei-ms-id>
      <id>115843</id>
      <intensity>18.0</intensity>
      <mass-charge>67.0</mass-charge>
    </ei-ms-peak>
    <ei-ms-peak>
      <ei-ms-id>1070</ei-ms-id>
      <id>115844</id>
      <intensity>49.0</intensity>
      <mass-charge>68.0</mass-charge>
    </ei-ms-peak>
    <ei-ms-peak>
      <ei-ms-id>1070</ei-ms-id>
      <id>115845</id>
      <intensity>68.0</intensity>
      <mass-charge>69.0</mass-charge>
    </ei-ms-peak>
    <ei-ms-peak>
      <ei-ms-id>1070</ei-ms-id>
      <id>115846</id>
      <intensity>58.0</intensity>
      <mass-charge>70.0</mass-charge>
    </ei-ms-peak>
    <ei-ms-peak>
      <ei-ms-id>1070</ei-ms-id>
      <id>115847</id>
      <intensity>36.0</intensity>
      <mass-charge>71.0</mass-charge>
    </ei-ms-peak>
    <ei-ms-peak>
      <ei-ms-id>1070</ei-ms-id>
      <id>115848</id>
      <intensity>18.0</intensity>
      <mass-charge>75.0</mass-charge>
    </ei-ms-peak>
    <ei-ms-peak>
      <ei-ms-id>1070</ei-ms-id>
      <id>115849</id>
      <intensity>28.0</intensity>
      <mass-charge>76.0</mass-charge>
    </ei-ms-peak>
    <ei-ms-peak>
      <ei-ms-id>1070</ei-ms-id>
      <id>115850</id>
      <intensity>109.0</intensity>
      <mass-charge>77.0</mass-charge>
    </ei-ms-peak>
    <ei-ms-peak>
      <ei-ms-id>1070</ei-ms-id>
      <id>115851</id>
      <intensity>44.0</intensity>
      <mass-charge>78.0</mass-charge>
    </ei-ms-peak>
    <ei-ms-peak>
      <ei-ms-id>1070</ei-ms-id>
      <id>115852</id>
      <intensity>19.0</intensity>
      <mass-charge>79.0</mass-charge>
    </ei-ms-peak>
    <ei-ms-peak>
      <ei-ms-id>1070</ei-ms-id>
      <id>115853</id>
      <intensity>20.0</intensity>
      <mass-charge>80.0</mass-charge>
    </ei-ms-peak>
    <ei-ms-peak>
      <ei-ms-id>1070</ei-ms-id>
      <id>115854</id>
      <intensity>19.0</intensity>
      <mass-charge>81.0</mass-charge>
    </ei-ms-peak>
    <ei-ms-peak>
      <ei-ms-id>1070</ei-ms-id>
      <id>115855</id>
      <intensity>111.0</intensity>
      <mass-charge>82.0</mass-charge>
    </ei-ms-peak>
    <ei-ms-peak>
      <ei-ms-id>1070</ei-ms-id>
      <id>115856</id>
      <intensity>74.0</intensity>
      <mass-charge>83.0</mass-charge>
    </ei-ms-peak>
    <ei-ms-peak>
      <ei-ms-id>1070</ei-ms-id>
      <id>115857</id>
      <intensity>49.0</intensity>
      <mass-charge>84.0</mass-charge>
    </ei-ms-peak>
    <ei-ms-peak>
      <ei-ms-id>1070</ei-ms-id>
      <id>115858</id>
      <intensity>10.0</intensity>
      <mass-charge>85.0</mass-charge>
    </ei-ms-peak>
    <ei-ms-peak>
      <ei-ms-id>1070</ei-ms-id>
      <id>115859</id>
      <intensity>27.0</intensity>
      <mass-charge>86.0</mass-charge>
    </ei-ms-peak>
    <ei-ms-peak>
      <ei-ms-id>1070</ei-ms-id>
      <id>115860</id>
      <intensity>22.0</intensity>
      <mass-charge>89.0</mass-charge>
    </ei-ms-peak>
    <ei-ms-peak>
      <ei-ms-id>1070</ei-ms-id>
      <id>115861</id>
      <intensity>508.0</intensity>
      <mass-charge>91.0</mass-charge>
    </ei-ms-peak>
    <ei-ms-peak>
      <ei-ms-id>1070</ei-ms-id>
      <id>115862</id>
      <intensity>40.0</intensity>
      <mass-charge>92.0</mass-charge>
    </ei-ms-peak>
    <ei-ms-peak>
      <ei-ms-id>1070</ei-ms-id>
      <id>115863</id>
      <intensity>11.0</intensity>
      <mass-charge>94.0</mass-charge>
    </ei-ms-peak>
    <ei-ms-peak>
      <ei-ms-id>1070</ei-ms-id>
      <id>115864</id>
      <intensity>16.0</intensity>
      <mass-charge>95.0</mass-charge>
    </ei-ms-peak>
    <ei-ms-peak>
      <ei-ms-id>1070</ei-ms-id>
      <id>115865</id>
      <intensity>51.0</intensity>
      <mass-charge>96.0</mass-charge>
    </ei-ms-peak>
    <ei-ms-peak>
      <ei-ms-id>1070</ei-ms-id>
      <id>115866</id>
      <intensity>19.0</intensity>
      <mass-charge>97.0</mass-charge>
    </ei-ms-peak>
    <ei-ms-peak>
      <ei-ms-id>1070</ei-ms-id>
      <id>115867</id>
      <intensity>15.0</intensity>
      <mass-charge>99.0</mass-charge>
    </ei-ms-peak>
    <ei-ms-peak>
      <ei-ms-id>1070</ei-ms-id>
      <id>115868</id>
      <intensity>30.0</intensity>
      <mass-charge>102.0</mass-charge>
    </ei-ms-peak>
    <ei-ms-peak>
      <ei-ms-id>1070</ei-ms-id>
      <id>115869</id>
      <intensity>229.0</intensity>
      <mass-charge>103.0</mass-charge>
    </ei-ms-peak>
    <ei-ms-peak>
      <ei-ms-id>1070</ei-ms-id>
      <id>115870</id>
      <intensity>71.0</intensity>
      <mass-charge>104.0</mass-charge>
    </ei-ms-peak>
    <ei-ms-peak>
      <ei-ms-id>1070</ei-ms-id>
      <id>115871</id>
      <intensity>54.0</intensity>
      <mass-charge>105.0</mass-charge>
    </ei-ms-peak>
    <ei-ms-peak>
      <ei-ms-id>1070</ei-ms-id>
      <id>115872</id>
      <intensity>15.0</intensity>
      <mass-charge>106.0</mass-charge>
    </ei-ms-peak>
    <ei-ms-peak>
      <ei-ms-id>1070</ei-ms-id>
      <id>115873</id>
      <intensity>23.0</intensity>
      <mass-charge>108.0</mass-charge>
    </ei-ms-peak>
    <ei-ms-peak>
      <ei-ms-id>1070</ei-ms-id>
      <id>115874</id>
      <intensity>17.0</intensity>
      <mass-charge>110.0</mass-charge>
    </ei-ms-peak>
    <ei-ms-peak>
      <ei-ms-id>1070</ei-ms-id>
      <id>115875</id>
      <intensity>43.0</intensity>
      <mass-charge>111.0</mass-charge>
    </ei-ms-peak>
    <ei-ms-peak>
      <ei-ms-id>1070</ei-ms-id>
      <id>115876</id>
      <intensity>18.0</intensity>
      <mass-charge>112.0</mass-charge>
    </ei-ms-peak>
    <ei-ms-peak>
      <ei-ms-id>1070</ei-ms-id>
      <id>115877</id>
      <intensity>241.0</intensity>
      <mass-charge>115.0</mass-charge>
    </ei-ms-peak>
    <ei-ms-peak>
      <ei-ms-id>1070</ei-ms-id>
      <id>115878</id>
      <intensity>113.0</intensity>
      <mass-charge>116.0</mass-charge>
    </ei-ms-peak>
    <ei-ms-peak>
      <ei-ms-id>1070</ei-ms-id>
      <id>115879</id>
      <intensity>101.0</intensity>
      <mass-charge>117.0</mass-charge>
    </ei-ms-peak>
    <ei-ms-peak>
      <ei-ms-id>1070</ei-ms-id>
      <id>115880</id>
      <intensity>62.0</intensity>
      <mass-charge>118.0</mass-charge>
    </ei-ms-peak>
    <ei-ms-peak>
      <ei-ms-id>1070</ei-ms-id>
      <id>115881</id>
      <intensity>31.0</intensity>
      <mass-charge>119.0</mass-charge>
    </ei-ms-peak>
    <ei-ms-peak>
      <ei-ms-id>1070</ei-ms-id>
      <id>115882</id>
      <intensity>8.0</intensity>
      <mass-charge>125.0</mass-charge>
    </ei-ms-peak>
    <ei-ms-peak>
      <ei-ms-id>1070</ei-ms-id>
      <id>115883</id>
      <intensity>9.0</intensity>
      <mass-charge>126.0</mass-charge>
    </ei-ms-peak>
    <ei-ms-peak>
      <ei-ms-id>1070</ei-ms-id>
      <id>115884</id>
      <intensity>34.0</intensity>
      <mass-charge>127.0</mass-charge>
    </ei-ms-peak>
    <ei-ms-peak>
      <ei-ms-id>1070</ei-ms-id>
      <id>115885</id>
      <intensity>137.0</intensity>
      <mass-charge>128.0</mass-charge>
    </ei-ms-peak>
    <ei-ms-peak>
      <ei-ms-id>1070</ei-ms-id>
      <id>115886</id>
      <intensity>181.0</intensity>
      <mass-charge>129.0</mass-charge>
    </ei-ms-peak>
    <ei-ms-peak>
      <ei-ms-id>1070</ei-ms-id>
      <id>115887</id>
      <intensity>76.0</intensity>
      <mass-charge>130.0</mass-charge>
    </ei-ms-peak>
    <ei-ms-peak>
      <ei-ms-id>1070</ei-ms-id>
      <id>115888</id>
      <intensity>163.0</intensity>
      <mass-charge>131.0</mass-charge>
    </ei-ms-peak>
    <ei-ms-peak>
      <ei-ms-id>1070</ei-ms-id>
      <id>115889</id>
      <intensity>48.0</intensity>
      <mass-charge>132.0</mass-charge>
    </ei-ms-peak>
    <ei-ms-peak>
      <ei-ms-id>1070</ei-ms-id>
      <id>115890</id>
      <intensity>27.0</intensity>
      <mass-charge>133.0</mass-charge>
    </ei-ms-peak>
    <ei-ms-peak>
      <ei-ms-id>1070</ei-ms-id>
      <id>115891</id>
      <intensity>10.0</intensity>
      <mass-charge>134.0</mass-charge>
    </ei-ms-peak>
    <ei-ms-peak>
      <ei-ms-id>1070</ei-ms-id>
      <id>115892</id>
      <intensity>20.0</intensity>
      <mass-charge>139.0</mass-charge>
    </ei-ms-peak>
    <ei-ms-peak>
      <ei-ms-id>1070</ei-ms-id>
      <id>115893</id>
      <intensity>24.0</intensity>
      <mass-charge>140.0</mass-charge>
    </ei-ms-peak>
    <ei-ms-peak>
      <ei-ms-id>1070</ei-ms-id>
      <id>115894</id>
      <intensity>29.0</intensity>
      <mass-charge>141.0</mass-charge>
    </ei-ms-peak>
    <ei-ms-peak>
      <ei-ms-id>1070</ei-ms-id>
      <id>115895</id>
      <intensity>18.0</intensity>
      <mass-charge>142.0</mass-charge>
    </ei-ms-peak>
    <ei-ms-peak>
      <ei-ms-id>1070</ei-ms-id>
      <id>115896</id>
      <intensity>88.0</intensity>
      <mass-charge>143.0</mass-charge>
    </ei-ms-peak>
    <ei-ms-peak>
      <ei-ms-id>1070</ei-ms-id>
      <id>115897</id>
      <intensity>68.0</intensity>
      <mass-charge>144.0</mass-charge>
    </ei-ms-peak>
    <ei-ms-peak>
      <ei-ms-id>1070</ei-ms-id>
      <id>115898</id>
      <intensity>26.0</intensity>
      <mass-charge>145.0</mass-charge>
    </ei-ms-peak>
    <ei-ms-peak>
      <ei-ms-id>1070</ei-ms-id>
      <id>115899</id>
      <intensity>29.0</intensity>
      <mass-charge>146.0</mass-charge>
    </ei-ms-peak>
    <ei-ms-peak>
      <ei-ms-id>1070</ei-ms-id>
      <id>115900</id>
      <intensity>56.0</intensity>
      <mass-charge>147.0</mass-charge>
    </ei-ms-peak>
    <ei-ms-peak>
      <ei-ms-id>1070</ei-ms-id>
      <id>115901</id>
      <intensity>18.0</intensity>
      <mass-charge>148.0</mass-charge>
    </ei-ms-peak>
    <ei-ms-peak>
      <ei-ms-id>1070</ei-ms-id>
      <id>115902</id>
      <intensity>10.0</intensity>
      <mass-charge>149.0</mass-charge>
    </ei-ms-peak>
    <ei-ms-peak>
      <ei-ms-id>1070</ei-ms-id>
      <id>115903</id>
      <intensity>10.0</intensity>
      <mass-charge>150.0</mass-charge>
    </ei-ms-peak>
    <ei-ms-peak>
      <ei-ms-id>1070</ei-ms-id>
      <id>115904</id>
      <intensity>37.0</intensity>
      <mass-charge>152.0</mass-charge>
    </ei-ms-peak>
    <ei-ms-peak>
      <ei-ms-id>1070</ei-ms-id>
      <id>115905</id>
      <intensity>25.0</intensity>
      <mass-charge>153.0</mass-charge>
    </ei-ms-peak>
    <ei-ms-peak>
      <ei-ms-id>1070</ei-ms-id>
      <id>115906</id>
      <intensity>6.0</intensity>
      <mass-charge>154.0</mass-charge>
    </ei-ms-peak>
    <ei-ms-peak>
      <ei-ms-id>1070</ei-ms-id>
      <id>115907</id>
      <intensity>26.0</intensity>
      <mass-charge>155.0</mass-charge>
    </ei-ms-peak>
    <ei-ms-peak>
      <ei-ms-id>1070</ei-ms-id>
      <id>115908</id>
      <intensity>107.0</intensity>
      <mass-charge>156.0</mass-charge>
    </ei-ms-peak>
    <ei-ms-peak>
      <ei-ms-id>1070</ei-ms-id>
      <id>115909</id>
      <intensity>54.0</intensity>
      <mass-charge>157.0</mass-charge>
    </ei-ms-peak>
    <ei-ms-peak>
      <ei-ms-id>1070</ei-ms-id>
      <id>115910</id>
      <intensity>287.0</intensity>
      <mass-charge>158.0</mass-charge>
    </ei-ms-peak>
    <ei-ms-peak>
      <ei-ms-id>1070</ei-ms-id>
      <id>115911</id>
      <intensity>57.0</intensity>
      <mass-charge>159.0</mass-charge>
    </ei-ms-peak>
    <ei-ms-peak>
      <ei-ms-id>1070</ei-ms-id>
      <id>115912</id>
      <intensity>14.0</intensity>
      <mass-charge>161.0</mass-charge>
    </ei-ms-peak>
    <ei-ms-peak>
      <ei-ms-id>1070</ei-ms-id>
      <id>115913</id>
      <intensity>9.0</intensity>
      <mass-charge>163.0</mass-charge>
    </ei-ms-peak>
    <ei-ms-peak>
      <ei-ms-id>1070</ei-ms-id>
      <id>115914</id>
      <intensity>40.0</intensity>
      <mass-charge>164.0</mass-charge>
    </ei-ms-peak>
    <ei-ms-peak>
      <ei-ms-id>1070</ei-ms-id>
      <id>115915</id>
      <intensity>298.0</intensity>
      <mass-charge>165.0</mass-charge>
    </ei-ms-peak>
    <ei-ms-peak>
      <ei-ms-id>1070</ei-ms-id>
      <id>115916</id>
      <intensity>77.0</intensity>
      <mass-charge>166.0</mass-charge>
    </ei-ms-peak>
    <ei-ms-peak>
      <ei-ms-id>1070</ei-ms-id>
      <id>115917</id>
      <intensity>20.0</intensity>
      <mass-charge>167.0</mass-charge>
    </ei-ms-peak>
    <ei-ms-peak>
      <ei-ms-id>1070</ei-ms-id>
      <id>115918</id>
      <intensity>15.0</intensity>
      <mass-charge>168.0</mass-charge>
    </ei-ms-peak>
    <ei-ms-peak>
      <ei-ms-id>1070</ei-ms-id>
      <id>115919</id>
      <intensity>31.0</intensity>
      <mass-charge>170.0</mass-charge>
    </ei-ms-peak>
    <ei-ms-peak>
      <ei-ms-id>1070</ei-ms-id>
      <id>115920</id>
      <intensity>58.0</intensity>
      <mass-charge>171.0</mass-charge>
    </ei-ms-peak>
    <ei-ms-peak>
      <ei-ms-id>1070</ei-ms-id>
      <id>115921</id>
      <intensity>309.0</intensity>
      <mass-charge>172.0</mass-charge>
    </ei-ms-peak>
    <ei-ms-peak>
      <ei-ms-id>1070</ei-ms-id>
      <id>115922</id>
      <intensity>117.0</intensity>
      <mass-charge>173.0</mass-charge>
    </ei-ms-peak>
    <ei-ms-peak>
      <ei-ms-id>1070</ei-ms-id>
      <id>115923</id>
      <intensity>84.0</intensity>
      <mass-charge>174.0</mass-charge>
    </ei-ms-peak>
    <ei-ms-peak>
      <ei-ms-id>1070</ei-ms-id>
      <id>115924</id>
      <intensity>28.0</intensity>
      <mass-charge>175.0</mass-charge>
    </ei-ms-peak>
    <ei-ms-peak>
      <ei-ms-id>1070</ei-ms-id>
      <id>115925</id>
      <intensity>51.0</intensity>
      <mass-charge>176.0</mass-charge>
    </ei-ms-peak>
    <ei-ms-peak>
      <ei-ms-id>1070</ei-ms-id>
      <id>115926</id>
      <intensity>37.0</intensity>
      <mass-charge>177.0</mass-charge>
    </ei-ms-peak>
    <ei-ms-peak>
      <ei-ms-id>1070</ei-ms-id>
      <id>115927</id>
      <intensity>96.0</intensity>
      <mass-charge>178.0</mass-charge>
    </ei-ms-peak>
    <ei-ms-peak>
      <ei-ms-id>1070</ei-ms-id>
      <id>115928</id>
      <intensity>51.0</intensity>
      <mass-charge>179.0</mass-charge>
    </ei-ms-peak>
    <ei-ms-peak>
      <ei-ms-id>1070</ei-ms-id>
      <id>115929</id>
      <intensity>46.0</intensity>
      <mass-charge>180.0</mass-charge>
    </ei-ms-peak>
    <ei-ms-peak>
      <ei-ms-id>1070</ei-ms-id>
      <id>115930</id>
      <intensity>11.0</intensity>
      <mass-charge>181.0</mass-charge>
    </ei-ms-peak>
    <ei-ms-peak>
      <ei-ms-id>1070</ei-ms-id>
      <id>115931</id>
      <intensity>127.0</intensity>
      <mass-charge>184.0</mass-charge>
    </ei-ms-peak>
    <ei-ms-peak>
      <ei-ms-id>1070</ei-ms-id>
      <id>115932</id>
      <intensity>32.0</intensity>
      <mass-charge>185.0</mass-charge>
    </ei-ms-peak>
    <ei-ms-peak>
      <ei-ms-id>1070</ei-ms-id>
      <id>115933</id>
      <intensity>68.0</intensity>
      <mass-charge>186.0</mass-charge>
    </ei-ms-peak>
    <ei-ms-peak>
      <ei-ms-id>1070</ei-ms-id>
      <id>115934</id>
      <intensity>85.0</intensity>
      <mass-charge>187.0</mass-charge>
    </ei-ms-peak>
    <ei-ms-peak>
      <ei-ms-id>1070</ei-ms-id>
      <id>115935</id>
      <intensity>16.0</intensity>
      <mass-charge>188.0</mass-charge>
    </ei-ms-peak>
    <ei-ms-peak>
      <ei-ms-id>1070</ei-ms-id>
      <id>115936</id>
      <intensity>18.0</intensity>
      <mass-charge>189.0</mass-charge>
    </ei-ms-peak>
    <ei-ms-peak>
      <ei-ms-id>1070</ei-ms-id>
      <id>115937</id>
      <intensity>113.0</intensity>
      <mass-charge>190.0</mass-charge>
    </ei-ms-peak>
    <ei-ms-peak>
      <ei-ms-id>1070</ei-ms-id>
      <id>115938</id>
      <intensity>44.0</intensity>
      <mass-charge>191.0</mass-charge>
    </ei-ms-peak>
    <ei-ms-peak>
      <ei-ms-id>1070</ei-ms-id>
      <id>115939</id>
      <intensity>78.0</intensity>
      <mass-charge>192.0</mass-charge>
    </ei-ms-peak>
    <ei-ms-peak>
      <ei-ms-id>1070</ei-ms-id>
      <id>115940</id>
      <intensity>53.0</intensity>
      <mass-charge>193.0</mass-charge>
    </ei-ms-peak>
    <ei-ms-peak>
      <ei-ms-id>1070</ei-ms-id>
      <id>115941</id>
      <intensity>26.0</intensity>
      <mass-charge>194.0</mass-charge>
    </ei-ms-peak>
    <ei-ms-peak>
      <ei-ms-id>1070</ei-ms-id>
      <id>115942</id>
      <intensity>17.0</intensity>
      <mass-charge>199.0</mass-charge>
    </ei-ms-peak>
    <ei-ms-peak>
      <ei-ms-id>1070</ei-ms-id>
      <id>115943</id>
      <intensity>15.0</intensity>
      <mass-charge>200.0</mass-charge>
    </ei-ms-peak>
    <ei-ms-peak>
      <ei-ms-id>1070</ei-ms-id>
      <id>115944</id>
      <intensity>13.0</intensity>
      <mass-charge>203.0</mass-charge>
    </ei-ms-peak>
    <ei-ms-peak>
      <ei-ms-id>1070</ei-ms-id>
      <id>115945</id>
      <intensity>18.0</intensity>
      <mass-charge>204.0</mass-charge>
    </ei-ms-peak>
    <ei-ms-peak>
      <ei-ms-id>1070</ei-ms-id>
      <id>115946</id>
      <intensity>20.0</intensity>
      <mass-charge>205.0</mass-charge>
    </ei-ms-peak>
    <ei-ms-peak>
      <ei-ms-id>1070</ei-ms-id>
      <id>115947</id>
      <intensity>18.0</intensity>
      <mass-charge>213.0</mass-charge>
    </ei-ms-peak>
    <ei-ms-peak>
      <ei-ms-id>1070</ei-ms-id>
      <id>115948</id>
      <intensity>17.0</intensity>
      <mass-charge>216.0</mass-charge>
    </ei-ms-peak>
    <ei-ms-peak>
      <ei-ms-id>1070</ei-ms-id>
      <id>115949</id>
      <intensity>164.0</intensity>
      <mass-charge>218.0</mass-charge>
    </ei-ms-peak>
    <ei-ms-peak>
      <ei-ms-id>1070</ei-ms-id>
      <id>115950</id>
      <intensity>26.0</intensity>
      <mass-charge>219.0</mass-charge>
    </ei-ms-peak>
    <ei-ms-peak>
      <ei-ms-id>1070</ei-ms-id>
      <id>115951</id>
      <intensity>5.0</intensity>
      <mass-charge>221.0</mass-charge>
    </ei-ms-peak>
    <ei-ms-peak>
      <ei-ms-id>1070</ei-ms-id>
      <id>115952</id>
      <intensity>16.0</intensity>
      <mass-charge>230.0</mass-charge>
    </ei-ms-peak>
    <ei-ms-peak>
      <ei-ms-id>1070</ei-ms-id>
      <id>115953</id>
      <intensity>119.0</intensity>
      <mass-charge>232.0</mass-charge>
    </ei-ms-peak>
    <ei-ms-peak>
      <ei-ms-id>1070</ei-ms-id>
      <id>115954</id>
      <intensity>22.0</intensity>
      <mass-charge>233.0</mass-charge>
    </ei-ms-peak>
    <ei-ms-peak>
      <ei-ms-id>1070</ei-ms-id>
      <id>115955</id>
      <intensity>39.0</intensity>
      <mass-charge>244.0</mass-charge>
    </ei-ms-peak>
    <ei-ms-peak>
      <ei-ms-id>1070</ei-ms-id>
      <id>115956</id>
      <intensity>9999.0</intensity>
      <mass-charge>246.0</mass-charge>
    </ei-ms-peak>
    <ei-ms-peak>
      <ei-ms-id>1070</ei-ms-id>
      <id>115957</id>
      <intensity>1620.0</intensity>
      <mass-charge>247.0</mass-charge>
    </ei-ms-peak>
    <ei-ms-peak>
      <ei-ms-id>1070</ei-ms-id>
      <id>115958</id>
      <intensity>190.0</intensity>
      <mass-charge>248.0</mass-charge>
    </ei-ms-peak>
    <ei-ms-peak>
      <ei-ms-id>1070</ei-ms-id>
      <id>115959</id>
      <intensity>72.0</intensity>
      <mass-charge>249.0</mass-charge>
    </ei-ms-peak>
    <ei-ms-peak>
      <ei-ms-id>1070</ei-ms-id>
      <id>115960</id>
      <intensity>19.0</intensity>
      <mass-charge>250.0</mass-charge>
    </ei-ms-peak>
    <ei-ms-peak>
      <ei-ms-id>1070</ei-ms-id>
      <id>115961</id>
      <intensity>40.0</intensity>
      <mass-charge>258.0</mass-charge>
    </ei-ms-peak>
    <ei-ms-peak>
      <ei-ms-id>1070</ei-ms-id>
      <id>115962</id>
      <intensity>91.0</intensity>
      <mass-charge>259.0</mass-charge>
    </ei-ms-peak>
    <ei-ms-peak>
      <ei-ms-id>1070</ei-ms-id>
      <id>115963</id>
      <intensity>53.0</intensity>
      <mass-charge>260.0</mass-charge>
    </ei-ms-peak>
    <ei-ms-peak>
      <ei-ms-id>1070</ei-ms-id>
      <id>115964</id>
      <intensity>1.0</intensity>
      <mass-charge>267.0</mass-charge>
    </ei-ms-peak>
    <ei-ms-peak>
      <ei-ms-id>1070</ei-ms-id>
      <id>115965</id>
      <intensity>53.0</intensity>
      <mass-charge>275.0</mass-charge>
    </ei-ms-peak>
    <ei-ms-peak>
      <ei-ms-id>1070</ei-ms-id>
      <id>115966</id>
      <intensity>14.0</intensity>
      <mass-charge>276.0</mass-charge>
    </ei-ms-peak>
    <ei-ms-peak>
      <ei-ms-id>1070</ei-ms-id>
      <id>115967</id>
      <intensity>10.0</intensity>
      <mass-charge>281.0</mass-charge>
    </ei-ms-peak>
    <ei-ms-peak>
      <ei-ms-id>1070</ei-ms-id>
      <id>115968</id>
      <intensity>11.0</intensity>
      <mass-charge>282.0</mass-charge>
    </ei-ms-peak>
    <ei-ms-peak>
      <ei-ms-id>1070</ei-ms-id>
      <id>115969</id>
      <intensity>1.0</intensity>
      <mass-charge>283.0</mass-charge>
    </ei-ms-peak>
    <ei-ms-peak>
      <ei-ms-id>1070</ei-ms-id>
      <id>115970</id>
      <intensity>13.0</intensity>
      <mass-charge>301.0</mass-charge>
    </ei-ms-peak>
    <ei-ms-peak>
      <ei-ms-id>1070</ei-ms-id>
      <id>115971</id>
      <intensity>1.0</intensity>
      <mass-charge>325.0</mass-charge>
    </ei-ms-peak>
    <ei-ms-peak>
      <ei-ms-id>1070</ei-ms-id>
      <id>115972</id>
      <intensity>2.0</intensity>
      <mass-charge>341.0</mass-charge>
    </ei-ms-peak>
    <ei-ms-peak>
      <ei-ms-id>1070</ei-ms-id>
      <id>115973</id>
      <intensity>12.0</intensity>
      <mass-charge>345.0</mass-charge>
    </ei-ms-peak>
    <ei-ms-peak>
      <ei-ms-id>1070</ei-ms-id>
      <id>115974</id>
      <intensity>8.0</intensity>
      <mass-charge>356.0</mass-charge>
    </ei-ms-peak>
    <ei-ms-peak>
      <ei-ms-id>1070</ei-ms-id>
      <id>115975</id>
      <intensity>14.0</intensity>
      <mass-charge>374.0</mass-charge>
    </ei-ms-peak>
    <ei-ms-peak>
      <ei-ms-id>1070</ei-ms-id>
      <id>115976</id>
      <intensity>131.0</intensity>
      <mass-charge>377.0</mass-charge>
    </ei-ms-peak>
    <ei-ms-peak>
      <ei-ms-id>1070</ei-ms-id>
      <id>115977</id>
      <intensity>55.0</intensity>
      <mass-charge>378.0</mass-charge>
    </ei-ms-peak>
    <ei-ms-peak>
      <ei-ms-id>1070</ei-ms-id>
      <id>115978</id>
      <intensity>99.0</intensity>
      <mass-charge>379.0</mass-charge>
    </ei-ms-peak>
    <ei-ms-peak>
      <ei-ms-id>1070</ei-ms-id>
      <id>115979</id>
      <intensity>22.0</intensity>
      <mass-charge>380.0</mass-charge>
    </ei-ms-peak>
    <ei-ms-peak>
      <ei-ms-id>1070</ei-ms-id>
      <id>115980</id>
      <intensity>41.0</intensity>
      <mass-charge>407.0</mass-charge>
    </ei-ms-peak>
    <ei-ms-peak>
      <ei-ms-id>1070</ei-ms-id>
      <id>115981</id>
      <intensity>11.0</intensity>
      <mass-charge>408.0</mass-charge>
    </ei-ms-peak>
    <ei-ms-peak>
      <ei-ms-id>1070</ei-ms-id>
      <id>115982</id>
      <intensity>30.0</intensity>
      <mass-charge>423.0</mass-charge>
    </ei-ms-peak>
    <ei-ms-peak>
      <ei-ms-id>1070</ei-ms-id>
      <id>115983</id>
      <intensity>10.0</intensity>
      <mass-charge>424.0</mass-charge>
    </ei-ms-peak>
    <ei-ms-peak>
      <ei-ms-id>1070</ei-ms-id>
      <id>115984</id>
      <intensity>8.0</intensity>
      <mass-charge>425.0</mass-charge>
    </ei-ms-peak>
    <ei-ms-peak>
      <ei-ms-id>1070</ei-ms-id>
      <id>115985</id>
      <intensity>15.0</intensity>
      <mass-charge>427.0</mass-charge>
    </ei-ms-peak>
    <ei-ms-peak>
      <ei-ms-id>1070</ei-ms-id>
      <id>115986</id>
      <intensity>58.0</intensity>
      <mass-charge>451.0</mass-charge>
    </ei-ms-peak>
    <ei-ms-peak>
      <ei-ms-id>1070</ei-ms-id>
      <id>115987</id>
      <intensity>200.0</intensity>
      <mass-charge>452.0</mass-charge>
    </ei-ms-peak>
    <ei-ms-peak>
      <ei-ms-id>1070</ei-ms-id>
      <id>115988</id>
      <intensity>57.0</intensity>
      <mass-charge>453.0</mass-charge>
    </ei-ms-peak>
  </ei-ms-peaks>
</ei-ms>
