<?xml version="1.0" encoding="UTF-8"?>
<ei-ms>
  <collection-date nil="true"/>
  <created-at>2014-09-20T16:39:55Z</created-at>
  <database-id>HMDB01934</database-id>
  <id>933</id>
  <inchi-key>SNICXCGAKADSCV-JTQLQIEISA-N</inchi-key>
  <instrument-type nil="true"/>
  <molecule-id nil="true"/>
  <notes nil="true"/>
  <peak-counter>101</peak-counter>
  <sample-assessment nil="true"/>
  <sample-concentration nil="true"/>
  <sample-concentration-units nil="true"/>
  <sample-mass nil="true"/>
  <sample-mass-units nil="true"/>
  <sample-source nil="true"/>
  <solvent nil="true"/>
  <spectra-assessment nil="true"/>
  <updated-at>2014-09-20T16:39:55Z</updated-at>
  <references>
    <reference>
      <database>NIST</database>
      <database-id>54-11-5</database-id>
      <id>15805</id>
      <pubmed-id nil="true"/>
      <ref-text>NIST Mass Spec Data Center, S.E. Stein, director, "Mass Spectra" in NIST Chemistry WebBook, NIST Standard Reference Database Number 69, Eds. P.J. Linstrom and W.G. Mallard, National Institute of Standards and Technology, Gaithersburg MD, 20899, http://webbook.nist.gov, (retrieved September 6, 2014).</ref-text>
      <spectra-id>933</spectra-id>
      <spectra-type>EiMs</spectra-type>
    </reference>
  </references>
  <ei-ms-peaks>
    <ei-ms-peak>
      <ei-ms-id>933</ei-ms-id>
      <id>100977</id>
      <intensity>199.0</intensity>
      <mass-charge>15.0</mass-charge>
    </ei-ms-peak>
    <ei-ms-peak>
      <ei-ms-id>933</ei-ms-id>
      <id>100978</id>
      <intensity>40.0</intensity>
      <mass-charge>17.0</mass-charge>
    </ei-ms-peak>
    <ei-ms-peak>
      <ei-ms-id>933</ei-ms-id>
      <id>100979</id>
      <intensity>219.0</intensity>
      <mass-charge>18.0</mass-charge>
    </ei-ms-peak>
    <ei-ms-peak>
      <ei-ms-id>933</ei-ms-id>
      <id>100980</id>
      <intensity>40.0</intensity>
      <mass-charge>26.0</mass-charge>
    </ei-ms-peak>
    <ei-ms-peak>
      <ei-ms-id>933</ei-ms-id>
      <id>100981</id>
      <intensity>169.0</intensity>
      <mass-charge>27.0</mass-charge>
    </ei-ms-peak>
    <ei-ms-peak>
      <ei-ms-id>933</ei-ms-id>
      <id>100982</id>
      <intensity>179.0</intensity>
      <mass-charge>28.0</mass-charge>
    </ei-ms-peak>
    <ei-ms-peak>
      <ei-ms-id>933</ei-ms-id>
      <id>100983</id>
      <intensity>50.0</intensity>
      <mass-charge>29.0</mass-charge>
    </ei-ms-peak>
    <ei-ms-peak>
      <ei-ms-id>933</ei-ms-id>
      <id>100984</id>
      <intensity>80.0</intensity>
      <mass-charge>30.0</mass-charge>
    </ei-ms-peak>
    <ei-ms-peak>
      <ei-ms-id>933</ei-ms-id>
      <id>100985</id>
      <intensity>10.0</intensity>
      <mass-charge>32.0</mass-charge>
    </ei-ms-peak>
    <ei-ms-peak>
      <ei-ms-id>933</ei-ms-id>
      <id>100986</id>
      <intensity>20.0</intensity>
      <mass-charge>37.0</mass-charge>
    </ei-ms-peak>
    <ei-ms-peak>
      <ei-ms-id>933</ei-ms-id>
      <id>100987</id>
      <intensity>80.0</intensity>
      <mass-charge>38.0</mass-charge>
    </ei-ms-peak>
    <ei-ms-peak>
      <ei-ms-id>933</ei-ms-id>
      <id>100988</id>
      <intensity>359.0</intensity>
      <mass-charge>39.0</mass-charge>
    </ei-ms-peak>
    <ei-ms-peak>
      <ei-ms-id>933</ei-ms-id>
      <id>100989</id>
      <intensity>50.0</intensity>
      <mass-charge>40.0</mass-charge>
    </ei-ms-peak>
    <ei-ms-peak>
      <ei-ms-id>933</ei-ms-id>
      <id>100990</id>
      <intensity>229.0</intensity>
      <mass-charge>41.0</mass-charge>
    </ei-ms-peak>
    <ei-ms-peak>
      <ei-ms-id>933</ei-ms-id>
      <id>100991</id>
      <intensity>1219.0</intensity>
      <mass-charge>42.0</mass-charge>
    </ei-ms-peak>
    <ei-ms-peak>
      <ei-ms-id>933</ei-ms-id>
      <id>100992</id>
      <intensity>80.0</intensity>
      <mass-charge>43.0</mass-charge>
    </ei-ms-peak>
    <ei-ms-peak>
      <ei-ms-id>933</ei-ms-id>
      <id>100993</id>
      <intensity>169.0</intensity>
      <mass-charge>44.0</mass-charge>
    </ei-ms-peak>
    <ei-ms-peak>
      <ei-ms-id>933</ei-ms-id>
      <id>100994</id>
      <intensity>10.0</intensity>
      <mass-charge>46.0</mass-charge>
    </ei-ms-peak>
    <ei-ms-peak>
      <ei-ms-id>933</ei-ms-id>
      <id>100995</id>
      <intensity>10.0</intensity>
      <mass-charge>49.0</mass-charge>
    </ei-ms-peak>
    <ei-ms-peak>
      <ei-ms-id>933</ei-ms-id>
      <id>100996</id>
      <intensity>119.0</intensity>
      <mass-charge>50.0</mass-charge>
    </ei-ms-peak>
    <ei-ms-peak>
      <ei-ms-id>933</ei-ms-id>
      <id>100997</id>
      <intensity>339.0</intensity>
      <mass-charge>51.0</mass-charge>
    </ei-ms-peak>
    <ei-ms-peak>
      <ei-ms-id>933</ei-ms-id>
      <id>100998</id>
      <intensity>159.0</intensity>
      <mass-charge>52.0</mass-charge>
    </ei-ms-peak>
    <ei-ms-peak>
      <ei-ms-id>933</ei-ms-id>
      <id>100999</id>
      <intensity>80.0</intensity>
      <mass-charge>53.0</mass-charge>
    </ei-ms-peak>
    <ei-ms-peak>
      <ei-ms-id>933</ei-ms-id>
      <id>101000</id>
      <intensity>129.0</intensity>
      <mass-charge>54.0</mass-charge>
    </ei-ms-peak>
    <ei-ms-peak>
      <ei-ms-id>933</ei-ms-id>
      <id>101001</id>
      <intensity>299.0</intensity>
      <mass-charge>55.0</mass-charge>
    </ei-ms-peak>
    <ei-ms-peak>
      <ei-ms-id>933</ei-ms-id>
      <id>101002</id>
      <intensity>60.0</intensity>
      <mass-charge>56.0</mass-charge>
    </ei-ms-peak>
    <ei-ms-peak>
      <ei-ms-id>933</ei-ms-id>
      <id>101003</id>
      <intensity>60.0</intensity>
      <mass-charge>57.0</mass-charge>
    </ei-ms-peak>
    <ei-ms-peak>
      <ei-ms-id>933</ei-ms-id>
      <id>101004</id>
      <intensity>30.0</intensity>
      <mass-charge>58.0</mass-charge>
    </ei-ms-peak>
    <ei-ms-peak>
      <ei-ms-id>933</ei-ms-id>
      <id>101005</id>
      <intensity>40.0</intensity>
      <mass-charge>59.0</mass-charge>
    </ei-ms-peak>
    <ei-ms-peak>
      <ei-ms-id>933</ei-ms-id>
      <id>101006</id>
      <intensity>10.0</intensity>
      <mass-charge>60.0</mass-charge>
    </ei-ms-peak>
    <ei-ms-peak>
      <ei-ms-id>933</ei-ms-id>
      <id>101007</id>
      <intensity>10.0</intensity>
      <mass-charge>61.0</mass-charge>
    </ei-ms-peak>
    <ei-ms-peak>
      <ei-ms-id>933</ei-ms-id>
      <id>101008</id>
      <intensity>50.0</intensity>
      <mass-charge>62.0</mass-charge>
    </ei-ms-peak>
    <ei-ms-peak>
      <ei-ms-id>933</ei-ms-id>
      <id>101009</id>
      <intensity>169.0</intensity>
      <mass-charge>63.0</mass-charge>
    </ei-ms-peak>
    <ei-ms-peak>
      <ei-ms-id>933</ei-ms-id>
      <id>101010</id>
      <intensity>80.0</intensity>
      <mass-charge>64.0</mass-charge>
    </ei-ms-peak>
    <ei-ms-peak>
      <ei-ms-id>933</ei-ms-id>
      <id>101011</id>
      <intensity>319.0</intensity>
      <mass-charge>65.0</mass-charge>
    </ei-ms-peak>
    <ei-ms-peak>
      <ei-ms-id>933</ei-ms-id>
      <id>101012</id>
      <intensity>80.0</intensity>
      <mass-charge>66.0</mass-charge>
    </ei-ms-peak>
    <ei-ms-peak>
      <ei-ms-id>933</ei-ms-id>
      <id>101013</id>
      <intensity>70.0</intensity>
      <mass-charge>67.0</mass-charge>
    </ei-ms-peak>
    <ei-ms-peak>
      <ei-ms-id>933</ei-ms-id>
      <id>101014</id>
      <intensity>60.0</intensity>
      <mass-charge>68.0</mass-charge>
    </ei-ms-peak>
    <ei-ms-peak>
      <ei-ms-id>933</ei-ms-id>
      <id>101015</id>
      <intensity>40.0</intensity>
      <mass-charge>69.0</mass-charge>
    </ei-ms-peak>
    <ei-ms-peak>
      <ei-ms-id>933</ei-ms-id>
      <id>101016</id>
      <intensity>30.0</intensity>
      <mass-charge>70.0</mass-charge>
    </ei-ms-peak>
    <ei-ms-peak>
      <ei-ms-id>933</ei-ms-id>
      <id>101017</id>
      <intensity>20.0</intensity>
      <mass-charge>73.0</mass-charge>
    </ei-ms-peak>
    <ei-ms-peak>
      <ei-ms-id>933</ei-ms-id>
      <id>101018</id>
      <intensity>20.0</intensity>
      <mass-charge>74.0</mass-charge>
    </ei-ms-peak>
    <ei-ms-peak>
      <ei-ms-id>933</ei-ms-id>
      <id>101019</id>
      <intensity>30.0</intensity>
      <mass-charge>75.0</mass-charge>
    </ei-ms-peak>
    <ei-ms-peak>
      <ei-ms-id>933</ei-ms-id>
      <id>101020</id>
      <intensity>40.0</intensity>
      <mass-charge>76.0</mass-charge>
    </ei-ms-peak>
    <ei-ms-peak>
      <ei-ms-id>933</ei-ms-id>
      <id>101021</id>
      <intensity>159.0</intensity>
      <mass-charge>77.0</mass-charge>
    </ei-ms-peak>
    <ei-ms-peak>
      <ei-ms-id>933</ei-ms-id>
      <id>101022</id>
      <intensity>269.0</intensity>
      <mass-charge>78.0</mass-charge>
    </ei-ms-peak>
    <ei-ms-peak>
      <ei-ms-id>933</ei-ms-id>
      <id>101023</id>
      <intensity>119.0</intensity>
      <mass-charge>79.0</mass-charge>
    </ei-ms-peak>
    <ei-ms-peak>
      <ei-ms-id>933</ei-ms-id>
      <id>101024</id>
      <intensity>109.0</intensity>
      <mass-charge>80.0</mass-charge>
    </ei-ms-peak>
    <ei-ms-peak>
      <ei-ms-id>933</ei-ms-id>
      <id>101025</id>
      <intensity>80.0</intensity>
      <mass-charge>81.0</mass-charge>
    </ei-ms-peak>
    <ei-ms-peak>
      <ei-ms-id>933</ei-ms-id>
      <id>101026</id>
      <intensity>299.0</intensity>
      <mass-charge>82.0</mass-charge>
    </ei-ms-peak>
    <ei-ms-peak>
      <ei-ms-id>933</ei-ms-id>
      <id>101027</id>
      <intensity>80.0</intensity>
      <mass-charge>83.0</mass-charge>
    </ei-ms-peak>
    <ei-ms-peak>
      <ei-ms-id>933</ei-ms-id>
      <id>101028</id>
      <intensity>9999.0</intensity>
      <mass-charge>84.0</mass-charge>
    </ei-ms-peak>
    <ei-ms-peak>
      <ei-ms-id>933</ei-ms-id>
      <id>101029</id>
      <intensity>619.0</intensity>
      <mass-charge>85.0</mass-charge>
    </ei-ms-peak>
    <ei-ms-peak>
      <ei-ms-id>933</ei-ms-id>
      <id>101030</id>
      <intensity>10.0</intensity>
      <mass-charge>86.0</mass-charge>
    </ei-ms-peak>
    <ei-ms-peak>
      <ei-ms-id>933</ei-ms-id>
      <id>101031</id>
      <intensity>10.0</intensity>
      <mass-charge>88.0</mass-charge>
    </ei-ms-peak>
    <ei-ms-peak>
      <ei-ms-id>933</ei-ms-id>
      <id>101032</id>
      <intensity>40.0</intensity>
      <mass-charge>89.0</mass-charge>
    </ei-ms-peak>
    <ei-ms-peak>
      <ei-ms-id>933</ei-ms-id>
      <id>101033</id>
      <intensity>60.0</intensity>
      <mass-charge>90.0</mass-charge>
    </ei-ms-peak>
    <ei-ms-peak>
      <ei-ms-id>933</ei-ms-id>
      <id>101034</id>
      <intensity>149.0</intensity>
      <mass-charge>91.0</mass-charge>
    </ei-ms-peak>
    <ei-ms-peak>
      <ei-ms-id>933</ei-ms-id>
      <id>101035</id>
      <intensity>429.0</intensity>
      <mass-charge>92.0</mass-charge>
    </ei-ms-peak>
    <ei-ms-peak>
      <ei-ms-id>933</ei-ms-id>
      <id>101036</id>
      <intensity>129.0</intensity>
      <mass-charge>93.0</mass-charge>
    </ei-ms-peak>
    <ei-ms-peak>
      <ei-ms-id>933</ei-ms-id>
      <id>101037</id>
      <intensity>30.0</intensity>
      <mass-charge>94.0</mass-charge>
    </ei-ms-peak>
    <ei-ms-peak>
      <ei-ms-id>933</ei-ms-id>
      <id>101038</id>
      <intensity>20.0</intensity>
      <mass-charge>98.0</mass-charge>
    </ei-ms-peak>
    <ei-ms-peak>
      <ei-ms-id>933</ei-ms-id>
      <id>101039</id>
      <intensity>10.0</intensity>
      <mass-charge>102.0</mass-charge>
    </ei-ms-peak>
    <ei-ms-peak>
      <ei-ms-id>933</ei-ms-id>
      <id>101040</id>
      <intensity>40.0</intensity>
      <mass-charge>103.0</mass-charge>
    </ei-ms-peak>
    <ei-ms-peak>
      <ei-ms-id>933</ei-ms-id>
      <id>101041</id>
      <intensity>129.0</intensity>
      <mass-charge>104.0</mass-charge>
    </ei-ms-peak>
    <ei-ms-peak>
      <ei-ms-id>933</ei-ms-id>
      <id>101042</id>
      <intensity>209.0</intensity>
      <mass-charge>105.0</mass-charge>
    </ei-ms-peak>
    <ei-ms-peak>
      <ei-ms-id>933</ei-ms-id>
      <id>101043</id>
      <intensity>139.0</intensity>
      <mass-charge>106.0</mass-charge>
    </ei-ms-peak>
    <ei-ms-peak>
      <ei-ms-id>933</ei-ms-id>
      <id>101044</id>
      <intensity>90.0</intensity>
      <mass-charge>107.0</mass-charge>
    </ei-ms-peak>
    <ei-ms-peak>
      <ei-ms-id>933</ei-ms-id>
      <id>101045</id>
      <intensity>10.0</intensity>
      <mass-charge>108.0</mass-charge>
    </ei-ms-peak>
    <ei-ms-peak>
      <ei-ms-id>933</ei-ms-id>
      <id>101046</id>
      <intensity>10.0</intensity>
      <mass-charge>115.0</mass-charge>
    </ei-ms-peak>
    <ei-ms-peak>
      <ei-ms-id>933</ei-ms-id>
      <id>101047</id>
      <intensity>30.0</intensity>
      <mass-charge>116.0</mass-charge>
    </ei-ms-peak>
    <ei-ms-peak>
      <ei-ms-id>933</ei-ms-id>
      <id>101048</id>
      <intensity>219.0</intensity>
      <mass-charge>117.0</mass-charge>
    </ei-ms-peak>
    <ei-ms-peak>
      <ei-ms-id>933</ei-ms-id>
      <id>101049</id>
      <intensity>379.0</intensity>
      <mass-charge>118.0</mass-charge>
    </ei-ms-peak>
    <ei-ms-peak>
      <ei-ms-id>933</ei-ms-id>
      <id>101050</id>
      <intensity>639.0</intensity>
      <mass-charge>119.0</mass-charge>
    </ei-ms-peak>
    <ei-ms-peak>
      <ei-ms-id>933</ei-ms-id>
      <id>101051</id>
      <intensity>199.0</intensity>
      <mass-charge>120.0</mass-charge>
    </ei-ms-peak>
    <ei-ms-peak>
      <ei-ms-id>933</ei-ms-id>
      <id>101052</id>
      <intensity>40.0</intensity>
      <mass-charge>121.0</mass-charge>
    </ei-ms-peak>
    <ei-ms-peak>
      <ei-ms-id>933</ei-ms-id>
      <id>101053</id>
      <intensity>10.0</intensity>
      <mass-charge>128.0</mass-charge>
    </ei-ms-peak>
    <ei-ms-peak>
      <ei-ms-id>933</ei-ms-id>
      <id>101054</id>
      <intensity>10.0</intensity>
      <mass-charge>129.0</mass-charge>
    </ei-ms-peak>
    <ei-ms-peak>
      <ei-ms-id>933</ei-ms-id>
      <id>101055</id>
      <intensity>289.0</intensity>
      <mass-charge>130.0</mass-charge>
    </ei-ms-peak>
    <ei-ms-peak>
      <ei-ms-id>933</ei-ms-id>
      <id>101056</id>
      <intensity>99.0</intensity>
      <mass-charge>131.0</mass-charge>
    </ei-ms-peak>
    <ei-ms-peak>
      <ei-ms-id>933</ei-ms-id>
      <id>101057</id>
      <intensity>109.0</intensity>
      <mass-charge>132.0</mass-charge>
    </ei-ms-peak>
    <ei-ms-peak>
      <ei-ms-id>933</ei-ms-id>
      <id>101058</id>
      <intensity>2169.0</intensity>
      <mass-charge>133.0</mass-charge>
    </ei-ms-peak>
    <ei-ms-peak>
      <ei-ms-id>933</ei-ms-id>
      <id>101059</id>
      <intensity>329.0</intensity>
      <mass-charge>134.0</mass-charge>
    </ei-ms-peak>
    <ei-ms-peak>
      <ei-ms-id>933</ei-ms-id>
      <id>101060</id>
      <intensity>20.0</intensity>
      <mass-charge>135.0</mass-charge>
    </ei-ms-peak>
    <ei-ms-peak>
      <ei-ms-id>933</ei-ms-id>
      <id>101061</id>
      <intensity>10.0</intensity>
      <mass-charge>142.0</mass-charge>
    </ei-ms-peak>
    <ei-ms-peak>
      <ei-ms-id>933</ei-ms-id>
      <id>101062</id>
      <intensity>20.0</intensity>
      <mass-charge>143.0</mass-charge>
    </ei-ms-peak>
    <ei-ms-peak>
      <ei-ms-id>933</ei-ms-id>
      <id>101063</id>
      <intensity>40.0</intensity>
      <mass-charge>144.0</mass-charge>
    </ei-ms-peak>
    <ei-ms-peak>
      <ei-ms-id>933</ei-ms-id>
      <id>101064</id>
      <intensity>60.0</intensity>
      <mass-charge>145.0</mass-charge>
    </ei-ms-peak>
    <ei-ms-peak>
      <ei-ms-id>933</ei-ms-id>
      <id>101065</id>
      <intensity>30.0</intensity>
      <mass-charge>146.0</mass-charge>
    </ei-ms-peak>
    <ei-ms-peak>
      <ei-ms-id>933</ei-ms-id>
      <id>101066</id>
      <intensity>50.0</intensity>
      <mass-charge>147.0</mass-charge>
    </ei-ms-peak>
    <ei-ms-peak>
      <ei-ms-id>933</ei-ms-id>
      <id>101067</id>
      <intensity>10.0</intensity>
      <mass-charge>148.0</mass-charge>
    </ei-ms-peak>
    <ei-ms-peak>
      <ei-ms-id>933</ei-ms-id>
      <id>101068</id>
      <intensity>20.0</intensity>
      <mass-charge>155.0</mass-charge>
    </ei-ms-peak>
    <ei-ms-peak>
      <ei-ms-id>933</ei-ms-id>
      <id>101069</id>
      <intensity>40.0</intensity>
      <mass-charge>156.0</mass-charge>
    </ei-ms-peak>
    <ei-ms-peak>
      <ei-ms-id>933</ei-ms-id>
      <id>101070</id>
      <intensity>70.0</intensity>
      <mass-charge>157.0</mass-charge>
    </ei-ms-peak>
    <ei-ms-peak>
      <ei-ms-id>933</ei-ms-id>
      <id>101071</id>
      <intensity>159.0</intensity>
      <mass-charge>158.0</mass-charge>
    </ei-ms-peak>
    <ei-ms-peak>
      <ei-ms-id>933</ei-ms-id>
      <id>101072</id>
      <intensity>149.0</intensity>
      <mass-charge>159.0</mass-charge>
    </ei-ms-peak>
    <ei-ms-peak>
      <ei-ms-id>933</ei-ms-id>
      <id>101073</id>
      <intensity>109.0</intensity>
      <mass-charge>160.0</mass-charge>
    </ei-ms-peak>
    <ei-ms-peak>
      <ei-ms-id>933</ei-ms-id>
      <id>101074</id>
      <intensity>1459.0</intensity>
      <mass-charge>161.0</mass-charge>
    </ei-ms-peak>
    <ei-ms-peak>
      <ei-ms-id>933</ei-ms-id>
      <id>101075</id>
      <intensity>1769.0</intensity>
      <mass-charge>162.0</mass-charge>
    </ei-ms-peak>
    <ei-ms-peak>
      <ei-ms-id>933</ei-ms-id>
      <id>101076</id>
      <intensity>199.0</intensity>
      <mass-charge>163.0</mass-charge>
    </ei-ms-peak>
    <ei-ms-peak>
      <ei-ms-id>933</ei-ms-id>
      <id>101077</id>
      <intensity>10.0</intensity>
      <mass-charge>164.0</mass-charge>
    </ei-ms-peak>
  </ei-ms-peaks>
</ei-ms>
