<?xml version="1.0" encoding="UTF-8"?>
<ei-ms>
  <collection-date nil="true"/>
  <created-at>2014-09-20T16:27:14Z</created-at>
  <database-id>HMDB41830</database-id>
  <id>401</id>
  <inchi-key>MXWJVTOOROXGIU-UHFFFAOYSA-N</inchi-key>
  <instrument-type nil="true"/>
  <molecule-id nil="true"/>
  <notes nil="true"/>
  <peak-counter>111</peak-counter>
  <sample-assessment nil="true"/>
  <sample-concentration nil="true"/>
  <sample-concentration-units nil="true"/>
  <sample-mass nil="true"/>
  <sample-mass-units nil="true"/>
  <sample-source nil="true"/>
  <solvent nil="true"/>
  <spectra-assessment nil="true"/>
  <updated-at>2014-09-20T16:27:14Z</updated-at>
  <references>
    <reference>
      <database>NIST</database>
      <database-id>1912-24-9</database-id>
      <id>15273</id>
      <pubmed-id nil="true"/>
      <ref-text>NIST Mass Spec Data Center, S.E. Stein, director, "Mass Spectra" in NIST Chemistry WebBook, NIST Standard Reference Database Number 69, Eds. P.J. Linstrom and W.G. Mallard, National Institute of Standards and Technology, Gaithersburg MD, 20899, http://webbook.nist.gov, (retrieved September 6, 2014).</ref-text>
      <spectra-id>401</spectra-id>
      <spectra-type>EiMs</spectra-type>
    </reference>
  </references>
  <ei-ms-peaks>
    <ei-ms-peak>
      <ei-ms-id>401</ei-ms-id>
      <id>44874</id>
      <intensity>741.0</intensity>
      <mass-charge>27.0</mass-charge>
    </ei-ms-peak>
    <ei-ms-peak>
      <ei-ms-id>401</ei-ms-id>
      <id>44875</id>
      <intensity>197.0</intensity>
      <mass-charge>28.0</mass-charge>
    </ei-ms-peak>
    <ei-ms-peak>
      <ei-ms-id>401</ei-ms-id>
      <id>44876</id>
      <intensity>676.0</intensity>
      <mass-charge>29.0</mass-charge>
    </ei-ms-peak>
    <ei-ms-peak>
      <ei-ms-id>401</ei-ms-id>
      <id>44877</id>
      <intensity>232.0</intensity>
      <mass-charge>30.0</mass-charge>
    </ei-ms-peak>
    <ei-ms-peak>
      <ei-ms-id>401</ei-ms-id>
      <id>44878</id>
      <intensity>261.0</intensity>
      <mass-charge>39.0</mass-charge>
    </ei-ms-peak>
    <ei-ms-peak>
      <ei-ms-id>401</ei-ms-id>
      <id>44879</id>
      <intensity>107.0</intensity>
      <mass-charge>40.0</mass-charge>
    </ei-ms-peak>
    <ei-ms-peak>
      <ei-ms-id>401</ei-ms-id>
      <id>44880</id>
      <intensity>877.0</intensity>
      <mass-charge>41.0</mass-charge>
    </ei-ms-peak>
    <ei-ms-peak>
      <ei-ms-id>401</ei-ms-id>
      <id>44881</id>
      <intensity>924.0</intensity>
      <mass-charge>42.0</mass-charge>
    </ei-ms-peak>
    <ei-ms-peak>
      <ei-ms-id>401</ei-ms-id>
      <id>44882</id>
      <intensity>2185.0</intensity>
      <mass-charge>43.0</mass-charge>
    </ei-ms-peak>
    <ei-ms-peak>
      <ei-ms-id>401</ei-ms-id>
      <id>44883</id>
      <intensity>1754.0</intensity>
      <mass-charge>44.0</mass-charge>
    </ei-ms-peak>
    <ei-ms-peak>
      <ei-ms-id>401</ei-ms-id>
      <id>44884</id>
      <intensity>222.0</intensity>
      <mass-charge>53.0</mass-charge>
    </ei-ms-peak>
    <ei-ms-peak>
      <ei-ms-id>401</ei-ms-id>
      <id>44885</id>
      <intensity>123.0</intensity>
      <mass-charge>54.0</mass-charge>
    </ei-ms-peak>
    <ei-ms-peak>
      <ei-ms-id>401</ei-ms-id>
      <id>44886</id>
      <intensity>475.0</intensity>
      <mass-charge>55.0</mass-charge>
    </ei-ms-peak>
    <ei-ms-peak>
      <ei-ms-id>401</ei-ms-id>
      <id>44887</id>
      <intensity>165.0</intensity>
      <mass-charge>56.0</mass-charge>
    </ei-ms-peak>
    <ei-ms-peak>
      <ei-ms-id>401</ei-ms-id>
      <id>44888</id>
      <intensity>319.0</intensity>
      <mass-charge>57.0</mass-charge>
    </ei-ms-peak>
    <ei-ms-peak>
      <ei-ms-id>401</ei-ms-id>
      <id>44889</id>
      <intensity>3781.0</intensity>
      <mass-charge>58.0</mass-charge>
    </ei-ms-peak>
    <ei-ms-peak>
      <ei-ms-id>401</ei-ms-id>
      <id>44890</id>
      <intensity>180.0</intensity>
      <mass-charge>59.0</mass-charge>
    </ei-ms-peak>
    <ei-ms-peak>
      <ei-ms-id>401</ei-ms-id>
      <id>44891</id>
      <intensity>392.0</intensity>
      <mass-charge>62.0</mass-charge>
    </ei-ms-peak>
    <ei-ms-peak>
      <ei-ms-id>401</ei-ms-id>
      <id>44892</id>
      <intensity>129.0</intensity>
      <mass-charge>64.0</mass-charge>
    </ei-ms-peak>
    <ei-ms-peak>
      <ei-ms-id>401</ei-ms-id>
      <id>44893</id>
      <intensity>218.0</intensity>
      <mass-charge>67.0</mass-charge>
    </ei-ms-peak>
    <ei-ms-peak>
      <ei-ms-id>401</ei-ms-id>
      <id>44894</id>
      <intensity>1946.0</intensity>
      <mass-charge>68.0</mass-charge>
    </ei-ms-peak>
    <ei-ms-peak>
      <ei-ms-id>401</ei-ms-id>
      <id>44895</id>
      <intensity>1569.0</intensity>
      <mass-charge>69.0</mass-charge>
    </ei-ms-peak>
    <ei-ms-peak>
      <ei-ms-id>401</ei-ms-id>
      <id>44896</id>
      <intensity>242.0</intensity>
      <mass-charge>70.0</mass-charge>
    </ei-ms-peak>
    <ei-ms-peak>
      <ei-ms-id>401</ei-ms-id>
      <id>44897</id>
      <intensity>1623.0</intensity>
      <mass-charge>71.0</mass-charge>
    </ei-ms-peak>
    <ei-ms-peak>
      <ei-ms-id>401</ei-ms-id>
      <id>44898</id>
      <intensity>88.0</intensity>
      <mass-charge>72.0</mass-charge>
    </ei-ms-peak>
    <ei-ms-peak>
      <ei-ms-id>401</ei-ms-id>
      <id>44899</id>
      <intensity>68.0</intensity>
      <mass-charge>76.0</mass-charge>
    </ei-ms-peak>
    <ei-ms-peak>
      <ei-ms-id>401</ei-ms-id>
      <id>44900</id>
      <intensity>74.0</intensity>
      <mass-charge>78.0</mass-charge>
    </ei-ms-peak>
    <ei-ms-peak>
      <ei-ms-id>401</ei-ms-id>
      <id>44901</id>
      <intensity>199.0</intensity>
      <mass-charge>79.0</mass-charge>
    </ei-ms-peak>
    <ei-ms-peak>
      <ei-ms-id>401</ei-ms-id>
      <id>44902</id>
      <intensity>86.0</intensity>
      <mass-charge>80.0</mass-charge>
    </ei-ms-peak>
    <ei-ms-peak>
      <ei-ms-id>401</ei-ms-id>
      <id>44903</id>
      <intensity>134.0</intensity>
      <mass-charge>81.0</mass-charge>
    </ei-ms-peak>
    <ei-ms-peak>
      <ei-ms-id>401</ei-ms-id>
      <id>44904</id>
      <intensity>92.0</intensity>
      <mass-charge>82.0</mass-charge>
    </ei-ms-peak>
    <ei-ms-peak>
      <ei-ms-id>401</ei-ms-id>
      <id>44905</id>
      <intensity>290.0</intensity>
      <mass-charge>83.0</mass-charge>
    </ei-ms-peak>
    <ei-ms-peak>
      <ei-ms-id>401</ei-ms-id>
      <id>44906</id>
      <intensity>65.0</intensity>
      <mass-charge>84.0</mass-charge>
    </ei-ms-peak>
    <ei-ms-peak>
      <ei-ms-id>401</ei-ms-id>
      <id>44907</id>
      <intensity>115.0</intensity>
      <mass-charge>85.0</mass-charge>
    </ei-ms-peak>
    <ei-ms-peak>
      <ei-ms-id>401</ei-ms-id>
      <id>44908</id>
      <intensity>347.0</intensity>
      <mass-charge>87.0</mass-charge>
    </ei-ms-peak>
    <ei-ms-peak>
      <ei-ms-id>401</ei-ms-id>
      <id>44909</id>
      <intensity>81.0</intensity>
      <mass-charge>88.0</mass-charge>
    </ei-ms-peak>
    <ei-ms-peak>
      <ei-ms-id>401</ei-ms-id>
      <id>44910</id>
      <intensity>118.0</intensity>
      <mass-charge>89.0</mass-charge>
    </ei-ms-peak>
    <ei-ms-peak>
      <ei-ms-id>401</ei-ms-id>
      <id>44911</id>
      <intensity>131.0</intensity>
      <mass-charge>90.0</mass-charge>
    </ei-ms-peak>
    <ei-ms-peak>
      <ei-ms-id>401</ei-ms-id>
      <id>44912</id>
      <intensity>486.0</intensity>
      <mass-charge>91.0</mass-charge>
    </ei-ms-peak>
    <ei-ms-peak>
      <ei-ms-id>401</ei-ms-id>
      <id>44913</id>
      <intensity>68.0</intensity>
      <mass-charge>92.0</mass-charge>
    </ei-ms-peak>
    <ei-ms-peak>
      <ei-ms-id>401</ei-ms-id>
      <id>44914</id>
      <intensity>607.0</intensity>
      <mass-charge>93.0</mass-charge>
    </ei-ms-peak>
    <ei-ms-peak>
      <ei-ms-id>401</ei-ms-id>
      <id>44915</id>
      <intensity>560.0</intensity>
      <mass-charge>94.0</mass-charge>
    </ei-ms-peak>
    <ei-ms-peak>
      <ei-ms-id>401</ei-ms-id>
      <id>44916</id>
      <intensity>239.0</intensity>
      <mass-charge>95.0</mass-charge>
    </ei-ms-peak>
    <ei-ms-peak>
      <ei-ms-id>401</ei-ms-id>
      <id>44917</id>
      <intensity>836.0</intensity>
      <mass-charge>96.0</mass-charge>
    </ei-ms-peak>
    <ei-ms-peak>
      <ei-ms-id>401</ei-ms-id>
      <id>44918</id>
      <intensity>213.0</intensity>
      <mass-charge>97.0</mass-charge>
    </ei-ms-peak>
    <ei-ms-peak>
      <ei-ms-id>401</ei-ms-id>
      <id>44919</id>
      <intensity>255.0</intensity>
      <mass-charge>100.0</mass-charge>
    </ei-ms-peak>
    <ei-ms-peak>
      <ei-ms-id>401</ei-ms-id>
      <id>44920</id>
      <intensity>99.0</intensity>
      <mass-charge>101.0</mass-charge>
    </ei-ms-peak>
    <ei-ms-peak>
      <ei-ms-id>401</ei-ms-id>
      <id>44921</id>
      <intensity>953.0</intensity>
      <mass-charge>104.0</mass-charge>
    </ei-ms-peak>
    <ei-ms-peak>
      <ei-ms-id>401</ei-ms-id>
      <id>44922</id>
      <intensity>681.0</intensity>
      <mass-charge>105.0</mass-charge>
    </ei-ms-peak>
    <ei-ms-peak>
      <ei-ms-id>401</ei-ms-id>
      <id>44923</id>
      <intensity>300.0</intensity>
      <mass-charge>106.0</mass-charge>
    </ei-ms-peak>
    <ei-ms-peak>
      <ei-ms-id>401</ei-ms-id>
      <id>44924</id>
      <intensity>217.0</intensity>
      <mass-charge>107.0</mass-charge>
    </ei-ms-peak>
    <ei-ms-peak>
      <ei-ms-id>401</ei-ms-id>
      <id>44925</id>
      <intensity>92.0</intensity>
      <mass-charge>108.0</mass-charge>
    </ei-ms-peak>
    <ei-ms-peak>
      <ei-ms-id>401</ei-ms-id>
      <id>44926</id>
      <intensity>86.0</intensity>
      <mass-charge>109.0</mass-charge>
    </ei-ms-peak>
    <ei-ms-peak>
      <ei-ms-id>401</ei-ms-id>
      <id>44927</id>
      <intensity>425.0</intensity>
      <mass-charge>110.0</mass-charge>
    </ei-ms-peak>
    <ei-ms-peak>
      <ei-ms-id>401</ei-ms-id>
      <id>44928</id>
      <intensity>83.0</intensity>
      <mass-charge>111.0</mass-charge>
    </ei-ms-peak>
    <ei-ms-peak>
      <ei-ms-id>401</ei-ms-id>
      <id>44929</id>
      <intensity>64.0</intensity>
      <mass-charge>116.0</mass-charge>
    </ei-ms-peak>
    <ei-ms-peak>
      <ei-ms-id>401</ei-ms-id>
      <id>44930</id>
      <intensity>120.0</intensity>
      <mass-charge>117.0</mass-charge>
    </ei-ms-peak>
    <ei-ms-peak>
      <ei-ms-id>401</ei-ms-id>
      <id>44931</id>
      <intensity>78.0</intensity>
      <mass-charge>119.0</mass-charge>
    </ei-ms-peak>
    <ei-ms-peak>
      <ei-ms-id>401</ei-ms-id>
      <id>44932</id>
      <intensity>115.0</intensity>
      <mass-charge>121.0</mass-charge>
    </ei-ms-peak>
    <ei-ms-peak>
      <ei-ms-id>401</ei-ms-id>
      <id>44933</id>
      <intensity>1110.0</intensity>
      <mass-charge>122.0</mass-charge>
    </ei-ms-peak>
    <ei-ms-peak>
      <ei-ms-id>401</ei-ms-id>
      <id>44934</id>
      <intensity>358.0</intensity>
      <mass-charge>123.0</mass-charge>
    </ei-ms-peak>
    <ei-ms-peak>
      <ei-ms-id>401</ei-ms-id>
      <id>44935</id>
      <intensity>271.0</intensity>
      <mass-charge>129.0</mass-charge>
    </ei-ms-peak>
    <ei-ms-peak>
      <ei-ms-id>401</ei-ms-id>
      <id>44936</id>
      <intensity>598.0</intensity>
      <mass-charge>130.0</mass-charge>
    </ei-ms-peak>
    <ei-ms-peak>
      <ei-ms-id>401</ei-ms-id>
      <id>44937</id>
      <intensity>287.0</intensity>
      <mass-charge>131.0</mass-charge>
    </ei-ms-peak>
    <ei-ms-peak>
      <ei-ms-id>401</ei-ms-id>
      <id>44938</id>
      <intensity>1358.0</intensity>
      <mass-charge>132.0</mass-charge>
    </ei-ms-peak>
    <ei-ms-peak>
      <ei-ms-id>401</ei-ms-id>
      <id>44939</id>
      <intensity>136.0</intensity>
      <mass-charge>133.0</mass-charge>
    </ei-ms-peak>
    <ei-ms-peak>
      <ei-ms-id>401</ei-ms-id>
      <id>44940</id>
      <intensity>411.0</intensity>
      <mass-charge>134.0</mass-charge>
    </ei-ms-peak>
    <ei-ms-peak>
      <ei-ms-id>401</ei-ms-id>
      <id>44941</id>
      <intensity>64.0</intensity>
      <mass-charge>135.0</mass-charge>
    </ei-ms-peak>
    <ei-ms-peak>
      <ei-ms-id>401</ei-ms-id>
      <id>44942</id>
      <intensity>226.0</intensity>
      <mass-charge>136.0</mass-charge>
    </ei-ms-peak>
    <ei-ms-peak>
      <ei-ms-id>401</ei-ms-id>
      <id>44943</id>
      <intensity>216.0</intensity>
      <mass-charge>137.0</mass-charge>
    </ei-ms-peak>
    <ei-ms-peak>
      <ei-ms-id>401</ei-ms-id>
      <id>44944</id>
      <intensity>1299.0</intensity>
      <mass-charge>138.0</mass-charge>
    </ei-ms-peak>
    <ei-ms-peak>
      <ei-ms-id>401</ei-ms-id>
      <id>44945</id>
      <intensity>116.0</intensity>
      <mass-charge>139.0</mass-charge>
    </ei-ms-peak>
    <ei-ms-peak>
      <ei-ms-id>401</ei-ms-id>
      <id>44946</id>
      <intensity>111.0</intensity>
      <mass-charge>143.0</mass-charge>
    </ei-ms-peak>
    <ei-ms-peak>
      <ei-ms-id>401</ei-ms-id>
      <id>44947</id>
      <intensity>857.0</intensity>
      <mass-charge>145.0</mass-charge>
    </ei-ms-peak>
    <ei-ms-peak>
      <ei-ms-id>401</ei-ms-id>
      <id>44948</id>
      <intensity>110.0</intensity>
      <mass-charge>146.0</mass-charge>
    </ei-ms-peak>
    <ei-ms-peak>
      <ei-ms-id>401</ei-ms-id>
      <id>44949</id>
      <intensity>255.0</intensity>
      <mass-charge>147.0</mass-charge>
    </ei-ms-peak>
    <ei-ms-peak>
      <ei-ms-id>401</ei-ms-id>
      <id>44950</id>
      <intensity>185.0</intensity>
      <mass-charge>152.0</mass-charge>
    </ei-ms-peak>
    <ei-ms-peak>
      <ei-ms-id>401</ei-ms-id>
      <id>44951</id>
      <intensity>73.0</intensity>
      <mass-charge>154.0</mass-charge>
    </ei-ms-peak>
    <ei-ms-peak>
      <ei-ms-id>401</ei-ms-id>
      <id>44952</id>
      <intensity>215.0</intensity>
      <mass-charge>156.0</mass-charge>
    </ei-ms-peak>
    <ei-ms-peak>
      <ei-ms-id>401</ei-ms-id>
      <id>44953</id>
      <intensity>1231.0</intensity>
      <mass-charge>158.0</mass-charge>
    </ei-ms-peak>
    <ei-ms-peak>
      <ei-ms-id>401</ei-ms-id>
      <id>44954</id>
      <intensity>229.0</intensity>
      <mass-charge>159.0</mass-charge>
    </ei-ms-peak>
    <ei-ms-peak>
      <ei-ms-id>401</ei-ms-id>
      <id>44955</id>
      <intensity>488.0</intensity>
      <mass-charge>160.0</mass-charge>
    </ei-ms-peak>
    <ei-ms-peak>
      <ei-ms-id>401</ei-ms-id>
      <id>44956</id>
      <intensity>67.0</intensity>
      <mass-charge>161.0</mass-charge>
    </ei-ms-peak>
    <ei-ms-peak>
      <ei-ms-id>401</ei-ms-id>
      <id>44957</id>
      <intensity>191.0</intensity>
      <mass-charge>164.0</mass-charge>
    </ei-ms-peak>
    <ei-ms-peak>
      <ei-ms-id>401</ei-ms-id>
      <id>44958</id>
      <intensity>59.0</intensity>
      <mass-charge>165.0</mass-charge>
    </ei-ms-peak>
    <ei-ms-peak>
      <ei-ms-id>401</ei-ms-id>
      <id>44959</id>
      <intensity>58.0</intensity>
      <mass-charge>170.0</mass-charge>
    </ei-ms-peak>
    <ei-ms-peak>
      <ei-ms-id>401</ei-ms-id>
      <id>44960</id>
      <intensity>73.0</intensity>
      <mass-charge>171.0</mass-charge>
    </ei-ms-peak>
    <ei-ms-peak>
      <ei-ms-id>401</ei-ms-id>
      <id>44961</id>
      <intensity>1484.0</intensity>
      <mass-charge>172.0</mass-charge>
    </ei-ms-peak>
    <ei-ms-peak>
      <ei-ms-id>401</ei-ms-id>
      <id>44962</id>
      <intensity>3531.0</intensity>
      <mass-charge>173.0</mass-charge>
    </ei-ms-peak>
    <ei-ms-peak>
      <ei-ms-id>401</ei-ms-id>
      <id>44963</id>
      <intensity>786.0</intensity>
      <mass-charge>174.0</mass-charge>
    </ei-ms-peak>
    <ei-ms-peak>
      <ei-ms-id>401</ei-ms-id>
      <id>44964</id>
      <intensity>1075.0</intensity>
      <mass-charge>175.0</mass-charge>
    </ei-ms-peak>
    <ei-ms-peak>
      <ei-ms-id>401</ei-ms-id>
      <id>44965</id>
      <intensity>109.0</intensity>
      <mass-charge>176.0</mass-charge>
    </ei-ms-peak>
    <ei-ms-peak>
      <ei-ms-id>401</ei-ms-id>
      <id>44966</id>
      <intensity>52.0</intensity>
      <mass-charge>178.0</mass-charge>
    </ei-ms-peak>
    <ei-ms-peak>
      <ei-ms-id>401</ei-ms-id>
      <id>44967</id>
      <intensity>60.0</intensity>
      <mass-charge>179.0</mass-charge>
    </ei-ms-peak>
    <ei-ms-peak>
      <ei-ms-id>401</ei-ms-id>
      <id>44968</id>
      <intensity>200.0</intensity>
      <mass-charge>180.0</mass-charge>
    </ei-ms-peak>
    <ei-ms-peak>
      <ei-ms-id>401</ei-ms-id>
      <id>44969</id>
      <intensity>126.0</intensity>
      <mass-charge>184.0</mass-charge>
    </ei-ms-peak>
    <ei-ms-peak>
      <ei-ms-id>401</ei-ms-id>
      <id>44970</id>
      <intensity>221.0</intensity>
      <mass-charge>186.0</mass-charge>
    </ei-ms-peak>
    <ei-ms-peak>
      <ei-ms-id>401</ei-ms-id>
      <id>44971</id>
      <intensity>462.0</intensity>
      <mass-charge>187.0</mass-charge>
    </ei-ms-peak>
    <ei-ms-peak>
      <ei-ms-id>401</ei-ms-id>
      <id>44972</id>
      <intensity>102.0</intensity>
      <mass-charge>188.0</mass-charge>
    </ei-ms-peak>
    <ei-ms-peak>
      <ei-ms-id>401</ei-ms-id>
      <id>44973</id>
      <intensity>153.0</intensity>
      <mass-charge>189.0</mass-charge>
    </ei-ms-peak>
    <ei-ms-peak>
      <ei-ms-id>401</ei-ms-id>
      <id>44974</id>
      <intensity>196.0</intensity>
      <mass-charge>198.0</mass-charge>
    </ei-ms-peak>
    <ei-ms-peak>
      <ei-ms-id>401</ei-ms-id>
      <id>44975</id>
      <intensity>72.0</intensity>
      <mass-charge>199.0</mass-charge>
    </ei-ms-peak>
    <ei-ms-peak>
      <ei-ms-id>401</ei-ms-id>
      <id>44976</id>
      <intensity>9999.0</intensity>
      <mass-charge>200.0</mass-charge>
    </ei-ms-peak>
    <ei-ms-peak>
      <ei-ms-id>401</ei-ms-id>
      <id>44977</id>
      <intensity>1142.0</intensity>
      <mass-charge>201.0</mass-charge>
    </ei-ms-peak>
    <ei-ms-peak>
      <ei-ms-id>401</ei-ms-id>
      <id>44978</id>
      <intensity>3362.0</intensity>
      <mass-charge>202.0</mass-charge>
    </ei-ms-peak>
    <ei-ms-peak>
      <ei-ms-id>401</ei-ms-id>
      <id>44979</id>
      <intensity>381.0</intensity>
      <mass-charge>203.0</mass-charge>
    </ei-ms-peak>
    <ei-ms-peak>
      <ei-ms-id>401</ei-ms-id>
      <id>44980</id>
      <intensity>713.0</intensity>
      <mass-charge>214.0</mass-charge>
    </ei-ms-peak>
    <ei-ms-peak>
      <ei-ms-id>401</ei-ms-id>
      <id>44981</id>
      <intensity>6157.0</intensity>
      <mass-charge>215.0</mass-charge>
    </ei-ms-peak>
    <ei-ms-peak>
      <ei-ms-id>401</ei-ms-id>
      <id>44982</id>
      <intensity>1100.0</intensity>
      <mass-charge>216.0</mass-charge>
    </ei-ms-peak>
    <ei-ms-peak>
      <ei-ms-id>401</ei-ms-id>
      <id>44983</id>
      <intensity>2131.0</intensity>
      <mass-charge>217.0</mass-charge>
    </ei-ms-peak>
    <ei-ms-peak>
      <ei-ms-id>401</ei-ms-id>
      <id>44984</id>
      <intensity>269.0</intensity>
      <mass-charge>218.0</mass-charge>
    </ei-ms-peak>
  </ei-ms-peaks>
</ei-ms>
