<?xml version="1.0" encoding="UTF-8"?>
<ei-ms>
  <collection-date nil="true"/>
  <created-at>2014-09-20T16:24:45Z</created-at>
  <database-id>HMDB31418</database-id>
  <id>296</id>
  <inchi-key>KUMXLFIBWFCMOJ-UHFFFAOYSA-N</inchi-key>
  <instrument-type nil="true"/>
  <molecule-id nil="true"/>
  <notes nil="true"/>
  <peak-counter>34</peak-counter>
  <sample-assessment nil="true"/>
  <sample-concentration nil="true"/>
  <sample-concentration-units nil="true"/>
  <sample-mass nil="true"/>
  <sample-mass-units nil="true"/>
  <sample-source nil="true"/>
  <solvent nil="true"/>
  <spectra-assessment nil="true"/>
  <updated-at>2014-09-20T16:24:45Z</updated-at>
  <references>
    <reference>
      <database>NIST</database>
      <database-id>563-16-6</database-id>
      <id>15168</id>
      <pubmed-id nil="true"/>
      <ref-text>NIST Mass Spec Data Center, S.E. Stein, director, "Mass Spectra" in NIST Chemistry WebBook, NIST Standard Reference Database Number 69, Eds. P.J. Linstrom and W.G. Mallard, National Institute of Standards and Technology, Gaithersburg MD, 20899, http://webbook.nist.gov, (retrieved September 6, 2014).</ref-text>
      <spectra-id>296</spectra-id>
      <spectra-type>EiMs</spectra-type>
    </reference>
  </references>
  <ei-ms-peaks>
    <ei-ms-peak>
      <ei-ms-id>296</ei-ms-id>
      <id>33519</id>
      <intensity>136.0</intensity>
      <mass-charge>15.0</mass-charge>
    </ei-ms-peak>
    <ei-ms-peak>
      <ei-ms-id>296</ei-ms-id>
      <id>33520</id>
      <intensity>1804.0</intensity>
      <mass-charge>27.0</mass-charge>
    </ei-ms-peak>
    <ei-ms-peak>
      <ei-ms-id>296</ei-ms-id>
      <id>33521</id>
      <intensity>659.0</intensity>
      <mass-charge>28.0</mass-charge>
    </ei-ms-peak>
    <ei-ms-peak>
      <ei-ms-id>296</ei-ms-id>
      <id>33522</id>
      <intensity>1804.0</intensity>
      <mass-charge>29.0</mass-charge>
    </ei-ms-peak>
    <ei-ms-peak>
      <ei-ms-id>296</ei-ms-id>
      <id>33523</id>
      <intensity>42.0</intensity>
      <mass-charge>30.0</mass-charge>
    </ei-ms-peak>
    <ei-ms-peak>
      <ei-ms-id>296</ei-ms-id>
      <id>33524</id>
      <intensity>1925.0</intensity>
      <mass-charge>39.0</mass-charge>
    </ei-ms-peak>
    <ei-ms-peak>
      <ei-ms-id>296</ei-ms-id>
      <id>33525</id>
      <intensity>395.0</intensity>
      <mass-charge>40.0</mass-charge>
    </ei-ms-peak>
    <ei-ms-peak>
      <ei-ms-id>296</ei-ms-id>
      <id>33526</id>
      <intensity>4435.0</intensity>
      <mass-charge>41.0</mass-charge>
    </ei-ms-peak>
    <ei-ms-peak>
      <ei-ms-id>296</ei-ms-id>
      <id>33527</id>
      <intensity>42.0</intensity>
      <mass-charge>42.0</mass-charge>
    </ei-ms-peak>
    <ei-ms-peak>
      <ei-ms-id>296</ei-ms-id>
      <id>33528</id>
      <intensity>9999.0</intensity>
      <mass-charge>43.0</mass-charge>
    </ei-ms-peak>
    <ei-ms-peak>
      <ei-ms-id>296</ei-ms-id>
      <id>33529</id>
      <intensity>425.0</intensity>
      <mass-charge>44.0</mass-charge>
    </ei-ms-peak>
    <ei-ms-peak>
      <ei-ms-id>296</ei-ms-id>
      <id>33530</id>
      <intensity>81.0</intensity>
      <mass-charge>50.0</mass-charge>
    </ei-ms-peak>
    <ei-ms-peak>
      <ei-ms-id>296</ei-ms-id>
      <id>33531</id>
      <intensity>174.0</intensity>
      <mass-charge>51.0</mass-charge>
    </ei-ms-peak>
    <ei-ms-peak>
      <ei-ms-id>296</ei-ms-id>
      <id>33532</id>
      <intensity>74.0</intensity>
      <mass-charge>52.0</mass-charge>
    </ei-ms-peak>
    <ei-ms-peak>
      <ei-ms-id>296</ei-ms-id>
      <id>33533</id>
      <intensity>514.0</intensity>
      <mass-charge>53.0</mass-charge>
    </ei-ms-peak>
    <ei-ms-peak>
      <ei-ms-id>296</ei-ms-id>
      <id>33534</id>
      <intensity>74.0</intensity>
      <mass-charge>54.0</mass-charge>
    </ei-ms-peak>
    <ei-ms-peak>
      <ei-ms-id>296</ei-ms-id>
      <id>33535</id>
      <intensity>1789.0</intensity>
      <mass-charge>55.0</mass-charge>
    </ei-ms-peak>
    <ei-ms-peak>
      <ei-ms-id>296</ei-ms-id>
      <id>33536</id>
      <intensity>1060.0</intensity>
      <mass-charge>56.0</mass-charge>
    </ei-ms-peak>
    <ei-ms-peak>
      <ei-ms-id>296</ei-ms-id>
      <id>33537</id>
      <intensity>6360.0</intensity>
      <mass-charge>57.0</mass-charge>
    </ei-ms-peak>
    <ei-ms-peak>
      <ei-ms-id>296</ei-ms-id>
      <id>33538</id>
      <intensity>277.0</intensity>
      <mass-charge>58.0</mass-charge>
    </ei-ms-peak>
    <ei-ms-peak>
      <ei-ms-id>296</ei-ms-id>
      <id>33539</id>
      <intensity>35.0</intensity>
      <mass-charge>63.0</mass-charge>
    </ei-ms-peak>
    <ei-ms-peak>
      <ei-ms-id>296</ei-ms-id>
      <id>33540</id>
      <intensity>81.0</intensity>
      <mass-charge>65.0</mass-charge>
    </ei-ms-peak>
    <ei-ms-peak>
      <ei-ms-id>296</ei-ms-id>
      <id>33541</id>
      <intensity>155.0</intensity>
      <mass-charge>67.0</mass-charge>
    </ei-ms-peak>
    <ei-ms-peak>
      <ei-ms-id>296</ei-ms-id>
      <id>33542</id>
      <intensity>711.0</intensity>
      <mass-charge>69.0</mass-charge>
    </ei-ms-peak>
    <ei-ms-peak>
      <ei-ms-id>296</ei-ms-id>
      <id>33543</id>
      <intensity>2970.0</intensity>
      <mass-charge>70.0</mass-charge>
    </ei-ms-peak>
    <ei-ms-peak>
      <ei-ms-id>296</ei-ms-id>
      <id>33544</id>
      <intensity>6139.0</intensity>
      <mass-charge>71.0</mass-charge>
    </ei-ms-peak>
    <ei-ms-peak>
      <ei-ms-id>296</ei-ms-id>
      <id>33545</id>
      <intensity>345.0</intensity>
      <mass-charge>72.0</mass-charge>
    </ei-ms-peak>
    <ei-ms-peak>
      <ei-ms-id>296</ei-ms-id>
      <id>33546</id>
      <intensity>40.0</intensity>
      <mass-charge>77.0</mass-charge>
    </ei-ms-peak>
    <ei-ms-peak>
      <ei-ms-id>296</ei-ms-id>
      <id>33547</id>
      <intensity>1614.0</intensity>
      <mass-charge>84.0</mass-charge>
    </ei-ms-peak>
    <ei-ms-peak>
      <ei-ms-id>296</ei-ms-id>
      <id>33548</id>
      <intensity>5010.0</intensity>
      <mass-charge>85.0</mass-charge>
    </ei-ms-peak>
    <ei-ms-peak>
      <ei-ms-id>296</ei-ms-id>
      <id>33549</id>
      <intensity>329.0</intensity>
      <mass-charge>86.0</mass-charge>
    </ei-ms-peak>
    <ei-ms-peak>
      <ei-ms-id>296</ei-ms-id>
      <id>33550</id>
      <intensity>77.0</intensity>
      <mass-charge>98.0</mass-charge>
    </ei-ms-peak>
    <ei-ms-peak>
      <ei-ms-id>296</ei-ms-id>
      <id>33551</id>
      <intensity>688.0</intensity>
      <mass-charge>99.0</mass-charge>
    </ei-ms-peak>
    <ei-ms-peak>
      <ei-ms-id>296</ei-ms-id>
      <id>33552</id>
      <intensity>62.0</intensity>
      <mass-charge>100.0</mass-charge>
    </ei-ms-peak>
  </ei-ms-peaks>
</ei-ms>
