<?xml version="1.0" encoding="UTF-8"?>
<ei-ms>
  <collection-date nil="true"/>
  <created-at>2014-09-20T16:43:44Z</created-at>
  <database-id>HMDB00190</database-id>
  <id>1087</id>
  <inchi-key>JVTAAEKCZFNVCJ-REOHCLBHSA-N</inchi-key>
  <instrument-type nil="true"/>
  <molecule-id nil="true"/>
  <notes nil="true"/>
  <peak-counter>43</peak-counter>
  <sample-assessment nil="true"/>
  <sample-concentration nil="true"/>
  <sample-concentration-units nil="true"/>
  <sample-mass nil="true"/>
  <sample-mass-units nil="true"/>
  <sample-source nil="true"/>
  <solvent nil="true"/>
  <spectra-assessment nil="true"/>
  <updated-at>2014-09-20T16:43:44Z</updated-at>
  <references>
    <reference>
      <database>NIST</database>
      <database-id>79-33-4</database-id>
      <id>15959</id>
      <pubmed-id nil="true"/>
      <ref-text>NIST Mass Spec Data Center, S.E. Stein, director, "Mass Spectra" in NIST Chemistry WebBook, NIST Standard Reference Database Number 69, Eds. P.J. Linstrom and W.G. Mallard, National Institute of Standards and Technology, Gaithersburg MD, 20899, http://webbook.nist.gov, (retrieved September 6, 2014).</ref-text>
      <spectra-id>1087</spectra-id>
      <spectra-type>EiMs</spectra-type>
    </reference>
  </references>
  <ei-ms-peaks>
    <ei-ms-peak>
      <ei-ms-id>1087</ei-ms-id>
      <id>117706</id>
      <intensity>16.0</intensity>
      <mass-charge>24.0</mass-charge>
    </ei-ms-peak>
    <ei-ms-peak>
      <ei-ms-id>1087</ei-ms-id>
      <id>117707</id>
      <intensity>79.0</intensity>
      <mass-charge>25.0</mass-charge>
    </ei-ms-peak>
    <ei-ms-peak>
      <ei-ms-id>1087</ei-ms-id>
      <id>117708</id>
      <intensity>474.0</intensity>
      <mass-charge>26.0</mass-charge>
    </ei-ms-peak>
    <ei-ms-peak>
      <ei-ms-id>1087</ei-ms-id>
      <id>117709</id>
      <intensity>2030.0</intensity>
      <mass-charge>27.0</mass-charge>
    </ei-ms-peak>
    <ei-ms-peak>
      <ei-ms-id>1087</ei-ms-id>
      <id>117710</id>
      <intensity>161.0</intensity>
      <mass-charge>28.0</mass-charge>
    </ei-ms-peak>
    <ei-ms-peak>
      <ei-ms-id>1087</ei-ms-id>
      <id>117711</id>
      <intensity>3024.0</intensity>
      <mass-charge>29.0</mass-charge>
    </ei-ms-peak>
    <ei-ms-peak>
      <ei-ms-id>1087</ei-ms-id>
      <id>117712</id>
      <intensity>212.0</intensity>
      <mass-charge>30.0</mass-charge>
    </ei-ms-peak>
    <ei-ms-peak>
      <ei-ms-id>1087</ei-ms-id>
      <id>117713</id>
      <intensity>75.0</intensity>
      <mass-charge>31.0</mass-charge>
    </ei-ms-peak>
    <ei-ms-peak>
      <ei-ms-id>1087</ei-ms-id>
      <id>117714</id>
      <intensity>2.0</intensity>
      <mass-charge>33.0</mass-charge>
    </ei-ms-peak>
    <ei-ms-peak>
      <ei-ms-id>1087</ei-ms-id>
      <id>117715</id>
      <intensity>3.0</intensity>
      <mass-charge>36.0</mass-charge>
    </ei-ms-peak>
    <ei-ms-peak>
      <ei-ms-id>1087</ei-ms-id>
      <id>117716</id>
      <intensity>9.0</intensity>
      <mass-charge>37.0</mass-charge>
    </ei-ms-peak>
    <ei-ms-peak>
      <ei-ms-id>1087</ei-ms-id>
      <id>117717</id>
      <intensity>7.0</intensity>
      <mass-charge>38.0</mass-charge>
    </ei-ms-peak>
    <ei-ms-peak>
      <ei-ms-id>1087</ei-ms-id>
      <id>117718</id>
      <intensity>9.0</intensity>
      <mass-charge>39.0</mass-charge>
    </ei-ms-peak>
    <ei-ms-peak>
      <ei-ms-id>1087</ei-ms-id>
      <id>117719</id>
      <intensity>58.0</intensity>
      <mass-charge>40.0</mass-charge>
    </ei-ms-peak>
    <ei-ms-peak>
      <ei-ms-id>1087</ei-ms-id>
      <id>117720</id>
      <intensity>63.0</intensity>
      <mass-charge>41.0</mass-charge>
    </ei-ms-peak>
    <ei-ms-peak>
      <ei-ms-id>1087</ei-ms-id>
      <id>117721</id>
      <intensity>292.0</intensity>
      <mass-charge>42.0</mass-charge>
    </ei-ms-peak>
    <ei-ms-peak>
      <ei-ms-id>1087</ei-ms-id>
      <id>117722</id>
      <intensity>1358.0</intensity>
      <mass-charge>43.0</mass-charge>
    </ei-ms-peak>
    <ei-ms-peak>
      <ei-ms-id>1087</ei-ms-id>
      <id>117723</id>
      <intensity>171.0</intensity>
      <mass-charge>44.0</mass-charge>
    </ei-ms-peak>
    <ei-ms-peak>
      <ei-ms-id>1087</ei-ms-id>
      <id>117724</id>
      <intensity>9999.0</intensity>
      <mass-charge>45.0</mass-charge>
    </ei-ms-peak>
    <ei-ms-peak>
      <ei-ms-id>1087</ei-ms-id>
      <id>117725</id>
      <intensity>264.0</intensity>
      <mass-charge>46.0</mass-charge>
    </ei-ms-peak>
    <ei-ms-peak>
      <ei-ms-id>1087</ei-ms-id>
      <id>117726</id>
      <intensity>84.0</intensity>
      <mass-charge>47.0</mass-charge>
    </ei-ms-peak>
    <ei-ms-peak>
      <ei-ms-id>1087</ei-ms-id>
      <id>117727</id>
      <intensity>2.0</intensity>
      <mass-charge>52.0</mass-charge>
    </ei-ms-peak>
    <ei-ms-peak>
      <ei-ms-id>1087</ei-ms-id>
      <id>117728</id>
      <intensity>31.0</intensity>
      <mass-charge>53.0</mass-charge>
    </ei-ms-peak>
    <ei-ms-peak>
      <ei-ms-id>1087</ei-ms-id>
      <id>117729</id>
      <intensity>7.0</intensity>
      <mass-charge>54.0</mass-charge>
    </ei-ms-peak>
    <ei-ms-peak>
      <ei-ms-id>1087</ei-ms-id>
      <id>117730</id>
      <intensity>76.0</intensity>
      <mass-charge>55.0</mass-charge>
    </ei-ms-peak>
    <ei-ms-peak>
      <ei-ms-id>1087</ei-ms-id>
      <id>117731</id>
      <intensity>13.0</intensity>
      <mass-charge>56.0</mass-charge>
    </ei-ms-peak>
    <ei-ms-peak>
      <ei-ms-id>1087</ei-ms-id>
      <id>117732</id>
      <intensity>15.0</intensity>
      <mass-charge>57.0</mass-charge>
    </ei-ms-peak>
    <ei-ms-peak>
      <ei-ms-id>1087</ei-ms-id>
      <id>117733</id>
      <intensity>23.0</intensity>
      <mass-charge>58.0</mass-charge>
    </ei-ms-peak>
    <ei-ms-peak>
      <ei-ms-id>1087</ei-ms-id>
      <id>117734</id>
      <intensity>12.0</intensity>
      <mass-charge>59.0</mass-charge>
    </ei-ms-peak>
    <ei-ms-peak>
      <ei-ms-id>1087</ei-ms-id>
      <id>117735</id>
      <intensity>13.0</intensity>
      <mass-charge>60.0</mass-charge>
    </ei-ms-peak>
    <ei-ms-peak>
      <ei-ms-id>1087</ei-ms-id>
      <id>117736</id>
      <intensity>3.0</intensity>
      <mass-charge>61.0</mass-charge>
    </ei-ms-peak>
    <ei-ms-peak>
      <ei-ms-id>1087</ei-ms-id>
      <id>117737</id>
      <intensity>13.0</intensity>
      <mass-charge>63.0</mass-charge>
    </ei-ms-peak>
    <ei-ms-peak>
      <ei-ms-id>1087</ei-ms-id>
      <id>117738</id>
      <intensity>5.0</intensity>
      <mass-charge>67.0</mass-charge>
    </ei-ms-peak>
    <ei-ms-peak>
      <ei-ms-id>1087</ei-ms-id>
      <id>117739</id>
      <intensity>2.0</intensity>
      <mass-charge>68.0</mass-charge>
    </ei-ms-peak>
    <ei-ms-peak>
      <ei-ms-id>1087</ei-ms-id>
      <id>117740</id>
      <intensity>16.0</intensity>
      <mass-charge>69.0</mass-charge>
    </ei-ms-peak>
    <ei-ms-peak>
      <ei-ms-id>1087</ei-ms-id>
      <id>117741</id>
      <intensity>7.0</intensity>
      <mass-charge>70.0</mass-charge>
    </ei-ms-peak>
    <ei-ms-peak>
      <ei-ms-id>1087</ei-ms-id>
      <id>117742</id>
      <intensity>9.0</intensity>
      <mass-charge>71.0</mass-charge>
    </ei-ms-peak>
    <ei-ms-peak>
      <ei-ms-id>1087</ei-ms-id>
      <id>117743</id>
      <intensity>5.0</intensity>
      <mass-charge>72.0</mass-charge>
    </ei-ms-peak>
    <ei-ms-peak>
      <ei-ms-id>1087</ei-ms-id>
      <id>117744</id>
      <intensity>16.0</intensity>
      <mass-charge>73.0</mass-charge>
    </ei-ms-peak>
    <ei-ms-peak>
      <ei-ms-id>1087</ei-ms-id>
      <id>117745</id>
      <intensity>79.0</intensity>
      <mass-charge>75.0</mass-charge>
    </ei-ms-peak>
    <ei-ms-peak>
      <ei-ms-id>1087</ei-ms-id>
      <id>117746</id>
      <intensity>3.0</intensity>
      <mass-charge>76.0</mass-charge>
    </ei-ms-peak>
    <ei-ms-peak>
      <ei-ms-id>1087</ei-ms-id>
      <id>117747</id>
      <intensity>30.0</intensity>
      <mass-charge>90.0</mass-charge>
    </ei-ms-peak>
    <ei-ms-peak>
      <ei-ms-id>1087</ei-ms-id>
      <id>117748</id>
      <intensity>9.0</intensity>
      <mass-charge>91.0</mass-charge>
    </ei-ms-peak>
  </ei-ms-peaks>
</ei-ms>
