<?xml version="1.0" encoding="UTF-8"?>
<ei-ms>
  <collection-date nil="true"/>
  <created-at>2014-09-20T16:39:42Z</created-at>
  <database-id>HMDB34106</database-id>
  <id>922</id>
  <inchi-key>LGDSHSYDSCRFAB-UHFFFAOYSA-N</inchi-key>
  <instrument-type nil="true"/>
  <molecule-id nil="true"/>
  <notes nil="true"/>
  <peak-counter>33</peak-counter>
  <sample-assessment nil="true"/>
  <sample-concentration nil="true"/>
  <sample-concentration-units nil="true"/>
  <sample-mass nil="true"/>
  <sample-mass-units nil="true"/>
  <sample-source nil="true"/>
  <solvent nil="true"/>
  <spectra-assessment nil="true"/>
  <updated-at>2014-09-20T16:39:42Z</updated-at>
  <references>
    <reference>
      <database>NIST</database>
      <database-id>556-61-6</database-id>
      <id>15794</id>
      <pubmed-id nil="true"/>
      <ref-text>NIST Mass Spec Data Center, S.E. Stein, director, "Mass Spectra" in NIST Chemistry WebBook, NIST Standard Reference Database Number 69, Eds. P.J. Linstrom and W.G. Mallard, National Institute of Standards and Technology, Gaithersburg MD, 20899, http://webbook.nist.gov, (retrieved September 6, 2014).</ref-text>
      <spectra-id>922</spectra-id>
      <spectra-type>EiMs</spectra-type>
    </reference>
  </references>
  <ei-ms-peaks>
    <ei-ms-peak>
      <ei-ms-id>922</ei-ms-id>
      <id>100183</id>
      <intensity>10.0</intensity>
      <mass-charge>12.0</mass-charge>
    </ei-ms-peak>
    <ei-ms-peak>
      <ei-ms-id>922</ei-ms-id>
      <id>100184</id>
      <intensity>10.0</intensity>
      <mass-charge>13.0</mass-charge>
    </ei-ms-peak>
    <ei-ms-peak>
      <ei-ms-id>922</ei-ms-id>
      <id>100185</id>
      <intensity>20.0</intensity>
      <mass-charge>14.0</mass-charge>
    </ei-ms-peak>
    <ei-ms-peak>
      <ei-ms-id>922</ei-ms-id>
      <id>100186</id>
      <intensity>159.0</intensity>
      <mass-charge>15.0</mass-charge>
    </ei-ms-peak>
    <ei-ms-peak>
      <ei-ms-id>922</ei-ms-id>
      <id>100187</id>
      <intensity>20.0</intensity>
      <mass-charge>26.0</mass-charge>
    </ei-ms-peak>
    <ei-ms-peak>
      <ei-ms-id>922</ei-ms-id>
      <id>100188</id>
      <intensity>80.0</intensity>
      <mass-charge>27.0</mass-charge>
    </ei-ms-peak>
    <ei-ms-peak>
      <ei-ms-id>922</ei-ms-id>
      <id>100189</id>
      <intensity>329.0</intensity>
      <mass-charge>28.0</mass-charge>
    </ei-ms-peak>
    <ei-ms-peak>
      <ei-ms-id>922</ei-ms-id>
      <id>100190</id>
      <intensity>50.0</intensity>
      <mass-charge>29.0</mass-charge>
    </ei-ms-peak>
    <ei-ms-peak>
      <ei-ms-id>922</ei-ms-id>
      <id>100191</id>
      <intensity>289.0</intensity>
      <mass-charge>32.0</mass-charge>
    </ei-ms-peak>
    <ei-ms-peak>
      <ei-ms-id>922</ei-ms-id>
      <id>100192</id>
      <intensity>30.0</intensity>
      <mass-charge>33.0</mass-charge>
    </ei-ms-peak>
    <ei-ms-peak>
      <ei-ms-id>922</ei-ms-id>
      <id>100193</id>
      <intensity>20.0</intensity>
      <mass-charge>34.0</mass-charge>
    </ei-ms-peak>
    <ei-ms-peak>
      <ei-ms-id>922</ei-ms-id>
      <id>100194</id>
      <intensity>409.0</intensity>
      <mass-charge>35.0</mass-charge>
    </ei-ms-peak>
    <ei-ms-peak>
      <ei-ms-id>922</ei-ms-id>
      <id>100195</id>
      <intensity>50.0</intensity>
      <mass-charge>36.0</mass-charge>
    </ei-ms-peak>
    <ei-ms-peak>
      <ei-ms-id>922</ei-ms-id>
      <id>100196</id>
      <intensity>159.0</intensity>
      <mass-charge>38.0</mass-charge>
    </ei-ms-peak>
    <ei-ms-peak>
      <ei-ms-id>922</ei-ms-id>
      <id>100197</id>
      <intensity>149.0</intensity>
      <mass-charge>39.0</mass-charge>
    </ei-ms-peak>
    <ei-ms-peak>
      <ei-ms-id>922</ei-ms-id>
      <id>100198</id>
      <intensity>229.0</intensity>
      <mass-charge>40.0</mass-charge>
    </ei-ms-peak>
    <ei-ms-peak>
      <ei-ms-id>922</ei-ms-id>
      <id>100199</id>
      <intensity>90.0</intensity>
      <mass-charge>41.0</mass-charge>
    </ei-ms-peak>
    <ei-ms-peak>
      <ei-ms-id>922</ei-ms-id>
      <id>100200</id>
      <intensity>929.0</intensity>
      <mass-charge>44.0</mass-charge>
    </ei-ms-peak>
    <ei-ms-peak>
      <ei-ms-id>922</ei-ms-id>
      <id>100201</id>
      <intensity>1779.0</intensity>
      <mass-charge>45.0</mass-charge>
    </ei-ms-peak>
    <ei-ms-peak>
      <ei-ms-id>922</ei-ms-id>
      <id>100202</id>
      <intensity>419.0</intensity>
      <mass-charge>46.0</mass-charge>
    </ei-ms-peak>
    <ei-ms-peak>
      <ei-ms-id>922</ei-ms-id>
      <id>100203</id>
      <intensity>139.0</intensity>
      <mass-charge>47.0</mass-charge>
    </ei-ms-peak>
    <ei-ms-peak>
      <ei-ms-id>922</ei-ms-id>
      <id>100204</id>
      <intensity>20.0</intensity>
      <mass-charge>48.0</mass-charge>
    </ei-ms-peak>
    <ei-ms-peak>
      <ei-ms-id>922</ei-ms-id>
      <id>100205</id>
      <intensity>10.0</intensity>
      <mass-charge>57.0</mass-charge>
    </ei-ms-peak>
    <ei-ms-peak>
      <ei-ms-id>922</ei-ms-id>
      <id>100206</id>
      <intensity>359.0</intensity>
      <mass-charge>58.0</mass-charge>
    </ei-ms-peak>
    <ei-ms-peak>
      <ei-ms-id>922</ei-ms-id>
      <id>100207</id>
      <intensity>80.0</intensity>
      <mass-charge>59.0</mass-charge>
    </ei-ms-peak>
    <ei-ms-peak>
      <ei-ms-id>922</ei-ms-id>
      <id>100208</id>
      <intensity>20.0</intensity>
      <mass-charge>60.0</mass-charge>
    </ei-ms-peak>
    <ei-ms-peak>
      <ei-ms-id>922</ei-ms-id>
      <id>100209</id>
      <intensity>859.0</intensity>
      <mass-charge>70.0</mass-charge>
    </ei-ms-peak>
    <ei-ms-peak>
      <ei-ms-id>922</ei-ms-id>
      <id>100210</id>
      <intensity>489.0</intensity>
      <mass-charge>71.0</mass-charge>
    </ei-ms-peak>
    <ei-ms-peak>
      <ei-ms-id>922</ei-ms-id>
      <id>100211</id>
      <intensity>5149.0</intensity>
      <mass-charge>72.0</mass-charge>
    </ei-ms-peak>
    <ei-ms-peak>
      <ei-ms-id>922</ei-ms-id>
      <id>100212</id>
      <intensity>9999.0</intensity>
      <mass-charge>73.0</mass-charge>
    </ei-ms-peak>
    <ei-ms-peak>
      <ei-ms-id>922</ei-ms-id>
      <id>100213</id>
      <intensity>569.0</intensity>
      <mass-charge>74.0</mass-charge>
    </ei-ms-peak>
    <ei-ms-peak>
      <ei-ms-id>922</ei-ms-id>
      <id>100214</id>
      <intensity>479.0</intensity>
      <mass-charge>75.0</mass-charge>
    </ei-ms-peak>
    <ei-ms-peak>
      <ei-ms-id>922</ei-ms-id>
      <id>100215</id>
      <intensity>30.0</intensity>
      <mass-charge>76.0</mass-charge>
    </ei-ms-peak>
  </ei-ms-peaks>
</ei-ms>
