<?xml version="1.0" encoding="UTF-8"?>
<ei-ms>
  <collection-date nil="true"/>
  <created-at>2014-09-20T16:44:53Z</created-at>
  <database-id>HMDB00112</database-id>
  <id>1137</id>
  <inchi-key>BTCSSZJGUNDROE-UHFFFAOYSA-N</inchi-key>
  <instrument-type nil="true"/>
  <molecule-id nil="true"/>
  <notes nil="true"/>
  <peak-counter>58</peak-counter>
  <sample-assessment nil="true"/>
  <sample-concentration nil="true"/>
  <sample-concentration-units nil="true"/>
  <sample-mass nil="true"/>
  <sample-mass-units nil="true"/>
  <sample-source nil="true"/>
  <solvent nil="true"/>
  <spectra-assessment nil="true"/>
  <updated-at>2014-09-20T16:44:53Z</updated-at>
  <references>
    <reference>
      <database>NIST</database>
      <database-id>56-12-2</database-id>
      <id>16009</id>
      <pubmed-id nil="true"/>
      <ref-text>NIST Mass Spec Data Center, S.E. Stein, director, "Mass Spectra" in NIST Chemistry WebBook, NIST Standard Reference Database Number 69, Eds. P.J. Linstrom and W.G. Mallard, National Institute of Standards and Technology, Gaithersburg MD, 20899, http://webbook.nist.gov, (retrieved September 6, 2014).</ref-text>
      <spectra-id>1137</spectra-id>
      <spectra-type>EiMs</spectra-type>
    </reference>
  </references>
  <ei-ms-peaks>
    <ei-ms-peak>
      <ei-ms-id>1137</ei-ms-id>
      <id>122834</id>
      <intensity>10.0</intensity>
      <mass-charge>13.0</mass-charge>
    </ei-ms-peak>
    <ei-ms-peak>
      <ei-ms-id>1137</ei-ms-id>
      <id>122835</id>
      <intensity>40.0</intensity>
      <mass-charge>14.0</mass-charge>
    </ei-ms-peak>
    <ei-ms-peak>
      <ei-ms-id>1137</ei-ms-id>
      <id>122836</id>
      <intensity>90.0</intensity>
      <mass-charge>15.0</mass-charge>
    </ei-ms-peak>
    <ei-ms-peak>
      <ei-ms-id>1137</ei-ms-id>
      <id>122837</id>
      <intensity>20.0</intensity>
      <mass-charge>16.0</mass-charge>
    </ei-ms-peak>
    <ei-ms-peak>
      <ei-ms-id>1137</ei-ms-id>
      <id>122838</id>
      <intensity>40.0</intensity>
      <mass-charge>17.0</mass-charge>
    </ei-ms-peak>
    <ei-ms-peak>
      <ei-ms-id>1137</ei-ms-id>
      <id>122839</id>
      <intensity>139.0</intensity>
      <mass-charge>18.0</mass-charge>
    </ei-ms-peak>
    <ei-ms-peak>
      <ei-ms-id>1137</ei-ms-id>
      <id>122840</id>
      <intensity>30.0</intensity>
      <mass-charge>25.0</mass-charge>
    </ei-ms-peak>
    <ei-ms-peak>
      <ei-ms-id>1137</ei-ms-id>
      <id>122841</id>
      <intensity>169.0</intensity>
      <mass-charge>26.0</mass-charge>
    </ei-ms-peak>
    <ei-ms-peak>
      <ei-ms-id>1137</ei-ms-id>
      <id>122842</id>
      <intensity>449.0</intensity>
      <mass-charge>27.0</mass-charge>
    </ei-ms-peak>
    <ei-ms-peak>
      <ei-ms-id>1137</ei-ms-id>
      <id>122843</id>
      <intensity>1249.0</intensity>
      <mass-charge>28.0</mass-charge>
    </ei-ms-peak>
    <ei-ms-peak>
      <ei-ms-id>1137</ei-ms-id>
      <id>122844</id>
      <intensity>329.0</intensity>
      <mass-charge>29.0</mass-charge>
    </ei-ms-peak>
    <ei-ms-peak>
      <ei-ms-id>1137</ei-ms-id>
      <id>122845</id>
      <intensity>9999.0</intensity>
      <mass-charge>30.0</mass-charge>
    </ei-ms-peak>
    <ei-ms-peak>
      <ei-ms-id>1137</ei-ms-id>
      <id>122846</id>
      <intensity>219.0</intensity>
      <mass-charge>31.0</mass-charge>
    </ei-ms-peak>
    <ei-ms-peak>
      <ei-ms-id>1137</ei-ms-id>
      <id>122847</id>
      <intensity>30.0</intensity>
      <mass-charge>32.0</mass-charge>
    </ei-ms-peak>
    <ei-ms-peak>
      <ei-ms-id>1137</ei-ms-id>
      <id>122848</id>
      <intensity>40.0</intensity>
      <mass-charge>37.0</mass-charge>
    </ei-ms-peak>
    <ei-ms-peak>
      <ei-ms-id>1137</ei-ms-id>
      <id>122849</id>
      <intensity>50.0</intensity>
      <mass-charge>38.0</mass-charge>
    </ei-ms-peak>
    <ei-ms-peak>
      <ei-ms-id>1137</ei-ms-id>
      <id>122850</id>
      <intensity>269.0</intensity>
      <mass-charge>39.0</mass-charge>
    </ei-ms-peak>
    <ei-ms-peak>
      <ei-ms-id>1137</ei-ms-id>
      <id>122851</id>
      <intensity>179.0</intensity>
      <mass-charge>40.0</mass-charge>
    </ei-ms-peak>
    <ei-ms-peak>
      <ei-ms-id>1137</ei-ms-id>
      <id>122852</id>
      <intensity>979.0</intensity>
      <mass-charge>41.0</mass-charge>
    </ei-ms-peak>
    <ei-ms-peak>
      <ei-ms-id>1137</ei-ms-id>
      <id>122853</id>
      <intensity>889.0</intensity>
      <mass-charge>42.0</mass-charge>
    </ei-ms-peak>
    <ei-ms-peak>
      <ei-ms-id>1137</ei-ms-id>
      <id>122854</id>
      <intensity>1399.0</intensity>
      <mass-charge>43.0</mass-charge>
    </ei-ms-peak>
    <ei-ms-peak>
      <ei-ms-id>1137</ei-ms-id>
      <id>122855</id>
      <intensity>979.0</intensity>
      <mass-charge>44.0</mass-charge>
    </ei-ms-peak>
    <ei-ms-peak>
      <ei-ms-id>1137</ei-ms-id>
      <id>122856</id>
      <intensity>219.0</intensity>
      <mass-charge>45.0</mass-charge>
    </ei-ms-peak>
    <ei-ms-peak>
      <ei-ms-id>1137</ei-ms-id>
      <id>122857</id>
      <intensity>30.0</intensity>
      <mass-charge>46.0</mass-charge>
    </ei-ms-peak>
    <ei-ms-peak>
      <ei-ms-id>1137</ei-ms-id>
      <id>122858</id>
      <intensity>10.0</intensity>
      <mass-charge>47.0</mass-charge>
    </ei-ms-peak>
    <ei-ms-peak>
      <ei-ms-id>1137</ei-ms-id>
      <id>122859</id>
      <intensity>20.0</intensity>
      <mass-charge>51.0</mass-charge>
    </ei-ms-peak>
    <ei-ms-peak>
      <ei-ms-id>1137</ei-ms-id>
      <id>122860</id>
      <intensity>60.0</intensity>
      <mass-charge>52.0</mass-charge>
    </ei-ms-peak>
    <ei-ms-peak>
      <ei-ms-id>1137</ei-ms-id>
      <id>122861</id>
      <intensity>20.0</intensity>
      <mass-charge>53.0</mass-charge>
    </ei-ms-peak>
    <ei-ms-peak>
      <ei-ms-id>1137</ei-ms-id>
      <id>122862</id>
      <intensity>90.0</intensity>
      <mass-charge>54.0</mass-charge>
    </ei-ms-peak>
    <ei-ms-peak>
      <ei-ms-id>1137</ei-ms-id>
      <id>122863</id>
      <intensity>129.0</intensity>
      <mass-charge>55.0</mass-charge>
    </ei-ms-peak>
    <ei-ms-peak>
      <ei-ms-id>1137</ei-ms-id>
      <id>122864</id>
      <intensity>449.0</intensity>
      <mass-charge>56.0</mass-charge>
    </ei-ms-peak>
    <ei-ms-peak>
      <ei-ms-id>1137</ei-ms-id>
      <id>122865</id>
      <intensity>109.0</intensity>
      <mass-charge>57.0</mass-charge>
    </ei-ms-peak>
    <ei-ms-peak>
      <ei-ms-id>1137</ei-ms-id>
      <id>122866</id>
      <intensity>20.0</intensity>
      <mass-charge>58.0</mass-charge>
    </ei-ms-peak>
    <ei-ms-peak>
      <ei-ms-id>1137</ei-ms-id>
      <id>122867</id>
      <intensity>20.0</intensity>
      <mass-charge>59.0</mass-charge>
    </ei-ms-peak>
    <ei-ms-peak>
      <ei-ms-id>1137</ei-ms-id>
      <id>122868</id>
      <intensity>40.0</intensity>
      <mass-charge>60.0</mass-charge>
    </ei-ms-peak>
    <ei-ms-peak>
      <ei-ms-id>1137</ei-ms-id>
      <id>122869</id>
      <intensity>20.0</intensity>
      <mass-charge>61.0</mass-charge>
    </ei-ms-peak>
    <ei-ms-peak>
      <ei-ms-id>1137</ei-ms-id>
      <id>122870</id>
      <intensity>20.0</intensity>
      <mass-charge>66.0</mass-charge>
    </ei-ms-peak>
    <ei-ms-peak>
      <ei-ms-id>1137</ei-ms-id>
      <id>122871</id>
      <intensity>10.0</intensity>
      <mass-charge>67.0</mass-charge>
    </ei-ms-peak>
    <ei-ms-peak>
      <ei-ms-id>1137</ei-ms-id>
      <id>122872</id>
      <intensity>30.0</intensity>
      <mass-charge>68.0</mass-charge>
    </ei-ms-peak>
    <ei-ms-peak>
      <ei-ms-id>1137</ei-ms-id>
      <id>122873</id>
      <intensity>139.0</intensity>
      <mass-charge>69.0</mass-charge>
    </ei-ms-peak>
    <ei-ms-peak>
      <ei-ms-id>1137</ei-ms-id>
      <id>122874</id>
      <intensity>10.0</intensity>
      <mass-charge>70.0</mass-charge>
    </ei-ms-peak>
    <ei-ms-peak>
      <ei-ms-id>1137</ei-ms-id>
      <id>122875</id>
      <intensity>10.0</intensity>
      <mass-charge>71.0</mass-charge>
    </ei-ms-peak>
    <ei-ms-peak>
      <ei-ms-id>1137</ei-ms-id>
      <id>122876</id>
      <intensity>70.0</intensity>
      <mass-charge>73.0</mass-charge>
    </ei-ms-peak>
    <ei-ms-peak>
      <ei-ms-id>1137</ei-ms-id>
      <id>122877</id>
      <intensity>30.0</intensity>
      <mass-charge>74.0</mass-charge>
    </ei-ms-peak>
    <ei-ms-peak>
      <ei-ms-id>1137</ei-ms-id>
      <id>122878</id>
      <intensity>20.0</intensity>
      <mass-charge>75.0</mass-charge>
    </ei-ms-peak>
    <ei-ms-peak>
      <ei-ms-id>1137</ei-ms-id>
      <id>122879</id>
      <intensity>10.0</intensity>
      <mass-charge>81.0</mass-charge>
    </ei-ms-peak>
    <ei-ms-peak>
      <ei-ms-id>1137</ei-ms-id>
      <id>122880</id>
      <intensity>10.0</intensity>
      <mass-charge>82.0</mass-charge>
    </ei-ms-peak>
    <ei-ms-peak>
      <ei-ms-id>1137</ei-ms-id>
      <id>122881</id>
      <intensity>20.0</intensity>
      <mass-charge>83.0</mass-charge>
    </ei-ms-peak>
    <ei-ms-peak>
      <ei-ms-id>1137</ei-ms-id>
      <id>122882</id>
      <intensity>449.0</intensity>
      <mass-charge>84.0</mass-charge>
    </ei-ms-peak>
    <ei-ms-peak>
      <ei-ms-id>1137</ei-ms-id>
      <id>122883</id>
      <intensity>1169.0</intensity>
      <mass-charge>85.0</mass-charge>
    </ei-ms-peak>
    <ei-ms-peak>
      <ei-ms-id>1137</ei-ms-id>
      <id>122884</id>
      <intensity>149.0</intensity>
      <mass-charge>86.0</mass-charge>
    </ei-ms-peak>
    <ei-ms-peak>
      <ei-ms-id>1137</ei-ms-id>
      <id>122885</id>
      <intensity>20.0</intensity>
      <mass-charge>87.0</mass-charge>
    </ei-ms-peak>
    <ei-ms-peak>
      <ei-ms-id>1137</ei-ms-id>
      <id>122886</id>
      <intensity>10.0</intensity>
      <mass-charge>88.0</mass-charge>
    </ei-ms-peak>
    <ei-ms-peak>
      <ei-ms-id>1137</ei-ms-id>
      <id>122887</id>
      <intensity>10.0</intensity>
      <mass-charge>97.0</mass-charge>
    </ei-ms-peak>
    <ei-ms-peak>
      <ei-ms-id>1137</ei-ms-id>
      <id>122888</id>
      <intensity>10.0</intensity>
      <mass-charge>102.0</mass-charge>
    </ei-ms-peak>
    <ei-ms-peak>
      <ei-ms-id>1137</ei-ms-id>
      <id>122889</id>
      <intensity>569.0</intensity>
      <mass-charge>103.0</mass-charge>
    </ei-ms-peak>
    <ei-ms-peak>
      <ei-ms-id>1137</ei-ms-id>
      <id>122890</id>
      <intensity>40.0</intensity>
      <mass-charge>104.0</mass-charge>
    </ei-ms-peak>
    <ei-ms-peak>
      <ei-ms-id>1137</ei-ms-id>
      <id>122891</id>
      <intensity>10.0</intensity>
      <mass-charge>105.0</mass-charge>
    </ei-ms-peak>
  </ei-ms-peaks>
</ei-ms>
