<?xml version="1.0" encoding="UTF-8"?>
<ei-ms>
  <collection-date nil="true"/>
  <created-at>2014-09-20T16:17:43Z</created-at>
  <database-id>HMDB31811</database-id>
  <id>19</id>
  <inchi-key>CVQODEWAPZVVBU-UHFFFAOYSA-N</inchi-key>
  <instrument-type nil="true"/>
  <molecule-id nil="true"/>
  <notes nil="true"/>
  <peak-counter>23</peak-counter>
  <sample-assessment nil="true"/>
  <sample-concentration nil="true"/>
  <sample-concentration-units nil="true"/>
  <sample-mass nil="true"/>
  <sample-mass-units nil="true"/>
  <sample-source nil="true"/>
  <solvent nil="true"/>
  <spectra-assessment nil="true"/>
  <updated-at>2014-09-20T16:17:43Z</updated-at>
  <references>
    <reference>
      <database>NIST</database>
      <database-id>2655-14-3</database-id>
      <id>14891</id>
      <pubmed-id nil="true"/>
      <ref-text>NIST Mass Spec Data Center, S.E. Stein, director, "Mass Spectra" in NIST Chemistry WebBook, NIST Standard Reference Database Number 69, Eds. P.J. Linstrom and W.G. Mallard, National Institute of Standards and Technology, Gaithersburg MD, 20899, http://webbook.nist.gov, (retrieved September 6, 2014).</ref-text>
      <spectra-id>19</spectra-id>
      <spectra-type>EiMs</spectra-type>
    </reference>
  </references>
  <ei-ms-peaks>
    <ei-ms-peak>
      <ei-ms-id>19</ei-ms-id>
      <id>1796</id>
      <intensity>200.0</intensity>
      <mass-charge>15.0</mass-charge>
    </ei-ms-peak>
    <ei-ms-peak>
      <ei-ms-id>19</ei-ms-id>
      <id>1797</id>
      <intensity>200.0</intensity>
      <mass-charge>27.0</mass-charge>
    </ei-ms-peak>
    <ei-ms-peak>
      <ei-ms-id>19</ei-ms-id>
      <id>1798</id>
      <intensity>400.0</intensity>
      <mass-charge>39.0</mass-charge>
    </ei-ms-peak>
    <ei-ms-peak>
      <ei-ms-id>19</ei-ms-id>
      <id>1799</id>
      <intensity>200.0</intensity>
      <mass-charge>40.0</mass-charge>
    </ei-ms-peak>
    <ei-ms-peak>
      <ei-ms-id>19</ei-ms-id>
      <id>1800</id>
      <intensity>200.0</intensity>
      <mass-charge>41.0</mass-charge>
    </ei-ms-peak>
    <ei-ms-peak>
      <ei-ms-id>19</ei-ms-id>
      <id>1801</id>
      <intensity>100.0</intensity>
      <mass-charge>43.0</mass-charge>
    </ei-ms-peak>
    <ei-ms-peak>
      <ei-ms-id>19</ei-ms-id>
      <id>1802</id>
      <intensity>100.0</intensity>
      <mass-charge>44.0</mass-charge>
    </ei-ms-peak>
    <ei-ms-peak>
      <ei-ms-id>19</ei-ms-id>
      <id>1803</id>
      <intensity>300.0</intensity>
      <mass-charge>51.0</mass-charge>
    </ei-ms-peak>
    <ei-ms-peak>
      <ei-ms-id>19</ei-ms-id>
      <id>1804</id>
      <intensity>400.0</intensity>
      <mass-charge>53.0</mass-charge>
    </ei-ms-peak>
    <ei-ms-peak>
      <ei-ms-id>19</ei-ms-id>
      <id>1805</id>
      <intensity>200.0</intensity>
      <mass-charge>55.0</mass-charge>
    </ei-ms-peak>
    <ei-ms-peak>
      <ei-ms-id>19</ei-ms-id>
      <id>1806</id>
      <intensity>200.0</intensity>
      <mass-charge>57.0</mass-charge>
    </ei-ms-peak>
    <ei-ms-peak>
      <ei-ms-id>19</ei-ms-id>
      <id>1807</id>
      <intensity>500.0</intensity>
      <mass-charge>58.0</mass-charge>
    </ei-ms-peak>
    <ei-ms-peak>
      <ei-ms-id>19</ei-ms-id>
      <id>1808</id>
      <intensity>200.0</intensity>
      <mass-charge>63.0</mass-charge>
    </ei-ms-peak>
    <ei-ms-peak>
      <ei-ms-id>19</ei-ms-id>
      <id>1809</id>
      <intensity>300.0</intensity>
      <mass-charge>65.0</mass-charge>
    </ei-ms-peak>
    <ei-ms-peak>
      <ei-ms-id>19</ei-ms-id>
      <id>1810</id>
      <intensity>1200.0</intensity>
      <mass-charge>77.0</mass-charge>
    </ei-ms-peak>
    <ei-ms-peak>
      <ei-ms-id>19</ei-ms-id>
      <id>1811</id>
      <intensity>400.0</intensity>
      <mass-charge>78.0</mass-charge>
    </ei-ms-peak>
    <ei-ms-peak>
      <ei-ms-id>19</ei-ms-id>
      <id>1812</id>
      <intensity>600.0</intensity>
      <mass-charge>79.0</mass-charge>
    </ei-ms-peak>
    <ei-ms-peak>
      <ei-ms-id>19</ei-ms-id>
      <id>1813</id>
      <intensity>700.0</intensity>
      <mass-charge>91.0</mass-charge>
    </ei-ms-peak>
    <ei-ms-peak>
      <ei-ms-id>19</ei-ms-id>
      <id>1814</id>
      <intensity>3300.0</intensity>
      <mass-charge>107.0</mass-charge>
    </ei-ms-peak>
    <ei-ms-peak>
      <ei-ms-id>19</ei-ms-id>
      <id>1815</id>
      <intensity>1200.0</intensity>
      <mass-charge>121.0</mass-charge>
    </ei-ms-peak>
    <ei-ms-peak>
      <ei-ms-id>19</ei-ms-id>
      <id>1816</id>
      <intensity>9999.0</intensity>
      <mass-charge>122.0</mass-charge>
    </ei-ms-peak>
    <ei-ms-peak>
      <ei-ms-id>19</ei-ms-id>
      <id>1817</id>
      <intensity>1200.0</intensity>
      <mass-charge>123.0</mass-charge>
    </ei-ms-peak>
    <ei-ms-peak>
      <ei-ms-id>19</ei-ms-id>
      <id>1818</id>
      <intensity>1200.0</intensity>
      <mass-charge>179.0</mass-charge>
    </ei-ms-peak>
  </ei-ms-peaks>
</ei-ms>
