<?xml version="1.0" encoding="UTF-8"?>
<ei-ms>
  <collection-date nil="true"/>
  <created-at>2014-09-20T16:44:41Z</created-at>
  <database-id>HMDB32133</database-id>
  <id>1130</id>
  <inchi-key>IISBACLAFKSPIT-UHFFFAOYSA-N</inchi-key>
  <instrument-type nil="true"/>
  <molecule-id nil="true"/>
  <notes nil="true"/>
  <peak-counter>137</peak-counter>
  <sample-assessment nil="true"/>
  <sample-concentration nil="true"/>
  <sample-concentration-units nil="true"/>
  <sample-mass nil="true"/>
  <sample-mass-units nil="true"/>
  <sample-source nil="true"/>
  <solvent nil="true"/>
  <spectra-assessment nil="true"/>
  <updated-at>2014-09-20T16:44:41Z</updated-at>
  <references>
    <reference>
      <database>NIST</database>
      <database-id>80-05-7</database-id>
      <id>16002</id>
      <pubmed-id nil="true"/>
      <ref-text>NIST Mass Spec Data Center, S.E. Stein, director, "Mass Spectra" in NIST Chemistry WebBook, NIST Standard Reference Database Number 69, Eds. P.J. Linstrom and W.G. Mallard, National Institute of Standards and Technology, Gaithersburg MD, 20899, http://webbook.nist.gov, (retrieved September 6, 2014).</ref-text>
      <spectra-id>1130</spectra-id>
      <spectra-type>EiMs</spectra-type>
    </reference>
  </references>
  <ei-ms-peaks>
    <ei-ms-peak>
      <ei-ms-id>1130</ei-ms-id>
      <id>121859</id>
      <intensity>50.0</intensity>
      <mass-charge>27.0</mass-charge>
    </ei-ms-peak>
    <ei-ms-peak>
      <ei-ms-id>1130</ei-ms-id>
      <id>121860</id>
      <intensity>30.0</intensity>
      <mass-charge>29.0</mass-charge>
    </ei-ms-peak>
    <ei-ms-peak>
      <ei-ms-id>1130</ei-ms-id>
      <id>121861</id>
      <intensity>30.0</intensity>
      <mass-charge>38.0</mass-charge>
    </ei-ms-peak>
    <ei-ms-peak>
      <ei-ms-id>1130</ei-ms-id>
      <id>121862</id>
      <intensity>290.0</intensity>
      <mass-charge>39.0</mass-charge>
    </ei-ms-peak>
    <ei-ms-peak>
      <ei-ms-id>1130</ei-ms-id>
      <id>121863</id>
      <intensity>30.0</intensity>
      <mass-charge>40.0</mass-charge>
    </ei-ms-peak>
    <ei-ms-peak>
      <ei-ms-id>1130</ei-ms-id>
      <id>121864</id>
      <intensity>160.0</intensity>
      <mass-charge>41.0</mass-charge>
    </ei-ms-peak>
    <ei-ms-peak>
      <ei-ms-id>1130</ei-ms-id>
      <id>121865</id>
      <intensity>10.0</intensity>
      <mass-charge>42.0</mass-charge>
    </ei-ms-peak>
    <ei-ms-peak>
      <ei-ms-id>1130</ei-ms-id>
      <id>121866</id>
      <intensity>40.0</intensity>
      <mass-charge>43.0</mass-charge>
    </ei-ms-peak>
    <ei-ms-peak>
      <ei-ms-id>1130</ei-ms-id>
      <id>121867</id>
      <intensity>50.0</intensity>
      <mass-charge>50.0</mass-charge>
    </ei-ms-peak>
    <ei-ms-peak>
      <ei-ms-id>1130</ei-ms-id>
      <id>121868</id>
      <intensity>150.0</intensity>
      <mass-charge>51.0</mass-charge>
    </ei-ms-peak>
    <ei-ms-peak>
      <ei-ms-id>1130</ei-ms-id>
      <id>121869</id>
      <intensity>40.0</intensity>
      <mass-charge>52.0</mass-charge>
    </ei-ms-peak>
    <ei-ms-peak>
      <ei-ms-id>1130</ei-ms-id>
      <id>121870</id>
      <intensity>100.0</intensity>
      <mass-charge>53.0</mass-charge>
    </ei-ms-peak>
    <ei-ms-peak>
      <ei-ms-id>1130</ei-ms-id>
      <id>121871</id>
      <intensity>10.0</intensity>
      <mass-charge>54.0</mass-charge>
    </ei-ms-peak>
    <ei-ms-peak>
      <ei-ms-id>1130</ei-ms-id>
      <id>121872</id>
      <intensity>150.0</intensity>
      <mass-charge>55.0</mass-charge>
    </ei-ms-peak>
    <ei-ms-peak>
      <ei-ms-id>1130</ei-ms-id>
      <id>121873</id>
      <intensity>10.0</intensity>
      <mass-charge>57.0</mass-charge>
    </ei-ms-peak>
    <ei-ms-peak>
      <ei-ms-id>1130</ei-ms-id>
      <id>121874</id>
      <intensity>50.0</intensity>
      <mass-charge>62.0</mass-charge>
    </ei-ms-peak>
    <ei-ms-peak>
      <ei-ms-id>1130</ei-ms-id>
      <id>121875</id>
      <intensity>180.0</intensity>
      <mass-charge>63.0</mass-charge>
    </ei-ms-peak>
    <ei-ms-peak>
      <ei-ms-id>1130</ei-ms-id>
      <id>121876</id>
      <intensity>70.0</intensity>
      <mass-charge>64.0</mass-charge>
    </ei-ms-peak>
    <ei-ms-peak>
      <ei-ms-id>1130</ei-ms-id>
      <id>121877</id>
      <intensity>530.0</intensity>
      <mass-charge>65.0</mass-charge>
    </ei-ms-peak>
    <ei-ms-peak>
      <ei-ms-id>1130</ei-ms-id>
      <id>121878</id>
      <intensity>100.0</intensity>
      <mass-charge>66.0</mass-charge>
    </ei-ms-peak>
    <ei-ms-peak>
      <ei-ms-id>1130</ei-ms-id>
      <id>121879</id>
      <intensity>20.0</intensity>
      <mass-charge>67.0</mass-charge>
    </ei-ms-peak>
    <ei-ms-peak>
      <ei-ms-id>1130</ei-ms-id>
      <id>121880</id>
      <intensity>10.0</intensity>
      <mass-charge>68.0</mass-charge>
    </ei-ms-peak>
    <ei-ms-peak>
      <ei-ms-id>1130</ei-ms-id>
      <id>121881</id>
      <intensity>30.0</intensity>
      <mass-charge>69.0</mass-charge>
    </ei-ms-peak>
    <ei-ms-peak>
      <ei-ms-id>1130</ei-ms-id>
      <id>121882</id>
      <intensity>30.0</intensity>
      <mass-charge>70.0</mass-charge>
    </ei-ms-peak>
    <ei-ms-peak>
      <ei-ms-id>1130</ei-ms-id>
      <id>121883</id>
      <intensity>20.0</intensity>
      <mass-charge>71.0</mass-charge>
    </ei-ms-peak>
    <ei-ms-peak>
      <ei-ms-id>1130</ei-ms-id>
      <id>121884</id>
      <intensity>20.0</intensity>
      <mass-charge>72.0</mass-charge>
    </ei-ms-peak>
    <ei-ms-peak>
      <ei-ms-id>1130</ei-ms-id>
      <id>121885</id>
      <intensity>30.0</intensity>
      <mass-charge>74.0</mass-charge>
    </ei-ms-peak>
    <ei-ms-peak>
      <ei-ms-id>1130</ei-ms-id>
      <id>121886</id>
      <intensity>70.0</intensity>
      <mass-charge>75.0</mass-charge>
    </ei-ms-peak>
    <ei-ms-peak>
      <ei-ms-id>1130</ei-ms-id>
      <id>121887</id>
      <intensity>140.0</intensity>
      <mass-charge>76.0</mass-charge>
    </ei-ms-peak>
    <ei-ms-peak>
      <ei-ms-id>1130</ei-ms-id>
      <id>121888</id>
      <intensity>380.0</intensity>
      <mass-charge>77.0</mass-charge>
    </ei-ms-peak>
    <ei-ms-peak>
      <ei-ms-id>1130</ei-ms-id>
      <id>121889</id>
      <intensity>70.0</intensity>
      <mass-charge>78.0</mass-charge>
    </ei-ms-peak>
    <ei-ms-peak>
      <ei-ms-id>1130</ei-ms-id>
      <id>121890</id>
      <intensity>110.0</intensity>
      <mass-charge>79.0</mass-charge>
    </ei-ms-peak>
    <ei-ms-peak>
      <ei-ms-id>1130</ei-ms-id>
      <id>121891</id>
      <intensity>10.0</intensity>
      <mass-charge>80.0</mass-charge>
    </ei-ms-peak>
    <ei-ms-peak>
      <ei-ms-id>1130</ei-ms-id>
      <id>121892</id>
      <intensity>30.0</intensity>
      <mass-charge>81.0</mass-charge>
    </ei-ms-peak>
    <ei-ms-peak>
      <ei-ms-id>1130</ei-ms-id>
      <id>121893</id>
      <intensity>100.0</intensity>
      <mass-charge>82.0</mass-charge>
    </ei-ms-peak>
    <ei-ms-peak>
      <ei-ms-id>1130</ei-ms-id>
      <id>121894</id>
      <intensity>80.0</intensity>
      <mass-charge>84.0</mass-charge>
    </ei-ms-peak>
    <ei-ms-peak>
      <ei-ms-id>1130</ei-ms-id>
      <id>121895</id>
      <intensity>30.0</intensity>
      <mass-charge>85.0</mass-charge>
    </ei-ms-peak>
    <ei-ms-peak>
      <ei-ms-id>1130</ei-ms-id>
      <id>121896</id>
      <intensity>20.0</intensity>
      <mass-charge>86.0</mass-charge>
    </ei-ms-peak>
    <ei-ms-peak>
      <ei-ms-id>1130</ei-ms-id>
      <id>121897</id>
      <intensity>30.0</intensity>
      <mass-charge>87.0</mass-charge>
    </ei-ms-peak>
    <ei-ms-peak>
      <ei-ms-id>1130</ei-ms-id>
      <id>121898</id>
      <intensity>40.0</intensity>
      <mass-charge>88.0</mass-charge>
    </ei-ms-peak>
    <ei-ms-peak>
      <ei-ms-id>1130</ei-ms-id>
      <id>121899</id>
      <intensity>140.0</intensity>
      <mass-charge>89.0</mass-charge>
    </ei-ms-peak>
    <ei-ms-peak>
      <ei-ms-id>1130</ei-ms-id>
      <id>121900</id>
      <intensity>210.0</intensity>
      <mass-charge>90.0</mass-charge>
    </ei-ms-peak>
    <ei-ms-peak>
      <ei-ms-id>1130</ei-ms-id>
      <id>121901</id>
      <intensity>1000.0</intensity>
      <mass-charge>91.0</mass-charge>
    </ei-ms-peak>
    <ei-ms-peak>
      <ei-ms-id>1130</ei-ms-id>
      <id>121902</id>
      <intensity>100.0</intensity>
      <mass-charge>92.0</mass-charge>
    </ei-ms-peak>
    <ei-ms-peak>
      <ei-ms-id>1130</ei-ms-id>
      <id>121903</id>
      <intensity>40.0</intensity>
      <mass-charge>93.0</mass-charge>
    </ei-ms-peak>
    <ei-ms-peak>
      <ei-ms-id>1130</ei-ms-id>
      <id>121904</id>
      <intensity>120.0</intensity>
      <mass-charge>94.0</mass-charge>
    </ei-ms-peak>
    <ei-ms-peak>
      <ei-ms-id>1130</ei-ms-id>
      <id>121905</id>
      <intensity>130.0</intensity>
      <mass-charge>95.0</mass-charge>
    </ei-ms-peak>
    <ei-ms-peak>
      <ei-ms-id>1130</ei-ms-id>
      <id>121906</id>
      <intensity>20.0</intensity>
      <mass-charge>96.0</mass-charge>
    </ei-ms-peak>
    <ei-ms-peak>
      <ei-ms-id>1130</ei-ms-id>
      <id>121907</id>
      <intensity>90.0</intensity>
      <mass-charge>97.0</mass-charge>
    </ei-ms-peak>
    <ei-ms-peak>
      <ei-ms-id>1130</ei-ms-id>
      <id>121908</id>
      <intensity>20.0</intensity>
      <mass-charge>98.0</mass-charge>
    </ei-ms-peak>
    <ei-ms-peak>
      <ei-ms-id>1130</ei-ms-id>
      <id>121909</id>
      <intensity>520.0</intensity>
      <mass-charge>99.0</mass-charge>
    </ei-ms-peak>
    <ei-ms-peak>
      <ei-ms-id>1130</ei-ms-id>
      <id>121910</id>
      <intensity>70.0</intensity>
      <mass-charge>101.0</mass-charge>
    </ei-ms-peak>
    <ei-ms-peak>
      <ei-ms-id>1130</ei-ms-id>
      <id>121911</id>
      <intensity>50.0</intensity>
      <mass-charge>102.0</mass-charge>
    </ei-ms-peak>
    <ei-ms-peak>
      <ei-ms-id>1130</ei-ms-id>
      <id>121912</id>
      <intensity>80.0</intensity>
      <mass-charge>103.0</mass-charge>
    </ei-ms-peak>
    <ei-ms-peak>
      <ei-ms-id>1130</ei-ms-id>
      <id>121913</id>
      <intensity>50.0</intensity>
      <mass-charge>104.0</mass-charge>
    </ei-ms-peak>
    <ei-ms-peak>
      <ei-ms-id>1130</ei-ms-id>
      <id>121914</id>
      <intensity>110.0</intensity>
      <mass-charge>105.0</mass-charge>
    </ei-ms-peak>
    <ei-ms-peak>
      <ei-ms-id>1130</ei-ms-id>
      <id>121915</id>
      <intensity>20.0</intensity>
      <mass-charge>106.0</mass-charge>
    </ei-ms-peak>
    <ei-ms-peak>
      <ei-ms-id>1130</ei-ms-id>
      <id>121916</id>
      <intensity>510.0</intensity>
      <mass-charge>107.0</mass-charge>
    </ei-ms-peak>
    <ei-ms-peak>
      <ei-ms-id>1130</ei-ms-id>
      <id>121917</id>
      <intensity>40.0</intensity>
      <mass-charge>108.0</mass-charge>
    </ei-ms-peak>
    <ei-ms-peak>
      <ei-ms-id>1130</ei-ms-id>
      <id>121918</id>
      <intensity>40.0</intensity>
      <mass-charge>113.0</mass-charge>
    </ei-ms-peak>
    <ei-ms-peak>
      <ei-ms-id>1130</ei-ms-id>
      <id>121919</id>
      <intensity>120.0</intensity>
      <mass-charge>114.0</mass-charge>
    </ei-ms-peak>
    <ei-ms-peak>
      <ei-ms-id>1130</ei-ms-id>
      <id>121920</id>
      <intensity>290.0</intensity>
      <mass-charge>115.0</mass-charge>
    </ei-ms-peak>
    <ei-ms-peak>
      <ei-ms-id>1130</ei-ms-id>
      <id>121921</id>
      <intensity>50.0</intensity>
      <mass-charge>116.0</mass-charge>
    </ei-ms-peak>
    <ei-ms-peak>
      <ei-ms-id>1130</ei-ms-id>
      <id>121922</id>
      <intensity>20.0</intensity>
      <mass-charge>117.0</mass-charge>
    </ei-ms-peak>
    <ei-ms-peak>
      <ei-ms-id>1130</ei-ms-id>
      <id>121923</id>
      <intensity>80.0</intensity>
      <mass-charge>118.0</mass-charge>
    </ei-ms-peak>
    <ei-ms-peak>
      <ei-ms-id>1130</ei-ms-id>
      <id>121924</id>
      <intensity>1980.0</intensity>
      <mass-charge>119.0</mass-charge>
    </ei-ms-peak>
    <ei-ms-peak>
      <ei-ms-id>1130</ei-ms-id>
      <id>121925</id>
      <intensity>280.0</intensity>
      <mass-charge>120.0</mass-charge>
    </ei-ms-peak>
    <ei-ms-peak>
      <ei-ms-id>1130</ei-ms-id>
      <id>121926</id>
      <intensity>50.0</intensity>
      <mass-charge>121.0</mass-charge>
    </ei-ms-peak>
    <ei-ms-peak>
      <ei-ms-id>1130</ei-ms-id>
      <id>121927</id>
      <intensity>30.0</intensity>
      <mass-charge>126.0</mass-charge>
    </ei-ms-peak>
    <ei-ms-peak>
      <ei-ms-id>1130</ei-ms-id>
      <id>121928</id>
      <intensity>110.0</intensity>
      <mass-charge>127.0</mass-charge>
    </ei-ms-peak>
    <ei-ms-peak>
      <ei-ms-id>1130</ei-ms-id>
      <id>121929</id>
      <intensity>140.0</intensity>
      <mass-charge>128.0</mass-charge>
    </ei-ms-peak>
    <ei-ms-peak>
      <ei-ms-id>1130</ei-ms-id>
      <id>121930</id>
      <intensity>60.0</intensity>
      <mass-charge>129.0</mass-charge>
    </ei-ms-peak>
    <ei-ms-peak>
      <ei-ms-id>1130</ei-ms-id>
      <id>121931</id>
      <intensity>10.0</intensity>
      <mass-charge>130.0</mass-charge>
    </ei-ms-peak>
    <ei-ms-peak>
      <ei-ms-id>1130</ei-ms-id>
      <id>121932</id>
      <intensity>100.0</intensity>
      <mass-charge>131.0</mass-charge>
    </ei-ms-peak>
    <ei-ms-peak>
      <ei-ms-id>1130</ei-ms-id>
      <id>121933</id>
      <intensity>20.0</intensity>
      <mass-charge>132.0</mass-charge>
    </ei-ms-peak>
    <ei-ms-peak>
      <ei-ms-id>1130</ei-ms-id>
      <id>121934</id>
      <intensity>50.0</intensity>
      <mass-charge>133.0</mass-charge>
    </ei-ms-peak>
    <ei-ms-peak>
      <ei-ms-id>1130</ei-ms-id>
      <id>121935</id>
      <intensity>60.0</intensity>
      <mass-charge>134.0</mass-charge>
    </ei-ms-peak>
    <ei-ms-peak>
      <ei-ms-id>1130</ei-ms-id>
      <id>121936</id>
      <intensity>430.0</intensity>
      <mass-charge>135.0</mass-charge>
    </ei-ms-peak>
    <ei-ms-peak>
      <ei-ms-id>1130</ei-ms-id>
      <id>121937</id>
      <intensity>40.0</intensity>
      <mass-charge>136.0</mass-charge>
    </ei-ms-peak>
    <ei-ms-peak>
      <ei-ms-id>1130</ei-ms-id>
      <id>121938</id>
      <intensity>120.0</intensity>
      <mass-charge>139.0</mass-charge>
    </ei-ms-peak>
    <ei-ms-peak>
      <ei-ms-id>1130</ei-ms-id>
      <id>121939</id>
      <intensity>40.0</intensity>
      <mass-charge>140.0</mass-charge>
    </ei-ms-peak>
    <ei-ms-peak>
      <ei-ms-id>1130</ei-ms-id>
      <id>121940</id>
      <intensity>150.0</intensity>
      <mass-charge>141.0</mass-charge>
    </ei-ms-peak>
    <ei-ms-peak>
      <ei-ms-id>1130</ei-ms-id>
      <id>121941</id>
      <intensity>50.0</intensity>
      <mass-charge>142.0</mass-charge>
    </ei-ms-peak>
    <ei-ms-peak>
      <ei-ms-id>1130</ei-ms-id>
      <id>121942</id>
      <intensity>20.0</intensity>
      <mass-charge>143.0</mass-charge>
    </ei-ms-peak>
    <ei-ms-peak>
      <ei-ms-id>1130</ei-ms-id>
      <id>121943</id>
      <intensity>60.0</intensity>
      <mass-charge>144.0</mass-charge>
    </ei-ms-peak>
    <ei-ms-peak>
      <ei-ms-id>1130</ei-ms-id>
      <id>121944</id>
      <intensity>70.0</intensity>
      <mass-charge>145.0</mass-charge>
    </ei-ms-peak>
    <ei-ms-peak>
      <ei-ms-id>1130</ei-ms-id>
      <id>121945</id>
      <intensity>10.0</intensity>
      <mass-charge>146.0</mass-charge>
    </ei-ms-peak>
    <ei-ms-peak>
      <ei-ms-id>1130</ei-ms-id>
      <id>121946</id>
      <intensity>20.0</intensity>
      <mass-charge>150.0</mass-charge>
    </ei-ms-peak>
    <ei-ms-peak>
      <ei-ms-id>1130</ei-ms-id>
      <id>121947</id>
      <intensity>90.0</intensity>
      <mass-charge>151.0</mass-charge>
    </ei-ms-peak>
    <ei-ms-peak>
      <ei-ms-id>1130</ei-ms-id>
      <id>121948</id>
      <intensity>260.0</intensity>
      <mass-charge>152.0</mass-charge>
    </ei-ms-peak>
    <ei-ms-peak>
      <ei-ms-id>1130</ei-ms-id>
      <id>121949</id>
      <intensity>150.0</intensity>
      <mass-charge>153.0</mass-charge>
    </ei-ms-peak>
    <ei-ms-peak>
      <ei-ms-id>1130</ei-ms-id>
      <id>121950</id>
      <intensity>40.0</intensity>
      <mass-charge>154.0</mass-charge>
    </ei-ms-peak>
    <ei-ms-peak>
      <ei-ms-id>1130</ei-ms-id>
      <id>121951</id>
      <intensity>60.0</intensity>
      <mass-charge>155.0</mass-charge>
    </ei-ms-peak>
    <ei-ms-peak>
      <ei-ms-id>1130</ei-ms-id>
      <id>121952</id>
      <intensity>10.0</intensity>
      <mass-charge>156.0</mass-charge>
    </ei-ms-peak>
    <ei-ms-peak>
      <ei-ms-id>1130</ei-ms-id>
      <id>121953</id>
      <intensity>110.0</intensity>
      <mass-charge>157.0</mass-charge>
    </ei-ms-peak>
    <ei-ms-peak>
      <ei-ms-id>1130</ei-ms-id>
      <id>121954</id>
      <intensity>40.0</intensity>
      <mass-charge>158.0</mass-charge>
    </ei-ms-peak>
    <ei-ms-peak>
      <ei-ms-id>1130</ei-ms-id>
      <id>121955</id>
      <intensity>10.0</intensity>
      <mass-charge>159.0</mass-charge>
    </ei-ms-peak>
    <ei-ms-peak>
      <ei-ms-id>1130</ei-ms-id>
      <id>121956</id>
      <intensity>20.0</intensity>
      <mass-charge>163.0</mass-charge>
    </ei-ms-peak>
    <ei-ms-peak>
      <ei-ms-id>1130</ei-ms-id>
      <id>121957</id>
      <intensity>40.0</intensity>
      <mass-charge>164.0</mass-charge>
    </ei-ms-peak>
    <ei-ms-peak>
      <ei-ms-id>1130</ei-ms-id>
      <id>121958</id>
      <intensity>380.0</intensity>
      <mass-charge>165.0</mass-charge>
    </ei-ms-peak>
    <ei-ms-peak>
      <ei-ms-id>1130</ei-ms-id>
      <id>121959</id>
      <intensity>140.0</intensity>
      <mass-charge>166.0</mass-charge>
    </ei-ms-peak>
    <ei-ms-peak>
      <ei-ms-id>1130</ei-ms-id>
      <id>121960</id>
      <intensity>120.0</intensity>
      <mass-charge>167.0</mass-charge>
    </ei-ms-peak>
    <ei-ms-peak>
      <ei-ms-id>1130</ei-ms-id>
      <id>121961</id>
      <intensity>130.0</intensity>
      <mass-charge>168.0</mass-charge>
    </ei-ms-peak>
    <ei-ms-peak>
      <ei-ms-id>1130</ei-ms-id>
      <id>121962</id>
      <intensity>300.0</intensity>
      <mass-charge>169.0</mass-charge>
    </ei-ms-peak>
    <ei-ms-peak>
      <ei-ms-id>1130</ei-ms-id>
      <id>121963</id>
      <intensity>90.0</intensity>
      <mass-charge>170.0</mass-charge>
    </ei-ms-peak>
    <ei-ms-peak>
      <ei-ms-id>1130</ei-ms-id>
      <id>121964</id>
      <intensity>50.0</intensity>
      <mass-charge>171.0</mass-charge>
    </ei-ms-peak>
    <ei-ms-peak>
      <ei-ms-id>1130</ei-ms-id>
      <id>121965</id>
      <intensity>60.0</intensity>
      <mass-charge>176.0</mass-charge>
    </ei-ms-peak>
    <ei-ms-peak>
      <ei-ms-id>1130</ei-ms-id>
      <id>121966</id>
      <intensity>110.0</intensity>
      <mass-charge>177.0</mass-charge>
    </ei-ms-peak>
    <ei-ms-peak>
      <ei-ms-id>1130</ei-ms-id>
      <id>121967</id>
      <intensity>40.0</intensity>
      <mass-charge>178.0</mass-charge>
    </ei-ms-peak>
    <ei-ms-peak>
      <ei-ms-id>1130</ei-ms-id>
      <id>121968</id>
      <intensity>20.0</intensity>
      <mass-charge>179.0</mass-charge>
    </ei-ms-peak>
    <ei-ms-peak>
      <ei-ms-id>1130</ei-ms-id>
      <id>121969</id>
      <intensity>10.0</intensity>
      <mass-charge>180.0</mass-charge>
    </ei-ms-peak>
    <ei-ms-peak>
      <ei-ms-id>1130</ei-ms-id>
      <id>121970</id>
      <intensity>160.0</intensity>
      <mass-charge>181.0</mass-charge>
    </ei-ms-peak>
    <ei-ms-peak>
      <ei-ms-id>1130</ei-ms-id>
      <id>121971</id>
      <intensity>50.0</intensity>
      <mass-charge>182.0</mass-charge>
    </ei-ms-peak>
    <ei-ms-peak>
      <ei-ms-id>1130</ei-ms-id>
      <id>121972</id>
      <intensity>140.0</intensity>
      <mass-charge>183.0</mass-charge>
    </ei-ms-peak>
    <ei-ms-peak>
      <ei-ms-id>1130</ei-ms-id>
      <id>121973</id>
      <intensity>90.0</intensity>
      <mass-charge>184.0</mass-charge>
    </ei-ms-peak>
    <ei-ms-peak>
      <ei-ms-id>1130</ei-ms-id>
      <id>121974</id>
      <intensity>40.0</intensity>
      <mass-charge>185.0</mass-charge>
    </ei-ms-peak>
    <ei-ms-peak>
      <ei-ms-id>1130</ei-ms-id>
      <id>121975</id>
      <intensity>20.0</intensity>
      <mass-charge>186.0</mass-charge>
    </ei-ms-peak>
    <ei-ms-peak>
      <ei-ms-id>1130</ei-ms-id>
      <id>121976</id>
      <intensity>20.0</intensity>
      <mass-charge>187.0</mass-charge>
    </ei-ms-peak>
    <ei-ms-peak>
      <ei-ms-id>1130</ei-ms-id>
      <id>121977</id>
      <intensity>20.0</intensity>
      <mass-charge>193.0</mass-charge>
    </ei-ms-peak>
    <ei-ms-peak>
      <ei-ms-id>1130</ei-ms-id>
      <id>121978</id>
      <intensity>60.0</intensity>
      <mass-charge>194.0</mass-charge>
    </ei-ms-peak>
    <ei-ms-peak>
      <ei-ms-id>1130</ei-ms-id>
      <id>121979</id>
      <intensity>170.0</intensity>
      <mass-charge>195.0</mass-charge>
    </ei-ms-peak>
    <ei-ms-peak>
      <ei-ms-id>1130</ei-ms-id>
      <id>121980</id>
      <intensity>40.0</intensity>
      <mass-charge>196.0</mass-charge>
    </ei-ms-peak>
    <ei-ms-peak>
      <ei-ms-id>1130</ei-ms-id>
      <id>121981</id>
      <intensity>290.0</intensity>
      <mass-charge>197.0</mass-charge>
    </ei-ms-peak>
    <ei-ms-peak>
      <ei-ms-id>1130</ei-ms-id>
      <id>121982</id>
      <intensity>260.0</intensity>
      <mass-charge>198.0</mass-charge>
    </ei-ms-peak>
    <ei-ms-peak>
      <ei-ms-id>1130</ei-ms-id>
      <id>121983</id>
      <intensity>100.0</intensity>
      <mass-charge>199.0</mass-charge>
    </ei-ms-peak>
    <ei-ms-peak>
      <ei-ms-id>1130</ei-ms-id>
      <id>121984</id>
      <intensity>10.0</intensity>
      <mass-charge>200.0</mass-charge>
    </ei-ms-peak>
    <ei-ms-peak>
      <ei-ms-id>1130</ei-ms-id>
      <id>121985</id>
      <intensity>20.0</intensity>
      <mass-charge>209.0</mass-charge>
    </ei-ms-peak>
    <ei-ms-peak>
      <ei-ms-id>1130</ei-ms-id>
      <id>121986</id>
      <intensity>20.0</intensity>
      <mass-charge>210.0</mass-charge>
    </ei-ms-peak>
    <ei-ms-peak>
      <ei-ms-id>1130</ei-ms-id>
      <id>121987</id>
      <intensity>90.0</intensity>
      <mass-charge>211.0</mass-charge>
    </ei-ms-peak>
    <ei-ms-peak>
      <ei-ms-id>1130</ei-ms-id>
      <id>121988</id>
      <intensity>10.0</intensity>
      <mass-charge>212.0</mass-charge>
    </ei-ms-peak>
    <ei-ms-peak>
      <ei-ms-id>1130</ei-ms-id>
      <id>121989</id>
      <intensity>9999.0</intensity>
      <mass-charge>213.0</mass-charge>
    </ei-ms-peak>
    <ei-ms-peak>
      <ei-ms-id>1130</ei-ms-id>
      <id>121990</id>
      <intensity>1690.0</intensity>
      <mass-charge>214.0</mass-charge>
    </ei-ms-peak>
    <ei-ms-peak>
      <ei-ms-id>1130</ei-ms-id>
      <id>121991</id>
      <intensity>170.0</intensity>
      <mass-charge>215.0</mass-charge>
    </ei-ms-peak>
    <ei-ms-peak>
      <ei-ms-id>1130</ei-ms-id>
      <id>121992</id>
      <intensity>10.0</intensity>
      <mass-charge>216.0</mass-charge>
    </ei-ms-peak>
    <ei-ms-peak>
      <ei-ms-id>1130</ei-ms-id>
      <id>121993</id>
      <intensity>2480.0</intensity>
      <mass-charge>228.0</mass-charge>
    </ei-ms-peak>
    <ei-ms-peak>
      <ei-ms-id>1130</ei-ms-id>
      <id>121994</id>
      <intensity>410.0</intensity>
      <mass-charge>229.0</mass-charge>
    </ei-ms-peak>
    <ei-ms-peak>
      <ei-ms-id>1130</ei-ms-id>
      <id>121995</id>
      <intensity>40.0</intensity>
      <mass-charge>230.0</mass-charge>
    </ei-ms-peak>
  </ei-ms-peaks>
</ei-ms>
