<?xml version="1.0" encoding="UTF-8"?>
<ei-ms>
  <collection-date nil="true"/>
  <created-at>2014-09-20T16:43:25Z</created-at>
  <database-id>HMDB15091</database-id>
  <id>1074</id>
  <inchi-key>LLPOLZWFYMWNKH-CMKMFDCUSA-N</inchi-key>
  <instrument-type nil="true"/>
  <molecule-id nil="true"/>
  <notes nil="true"/>
  <peak-counter>243</peak-counter>
  <sample-assessment nil="true"/>
  <sample-concentration nil="true"/>
  <sample-concentration-units nil="true"/>
  <sample-mass nil="true"/>
  <sample-mass-units nil="true"/>
  <sample-source nil="true"/>
  <solvent nil="true"/>
  <spectra-assessment nil="true"/>
  <updated-at>2014-09-20T16:43:25Z</updated-at>
  <references>
    <reference>
      <database>NIST</database>
      <database-id>125-29-1</database-id>
      <id>15946</id>
      <pubmed-id nil="true"/>
      <ref-text>NIST Mass Spec Data Center, S.E. Stein, director, "Mass Spectra" in NIST Chemistry WebBook, NIST Standard Reference Database Number 69, Eds. P.J. Linstrom and W.G. Mallard, National Institute of Standards and Technology, Gaithersburg MD, 20899, http://webbook.nist.gov, (retrieved September 6, 2014).</ref-text>
      <spectra-id>1074</spectra-id>
      <spectra-type>EiMs</spectra-type>
    </reference>
  </references>
  <ei-ms-peaks>
    <ei-ms-peak>
      <ei-ms-id>1074</ei-ms-id>
      <id>116393</id>
      <intensity>110.0</intensity>
      <mass-charge>15.0</mass-charge>
    </ei-ms-peak>
    <ei-ms-peak>
      <ei-ms-id>1074</ei-ms-id>
      <id>116394</id>
      <intensity>20.0</intensity>
      <mass-charge>26.0</mass-charge>
    </ei-ms-peak>
    <ei-ms-peak>
      <ei-ms-id>1074</ei-ms-id>
      <id>116395</id>
      <intensity>230.0</intensity>
      <mass-charge>27.0</mass-charge>
    </ei-ms-peak>
    <ei-ms-peak>
      <ei-ms-id>1074</ei-ms-id>
      <id>116396</id>
      <intensity>200.0</intensity>
      <mass-charge>28.0</mass-charge>
    </ei-ms-peak>
    <ei-ms-peak>
      <ei-ms-id>1074</ei-ms-id>
      <id>116397</id>
      <intensity>170.0</intensity>
      <mass-charge>29.0</mass-charge>
    </ei-ms-peak>
    <ei-ms-peak>
      <ei-ms-id>1074</ei-ms-id>
      <id>116398</id>
      <intensity>440.0</intensity>
      <mass-charge>30.0</mass-charge>
    </ei-ms-peak>
    <ei-ms-peak>
      <ei-ms-id>1074</ei-ms-id>
      <id>116399</id>
      <intensity>601.0</intensity>
      <mass-charge>31.0</mass-charge>
    </ei-ms-peak>
    <ei-ms-peak>
      <ei-ms-id>1074</ei-ms-id>
      <id>116400</id>
      <intensity>10.0</intensity>
      <mass-charge>37.0</mass-charge>
    </ei-ms-peak>
    <ei-ms-peak>
      <ei-ms-id>1074</ei-ms-id>
      <id>116401</id>
      <intensity>30.0</intensity>
      <mass-charge>38.0</mass-charge>
    </ei-ms-peak>
    <ei-ms-peak>
      <ei-ms-id>1074</ei-ms-id>
      <id>116402</id>
      <intensity>520.0</intensity>
      <mass-charge>39.0</mass-charge>
    </ei-ms-peak>
    <ei-ms-peak>
      <ei-ms-id>1074</ei-ms-id>
      <id>116403</id>
      <intensity>80.0</intensity>
      <mass-charge>40.0</mass-charge>
    </ei-ms-peak>
    <ei-ms-peak>
      <ei-ms-id>1074</ei-ms-id>
      <id>116404</id>
      <intensity>581.0</intensity>
      <mass-charge>41.0</mass-charge>
    </ei-ms-peak>
    <ei-ms-peak>
      <ei-ms-id>1074</ei-ms-id>
      <id>116405</id>
      <intensity>3363.0</intensity>
      <mass-charge>42.0</mass-charge>
    </ei-ms-peak>
    <ei-ms-peak>
      <ei-ms-id>1074</ei-ms-id>
      <id>116406</id>
      <intensity>400.0</intensity>
      <mass-charge>43.0</mass-charge>
    </ei-ms-peak>
    <ei-ms-peak>
      <ei-ms-id>1074</ei-ms-id>
      <id>116407</id>
      <intensity>1481.0</intensity>
      <mass-charge>44.0</mass-charge>
    </ei-ms-peak>
    <ei-ms-peak>
      <ei-ms-id>1074</ei-ms-id>
      <id>116408</id>
      <intensity>70.0</intensity>
      <mass-charge>45.0</mass-charge>
    </ei-ms-peak>
    <ei-ms-peak>
      <ei-ms-id>1074</ei-ms-id>
      <id>116409</id>
      <intensity>10.0</intensity>
      <mass-charge>48.0</mass-charge>
    </ei-ms-peak>
    <ei-ms-peak>
      <ei-ms-id>1074</ei-ms-id>
      <id>116410</id>
      <intensity>150.0</intensity>
      <mass-charge>50.0</mass-charge>
    </ei-ms-peak>
    <ei-ms-peak>
      <ei-ms-id>1074</ei-ms-id>
      <id>116411</id>
      <intensity>581.0</intensity>
      <mass-charge>51.0</mass-charge>
    </ei-ms-peak>
    <ei-ms-peak>
      <ei-ms-id>1074</ei-ms-id>
      <id>116412</id>
      <intensity>200.0</intensity>
      <mass-charge>52.0</mass-charge>
    </ei-ms-peak>
    <ei-ms-peak>
      <ei-ms-id>1074</ei-ms-id>
      <id>116413</id>
      <intensity>450.0</intensity>
      <mass-charge>53.0</mass-charge>
    </ei-ms-peak>
    <ei-ms-peak>
      <ei-ms-id>1074</ei-ms-id>
      <id>116414</id>
      <intensity>250.0</intensity>
      <mass-charge>54.0</mass-charge>
    </ei-ms-peak>
    <ei-ms-peak>
      <ei-ms-id>1074</ei-ms-id>
      <id>116415</id>
      <intensity>1171.0</intensity>
      <mass-charge>55.0</mass-charge>
    </ei-ms-peak>
    <ei-ms-peak>
      <ei-ms-id>1074</ei-ms-id>
      <id>116416</id>
      <intensity>330.0</intensity>
      <mass-charge>56.0</mass-charge>
    </ei-ms-peak>
    <ei-ms-peak>
      <ei-ms-id>1074</ei-ms-id>
      <id>116417</id>
      <intensity>1031.0</intensity>
      <mass-charge>57.0</mass-charge>
    </ei-ms-peak>
    <ei-ms-peak>
      <ei-ms-id>1074</ei-ms-id>
      <id>116418</id>
      <intensity>611.0</intensity>
      <mass-charge>58.0</mass-charge>
    </ei-ms-peak>
    <ei-ms-peak>
      <ei-ms-id>1074</ei-ms-id>
      <id>116419</id>
      <intensity>3003.0</intensity>
      <mass-charge>59.0</mass-charge>
    </ei-ms-peak>
    <ei-ms-peak>
      <ei-ms-id>1074</ei-ms-id>
      <id>116420</id>
      <intensity>450.0</intensity>
      <mass-charge>60.0</mass-charge>
    </ei-ms-peak>
    <ei-ms-peak>
      <ei-ms-id>1074</ei-ms-id>
      <id>116421</id>
      <intensity>20.0</intensity>
      <mass-charge>61.0</mass-charge>
    </ei-ms-peak>
    <ei-ms-peak>
      <ei-ms-id>1074</ei-ms-id>
      <id>116422</id>
      <intensity>120.0</intensity>
      <mass-charge>62.0</mass-charge>
    </ei-ms-peak>
    <ei-ms-peak>
      <ei-ms-id>1074</ei-ms-id>
      <id>116423</id>
      <intensity>601.0</intensity>
      <mass-charge>63.0</mass-charge>
    </ei-ms-peak>
    <ei-ms-peak>
      <ei-ms-id>1074</ei-ms-id>
      <id>116424</id>
      <intensity>220.0</intensity>
      <mass-charge>64.0</mass-charge>
    </ei-ms-peak>
    <ei-ms-peak>
      <ei-ms-id>1074</ei-ms-id>
      <id>116425</id>
      <intensity>591.0</intensity>
      <mass-charge>65.0</mass-charge>
    </ei-ms-peak>
    <ei-ms-peak>
      <ei-ms-id>1074</ei-ms-id>
      <id>116426</id>
      <intensity>140.0</intensity>
      <mass-charge>66.0</mass-charge>
    </ei-ms-peak>
    <ei-ms-peak>
      <ei-ms-id>1074</ei-ms-id>
      <id>116427</id>
      <intensity>280.0</intensity>
      <mass-charge>67.0</mass-charge>
    </ei-ms-peak>
    <ei-ms-peak>
      <ei-ms-id>1074</ei-ms-id>
      <id>116428</id>
      <intensity>510.0</intensity>
      <mass-charge>68.0</mass-charge>
    </ei-ms-peak>
    <ei-ms-peak>
      <ei-ms-id>1074</ei-ms-id>
      <id>116429</id>
      <intensity>170.0</intensity>
      <mass-charge>69.0</mass-charge>
    </ei-ms-peak>
    <ei-ms-peak>
      <ei-ms-id>1074</ei-ms-id>
      <id>116430</id>
      <intensity>1772.0</intensity>
      <mass-charge>70.0</mass-charge>
    </ei-ms-peak>
    <ei-ms-peak>
      <ei-ms-id>1074</ei-ms-id>
      <id>116431</id>
      <intensity>160.0</intensity>
      <mass-charge>71.0</mass-charge>
    </ei-ms-peak>
    <ei-ms-peak>
      <ei-ms-id>1074</ei-ms-id>
      <id>116432</id>
      <intensity>90.0</intensity>
      <mass-charge>72.0</mass-charge>
    </ei-ms-peak>
    <ei-ms-peak>
      <ei-ms-id>1074</ei-ms-id>
      <id>116433</id>
      <intensity>110.0</intensity>
      <mass-charge>74.0</mass-charge>
    </ei-ms-peak>
    <ei-ms-peak>
      <ei-ms-id>1074</ei-ms-id>
      <id>116434</id>
      <intensity>280.0</intensity>
      <mass-charge>75.0</mass-charge>
    </ei-ms-peak>
    <ei-ms-peak>
      <ei-ms-id>1074</ei-ms-id>
      <id>116435</id>
      <intensity>310.0</intensity>
      <mass-charge>76.0</mass-charge>
    </ei-ms-peak>
    <ei-ms-peak>
      <ei-ms-id>1074</ei-ms-id>
      <id>116436</id>
      <intensity>1191.0</intensity>
      <mass-charge>77.0</mass-charge>
    </ei-ms-peak>
    <ei-ms-peak>
      <ei-ms-id>1074</ei-ms-id>
      <id>116437</id>
      <intensity>390.0</intensity>
      <mass-charge>78.0</mass-charge>
    </ei-ms-peak>
    <ei-ms-peak>
      <ei-ms-id>1074</ei-ms-id>
      <id>116438</id>
      <intensity>290.0</intensity>
      <mass-charge>79.0</mass-charge>
    </ei-ms-peak>
    <ei-ms-peak>
      <ei-ms-id>1074</ei-ms-id>
      <id>116439</id>
      <intensity>210.0</intensity>
      <mass-charge>80.0</mass-charge>
    </ei-ms-peak>
    <ei-ms-peak>
      <ei-ms-id>1074</ei-ms-id>
      <id>116440</id>
      <intensity>320.0</intensity>
      <mass-charge>81.0</mass-charge>
    </ei-ms-peak>
    <ei-ms-peak>
      <ei-ms-id>1074</ei-ms-id>
      <id>116441</id>
      <intensity>1501.0</intensity>
      <mass-charge>82.0</mass-charge>
    </ei-ms-peak>
    <ei-ms-peak>
      <ei-ms-id>1074</ei-ms-id>
      <id>116442</id>
      <intensity>490.0</intensity>
      <mass-charge>83.0</mass-charge>
    </ei-ms-peak>
    <ei-ms-peak>
      <ei-ms-id>1074</ei-ms-id>
      <id>116443</id>
      <intensity>621.0</intensity>
      <mass-charge>84.0</mass-charge>
    </ei-ms-peak>
    <ei-ms-peak>
      <ei-ms-id>1074</ei-ms-id>
      <id>116444</id>
      <intensity>100.0</intensity>
      <mass-charge>85.0</mass-charge>
    </ei-ms-peak>
    <ei-ms-peak>
      <ei-ms-id>1074</ei-ms-id>
      <id>116445</id>
      <intensity>110.0</intensity>
      <mass-charge>86.0</mass-charge>
    </ei-ms-peak>
    <ei-ms-peak>
      <ei-ms-id>1074</ei-ms-id>
      <id>116446</id>
      <intensity>140.0</intensity>
      <mass-charge>87.0</mass-charge>
    </ei-ms-peak>
    <ei-ms-peak>
      <ei-ms-id>1074</ei-ms-id>
      <id>116447</id>
      <intensity>170.0</intensity>
      <mass-charge>88.0</mass-charge>
    </ei-ms-peak>
    <ei-ms-peak>
      <ei-ms-id>1074</ei-ms-id>
      <id>116448</id>
      <intensity>611.0</intensity>
      <mass-charge>89.0</mass-charge>
    </ei-ms-peak>
    <ei-ms-peak>
      <ei-ms-id>1074</ei-ms-id>
      <id>116449</id>
      <intensity>991.0</intensity>
      <mass-charge>91.0</mass-charge>
    </ei-ms-peak>
    <ei-ms-peak>
      <ei-ms-id>1074</ei-ms-id>
      <id>116450</id>
      <intensity>240.0</intensity>
      <mass-charge>92.0</mass-charge>
    </ei-ms-peak>
    <ei-ms-peak>
      <ei-ms-id>1074</ei-ms-id>
      <id>116451</id>
      <intensity>160.0</intensity>
      <mass-charge>93.0</mass-charge>
    </ei-ms-peak>
    <ei-ms-peak>
      <ei-ms-id>1074</ei-ms-id>
      <id>116452</id>
      <intensity>671.0</intensity>
      <mass-charge>94.0</mass-charge>
    </ei-ms-peak>
    <ei-ms-peak>
      <ei-ms-id>1074</ei-ms-id>
      <id>116453</id>
      <intensity>200.0</intensity>
      <mass-charge>95.0</mass-charge>
    </ei-ms-peak>
    <ei-ms-peak>
      <ei-ms-id>1074</ei-ms-id>
      <id>116454</id>
      <intensity>3513.0</intensity>
      <mass-charge>96.0</mass-charge>
    </ei-ms-peak>
    <ei-ms-peak>
      <ei-ms-id>1074</ei-ms-id>
      <id>116455</id>
      <intensity>360.0</intensity>
      <mass-charge>97.0</mass-charge>
    </ei-ms-peak>
    <ei-ms-peak>
      <ei-ms-id>1074</ei-ms-id>
      <id>116456</id>
      <intensity>180.0</intensity>
      <mass-charge>98.0</mass-charge>
    </ei-ms-peak>
    <ei-ms-peak>
      <ei-ms-id>1074</ei-ms-id>
      <id>116457</id>
      <intensity>160.0</intensity>
      <mass-charge>99.0</mass-charge>
    </ei-ms-peak>
    <ei-ms-peak>
      <ei-ms-id>1074</ei-ms-id>
      <id>116458</id>
      <intensity>240.0</intensity>
      <mass-charge>101.0</mass-charge>
    </ei-ms-peak>
    <ei-ms-peak>
      <ei-ms-id>1074</ei-ms-id>
      <id>116459</id>
      <intensity>631.0</intensity>
      <mass-charge>102.0</mass-charge>
    </ei-ms-peak>
    <ei-ms-peak>
      <ei-ms-id>1074</ei-ms-id>
      <id>116460</id>
      <intensity>801.0</intensity>
      <mass-charge>103.0</mass-charge>
    </ei-ms-peak>
    <ei-ms-peak>
      <ei-ms-id>1074</ei-ms-id>
      <id>116461</id>
      <intensity>230.0</intensity>
      <mass-charge>104.0</mass-charge>
    </ei-ms-peak>
    <ei-ms-peak>
      <ei-ms-id>1074</ei-ms-id>
      <id>116462</id>
      <intensity>250.0</intensity>
      <mass-charge>105.0</mass-charge>
    </ei-ms-peak>
    <ei-ms-peak>
      <ei-ms-id>1074</ei-ms-id>
      <id>116463</id>
      <intensity>200.0</intensity>
      <mass-charge>106.0</mass-charge>
    </ei-ms-peak>
    <ei-ms-peak>
      <ei-ms-id>1074</ei-ms-id>
      <id>116464</id>
      <intensity>320.0</intensity>
      <mass-charge>107.0</mass-charge>
    </ei-ms-peak>
    <ei-ms-peak>
      <ei-ms-id>1074</ei-ms-id>
      <id>116465</id>
      <intensity>260.0</intensity>
      <mass-charge>108.0</mass-charge>
    </ei-ms-peak>
    <ei-ms-peak>
      <ei-ms-id>1074</ei-ms-id>
      <id>116466</id>
      <intensity>120.0</intensity>
      <mass-charge>109.0</mass-charge>
    </ei-ms-peak>
    <ei-ms-peak>
      <ei-ms-id>1074</ei-ms-id>
      <id>116467</id>
      <intensity>220.0</intensity>
      <mass-charge>110.0</mass-charge>
    </ei-ms-peak>
    <ei-ms-peak>
      <ei-ms-id>1074</ei-ms-id>
      <id>116468</id>
      <intensity>130.0</intensity>
      <mass-charge>111.0</mass-charge>
    </ei-ms-peak>
    <ei-ms-peak>
      <ei-ms-id>1074</ei-ms-id>
      <id>116469</id>
      <intensity>140.0</intensity>
      <mass-charge>112.0</mass-charge>
    </ei-ms-peak>
    <ei-ms-peak>
      <ei-ms-id>1074</ei-ms-id>
      <id>116470</id>
      <intensity>320.0</intensity>
      <mass-charge>113.0</mass-charge>
    </ei-ms-peak>
    <ei-ms-peak>
      <ei-ms-id>1074</ei-ms-id>
      <id>116471</id>
      <intensity>721.0</intensity>
      <mass-charge>114.0</mass-charge>
    </ei-ms-peak>
    <ei-ms-peak>
      <ei-ms-id>1074</ei-ms-id>
      <id>116472</id>
      <intensity>3623.0</intensity>
      <mass-charge>115.0</mass-charge>
    </ei-ms-peak>
    <ei-ms-peak>
      <ei-ms-id>1074</ei-ms-id>
      <id>116473</id>
      <intensity>841.0</intensity>
      <mass-charge>116.0</mass-charge>
    </ei-ms-peak>
    <ei-ms-peak>
      <ei-ms-id>1074</ei-ms-id>
      <id>116474</id>
      <intensity>530.0</intensity>
      <mass-charge>117.0</mass-charge>
    </ei-ms-peak>
    <ei-ms-peak>
      <ei-ms-id>1074</ei-ms-id>
      <id>116475</id>
      <intensity>260.0</intensity>
      <mass-charge>118.0</mass-charge>
    </ei-ms-peak>
    <ei-ms-peak>
      <ei-ms-id>1074</ei-ms-id>
      <id>116476</id>
      <intensity>150.0</intensity>
      <mass-charge>119.0</mass-charge>
    </ei-ms-peak>
    <ei-ms-peak>
      <ei-ms-id>1074</ei-ms-id>
      <id>116477</id>
      <intensity>310.0</intensity>
      <mass-charge>120.0</mass-charge>
    </ei-ms-peak>
    <ei-ms-peak>
      <ei-ms-id>1074</ei-ms-id>
      <id>116478</id>
      <intensity>591.0</intensity>
      <mass-charge>121.0</mass-charge>
    </ei-ms-peak>
    <ei-ms-peak>
      <ei-ms-id>1074</ei-ms-id>
      <id>116479</id>
      <intensity>50.0</intensity>
      <mass-charge>123.0</mass-charge>
    </ei-ms-peak>
    <ei-ms-peak>
      <ei-ms-id>1074</ei-ms-id>
      <id>116480</id>
      <intensity>360.0</intensity>
      <mass-charge>124.0</mass-charge>
    </ei-ms-peak>
    <ei-ms-peak>
      <ei-ms-id>1074</ei-ms-id>
      <id>116481</id>
      <intensity>70.0</intensity>
      <mass-charge>125.0</mass-charge>
    </ei-ms-peak>
    <ei-ms-peak>
      <ei-ms-id>1074</ei-ms-id>
      <id>116482</id>
      <intensity>380.0</intensity>
      <mass-charge>126.0</mass-charge>
    </ei-ms-peak>
    <ei-ms-peak>
      <ei-ms-id>1074</ei-ms-id>
      <id>116483</id>
      <intensity>1501.0</intensity>
      <mass-charge>127.0</mass-charge>
    </ei-ms-peak>
    <ei-ms-peak>
      <ei-ms-id>1074</ei-ms-id>
      <id>116484</id>
      <intensity>2602.0</intensity>
      <mass-charge>128.0</mass-charge>
    </ei-ms-peak>
    <ei-ms-peak>
      <ei-ms-id>1074</ei-ms-id>
      <id>116485</id>
      <intensity>1031.0</intensity>
      <mass-charge>129.0</mass-charge>
    </ei-ms-peak>
    <ei-ms-peak>
      <ei-ms-id>1074</ei-ms-id>
      <id>116486</id>
      <intensity>350.0</intensity>
      <mass-charge>130.0</mass-charge>
    </ei-ms-peak>
    <ei-ms-peak>
      <ei-ms-id>1074</ei-ms-id>
      <id>116487</id>
      <intensity>651.0</intensity>
      <mass-charge>131.0</mass-charge>
    </ei-ms-peak>
    <ei-ms-peak>
      <ei-ms-id>1074</ei-ms-id>
      <id>116488</id>
      <intensity>320.0</intensity>
      <mass-charge>132.0</mass-charge>
    </ei-ms-peak>
    <ei-ms-peak>
      <ei-ms-id>1074</ei-ms-id>
      <id>116489</id>
      <intensity>160.0</intensity>
      <mass-charge>133.0</mass-charge>
    </ei-ms-peak>
    <ei-ms-peak>
      <ei-ms-id>1074</ei-ms-id>
      <id>116490</id>
      <intensity>500.0</intensity>
      <mass-charge>134.0</mass-charge>
    </ei-ms-peak>
    <ei-ms-peak>
      <ei-ms-id>1074</ei-ms-id>
      <id>116491</id>
      <intensity>130.0</intensity>
      <mass-charge>135.0</mass-charge>
    </ei-ms-peak>
    <ei-ms-peak>
      <ei-ms-id>1074</ei-ms-id>
      <id>116492</id>
      <intensity>190.0</intensity>
      <mass-charge>136.0</mass-charge>
    </ei-ms-peak>
    <ei-ms-peak>
      <ei-ms-id>1074</ei-ms-id>
      <id>116493</id>
      <intensity>130.0</intensity>
      <mass-charge>137.0</mass-charge>
    </ei-ms-peak>
    <ei-ms-peak>
      <ei-ms-id>1074</ei-ms-id>
      <id>116494</id>
      <intensity>60.0</intensity>
      <mass-charge>138.0</mass-charge>
    </ei-ms-peak>
    <ei-ms-peak>
      <ei-ms-id>1074</ei-ms-id>
      <id>116495</id>
      <intensity>561.0</intensity>
      <mass-charge>139.0</mass-charge>
    </ei-ms-peak>
    <ei-ms-peak>
      <ei-ms-id>1074</ei-ms-id>
      <id>116496</id>
      <intensity>270.0</intensity>
      <mass-charge>140.0</mass-charge>
    </ei-ms-peak>
    <ei-ms-peak>
      <ei-ms-id>1074</ei-ms-id>
      <id>116497</id>
      <intensity>1061.0</intensity>
      <mass-charge>141.0</mass-charge>
    </ei-ms-peak>
    <ei-ms-peak>
      <ei-ms-id>1074</ei-ms-id>
      <id>116498</id>
      <intensity>500.0</intensity>
      <mass-charge>142.0</mass-charge>
    </ei-ms-peak>
    <ei-ms-peak>
      <ei-ms-id>1074</ei-ms-id>
      <id>116499</id>
      <intensity>581.0</intensity>
      <mass-charge>143.0</mass-charge>
    </ei-ms-peak>
    <ei-ms-peak>
      <ei-ms-id>1074</ei-ms-id>
      <id>116500</id>
      <intensity>821.0</intensity>
      <mass-charge>144.0</mass-charge>
    </ei-ms-peak>
    <ei-ms-peak>
      <ei-ms-id>1074</ei-ms-id>
      <id>116501</id>
      <intensity>540.0</intensity>
      <mass-charge>145.0</mass-charge>
    </ei-ms-peak>
    <ei-ms-peak>
      <ei-ms-id>1074</ei-ms-id>
      <id>116502</id>
      <intensity>260.0</intensity>
      <mass-charge>146.0</mass-charge>
    </ei-ms-peak>
    <ei-ms-peak>
      <ei-ms-id>1074</ei-ms-id>
      <id>116503</id>
      <intensity>140.0</intensity>
      <mass-charge>147.0</mass-charge>
    </ei-ms-peak>
    <ei-ms-peak>
      <ei-ms-id>1074</ei-ms-id>
      <id>116504</id>
      <intensity>130.0</intensity>
      <mass-charge>148.0</mass-charge>
    </ei-ms-peak>
    <ei-ms-peak>
      <ei-ms-id>1074</ei-ms-id>
      <id>116505</id>
      <intensity>180.0</intensity>
      <mass-charge>151.0</mass-charge>
    </ei-ms-peak>
    <ei-ms-peak>
      <ei-ms-id>1074</ei-ms-id>
      <id>116506</id>
      <intensity>631.0</intensity>
      <mass-charge>152.0</mass-charge>
    </ei-ms-peak>
    <ei-ms-peak>
      <ei-ms-id>1074</ei-ms-id>
      <id>116507</id>
      <intensity>691.0</intensity>
      <mass-charge>153.0</mass-charge>
    </ei-ms-peak>
    <ei-ms-peak>
      <ei-ms-id>1074</ei-ms-id>
      <id>116508</id>
      <intensity>390.0</intensity>
      <mass-charge>154.0</mass-charge>
    </ei-ms-peak>
    <ei-ms-peak>
      <ei-ms-id>1074</ei-ms-id>
      <id>116509</id>
      <intensity>1001.0</intensity>
      <mass-charge>155.0</mass-charge>
    </ei-ms-peak>
    <ei-ms-peak>
      <ei-ms-id>1074</ei-ms-id>
      <id>116510</id>
      <intensity>520.0</intensity>
      <mass-charge>156.0</mass-charge>
    </ei-ms-peak>
    <ei-ms-peak>
      <ei-ms-id>1074</ei-ms-id>
      <id>116511</id>
      <intensity>661.0</intensity>
      <mass-charge>157.0</mass-charge>
    </ei-ms-peak>
    <ei-ms-peak>
      <ei-ms-id>1074</ei-ms-id>
      <id>116512</id>
      <intensity>561.0</intensity>
      <mass-charge>158.0</mass-charge>
    </ei-ms-peak>
    <ei-ms-peak>
      <ei-ms-id>1074</ei-ms-id>
      <id>116513</id>
      <intensity>500.0</intensity>
      <mass-charge>159.0</mass-charge>
    </ei-ms-peak>
    <ei-ms-peak>
      <ei-ms-id>1074</ei-ms-id>
      <id>116514</id>
      <intensity>260.0</intensity>
      <mass-charge>160.0</mass-charge>
    </ei-ms-peak>
    <ei-ms-peak>
      <ei-ms-id>1074</ei-ms-id>
      <id>116515</id>
      <intensity>430.0</intensity>
      <mass-charge>161.0</mass-charge>
    </ei-ms-peak>
    <ei-ms-peak>
      <ei-ms-id>1074</ei-ms-id>
      <id>116516</id>
      <intensity>611.0</intensity>
      <mass-charge>162.0</mass-charge>
    </ei-ms-peak>
    <ei-ms-peak>
      <ei-ms-id>1074</ei-ms-id>
      <id>116517</id>
      <intensity>130.0</intensity>
      <mass-charge>163.0</mass-charge>
    </ei-ms-peak>
    <ei-ms-peak>
      <ei-ms-id>1074</ei-ms-id>
      <id>116518</id>
      <intensity>80.0</intensity>
      <mass-charge>164.0</mass-charge>
    </ei-ms-peak>
    <ei-ms-peak>
      <ei-ms-id>1074</ei-ms-id>
      <id>116519</id>
      <intensity>330.0</intensity>
      <mass-charge>165.0</mass-charge>
    </ei-ms-peak>
    <ei-ms-peak>
      <ei-ms-id>1074</ei-ms-id>
      <id>116520</id>
      <intensity>160.0</intensity>
      <mass-charge>166.0</mass-charge>
    </ei-ms-peak>
    <ei-ms-peak>
      <ei-ms-id>1074</ei-ms-id>
      <id>116521</id>
      <intensity>260.0</intensity>
      <mass-charge>167.0</mass-charge>
    </ei-ms-peak>
    <ei-ms-peak>
      <ei-ms-id>1074</ei-ms-id>
      <id>116522</id>
      <intensity>611.0</intensity>
      <mass-charge>168.0</mass-charge>
    </ei-ms-peak>
    <ei-ms-peak>
      <ei-ms-id>1074</ei-ms-id>
      <id>116523</id>
      <intensity>671.0</intensity>
      <mass-charge>169.0</mass-charge>
    </ei-ms-peak>
    <ei-ms-peak>
      <ei-ms-id>1074</ei-ms-id>
      <id>116524</id>
      <intensity>811.0</intensity>
      <mass-charge>170.0</mass-charge>
    </ei-ms-peak>
    <ei-ms-peak>
      <ei-ms-id>1074</ei-ms-id>
      <id>116525</id>
      <intensity>821.0</intensity>
      <mass-charge>171.0</mass-charge>
    </ei-ms-peak>
    <ei-ms-peak>
      <ei-ms-id>1074</ei-ms-id>
      <id>116526</id>
      <intensity>410.0</intensity>
      <mass-charge>172.0</mass-charge>
    </ei-ms-peak>
    <ei-ms-peak>
      <ei-ms-id>1074</ei-ms-id>
      <id>116527</id>
      <intensity>510.0</intensity>
      <mass-charge>173.0</mass-charge>
    </ei-ms-peak>
    <ei-ms-peak>
      <ei-ms-id>1074</ei-ms-id>
      <id>116528</id>
      <intensity>450.0</intensity>
      <mass-charge>174.0</mass-charge>
    </ei-ms-peak>
    <ei-ms-peak>
      <ei-ms-id>1074</ei-ms-id>
      <id>116529</id>
      <intensity>591.0</intensity>
      <mass-charge>175.0</mass-charge>
    </ei-ms-peak>
    <ei-ms-peak>
      <ei-ms-id>1074</ei-ms-id>
      <id>116530</id>
      <intensity>200.0</intensity>
      <mass-charge>176.0</mass-charge>
    </ei-ms-peak>
    <ei-ms-peak>
      <ei-ms-id>1074</ei-ms-id>
      <id>116531</id>
      <intensity>70.0</intensity>
      <mass-charge>177.0</mass-charge>
    </ei-ms-peak>
    <ei-ms-peak>
      <ei-ms-id>1074</ei-ms-id>
      <id>116532</id>
      <intensity>80.0</intensity>
      <mass-charge>178.0</mass-charge>
    </ei-ms-peak>
    <ei-ms-peak>
      <ei-ms-id>1074</ei-ms-id>
      <id>116533</id>
      <intensity>70.0</intensity>
      <mass-charge>179.0</mass-charge>
    </ei-ms-peak>
    <ei-ms-peak>
      <ei-ms-id>1074</ei-ms-id>
      <id>116534</id>
      <intensity>90.0</intensity>
      <mass-charge>180.0</mass-charge>
    </ei-ms-peak>
    <ei-ms-peak>
      <ei-ms-id>1074</ei-ms-id>
      <id>116535</id>
      <intensity>601.0</intensity>
      <mass-charge>181.0</mass-charge>
    </ei-ms-peak>
    <ei-ms-peak>
      <ei-ms-id>1074</ei-ms-id>
      <id>116536</id>
      <intensity>380.0</intensity>
      <mass-charge>182.0</mass-charge>
    </ei-ms-peak>
    <ei-ms-peak>
      <ei-ms-id>1074</ei-ms-id>
      <id>116537</id>
      <intensity>691.0</intensity>
      <mass-charge>183.0</mass-charge>
    </ei-ms-peak>
    <ei-ms-peak>
      <ei-ms-id>1074</ei-ms-id>
      <id>116538</id>
      <intensity>641.0</intensity>
      <mass-charge>184.0</mass-charge>
    </ei-ms-peak>
    <ei-ms-peak>
      <ei-ms-id>1074</ei-ms-id>
      <id>116539</id>
      <intensity>2983.0</intensity>
      <mass-charge>185.0</mass-charge>
    </ei-ms-peak>
    <ei-ms-peak>
      <ei-ms-id>1074</ei-ms-id>
      <id>116540</id>
      <intensity>871.0</intensity>
      <mass-charge>186.0</mass-charge>
    </ei-ms-peak>
    <ei-ms-peak>
      <ei-ms-id>1074</ei-ms-id>
      <id>116541</id>
      <intensity>641.0</intensity>
      <mass-charge>187.0</mass-charge>
    </ei-ms-peak>
    <ei-ms-peak>
      <ei-ms-id>1074</ei-ms-id>
      <id>116542</id>
      <intensity>1111.0</intensity>
      <mass-charge>188.0</mass-charge>
    </ei-ms-peak>
    <ei-ms-peak>
      <ei-ms-id>1074</ei-ms-id>
      <id>116543</id>
      <intensity>270.0</intensity>
      <mass-charge>189.0</mass-charge>
    </ei-ms-peak>
    <ei-ms-peak>
      <ei-ms-id>1074</ei-ms-id>
      <id>116544</id>
      <intensity>130.0</intensity>
      <mass-charge>190.0</mass-charge>
    </ei-ms-peak>
    <ei-ms-peak>
      <ei-ms-id>1074</ei-ms-id>
      <id>116545</id>
      <intensity>40.0</intensity>
      <mass-charge>191.0</mass-charge>
    </ei-ms-peak>
    <ei-ms-peak>
      <ei-ms-id>1074</ei-ms-id>
      <id>116546</id>
      <intensity>20.0</intensity>
      <mass-charge>192.0</mass-charge>
    </ei-ms-peak>
    <ei-ms-peak>
      <ei-ms-id>1074</ei-ms-id>
      <id>116547</id>
      <intensity>40.0</intensity>
      <mass-charge>193.0</mass-charge>
    </ei-ms-peak>
    <ei-ms-peak>
      <ei-ms-id>1074</ei-ms-id>
      <id>116548</id>
      <intensity>160.0</intensity>
      <mass-charge>194.0</mass-charge>
    </ei-ms-peak>
    <ei-ms-peak>
      <ei-ms-id>1074</ei-ms-id>
      <id>116549</id>
      <intensity>170.0</intensity>
      <mass-charge>195.0</mass-charge>
    </ei-ms-peak>
    <ei-ms-peak>
      <ei-ms-id>1074</ei-ms-id>
      <id>116550</id>
      <intensity>460.0</intensity>
      <mass-charge>196.0</mass-charge>
    </ei-ms-peak>
    <ei-ms-peak>
      <ei-ms-id>1074</ei-ms-id>
      <id>116551</id>
      <intensity>651.0</intensity>
      <mass-charge>197.0</mass-charge>
    </ei-ms-peak>
    <ei-ms-peak>
      <ei-ms-id>1074</ei-ms-id>
      <id>116552</id>
      <intensity>1111.0</intensity>
      <mass-charge>198.0</mass-charge>
    </ei-ms-peak>
    <ei-ms-peak>
      <ei-ms-id>1074</ei-ms-id>
      <id>116553</id>
      <intensity>1531.0</intensity>
      <mass-charge>199.0</mass-charge>
    </ei-ms-peak>
    <ei-ms-peak>
      <ei-ms-id>1074</ei-ms-id>
      <id>116554</id>
      <intensity>851.0</intensity>
      <mass-charge>200.0</mass-charge>
    </ei-ms-peak>
    <ei-ms-peak>
      <ei-ms-id>1074</ei-ms-id>
      <id>116555</id>
      <intensity>641.0</intensity>
      <mass-charge>201.0</mass-charge>
    </ei-ms-peak>
    <ei-ms-peak>
      <ei-ms-id>1074</ei-ms-id>
      <id>116556</id>
      <intensity>360.0</intensity>
      <mass-charge>202.0</mass-charge>
    </ei-ms-peak>
    <ei-ms-peak>
      <ei-ms-id>1074</ei-ms-id>
      <id>116557</id>
      <intensity>100.0</intensity>
      <mass-charge>203.0</mass-charge>
    </ei-ms-peak>
    <ei-ms-peak>
      <ei-ms-id>1074</ei-ms-id>
      <id>116558</id>
      <intensity>40.0</intensity>
      <mass-charge>204.0</mass-charge>
    </ei-ms-peak>
    <ei-ms-peak>
      <ei-ms-id>1074</ei-ms-id>
      <id>116559</id>
      <intensity>20.0</intensity>
      <mass-charge>205.0</mass-charge>
    </ei-ms-peak>
    <ei-ms-peak>
      <ei-ms-id>1074</ei-ms-id>
      <id>116560</id>
      <intensity>10.0</intensity>
      <mass-charge>206.0</mass-charge>
    </ei-ms-peak>
    <ei-ms-peak>
      <ei-ms-id>1074</ei-ms-id>
      <id>116561</id>
      <intensity>30.0</intensity>
      <mass-charge>207.0</mass-charge>
    </ei-ms-peak>
    <ei-ms-peak>
      <ei-ms-id>1074</ei-ms-id>
      <id>116562</id>
      <intensity>40.0</intensity>
      <mass-charge>208.0</mass-charge>
    </ei-ms-peak>
    <ei-ms-peak>
      <ei-ms-id>1074</ei-ms-id>
      <id>116563</id>
      <intensity>100.0</intensity>
      <mass-charge>209.0</mass-charge>
    </ei-ms-peak>
    <ei-ms-peak>
      <ei-ms-id>1074</ei-ms-id>
      <id>116564</id>
      <intensity>210.0</intensity>
      <mass-charge>210.0</mass-charge>
    </ei-ms-peak>
    <ei-ms-peak>
      <ei-ms-id>1074</ei-ms-id>
      <id>116565</id>
      <intensity>290.0</intensity>
      <mass-charge>211.0</mass-charge>
    </ei-ms-peak>
    <ei-ms-peak>
      <ei-ms-id>1074</ei-ms-id>
      <id>116566</id>
      <intensity>1742.0</intensity>
      <mass-charge>212.0</mass-charge>
    </ei-ms-peak>
    <ei-ms-peak>
      <ei-ms-id>1074</ei-ms-id>
      <id>116567</id>
      <intensity>1291.0</intensity>
      <mass-charge>213.0</mass-charge>
    </ei-ms-peak>
    <ei-ms-peak>
      <ei-ms-id>1074</ei-ms-id>
      <id>116568</id>
      <intensity>2662.0</intensity>
      <mass-charge>214.0</mass-charge>
    </ei-ms-peak>
    <ei-ms-peak>
      <ei-ms-id>1074</ei-ms-id>
      <id>116569</id>
      <intensity>701.0</intensity>
      <mass-charge>215.0</mass-charge>
    </ei-ms-peak>
    <ei-ms-peak>
      <ei-ms-id>1074</ei-ms-id>
      <id>116570</id>
      <intensity>230.0</intensity>
      <mass-charge>216.0</mass-charge>
    </ei-ms-peak>
    <ei-ms-peak>
      <ei-ms-id>1074</ei-ms-id>
      <id>116571</id>
      <intensity>150.0</intensity>
      <mass-charge>217.0</mass-charge>
    </ei-ms-peak>
    <ei-ms-peak>
      <ei-ms-id>1074</ei-ms-id>
      <id>116572</id>
      <intensity>40.0</intensity>
      <mass-charge>218.0</mass-charge>
    </ei-ms-peak>
    <ei-ms-peak>
      <ei-ms-id>1074</ei-ms-id>
      <id>116573</id>
      <intensity>10.0</intensity>
      <mass-charge>219.0</mass-charge>
    </ei-ms-peak>
    <ei-ms-peak>
      <ei-ms-id>1074</ei-ms-id>
      <id>116574</id>
      <intensity>10.0</intensity>
      <mass-charge>220.0</mass-charge>
    </ei-ms-peak>
    <ei-ms-peak>
      <ei-ms-id>1074</ei-ms-id>
      <id>116575</id>
      <intensity>10.0</intensity>
      <mass-charge>221.0</mass-charge>
    </ei-ms-peak>
    <ei-ms-peak>
      <ei-ms-id>1074</ei-ms-id>
      <id>116576</id>
      <intensity>40.0</intensity>
      <mass-charge>222.0</mass-charge>
    </ei-ms-peak>
    <ei-ms-peak>
      <ei-ms-id>1074</ei-ms-id>
      <id>116577</id>
      <intensity>60.0</intensity>
      <mass-charge>223.0</mass-charge>
    </ei-ms-peak>
    <ei-ms-peak>
      <ei-ms-id>1074</ei-ms-id>
      <id>116578</id>
      <intensity>230.0</intensity>
      <mass-charge>224.0</mass-charge>
    </ei-ms-peak>
    <ei-ms-peak>
      <ei-ms-id>1074</ei-ms-id>
      <id>116579</id>
      <intensity>350.0</intensity>
      <mass-charge>225.0</mass-charge>
    </ei-ms-peak>
    <ei-ms-peak>
      <ei-ms-id>1074</ei-ms-id>
      <id>116580</id>
      <intensity>430.0</intensity>
      <mass-charge>226.0</mass-charge>
    </ei-ms-peak>
    <ei-ms-peak>
      <ei-ms-id>1074</ei-ms-id>
      <id>116581</id>
      <intensity>520.0</intensity>
      <mass-charge>227.0</mass-charge>
    </ei-ms-peak>
    <ei-ms-peak>
      <ei-ms-id>1074</ei-ms-id>
      <id>116582</id>
      <intensity>2212.0</intensity>
      <mass-charge>228.0</mass-charge>
    </ei-ms-peak>
    <ei-ms-peak>
      <ei-ms-id>1074</ei-ms-id>
      <id>116583</id>
      <intensity>581.0</intensity>
      <mass-charge>229.0</mass-charge>
    </ei-ms-peak>
    <ei-ms-peak>
      <ei-ms-id>1074</ei-ms-id>
      <id>116584</id>
      <intensity>510.0</intensity>
      <mass-charge>230.0</mass-charge>
    </ei-ms-peak>
    <ei-ms-peak>
      <ei-ms-id>1074</ei-ms-id>
      <id>116585</id>
      <intensity>80.0</intensity>
      <mass-charge>231.0</mass-charge>
    </ei-ms-peak>
    <ei-ms-peak>
      <ei-ms-id>1074</ei-ms-id>
      <id>116586</id>
      <intensity>10.0</intensity>
      <mass-charge>232.0</mass-charge>
    </ei-ms-peak>
    <ei-ms-peak>
      <ei-ms-id>1074</ei-ms-id>
      <id>116587</id>
      <intensity>10.0</intensity>
      <mass-charge>234.0</mass-charge>
    </ei-ms-peak>
    <ei-ms-peak>
      <ei-ms-id>1074</ei-ms-id>
      <id>116588</id>
      <intensity>10.0</intensity>
      <mass-charge>235.0</mass-charge>
    </ei-ms-peak>
    <ei-ms-peak>
      <ei-ms-id>1074</ei-ms-id>
      <id>116589</id>
      <intensity>20.0</intensity>
      <mass-charge>236.0</mass-charge>
    </ei-ms-peak>
    <ei-ms-peak>
      <ei-ms-id>1074</ei-ms-id>
      <id>116590</id>
      <intensity>20.0</intensity>
      <mass-charge>237.0</mass-charge>
    </ei-ms-peak>
    <ei-ms-peak>
      <ei-ms-id>1074</ei-ms-id>
      <id>116591</id>
      <intensity>110.0</intensity>
      <mass-charge>238.0</mass-charge>
    </ei-ms-peak>
    <ei-ms-peak>
      <ei-ms-id>1074</ei-ms-id>
      <id>116592</id>
      <intensity>90.0</intensity>
      <mass-charge>239.0</mass-charge>
    </ei-ms-peak>
    <ei-ms-peak>
      <ei-ms-id>1074</ei-ms-id>
      <id>116593</id>
      <intensity>1041.0</intensity>
      <mass-charge>240.0</mass-charge>
    </ei-ms-peak>
    <ei-ms-peak>
      <ei-ms-id>1074</ei-ms-id>
      <id>116594</id>
      <intensity>500.0</intensity>
      <mass-charge>241.0</mass-charge>
    </ei-ms-peak>
    <ei-ms-peak>
      <ei-ms-id>1074</ei-ms-id>
      <id>116595</id>
      <intensity>5185.0</intensity>
      <mass-charge>242.0</mass-charge>
    </ei-ms-peak>
    <ei-ms-peak>
      <ei-ms-id>1074</ei-ms-id>
      <id>116596</id>
      <intensity>3453.0</intensity>
      <mass-charge>243.0</mass-charge>
    </ei-ms-peak>
    <ei-ms-peak>
      <ei-ms-id>1074</ei-ms-id>
      <id>116597</id>
      <intensity>671.0</intensity>
      <mass-charge>244.0</mass-charge>
    </ei-ms-peak>
    <ei-ms-peak>
      <ei-ms-id>1074</ei-ms-id>
      <id>116598</id>
      <intensity>80.0</intensity>
      <mass-charge>245.0</mass-charge>
    </ei-ms-peak>
    <ei-ms-peak>
      <ei-ms-id>1074</ei-ms-id>
      <id>116599</id>
      <intensity>10.0</intensity>
      <mass-charge>246.0</mass-charge>
    </ei-ms-peak>
    <ei-ms-peak>
      <ei-ms-id>1074</ei-ms-id>
      <id>116600</id>
      <intensity>10.0</intensity>
      <mass-charge>249.0</mass-charge>
    </ei-ms-peak>
    <ei-ms-peak>
      <ei-ms-id>1074</ei-ms-id>
      <id>116601</id>
      <intensity>10.0</intensity>
      <mass-charge>250.0</mass-charge>
    </ei-ms-peak>
    <ei-ms-peak>
      <ei-ms-id>1074</ei-ms-id>
      <id>116602</id>
      <intensity>10.0</intensity>
      <mass-charge>251.0</mass-charge>
    </ei-ms-peak>
    <ei-ms-peak>
      <ei-ms-id>1074</ei-ms-id>
      <id>116603</id>
      <intensity>80.0</intensity>
      <mass-charge>252.0</mass-charge>
    </ei-ms-peak>
    <ei-ms-peak>
      <ei-ms-id>1074</ei-ms-id>
      <id>116604</id>
      <intensity>50.0</intensity>
      <mass-charge>253.0</mass-charge>
    </ei-ms-peak>
    <ei-ms-peak>
      <ei-ms-id>1074</ei-ms-id>
      <id>116605</id>
      <intensity>250.0</intensity>
      <mass-charge>254.0</mass-charge>
    </ei-ms-peak>
    <ei-ms-peak>
      <ei-ms-id>1074</ei-ms-id>
      <id>116606</id>
      <intensity>130.0</intensity>
      <mass-charge>255.0</mass-charge>
    </ei-ms-peak>
    <ei-ms-peak>
      <ei-ms-id>1074</ei-ms-id>
      <id>116607</id>
      <intensity>1061.0</intensity>
      <mass-charge>256.0</mass-charge>
    </ei-ms-peak>
    <ei-ms-peak>
      <ei-ms-id>1074</ei-ms-id>
      <id>116608</id>
      <intensity>230.0</intensity>
      <mass-charge>257.0</mass-charge>
    </ei-ms-peak>
    <ei-ms-peak>
      <ei-ms-id>1074</ei-ms-id>
      <id>116609</id>
      <intensity>50.0</intensity>
      <mass-charge>258.0</mass-charge>
    </ei-ms-peak>
    <ei-ms-peak>
      <ei-ms-id>1074</ei-ms-id>
      <id>116610</id>
      <intensity>10.0</intensity>
      <mass-charge>259.0</mass-charge>
    </ei-ms-peak>
    <ei-ms-peak>
      <ei-ms-id>1074</ei-ms-id>
      <id>116611</id>
      <intensity>10.0</intensity>
      <mass-charge>264.0</mass-charge>
    </ei-ms-peak>
    <ei-ms-peak>
      <ei-ms-id>1074</ei-ms-id>
      <id>116612</id>
      <intensity>10.0</intensity>
      <mass-charge>265.0</mass-charge>
    </ei-ms-peak>
    <ei-ms-peak>
      <ei-ms-id>1074</ei-ms-id>
      <id>116613</id>
      <intensity>40.0</intensity>
      <mass-charge>266.0</mass-charge>
    </ei-ms-peak>
    <ei-ms-peak>
      <ei-ms-id>1074</ei-ms-id>
      <id>116614</id>
      <intensity>30.0</intensity>
      <mass-charge>267.0</mass-charge>
    </ei-ms-peak>
    <ei-ms-peak>
      <ei-ms-id>1074</ei-ms-id>
      <id>116615</id>
      <intensity>100.0</intensity>
      <mass-charge>268.0</mass-charge>
    </ei-ms-peak>
    <ei-ms-peak>
      <ei-ms-id>1074</ei-ms-id>
      <id>116616</id>
      <intensity>50.0</intensity>
      <mass-charge>269.0</mass-charge>
    </ei-ms-peak>
    <ei-ms-peak>
      <ei-ms-id>1074</ei-ms-id>
      <id>116617</id>
      <intensity>1091.0</intensity>
      <mass-charge>270.0</mass-charge>
    </ei-ms-peak>
    <ei-ms-peak>
      <ei-ms-id>1074</ei-ms-id>
      <id>116618</id>
      <intensity>450.0</intensity>
      <mass-charge>271.0</mass-charge>
    </ei-ms-peak>
    <ei-ms-peak>
      <ei-ms-id>1074</ei-ms-id>
      <id>116619</id>
      <intensity>70.0</intensity>
      <mass-charge>272.0</mass-charge>
    </ei-ms-peak>
    <ei-ms-peak>
      <ei-ms-id>1074</ei-ms-id>
      <id>116620</id>
      <intensity>10.0</intensity>
      <mass-charge>273.0</mass-charge>
    </ei-ms-peak>
    <ei-ms-peak>
      <ei-ms-id>1074</ei-ms-id>
      <id>116621</id>
      <intensity>40.0</intensity>
      <mass-charge>280.0</mass-charge>
    </ei-ms-peak>
    <ei-ms-peak>
      <ei-ms-id>1074</ei-ms-id>
      <id>116622</id>
      <intensity>10.0</intensity>
      <mass-charge>281.0</mass-charge>
    </ei-ms-peak>
    <ei-ms-peak>
      <ei-ms-id>1074</ei-ms-id>
      <id>116623</id>
      <intensity>130.0</intensity>
      <mass-charge>282.0</mass-charge>
    </ei-ms-peak>
    <ei-ms-peak>
      <ei-ms-id>1074</ei-ms-id>
      <id>116624</id>
      <intensity>40.0</intensity>
      <mass-charge>283.0</mass-charge>
    </ei-ms-peak>
    <ei-ms-peak>
      <ei-ms-id>1074</ei-ms-id>
      <id>116625</id>
      <intensity>1301.0</intensity>
      <mass-charge>284.0</mass-charge>
    </ei-ms-peak>
    <ei-ms-peak>
      <ei-ms-id>1074</ei-ms-id>
      <id>116626</id>
      <intensity>240.0</intensity>
      <mass-charge>285.0</mass-charge>
    </ei-ms-peak>
    <ei-ms-peak>
      <ei-ms-id>1074</ei-ms-id>
      <id>116627</id>
      <intensity>30.0</intensity>
      <mass-charge>286.0</mass-charge>
    </ei-ms-peak>
    <ei-ms-peak>
      <ei-ms-id>1074</ei-ms-id>
      <id>116628</id>
      <intensity>10.0</intensity>
      <mass-charge>295.0</mass-charge>
    </ei-ms-peak>
    <ei-ms-peak>
      <ei-ms-id>1074</ei-ms-id>
      <id>116629</id>
      <intensity>10.0</intensity>
      <mass-charge>296.0</mass-charge>
    </ei-ms-peak>
    <ei-ms-peak>
      <ei-ms-id>1074</ei-ms-id>
      <id>116630</id>
      <intensity>60.0</intensity>
      <mass-charge>297.0</mass-charge>
    </ei-ms-peak>
    <ei-ms-peak>
      <ei-ms-id>1074</ei-ms-id>
      <id>116631</id>
      <intensity>1041.0</intensity>
      <mass-charge>298.0</mass-charge>
    </ei-ms-peak>
    <ei-ms-peak>
      <ei-ms-id>1074</ei-ms-id>
      <id>116632</id>
      <intensity>9999.0</intensity>
      <mass-charge>299.0</mass-charge>
    </ei-ms-peak>
    <ei-ms-peak>
      <ei-ms-id>1074</ei-ms-id>
      <id>116633</id>
      <intensity>1982.0</intensity>
      <mass-charge>300.0</mass-charge>
    </ei-ms-peak>
    <ei-ms-peak>
      <ei-ms-id>1074</ei-ms-id>
      <id>116634</id>
      <intensity>250.0</intensity>
      <mass-charge>301.0</mass-charge>
    </ei-ms-peak>
    <ei-ms-peak>
      <ei-ms-id>1074</ei-ms-id>
      <id>116635</id>
      <intensity>20.0</intensity>
      <mass-charge>302.0</mass-charge>
    </ei-ms-peak>
  </ei-ms-peaks>
</ei-ms>
