<?xml version="1.0" encoding="UTF-8"?>
<ei-ms>
  <collection-date nil="true"/>
  <created-at>2014-09-20T16:39:46Z</created-at>
  <database-id>HMDB59916</database-id>
  <id>925</id>
  <inchi-key>FEWJPZIEWOKRBE-UHFFFAOYSA-N</inchi-key>
  <instrument-type nil="true"/>
  <molecule-id nil="true"/>
  <notes nil="true"/>
  <peak-counter>49</peak-counter>
  <sample-assessment nil="true"/>
  <sample-concentration nil="true"/>
  <sample-concentration-units nil="true"/>
  <sample-mass nil="true"/>
  <sample-mass-units nil="true"/>
  <sample-source nil="true"/>
  <solvent nil="true"/>
  <spectra-assessment nil="true"/>
  <updated-at>2014-09-20T16:39:46Z</updated-at>
  <references>
    <reference>
      <database>NIST</database>
      <database-id>87-69-4</database-id>
      <id>15797</id>
      <pubmed-id nil="true"/>
      <ref-text>NIST Mass Spec Data Center, S.E. Stein, director, "Mass Spectra" in NIST Chemistry WebBook, NIST Standard Reference Database Number 69, Eds. P.J. Linstrom and W.G. Mallard, National Institute of Standards and Technology, Gaithersburg MD, 20899, http://webbook.nist.gov, (retrieved September 6, 2014).</ref-text>
      <spectra-id>925</spectra-id>
      <spectra-type>EiMs</spectra-type>
    </reference>
  </references>
  <ei-ms-peaks>
    <ei-ms-peak>
      <ei-ms-id>925</ei-ms-id>
      <id>100360</id>
      <intensity>20.0</intensity>
      <mass-charge>18.0</mass-charge>
    </ei-ms-peak>
    <ei-ms-peak>
      <ei-ms-id>925</ei-ms-id>
      <id>100361</id>
      <intensity>120.0</intensity>
      <mass-charge>19.0</mass-charge>
    </ei-ms-peak>
    <ei-ms-peak>
      <ei-ms-id>925</ei-ms-id>
      <id>100362</id>
      <intensity>30.0</intensity>
      <mass-charge>26.0</mass-charge>
    </ei-ms-peak>
    <ei-ms-peak>
      <ei-ms-id>925</ei-ms-id>
      <id>100363</id>
      <intensity>10.0</intensity>
      <mass-charge>27.0</mass-charge>
    </ei-ms-peak>
    <ei-ms-peak>
      <ei-ms-id>925</ei-ms-id>
      <id>100364</id>
      <intensity>1600.0</intensity>
      <mass-charge>29.0</mass-charge>
    </ei-ms-peak>
    <ei-ms-peak>
      <ei-ms-id>925</ei-ms-id>
      <id>100365</id>
      <intensity>700.0</intensity>
      <mass-charge>30.0</mass-charge>
    </ei-ms-peak>
    <ei-ms-peak>
      <ei-ms-id>925</ei-ms-id>
      <id>100366</id>
      <intensity>1210.0</intensity>
      <mass-charge>31.0</mass-charge>
    </ei-ms-peak>
    <ei-ms-peak>
      <ei-ms-id>925</ei-ms-id>
      <id>100367</id>
      <intensity>50.0</intensity>
      <mass-charge>35.0</mass-charge>
    </ei-ms-peak>
    <ei-ms-peak>
      <ei-ms-id>925</ei-ms-id>
      <id>100368</id>
      <intensity>410.0</intensity>
      <mass-charge>36.0</mass-charge>
    </ei-ms-peak>
    <ei-ms-peak>
      <ei-ms-id>925</ei-ms-id>
      <id>100369</id>
      <intensity>10.0</intensity>
      <mass-charge>37.0</mass-charge>
    </ei-ms-peak>
    <ei-ms-peak>
      <ei-ms-id>925</ei-ms-id>
      <id>100370</id>
      <intensity>150.0</intensity>
      <mass-charge>38.0</mass-charge>
    </ei-ms-peak>
    <ei-ms-peak>
      <ei-ms-id>925</ei-ms-id>
      <id>100371</id>
      <intensity>180.0</intensity>
      <mass-charge>41.0</mass-charge>
    </ei-ms-peak>
    <ei-ms-peak>
      <ei-ms-id>925</ei-ms-id>
      <id>100372</id>
      <intensity>1200.0</intensity>
      <mass-charge>42.0</mass-charge>
    </ei-ms-peak>
    <ei-ms-peak>
      <ei-ms-id>925</ei-ms-id>
      <id>100373</id>
      <intensity>1150.0</intensity>
      <mass-charge>43.0</mass-charge>
    </ei-ms-peak>
    <ei-ms-peak>
      <ei-ms-id>925</ei-ms-id>
      <id>100374</id>
      <intensity>620.0</intensity>
      <mass-charge>44.0</mass-charge>
    </ei-ms-peak>
    <ei-ms-peak>
      <ei-ms-id>925</ei-ms-id>
      <id>100375</id>
      <intensity>1550.0</intensity>
      <mass-charge>45.0</mass-charge>
    </ei-ms-peak>
    <ei-ms-peak>
      <ei-ms-id>925</ei-ms-id>
      <id>100376</id>
      <intensity>140.0</intensity>
      <mass-charge>46.0</mass-charge>
    </ei-ms-peak>
    <ei-ms-peak>
      <ei-ms-id>925</ei-ms-id>
      <id>100377</id>
      <intensity>180.0</intensity>
      <mass-charge>47.0</mass-charge>
    </ei-ms-peak>
    <ei-ms-peak>
      <ei-ms-id>925</ei-ms-id>
      <id>100378</id>
      <intensity>350.0</intensity>
      <mass-charge>49.0</mass-charge>
    </ei-ms-peak>
    <ei-ms-peak>
      <ei-ms-id>925</ei-ms-id>
      <id>100379</id>
      <intensity>70.0</intensity>
      <mass-charge>53.0</mass-charge>
    </ei-ms-peak>
    <ei-ms-peak>
      <ei-ms-id>925</ei-ms-id>
      <id>100380</id>
      <intensity>60.0</intensity>
      <mass-charge>55.0</mass-charge>
    </ei-ms-peak>
    <ei-ms-peak>
      <ei-ms-id>925</ei-ms-id>
      <id>100381</id>
      <intensity>60.0</intensity>
      <mass-charge>56.0</mass-charge>
    </ei-ms-peak>
    <ei-ms-peak>
      <ei-ms-id>925</ei-ms-id>
      <id>100382</id>
      <intensity>60.0</intensity>
      <mass-charge>57.0</mass-charge>
    </ei-ms-peak>
    <ei-ms-peak>
      <ei-ms-id>925</ei-ms-id>
      <id>100383</id>
      <intensity>4180.0</intensity>
      <mass-charge>58.0</mass-charge>
    </ei-ms-peak>
    <ei-ms-peak>
      <ei-ms-id>925</ei-ms-id>
      <id>100384</id>
      <intensity>2430.0</intensity>
      <mass-charge>59.0</mass-charge>
    </ei-ms-peak>
    <ei-ms-peak>
      <ei-ms-id>925</ei-ms-id>
      <id>100385</id>
      <intensity>800.0</intensity>
      <mass-charge>60.0</mass-charge>
    </ei-ms-peak>
    <ei-ms-peak>
      <ei-ms-id>925</ei-ms-id>
      <id>100386</id>
      <intensity>380.0</intensity>
      <mass-charge>61.0</mass-charge>
    </ei-ms-peak>
    <ei-ms-peak>
      <ei-ms-id>925</ei-ms-id>
      <id>100387</id>
      <intensity>970.0</intensity>
      <mass-charge>69.0</mass-charge>
    </ei-ms-peak>
    <ei-ms-peak>
      <ei-ms-id>925</ei-ms-id>
      <id>100388</id>
      <intensity>2380.0</intensity>
      <mass-charge>70.0</mass-charge>
    </ei-ms-peak>
    <ei-ms-peak>
      <ei-ms-id>925</ei-ms-id>
      <id>100389</id>
      <intensity>490.0</intensity>
      <mass-charge>71.0</mass-charge>
    </ei-ms-peak>
    <ei-ms-peak>
      <ei-ms-id>925</ei-ms-id>
      <id>100390</id>
      <intensity>20.0</intensity>
      <mass-charge>72.0</mass-charge>
    </ei-ms-peak>
    <ei-ms-peak>
      <ei-ms-id>925</ei-ms-id>
      <id>100391</id>
      <intensity>80.0</intensity>
      <mass-charge>73.0</mass-charge>
    </ei-ms-peak>
    <ei-ms-peak>
      <ei-ms-id>925</ei-ms-id>
      <id>100392</id>
      <intensity>280.0</intensity>
      <mass-charge>75.0</mass-charge>
    </ei-ms-peak>
    <ei-ms-peak>
      <ei-ms-id>925</ei-ms-id>
      <id>100393</id>
      <intensity>9999.0</intensity>
      <mass-charge>76.0</mass-charge>
    </ei-ms-peak>
    <ei-ms-peak>
      <ei-ms-id>925</ei-ms-id>
      <id>100394</id>
      <intensity>1940.0</intensity>
      <mass-charge>77.0</mass-charge>
    </ei-ms-peak>
    <ei-ms-peak>
      <ei-ms-id>925</ei-ms-id>
      <id>100395</id>
      <intensity>110.0</intensity>
      <mass-charge>78.0</mass-charge>
    </ei-ms-peak>
    <ei-ms-peak>
      <ei-ms-id>925</ei-ms-id>
      <id>100396</id>
      <intensity>30.0</intensity>
      <mass-charge>79.0</mass-charge>
    </ei-ms-peak>
    <ei-ms-peak>
      <ei-ms-id>925</ei-ms-id>
      <id>100397</id>
      <intensity>40.0</intensity>
      <mass-charge>80.0</mass-charge>
    </ei-ms-peak>
    <ei-ms-peak>
      <ei-ms-id>925</ei-ms-id>
      <id>100398</id>
      <intensity>20.0</intensity>
      <mass-charge>81.0</mass-charge>
    </ei-ms-peak>
    <ei-ms-peak>
      <ei-ms-id>925</ei-ms-id>
      <id>100399</id>
      <intensity>40.0</intensity>
      <mass-charge>82.0</mass-charge>
    </ei-ms-peak>
    <ei-ms-peak>
      <ei-ms-id>925</ei-ms-id>
      <id>100400</id>
      <intensity>10.0</intensity>
      <mass-charge>85.0</mass-charge>
    </ei-ms-peak>
    <ei-ms-peak>
      <ei-ms-id>925</ei-ms-id>
      <id>100401</id>
      <intensity>240.0</intensity>
      <mass-charge>87.0</mass-charge>
    </ei-ms-peak>
    <ei-ms-peak>
      <ei-ms-id>925</ei-ms-id>
      <id>100402</id>
      <intensity>920.0</intensity>
      <mass-charge>88.0</mass-charge>
    </ei-ms-peak>
    <ei-ms-peak>
      <ei-ms-id>925</ei-ms-id>
      <id>100403</id>
      <intensity>60.0</intensity>
      <mass-charge>89.0</mass-charge>
    </ei-ms-peak>
    <ei-ms-peak>
      <ei-ms-id>925</ei-ms-id>
      <id>100404</id>
      <intensity>1630.0</intensity>
      <mass-charge>105.0</mass-charge>
    </ei-ms-peak>
    <ei-ms-peak>
      <ei-ms-id>925</ei-ms-id>
      <id>100405</id>
      <intensity>50.0</intensity>
      <mass-charge>106.0</mass-charge>
    </ei-ms-peak>
    <ei-ms-peak>
      <ei-ms-id>925</ei-ms-id>
      <id>100406</id>
      <intensity>20.0</intensity>
      <mass-charge>114.0</mass-charge>
    </ei-ms-peak>
    <ei-ms-peak>
      <ei-ms-id>925</ei-ms-id>
      <id>100407</id>
      <intensity>20.0</intensity>
      <mass-charge>132.0</mass-charge>
    </ei-ms-peak>
    <ei-ms-peak>
      <ei-ms-id>925</ei-ms-id>
      <id>100408</id>
      <intensity>10.0</intensity>
      <mass-charge>150.0</mass-charge>
    </ei-ms-peak>
  </ei-ms-peaks>
</ei-ms>
