<?xml version="1.0" encoding="UTF-8"?>
<ei-ms>
  <collection-date nil="true"/>
  <created-at>2014-09-20T16:42:34Z</created-at>
  <database-id>HMDB41835</database-id>
  <id>1039</id>
  <inchi-key>HFACYLZERDEVSX-UHFFFAOYSA-N</inchi-key>
  <instrument-type nil="true"/>
  <molecule-id nil="true"/>
  <notes nil="true"/>
  <peak-counter>121</peak-counter>
  <sample-assessment nil="true"/>
  <sample-concentration nil="true"/>
  <sample-concentration-units nil="true"/>
  <sample-mass nil="true"/>
  <sample-mass-units nil="true"/>
  <sample-source nil="true"/>
  <solvent nil="true"/>
  <spectra-assessment nil="true"/>
  <updated-at>2014-09-20T16:42:34Z</updated-at>
  <references>
    <reference>
      <database>NIST</database>
      <database-id>92-87-5</database-id>
      <id>15911</id>
      <pubmed-id nil="true"/>
      <ref-text>NIST Mass Spec Data Center, S.E. Stein, director, "Mass Spectra" in NIST Chemistry WebBook, NIST Standard Reference Database Number 69, Eds. P.J. Linstrom and W.G. Mallard, National Institute of Standards and Technology, Gaithersburg MD, 20899, http://webbook.nist.gov, (retrieved September 6, 2014).</ref-text>
      <spectra-id>1039</spectra-id>
      <spectra-type>EiMs</spectra-type>
    </reference>
  </references>
  <ei-ms-peaks>
    <ei-ms-peak>
      <ei-ms-id>1039</ei-ms-id>
      <id>112860</id>
      <intensity>40.0</intensity>
      <mass-charge>27.0</mass-charge>
    </ei-ms-peak>
    <ei-ms-peak>
      <ei-ms-id>1039</ei-ms-id>
      <id>112861</id>
      <intensity>124.0</intensity>
      <mass-charge>28.0</mass-charge>
    </ei-ms-peak>
    <ei-ms-peak>
      <ei-ms-id>1039</ei-ms-id>
      <id>112862</id>
      <intensity>22.0</intensity>
      <mass-charge>29.0</mass-charge>
    </ei-ms-peak>
    <ei-ms-peak>
      <ei-ms-id>1039</ei-ms-id>
      <id>112863</id>
      <intensity>19.0</intensity>
      <mass-charge>30.0</mass-charge>
    </ei-ms-peak>
    <ei-ms-peak>
      <ei-ms-id>1039</ei-ms-id>
      <id>112864</id>
      <intensity>34.0</intensity>
      <mass-charge>38.0</mass-charge>
    </ei-ms-peak>
    <ei-ms-peak>
      <ei-ms-id>1039</ei-ms-id>
      <id>112865</id>
      <intensity>136.0</intensity>
      <mass-charge>39.0</mass-charge>
    </ei-ms-peak>
    <ei-ms-peak>
      <ei-ms-id>1039</ei-ms-id>
      <id>112866</id>
      <intensity>27.0</intensity>
      <mass-charge>40.0</mass-charge>
    </ei-ms-peak>
    <ei-ms-peak>
      <ei-ms-id>1039</ei-ms-id>
      <id>112867</id>
      <intensity>101.0</intensity>
      <mass-charge>41.0</mass-charge>
    </ei-ms-peak>
    <ei-ms-peak>
      <ei-ms-id>1039</ei-ms-id>
      <id>112868</id>
      <intensity>41.0</intensity>
      <mass-charge>42.0</mass-charge>
    </ei-ms-peak>
    <ei-ms-peak>
      <ei-ms-id>1039</ei-ms-id>
      <id>112869</id>
      <intensity>52.0</intensity>
      <mass-charge>43.0</mass-charge>
    </ei-ms-peak>
    <ei-ms-peak>
      <ei-ms-id>1039</ei-ms-id>
      <id>112870</id>
      <intensity>15.0</intensity>
      <mass-charge>44.0</mass-charge>
    </ei-ms-peak>
    <ei-ms-peak>
      <ei-ms-id>1039</ei-ms-id>
      <id>112871</id>
      <intensity>11.0</intensity>
      <mass-charge>45.0</mass-charge>
    </ei-ms-peak>
    <ei-ms-peak>
      <ei-ms-id>1039</ei-ms-id>
      <id>112872</id>
      <intensity>61.0</intensity>
      <mass-charge>50.0</mass-charge>
    </ei-ms-peak>
    <ei-ms-peak>
      <ei-ms-id>1039</ei-ms-id>
      <id>112873</id>
      <intensity>145.0</intensity>
      <mass-charge>51.0</mass-charge>
    </ei-ms-peak>
    <ei-ms-peak>
      <ei-ms-id>1039</ei-ms-id>
      <id>112874</id>
      <intensity>135.0</intensity>
      <mass-charge>52.0</mass-charge>
    </ei-ms-peak>
    <ei-ms-peak>
      <ei-ms-id>1039</ei-ms-id>
      <id>112875</id>
      <intensity>53.0</intensity>
      <mass-charge>53.0</mass-charge>
    </ei-ms-peak>
    <ei-ms-peak>
      <ei-ms-id>1039</ei-ms-id>
      <id>112876</id>
      <intensity>89.0</intensity>
      <mass-charge>54.0</mass-charge>
    </ei-ms-peak>
    <ei-ms-peak>
      <ei-ms-id>1039</ei-ms-id>
      <id>112877</id>
      <intensity>38.0</intensity>
      <mass-charge>55.0</mass-charge>
    </ei-ms-peak>
    <ei-ms-peak>
      <ei-ms-id>1039</ei-ms-id>
      <id>112878</id>
      <intensity>17.0</intensity>
      <mass-charge>56.0</mass-charge>
    </ei-ms-peak>
    <ei-ms-peak>
      <ei-ms-id>1039</ei-ms-id>
      <id>112879</id>
      <intensity>33.0</intensity>
      <mass-charge>57.0</mass-charge>
    </ei-ms-peak>
    <ei-ms-peak>
      <ei-ms-id>1039</ei-ms-id>
      <id>112880</id>
      <intensity>13.0</intensity>
      <mass-charge>59.0</mass-charge>
    </ei-ms-peak>
    <ei-ms-peak>
      <ei-ms-id>1039</ei-ms-id>
      <id>112881</id>
      <intensity>21.0</intensity>
      <mass-charge>60.0</mass-charge>
    </ei-ms-peak>
    <ei-ms-peak>
      <ei-ms-id>1039</ei-ms-id>
      <id>112882</id>
      <intensity>26.0</intensity>
      <mass-charge>61.0</mass-charge>
    </ei-ms-peak>
    <ei-ms-peak>
      <ei-ms-id>1039</ei-ms-id>
      <id>112883</id>
      <intensity>63.0</intensity>
      <mass-charge>62.0</mass-charge>
    </ei-ms-peak>
    <ei-ms-peak>
      <ei-ms-id>1039</ei-ms-id>
      <id>112884</id>
      <intensity>152.0</intensity>
      <mass-charge>63.0</mass-charge>
    </ei-ms-peak>
    <ei-ms-peak>
      <ei-ms-id>1039</ei-ms-id>
      <id>112885</id>
      <intensity>103.0</intensity>
      <mass-charge>64.0</mass-charge>
    </ei-ms-peak>
    <ei-ms-peak>
      <ei-ms-id>1039</ei-ms-id>
      <id>112886</id>
      <intensity>319.0</intensity>
      <mass-charge>65.0</mass-charge>
    </ei-ms-peak>
    <ei-ms-peak>
      <ei-ms-id>1039</ei-ms-id>
      <id>112887</id>
      <intensity>92.0</intensity>
      <mass-charge>66.0</mass-charge>
    </ei-ms-peak>
    <ei-ms-peak>
      <ei-ms-id>1039</ei-ms-id>
      <id>112888</id>
      <intensity>53.0</intensity>
      <mass-charge>67.0</mass-charge>
    </ei-ms-peak>
    <ei-ms-peak>
      <ei-ms-id>1039</ei-ms-id>
      <id>112889</id>
      <intensity>15.0</intensity>
      <mass-charge>68.0</mass-charge>
    </ei-ms-peak>
    <ei-ms-peak>
      <ei-ms-id>1039</ei-ms-id>
      <id>112890</id>
      <intensity>32.0</intensity>
      <mass-charge>69.0</mass-charge>
    </ei-ms-peak>
    <ei-ms-peak>
      <ei-ms-id>1039</ei-ms-id>
      <id>112891</id>
      <intensity>19.0</intensity>
      <mass-charge>70.0</mass-charge>
    </ei-ms-peak>
    <ei-ms-peak>
      <ei-ms-id>1039</ei-ms-id>
      <id>112892</id>
      <intensity>22.0</intensity>
      <mass-charge>71.0</mass-charge>
    </ei-ms-peak>
    <ei-ms-peak>
      <ei-ms-id>1039</ei-ms-id>
      <id>112893</id>
      <intensity>12.0</intensity>
      <mass-charge>72.0</mass-charge>
    </ei-ms-peak>
    <ei-ms-peak>
      <ei-ms-id>1039</ei-ms-id>
      <id>112894</id>
      <intensity>31.0</intensity>
      <mass-charge>73.0</mass-charge>
    </ei-ms-peak>
    <ei-ms-peak>
      <ei-ms-id>1039</ei-ms-id>
      <id>112895</id>
      <intensity>62.0</intensity>
      <mass-charge>74.0</mass-charge>
    </ei-ms-peak>
    <ei-ms-peak>
      <ei-ms-id>1039</ei-ms-id>
      <id>112896</id>
      <intensity>89.0</intensity>
      <mass-charge>75.0</mass-charge>
    </ei-ms-peak>
    <ei-ms-peak>
      <ei-ms-id>1039</ei-ms-id>
      <id>112897</id>
      <intensity>87.0</intensity>
      <mass-charge>76.0</mass-charge>
    </ei-ms-peak>
    <ei-ms-peak>
      <ei-ms-id>1039</ei-ms-id>
      <id>112898</id>
      <intensity>308.0</intensity>
      <mass-charge>77.0</mass-charge>
    </ei-ms-peak>
    <ei-ms-peak>
      <ei-ms-id>1039</ei-ms-id>
      <id>112899</id>
      <intensity>309.0</intensity>
      <mass-charge>78.0</mass-charge>
    </ei-ms-peak>
    <ei-ms-peak>
      <ei-ms-id>1039</ei-ms-id>
      <id>112900</id>
      <intensity>53.0</intensity>
      <mass-charge>79.0</mass-charge>
    </ei-ms-peak>
    <ei-ms-peak>
      <ei-ms-id>1039</ei-ms-id>
      <id>112901</id>
      <intensity>32.0</intensity>
      <mass-charge>80.0</mass-charge>
    </ei-ms-peak>
    <ei-ms-peak>
      <ei-ms-id>1039</ei-ms-id>
      <id>112902</id>
      <intensity>16.0</intensity>
      <mass-charge>81.0</mass-charge>
    </ei-ms-peak>
    <ei-ms-peak>
      <ei-ms-id>1039</ei-ms-id>
      <id>112903</id>
      <intensity>14.0</intensity>
      <mass-charge>82.0</mass-charge>
    </ei-ms-peak>
    <ei-ms-peak>
      <ei-ms-id>1039</ei-ms-id>
      <id>112904</id>
      <intensity>28.0</intensity>
      <mass-charge>83.0</mass-charge>
    </ei-ms-peak>
    <ei-ms-peak>
      <ei-ms-id>1039</ei-ms-id>
      <id>112905</id>
      <intensity>30.0</intensity>
      <mass-charge>84.0</mass-charge>
    </ei-ms-peak>
    <ei-ms-peak>
      <ei-ms-id>1039</ei-ms-id>
      <id>112906</id>
      <intensity>19.0</intensity>
      <mass-charge>85.0</mass-charge>
    </ei-ms-peak>
    <ei-ms-peak>
      <ei-ms-id>1039</ei-ms-id>
      <id>112907</id>
      <intensity>26.0</intensity>
      <mass-charge>86.0</mass-charge>
    </ei-ms-peak>
    <ei-ms-peak>
      <ei-ms-id>1039</ei-ms-id>
      <id>112908</id>
      <intensity>45.0</intensity>
      <mass-charge>87.0</mass-charge>
    </ei-ms-peak>
    <ei-ms-peak>
      <ei-ms-id>1039</ei-ms-id>
      <id>112909</id>
      <intensity>37.0</intensity>
      <mass-charge>88.0</mass-charge>
    </ei-ms-peak>
    <ei-ms-peak>
      <ei-ms-id>1039</ei-ms-id>
      <id>112910</id>
      <intensity>114.0</intensity>
      <mass-charge>89.0</mass-charge>
    </ei-ms-peak>
    <ei-ms-peak>
      <ei-ms-id>1039</ei-ms-id>
      <id>112911</id>
      <intensity>86.0</intensity>
      <mass-charge>90.0</mass-charge>
    </ei-ms-peak>
    <ei-ms-peak>
      <ei-ms-id>1039</ei-ms-id>
      <id>112912</id>
      <intensity>536.0</intensity>
      <mass-charge>91.0</mass-charge>
    </ei-ms-peak>
    <ei-ms-peak>
      <ei-ms-id>1039</ei-ms-id>
      <id>112913</id>
      <intensity>1200.0</intensity>
      <mass-charge>92.0</mass-charge>
    </ei-ms-peak>
    <ei-ms-peak>
      <ei-ms-id>1039</ei-ms-id>
      <id>112914</id>
      <intensity>248.0</intensity>
      <mass-charge>93.0</mass-charge>
    </ei-ms-peak>
    <ei-ms-peak>
      <ei-ms-id>1039</ei-ms-id>
      <id>112915</id>
      <intensity>28.0</intensity>
      <mass-charge>94.0</mass-charge>
    </ei-ms-peak>
    <ei-ms-peak>
      <ei-ms-id>1039</ei-ms-id>
      <id>112916</id>
      <intensity>14.0</intensity>
      <mass-charge>95.0</mass-charge>
    </ei-ms-peak>
    <ei-ms-peak>
      <ei-ms-id>1039</ei-ms-id>
      <id>112917</id>
      <intensity>11.0</intensity>
      <mass-charge>96.0</mass-charge>
    </ei-ms-peak>
    <ei-ms-peak>
      <ei-ms-id>1039</ei-ms-id>
      <id>112918</id>
      <intensity>18.0</intensity>
      <mass-charge>97.0</mass-charge>
    </ei-ms-peak>
    <ei-ms-peak>
      <ei-ms-id>1039</ei-ms-id>
      <id>112919</id>
      <intensity>23.0</intensity>
      <mass-charge>98.0</mass-charge>
    </ei-ms-peak>
    <ei-ms-peak>
      <ei-ms-id>1039</ei-ms-id>
      <id>112920</id>
      <intensity>23.0</intensity>
      <mass-charge>99.0</mass-charge>
    </ei-ms-peak>
    <ei-ms-peak>
      <ei-ms-id>1039</ei-ms-id>
      <id>112921</id>
      <intensity>26.0</intensity>
      <mass-charge>100.0</mass-charge>
    </ei-ms-peak>
    <ei-ms-peak>
      <ei-ms-id>1039</ei-ms-id>
      <id>112922</id>
      <intensity>69.0</intensity>
      <mass-charge>101.0</mass-charge>
    </ei-ms-peak>
    <ei-ms-peak>
      <ei-ms-id>1039</ei-ms-id>
      <id>112923</id>
      <intensity>110.0</intensity>
      <mass-charge>102.0</mass-charge>
    </ei-ms-peak>
    <ei-ms-peak>
      <ei-ms-id>1039</ei-ms-id>
      <id>112924</id>
      <intensity>89.0</intensity>
      <mass-charge>103.0</mass-charge>
    </ei-ms-peak>
    <ei-ms-peak>
      <ei-ms-id>1039</ei-ms-id>
      <id>112925</id>
      <intensity>60.0</intensity>
      <mass-charge>104.0</mass-charge>
    </ei-ms-peak>
    <ei-ms-peak>
      <ei-ms-id>1039</ei-ms-id>
      <id>112926</id>
      <intensity>18.0</intensity>
      <mass-charge>105.0</mass-charge>
    </ei-ms-peak>
    <ei-ms-peak>
      <ei-ms-id>1039</ei-ms-id>
      <id>112927</id>
      <intensity>48.0</intensity>
      <mass-charge>106.0</mass-charge>
    </ei-ms-peak>
    <ei-ms-peak>
      <ei-ms-id>1039</ei-ms-id>
      <id>112928</id>
      <intensity>17.0</intensity>
      <mass-charge>107.0</mass-charge>
    </ei-ms-peak>
    <ei-ms-peak>
      <ei-ms-id>1039</ei-ms-id>
      <id>112929</id>
      <intensity>12.0</intensity>
      <mass-charge>110.0</mass-charge>
    </ei-ms-peak>
    <ei-ms-peak>
      <ei-ms-id>1039</ei-ms-id>
      <id>112930</id>
      <intensity>15.0</intensity>
      <mass-charge>111.0</mass-charge>
    </ei-ms-peak>
    <ei-ms-peak>
      <ei-ms-id>1039</ei-ms-id>
      <id>112931</id>
      <intensity>12.0</intensity>
      <mass-charge>112.0</mass-charge>
    </ei-ms-peak>
    <ei-ms-peak>
      <ei-ms-id>1039</ei-ms-id>
      <id>112932</id>
      <intensity>42.0</intensity>
      <mass-charge>113.0</mass-charge>
    </ei-ms-peak>
    <ei-ms-peak>
      <ei-ms-id>1039</ei-ms-id>
      <id>112933</id>
      <intensity>50.0</intensity>
      <mass-charge>114.0</mass-charge>
    </ei-ms-peak>
    <ei-ms-peak>
      <ei-ms-id>1039</ei-ms-id>
      <id>112934</id>
      <intensity>179.0</intensity>
      <mass-charge>115.0</mass-charge>
    </ei-ms-peak>
    <ei-ms-peak>
      <ei-ms-id>1039</ei-ms-id>
      <id>112935</id>
      <intensity>84.0</intensity>
      <mass-charge>116.0</mass-charge>
    </ei-ms-peak>
    <ei-ms-peak>
      <ei-ms-id>1039</ei-ms-id>
      <id>112936</id>
      <intensity>293.0</intensity>
      <mass-charge>117.0</mass-charge>
    </ei-ms-peak>
    <ei-ms-peak>
      <ei-ms-id>1039</ei-ms-id>
      <id>112937</id>
      <intensity>62.0</intensity>
      <mass-charge>118.0</mass-charge>
    </ei-ms-peak>
    <ei-ms-peak>
      <ei-ms-id>1039</ei-ms-id>
      <id>112938</id>
      <intensity>23.0</intensity>
      <mass-charge>119.0</mass-charge>
    </ei-ms-peak>
    <ei-ms-peak>
      <ei-ms-id>1039</ei-ms-id>
      <id>112939</id>
      <intensity>23.0</intensity>
      <mass-charge>125.0</mass-charge>
    </ei-ms-peak>
    <ei-ms-peak>
      <ei-ms-id>1039</ei-ms-id>
      <id>112940</id>
      <intensity>56.0</intensity>
      <mass-charge>126.0</mass-charge>
    </ei-ms-peak>
    <ei-ms-peak>
      <ei-ms-id>1039</ei-ms-id>
      <id>112941</id>
      <intensity>173.0</intensity>
      <mass-charge>127.0</mass-charge>
    </ei-ms-peak>
    <ei-ms-peak>
      <ei-ms-id>1039</ei-ms-id>
      <id>112942</id>
      <intensity>247.0</intensity>
      <mass-charge>128.0</mass-charge>
    </ei-ms-peak>
    <ei-ms-peak>
      <ei-ms-id>1039</ei-ms-id>
      <id>112943</id>
      <intensity>121.0</intensity>
      <mass-charge>129.0</mass-charge>
    </ei-ms-peak>
    <ei-ms-peak>
      <ei-ms-id>1039</ei-ms-id>
      <id>112944</id>
      <intensity>354.0</intensity>
      <mass-charge>130.0</mass-charge>
    </ei-ms-peak>
    <ei-ms-peak>
      <ei-ms-id>1039</ei-ms-id>
      <id>112945</id>
      <intensity>69.0</intensity>
      <mass-charge>131.0</mass-charge>
    </ei-ms-peak>
    <ei-ms-peak>
      <ei-ms-id>1039</ei-ms-id>
      <id>112946</id>
      <intensity>32.0</intensity>
      <mass-charge>132.0</mass-charge>
    </ei-ms-peak>
    <ei-ms-peak>
      <ei-ms-id>1039</ei-ms-id>
      <id>112947</id>
      <intensity>14.0</intensity>
      <mass-charge>137.0</mass-charge>
    </ei-ms-peak>
    <ei-ms-peak>
      <ei-ms-id>1039</ei-ms-id>
      <id>112948</id>
      <intensity>26.0</intensity>
      <mass-charge>138.0</mass-charge>
    </ei-ms-peak>
    <ei-ms-peak>
      <ei-ms-id>1039</ei-ms-id>
      <id>112949</id>
      <intensity>200.0</intensity>
      <mass-charge>139.0</mass-charge>
    </ei-ms-peak>
    <ei-ms-peak>
      <ei-ms-id>1039</ei-ms-id>
      <id>112950</id>
      <intensity>132.0</intensity>
      <mass-charge>140.0</mass-charge>
    </ei-ms-peak>
    <ei-ms-peak>
      <ei-ms-id>1039</ei-ms-id>
      <id>112951</id>
      <intensity>108.0</intensity>
      <mass-charge>141.0</mass-charge>
    </ei-ms-peak>
    <ei-ms-peak>
      <ei-ms-id>1039</ei-ms-id>
      <id>112952</id>
      <intensity>52.0</intensity>
      <mass-charge>142.0</mass-charge>
    </ei-ms-peak>
    <ei-ms-peak>
      <ei-ms-id>1039</ei-ms-id>
      <id>112953</id>
      <intensity>129.0</intensity>
      <mass-charge>143.0</mass-charge>
    </ei-ms-peak>
    <ei-ms-peak>
      <ei-ms-id>1039</ei-ms-id>
      <id>112954</id>
      <intensity>31.0</intensity>
      <mass-charge>144.0</mass-charge>
    </ei-ms-peak>
    <ei-ms-peak>
      <ei-ms-id>1039</ei-ms-id>
      <id>112955</id>
      <intensity>13.0</intensity>
      <mass-charge>145.0</mass-charge>
    </ei-ms-peak>
    <ei-ms-peak>
      <ei-ms-id>1039</ei-ms-id>
      <id>112956</id>
      <intensity>21.0</intensity>
      <mass-charge>150.0</mass-charge>
    </ei-ms-peak>
    <ei-ms-peak>
      <ei-ms-id>1039</ei-ms-id>
      <id>112957</id>
      <intensity>40.0</intensity>
      <mass-charge>151.0</mass-charge>
    </ei-ms-peak>
    <ei-ms-peak>
      <ei-ms-id>1039</ei-ms-id>
      <id>112958</id>
      <intensity>52.0</intensity>
      <mass-charge>152.0</mass-charge>
    </ei-ms-peak>
    <ei-ms-peak>
      <ei-ms-id>1039</ei-ms-id>
      <id>112959</id>
      <intensity>55.0</intensity>
      <mass-charge>153.0</mass-charge>
    </ei-ms-peak>
    <ei-ms-peak>
      <ei-ms-id>1039</ei-ms-id>
      <id>112960</id>
      <intensity>233.0</intensity>
      <mass-charge>154.0</mass-charge>
    </ei-ms-peak>
    <ei-ms-peak>
      <ei-ms-id>1039</ei-ms-id>
      <id>112961</id>
      <intensity>120.0</intensity>
      <mass-charge>155.0</mass-charge>
    </ei-ms-peak>
    <ei-ms-peak>
      <ei-ms-id>1039</ei-ms-id>
      <id>112962</id>
      <intensity>621.0</intensity>
      <mass-charge>156.0</mass-charge>
    </ei-ms-peak>
    <ei-ms-peak>
      <ei-ms-id>1039</ei-ms-id>
      <id>112963</id>
      <intensity>153.0</intensity>
      <mass-charge>157.0</mass-charge>
    </ei-ms-peak>
    <ei-ms-peak>
      <ei-ms-id>1039</ei-ms-id>
      <id>112964</id>
      <intensity>62.0</intensity>
      <mass-charge>158.0</mass-charge>
    </ei-ms-peak>
    <ei-ms-peak>
      <ei-ms-id>1039</ei-ms-id>
      <id>112965</id>
      <intensity>16.0</intensity>
      <mass-charge>159.0</mass-charge>
    </ei-ms-peak>
    <ei-ms-peak>
      <ei-ms-id>1039</ei-ms-id>
      <id>112966</id>
      <intensity>27.0</intensity>
      <mass-charge>164.0</mass-charge>
    </ei-ms-peak>
    <ei-ms-peak>
      <ei-ms-id>1039</ei-ms-id>
      <id>112967</id>
      <intensity>37.0</intensity>
      <mass-charge>165.0</mass-charge>
    </ei-ms-peak>
    <ei-ms-peak>
      <ei-ms-id>1039</ei-ms-id>
      <id>112968</id>
      <intensity>271.0</intensity>
      <mass-charge>166.0</mass-charge>
    </ei-ms-peak>
    <ei-ms-peak>
      <ei-ms-id>1039</ei-ms-id>
      <id>112969</id>
      <intensity>406.0</intensity>
      <mass-charge>167.0</mass-charge>
    </ei-ms-peak>
    <ei-ms-peak>
      <ei-ms-id>1039</ei-ms-id>
      <id>112970</id>
      <intensity>188.0</intensity>
      <mass-charge>168.0</mass-charge>
    </ei-ms-peak>
    <ei-ms-peak>
      <ei-ms-id>1039</ei-ms-id>
      <id>112971</id>
      <intensity>83.0</intensity>
      <mass-charge>169.0</mass-charge>
    </ei-ms-peak>
    <ei-ms-peak>
      <ei-ms-id>1039</ei-ms-id>
      <id>112972</id>
      <intensity>13.0</intensity>
      <mass-charge>170.0</mass-charge>
    </ei-ms-peak>
    <ei-ms-peak>
      <ei-ms-id>1039</ei-ms-id>
      <id>112973</id>
      <intensity>20.0</intensity>
      <mass-charge>179.0</mass-charge>
    </ei-ms-peak>
    <ei-ms-peak>
      <ei-ms-id>1039</ei-ms-id>
      <id>112974</id>
      <intensity>19.0</intensity>
      <mass-charge>180.0</mass-charge>
    </ei-ms-peak>
    <ei-ms-peak>
      <ei-ms-id>1039</ei-ms-id>
      <id>112975</id>
      <intensity>152.0</intensity>
      <mass-charge>181.0</mass-charge>
    </ei-ms-peak>
    <ei-ms-peak>
      <ei-ms-id>1039</ei-ms-id>
      <id>112976</id>
      <intensity>394.0</intensity>
      <mass-charge>182.0</mass-charge>
    </ei-ms-peak>
    <ei-ms-peak>
      <ei-ms-id>1039</ei-ms-id>
      <id>112977</id>
      <intensity>974.0</intensity>
      <mass-charge>183.0</mass-charge>
    </ei-ms-peak>
    <ei-ms-peak>
      <ei-ms-id>1039</ei-ms-id>
      <id>112978</id>
      <intensity>9999.0</intensity>
      <mass-charge>184.0</mass-charge>
    </ei-ms-peak>
    <ei-ms-peak>
      <ei-ms-id>1039</ei-ms-id>
      <id>112979</id>
      <intensity>1376.0</intensity>
      <mass-charge>185.0</mass-charge>
    </ei-ms-peak>
    <ei-ms-peak>
      <ei-ms-id>1039</ei-ms-id>
      <id>112980</id>
      <intensity>108.0</intensity>
      <mass-charge>186.0</mass-charge>
    </ei-ms-peak>
  </ei-ms-peaks>
</ei-ms>
