<?xml version="1.0" encoding="UTF-8"?>
<ei-ms>
  <collection-date nil="true"/>
  <created-at>2014-09-20T16:34:15Z</created-at>
  <database-id>HMDB14758</database-id>
  <id>687</id>
  <inchi-key>GFNANZIMVAIWHM-OBYCQNJPSA-N</inchi-key>
  <instrument-type nil="true"/>
  <molecule-id nil="true"/>
  <notes nil="true"/>
  <peak-counter>228</peak-counter>
  <sample-assessment nil="true"/>
  <sample-concentration nil="true"/>
  <sample-concentration-units nil="true"/>
  <sample-mass nil="true"/>
  <sample-mass-units nil="true"/>
  <sample-source nil="true"/>
  <solvent nil="true"/>
  <spectra-assessment nil="true"/>
  <updated-at>2014-09-20T16:34:15Z</updated-at>
  <references>
    <reference>
      <database>NIST</database>
      <database-id>124-94-7</database-id>
      <id>15559</id>
      <pubmed-id nil="true"/>
      <ref-text>NIST Mass Spec Data Center, S.E. Stein, director, "Mass Spectra" in NIST Chemistry WebBook, NIST Standard Reference Database Number 69, Eds. P.J. Linstrom and W.G. Mallard, National Institute of Standards and Technology, Gaithersburg MD, 20899, http://webbook.nist.gov, (retrieved September 6, 2014).</ref-text>
      <spectra-id>687</spectra-id>
      <spectra-type>EiMs</spectra-type>
    </reference>
  </references>
  <ei-ms-peaks>
    <ei-ms-peak>
      <ei-ms-id>687</ei-ms-id>
      <id>76317</id>
      <intensity>1281.0</intensity>
      <mass-charge>41.0</mass-charge>
    </ei-ms-peak>
    <ei-ms-peak>
      <ei-ms-id>687</ei-ms-id>
      <id>76318</id>
      <intensity>350.0</intensity>
      <mass-charge>42.0</mass-charge>
    </ei-ms-peak>
    <ei-ms-peak>
      <ei-ms-id>687</ei-ms-id>
      <id>76319</id>
      <intensity>2792.0</intensity>
      <mass-charge>43.0</mass-charge>
    </ei-ms-peak>
    <ei-ms-peak>
      <ei-ms-id>687</ei-ms-id>
      <id>76320</id>
      <intensity>30.0</intensity>
      <mass-charge>44.0</mass-charge>
    </ei-ms-peak>
    <ei-ms-peak>
      <ei-ms-id>687</ei-ms-id>
      <id>76321</id>
      <intensity>620.0</intensity>
      <mass-charge>45.0</mass-charge>
    </ei-ms-peak>
    <ei-ms-peak>
      <ei-ms-id>687</ei-ms-id>
      <id>76322</id>
      <intensity>520.0</intensity>
      <mass-charge>51.0</mass-charge>
    </ei-ms-peak>
    <ei-ms-peak>
      <ei-ms-id>687</ei-ms-id>
      <id>76323</id>
      <intensity>250.0</intensity>
      <mass-charge>52.0</mass-charge>
    </ei-ms-peak>
    <ei-ms-peak>
      <ei-ms-id>687</ei-ms-id>
      <id>76324</id>
      <intensity>1211.0</intensity>
      <mass-charge>53.0</mass-charge>
    </ei-ms-peak>
    <ei-ms-peak>
      <ei-ms-id>687</ei-ms-id>
      <id>76325</id>
      <intensity>1361.0</intensity>
      <mass-charge>55.0</mass-charge>
    </ei-ms-peak>
    <ei-ms-peak>
      <ei-ms-id>687</ei-ms-id>
      <id>76326</id>
      <intensity>80.0</intensity>
      <mass-charge>56.0</mass-charge>
    </ei-ms-peak>
    <ei-ms-peak>
      <ei-ms-id>687</ei-ms-id>
      <id>76327</id>
      <intensity>460.0</intensity>
      <mass-charge>59.0</mass-charge>
    </ei-ms-peak>
    <ei-ms-peak>
      <ei-ms-id>687</ei-ms-id>
      <id>76328</id>
      <intensity>10.0</intensity>
      <mass-charge>60.0</mass-charge>
    </ei-ms-peak>
    <ei-ms-peak>
      <ei-ms-id>687</ei-ms-id>
      <id>76329</id>
      <intensity>150.0</intensity>
      <mass-charge>63.0</mass-charge>
    </ei-ms-peak>
    <ei-ms-peak>
      <ei-ms-id>687</ei-ms-id>
      <id>76330</id>
      <intensity>860.0</intensity>
      <mass-charge>65.0</mass-charge>
    </ei-ms-peak>
    <ei-ms-peak>
      <ei-ms-id>687</ei-ms-id>
      <id>76331</id>
      <intensity>240.0</intensity>
      <mass-charge>66.0</mass-charge>
    </ei-ms-peak>
    <ei-ms-peak>
      <ei-ms-id>687</ei-ms-id>
      <id>76332</id>
      <intensity>390.0</intensity>
      <mass-charge>67.0</mass-charge>
    </ei-ms-peak>
    <ei-ms-peak>
      <ei-ms-id>687</ei-ms-id>
      <id>76333</id>
      <intensity>160.0</intensity>
      <mass-charge>72.0</mass-charge>
    </ei-ms-peak>
    <ei-ms-peak>
      <ei-ms-id>687</ei-ms-id>
      <id>76334</id>
      <intensity>50.0</intensity>
      <mass-charge>73.0</mass-charge>
    </ei-ms-peak>
    <ei-ms-peak>
      <ei-ms-id>687</ei-ms-id>
      <id>76335</id>
      <intensity>140.0</intensity>
      <mass-charge>75.0</mass-charge>
    </ei-ms-peak>
    <ei-ms-peak>
      <ei-ms-id>687</ei-ms-id>
      <id>76336</id>
      <intensity>1861.0</intensity>
      <mass-charge>77.0</mass-charge>
    </ei-ms-peak>
    <ei-ms-peak>
      <ei-ms-id>687</ei-ms-id>
      <id>76337</id>
      <intensity>440.0</intensity>
      <mass-charge>78.0</mass-charge>
    </ei-ms-peak>
    <ei-ms-peak>
      <ei-ms-id>687</ei-ms-id>
      <id>76338</id>
      <intensity>1060.0</intensity>
      <mass-charge>79.0</mass-charge>
    </ei-ms-peak>
    <ei-ms-peak>
      <ei-ms-id>687</ei-ms-id>
      <id>76339</id>
      <intensity>240.0</intensity>
      <mass-charge>80.0</mass-charge>
    </ei-ms-peak>
    <ei-ms-peak>
      <ei-ms-id>687</ei-ms-id>
      <id>76340</id>
      <intensity>10.0</intensity>
      <mass-charge>81.0</mass-charge>
    </ei-ms-peak>
    <ei-ms-peak>
      <ei-ms-id>687</ei-ms-id>
      <id>76341</id>
      <intensity>80.0</intensity>
      <mass-charge>83.0</mass-charge>
    </ei-ms-peak>
    <ei-ms-peak>
      <ei-ms-id>687</ei-ms-id>
      <id>76342</id>
      <intensity>10.0</intensity>
      <mass-charge>85.0</mass-charge>
    </ei-ms-peak>
    <ei-ms-peak>
      <ei-ms-id>687</ei-ms-id>
      <id>76343</id>
      <intensity>250.0</intensity>
      <mass-charge>87.0</mass-charge>
    </ei-ms-peak>
    <ei-ms-peak>
      <ei-ms-id>687</ei-ms-id>
      <id>76344</id>
      <intensity>120.0</intensity>
      <mass-charge>88.0</mass-charge>
    </ei-ms-peak>
    <ei-ms-peak>
      <ei-ms-id>687</ei-ms-id>
      <id>76345</id>
      <intensity>200.0</intensity>
      <mass-charge>89.0</mass-charge>
    </ei-ms-peak>
    <ei-ms-peak>
      <ei-ms-id>687</ei-ms-id>
      <id>76346</id>
      <intensity>3413.0</intensity>
      <mass-charge>91.0</mass-charge>
    </ei-ms-peak>
    <ei-ms-peak>
      <ei-ms-id>687</ei-ms-id>
      <id>76347</id>
      <intensity>690.0</intensity>
      <mass-charge>92.0</mass-charge>
    </ei-ms-peak>
    <ei-ms-peak>
      <ei-ms-id>687</ei-ms-id>
      <id>76348</id>
      <intensity>550.0</intensity>
      <mass-charge>93.0</mass-charge>
    </ei-ms-peak>
    <ei-ms-peak>
      <ei-ms-id>687</ei-ms-id>
      <id>76349</id>
      <intensity>230.0</intensity>
      <mass-charge>94.0</mass-charge>
    </ei-ms-peak>
    <ei-ms-peak>
      <ei-ms-id>687</ei-ms-id>
      <id>76350</id>
      <intensity>510.0</intensity>
      <mass-charge>95.0</mass-charge>
    </ei-ms-peak>
    <ei-ms-peak>
      <ei-ms-id>687</ei-ms-id>
      <id>76351</id>
      <intensity>130.0</intensity>
      <mass-charge>96.0</mass-charge>
    </ei-ms-peak>
    <ei-ms-peak>
      <ei-ms-id>687</ei-ms-id>
      <id>76352</id>
      <intensity>220.0</intensity>
      <mass-charge>97.0</mass-charge>
    </ei-ms-peak>
    <ei-ms-peak>
      <ei-ms-id>687</ei-ms-id>
      <id>76353</id>
      <intensity>30.0</intensity>
      <mass-charge>98.0</mass-charge>
    </ei-ms-peak>
    <ei-ms-peak>
      <ei-ms-id>687</ei-ms-id>
      <id>76354</id>
      <intensity>510.0</intensity>
      <mass-charge>99.0</mass-charge>
    </ei-ms-peak>
    <ei-ms-peak>
      <ei-ms-id>687</ei-ms-id>
      <id>76355</id>
      <intensity>150.0</intensity>
      <mass-charge>100.0</mass-charge>
    </ei-ms-peak>
    <ei-ms-peak>
      <ei-ms-id>687</ei-ms-id>
      <id>76356</id>
      <intensity>370.0</intensity>
      <mass-charge>101.0</mass-charge>
    </ei-ms-peak>
    <ei-ms-peak>
      <ei-ms-id>687</ei-ms-id>
      <id>76357</id>
      <intensity>130.0</intensity>
      <mass-charge>102.0</mass-charge>
    </ei-ms-peak>
    <ei-ms-peak>
      <ei-ms-id>687</ei-ms-id>
      <id>76358</id>
      <intensity>620.0</intensity>
      <mass-charge>103.0</mass-charge>
    </ei-ms-peak>
    <ei-ms-peak>
      <ei-ms-id>687</ei-ms-id>
      <id>76359</id>
      <intensity>180.0</intensity>
      <mass-charge>104.0</mass-charge>
    </ei-ms-peak>
    <ei-ms-peak>
      <ei-ms-id>687</ei-ms-id>
      <id>76360</id>
      <intensity>850.0</intensity>
      <mass-charge>105.0</mass-charge>
    </ei-ms-peak>
    <ei-ms-peak>
      <ei-ms-id>687</ei-ms-id>
      <id>76361</id>
      <intensity>200.0</intensity>
      <mass-charge>106.0</mass-charge>
    </ei-ms-peak>
    <ei-ms-peak>
      <ei-ms-id>687</ei-ms-id>
      <id>76362</id>
      <intensity>1511.0</intensity>
      <mass-charge>107.0</mass-charge>
    </ei-ms-peak>
    <ei-ms-peak>
      <ei-ms-id>687</ei-ms-id>
      <id>76363</id>
      <intensity>550.0</intensity>
      <mass-charge>108.0</mass-charge>
    </ei-ms-peak>
    <ei-ms-peak>
      <ei-ms-id>687</ei-ms-id>
      <id>76364</id>
      <intensity>1241.0</intensity>
      <mass-charge>109.0</mass-charge>
    </ei-ms-peak>
    <ei-ms-peak>
      <ei-ms-id>687</ei-ms-id>
      <id>76365</id>
      <intensity>290.0</intensity>
      <mass-charge>110.0</mass-charge>
    </ei-ms-peak>
    <ei-ms-peak>
      <ei-ms-id>687</ei-ms-id>
      <id>76366</id>
      <intensity>310.0</intensity>
      <mass-charge>111.0</mass-charge>
    </ei-ms-peak>
    <ei-ms-peak>
      <ei-ms-id>687</ei-ms-id>
      <id>76367</id>
      <intensity>150.0</intensity>
      <mass-charge>112.0</mass-charge>
    </ei-ms-peak>
    <ei-ms-peak>
      <ei-ms-id>687</ei-ms-id>
      <id>76368</id>
      <intensity>340.0</intensity>
      <mass-charge>113.0</mass-charge>
    </ei-ms-peak>
    <ei-ms-peak>
      <ei-ms-id>687</ei-ms-id>
      <id>76369</id>
      <intensity>1381.0</intensity>
      <mass-charge>115.0</mass-charge>
    </ei-ms-peak>
    <ei-ms-peak>
      <ei-ms-id>687</ei-ms-id>
      <id>76370</id>
      <intensity>430.0</intensity>
      <mass-charge>116.0</mass-charge>
    </ei-ms-peak>
    <ei-ms-peak>
      <ei-ms-id>687</ei-ms-id>
      <id>76371</id>
      <intensity>570.0</intensity>
      <mass-charge>117.0</mass-charge>
    </ei-ms-peak>
    <ei-ms-peak>
      <ei-ms-id>687</ei-ms-id>
      <id>76372</id>
      <intensity>170.0</intensity>
      <mass-charge>118.0</mass-charge>
    </ei-ms-peak>
    <ei-ms-peak>
      <ei-ms-id>687</ei-ms-id>
      <id>76373</id>
      <intensity>740.0</intensity>
      <mass-charge>119.0</mass-charge>
    </ei-ms-peak>
    <ei-ms-peak>
      <ei-ms-id>687</ei-ms-id>
      <id>76374</id>
      <intensity>550.0</intensity>
      <mass-charge>120.0</mass-charge>
    </ei-ms-peak>
    <ei-ms-peak>
      <ei-ms-id>687</ei-ms-id>
      <id>76375</id>
      <intensity>9999.0</intensity>
      <mass-charge>121.0</mass-charge>
    </ei-ms-peak>
    <ei-ms-peak>
      <ei-ms-id>687</ei-ms-id>
      <id>76376</id>
      <intensity>9468.0</intensity>
      <mass-charge>122.0</mass-charge>
    </ei-ms-peak>
    <ei-ms-peak>
      <ei-ms-id>687</ei-ms-id>
      <id>76377</id>
      <intensity>1651.0</intensity>
      <mass-charge>123.0</mass-charge>
    </ei-ms-peak>
    <ei-ms-peak>
      <ei-ms-id>687</ei-ms-id>
      <id>76378</id>
      <intensity>290.0</intensity>
      <mass-charge>124.0</mass-charge>
    </ei-ms-peak>
    <ei-ms-peak>
      <ei-ms-id>687</ei-ms-id>
      <id>76379</id>
      <intensity>460.0</intensity>
      <mass-charge>125.0</mass-charge>
    </ei-ms-peak>
    <ei-ms-peak>
      <ei-ms-id>687</ei-ms-id>
      <id>76380</id>
      <intensity>170.0</intensity>
      <mass-charge>126.0</mass-charge>
    </ei-ms-peak>
    <ei-ms-peak>
      <ei-ms-id>687</ei-ms-id>
      <id>76381</id>
      <intensity>830.0</intensity>
      <mass-charge>127.0</mass-charge>
    </ei-ms-peak>
    <ei-ms-peak>
      <ei-ms-id>687</ei-ms-id>
      <id>76382</id>
      <intensity>890.0</intensity>
      <mass-charge>128.0</mass-charge>
    </ei-ms-peak>
    <ei-ms-peak>
      <ei-ms-id>687</ei-ms-id>
      <id>76383</id>
      <intensity>600.0</intensity>
      <mass-charge>129.0</mass-charge>
    </ei-ms-peak>
    <ei-ms-peak>
      <ei-ms-id>687</ei-ms-id>
      <id>76384</id>
      <intensity>220.0</intensity>
      <mass-charge>130.0</mass-charge>
    </ei-ms-peak>
    <ei-ms-peak>
      <ei-ms-id>687</ei-ms-id>
      <id>76385</id>
      <intensity>930.0</intensity>
      <mass-charge>131.0</mass-charge>
    </ei-ms-peak>
    <ei-ms-peak>
      <ei-ms-id>687</ei-ms-id>
      <id>76386</id>
      <intensity>340.0</intensity>
      <mass-charge>132.0</mass-charge>
    </ei-ms-peak>
    <ei-ms-peak>
      <ei-ms-id>687</ei-ms-id>
      <id>76387</id>
      <intensity>1551.0</intensity>
      <mass-charge>133.0</mass-charge>
    </ei-ms-peak>
    <ei-ms-peak>
      <ei-ms-id>687</ei-ms-id>
      <id>76388</id>
      <intensity>1060.0</intensity>
      <mass-charge>134.0</mass-charge>
    </ei-ms-peak>
    <ei-ms-peak>
      <ei-ms-id>687</ei-ms-id>
      <id>76389</id>
      <intensity>3262.0</intensity>
      <mass-charge>135.0</mass-charge>
    </ei-ms-peak>
    <ei-ms-peak>
      <ei-ms-id>687</ei-ms-id>
      <id>76390</id>
      <intensity>770.0</intensity>
      <mass-charge>136.0</mass-charge>
    </ei-ms-peak>
    <ei-ms-peak>
      <ei-ms-id>687</ei-ms-id>
      <id>76391</id>
      <intensity>650.0</intensity>
      <mass-charge>137.0</mass-charge>
    </ei-ms-peak>
    <ei-ms-peak>
      <ei-ms-id>687</ei-ms-id>
      <id>76392</id>
      <intensity>280.0</intensity>
      <mass-charge>138.0</mass-charge>
    </ei-ms-peak>
    <ei-ms-peak>
      <ei-ms-id>687</ei-ms-id>
      <id>76393</id>
      <intensity>660.0</intensity>
      <mass-charge>139.0</mass-charge>
    </ei-ms-peak>
    <ei-ms-peak>
      <ei-ms-id>687</ei-ms-id>
      <id>76394</id>
      <intensity>170.0</intensity>
      <mass-charge>140.0</mass-charge>
    </ei-ms-peak>
    <ei-ms-peak>
      <ei-ms-id>687</ei-ms-id>
      <id>76395</id>
      <intensity>760.0</intensity>
      <mass-charge>141.0</mass-charge>
    </ei-ms-peak>
    <ei-ms-peak>
      <ei-ms-id>687</ei-ms-id>
      <id>76396</id>
      <intensity>260.0</intensity>
      <mass-charge>142.0</mass-charge>
    </ei-ms-peak>
    <ei-ms-peak>
      <ei-ms-id>687</ei-ms-id>
      <id>76397</id>
      <intensity>430.0</intensity>
      <mass-charge>143.0</mass-charge>
    </ei-ms-peak>
    <ei-ms-peak>
      <ei-ms-id>687</ei-ms-id>
      <id>76398</id>
      <intensity>370.0</intensity>
      <mass-charge>144.0</mass-charge>
    </ei-ms-peak>
    <ei-ms-peak>
      <ei-ms-id>687</ei-ms-id>
      <id>76399</id>
      <intensity>1181.0</intensity>
      <mass-charge>145.0</mass-charge>
    </ei-ms-peak>
    <ei-ms-peak>
      <ei-ms-id>687</ei-ms-id>
      <id>76400</id>
      <intensity>770.0</intensity>
      <mass-charge>146.0</mass-charge>
    </ei-ms-peak>
    <ei-ms-peak>
      <ei-ms-id>687</ei-ms-id>
      <id>76401</id>
      <intensity>3202.0</intensity>
      <mass-charge>147.0</mass-charge>
    </ei-ms-peak>
    <ei-ms-peak>
      <ei-ms-id>687</ei-ms-id>
      <id>76402</id>
      <intensity>510.0</intensity>
      <mass-charge>148.0</mass-charge>
    </ei-ms-peak>
    <ei-ms-peak>
      <ei-ms-id>687</ei-ms-id>
      <id>76403</id>
      <intensity>140.0</intensity>
      <mass-charge>149.0</mass-charge>
    </ei-ms-peak>
    <ei-ms-peak>
      <ei-ms-id>687</ei-ms-id>
      <id>76404</id>
      <intensity>200.0</intensity>
      <mass-charge>150.0</mass-charge>
    </ei-ms-peak>
    <ei-ms-peak>
      <ei-ms-id>687</ei-ms-id>
      <id>76405</id>
      <intensity>400.0</intensity>
      <mass-charge>151.0</mass-charge>
    </ei-ms-peak>
    <ei-ms-peak>
      <ei-ms-id>687</ei-ms-id>
      <id>76406</id>
      <intensity>510.0</intensity>
      <mass-charge>152.0</mass-charge>
    </ei-ms-peak>
    <ei-ms-peak>
      <ei-ms-id>687</ei-ms-id>
      <id>76407</id>
      <intensity>700.0</intensity>
      <mass-charge>153.0</mass-charge>
    </ei-ms-peak>
    <ei-ms-peak>
      <ei-ms-id>687</ei-ms-id>
      <id>76408</id>
      <intensity>240.0</intensity>
      <mass-charge>154.0</mass-charge>
    </ei-ms-peak>
    <ei-ms-peak>
      <ei-ms-id>687</ei-ms-id>
      <id>76409</id>
      <intensity>390.0</intensity>
      <mass-charge>155.0</mass-charge>
    </ei-ms-peak>
    <ei-ms-peak>
      <ei-ms-id>687</ei-ms-id>
      <id>76410</id>
      <intensity>130.0</intensity>
      <mass-charge>156.0</mass-charge>
    </ei-ms-peak>
    <ei-ms-peak>
      <ei-ms-id>687</ei-ms-id>
      <id>76411</id>
      <intensity>460.0</intensity>
      <mass-charge>157.0</mass-charge>
    </ei-ms-peak>
    <ei-ms-peak>
      <ei-ms-id>687</ei-ms-id>
      <id>76412</id>
      <intensity>470.0</intensity>
      <mass-charge>158.0</mass-charge>
    </ei-ms-peak>
    <ei-ms-peak>
      <ei-ms-id>687</ei-ms-id>
      <id>76413</id>
      <intensity>1751.0</intensity>
      <mass-charge>159.0</mass-charge>
    </ei-ms-peak>
    <ei-ms-peak>
      <ei-ms-id>687</ei-ms-id>
      <id>76414</id>
      <intensity>1701.0</intensity>
      <mass-charge>160.0</mass-charge>
    </ei-ms-peak>
    <ei-ms-peak>
      <ei-ms-id>687</ei-ms-id>
      <id>76415</id>
      <intensity>1121.0</intensity>
      <mass-charge>161.0</mass-charge>
    </ei-ms-peak>
    <ei-ms-peak>
      <ei-ms-id>687</ei-ms-id>
      <id>76416</id>
      <intensity>250.0</intensity>
      <mass-charge>162.0</mass-charge>
    </ei-ms-peak>
    <ei-ms-peak>
      <ei-ms-id>687</ei-ms-id>
      <id>76417</id>
      <intensity>710.0</intensity>
      <mass-charge>163.0</mass-charge>
    </ei-ms-peak>
    <ei-ms-peak>
      <ei-ms-id>687</ei-ms-id>
      <id>76418</id>
      <intensity>200.0</intensity>
      <mass-charge>164.0</mass-charge>
    </ei-ms-peak>
    <ei-ms-peak>
      <ei-ms-id>687</ei-ms-id>
      <id>76419</id>
      <intensity>740.0</intensity>
      <mass-charge>165.0</mass-charge>
    </ei-ms-peak>
    <ei-ms-peak>
      <ei-ms-id>687</ei-ms-id>
      <id>76420</id>
      <intensity>250.0</intensity>
      <mass-charge>166.0</mass-charge>
    </ei-ms-peak>
    <ei-ms-peak>
      <ei-ms-id>687</ei-ms-id>
      <id>76421</id>
      <intensity>200.0</intensity>
      <mass-charge>167.0</mass-charge>
    </ei-ms-peak>
    <ei-ms-peak>
      <ei-ms-id>687</ei-ms-id>
      <id>76422</id>
      <intensity>150.0</intensity>
      <mass-charge>168.0</mass-charge>
    </ei-ms-peak>
    <ei-ms-peak>
      <ei-ms-id>687</ei-ms-id>
      <id>76423</id>
      <intensity>360.0</intensity>
      <mass-charge>169.0</mass-charge>
    </ei-ms-peak>
    <ei-ms-peak>
      <ei-ms-id>687</ei-ms-id>
      <id>76424</id>
      <intensity>220.0</intensity>
      <mass-charge>170.0</mass-charge>
    </ei-ms-peak>
    <ei-ms-peak>
      <ei-ms-id>687</ei-ms-id>
      <id>76425</id>
      <intensity>980.0</intensity>
      <mass-charge>171.0</mass-charge>
    </ei-ms-peak>
    <ei-ms-peak>
      <ei-ms-id>687</ei-ms-id>
      <id>76426</id>
      <intensity>360.0</intensity>
      <mass-charge>172.0</mass-charge>
    </ei-ms-peak>
    <ei-ms-peak>
      <ei-ms-id>687</ei-ms-id>
      <id>76427</id>
      <intensity>780.0</intensity>
      <mass-charge>173.0</mass-charge>
    </ei-ms-peak>
    <ei-ms-peak>
      <ei-ms-id>687</ei-ms-id>
      <id>76428</id>
      <intensity>220.0</intensity>
      <mass-charge>174.0</mass-charge>
    </ei-ms-peak>
    <ei-ms-peak>
      <ei-ms-id>687</ei-ms-id>
      <id>76429</id>
      <intensity>350.0</intensity>
      <mass-charge>175.0</mass-charge>
    </ei-ms-peak>
    <ei-ms-peak>
      <ei-ms-id>687</ei-ms-id>
      <id>76430</id>
      <intensity>190.0</intensity>
      <mass-charge>176.0</mass-charge>
    </ei-ms-peak>
    <ei-ms-peak>
      <ei-ms-id>687</ei-ms-id>
      <id>76431</id>
      <intensity>400.0</intensity>
      <mass-charge>177.0</mass-charge>
    </ei-ms-peak>
    <ei-ms-peak>
      <ei-ms-id>687</ei-ms-id>
      <id>76432</id>
      <intensity>310.0</intensity>
      <mass-charge>178.0</mass-charge>
    </ei-ms-peak>
    <ei-ms-peak>
      <ei-ms-id>687</ei-ms-id>
      <id>76433</id>
      <intensity>540.0</intensity>
      <mass-charge>179.0</mass-charge>
    </ei-ms-peak>
    <ei-ms-peak>
      <ei-ms-id>687</ei-ms-id>
      <id>76434</id>
      <intensity>170.0</intensity>
      <mass-charge>180.0</mass-charge>
    </ei-ms-peak>
    <ei-ms-peak>
      <ei-ms-id>687</ei-ms-id>
      <id>76435</id>
      <intensity>380.0</intensity>
      <mass-charge>181.0</mass-charge>
    </ei-ms-peak>
    <ei-ms-peak>
      <ei-ms-id>687</ei-ms-id>
      <id>76436</id>
      <intensity>200.0</intensity>
      <mass-charge>182.0</mass-charge>
    </ei-ms-peak>
    <ei-ms-peak>
      <ei-ms-id>687</ei-ms-id>
      <id>76437</id>
      <intensity>480.0</intensity>
      <mass-charge>183.0</mass-charge>
    </ei-ms-peak>
    <ei-ms-peak>
      <ei-ms-id>687</ei-ms-id>
      <id>76438</id>
      <intensity>430.0</intensity>
      <mass-charge>184.0</mass-charge>
    </ei-ms-peak>
    <ei-ms-peak>
      <ei-ms-id>687</ei-ms-id>
      <id>76439</id>
      <intensity>860.0</intensity>
      <mass-charge>185.0</mass-charge>
    </ei-ms-peak>
    <ei-ms-peak>
      <ei-ms-id>687</ei-ms-id>
      <id>76440</id>
      <intensity>660.0</intensity>
      <mass-charge>186.0</mass-charge>
    </ei-ms-peak>
    <ei-ms-peak>
      <ei-ms-id>687</ei-ms-id>
      <id>76441</id>
      <intensity>1181.0</intensity>
      <mass-charge>187.0</mass-charge>
    </ei-ms-peak>
    <ei-ms-peak>
      <ei-ms-id>687</ei-ms-id>
      <id>76442</id>
      <intensity>240.0</intensity>
      <mass-charge>188.0</mass-charge>
    </ei-ms-peak>
    <ei-ms-peak>
      <ei-ms-id>687</ei-ms-id>
      <id>76443</id>
      <intensity>430.0</intensity>
      <mass-charge>189.0</mass-charge>
    </ei-ms-peak>
    <ei-ms-peak>
      <ei-ms-id>687</ei-ms-id>
      <id>76444</id>
      <intensity>200.0</intensity>
      <mass-charge>190.0</mass-charge>
    </ei-ms-peak>
    <ei-ms-peak>
      <ei-ms-id>687</ei-ms-id>
      <id>76445</id>
      <intensity>970.0</intensity>
      <mass-charge>191.0</mass-charge>
    </ei-ms-peak>
    <ei-ms-peak>
      <ei-ms-id>687</ei-ms-id>
      <id>76446</id>
      <intensity>230.0</intensity>
      <mass-charge>192.0</mass-charge>
    </ei-ms-peak>
    <ei-ms-peak>
      <ei-ms-id>687</ei-ms-id>
      <id>76447</id>
      <intensity>360.0</intensity>
      <mass-charge>193.0</mass-charge>
    </ei-ms-peak>
    <ei-ms-peak>
      <ei-ms-id>687</ei-ms-id>
      <id>76448</id>
      <intensity>200.0</intensity>
      <mass-charge>194.0</mass-charge>
    </ei-ms-peak>
    <ei-ms-peak>
      <ei-ms-id>687</ei-ms-id>
      <id>76449</id>
      <intensity>550.0</intensity>
      <mass-charge>195.0</mass-charge>
    </ei-ms-peak>
    <ei-ms-peak>
      <ei-ms-id>687</ei-ms-id>
      <id>76450</id>
      <intensity>330.0</intensity>
      <mass-charge>196.0</mass-charge>
    </ei-ms-peak>
    <ei-ms-peak>
      <ei-ms-id>687</ei-ms-id>
      <id>76451</id>
      <intensity>900.0</intensity>
      <mass-charge>197.0</mass-charge>
    </ei-ms-peak>
    <ei-ms-peak>
      <ei-ms-id>687</ei-ms-id>
      <id>76452</id>
      <intensity>370.0</intensity>
      <mass-charge>198.0</mass-charge>
    </ei-ms-peak>
    <ei-ms-peak>
      <ei-ms-id>687</ei-ms-id>
      <id>76453</id>
      <intensity>670.0</intensity>
      <mass-charge>199.0</mass-charge>
    </ei-ms-peak>
    <ei-ms-peak>
      <ei-ms-id>687</ei-ms-id>
      <id>76454</id>
      <intensity>220.0</intensity>
      <mass-charge>200.0</mass-charge>
    </ei-ms-peak>
    <ei-ms-peak>
      <ei-ms-id>687</ei-ms-id>
      <id>76455</id>
      <intensity>200.0</intensity>
      <mass-charge>201.0</mass-charge>
    </ei-ms-peak>
    <ei-ms-peak>
      <ei-ms-id>687</ei-ms-id>
      <id>76456</id>
      <intensity>240.0</intensity>
      <mass-charge>202.0</mass-charge>
    </ei-ms-peak>
    <ei-ms-peak>
      <ei-ms-id>687</ei-ms-id>
      <id>76457</id>
      <intensity>280.0</intensity>
      <mass-charge>203.0</mass-charge>
    </ei-ms-peak>
    <ei-ms-peak>
      <ei-ms-id>687</ei-ms-id>
      <id>76458</id>
      <intensity>110.0</intensity>
      <mass-charge>204.0</mass-charge>
    </ei-ms-peak>
    <ei-ms-peak>
      <ei-ms-id>687</ei-ms-id>
      <id>76459</id>
      <intensity>320.0</intensity>
      <mass-charge>205.0</mass-charge>
    </ei-ms-peak>
    <ei-ms-peak>
      <ei-ms-id>687</ei-ms-id>
      <id>76460</id>
      <intensity>160.0</intensity>
      <mass-charge>206.0</mass-charge>
    </ei-ms-peak>
    <ei-ms-peak>
      <ei-ms-id>687</ei-ms-id>
      <id>76461</id>
      <intensity>380.0</intensity>
      <mass-charge>207.0</mass-charge>
    </ei-ms-peak>
    <ei-ms-peak>
      <ei-ms-id>687</ei-ms-id>
      <id>76462</id>
      <intensity>380.0</intensity>
      <mass-charge>208.0</mass-charge>
    </ei-ms-peak>
    <ei-ms-peak>
      <ei-ms-id>687</ei-ms-id>
      <id>76463</id>
      <intensity>860.0</intensity>
      <mass-charge>209.0</mass-charge>
    </ei-ms-peak>
    <ei-ms-peak>
      <ei-ms-id>687</ei-ms-id>
      <id>76464</id>
      <intensity>400.0</intensity>
      <mass-charge>210.0</mass-charge>
    </ei-ms-peak>
    <ei-ms-peak>
      <ei-ms-id>687</ei-ms-id>
      <id>76465</id>
      <intensity>770.0</intensity>
      <mass-charge>211.0</mass-charge>
    </ei-ms-peak>
    <ei-ms-peak>
      <ei-ms-id>687</ei-ms-id>
      <id>76466</id>
      <intensity>250.0</intensity>
      <mass-charge>212.0</mass-charge>
    </ei-ms-peak>
    <ei-ms-peak>
      <ei-ms-id>687</ei-ms-id>
      <id>76467</id>
      <intensity>600.0</intensity>
      <mass-charge>213.0</mass-charge>
    </ei-ms-peak>
    <ei-ms-peak>
      <ei-ms-id>687</ei-ms-id>
      <id>76468</id>
      <intensity>260.0</intensity>
      <mass-charge>214.0</mass-charge>
    </ei-ms-peak>
    <ei-ms-peak>
      <ei-ms-id>687</ei-ms-id>
      <id>76469</id>
      <intensity>310.0</intensity>
      <mass-charge>215.0</mass-charge>
    </ei-ms-peak>
    <ei-ms-peak>
      <ei-ms-id>687</ei-ms-id>
      <id>76470</id>
      <intensity>130.0</intensity>
      <mass-charge>216.0</mass-charge>
    </ei-ms-peak>
    <ei-ms-peak>
      <ei-ms-id>687</ei-ms-id>
      <id>76471</id>
      <intensity>130.0</intensity>
      <mass-charge>217.0</mass-charge>
    </ei-ms-peak>
    <ei-ms-peak>
      <ei-ms-id>687</ei-ms-id>
      <id>76472</id>
      <intensity>150.0</intensity>
      <mass-charge>219.0</mass-charge>
    </ei-ms-peak>
    <ei-ms-peak>
      <ei-ms-id>687</ei-ms-id>
      <id>76473</id>
      <intensity>100.0</intensity>
      <mass-charge>220.0</mass-charge>
    </ei-ms-peak>
    <ei-ms-peak>
      <ei-ms-id>687</ei-ms-id>
      <id>76474</id>
      <intensity>500.0</intensity>
      <mass-charge>221.0</mass-charge>
    </ei-ms-peak>
    <ei-ms-peak>
      <ei-ms-id>687</ei-ms-id>
      <id>76475</id>
      <intensity>320.0</intensity>
      <mass-charge>222.0</mass-charge>
    </ei-ms-peak>
    <ei-ms-peak>
      <ei-ms-id>687</ei-ms-id>
      <id>76476</id>
      <intensity>1871.0</intensity>
      <mass-charge>223.0</mass-charge>
    </ei-ms-peak>
    <ei-ms-peak>
      <ei-ms-id>687</ei-ms-id>
      <id>76477</id>
      <intensity>720.0</intensity>
      <mass-charge>224.0</mass-charge>
    </ei-ms-peak>
    <ei-ms-peak>
      <ei-ms-id>687</ei-ms-id>
      <id>76478</id>
      <intensity>1050.0</intensity>
      <mass-charge>225.0</mass-charge>
    </ei-ms-peak>
    <ei-ms-peak>
      <ei-ms-id>687</ei-ms-id>
      <id>76479</id>
      <intensity>440.0</intensity>
      <mass-charge>226.0</mass-charge>
    </ei-ms-peak>
    <ei-ms-peak>
      <ei-ms-id>687</ei-ms-id>
      <id>76480</id>
      <intensity>740.0</intensity>
      <mass-charge>227.0</mass-charge>
    </ei-ms-peak>
    <ei-ms-peak>
      <ei-ms-id>687</ei-ms-id>
      <id>76481</id>
      <intensity>210.0</intensity>
      <mass-charge>228.0</mass-charge>
    </ei-ms-peak>
    <ei-ms-peak>
      <ei-ms-id>687</ei-ms-id>
      <id>76482</id>
      <intensity>150.0</intensity>
      <mass-charge>229.0</mass-charge>
    </ei-ms-peak>
    <ei-ms-peak>
      <ei-ms-id>687</ei-ms-id>
      <id>76483</id>
      <intensity>110.0</intensity>
      <mass-charge>231.0</mass-charge>
    </ei-ms-peak>
    <ei-ms-peak>
      <ei-ms-id>687</ei-ms-id>
      <id>76484</id>
      <intensity>130.0</intensity>
      <mass-charge>233.0</mass-charge>
    </ei-ms-peak>
    <ei-ms-peak>
      <ei-ms-id>687</ei-ms-id>
      <id>76485</id>
      <intensity>110.0</intensity>
      <mass-charge>234.0</mass-charge>
    </ei-ms-peak>
    <ei-ms-peak>
      <ei-ms-id>687</ei-ms-id>
      <id>76486</id>
      <intensity>430.0</intensity>
      <mass-charge>235.0</mass-charge>
    </ei-ms-peak>
    <ei-ms-peak>
      <ei-ms-id>687</ei-ms-id>
      <id>76487</id>
      <intensity>290.0</intensity>
      <mass-charge>236.0</mass-charge>
    </ei-ms-peak>
    <ei-ms-peak>
      <ei-ms-id>687</ei-ms-id>
      <id>76488</id>
      <intensity>740.0</intensity>
      <mass-charge>237.0</mass-charge>
    </ei-ms-peak>
    <ei-ms-peak>
      <ei-ms-id>687</ei-ms-id>
      <id>76489</id>
      <intensity>530.0</intensity>
      <mass-charge>238.0</mass-charge>
    </ei-ms-peak>
    <ei-ms-peak>
      <ei-ms-id>687</ei-ms-id>
      <id>76490</id>
      <intensity>500.0</intensity>
      <mass-charge>239.0</mass-charge>
    </ei-ms-peak>
    <ei-ms-peak>
      <ei-ms-id>687</ei-ms-id>
      <id>76491</id>
      <intensity>220.0</intensity>
      <mass-charge>240.0</mass-charge>
    </ei-ms-peak>
    <ei-ms-peak>
      <ei-ms-id>687</ei-ms-id>
      <id>76492</id>
      <intensity>690.0</intensity>
      <mass-charge>241.0</mass-charge>
    </ei-ms-peak>
    <ei-ms-peak>
      <ei-ms-id>687</ei-ms-id>
      <id>76493</id>
      <intensity>560.0</intensity>
      <mass-charge>242.0</mass-charge>
    </ei-ms-peak>
    <ei-ms-peak>
      <ei-ms-id>687</ei-ms-id>
      <id>76494</id>
      <intensity>280.0</intensity>
      <mass-charge>243.0</mass-charge>
    </ei-ms-peak>
    <ei-ms-peak>
      <ei-ms-id>687</ei-ms-id>
      <id>76495</id>
      <intensity>130.0</intensity>
      <mass-charge>246.0</mass-charge>
    </ei-ms-peak>
    <ei-ms-peak>
      <ei-ms-id>687</ei-ms-id>
      <id>76496</id>
      <intensity>150.0</intensity>
      <mass-charge>247.0</mass-charge>
    </ei-ms-peak>
    <ei-ms-peak>
      <ei-ms-id>687</ei-ms-id>
      <id>76497</id>
      <intensity>300.0</intensity>
      <mass-charge>249.0</mass-charge>
    </ei-ms-peak>
    <ei-ms-peak>
      <ei-ms-id>687</ei-ms-id>
      <id>76498</id>
      <intensity>200.0</intensity>
      <mass-charge>250.0</mass-charge>
    </ei-ms-peak>
    <ei-ms-peak>
      <ei-ms-id>687</ei-ms-id>
      <id>76499</id>
      <intensity>520.0</intensity>
      <mass-charge>251.0</mass-charge>
    </ei-ms-peak>
    <ei-ms-peak>
      <ei-ms-id>687</ei-ms-id>
      <id>76500</id>
      <intensity>210.0</intensity>
      <mass-charge>252.0</mass-charge>
    </ei-ms-peak>
    <ei-ms-peak>
      <ei-ms-id>687</ei-ms-id>
      <id>76501</id>
      <intensity>300.0</intensity>
      <mass-charge>253.0</mass-charge>
    </ei-ms-peak>
    <ei-ms-peak>
      <ei-ms-id>687</ei-ms-id>
      <id>76502</id>
      <intensity>200.0</intensity>
      <mass-charge>254.0</mass-charge>
    </ei-ms-peak>
    <ei-ms-peak>
      <ei-ms-id>687</ei-ms-id>
      <id>76503</id>
      <intensity>340.0</intensity>
      <mass-charge>255.0</mass-charge>
    </ei-ms-peak>
    <ei-ms-peak>
      <ei-ms-id>687</ei-ms-id>
      <id>76504</id>
      <intensity>170.0</intensity>
      <mass-charge>256.0</mass-charge>
    </ei-ms-peak>
    <ei-ms-peak>
      <ei-ms-id>687</ei-ms-id>
      <id>76505</id>
      <intensity>120.0</intensity>
      <mass-charge>257.0</mass-charge>
    </ei-ms-peak>
    <ei-ms-peak>
      <ei-ms-id>687</ei-ms-id>
      <id>76506</id>
      <intensity>670.0</intensity>
      <mass-charge>261.0</mass-charge>
    </ei-ms-peak>
    <ei-ms-peak>
      <ei-ms-id>687</ei-ms-id>
      <id>76507</id>
      <intensity>220.0</intensity>
      <mass-charge>262.0</mass-charge>
    </ei-ms-peak>
    <ei-ms-peak>
      <ei-ms-id>687</ei-ms-id>
      <id>76508</id>
      <intensity>180.0</intensity>
      <mass-charge>263.0</mass-charge>
    </ei-ms-peak>
    <ei-ms-peak>
      <ei-ms-id>687</ei-ms-id>
      <id>76509</id>
      <intensity>310.0</intensity>
      <mass-charge>264.0</mass-charge>
    </ei-ms-peak>
    <ei-ms-peak>
      <ei-ms-id>687</ei-ms-id>
      <id>76510</id>
      <intensity>240.0</intensity>
      <mass-charge>265.0</mass-charge>
    </ei-ms-peak>
    <ei-ms-peak>
      <ei-ms-id>687</ei-ms-id>
      <id>76511</id>
      <intensity>170.0</intensity>
      <mass-charge>266.0</mass-charge>
    </ei-ms-peak>
    <ei-ms-peak>
      <ei-ms-id>687</ei-ms-id>
      <id>76512</id>
      <intensity>270.0</intensity>
      <mass-charge>267.0</mass-charge>
    </ei-ms-peak>
    <ei-ms-peak>
      <ei-ms-id>687</ei-ms-id>
      <id>76513</id>
      <intensity>110.0</intensity>
      <mass-charge>268.0</mass-charge>
    </ei-ms-peak>
    <ei-ms-peak>
      <ei-ms-id>687</ei-ms-id>
      <id>76514</id>
      <intensity>240.0</intensity>
      <mass-charge>269.0</mass-charge>
    </ei-ms-peak>
    <ei-ms-peak>
      <ei-ms-id>687</ei-ms-id>
      <id>76515</id>
      <intensity>250.0</intensity>
      <mass-charge>270.0</mass-charge>
    </ei-ms-peak>
    <ei-ms-peak>
      <ei-ms-id>687</ei-ms-id>
      <id>76516</id>
      <intensity>210.0</intensity>
      <mass-charge>271.0</mass-charge>
    </ei-ms-peak>
    <ei-ms-peak>
      <ei-ms-id>687</ei-ms-id>
      <id>76517</id>
      <intensity>130.0</intensity>
      <mass-charge>275.0</mass-charge>
    </ei-ms-peak>
    <ei-ms-peak>
      <ei-ms-id>687</ei-ms-id>
      <id>76518</id>
      <intensity>1441.0</intensity>
      <mass-charge>279.0</mass-charge>
    </ei-ms-peak>
    <ei-ms-peak>
      <ei-ms-id>687</ei-ms-id>
      <id>76519</id>
      <intensity>370.0</intensity>
      <mass-charge>280.0</mass-charge>
    </ei-ms-peak>
    <ei-ms-peak>
      <ei-ms-id>687</ei-ms-id>
      <id>76520</id>
      <intensity>420.0</intensity>
      <mass-charge>281.0</mass-charge>
    </ei-ms-peak>
    <ei-ms-peak>
      <ei-ms-id>687</ei-ms-id>
      <id>76521</id>
      <intensity>130.0</intensity>
      <mass-charge>282.0</mass-charge>
    </ei-ms-peak>
    <ei-ms-peak>
      <ei-ms-id>687</ei-ms-id>
      <id>76522</id>
      <intensity>200.0</intensity>
      <mass-charge>283.0</mass-charge>
    </ei-ms-peak>
    <ei-ms-peak>
      <ei-ms-id>687</ei-ms-id>
      <id>76523</id>
      <intensity>280.0</intensity>
      <mass-charge>284.0</mass-charge>
    </ei-ms-peak>
    <ei-ms-peak>
      <ei-ms-id>687</ei-ms-id>
      <id>76524</id>
      <intensity>110.0</intensity>
      <mass-charge>285.0</mass-charge>
    </ei-ms-peak>
    <ei-ms-peak>
      <ei-ms-id>687</ei-ms-id>
      <id>76525</id>
      <intensity>250.0</intensity>
      <mass-charge>293.0</mass-charge>
    </ei-ms-peak>
    <ei-ms-peak>
      <ei-ms-id>687</ei-ms-id>
      <id>76526</id>
      <intensity>500.0</intensity>
      <mass-charge>297.0</mass-charge>
    </ei-ms-peak>
    <ei-ms-peak>
      <ei-ms-id>687</ei-ms-id>
      <id>76527</id>
      <intensity>170.0</intensity>
      <mass-charge>298.0</mass-charge>
    </ei-ms-peak>
    <ei-ms-peak>
      <ei-ms-id>687</ei-ms-id>
      <id>76528</id>
      <intensity>320.0</intensity>
      <mass-charge>299.0</mass-charge>
    </ei-ms-peak>
    <ei-ms-peak>
      <ei-ms-id>687</ei-ms-id>
      <id>76529</id>
      <intensity>120.0</intensity>
      <mass-charge>308.0</mass-charge>
    </ei-ms-peak>
    <ei-ms-peak>
      <ei-ms-id>687</ei-ms-id>
      <id>76530</id>
      <intensity>200.0</intensity>
      <mass-charge>311.0</mass-charge>
    </ei-ms-peak>
    <ei-ms-peak>
      <ei-ms-id>687</ei-ms-id>
      <id>76531</id>
      <intensity>570.0</intensity>
      <mass-charge>314.0</mass-charge>
    </ei-ms-peak>
    <ei-ms-peak>
      <ei-ms-id>687</ei-ms-id>
      <id>76532</id>
      <intensity>270.0</intensity>
      <mass-charge>315.0</mass-charge>
    </ei-ms-peak>
    <ei-ms-peak>
      <ei-ms-id>687</ei-ms-id>
      <id>76533</id>
      <intensity>3983.0</intensity>
      <mass-charge>317.0</mass-charge>
    </ei-ms-peak>
    <ei-ms-peak>
      <ei-ms-id>687</ei-ms-id>
      <id>76534</id>
      <intensity>900.0</intensity>
      <mass-charge>318.0</mass-charge>
    </ei-ms-peak>
    <ei-ms-peak>
      <ei-ms-id>687</ei-ms-id>
      <id>76535</id>
      <intensity>140.0</intensity>
      <mass-charge>319.0</mass-charge>
    </ei-ms-peak>
    <ei-ms-peak>
      <ei-ms-id>687</ei-ms-id>
      <id>76536</id>
      <intensity>1821.0</intensity>
      <mass-charge>326.0</mass-charge>
    </ei-ms-peak>
    <ei-ms-peak>
      <ei-ms-id>687</ei-ms-id>
      <id>76537</id>
      <intensity>440.0</intensity>
      <mass-charge>327.0</mass-charge>
    </ei-ms-peak>
    <ei-ms-peak>
      <ei-ms-id>687</ei-ms-id>
      <id>76538</id>
      <intensity>220.0</intensity>
      <mass-charge>329.0</mass-charge>
    </ei-ms-peak>
    <ei-ms-peak>
      <ei-ms-id>687</ei-ms-id>
      <id>76539</id>
      <intensity>250.0</intensity>
      <mass-charge>334.0</mass-charge>
    </ei-ms-peak>
    <ei-ms-peak>
      <ei-ms-id>687</ei-ms-id>
      <id>76540</id>
      <intensity>1171.0</intensity>
      <mass-charge>335.0</mass-charge>
    </ei-ms-peak>
    <ei-ms-peak>
      <ei-ms-id>687</ei-ms-id>
      <id>76541</id>
      <intensity>250.0</intensity>
      <mass-charge>336.0</mass-charge>
    </ei-ms-peak>
    <ei-ms-peak>
      <ei-ms-id>687</ei-ms-id>
      <id>76542</id>
      <intensity>180.0</intensity>
      <mass-charge>344.0</mass-charge>
    </ei-ms-peak>
    <ei-ms-peak>
      <ei-ms-id>687</ei-ms-id>
      <id>76543</id>
      <intensity>1080.0</intensity>
      <mass-charge>374.0</mass-charge>
    </ei-ms-peak>
    <ei-ms-peak>
      <ei-ms-id>687</ei-ms-id>
      <id>76544</id>
      <intensity>250.0</intensity>
      <mass-charge>375.0</mass-charge>
    </ei-ms-peak>
  </ei-ms-peaks>
</ei-ms>
