<?xml version="1.0" encoding="UTF-8"?>
<ei-ms>
  <collection-date nil="true"/>
  <created-at>2014-09-20T16:38:31Z</created-at>
  <database-id>HMDB00622</database-id>
  <id>868</id>
  <inchi-key>UKFXDFUAPNAMPJ-UHFFFAOYSA-N</inchi-key>
  <instrument-type nil="true"/>
  <molecule-id nil="true"/>
  <notes nil="true"/>
  <peak-counter>88</peak-counter>
  <sample-assessment nil="true"/>
  <sample-concentration nil="true"/>
  <sample-concentration-units nil="true"/>
  <sample-mass nil="true"/>
  <sample-mass-units nil="true"/>
  <sample-source nil="true"/>
  <solvent nil="true"/>
  <spectra-assessment nil="true"/>
  <updated-at>2014-09-20T16:38:31Z</updated-at>
  <references>
    <reference>
      <database>NIST</database>
      <database-id>601-75-2</database-id>
      <id>15740</id>
      <pubmed-id nil="true"/>
      <ref-text>NIST Mass Spec Data Center, S.E. Stein, director, "Mass Spectra" in NIST Chemistry WebBook, NIST Standard Reference Database Number 69, Eds. P.J. Linstrom and W.G. Mallard, National Institute of Standards and Technology, Gaithersburg MD, 20899, http://webbook.nist.gov, (retrieved September 6, 2014).</ref-text>
      <spectra-id>868</spectra-id>
      <spectra-type>EiMs</spectra-type>
    </reference>
  </references>
  <ei-ms-peaks>
    <ei-ms-peak>
      <ei-ms-id>868</ei-ms-id>
      <id>95261</id>
      <intensity>22.0</intensity>
      <mass-charge>18.0</mass-charge>
    </ei-ms-peak>
    <ei-ms-peak>
      <ei-ms-id>868</ei-ms-id>
      <id>95262</id>
      <intensity>22.0</intensity>
      <mass-charge>25.0</mass-charge>
    </ei-ms-peak>
    <ei-ms-peak>
      <ei-ms-id>868</ei-ms-id>
      <id>95263</id>
      <intensity>317.0</intensity>
      <mass-charge>26.0</mass-charge>
    </ei-ms-peak>
    <ei-ms-peak>
      <ei-ms-id>868</ei-ms-id>
      <id>95264</id>
      <intensity>2195.0</intensity>
      <mass-charge>27.0</mass-charge>
    </ei-ms-peak>
    <ei-ms-peak>
      <ei-ms-id>868</ei-ms-id>
      <id>95265</id>
      <intensity>17.0</intensity>
      <mass-charge>28.0</mass-charge>
    </ei-ms-peak>
    <ei-ms-peak>
      <ei-ms-id>868</ei-ms-id>
      <id>95266</id>
      <intensity>634.0</intensity>
      <mass-charge>29.0</mass-charge>
    </ei-ms-peak>
    <ei-ms-peak>
      <ei-ms-id>868</ei-ms-id>
      <id>95267</id>
      <intensity>25.0</intensity>
      <mass-charge>30.0</mass-charge>
    </ei-ms-peak>
    <ei-ms-peak>
      <ei-ms-id>868</ei-ms-id>
      <id>95268</id>
      <intensity>240.0</intensity>
      <mass-charge>31.0</mass-charge>
    </ei-ms-peak>
    <ei-ms-peak>
      <ei-ms-id>868</ei-ms-id>
      <id>95269</id>
      <intensity>7.0</intensity>
      <mass-charge>33.0</mass-charge>
    </ei-ms-peak>
    <ei-ms-peak>
      <ei-ms-id>868</ei-ms-id>
      <id>95270</id>
      <intensity>14.0</intensity>
      <mass-charge>34.0</mass-charge>
    </ei-ms-peak>
    <ei-ms-peak>
      <ei-ms-id>868</ei-ms-id>
      <id>95271</id>
      <intensity>4.0</intensity>
      <mass-charge>35.0</mass-charge>
    </ei-ms-peak>
    <ei-ms-peak>
      <ei-ms-id>868</ei-ms-id>
      <id>95272</id>
      <intensity>20.0</intensity>
      <mass-charge>36.0</mass-charge>
    </ei-ms-peak>
    <ei-ms-peak>
      <ei-ms-id>868</ei-ms-id>
      <id>95273</id>
      <intensity>86.0</intensity>
      <mass-charge>37.0</mass-charge>
    </ei-ms-peak>
    <ei-ms-peak>
      <ei-ms-id>868</ei-ms-id>
      <id>95274</id>
      <intensity>182.0</intensity>
      <mass-charge>38.0</mass-charge>
    </ei-ms-peak>
    <ei-ms-peak>
      <ei-ms-id>868</ei-ms-id>
      <id>95275</id>
      <intensity>1460.0</intensity>
      <mass-charge>39.0</mass-charge>
    </ei-ms-peak>
    <ei-ms-peak>
      <ei-ms-id>868</ei-ms-id>
      <id>95276</id>
      <intensity>238.0</intensity>
      <mass-charge>40.0</mass-charge>
    </ei-ms-peak>
    <ei-ms-peak>
      <ei-ms-id>868</ei-ms-id>
      <id>95277</id>
      <intensity>1768.0</intensity>
      <mass-charge>41.0</mass-charge>
    </ei-ms-peak>
    <ei-ms-peak>
      <ei-ms-id>868</ei-ms-id>
      <id>95278</id>
      <intensity>1288.0</intensity>
      <mass-charge>42.0</mass-charge>
    </ei-ms-peak>
    <ei-ms-peak>
      <ei-ms-id>868</ei-ms-id>
      <id>95279</id>
      <intensity>811.0</intensity>
      <mass-charge>43.0</mass-charge>
    </ei-ms-peak>
    <ei-ms-peak>
      <ei-ms-id>868</ei-ms-id>
      <id>95280</id>
      <intensity>198.0</intensity>
      <mass-charge>44.0</mass-charge>
    </ei-ms-peak>
    <ei-ms-peak>
      <ei-ms-id>868</ei-ms-id>
      <id>95281</id>
      <intensity>1935.0</intensity>
      <mass-charge>45.0</mass-charge>
    </ei-ms-peak>
    <ei-ms-peak>
      <ei-ms-id>868</ei-ms-id>
      <id>95282</id>
      <intensity>75.0</intensity>
      <mass-charge>46.0</mass-charge>
    </ei-ms-peak>
    <ei-ms-peak>
      <ei-ms-id>868</ei-ms-id>
      <id>95283</id>
      <intensity>33.0</intensity>
      <mass-charge>47.0</mass-charge>
    </ei-ms-peak>
    <ei-ms-peak>
      <ei-ms-id>868</ei-ms-id>
      <id>95284</id>
      <intensity>9.0</intensity>
      <mass-charge>48.0</mass-charge>
    </ei-ms-peak>
    <ei-ms-peak>
      <ei-ms-id>868</ei-ms-id>
      <id>95285</id>
      <intensity>4.0</intensity>
      <mass-charge>49.0</mass-charge>
    </ei-ms-peak>
    <ei-ms-peak>
      <ei-ms-id>868</ei-ms-id>
      <id>95286</id>
      <intensity>17.0</intensity>
      <mass-charge>50.0</mass-charge>
    </ei-ms-peak>
    <ei-ms-peak>
      <ei-ms-id>868</ei-ms-id>
      <id>95287</id>
      <intensity>33.0</intensity>
      <mass-charge>51.0</mass-charge>
    </ei-ms-peak>
    <ei-ms-peak>
      <ei-ms-id>868</ei-ms-id>
      <id>95288</id>
      <intensity>8.0</intensity>
      <mass-charge>52.0</mass-charge>
    </ei-ms-peak>
    <ei-ms-peak>
      <ei-ms-id>868</ei-ms-id>
      <id>95289</id>
      <intensity>79.0</intensity>
      <mass-charge>53.0</mass-charge>
    </ei-ms-peak>
    <ei-ms-peak>
      <ei-ms-id>868</ei-ms-id>
      <id>95290</id>
      <intensity>27.0</intensity>
      <mass-charge>54.0</mass-charge>
    </ei-ms-peak>
    <ei-ms-peak>
      <ei-ms-id>868</ei-ms-id>
      <id>95291</id>
      <intensity>2745.0</intensity>
      <mass-charge>55.0</mass-charge>
    </ei-ms-peak>
    <ei-ms-peak>
      <ei-ms-id>868</ei-ms-id>
      <id>95292</id>
      <intensity>86.0</intensity>
      <mass-charge>56.0</mass-charge>
    </ei-ms-peak>
    <ei-ms-peak>
      <ei-ms-id>868</ei-ms-id>
      <id>95293</id>
      <intensity>84.0</intensity>
      <mass-charge>57.0</mass-charge>
    </ei-ms-peak>
    <ei-ms-peak>
      <ei-ms-id>868</ei-ms-id>
      <id>95294</id>
      <intensity>201.0</intensity>
      <mass-charge>58.0</mass-charge>
    </ei-ms-peak>
    <ei-ms-peak>
      <ei-ms-id>868</ei-ms-id>
      <id>95295</id>
      <intensity>31.0</intensity>
      <mass-charge>59.0</mass-charge>
    </ei-ms-peak>
    <ei-ms-peak>
      <ei-ms-id>868</ei-ms-id>
      <id>95296</id>
      <intensity>265.0</intensity>
      <mass-charge>60.0</mass-charge>
    </ei-ms-peak>
    <ei-ms-peak>
      <ei-ms-id>868</ei-ms-id>
      <id>95297</id>
      <intensity>10.0</intensity>
      <mass-charge>61.0</mass-charge>
    </ei-ms-peak>
    <ei-ms-peak>
      <ei-ms-id>868</ei-ms-id>
      <id>95298</id>
      <intensity>4.0</intensity>
      <mass-charge>62.0</mass-charge>
    </ei-ms-peak>
    <ei-ms-peak>
      <ei-ms-id>868</ei-ms-id>
      <id>95299</id>
      <intensity>27.0</intensity>
      <mass-charge>63.0</mass-charge>
    </ei-ms-peak>
    <ei-ms-peak>
      <ei-ms-id>868</ei-ms-id>
      <id>95300</id>
      <intensity>38.0</intensity>
      <mass-charge>64.0</mass-charge>
    </ei-ms-peak>
    <ei-ms-peak>
      <ei-ms-id>868</ei-ms-id>
      <id>95301</id>
      <intensity>11.0</intensity>
      <mass-charge>65.0</mass-charge>
    </ei-ms-peak>
    <ei-ms-peak>
      <ei-ms-id>868</ei-ms-id>
      <id>95302</id>
      <intensity>11.0</intensity>
      <mass-charge>66.0</mass-charge>
    </ei-ms-peak>
    <ei-ms-peak>
      <ei-ms-id>868</ei-ms-id>
      <id>95303</id>
      <intensity>12.0</intensity>
      <mass-charge>67.0</mass-charge>
    </ei-ms-peak>
    <ei-ms-peak>
      <ei-ms-id>868</ei-ms-id>
      <id>95304</id>
      <intensity>706.0</intensity>
      <mass-charge>68.0</mass-charge>
    </ei-ms-peak>
    <ei-ms-peak>
      <ei-ms-id>868</ei-ms-id>
      <id>95305</id>
      <intensity>1143.0</intensity>
      <mass-charge>69.0</mass-charge>
    </ei-ms-peak>
    <ei-ms-peak>
      <ei-ms-id>868</ei-ms-id>
      <id>95306</id>
      <intensity>364.0</intensity>
      <mass-charge>70.0</mass-charge>
    </ei-ms-peak>
    <ei-ms-peak>
      <ei-ms-id>868</ei-ms-id>
      <id>95307</id>
      <intensity>213.0</intensity>
      <mass-charge>71.0</mass-charge>
    </ei-ms-peak>
    <ei-ms-peak>
      <ei-ms-id>868</ei-ms-id>
      <id>95308</id>
      <intensity>23.0</intensity>
      <mass-charge>72.0</mass-charge>
    </ei-ms-peak>
    <ei-ms-peak>
      <ei-ms-id>868</ei-ms-id>
      <id>95309</id>
      <intensity>2816.0</intensity>
      <mass-charge>73.0</mass-charge>
    </ei-ms-peak>
    <ei-ms-peak>
      <ei-ms-id>868</ei-ms-id>
      <id>95310</id>
      <intensity>100.0</intensity>
      <mass-charge>74.0</mass-charge>
    </ei-ms-peak>
    <ei-ms-peak>
      <ei-ms-id>868</ei-ms-id>
      <id>95311</id>
      <intensity>16.0</intensity>
      <mass-charge>75.0</mass-charge>
    </ei-ms-peak>
    <ei-ms-peak>
      <ei-ms-id>868</ei-ms-id>
      <id>95312</id>
      <intensity>3.0</intensity>
      <mass-charge>76.0</mass-charge>
    </ei-ms-peak>
    <ei-ms-peak>
      <ei-ms-id>868</ei-ms-id>
      <id>95313</id>
      <intensity>33.0</intensity>
      <mass-charge>77.0</mass-charge>
    </ei-ms-peak>
    <ei-ms-peak>
      <ei-ms-id>868</ei-ms-id>
      <id>95314</id>
      <intensity>10.0</intensity>
      <mass-charge>78.0</mass-charge>
    </ei-ms-peak>
    <ei-ms-peak>
      <ei-ms-id>868</ei-ms-id>
      <id>95315</id>
      <intensity>12.0</intensity>
      <mass-charge>79.0</mass-charge>
    </ei-ms-peak>
    <ei-ms-peak>
      <ei-ms-id>868</ei-ms-id>
      <id>95316</id>
      <intensity>4.0</intensity>
      <mass-charge>81.0</mass-charge>
    </ei-ms-peak>
    <ei-ms-peak>
      <ei-ms-id>868</ei-ms-id>
      <id>95317</id>
      <intensity>3.0</intensity>
      <mass-charge>82.0</mass-charge>
    </ei-ms-peak>
    <ei-ms-peak>
      <ei-ms-id>868</ei-ms-id>
      <id>95318</id>
      <intensity>9.0</intensity>
      <mass-charge>83.0</mass-charge>
    </ei-ms-peak>
    <ei-ms-peak>
      <ei-ms-id>868</ei-ms-id>
      <id>95319</id>
      <intensity>14.0</intensity>
      <mass-charge>84.0</mass-charge>
    </ei-ms-peak>
    <ei-ms-peak>
      <ei-ms-id>868</ei-ms-id>
      <id>95320</id>
      <intensity>127.0</intensity>
      <mass-charge>85.0</mass-charge>
    </ei-ms-peak>
    <ei-ms-peak>
      <ei-ms-id>868</ei-ms-id>
      <id>95321</id>
      <intensity>5965.0</intensity>
      <mass-charge>86.0</mass-charge>
    </ei-ms-peak>
    <ei-ms-peak>
      <ei-ms-id>868</ei-ms-id>
      <id>95322</id>
      <intensity>883.0</intensity>
      <mass-charge>87.0</mass-charge>
    </ei-ms-peak>
    <ei-ms-peak>
      <ei-ms-id>868</ei-ms-id>
      <id>95323</id>
      <intensity>312.0</intensity>
      <mass-charge>88.0</mass-charge>
    </ei-ms-peak>
    <ei-ms-peak>
      <ei-ms-id>868</ei-ms-id>
      <id>95324</id>
      <intensity>24.0</intensity>
      <mass-charge>89.0</mass-charge>
    </ei-ms-peak>
    <ei-ms-peak>
      <ei-ms-id>868</ei-ms-id>
      <id>95325</id>
      <intensity>4.0</intensity>
      <mass-charge>90.0</mass-charge>
    </ei-ms-peak>
    <ei-ms-peak>
      <ei-ms-id>868</ei-ms-id>
      <id>95326</id>
      <intensity>53.0</intensity>
      <mass-charge>91.0</mass-charge>
    </ei-ms-peak>
    <ei-ms-peak>
      <ei-ms-id>868</ei-ms-id>
      <id>95327</id>
      <intensity>17.0</intensity>
      <mass-charge>92.0</mass-charge>
    </ei-ms-peak>
    <ei-ms-peak>
      <ei-ms-id>868</ei-ms-id>
      <id>95328</id>
      <intensity>9.0</intensity>
      <mass-charge>93.0</mass-charge>
    </ei-ms-peak>
    <ei-ms-peak>
      <ei-ms-id>868</ei-ms-id>
      <id>95329</id>
      <intensity>9.0</intensity>
      <mass-charge>94.0</mass-charge>
    </ei-ms-peak>
    <ei-ms-peak>
      <ei-ms-id>868</ei-ms-id>
      <id>95330</id>
      <intensity>8.0</intensity>
      <mass-charge>95.0</mass-charge>
    </ei-ms-peak>
    <ei-ms-peak>
      <ei-ms-id>868</ei-ms-id>
      <id>95331</id>
      <intensity>5.0</intensity>
      <mass-charge>96.0</mass-charge>
    </ei-ms-peak>
    <ei-ms-peak>
      <ei-ms-id>868</ei-ms-id>
      <id>95332</id>
      <intensity>4.0</intensity>
      <mass-charge>97.0</mass-charge>
    </ei-ms-peak>
    <ei-ms-peak>
      <ei-ms-id>868</ei-ms-id>
      <id>95333</id>
      <intensity>125.0</intensity>
      <mass-charge>99.0</mass-charge>
    </ei-ms-peak>
    <ei-ms-peak>
      <ei-ms-id>868</ei-ms-id>
      <id>95334</id>
      <intensity>5.0</intensity>
      <mass-charge>100.0</mass-charge>
    </ei-ms-peak>
    <ei-ms-peak>
      <ei-ms-id>868</ei-ms-id>
      <id>95335</id>
      <intensity>3.0</intensity>
      <mass-charge>101.0</mass-charge>
    </ei-ms-peak>
    <ei-ms-peak>
      <ei-ms-id>868</ei-ms-id>
      <id>95336</id>
      <intensity>9999.0</intensity>
      <mass-charge>104.0</mass-charge>
    </ei-ms-peak>
    <ei-ms-peak>
      <ei-ms-id>868</ei-ms-id>
      <id>95337</id>
      <intensity>290.0</intensity>
      <mass-charge>105.0</mass-charge>
    </ei-ms-peak>
    <ei-ms-peak>
      <ei-ms-id>868</ei-ms-id>
      <id>95338</id>
      <intensity>100.0</intensity>
      <mass-charge>106.0</mass-charge>
    </ei-ms-peak>
    <ei-ms-peak>
      <ei-ms-id>868</ei-ms-id>
      <id>95339</id>
      <intensity>9.0</intensity>
      <mass-charge>107.0</mass-charge>
    </ei-ms-peak>
    <ei-ms-peak>
      <ei-ms-id>868</ei-ms-id>
      <id>95340</id>
      <intensity>3.0</intensity>
      <mass-charge>108.0</mass-charge>
    </ei-ms-peak>
    <ei-ms-peak>
      <ei-ms-id>868</ei-ms-id>
      <id>95341</id>
      <intensity>4.0</intensity>
      <mass-charge>109.0</mass-charge>
    </ei-ms-peak>
    <ei-ms-peak>
      <ei-ms-id>868</ei-ms-id>
      <id>95342</id>
      <intensity>28.0</intensity>
      <mass-charge>113.0</mass-charge>
    </ei-ms-peak>
    <ei-ms-peak>
      <ei-ms-id>868</ei-ms-id>
      <id>95343</id>
      <intensity>99.0</intensity>
      <mass-charge>114.0</mass-charge>
    </ei-ms-peak>
    <ei-ms-peak>
      <ei-ms-id>868</ei-ms-id>
      <id>95344</id>
      <intensity>257.0</intensity>
      <mass-charge>115.0</mass-charge>
    </ei-ms-peak>
    <ei-ms-peak>
      <ei-ms-id>868</ei-ms-id>
      <id>95345</id>
      <intensity>14.0</intensity>
      <mass-charge>116.0</mass-charge>
    </ei-ms-peak>
    <ei-ms-peak>
      <ei-ms-id>868</ei-ms-id>
      <id>95346</id>
      <intensity>5.0</intensity>
      <mass-charge>131.0</mass-charge>
    </ei-ms-peak>
    <ei-ms-peak>
      <ei-ms-id>868</ei-ms-id>
      <id>95347</id>
      <intensity>54.0</intensity>
      <mass-charge>133.0</mass-charge>
    </ei-ms-peak>
    <ei-ms-peak>
      <ei-ms-id>868</ei-ms-id>
      <id>95348</id>
      <intensity>8.0</intensity>
      <mass-charge>134.0</mass-charge>
    </ei-ms-peak>
  </ei-ms-peaks>
</ei-ms>
