<?xml version="1.0" encoding="UTF-8"?>
<ei-ms>
  <collection-date nil="true"/>
  <created-at>2014-09-20T16:25:32Z</created-at>
  <database-id>HMDB05843</database-id>
  <id>329</id>
  <inchi-key>ZOJBYZNEUISWFT-UHFFFAOYSA-N</inchi-key>
  <instrument-type nil="true"/>
  <molecule-id nil="true"/>
  <notes nil="true"/>
  <peak-counter>66</peak-counter>
  <sample-assessment nil="true"/>
  <sample-concentration nil="true"/>
  <sample-concentration-units nil="true"/>
  <sample-mass nil="true"/>
  <sample-mass-units nil="true"/>
  <sample-source nil="true"/>
  <solvent nil="true"/>
  <spectra-assessment nil="true"/>
  <updated-at>2014-09-20T16:25:32Z</updated-at>
  <references>
    <reference>
      <database>NIST</database>
      <database-id>57-06-7</database-id>
      <id>15201</id>
      <pubmed-id nil="true"/>
      <ref-text>NIST Mass Spec Data Center, S.E. Stein, director, "Mass Spectra" in NIST Chemistry WebBook, NIST Standard Reference Database Number 69, Eds. P.J. Linstrom and W.G. Mallard, National Institute of Standards and Technology, Gaithersburg MD, 20899, http://webbook.nist.gov, (retrieved September 6, 2014).</ref-text>
      <spectra-id>329</spectra-id>
      <spectra-type>EiMs</spectra-type>
    </reference>
  </references>
  <ei-ms-peaks>
    <ei-ms-peak>
      <ei-ms-id>329</ei-ms-id>
      <id>37373</id>
      <intensity>10.0</intensity>
      <mass-charge>12.0</mass-charge>
    </ei-ms-peak>
    <ei-ms-peak>
      <ei-ms-id>329</ei-ms-id>
      <id>37374</id>
      <intensity>10.0</intensity>
      <mass-charge>13.0</mass-charge>
    </ei-ms-peak>
    <ei-ms-peak>
      <ei-ms-id>329</ei-ms-id>
      <id>37375</id>
      <intensity>20.0</intensity>
      <mass-charge>14.0</mass-charge>
    </ei-ms-peak>
    <ei-ms-peak>
      <ei-ms-id>329</ei-ms-id>
      <id>37376</id>
      <intensity>60.0</intensity>
      <mass-charge>15.0</mass-charge>
    </ei-ms-peak>
    <ei-ms-peak>
      <ei-ms-id>329</ei-ms-id>
      <id>37377</id>
      <intensity>10.0</intensity>
      <mass-charge>24.0</mass-charge>
    </ei-ms-peak>
    <ei-ms-peak>
      <ei-ms-id>329</ei-ms-id>
      <id>37378</id>
      <intensity>60.0</intensity>
      <mass-charge>25.0</mass-charge>
    </ei-ms-peak>
    <ei-ms-peak>
      <ei-ms-id>329</ei-ms-id>
      <id>37379</id>
      <intensity>340.0</intensity>
      <mass-charge>26.0</mass-charge>
    </ei-ms-peak>
    <ei-ms-peak>
      <ei-ms-id>329</ei-ms-id>
      <id>37380</id>
      <intensity>510.0</intensity>
      <mass-charge>27.0</mass-charge>
    </ei-ms-peak>
    <ei-ms-peak>
      <ei-ms-id>329</ei-ms-id>
      <id>37381</id>
      <intensity>150.0</intensity>
      <mass-charge>28.0</mass-charge>
    </ei-ms-peak>
    <ei-ms-peak>
      <ei-ms-id>329</ei-ms-id>
      <id>37382</id>
      <intensity>20.0</intensity>
      <mass-charge>29.0</mass-charge>
    </ei-ms-peak>
    <ei-ms-peak>
      <ei-ms-id>329</ei-ms-id>
      <id>37383</id>
      <intensity>10.0</intensity>
      <mass-charge>30.0</mass-charge>
    </ei-ms-peak>
    <ei-ms-peak>
      <ei-ms-id>329</ei-ms-id>
      <id>37384</id>
      <intensity>10.0</intensity>
      <mass-charge>31.0</mass-charge>
    </ei-ms-peak>
    <ei-ms-peak>
      <ei-ms-id>329</ei-ms-id>
      <id>37385</id>
      <intensity>330.0</intensity>
      <mass-charge>32.0</mass-charge>
    </ei-ms-peak>
    <ei-ms-peak>
      <ei-ms-id>329</ei-ms-id>
      <id>37386</id>
      <intensity>30.0</intensity>
      <mass-charge>33.0</mass-charge>
    </ei-ms-peak>
    <ei-ms-peak>
      <ei-ms-id>329</ei-ms-id>
      <id>37387</id>
      <intensity>20.0</intensity>
      <mass-charge>34.0</mass-charge>
    </ei-ms-peak>
    <ei-ms-peak>
      <ei-ms-id>329</ei-ms-id>
      <id>37388</id>
      <intensity>60.0</intensity>
      <mass-charge>36.0</mass-charge>
    </ei-ms-peak>
    <ei-ms-peak>
      <ei-ms-id>329</ei-ms-id>
      <id>37389</id>
      <intensity>500.0</intensity>
      <mass-charge>37.0</mass-charge>
    </ei-ms-peak>
    <ei-ms-peak>
      <ei-ms-id>329</ei-ms-id>
      <id>37390</id>
      <intensity>970.0</intensity>
      <mass-charge>38.0</mass-charge>
    </ei-ms-peak>
    <ei-ms-peak>
      <ei-ms-id>329</ei-ms-id>
      <id>37391</id>
      <intensity>6189.0</intensity>
      <mass-charge>39.0</mass-charge>
    </ei-ms-peak>
    <ei-ms-peak>
      <ei-ms-id>329</ei-ms-id>
      <id>37392</id>
      <intensity>770.0</intensity>
      <mass-charge>40.0</mass-charge>
    </ei-ms-peak>
    <ei-ms-peak>
      <ei-ms-id>329</ei-ms-id>
      <id>37393</id>
      <intensity>6209.0</intensity>
      <mass-charge>41.0</mass-charge>
    </ei-ms-peak>
    <ei-ms-peak>
      <ei-ms-id>329</ei-ms-id>
      <id>37394</id>
      <intensity>220.0</intensity>
      <mass-charge>42.0</mass-charge>
    </ei-ms-peak>
    <ei-ms-peak>
      <ei-ms-id>329</ei-ms-id>
      <id>37395</id>
      <intensity>10.0</intensity>
      <mass-charge>43.0</mass-charge>
    </ei-ms-peak>
    <ei-ms-peak>
      <ei-ms-id>329</ei-ms-id>
      <id>37396</id>
      <intensity>640.0</intensity>
      <mass-charge>44.0</mass-charge>
    </ei-ms-peak>
    <ei-ms-peak>
      <ei-ms-id>329</ei-ms-id>
      <id>37397</id>
      <intensity>1100.0</intensity>
      <mass-charge>45.0</mass-charge>
    </ei-ms-peak>
    <ei-ms-peak>
      <ei-ms-id>329</ei-ms-id>
      <id>37398</id>
      <intensity>230.0</intensity>
      <mass-charge>46.0</mass-charge>
    </ei-ms-peak>
    <ei-ms-peak>
      <ei-ms-id>329</ei-ms-id>
      <id>37399</id>
      <intensity>70.0</intensity>
      <mass-charge>47.0</mass-charge>
    </ei-ms-peak>
    <ei-ms-peak>
      <ei-ms-id>329</ei-ms-id>
      <id>37400</id>
      <intensity>10.0</intensity>
      <mass-charge>48.0</mass-charge>
    </ei-ms-peak>
    <ei-ms-peak>
      <ei-ms-id>329</ei-ms-id>
      <id>37401</id>
      <intensity>40.0</intensity>
      <mass-charge>50.0</mass-charge>
    </ei-ms-peak>
    <ei-ms-peak>
      <ei-ms-id>329</ei-ms-id>
      <id>37402</id>
      <intensity>160.0</intensity>
      <mass-charge>51.0</mass-charge>
    </ei-ms-peak>
    <ei-ms-peak>
      <ei-ms-id>329</ei-ms-id>
      <id>37403</id>
      <intensity>150.0</intensity>
      <mass-charge>52.0</mass-charge>
    </ei-ms-peak>
    <ei-ms-peak>
      <ei-ms-id>329</ei-ms-id>
      <id>37404</id>
      <intensity>20.0</intensity>
      <mass-charge>53.0</mass-charge>
    </ei-ms-peak>
    <ei-ms-peak>
      <ei-ms-id>329</ei-ms-id>
      <id>37405</id>
      <intensity>180.0</intensity>
      <mass-charge>54.0</mass-charge>
    </ei-ms-peak>
    <ei-ms-peak>
      <ei-ms-id>329</ei-ms-id>
      <id>37406</id>
      <intensity>20.0</intensity>
      <mass-charge>55.0</mass-charge>
    </ei-ms-peak>
    <ei-ms-peak>
      <ei-ms-id>329</ei-ms-id>
      <id>37407</id>
      <intensity>40.0</intensity>
      <mass-charge>56.0</mass-charge>
    </ei-ms-peak>
    <ei-ms-peak>
      <ei-ms-id>329</ei-ms-id>
      <id>37408</id>
      <intensity>110.0</intensity>
      <mass-charge>57.0</mass-charge>
    </ei-ms-peak>
    <ei-ms-peak>
      <ei-ms-id>329</ei-ms-id>
      <id>37409</id>
      <intensity>610.0</intensity>
      <mass-charge>58.0</mass-charge>
    </ei-ms-peak>
    <ei-ms-peak>
      <ei-ms-id>329</ei-ms-id>
      <id>37410</id>
      <intensity>600.0</intensity>
      <mass-charge>59.0</mass-charge>
    </ei-ms-peak>
    <ei-ms-peak>
      <ei-ms-id>329</ei-ms-id>
      <id>37411</id>
      <intensity>280.0</intensity>
      <mass-charge>60.0</mass-charge>
    </ei-ms-peak>
    <ei-ms-peak>
      <ei-ms-id>329</ei-ms-id>
      <id>37412</id>
      <intensity>30.0</intensity>
      <mass-charge>61.0</mass-charge>
    </ei-ms-peak>
    <ei-ms-peak>
      <ei-ms-id>329</ei-ms-id>
      <id>37413</id>
      <intensity>40.0</intensity>
      <mass-charge>62.0</mass-charge>
    </ei-ms-peak>
    <ei-ms-peak>
      <ei-ms-id>329</ei-ms-id>
      <id>37414</id>
      <intensity>50.0</intensity>
      <mass-charge>63.0</mass-charge>
    </ei-ms-peak>
    <ei-ms-peak>
      <ei-ms-id>329</ei-ms-id>
      <id>37415</id>
      <intensity>80.0</intensity>
      <mass-charge>64.0</mass-charge>
    </ei-ms-peak>
    <ei-ms-peak>
      <ei-ms-id>329</ei-ms-id>
      <id>37416</id>
      <intensity>10.0</intensity>
      <mass-charge>65.0</mass-charge>
    </ei-ms-peak>
    <ei-ms-peak>
      <ei-ms-id>329</ei-ms-id>
      <id>37417</id>
      <intensity>30.0</intensity>
      <mass-charge>66.0</mass-charge>
    </ei-ms-peak>
    <ei-ms-peak>
      <ei-ms-id>329</ei-ms-id>
      <id>37418</id>
      <intensity>230.0</intensity>
      <mass-charge>67.0</mass-charge>
    </ei-ms-peak>
    <ei-ms-peak>
      <ei-ms-id>329</ei-ms-id>
      <id>37419</id>
      <intensity>70.0</intensity>
      <mass-charge>68.0</mass-charge>
    </ei-ms-peak>
    <ei-ms-peak>
      <ei-ms-id>329</ei-ms-id>
      <id>37420</id>
      <intensity>180.0</intensity>
      <mass-charge>69.0</mass-charge>
    </ei-ms-peak>
    <ei-ms-peak>
      <ei-ms-id>329</ei-ms-id>
      <id>37421</id>
      <intensity>820.0</intensity>
      <mass-charge>70.0</mass-charge>
    </ei-ms-peak>
    <ei-ms-peak>
      <ei-ms-id>329</ei-ms-id>
      <id>37422</id>
      <intensity>1100.0</intensity>
      <mass-charge>71.0</mass-charge>
    </ei-ms-peak>
    <ei-ms-peak>
      <ei-ms-id>329</ei-ms-id>
      <id>37423</id>
      <intensity>3910.0</intensity>
      <mass-charge>72.0</mass-charge>
    </ei-ms-peak>
    <ei-ms-peak>
      <ei-ms-id>329</ei-ms-id>
      <id>37424</id>
      <intensity>220.0</intensity>
      <mass-charge>73.0</mass-charge>
    </ei-ms-peak>
    <ei-ms-peak>
      <ei-ms-id>329</ei-ms-id>
      <id>37425</id>
      <intensity>180.0</intensity>
      <mass-charge>74.0</mass-charge>
    </ei-ms-peak>
    <ei-ms-peak>
      <ei-ms-id>329</ei-ms-id>
      <id>37426</id>
      <intensity>10.0</intensity>
      <mass-charge>75.0</mass-charge>
    </ei-ms-peak>
    <ei-ms-peak>
      <ei-ms-id>329</ei-ms-id>
      <id>37427</id>
      <intensity>20.0</intensity>
      <mass-charge>82.0</mass-charge>
    </ei-ms-peak>
    <ei-ms-peak>
      <ei-ms-id>329</ei-ms-id>
      <id>37428</id>
      <intensity>40.0</intensity>
      <mass-charge>83.0</mass-charge>
    </ei-ms-peak>
    <ei-ms-peak>
      <ei-ms-id>329</ei-ms-id>
      <id>37429</id>
      <intensity>100.0</intensity>
      <mass-charge>84.0</mass-charge>
    </ei-ms-peak>
    <ei-ms-peak>
      <ei-ms-id>329</ei-ms-id>
      <id>37430</id>
      <intensity>10.0</intensity>
      <mass-charge>85.0</mass-charge>
    </ei-ms-peak>
    <ei-ms-peak>
      <ei-ms-id>329</ei-ms-id>
      <id>37431</id>
      <intensity>30.0</intensity>
      <mass-charge>94.0</mass-charge>
    </ei-ms-peak>
    <ei-ms-peak>
      <ei-ms-id>329</ei-ms-id>
      <id>37432</id>
      <intensity>10.0</intensity>
      <mass-charge>95.0</mass-charge>
    </ei-ms-peak>
    <ei-ms-peak>
      <ei-ms-id>329</ei-ms-id>
      <id>37433</id>
      <intensity>30.0</intensity>
      <mass-charge>96.0</mass-charge>
    </ei-ms-peak>
    <ei-ms-peak>
      <ei-ms-id>329</ei-ms-id>
      <id>37434</id>
      <intensity>910.0</intensity>
      <mass-charge>98.0</mass-charge>
    </ei-ms-peak>
    <ei-ms-peak>
      <ei-ms-id>329</ei-ms-id>
      <id>37435</id>
      <intensity>9999.0</intensity>
      <mass-charge>99.0</mass-charge>
    </ei-ms-peak>
    <ei-ms-peak>
      <ei-ms-id>329</ei-ms-id>
      <id>37436</id>
      <intensity>670.0</intensity>
      <mass-charge>100.0</mass-charge>
    </ei-ms-peak>
    <ei-ms-peak>
      <ei-ms-id>329</ei-ms-id>
      <id>37437</id>
      <intensity>560.0</intensity>
      <mass-charge>101.0</mass-charge>
    </ei-ms-peak>
    <ei-ms-peak>
      <ei-ms-id>329</ei-ms-id>
      <id>37438</id>
      <intensity>30.0</intensity>
      <mass-charge>102.0</mass-charge>
    </ei-ms-peak>
  </ei-ms-peaks>
</ei-ms>
