<?xml version="1.0" encoding="UTF-8"?>
<ei-ms>
  <collection-date nil="true"/>
  <created-at>2014-09-20T16:19:36Z</created-at>
  <database-id>HMDB01232</database-id>
  <id>98</id>
  <inchi-key>BTJIUGUIPKRLHP-UHFFFAOYSA-N</inchi-key>
  <instrument-type nil="true"/>
  <molecule-id nil="true"/>
  <notes nil="true"/>
  <peak-counter>75</peak-counter>
  <sample-assessment nil="true"/>
  <sample-concentration nil="true"/>
  <sample-concentration-units nil="true"/>
  <sample-mass nil="true"/>
  <sample-mass-units nil="true"/>
  <sample-source nil="true"/>
  <solvent nil="true"/>
  <spectra-assessment nil="true"/>
  <updated-at>2014-09-20T16:19:36Z</updated-at>
  <references>
    <reference>
      <database>NIST</database>
      <database-id>100-02-7</database-id>
      <id>14970</id>
      <pubmed-id nil="true"/>
      <ref-text>NIST Mass Spec Data Center, S.E. Stein, director, "Mass Spectra" in NIST Chemistry WebBook, NIST Standard Reference Database Number 69, Eds. P.J. Linstrom and W.G. Mallard, National Institute of Standards and Technology, Gaithersburg MD, 20899, http://webbook.nist.gov, (retrieved September 6, 2014).</ref-text>
      <spectra-id>98</spectra-id>
      <spectra-type>EiMs</spectra-type>
    </reference>
  </references>
  <ei-ms-peaks>
    <ei-ms-peak>
      <ei-ms-id>98</ei-ms-id>
      <id>10498</id>
      <intensity>30.0</intensity>
      <mass-charge>14.0</mass-charge>
    </ei-ms-peak>
    <ei-ms-peak>
      <ei-ms-id>98</ei-ms-id>
      <id>10499</id>
      <intensity>30.0</intensity>
      <mass-charge>15.0</mass-charge>
    </ei-ms-peak>
    <ei-ms-peak>
      <ei-ms-id>98</ei-ms-id>
      <id>10500</id>
      <intensity>20.0</intensity>
      <mass-charge>16.0</mass-charge>
    </ei-ms-peak>
    <ei-ms-peak>
      <ei-ms-id>98</ei-ms-id>
      <id>10501</id>
      <intensity>20.0</intensity>
      <mass-charge>18.0</mass-charge>
    </ei-ms-peak>
    <ei-ms-peak>
      <ei-ms-id>98</ei-ms-id>
      <id>10502</id>
      <intensity>70.0</intensity>
      <mass-charge>25.0</mass-charge>
    </ei-ms-peak>
    <ei-ms-peak>
      <ei-ms-id>98</ei-ms-id>
      <id>10503</id>
      <intensity>339.0</intensity>
      <mass-charge>26.0</mass-charge>
    </ei-ms-peak>
    <ei-ms-peak>
      <ei-ms-id>98</ei-ms-id>
      <id>10504</id>
      <intensity>699.0</intensity>
      <mass-charge>27.0</mass-charge>
    </ei-ms-peak>
    <ei-ms-peak>
      <ei-ms-id>98</ei-ms-id>
      <id>10505</id>
      <intensity>479.0</intensity>
      <mass-charge>28.0</mass-charge>
    </ei-ms-peak>
    <ei-ms-peak>
      <ei-ms-id>98</ei-ms-id>
      <id>10506</id>
      <intensity>269.0</intensity>
      <mass-charge>29.0</mass-charge>
    </ei-ms-peak>
    <ei-ms-peak>
      <ei-ms-id>98</ei-ms-id>
      <id>10507</id>
      <intensity>889.0</intensity>
      <mass-charge>30.0</mass-charge>
    </ei-ms-peak>
    <ei-ms-peak>
      <ei-ms-id>98</ei-ms-id>
      <id>10508</id>
      <intensity>70.0</intensity>
      <mass-charge>31.0</mass-charge>
    </ei-ms-peak>
    <ei-ms-peak>
      <ei-ms-id>98</ei-ms-id>
      <id>10509</id>
      <intensity>80.0</intensity>
      <mass-charge>32.0</mass-charge>
    </ei-ms-peak>
    <ei-ms-peak>
      <ei-ms-id>98</ei-ms-id>
      <id>10510</id>
      <intensity>60.0</intensity>
      <mass-charge>36.0</mass-charge>
    </ei-ms-peak>
    <ei-ms-peak>
      <ei-ms-id>98</ei-ms-id>
      <id>10511</id>
      <intensity>529.0</intensity>
      <mass-charge>37.0</mass-charge>
    </ei-ms-peak>
    <ei-ms-peak>
      <ei-ms-id>98</ei-ms-id>
      <id>10512</id>
      <intensity>1309.0</intensity>
      <mass-charge>38.0</mass-charge>
    </ei-ms-peak>
    <ei-ms-peak>
      <ei-ms-id>98</ei-ms-id>
      <id>10513</id>
      <intensity>6459.0</intensity>
      <mass-charge>39.0</mass-charge>
    </ei-ms-peak>
    <ei-ms-peak>
      <ei-ms-id>98</ei-ms-id>
      <id>10514</id>
      <intensity>239.0</intensity>
      <mass-charge>40.0</mass-charge>
    </ei-ms-peak>
    <ei-ms-peak>
      <ei-ms-id>98</ei-ms-id>
      <id>10515</id>
      <intensity>40.0</intensity>
      <mass-charge>41.0</mass-charge>
    </ei-ms-peak>
    <ei-ms-peak>
      <ei-ms-id>98</ei-ms-id>
      <id>10516</id>
      <intensity>119.0</intensity>
      <mass-charge>42.0</mass-charge>
    </ei-ms-peak>
    <ei-ms-peak>
      <ei-ms-id>98</ei-ms-id>
      <id>10517</id>
      <intensity>99.0</intensity>
      <mass-charge>43.0</mass-charge>
    </ei-ms-peak>
    <ei-ms-peak>
      <ei-ms-id>98</ei-ms-id>
      <id>10518</id>
      <intensity>90.0</intensity>
      <mass-charge>44.0</mass-charge>
    </ei-ms-peak>
    <ei-ms-peak>
      <ei-ms-id>98</ei-ms-id>
      <id>10519</id>
      <intensity>109.0</intensity>
      <mass-charge>46.0</mass-charge>
    </ei-ms-peak>
    <ei-ms-peak>
      <ei-ms-id>98</ei-ms-id>
      <id>10520</id>
      <intensity>30.0</intensity>
      <mass-charge>48.0</mass-charge>
    </ei-ms-peak>
    <ei-ms-peak>
      <ei-ms-id>98</ei-ms-id>
      <id>10521</id>
      <intensity>159.0</intensity>
      <mass-charge>49.0</mass-charge>
    </ei-ms-peak>
    <ei-ms-peak>
      <ei-ms-id>98</ei-ms-id>
      <id>10522</id>
      <intensity>849.0</intensity>
      <mass-charge>50.0</mass-charge>
    </ei-ms-peak>
    <ei-ms-peak>
      <ei-ms-id>98</ei-ms-id>
      <id>10523</id>
      <intensity>759.0</intensity>
      <mass-charge>51.0</mass-charge>
    </ei-ms-peak>
    <ei-ms-peak>
      <ei-ms-id>98</ei-ms-id>
      <id>10524</id>
      <intensity>549.0</intensity>
      <mass-charge>52.0</mass-charge>
    </ei-ms-peak>
    <ei-ms-peak>
      <ei-ms-id>98</ei-ms-id>
      <id>10525</id>
      <intensity>1409.0</intensity>
      <mass-charge>53.0</mass-charge>
    </ei-ms-peak>
    <ei-ms-peak>
      <ei-ms-id>98</ei-ms-id>
      <id>10526</id>
      <intensity>209.0</intensity>
      <mass-charge>54.0</mass-charge>
    </ei-ms-peak>
    <ei-ms-peak>
      <ei-ms-id>98</ei-ms-id>
      <id>10527</id>
      <intensity>299.0</intensity>
      <mass-charge>55.0</mass-charge>
    </ei-ms-peak>
    <ei-ms-peak>
      <ei-ms-id>98</ei-ms-id>
      <id>10528</id>
      <intensity>10.0</intensity>
      <mass-charge>57.0</mass-charge>
    </ei-ms-peak>
    <ei-ms-peak>
      <ei-ms-id>98</ei-ms-id>
      <id>10529</id>
      <intensity>109.0</intensity>
      <mass-charge>60.0</mass-charge>
    </ei-ms-peak>
    <ei-ms-peak>
      <ei-ms-id>98</ei-ms-id>
      <id>10530</id>
      <intensity>579.0</intensity>
      <mass-charge>61.0</mass-charge>
    </ei-ms-peak>
    <ei-ms-peak>
      <ei-ms-id>98</ei-ms-id>
      <id>10531</id>
      <intensity>1159.0</intensity>
      <mass-charge>62.0</mass-charge>
    </ei-ms-peak>
    <ei-ms-peak>
      <ei-ms-id>98</ei-ms-id>
      <id>10532</id>
      <intensity>2419.0</intensity>
      <mass-charge>63.0</mass-charge>
    </ei-ms-peak>
    <ei-ms-peak>
      <ei-ms-id>98</ei-ms-id>
      <id>10533</id>
      <intensity>1069.0</intensity>
      <mass-charge>64.0</mass-charge>
    </ei-ms-peak>
    <ei-ms-peak>
      <ei-ms-id>98</ei-ms-id>
      <id>10534</id>
      <intensity>9999.0</intensity>
      <mass-charge>65.0</mass-charge>
    </ei-ms-peak>
    <ei-ms-peak>
      <ei-ms-id>98</ei-ms-id>
      <id>10535</id>
      <intensity>629.0</intensity>
      <mass-charge>66.0</mass-charge>
    </ei-ms-peak>
    <ei-ms-peak>
      <ei-ms-id>98</ei-ms-id>
      <id>10536</id>
      <intensity>139.0</intensity>
      <mass-charge>67.0</mass-charge>
    </ei-ms-peak>
    <ei-ms-peak>
      <ei-ms-id>98</ei-ms-id>
      <id>10537</id>
      <intensity>50.0</intensity>
      <mass-charge>68.0</mass-charge>
    </ei-ms-peak>
    <ei-ms-peak>
      <ei-ms-id>98</ei-ms-id>
      <id>10538</id>
      <intensity>60.0</intensity>
      <mass-charge>69.0</mass-charge>
    </ei-ms-peak>
    <ei-ms-peak>
      <ei-ms-id>98</ei-ms-id>
      <id>10539</id>
      <intensity>109.0</intensity>
      <mass-charge>73.0</mass-charge>
    </ei-ms-peak>
    <ei-ms-peak>
      <ei-ms-id>98</ei-ms-id>
      <id>10540</id>
      <intensity>439.0</intensity>
      <mass-charge>74.0</mass-charge>
    </ei-ms-peak>
    <ei-ms-peak>
      <ei-ms-id>98</ei-ms-id>
      <id>10541</id>
      <intensity>339.0</intensity>
      <mass-charge>75.0</mass-charge>
    </ei-ms-peak>
    <ei-ms-peak>
      <ei-ms-id>98</ei-ms-id>
      <id>10542</id>
      <intensity>90.0</intensity>
      <mass-charge>76.0</mass-charge>
    </ei-ms-peak>
    <ei-ms-peak>
      <ei-ms-id>98</ei-ms-id>
      <id>10543</id>
      <intensity>40.0</intensity>
      <mass-charge>77.0</mass-charge>
    </ei-ms-peak>
    <ei-ms-peak>
      <ei-ms-id>98</ei-ms-id>
      <id>10544</id>
      <intensity>40.0</intensity>
      <mass-charge>78.0</mass-charge>
    </ei-ms-peak>
    <ei-ms-peak>
      <ei-ms-id>98</ei-ms-id>
      <id>10545</id>
      <intensity>99.0</intensity>
      <mass-charge>79.0</mass-charge>
    </ei-ms-peak>
    <ei-ms-peak>
      <ei-ms-id>98</ei-ms-id>
      <id>10546</id>
      <intensity>80.0</intensity>
      <mass-charge>80.0</mass-charge>
    </ei-ms-peak>
    <ei-ms-peak>
      <ei-ms-id>98</ei-ms-id>
      <id>10547</id>
      <intensity>2869.0</intensity>
      <mass-charge>81.0</mass-charge>
    </ei-ms-peak>
    <ei-ms-peak>
      <ei-ms-id>98</ei-ms-id>
      <id>10548</id>
      <intensity>179.0</intensity>
      <mass-charge>82.0</mass-charge>
    </ei-ms-peak>
    <ei-ms-peak>
      <ei-ms-id>98</ei-ms-id>
      <id>10549</id>
      <intensity>10.0</intensity>
      <mass-charge>83.0</mass-charge>
    </ei-ms-peak>
    <ei-ms-peak>
      <ei-ms-id>98</ei-ms-id>
      <id>10550</id>
      <intensity>10.0</intensity>
      <mass-charge>87.0</mass-charge>
    </ei-ms-peak>
    <ei-ms-peak>
      <ei-ms-id>98</ei-ms-id>
      <id>10551</id>
      <intensity>10.0</intensity>
      <mass-charge>89.0</mass-charge>
    </ei-ms-peak>
    <ei-ms-peak>
      <ei-ms-id>98</ei-ms-id>
      <id>10552</id>
      <intensity>30.0</intensity>
      <mass-charge>90.0</mass-charge>
    </ei-ms-peak>
    <ei-ms-peak>
      <ei-ms-id>98</ei-ms-id>
      <id>10553</id>
      <intensity>60.0</intensity>
      <mass-charge>91.0</mass-charge>
    </ei-ms-peak>
    <ei-ms-peak>
      <ei-ms-id>98</ei-ms-id>
      <id>10554</id>
      <intensity>249.0</intensity>
      <mass-charge>92.0</mass-charge>
    </ei-ms-peak>
    <ei-ms-peak>
      <ei-ms-id>98</ei-ms-id>
      <id>10555</id>
      <intensity>2339.0</intensity>
      <mass-charge>93.0</mass-charge>
    </ei-ms-peak>
    <ei-ms-peak>
      <ei-ms-id>98</ei-ms-id>
      <id>10556</id>
      <intensity>159.0</intensity>
      <mass-charge>94.0</mass-charge>
    </ei-ms-peak>
    <ei-ms-peak>
      <ei-ms-id>98</ei-ms-id>
      <id>10557</id>
      <intensity>30.0</intensity>
      <mass-charge>95.0</mass-charge>
    </ei-ms-peak>
    <ei-ms-peak>
      <ei-ms-id>98</ei-ms-id>
      <id>10558</id>
      <intensity>10.0</intensity>
      <mass-charge>96.0</mass-charge>
    </ei-ms-peak>
    <ei-ms-peak>
      <ei-ms-id>98</ei-ms-id>
      <id>10559</id>
      <intensity>20.0</intensity>
      <mass-charge>97.0</mass-charge>
    </ei-ms-peak>
    <ei-ms-peak>
      <ei-ms-id>98</ei-ms-id>
      <id>10560</id>
      <intensity>10.0</intensity>
      <mass-charge>105.0</mass-charge>
    </ei-ms-peak>
    <ei-ms-peak>
      <ei-ms-id>98</ei-ms-id>
      <id>10561</id>
      <intensity>10.0</intensity>
      <mass-charge>106.0</mass-charge>
    </ei-ms-peak>
    <ei-ms-peak>
      <ei-ms-id>98</ei-ms-id>
      <id>10562</id>
      <intensity>109.0</intensity>
      <mass-charge>107.0</mass-charge>
    </ei-ms-peak>
    <ei-ms-peak>
      <ei-ms-id>98</ei-ms-id>
      <id>10563</id>
      <intensity>30.0</intensity>
      <mass-charge>108.0</mass-charge>
    </ei-ms-peak>
    <ei-ms-peak>
      <ei-ms-id>98</ei-ms-id>
      <id>10564</id>
      <intensity>5809.0</intensity>
      <mass-charge>109.0</mass-charge>
    </ei-ms-peak>
    <ei-ms-peak>
      <ei-ms-id>98</ei-ms-id>
      <id>10565</id>
      <intensity>399.0</intensity>
      <mass-charge>110.0</mass-charge>
    </ei-ms-peak>
    <ei-ms-peak>
      <ei-ms-id>98</ei-ms-id>
      <id>10566</id>
      <intensity>30.0</intensity>
      <mass-charge>111.0</mass-charge>
    </ei-ms-peak>
    <ei-ms-peak>
      <ei-ms-id>98</ei-ms-id>
      <id>10567</id>
      <intensity>20.0</intensity>
      <mass-charge>122.0</mass-charge>
    </ei-ms-peak>
    <ei-ms-peak>
      <ei-ms-id>98</ei-ms-id>
      <id>10568</id>
      <intensity>459.0</intensity>
      <mass-charge>123.0</mass-charge>
    </ei-ms-peak>
    <ei-ms-peak>
      <ei-ms-id>98</ei-ms-id>
      <id>10569</id>
      <intensity>30.0</intensity>
      <mass-charge>124.0</mass-charge>
    </ei-ms-peak>
    <ei-ms-peak>
      <ei-ms-id>98</ei-ms-id>
      <id>10570</id>
      <intensity>8039.0</intensity>
      <mass-charge>139.0</mass-charge>
    </ei-ms-peak>
    <ei-ms-peak>
      <ei-ms-id>98</ei-ms-id>
      <id>10571</id>
      <intensity>579.0</intensity>
      <mass-charge>140.0</mass-charge>
    </ei-ms-peak>
    <ei-ms-peak>
      <ei-ms-id>98</ei-ms-id>
      <id>10572</id>
      <intensity>60.0</intensity>
      <mass-charge>141.0</mass-charge>
    </ei-ms-peak>
  </ei-ms-peaks>
</ei-ms>
