<?xml version="1.0" encoding="UTF-8"?>
<ei-ms>
  <collection-date nil="true"/>
  <created-at>2014-09-20T16:30:01Z</created-at>
  <database-id>HMDB15305</database-id>
  <id>516</id>
  <inchi-key>DDBREPKUVSBGFI-UHFFFAOYSA-N</inchi-key>
  <instrument-type nil="true"/>
  <molecule-id nil="true"/>
  <notes nil="true"/>
  <peak-counter>76</peak-counter>
  <sample-assessment nil="true"/>
  <sample-concentration nil="true"/>
  <sample-concentration-units nil="true"/>
  <sample-mass nil="true"/>
  <sample-mass-units nil="true"/>
  <sample-source nil="true"/>
  <solvent nil="true"/>
  <spectra-assessment nil="true"/>
  <updated-at>2014-09-20T16:30:01Z</updated-at>
  <references>
    <reference>
      <database>NIST</database>
      <database-id>50-06-6</database-id>
      <id>15388</id>
      <pubmed-id nil="true"/>
      <ref-text>NIST Mass Spec Data Center, S.E. Stein, director, "Mass Spectra" in NIST Chemistry WebBook, NIST Standard Reference Database Number 69, Eds. P.J. Linstrom and W.G. Mallard, National Institute of Standards and Technology, Gaithersburg MD, 20899, http://webbook.nist.gov, (retrieved September 6, 2014).</ref-text>
      <spectra-id>516</spectra-id>
      <spectra-type>EiMs</spectra-type>
    </reference>
  </references>
  <ei-ms-peaks>
    <ei-ms-peak>
      <ei-ms-id>516</ei-ms-id>
      <id>57499</id>
      <intensity>67.0</intensity>
      <mass-charge>14.0</mass-charge>
    </ei-ms-peak>
    <ei-ms-peak>
      <ei-ms-id>516</ei-ms-id>
      <id>57500</id>
      <intensity>53.0</intensity>
      <mass-charge>26.0</mass-charge>
    </ei-ms-peak>
    <ei-ms-peak>
      <ei-ms-id>516</ei-ms-id>
      <id>57501</id>
      <intensity>295.0</intensity>
      <mass-charge>27.0</mass-charge>
    </ei-ms-peak>
    <ei-ms-peak>
      <ei-ms-id>516</ei-ms-id>
      <id>57502</id>
      <intensity>472.0</intensity>
      <mass-charge>28.0</mass-charge>
    </ei-ms-peak>
    <ei-ms-peak>
      <ei-ms-id>516</ei-ms-id>
      <id>57503</id>
      <intensity>238.0</intensity>
      <mass-charge>29.0</mass-charge>
    </ei-ms-peak>
    <ei-ms-peak>
      <ei-ms-id>516</ei-ms-id>
      <id>57504</id>
      <intensity>97.0</intensity>
      <mass-charge>32.0</mass-charge>
    </ei-ms-peak>
    <ei-ms-peak>
      <ei-ms-id>516</ei-ms-id>
      <id>57505</id>
      <intensity>121.0</intensity>
      <mass-charge>38.0</mass-charge>
    </ei-ms-peak>
    <ei-ms-peak>
      <ei-ms-id>516</ei-ms-id>
      <id>57506</id>
      <intensity>632.0</intensity>
      <mass-charge>39.0</mass-charge>
    </ei-ms-peak>
    <ei-ms-peak>
      <ei-ms-id>516</ei-ms-id>
      <id>57507</id>
      <intensity>113.0</intensity>
      <mass-charge>40.0</mass-charge>
    </ei-ms-peak>
    <ei-ms-peak>
      <ei-ms-id>516</ei-ms-id>
      <id>57508</id>
      <intensity>122.0</intensity>
      <mass-charge>41.0</mass-charge>
    </ei-ms-peak>
    <ei-ms-peak>
      <ei-ms-id>516</ei-ms-id>
      <id>57509</id>
      <intensity>149.0</intensity>
      <mass-charge>43.0</mass-charge>
    </ei-ms-peak>
    <ei-ms-peak>
      <ei-ms-id>516</ei-ms-id>
      <id>57510</id>
      <intensity>347.0</intensity>
      <mass-charge>44.0</mass-charge>
    </ei-ms-peak>
    <ei-ms-peak>
      <ei-ms-id>516</ei-ms-id>
      <id>57511</id>
      <intensity>429.0</intensity>
      <mass-charge>50.0</mass-charge>
    </ei-ms-peak>
    <ei-ms-peak>
      <ei-ms-id>516</ei-ms-id>
      <id>57512</id>
      <intensity>1252.0</intensity>
      <mass-charge>51.0</mass-charge>
    </ei-ms-peak>
    <ei-ms-peak>
      <ei-ms-id>516</ei-ms-id>
      <id>57513</id>
      <intensity>108.0</intensity>
      <mass-charge>53.0</mass-charge>
    </ei-ms-peak>
    <ei-ms-peak>
      <ei-ms-id>516</ei-ms-id>
      <id>57514</id>
      <intensity>67.0</intensity>
      <mass-charge>54.0</mass-charge>
    </ei-ms-peak>
    <ei-ms-peak>
      <ei-ms-id>516</ei-ms-id>
      <id>57515</id>
      <intensity>423.0</intensity>
      <mass-charge>58.0</mass-charge>
    </ei-ms-peak>
    <ei-ms-peak>
      <ei-ms-id>516</ei-ms-id>
      <id>57516</id>
      <intensity>62.0</intensity>
      <mass-charge>61.0</mass-charge>
    </ei-ms-peak>
    <ei-ms-peak>
      <ei-ms-id>516</ei-ms-id>
      <id>57517</id>
      <intensity>334.0</intensity>
      <mass-charge>62.0</mass-charge>
    </ei-ms-peak>
    <ei-ms-peak>
      <ei-ms-id>516</ei-ms-id>
      <id>57518</id>
      <intensity>863.0</intensity>
      <mass-charge>63.0</mass-charge>
    </ei-ms-peak>
    <ei-ms-peak>
      <ei-ms-id>516</ei-ms-id>
      <id>57519</id>
      <intensity>134.0</intensity>
      <mass-charge>64.0</mass-charge>
    </ei-ms-peak>
    <ei-ms-peak>
      <ei-ms-id>516</ei-ms-id>
      <id>57520</id>
      <intensity>497.0</intensity>
      <mass-charge>65.0</mass-charge>
    </ei-ms-peak>
    <ei-ms-peak>
      <ei-ms-id>516</ei-ms-id>
      <id>57521</id>
      <intensity>349.0</intensity>
      <mass-charge>70.0</mass-charge>
    </ei-ms-peak>
    <ei-ms-peak>
      <ei-ms-id>516</ei-ms-id>
      <id>57522</id>
      <intensity>102.0</intensity>
      <mass-charge>73.0</mass-charge>
    </ei-ms-peak>
    <ei-ms-peak>
      <ei-ms-id>516</ei-ms-id>
      <id>57523</id>
      <intensity>181.0</intensity>
      <mass-charge>74.0</mass-charge>
    </ei-ms-peak>
    <ei-ms-peak>
      <ei-ms-id>516</ei-ms-id>
      <id>57524</id>
      <intensity>216.0</intensity>
      <mass-charge>75.0</mass-charge>
    </ei-ms-peak>
    <ei-ms-peak>
      <ei-ms-id>516</ei-ms-id>
      <id>57525</id>
      <intensity>429.0</intensity>
      <mass-charge>76.0</mass-charge>
    </ei-ms-peak>
    <ei-ms-peak>
      <ei-ms-id>516</ei-ms-id>
      <id>57526</id>
      <intensity>1744.0</intensity>
      <mass-charge>77.0</mass-charge>
    </ei-ms-peak>
    <ei-ms-peak>
      <ei-ms-id>516</ei-ms-id>
      <id>57527</id>
      <intensity>629.0</intensity>
      <mass-charge>78.0</mass-charge>
    </ei-ms-peak>
    <ei-ms-peak>
      <ei-ms-id>516</ei-ms-id>
      <id>57528</id>
      <intensity>84.0</intensity>
      <mass-charge>79.0</mass-charge>
    </ei-ms-peak>
    <ei-ms-peak>
      <ei-ms-id>516</ei-ms-id>
      <id>57529</id>
      <intensity>156.0</intensity>
      <mass-charge>87.0</mass-charge>
    </ei-ms-peak>
    <ei-ms-peak>
      <ei-ms-id>516</ei-ms-id>
      <id>57530</id>
      <intensity>164.0</intensity>
      <mass-charge>88.0</mass-charge>
    </ei-ms-peak>
    <ei-ms-peak>
      <ei-ms-id>516</ei-ms-id>
      <id>57531</id>
      <intensity>1142.0</intensity>
      <mass-charge>89.0</mass-charge>
    </ei-ms-peak>
    <ei-ms-peak>
      <ei-ms-id>516</ei-ms-id>
      <id>57532</id>
      <intensity>597.0</intensity>
      <mass-charge>90.0</mass-charge>
    </ei-ms-peak>
    <ei-ms-peak>
      <ei-ms-id>516</ei-ms-id>
      <id>57533</id>
      <intensity>1287.0</intensity>
      <mass-charge>91.0</mass-charge>
    </ei-ms-peak>
    <ei-ms-peak>
      <ei-ms-id>516</ei-ms-id>
      <id>57534</id>
      <intensity>206.0</intensity>
      <mass-charge>92.0</mass-charge>
    </ei-ms-peak>
    <ei-ms-peak>
      <ei-ms-id>516</ei-ms-id>
      <id>57535</id>
      <intensity>442.0</intensity>
      <mass-charge>102.0</mass-charge>
    </ei-ms-peak>
    <ei-ms-peak>
      <ei-ms-id>516</ei-ms-id>
      <id>57536</id>
      <intensity>1308.0</intensity>
      <mass-charge>103.0</mass-charge>
    </ei-ms-peak>
    <ei-ms-peak>
      <ei-ms-id>516</ei-ms-id>
      <id>57537</id>
      <intensity>1139.0</intensity>
      <mass-charge>104.0</mass-charge>
    </ei-ms-peak>
    <ei-ms-peak>
      <ei-ms-id>516</ei-ms-id>
      <id>57538</id>
      <intensity>705.0</intensity>
      <mass-charge>105.0</mass-charge>
    </ei-ms-peak>
    <ei-ms-peak>
      <ei-ms-id>516</ei-ms-id>
      <id>57539</id>
      <intensity>73.0</intensity>
      <mass-charge>106.0</mass-charge>
    </ei-ms-peak>
    <ei-ms-peak>
      <ei-ms-id>516</ei-ms-id>
      <id>57540</id>
      <intensity>1966.0</intensity>
      <mass-charge>115.0</mass-charge>
    </ei-ms-peak>
    <ei-ms-peak>
      <ei-ms-id>516</ei-ms-id>
      <id>57541</id>
      <intensity>698.0</intensity>
      <mass-charge>116.0</mass-charge>
    </ei-ms-peak>
    <ei-ms-peak>
      <ei-ms-id>516</ei-ms-id>
      <id>57542</id>
      <intensity>3318.0</intensity>
      <mass-charge>117.0</mass-charge>
    </ei-ms-peak>
    <ei-ms-peak>
      <ei-ms-id>516</ei-ms-id>
      <id>57543</id>
      <intensity>1531.0</intensity>
      <mass-charge>118.0</mass-charge>
    </ei-ms-peak>
    <ei-ms-peak>
      <ei-ms-id>516</ei-ms-id>
      <id>57544</id>
      <intensity>173.0</intensity>
      <mass-charge>119.0</mass-charge>
    </ei-ms-peak>
    <ei-ms-peak>
      <ei-ms-id>516</ei-ms-id>
      <id>57545</id>
      <intensity>115.0</intensity>
      <mass-charge>128.0</mass-charge>
    </ei-ms-peak>
    <ei-ms-peak>
      <ei-ms-id>516</ei-ms-id>
      <id>57546</id>
      <intensity>82.0</intensity>
      <mass-charge>130.0</mass-charge>
    </ei-ms-peak>
    <ei-ms-peak>
      <ei-ms-id>516</ei-ms-id>
      <id>57547</id>
      <intensity>208.0</intensity>
      <mass-charge>131.0</mass-charge>
    </ei-ms-peak>
    <ei-ms-peak>
      <ei-ms-id>516</ei-ms-id>
      <id>57548</id>
      <intensity>495.0</intensity>
      <mass-charge>132.0</mass-charge>
    </ei-ms-peak>
    <ei-ms-peak>
      <ei-ms-id>516</ei-ms-id>
      <id>57549</id>
      <intensity>666.0</intensity>
      <mass-charge>133.0</mass-charge>
    </ei-ms-peak>
    <ei-ms-peak>
      <ei-ms-id>516</ei-ms-id>
      <id>57550</id>
      <intensity>69.0</intensity>
      <mass-charge>142.0</mass-charge>
    </ei-ms-peak>
    <ei-ms-peak>
      <ei-ms-id>516</ei-ms-id>
      <id>57551</id>
      <intensity>599.0</intensity>
      <mass-charge>143.0</mass-charge>
    </ei-ms-peak>
    <ei-ms-peak>
      <ei-ms-id>516</ei-ms-id>
      <id>57552</id>
      <intensity>600.0</intensity>
      <mass-charge>144.0</mass-charge>
    </ei-ms-peak>
    <ei-ms-peak>
      <ei-ms-id>516</ei-ms-id>
      <id>57553</id>
      <intensity>152.0</intensity>
      <mass-charge>145.0</mass-charge>
    </ei-ms-peak>
    <ei-ms-peak>
      <ei-ms-id>516</ei-ms-id>
      <id>57554</id>
      <intensity>1096.0</intensity>
      <mass-charge>146.0</mass-charge>
    </ei-ms-peak>
    <ei-ms-peak>
      <ei-ms-id>516</ei-ms-id>
      <id>57555</id>
      <intensity>191.0</intensity>
      <mass-charge>147.0</mass-charge>
    </ei-ms-peak>
    <ei-ms-peak>
      <ei-ms-id>516</ei-ms-id>
      <id>57556</id>
      <intensity>107.0</intensity>
      <mass-charge>156.0</mass-charge>
    </ei-ms-peak>
    <ei-ms-peak>
      <ei-ms-id>516</ei-ms-id>
      <id>57557</id>
      <intensity>86.0</intensity>
      <mass-charge>159.0</mass-charge>
    </ei-ms-peak>
    <ei-ms-peak>
      <ei-ms-id>516</ei-ms-id>
      <id>57558</id>
      <intensity>586.0</intensity>
      <mass-charge>160.0</mass-charge>
    </ei-ms-peak>
    <ei-ms-peak>
      <ei-ms-id>516</ei-ms-id>
      <id>57559</id>
      <intensity>1569.0</intensity>
      <mass-charge>161.0</mass-charge>
    </ei-ms-peak>
    <ei-ms-peak>
      <ei-ms-id>516</ei-ms-id>
      <id>57560</id>
      <intensity>174.0</intensity>
      <mass-charge>162.0</mass-charge>
    </ei-ms-peak>
    <ei-ms-peak>
      <ei-ms-id>516</ei-ms-id>
      <id>57561</id>
      <intensity>121.0</intensity>
      <mass-charge>172.0</mass-charge>
    </ei-ms-peak>
    <ei-ms-peak>
      <ei-ms-id>516</ei-ms-id>
      <id>57562</id>
      <intensity>681.0</intensity>
      <mass-charge>174.0</mass-charge>
    </ei-ms-peak>
    <ei-ms-peak>
      <ei-ms-id>516</ei-ms-id>
      <id>57563</id>
      <intensity>111.0</intensity>
      <mass-charge>175.0</mass-charge>
    </ei-ms-peak>
    <ei-ms-peak>
      <ei-ms-id>516</ei-ms-id>
      <id>57564</id>
      <intensity>266.0</intensity>
      <mass-charge>176.0</mass-charge>
    </ei-ms-peak>
    <ei-ms-peak>
      <ei-ms-id>516</ei-ms-id>
      <id>57565</id>
      <intensity>75.0</intensity>
      <mass-charge>186.0</mass-charge>
    </ei-ms-peak>
    <ei-ms-peak>
      <ei-ms-id>516</ei-ms-id>
      <id>57566</id>
      <intensity>168.0</intensity>
      <mass-charge>187.0</mass-charge>
    </ei-ms-peak>
    <ei-ms-peak>
      <ei-ms-id>516</ei-ms-id>
      <id>57567</id>
      <intensity>362.0</intensity>
      <mass-charge>189.0</mass-charge>
    </ei-ms-peak>
    <ei-ms-peak>
      <ei-ms-id>516</ei-ms-id>
      <id>57568</id>
      <intensity>9999.0</intensity>
      <mass-charge>204.0</mass-charge>
    </ei-ms-peak>
    <ei-ms-peak>
      <ei-ms-id>516</ei-ms-id>
      <id>57569</id>
      <intensity>1139.0</intensity>
      <mass-charge>205.0</mass-charge>
    </ei-ms-peak>
    <ei-ms-peak>
      <ei-ms-id>516</ei-ms-id>
      <id>57570</id>
      <intensity>126.0</intensity>
      <mass-charge>206.0</mass-charge>
    </ei-ms-peak>
    <ei-ms-peak>
      <ei-ms-id>516</ei-ms-id>
      <id>57571</id>
      <intensity>128.0</intensity>
      <mass-charge>215.0</mass-charge>
    </ei-ms-peak>
    <ei-ms-peak>
      <ei-ms-id>516</ei-ms-id>
      <id>57572</id>
      <intensity>307.0</intensity>
      <mass-charge>217.0</mass-charge>
    </ei-ms-peak>
    <ei-ms-peak>
      <ei-ms-id>516</ei-ms-id>
      <id>57573</id>
      <intensity>1235.0</intensity>
      <mass-charge>232.0</mass-charge>
    </ei-ms-peak>
    <ei-ms-peak>
      <ei-ms-id>516</ei-ms-id>
      <id>57574</id>
      <intensity>174.0</intensity>
      <mass-charge>233.0</mass-charge>
    </ei-ms-peak>
  </ei-ms-peaks>
</ei-ms>
