<?xml version="1.0" encoding="UTF-8"?>
<ei-ms>
  <collection-date nil="true"/>
  <created-at>2014-09-20T16:38:02Z</created-at>
  <database-id>HMDB00151</database-id>
  <id>847</id>
  <inchi-key>VOXZDWNPVJITMN-ZBRFXRBCSA-N</inchi-key>
  <instrument-type nil="true"/>
  <molecule-id nil="true"/>
  <notes nil="true"/>
  <peak-counter>219</peak-counter>
  <sample-assessment nil="true"/>
  <sample-concentration nil="true"/>
  <sample-concentration-units nil="true"/>
  <sample-mass nil="true"/>
  <sample-mass-units nil="true"/>
  <sample-source nil="true"/>
  <solvent nil="true"/>
  <spectra-assessment nil="true"/>
  <updated-at>2014-09-20T16:38:02Z</updated-at>
  <references>
    <reference>
      <database>NIST</database>
      <database-id>50-28-2</database-id>
      <id>15719</id>
      <pubmed-id nil="true"/>
      <ref-text>NIST Mass Spec Data Center, S.E. Stein, director, "Mass Spectra" in NIST Chemistry WebBook, NIST Standard Reference Database Number 69, Eds. P.J. Linstrom and W.G. Mallard, National Institute of Standards and Technology, Gaithersburg MD, 20899, http://webbook.nist.gov, (retrieved September 6, 2014).</ref-text>
      <spectra-id>847</spectra-id>
      <spectra-type>EiMs</spectra-type>
    </reference>
  </references>
  <ei-ms-peaks>
    <ei-ms-peak>
      <ei-ms-id>847</ei-ms-id>
      <id>93358</id>
      <intensity>20.0</intensity>
      <mass-charge>15.0</mass-charge>
    </ei-ms-peak>
    <ei-ms-peak>
      <ei-ms-id>847</ei-ms-id>
      <id>93359</id>
      <intensity>10.0</intensity>
      <mass-charge>19.0</mass-charge>
    </ei-ms-peak>
    <ei-ms-peak>
      <ei-ms-id>847</ei-ms-id>
      <id>93360</id>
      <intensity>30.0</intensity>
      <mass-charge>26.0</mass-charge>
    </ei-ms-peak>
    <ei-ms-peak>
      <ei-ms-id>847</ei-ms-id>
      <id>93361</id>
      <intensity>400.0</intensity>
      <mass-charge>27.0</mass-charge>
    </ei-ms-peak>
    <ei-ms-peak>
      <ei-ms-id>847</ei-ms-id>
      <id>93362</id>
      <intensity>160.0</intensity>
      <mass-charge>28.0</mass-charge>
    </ei-ms-peak>
    <ei-ms-peak>
      <ei-ms-id>847</ei-ms-id>
      <id>93363</id>
      <intensity>791.0</intensity>
      <mass-charge>29.0</mass-charge>
    </ei-ms-peak>
    <ei-ms-peak>
      <ei-ms-id>847</ei-ms-id>
      <id>93364</id>
      <intensity>80.0</intensity>
      <mass-charge>30.0</mass-charge>
    </ei-ms-peak>
    <ei-ms-peak>
      <ei-ms-id>847</ei-ms-id>
      <id>93365</id>
      <intensity>260.0</intensity>
      <mass-charge>31.0</mass-charge>
    </ei-ms-peak>
    <ei-ms-peak>
      <ei-ms-id>847</ei-ms-id>
      <id>93366</id>
      <intensity>10.0</intensity>
      <mass-charge>37.0</mass-charge>
    </ei-ms-peak>
    <ei-ms-peak>
      <ei-ms-id>847</ei-ms-id>
      <id>93367</id>
      <intensity>20.0</intensity>
      <mass-charge>38.0</mass-charge>
    </ei-ms-peak>
    <ei-ms-peak>
      <ei-ms-id>847</ei-ms-id>
      <id>93368</id>
      <intensity>681.0</intensity>
      <mass-charge>39.0</mass-charge>
    </ei-ms-peak>
    <ei-ms-peak>
      <ei-ms-id>847</ei-ms-id>
      <id>93369</id>
      <intensity>160.0</intensity>
      <mass-charge>40.0</mass-charge>
    </ei-ms-peak>
    <ei-ms-peak>
      <ei-ms-id>847</ei-ms-id>
      <id>93370</id>
      <intensity>1631.0</intensity>
      <mass-charge>41.0</mass-charge>
    </ei-ms-peak>
    <ei-ms-peak>
      <ei-ms-id>847</ei-ms-id>
      <id>93371</id>
      <intensity>170.0</intensity>
      <mass-charge>42.0</mass-charge>
    </ei-ms-peak>
    <ei-ms-peak>
      <ei-ms-id>847</ei-ms-id>
      <id>93372</id>
      <intensity>1051.0</intensity>
      <mass-charge>43.0</mass-charge>
    </ei-ms-peak>
    <ei-ms-peak>
      <ei-ms-id>847</ei-ms-id>
      <id>93373</id>
      <intensity>320.0</intensity>
      <mass-charge>44.0</mass-charge>
    </ei-ms-peak>
    <ei-ms-peak>
      <ei-ms-id>847</ei-ms-id>
      <id>93374</id>
      <intensity>190.0</intensity>
      <mass-charge>45.0</mass-charge>
    </ei-ms-peak>
    <ei-ms-peak>
      <ei-ms-id>847</ei-ms-id>
      <id>93375</id>
      <intensity>10.0</intensity>
      <mass-charge>46.0</mass-charge>
    </ei-ms-peak>
    <ei-ms-peak>
      <ei-ms-id>847</ei-ms-id>
      <id>93376</id>
      <intensity>50.0</intensity>
      <mass-charge>50.0</mass-charge>
    </ei-ms-peak>
    <ei-ms-peak>
      <ei-ms-id>847</ei-ms-id>
      <id>93377</id>
      <intensity>280.0</intensity>
      <mass-charge>51.0</mass-charge>
    </ei-ms-peak>
    <ei-ms-peak>
      <ei-ms-id>847</ei-ms-id>
      <id>93378</id>
      <intensity>120.0</intensity>
      <mass-charge>52.0</mass-charge>
    </ei-ms-peak>
    <ei-ms-peak>
      <ei-ms-id>847</ei-ms-id>
      <id>93379</id>
      <intensity>811.0</intensity>
      <mass-charge>53.0</mass-charge>
    </ei-ms-peak>
    <ei-ms-peak>
      <ei-ms-id>847</ei-ms-id>
      <id>93380</id>
      <intensity>130.0</intensity>
      <mass-charge>54.0</mass-charge>
    </ei-ms-peak>
    <ei-ms-peak>
      <ei-ms-id>847</ei-ms-id>
      <id>93381</id>
      <intensity>1571.0</intensity>
      <mass-charge>55.0</mass-charge>
    </ei-ms-peak>
    <ei-ms-peak>
      <ei-ms-id>847</ei-ms-id>
      <id>93382</id>
      <intensity>120.0</intensity>
      <mass-charge>56.0</mass-charge>
    </ei-ms-peak>
    <ei-ms-peak>
      <ei-ms-id>847</ei-ms-id>
      <id>93383</id>
      <intensity>1121.0</intensity>
      <mass-charge>57.0</mass-charge>
    </ei-ms-peak>
    <ei-ms-peak>
      <ei-ms-id>847</ei-ms-id>
      <id>93384</id>
      <intensity>150.0</intensity>
      <mass-charge>58.0</mass-charge>
    </ei-ms-peak>
    <ei-ms-peak>
      <ei-ms-id>847</ei-ms-id>
      <id>93385</id>
      <intensity>30.0</intensity>
      <mass-charge>59.0</mass-charge>
    </ei-ms-peak>
    <ei-ms-peak>
      <ei-ms-id>847</ei-ms-id>
      <id>93386</id>
      <intensity>10.0</intensity>
      <mass-charge>61.0</mass-charge>
    </ei-ms-peak>
    <ei-ms-peak>
      <ei-ms-id>847</ei-ms-id>
      <id>93387</id>
      <intensity>30.0</intensity>
      <mass-charge>62.0</mass-charge>
    </ei-ms-peak>
    <ei-ms-peak>
      <ei-ms-id>847</ei-ms-id>
      <id>93388</id>
      <intensity>170.0</intensity>
      <mass-charge>63.0</mass-charge>
    </ei-ms-peak>
    <ei-ms-peak>
      <ei-ms-id>847</ei-ms-id>
      <id>93389</id>
      <intensity>80.0</intensity>
      <mass-charge>64.0</mass-charge>
    </ei-ms-peak>
    <ei-ms-peak>
      <ei-ms-id>847</ei-ms-id>
      <id>93390</id>
      <intensity>601.0</intensity>
      <mass-charge>65.0</mass-charge>
    </ei-ms-peak>
    <ei-ms-peak>
      <ei-ms-id>847</ei-ms-id>
      <id>93391</id>
      <intensity>170.0</intensity>
      <mass-charge>66.0</mass-charge>
    </ei-ms-peak>
    <ei-ms-peak>
      <ei-ms-id>847</ei-ms-id>
      <id>93392</id>
      <intensity>1021.0</intensity>
      <mass-charge>67.0</mass-charge>
    </ei-ms-peak>
    <ei-ms-peak>
      <ei-ms-id>847</ei-ms-id>
      <id>93393</id>
      <intensity>290.0</intensity>
      <mass-charge>68.0</mass-charge>
    </ei-ms-peak>
    <ei-ms-peak>
      <ei-ms-id>847</ei-ms-id>
      <id>93394</id>
      <intensity>420.0</intensity>
      <mass-charge>69.0</mass-charge>
    </ei-ms-peak>
    <ei-ms-peak>
      <ei-ms-id>847</ei-ms-id>
      <id>93395</id>
      <intensity>80.0</intensity>
      <mass-charge>70.0</mass-charge>
    </ei-ms-peak>
    <ei-ms-peak>
      <ei-ms-id>847</ei-ms-id>
      <id>93396</id>
      <intensity>180.0</intensity>
      <mass-charge>71.0</mass-charge>
    </ei-ms-peak>
    <ei-ms-peak>
      <ei-ms-id>847</ei-ms-id>
      <id>93397</id>
      <intensity>50.0</intensity>
      <mass-charge>72.0</mass-charge>
    </ei-ms-peak>
    <ei-ms-peak>
      <ei-ms-id>847</ei-ms-id>
      <id>93398</id>
      <intensity>60.0</intensity>
      <mass-charge>73.0</mass-charge>
    </ei-ms-peak>
    <ei-ms-peak>
      <ei-ms-id>847</ei-ms-id>
      <id>93399</id>
      <intensity>20.0</intensity>
      <mass-charge>74.0</mass-charge>
    </ei-ms-peak>
    <ei-ms-peak>
      <ei-ms-id>847</ei-ms-id>
      <id>93400</id>
      <intensity>80.0</intensity>
      <mass-charge>75.0</mass-charge>
    </ei-ms-peak>
    <ei-ms-peak>
      <ei-ms-id>847</ei-ms-id>
      <id>93401</id>
      <intensity>110.0</intensity>
      <mass-charge>76.0</mass-charge>
    </ei-ms-peak>
    <ei-ms-peak>
      <ei-ms-id>847</ei-ms-id>
      <id>93402</id>
      <intensity>1682.0</intensity>
      <mass-charge>77.0</mass-charge>
    </ei-ms-peak>
    <ei-ms-peak>
      <ei-ms-id>847</ei-ms-id>
      <id>93403</id>
      <intensity>400.0</intensity>
      <mass-charge>78.0</mass-charge>
    </ei-ms-peak>
    <ei-ms-peak>
      <ei-ms-id>847</ei-ms-id>
      <id>93404</id>
      <intensity>1341.0</intensity>
      <mass-charge>79.0</mass-charge>
    </ei-ms-peak>
    <ei-ms-peak>
      <ei-ms-id>847</ei-ms-id>
      <id>93405</id>
      <intensity>170.0</intensity>
      <mass-charge>80.0</mass-charge>
    </ei-ms-peak>
    <ei-ms-peak>
      <ei-ms-id>847</ei-ms-id>
      <id>93406</id>
      <intensity>701.0</intensity>
      <mass-charge>81.0</mass-charge>
    </ei-ms-peak>
    <ei-ms-peak>
      <ei-ms-id>847</ei-ms-id>
      <id>93407</id>
      <intensity>180.0</intensity>
      <mass-charge>82.0</mass-charge>
    </ei-ms-peak>
    <ei-ms-peak>
      <ei-ms-id>847</ei-ms-id>
      <id>93408</id>
      <intensity>290.0</intensity>
      <mass-charge>83.0</mass-charge>
    </ei-ms-peak>
    <ei-ms-peak>
      <ei-ms-id>847</ei-ms-id>
      <id>93409</id>
      <intensity>120.0</intensity>
      <mass-charge>84.0</mass-charge>
    </ei-ms-peak>
    <ei-ms-peak>
      <ei-ms-id>847</ei-ms-id>
      <id>93410</id>
      <intensity>150.0</intensity>
      <mass-charge>85.0</mass-charge>
    </ei-ms-peak>
    <ei-ms-peak>
      <ei-ms-id>847</ei-ms-id>
      <id>93411</id>
      <intensity>90.0</intensity>
      <mass-charge>86.0</mass-charge>
    </ei-ms-peak>
    <ei-ms-peak>
      <ei-ms-id>847</ei-ms-id>
      <id>93412</id>
      <intensity>50.0</intensity>
      <mass-charge>87.0</mass-charge>
    </ei-ms-peak>
    <ei-ms-peak>
      <ei-ms-id>847</ei-ms-id>
      <id>93413</id>
      <intensity>40.0</intensity>
      <mass-charge>88.0</mass-charge>
    </ei-ms-peak>
    <ei-ms-peak>
      <ei-ms-id>847</ei-ms-id>
      <id>93414</id>
      <intensity>290.0</intensity>
      <mass-charge>89.0</mass-charge>
    </ei-ms-peak>
    <ei-ms-peak>
      <ei-ms-id>847</ei-ms-id>
      <id>93415</id>
      <intensity>90.0</intensity>
      <mass-charge>90.0</mass-charge>
    </ei-ms-peak>
    <ei-ms-peak>
      <ei-ms-id>847</ei-ms-id>
      <id>93416</id>
      <intensity>2152.0</intensity>
      <mass-charge>91.0</mass-charge>
    </ei-ms-peak>
    <ei-ms-peak>
      <ei-ms-id>847</ei-ms-id>
      <id>93417</id>
      <intensity>360.0</intensity>
      <mass-charge>92.0</mass-charge>
    </ei-ms-peak>
    <ei-ms-peak>
      <ei-ms-id>847</ei-ms-id>
      <id>93418</id>
      <intensity>831.0</intensity>
      <mass-charge>93.0</mass-charge>
    </ei-ms-peak>
    <ei-ms-peak>
      <ei-ms-id>847</ei-ms-id>
      <id>93419</id>
      <intensity>300.0</intensity>
      <mass-charge>94.0</mass-charge>
    </ei-ms-peak>
    <ei-ms-peak>
      <ei-ms-id>847</ei-ms-id>
      <id>93420</id>
      <intensity>601.0</intensity>
      <mass-charge>95.0</mass-charge>
    </ei-ms-peak>
    <ei-ms-peak>
      <ei-ms-id>847</ei-ms-id>
      <id>93421</id>
      <intensity>90.0</intensity>
      <mass-charge>96.0</mass-charge>
    </ei-ms-peak>
    <ei-ms-peak>
      <ei-ms-id>847</ei-ms-id>
      <id>93422</id>
      <intensity>330.0</intensity>
      <mass-charge>97.0</mass-charge>
    </ei-ms-peak>
    <ei-ms-peak>
      <ei-ms-id>847</ei-ms-id>
      <id>93423</id>
      <intensity>150.0</intensity>
      <mass-charge>98.0</mass-charge>
    </ei-ms-peak>
    <ei-ms-peak>
      <ei-ms-id>847</ei-ms-id>
      <id>93424</id>
      <intensity>160.0</intensity>
      <mass-charge>99.0</mass-charge>
    </ei-ms-peak>
    <ei-ms-peak>
      <ei-ms-id>847</ei-ms-id>
      <id>93425</id>
      <intensity>70.0</intensity>
      <mass-charge>100.0</mass-charge>
    </ei-ms-peak>
    <ei-ms-peak>
      <ei-ms-id>847</ei-ms-id>
      <id>93426</id>
      <intensity>80.0</intensity>
      <mass-charge>101.0</mass-charge>
    </ei-ms-peak>
    <ei-ms-peak>
      <ei-ms-id>847</ei-ms-id>
      <id>93427</id>
      <intensity>220.0</intensity>
      <mass-charge>102.0</mass-charge>
    </ei-ms-peak>
    <ei-ms-peak>
      <ei-ms-id>847</ei-ms-id>
      <id>93428</id>
      <intensity>861.0</intensity>
      <mass-charge>103.0</mass-charge>
    </ei-ms-peak>
    <ei-ms-peak>
      <ei-ms-id>847</ei-ms-id>
      <id>93429</id>
      <intensity>280.0</intensity>
      <mass-charge>104.0</mass-charge>
    </ei-ms-peak>
    <ei-ms-peak>
      <ei-ms-id>847</ei-ms-id>
      <id>93430</id>
      <intensity>1411.0</intensity>
      <mass-charge>105.0</mass-charge>
    </ei-ms-peak>
    <ei-ms-peak>
      <ei-ms-id>847</ei-ms-id>
      <id>93431</id>
      <intensity>290.0</intensity>
      <mass-charge>106.0</mass-charge>
    </ei-ms-peak>
    <ei-ms-peak>
      <ei-ms-id>847</ei-ms-id>
      <id>93432</id>
      <intensity>2512.0</intensity>
      <mass-charge>107.0</mass-charge>
    </ei-ms-peak>
    <ei-ms-peak>
      <ei-ms-id>847</ei-ms-id>
      <id>93433</id>
      <intensity>791.0</intensity>
      <mass-charge>108.0</mass-charge>
    </ei-ms-peak>
    <ei-ms-peak>
      <ei-ms-id>847</ei-ms-id>
      <id>93434</id>
      <intensity>300.0</intensity>
      <mass-charge>109.0</mass-charge>
    </ei-ms-peak>
    <ei-ms-peak>
      <ei-ms-id>847</ei-ms-id>
      <id>93435</id>
      <intensity>230.0</intensity>
      <mass-charge>110.0</mass-charge>
    </ei-ms-peak>
    <ei-ms-peak>
      <ei-ms-id>847</ei-ms-id>
      <id>93436</id>
      <intensity>130.0</intensity>
      <mass-charge>111.0</mass-charge>
    </ei-ms-peak>
    <ei-ms-peak>
      <ei-ms-id>847</ei-ms-id>
      <id>93437</id>
      <intensity>40.0</intensity>
      <mass-charge>112.0</mass-charge>
    </ei-ms-peak>
    <ei-ms-peak>
      <ei-ms-id>847</ei-ms-id>
      <id>93438</id>
      <intensity>80.0</intensity>
      <mass-charge>113.0</mass-charge>
    </ei-ms-peak>
    <ei-ms-peak>
      <ei-ms-id>847</ei-ms-id>
      <id>93439</id>
      <intensity>140.0</intensity>
      <mass-charge>114.0</mass-charge>
    </ei-ms-peak>
    <ei-ms-peak>
      <ei-ms-id>847</ei-ms-id>
      <id>93440</id>
      <intensity>2843.0</intensity>
      <mass-charge>115.0</mass-charge>
    </ei-ms-peak>
    <ei-ms-peak>
      <ei-ms-id>847</ei-ms-id>
      <id>93441</id>
      <intensity>1001.0</intensity>
      <mass-charge>116.0</mass-charge>
    </ei-ms-peak>
    <ei-ms-peak>
      <ei-ms-id>847</ei-ms-id>
      <id>93442</id>
      <intensity>1051.0</intensity>
      <mass-charge>117.0</mass-charge>
    </ei-ms-peak>
    <ei-ms-peak>
      <ei-ms-id>847</ei-ms-id>
      <id>93443</id>
      <intensity>200.0</intensity>
      <mass-charge>118.0</mass-charge>
    </ei-ms-peak>
    <ei-ms-peak>
      <ei-ms-id>847</ei-ms-id>
      <id>93444</id>
      <intensity>430.0</intensity>
      <mass-charge>119.0</mass-charge>
    </ei-ms-peak>
    <ei-ms-peak>
      <ei-ms-id>847</ei-ms-id>
      <id>93445</id>
      <intensity>1181.0</intensity>
      <mass-charge>120.0</mass-charge>
    </ei-ms-peak>
    <ei-ms-peak>
      <ei-ms-id>847</ei-ms-id>
      <id>93446</id>
      <intensity>1341.0</intensity>
      <mass-charge>121.0</mass-charge>
    </ei-ms-peak>
    <ei-ms-peak>
      <ei-ms-id>847</ei-ms-id>
      <id>93447</id>
      <intensity>230.0</intensity>
      <mass-charge>122.0</mass-charge>
    </ei-ms-peak>
    <ei-ms-peak>
      <ei-ms-id>847</ei-ms-id>
      <id>93448</id>
      <intensity>220.0</intensity>
      <mass-charge>123.0</mass-charge>
    </ei-ms-peak>
    <ei-ms-peak>
      <ei-ms-id>847</ei-ms-id>
      <id>93449</id>
      <intensity>60.0</intensity>
      <mass-charge>124.0</mass-charge>
    </ei-ms-peak>
    <ei-ms-peak>
      <ei-ms-id>847</ei-ms-id>
      <id>93450</id>
      <intensity>80.0</intensity>
      <mass-charge>125.0</mass-charge>
    </ei-ms-peak>
    <ei-ms-peak>
      <ei-ms-id>847</ei-ms-id>
      <id>93451</id>
      <intensity>100.0</intensity>
      <mass-charge>126.0</mass-charge>
    </ei-ms-peak>
    <ei-ms-peak>
      <ei-ms-id>847</ei-ms-id>
      <id>93452</id>
      <intensity>1962.0</intensity>
      <mass-charge>127.0</mass-charge>
    </ei-ms-peak>
    <ei-ms-peak>
      <ei-ms-id>847</ei-ms-id>
      <id>93453</id>
      <intensity>1631.0</intensity>
      <mass-charge>128.0</mass-charge>
    </ei-ms-peak>
    <ei-ms-peak>
      <ei-ms-id>847</ei-ms-id>
      <id>93454</id>
      <intensity>1041.0</intensity>
      <mass-charge>129.0</mass-charge>
    </ei-ms-peak>
    <ei-ms-peak>
      <ei-ms-id>847</ei-ms-id>
      <id>93455</id>
      <intensity>220.0</intensity>
      <mass-charge>130.0</mass-charge>
    </ei-ms-peak>
    <ei-ms-peak>
      <ei-ms-id>847</ei-ms-id>
      <id>93456</id>
      <intensity>3033.0</intensity>
      <mass-charge>131.0</mass-charge>
    </ei-ms-peak>
    <ei-ms-peak>
      <ei-ms-id>847</ei-ms-id>
      <id>93457</id>
      <intensity>1241.0</intensity>
      <mass-charge>132.0</mass-charge>
    </ei-ms-peak>
    <ei-ms-peak>
      <ei-ms-id>847</ei-ms-id>
      <id>93458</id>
      <intensity>4844.0</intensity>
      <mass-charge>133.0</mass-charge>
    </ei-ms-peak>
    <ei-ms-peak>
      <ei-ms-id>847</ei-ms-id>
      <id>93459</id>
      <intensity>941.0</intensity>
      <mass-charge>134.0</mass-charge>
    </ei-ms-peak>
    <ei-ms-peak>
      <ei-ms-id>847</ei-ms-id>
      <id>93460</id>
      <intensity>260.0</intensity>
      <mass-charge>135.0</mass-charge>
    </ei-ms-peak>
    <ei-ms-peak>
      <ei-ms-id>847</ei-ms-id>
      <id>93461</id>
      <intensity>40.0</intensity>
      <mass-charge>136.0</mass-charge>
    </ei-ms-peak>
    <ei-ms-peak>
      <ei-ms-id>847</ei-ms-id>
      <id>93462</id>
      <intensity>50.0</intensity>
      <mass-charge>137.0</mass-charge>
    </ei-ms-peak>
    <ei-ms-peak>
      <ei-ms-id>847</ei-ms-id>
      <id>93463</id>
      <intensity>10.0</intensity>
      <mass-charge>138.0</mass-charge>
    </ei-ms-peak>
    <ei-ms-peak>
      <ei-ms-id>847</ei-ms-id>
      <id>93464</id>
      <intensity>170.0</intensity>
      <mass-charge>139.0</mass-charge>
    </ei-ms-peak>
    <ei-ms-peak>
      <ei-ms-id>847</ei-ms-id>
      <id>93465</id>
      <intensity>60.0</intensity>
      <mass-charge>140.0</mass-charge>
    </ei-ms-peak>
    <ei-ms-peak>
      <ei-ms-id>847</ei-ms-id>
      <id>93466</id>
      <intensity>1101.0</intensity>
      <mass-charge>141.0</mass-charge>
    </ei-ms-peak>
    <ei-ms-peak>
      <ei-ms-id>847</ei-ms-id>
      <id>93467</id>
      <intensity>300.0</intensity>
      <mass-charge>142.0</mass-charge>
    </ei-ms-peak>
    <ei-ms-peak>
      <ei-ms-id>847</ei-ms-id>
      <id>93468</id>
      <intensity>290.0</intensity>
      <mass-charge>143.0</mass-charge>
    </ei-ms-peak>
    <ei-ms-peak>
      <ei-ms-id>847</ei-ms-id>
      <id>93469</id>
      <intensity>2502.0</intensity>
      <mass-charge>144.0</mass-charge>
    </ei-ms-peak>
    <ei-ms-peak>
      <ei-ms-id>847</ei-ms-id>
      <id>93470</id>
      <intensity>4824.0</intensity>
      <mass-charge>145.0</mass-charge>
    </ei-ms-peak>
    <ei-ms-peak>
      <ei-ms-id>847</ei-ms-id>
      <id>93471</id>
      <intensity>6196.0</intensity>
      <mass-charge>146.0</mass-charge>
    </ei-ms-peak>
    <ei-ms-peak>
      <ei-ms-id>847</ei-ms-id>
      <id>93472</id>
      <intensity>2002.0</intensity>
      <mass-charge>147.0</mass-charge>
    </ei-ms-peak>
    <ei-ms-peak>
      <ei-ms-id>847</ei-ms-id>
      <id>93473</id>
      <intensity>280.0</intensity>
      <mass-charge>148.0</mass-charge>
    </ei-ms-peak>
    <ei-ms-peak>
      <ei-ms-id>847</ei-ms-id>
      <id>93474</id>
      <intensity>70.0</intensity>
      <mass-charge>149.0</mass-charge>
    </ei-ms-peak>
    <ei-ms-peak>
      <ei-ms-id>847</ei-ms-id>
      <id>93475</id>
      <intensity>80.0</intensity>
      <mass-charge>150.0</mass-charge>
    </ei-ms-peak>
    <ei-ms-peak>
      <ei-ms-id>847</ei-ms-id>
      <id>93476</id>
      <intensity>340.0</intensity>
      <mass-charge>151.0</mass-charge>
    </ei-ms-peak>
    <ei-ms-peak>
      <ei-ms-id>847</ei-ms-id>
      <id>93477</id>
      <intensity>470.0</intensity>
      <mass-charge>152.0</mass-charge>
    </ei-ms-peak>
    <ei-ms-peak>
      <ei-ms-id>847</ei-ms-id>
      <id>93478</id>
      <intensity>460.0</intensity>
      <mass-charge>153.0</mass-charge>
    </ei-ms-peak>
    <ei-ms-peak>
      <ei-ms-id>847</ei-ms-id>
      <id>93479</id>
      <intensity>160.0</intensity>
      <mass-charge>154.0</mass-charge>
    </ei-ms-peak>
    <ei-ms-peak>
      <ei-ms-id>847</ei-ms-id>
      <id>93480</id>
      <intensity>280.0</intensity>
      <mass-charge>155.0</mass-charge>
    </ei-ms-peak>
    <ei-ms-peak>
      <ei-ms-id>847</ei-ms-id>
      <id>93481</id>
      <intensity>90.0</intensity>
      <mass-charge>156.0</mass-charge>
    </ei-ms-peak>
    <ei-ms-peak>
      <ei-ms-id>847</ei-ms-id>
      <id>93482</id>
      <intensity>3143.0</intensity>
      <mass-charge>157.0</mass-charge>
    </ei-ms-peak>
    <ei-ms-peak>
      <ei-ms-id>847</ei-ms-id>
      <id>93483</id>
      <intensity>2813.0</intensity>
      <mass-charge>158.0</mass-charge>
    </ei-ms-peak>
    <ei-ms-peak>
      <ei-ms-id>847</ei-ms-id>
      <id>93484</id>
      <intensity>5225.0</intensity>
      <mass-charge>159.0</mass-charge>
    </ei-ms-peak>
    <ei-ms-peak>
      <ei-ms-id>847</ei-ms-id>
      <id>93485</id>
      <intensity>6936.0</intensity>
      <mass-charge>160.0</mass-charge>
    </ei-ms-peak>
    <ei-ms-peak>
      <ei-ms-id>847</ei-ms-id>
      <id>93486</id>
      <intensity>941.0</intensity>
      <mass-charge>161.0</mass-charge>
    </ei-ms-peak>
    <ei-ms-peak>
      <ei-ms-id>847</ei-ms-id>
      <id>93487</id>
      <intensity>110.0</intensity>
      <mass-charge>162.0</mass-charge>
    </ei-ms-peak>
    <ei-ms-peak>
      <ei-ms-id>847</ei-ms-id>
      <id>93488</id>
      <intensity>40.0</intensity>
      <mass-charge>163.0</mass-charge>
    </ei-ms-peak>
    <ei-ms-peak>
      <ei-ms-id>847</ei-ms-id>
      <id>93489</id>
      <intensity>50.0</intensity>
      <mass-charge>164.0</mass-charge>
    </ei-ms-peak>
    <ei-ms-peak>
      <ei-ms-id>847</ei-ms-id>
      <id>93490</id>
      <intensity>490.0</intensity>
      <mass-charge>165.0</mass-charge>
    </ei-ms-peak>
    <ei-ms-peak>
      <ei-ms-id>847</ei-ms-id>
      <id>93491</id>
      <intensity>140.0</intensity>
      <mass-charge>166.0</mass-charge>
    </ei-ms-peak>
    <ei-ms-peak>
      <ei-ms-id>847</ei-ms-id>
      <id>93492</id>
      <intensity>180.0</intensity>
      <mass-charge>167.0</mass-charge>
    </ei-ms-peak>
    <ei-ms-peak>
      <ei-ms-id>847</ei-ms-id>
      <id>93493</id>
      <intensity>120.0</intensity>
      <mass-charge>168.0</mass-charge>
    </ei-ms-peak>
    <ei-ms-peak>
      <ei-ms-id>847</ei-ms-id>
      <id>93494</id>
      <intensity>340.0</intensity>
      <mass-charge>169.0</mass-charge>
    </ei-ms-peak>
    <ei-ms-peak>
      <ei-ms-id>847</ei-ms-id>
      <id>93495</id>
      <intensity>591.0</intensity>
      <mass-charge>170.0</mass-charge>
    </ei-ms-peak>
    <ei-ms-peak>
      <ei-ms-id>847</ei-ms-id>
      <id>93496</id>
      <intensity>1591.0</intensity>
      <mass-charge>171.0</mass-charge>
    </ei-ms-peak>
    <ei-ms-peak>
      <ei-ms-id>847</ei-ms-id>
      <id>93497</id>
      <intensity>5235.0</intensity>
      <mass-charge>172.0</mass-charge>
    </ei-ms-peak>
    <ei-ms-peak>
      <ei-ms-id>847</ei-ms-id>
      <id>93498</id>
      <intensity>1391.0</intensity>
      <mass-charge>173.0</mass-charge>
    </ei-ms-peak>
    <ei-ms-peak>
      <ei-ms-id>847</ei-ms-id>
      <id>93499</id>
      <intensity>200.0</intensity>
      <mass-charge>174.0</mass-charge>
    </ei-ms-peak>
    <ei-ms-peak>
      <ei-ms-id>847</ei-ms-id>
      <id>93500</id>
      <intensity>781.0</intensity>
      <mass-charge>175.0</mass-charge>
    </ei-ms-peak>
    <ei-ms-peak>
      <ei-ms-id>847</ei-ms-id>
      <id>93501</id>
      <intensity>160.0</intensity>
      <mass-charge>176.0</mass-charge>
    </ei-ms-peak>
    <ei-ms-peak>
      <ei-ms-id>847</ei-ms-id>
      <id>93502</id>
      <intensity>60.0</intensity>
      <mass-charge>177.0</mass-charge>
    </ei-ms-peak>
    <ei-ms-peak>
      <ei-ms-id>847</ei-ms-id>
      <id>93503</id>
      <intensity>110.0</intensity>
      <mass-charge>178.0</mass-charge>
    </ei-ms-peak>
    <ei-ms-peak>
      <ei-ms-id>847</ei-ms-id>
      <id>93504</id>
      <intensity>160.0</intensity>
      <mass-charge>179.0</mass-charge>
    </ei-ms-peak>
    <ei-ms-peak>
      <ei-ms-id>847</ei-ms-id>
      <id>93505</id>
      <intensity>40.0</intensity>
      <mass-charge>180.0</mass-charge>
    </ei-ms-peak>
    <ei-ms-peak>
      <ei-ms-id>847</ei-ms-id>
      <id>93506</id>
      <intensity>290.0</intensity>
      <mass-charge>181.0</mass-charge>
    </ei-ms-peak>
    <ei-ms-peak>
      <ei-ms-id>847</ei-ms-id>
      <id>93507</id>
      <intensity>170.0</intensity>
      <mass-charge>182.0</mass-charge>
    </ei-ms-peak>
    <ei-ms-peak>
      <ei-ms-id>847</ei-ms-id>
      <id>93508</id>
      <intensity>621.0</intensity>
      <mass-charge>183.0</mass-charge>
    </ei-ms-peak>
    <ei-ms-peak>
      <ei-ms-id>847</ei-ms-id>
      <id>93509</id>
      <intensity>430.0</intensity>
      <mass-charge>184.0</mass-charge>
    </ei-ms-peak>
    <ei-ms-peak>
      <ei-ms-id>847</ei-ms-id>
      <id>93510</id>
      <intensity>1682.0</intensity>
      <mass-charge>185.0</mass-charge>
    </ei-ms-peak>
    <ei-ms-peak>
      <ei-ms-id>847</ei-ms-id>
      <id>93511</id>
      <intensity>2362.0</intensity>
      <mass-charge>186.0</mass-charge>
    </ei-ms-peak>
    <ei-ms-peak>
      <ei-ms-id>847</ei-ms-id>
      <id>93512</id>
      <intensity>540.0</intensity>
      <mass-charge>187.0</mass-charge>
    </ei-ms-peak>
    <ei-ms-peak>
      <ei-ms-id>847</ei-ms-id>
      <id>93513</id>
      <intensity>771.0</intensity>
      <mass-charge>188.0</mass-charge>
    </ei-ms-peak>
    <ei-ms-peak>
      <ei-ms-id>847</ei-ms-id>
      <id>93514</id>
      <intensity>140.0</intensity>
      <mass-charge>189.0</mass-charge>
    </ei-ms-peak>
    <ei-ms-peak>
      <ei-ms-id>847</ei-ms-id>
      <id>93515</id>
      <intensity>50.0</intensity>
      <mass-charge>190.0</mass-charge>
    </ei-ms-peak>
    <ei-ms-peak>
      <ei-ms-id>847</ei-ms-id>
      <id>93516</id>
      <intensity>30.0</intensity>
      <mass-charge>191.0</mass-charge>
    </ei-ms-peak>
    <ei-ms-peak>
      <ei-ms-id>847</ei-ms-id>
      <id>93517</id>
      <intensity>20.0</intensity>
      <mass-charge>192.0</mass-charge>
    </ei-ms-peak>
    <ei-ms-peak>
      <ei-ms-id>847</ei-ms-id>
      <id>93518</id>
      <intensity>40.0</intensity>
      <mass-charge>193.0</mass-charge>
    </ei-ms-peak>
    <ei-ms-peak>
      <ei-ms-id>847</ei-ms-id>
      <id>93519</id>
      <intensity>50.0</intensity>
      <mass-charge>194.0</mass-charge>
    </ei-ms-peak>
    <ei-ms-peak>
      <ei-ms-id>847</ei-ms-id>
      <id>93520</id>
      <intensity>110.0</intensity>
      <mass-charge>195.0</mass-charge>
    </ei-ms-peak>
    <ei-ms-peak>
      <ei-ms-id>847</ei-ms-id>
      <id>93521</id>
      <intensity>90.0</intensity>
      <mass-charge>196.0</mass-charge>
    </ei-ms-peak>
    <ei-ms-peak>
      <ei-ms-id>847</ei-ms-id>
      <id>93522</id>
      <intensity>591.0</intensity>
      <mass-charge>197.0</mass-charge>
    </ei-ms-peak>
    <ei-ms-peak>
      <ei-ms-id>847</ei-ms-id>
      <id>93523</id>
      <intensity>280.0</intensity>
      <mass-charge>198.0</mass-charge>
    </ei-ms-peak>
    <ei-ms-peak>
      <ei-ms-id>847</ei-ms-id>
      <id>93524</id>
      <intensity>861.0</intensity>
      <mass-charge>199.0</mass-charge>
    </ei-ms-peak>
    <ei-ms-peak>
      <ei-ms-id>847</ei-ms-id>
      <id>93525</id>
      <intensity>611.0</intensity>
      <mass-charge>200.0</mass-charge>
    </ei-ms-peak>
    <ei-ms-peak>
      <ei-ms-id>847</ei-ms-id>
      <id>93526</id>
      <intensity>330.0</intensity>
      <mass-charge>201.0</mass-charge>
    </ei-ms-peak>
    <ei-ms-peak>
      <ei-ms-id>847</ei-ms-id>
      <id>93527</id>
      <intensity>70.0</intensity>
      <mass-charge>202.0</mass-charge>
    </ei-ms-peak>
    <ei-ms-peak>
      <ei-ms-id>847</ei-ms-id>
      <id>93528</id>
      <intensity>20.0</intensity>
      <mass-charge>203.0</mass-charge>
    </ei-ms-peak>
    <ei-ms-peak>
      <ei-ms-id>847</ei-ms-id>
      <id>93529</id>
      <intensity>10.0</intensity>
      <mass-charge>204.0</mass-charge>
    </ei-ms-peak>
    <ei-ms-peak>
      <ei-ms-id>847</ei-ms-id>
      <id>93530</id>
      <intensity>30.0</intensity>
      <mass-charge>207.0</mass-charge>
    </ei-ms-peak>
    <ei-ms-peak>
      <ei-ms-id>847</ei-ms-id>
      <id>93531</id>
      <intensity>20.0</intensity>
      <mass-charge>208.0</mass-charge>
    </ei-ms-peak>
    <ei-ms-peak>
      <ei-ms-id>847</ei-ms-id>
      <id>93532</id>
      <intensity>50.0</intensity>
      <mass-charge>209.0</mass-charge>
    </ei-ms-peak>
    <ei-ms-peak>
      <ei-ms-id>847</ei-ms-id>
      <id>93533</id>
      <intensity>40.0</intensity>
      <mass-charge>210.0</mass-charge>
    </ei-ms-peak>
    <ei-ms-peak>
      <ei-ms-id>847</ei-ms-id>
      <id>93534</id>
      <intensity>510.0</intensity>
      <mass-charge>211.0</mass-charge>
    </ei-ms-peak>
    <ei-ms-peak>
      <ei-ms-id>847</ei-ms-id>
      <id>93535</id>
      <intensity>240.0</intensity>
      <mass-charge>212.0</mass-charge>
    </ei-ms-peak>
    <ei-ms-peak>
      <ei-ms-id>847</ei-ms-id>
      <id>93536</id>
      <intensity>4694.0</intensity>
      <mass-charge>213.0</mass-charge>
    </ei-ms-peak>
    <ei-ms-peak>
      <ei-ms-id>847</ei-ms-id>
      <id>93537</id>
      <intensity>841.0</intensity>
      <mass-charge>214.0</mass-charge>
    </ei-ms-peak>
    <ei-ms-peak>
      <ei-ms-id>847</ei-ms-id>
      <id>93538</id>
      <intensity>490.0</intensity>
      <mass-charge>215.0</mass-charge>
    </ei-ms-peak>
    <ei-ms-peak>
      <ei-ms-id>847</ei-ms-id>
      <id>93539</id>
      <intensity>80.0</intensity>
      <mass-charge>216.0</mass-charge>
    </ei-ms-peak>
    <ei-ms-peak>
      <ei-ms-id>847</ei-ms-id>
      <id>93540</id>
      <intensity>20.0</intensity>
      <mass-charge>217.0</mass-charge>
    </ei-ms-peak>
    <ei-ms-peak>
      <ei-ms-id>847</ei-ms-id>
      <id>93541</id>
      <intensity>10.0</intensity>
      <mass-charge>221.0</mass-charge>
    </ei-ms-peak>
    <ei-ms-peak>
      <ei-ms-id>847</ei-ms-id>
      <id>93542</id>
      <intensity>10.0</intensity>
      <mass-charge>222.0</mass-charge>
    </ei-ms-peak>
    <ei-ms-peak>
      <ei-ms-id>847</ei-ms-id>
      <id>93543</id>
      <intensity>10.0</intensity>
      <mass-charge>223.0</mass-charge>
    </ei-ms-peak>
    <ei-ms-peak>
      <ei-ms-id>847</ei-ms-id>
      <id>93544</id>
      <intensity>20.0</intensity>
      <mass-charge>224.0</mass-charge>
    </ei-ms-peak>
    <ei-ms-peak>
      <ei-ms-id>847</ei-ms-id>
      <id>93545</id>
      <intensity>310.0</intensity>
      <mass-charge>225.0</mass-charge>
    </ei-ms-peak>
    <ei-ms-peak>
      <ei-ms-id>847</ei-ms-id>
      <id>93546</id>
      <intensity>420.0</intensity>
      <mass-charge>226.0</mass-charge>
    </ei-ms-peak>
    <ei-ms-peak>
      <ei-ms-id>847</ei-ms-id>
      <id>93547</id>
      <intensity>140.0</intensity>
      <mass-charge>227.0</mass-charge>
    </ei-ms-peak>
    <ei-ms-peak>
      <ei-ms-id>847</ei-ms-id>
      <id>93548</id>
      <intensity>280.0</intensity>
      <mass-charge>228.0</mass-charge>
    </ei-ms-peak>
    <ei-ms-peak>
      <ei-ms-id>847</ei-ms-id>
      <id>93549</id>
      <intensity>90.0</intensity>
      <mass-charge>229.0</mass-charge>
    </ei-ms-peak>
    <ei-ms-peak>
      <ei-ms-id>847</ei-ms-id>
      <id>93550</id>
      <intensity>30.0</intensity>
      <mass-charge>230.0</mass-charge>
    </ei-ms-peak>
    <ei-ms-peak>
      <ei-ms-id>847</ei-ms-id>
      <id>93551</id>
      <intensity>10.0</intensity>
      <mass-charge>231.0</mass-charge>
    </ei-ms-peak>
    <ei-ms-peak>
      <ei-ms-id>847</ei-ms-id>
      <id>93552</id>
      <intensity>50.0</intensity>
      <mass-charge>237.0</mass-charge>
    </ei-ms-peak>
    <ei-ms-peak>
      <ei-ms-id>847</ei-ms-id>
      <id>93553</id>
      <intensity>20.0</intensity>
      <mass-charge>238.0</mass-charge>
    </ei-ms-peak>
    <ei-ms-peak>
      <ei-ms-id>847</ei-ms-id>
      <id>93554</id>
      <intensity>210.0</intensity>
      <mass-charge>239.0</mass-charge>
    </ei-ms-peak>
    <ei-ms-peak>
      <ei-ms-id>847</ei-ms-id>
      <id>93555</id>
      <intensity>40.0</intensity>
      <mass-charge>240.0</mass-charge>
    </ei-ms-peak>
    <ei-ms-peak>
      <ei-ms-id>847</ei-ms-id>
      <id>93556</id>
      <intensity>10.0</intensity>
      <mass-charge>241.0</mass-charge>
    </ei-ms-peak>
    <ei-ms-peak>
      <ei-ms-id>847</ei-ms-id>
      <id>93557</id>
      <intensity>10.0</intensity>
      <mass-charge>242.0</mass-charge>
    </ei-ms-peak>
    <ei-ms-peak>
      <ei-ms-id>847</ei-ms-id>
      <id>93558</id>
      <intensity>50.0</intensity>
      <mass-charge>243.0</mass-charge>
    </ei-ms-peak>
    <ei-ms-peak>
      <ei-ms-id>847</ei-ms-id>
      <id>93559</id>
      <intensity>380.0</intensity>
      <mass-charge>244.0</mass-charge>
    </ei-ms-peak>
    <ei-ms-peak>
      <ei-ms-id>847</ei-ms-id>
      <id>93560</id>
      <intensity>60.0</intensity>
      <mass-charge>245.0</mass-charge>
    </ei-ms-peak>
    <ei-ms-peak>
      <ei-ms-id>847</ei-ms-id>
      <id>93561</id>
      <intensity>10.0</intensity>
      <mass-charge>246.0</mass-charge>
    </ei-ms-peak>
    <ei-ms-peak>
      <ei-ms-id>847</ei-ms-id>
      <id>93562</id>
      <intensity>10.0</intensity>
      <mass-charge>251.0</mass-charge>
    </ei-ms-peak>
    <ei-ms-peak>
      <ei-ms-id>847</ei-ms-id>
      <id>93563</id>
      <intensity>10.0</intensity>
      <mass-charge>252.0</mass-charge>
    </ei-ms-peak>
    <ei-ms-peak>
      <ei-ms-id>847</ei-ms-id>
      <id>93564</id>
      <intensity>240.0</intensity>
      <mass-charge>253.0</mass-charge>
    </ei-ms-peak>
    <ei-ms-peak>
      <ei-ms-id>847</ei-ms-id>
      <id>93565</id>
      <intensity>130.0</intensity>
      <mass-charge>254.0</mass-charge>
    </ei-ms-peak>
    <ei-ms-peak>
      <ei-ms-id>847</ei-ms-id>
      <id>93566</id>
      <intensity>40.0</intensity>
      <mass-charge>255.0</mass-charge>
    </ei-ms-peak>
    <ei-ms-peak>
      <ei-ms-id>847</ei-ms-id>
      <id>93567</id>
      <intensity>10.0</intensity>
      <mass-charge>256.0</mass-charge>
    </ei-ms-peak>
    <ei-ms-peak>
      <ei-ms-id>847</ei-ms-id>
      <id>93568</id>
      <intensity>40.0</intensity>
      <mass-charge>257.0</mass-charge>
    </ei-ms-peak>
    <ei-ms-peak>
      <ei-ms-id>847</ei-ms-id>
      <id>93569</id>
      <intensity>10.0</intensity>
      <mass-charge>258.0</mass-charge>
    </ei-ms-peak>
    <ei-ms-peak>
      <ei-ms-id>847</ei-ms-id>
      <id>93570</id>
      <intensity>10.0</intensity>
      <mass-charge>269.0</mass-charge>
    </ei-ms-peak>
    <ei-ms-peak>
      <ei-ms-id>847</ei-ms-id>
      <id>93571</id>
      <intensity>50.0</intensity>
      <mass-charge>270.0</mass-charge>
    </ei-ms-peak>
    <ei-ms-peak>
      <ei-ms-id>847</ei-ms-id>
      <id>93572</id>
      <intensity>170.0</intensity>
      <mass-charge>271.0</mass-charge>
    </ei-ms-peak>
    <ei-ms-peak>
      <ei-ms-id>847</ei-ms-id>
      <id>93573</id>
      <intensity>9999.0</intensity>
      <mass-charge>272.0</mass-charge>
    </ei-ms-peak>
    <ei-ms-peak>
      <ei-ms-id>847</ei-ms-id>
      <id>93574</id>
      <intensity>1992.0</intensity>
      <mass-charge>273.0</mass-charge>
    </ei-ms-peak>
    <ei-ms-peak>
      <ei-ms-id>847</ei-ms-id>
      <id>93575</id>
      <intensity>220.0</intensity>
      <mass-charge>274.0</mass-charge>
    </ei-ms-peak>
    <ei-ms-peak>
      <ei-ms-id>847</ei-ms-id>
      <id>93576</id>
      <intensity>20.0</intensity>
      <mass-charge>275.0</mass-charge>
    </ei-ms-peak>
  </ei-ms-peaks>
</ei-ms>
