<?xml version="1.0" encoding="UTF-8"?>
<ei-ms>
  <collection-date nil="true"/>
  <created-at>2014-09-20T16:45:03Z</created-at>
  <database-id>HMDB14339</database-id>
  <id>1144</id>
  <inchi-key>TVYLLZQTGLZFBW-ZBFHGGJFSA-N</inchi-key>
  <instrument-type nil="true"/>
  <molecule-id nil="true"/>
  <notes nil="true"/>
  <peak-counter>84</peak-counter>
  <sample-assessment nil="true"/>
  <sample-concentration nil="true"/>
  <sample-concentration-units nil="true"/>
  <sample-mass nil="true"/>
  <sample-mass-units nil="true"/>
  <sample-source nil="true"/>
  <solvent nil="true"/>
  <spectra-assessment nil="true"/>
  <updated-at>2014-09-20T16:45:03Z</updated-at>
  <references>
    <reference>
      <database>NIST</database>
      <database-id>27203-92-5</database-id>
      <id>16016</id>
      <pubmed-id nil="true"/>
      <ref-text>NIST Mass Spec Data Center, S.E. Stein, director, "Mass Spectra" in NIST Chemistry WebBook, NIST Standard Reference Database Number 69, Eds. P.J. Linstrom and W.G. Mallard, National Institute of Standards and Technology, Gaithersburg MD, 20899, http://webbook.nist.gov, (retrieved September 6, 2014).</ref-text>
      <spectra-id>1144</spectra-id>
      <spectra-type>EiMs</spectra-type>
    </reference>
  </references>
  <ei-ms-peaks>
    <ei-ms-peak>
      <ei-ms-id>1144</ei-ms-id>
      <id>123481</id>
      <intensity>74.0</intensity>
      <mass-charge>27.0</mass-charge>
    </ei-ms-peak>
    <ei-ms-peak>
      <ei-ms-id>1144</ei-ms-id>
      <id>123482</id>
      <intensity>131.0</intensity>
      <mass-charge>28.0</mass-charge>
    </ei-ms-peak>
    <ei-ms-peak>
      <ei-ms-id>1144</ei-ms-id>
      <id>123483</id>
      <intensity>90.0</intensity>
      <mass-charge>29.0</mass-charge>
    </ei-ms-peak>
    <ei-ms-peak>
      <ei-ms-id>1144</ei-ms-id>
      <id>123484</id>
      <intensity>332.0</intensity>
      <mass-charge>30.0</mass-charge>
    </ei-ms-peak>
    <ei-ms-peak>
      <ei-ms-id>1144</ei-ms-id>
      <id>123485</id>
      <intensity>27.0</intensity>
      <mass-charge>39.0</mass-charge>
    </ei-ms-peak>
    <ei-ms-peak>
      <ei-ms-id>1144</ei-ms-id>
      <id>123486</id>
      <intensity>185.0</intensity>
      <mass-charge>40.0</mass-charge>
    </ei-ms-peak>
    <ei-ms-peak>
      <ei-ms-id>1144</ei-ms-id>
      <id>123487</id>
      <intensity>231.0</intensity>
      <mass-charge>41.0</mass-charge>
    </ei-ms-peak>
    <ei-ms-peak>
      <ei-ms-id>1144</ei-ms-id>
      <id>123488</id>
      <intensity>266.0</intensity>
      <mass-charge>42.0</mass-charge>
    </ei-ms-peak>
    <ei-ms-peak>
      <ei-ms-id>1144</ei-ms-id>
      <id>123489</id>
      <intensity>82.0</intensity>
      <mass-charge>43.0</mass-charge>
    </ei-ms-peak>
    <ei-ms-peak>
      <ei-ms-id>1144</ei-ms-id>
      <id>123490</id>
      <intensity>481.0</intensity>
      <mass-charge>44.0</mass-charge>
    </ei-ms-peak>
    <ei-ms-peak>
      <ei-ms-id>1144</ei-ms-id>
      <id>123491</id>
      <intensity>683.0</intensity>
      <mass-charge>45.0</mass-charge>
    </ei-ms-peak>
    <ei-ms-peak>
      <ei-ms-id>1144</ei-ms-id>
      <id>123492</id>
      <intensity>1025.0</intensity>
      <mass-charge>46.0</mass-charge>
    </ei-ms-peak>
    <ei-ms-peak>
      <ei-ms-id>1144</ei-ms-id>
      <id>123493</id>
      <intensity>5.0</intensity>
      <mass-charge>47.0</mass-charge>
    </ei-ms-peak>
    <ei-ms-peak>
      <ei-ms-id>1144</ei-ms-id>
      <id>123494</id>
      <intensity>5.0</intensity>
      <mass-charge>51.0</mass-charge>
    </ei-ms-peak>
    <ei-ms-peak>
      <ei-ms-id>1144</ei-ms-id>
      <id>123495</id>
      <intensity>7.0</intensity>
      <mass-charge>53.0</mass-charge>
    </ei-ms-peak>
    <ei-ms-peak>
      <ei-ms-id>1144</ei-ms-id>
      <id>123496</id>
      <intensity>213.0</intensity>
      <mass-charge>55.0</mass-charge>
    </ei-ms-peak>
    <ei-ms-peak>
      <ei-ms-id>1144</ei-ms-id>
      <id>123497</id>
      <intensity>27.0</intensity>
      <mass-charge>56.0</mass-charge>
    </ei-ms-peak>
    <ei-ms-peak>
      <ei-ms-id>1144</ei-ms-id>
      <id>123498</id>
      <intensity>98.0</intensity>
      <mass-charge>57.0</mass-charge>
    </ei-ms-peak>
    <ei-ms-peak>
      <ei-ms-id>1144</ei-ms-id>
      <id>123499</id>
      <intensity>9999.0</intensity>
      <mass-charge>58.0</mass-charge>
    </ei-ms-peak>
    <ei-ms-peak>
      <ei-ms-id>1144</ei-ms-id>
      <id>123500</id>
      <intensity>600.0</intensity>
      <mass-charge>59.0</mass-charge>
    </ei-ms-peak>
    <ei-ms-peak>
      <ei-ms-id>1144</ei-ms-id>
      <id>123501</id>
      <intensity>4.0</intensity>
      <mass-charge>63.0</mass-charge>
    </ei-ms-peak>
    <ei-ms-peak>
      <ei-ms-id>1144</ei-ms-id>
      <id>123502</id>
      <intensity>13.0</intensity>
      <mass-charge>64.0</mass-charge>
    </ei-ms-peak>
    <ei-ms-peak>
      <ei-ms-id>1144</ei-ms-id>
      <id>123503</id>
      <intensity>27.0</intensity>
      <mass-charge>65.0</mass-charge>
    </ei-ms-peak>
    <ei-ms-peak>
      <ei-ms-id>1144</ei-ms-id>
      <id>123504</id>
      <intensity>23.0</intensity>
      <mass-charge>67.0</mass-charge>
    </ei-ms-peak>
    <ei-ms-peak>
      <ei-ms-id>1144</ei-ms-id>
      <id>123505</id>
      <intensity>4.0</intensity>
      <mass-charge>68.0</mass-charge>
    </ei-ms-peak>
    <ei-ms-peak>
      <ei-ms-id>1144</ei-ms-id>
      <id>123506</id>
      <intensity>26.0</intensity>
      <mass-charge>69.0</mass-charge>
    </ei-ms-peak>
    <ei-ms-peak>
      <ei-ms-id>1144</ei-ms-id>
      <id>123507</id>
      <intensity>26.0</intensity>
      <mass-charge>70.0</mass-charge>
    </ei-ms-peak>
    <ei-ms-peak>
      <ei-ms-id>1144</ei-ms-id>
      <id>123508</id>
      <intensity>17.0</intensity>
      <mass-charge>71.0</mass-charge>
    </ei-ms-peak>
    <ei-ms-peak>
      <ei-ms-id>1144</ei-ms-id>
      <id>123509</id>
      <intensity>79.0</intensity>
      <mass-charge>72.0</mass-charge>
    </ei-ms-peak>
    <ei-ms-peak>
      <ei-ms-id>1144</ei-ms-id>
      <id>123510</id>
      <intensity>105.0</intensity>
      <mass-charge>74.0</mass-charge>
    </ei-ms-peak>
    <ei-ms-peak>
      <ei-ms-id>1144</ei-ms-id>
      <id>123511</id>
      <intensity>3.0</intensity>
      <mass-charge>76.0</mass-charge>
    </ei-ms-peak>
    <ei-ms-peak>
      <ei-ms-id>1144</ei-ms-id>
      <id>123512</id>
      <intensity>173.0</intensity>
      <mass-charge>77.0</mass-charge>
    </ei-ms-peak>
    <ei-ms-peak>
      <ei-ms-id>1144</ei-ms-id>
      <id>123513</id>
      <intensity>24.0</intensity>
      <mass-charge>78.0</mass-charge>
    </ei-ms-peak>
    <ei-ms-peak>
      <ei-ms-id>1144</ei-ms-id>
      <id>123514</id>
      <intensity>24.0</intensity>
      <mass-charge>79.0</mass-charge>
    </ei-ms-peak>
    <ei-ms-peak>
      <ei-ms-id>1144</ei-ms-id>
      <id>123515</id>
      <intensity>4.0</intensity>
      <mass-charge>81.0</mass-charge>
    </ei-ms-peak>
    <ei-ms-peak>
      <ei-ms-id>1144</ei-ms-id>
      <id>123516</id>
      <intensity>5.0</intensity>
      <mass-charge>82.0</mass-charge>
    </ei-ms-peak>
    <ei-ms-peak>
      <ei-ms-id>1144</ei-ms-id>
      <id>123517</id>
      <intensity>97.0</intensity>
      <mass-charge>84.0</mass-charge>
    </ei-ms-peak>
    <ei-ms-peak>
      <ei-ms-id>1144</ei-ms-id>
      <id>123518</id>
      <intensity>76.0</intensity>
      <mass-charge>91.0</mass-charge>
    </ei-ms-peak>
    <ei-ms-peak>
      <ei-ms-id>1144</ei-ms-id>
      <id>123519</id>
      <intensity>74.0</intensity>
      <mass-charge>92.0</mass-charge>
    </ei-ms-peak>
    <ei-ms-peak>
      <ei-ms-id>1144</ei-ms-id>
      <id>123520</id>
      <intensity>4.0</intensity>
      <mass-charge>93.0</mass-charge>
    </ei-ms-peak>
    <ei-ms-peak>
      <ei-ms-id>1144</ei-ms-id>
      <id>123521</id>
      <intensity>5.0</intensity>
      <mass-charge>94.0</mass-charge>
    </ei-ms-peak>
    <ei-ms-peak>
      <ei-ms-id>1144</ei-ms-id>
      <id>123522</id>
      <intensity>3.0</intensity>
      <mass-charge>98.0</mass-charge>
    </ei-ms-peak>
    <ei-ms-peak>
      <ei-ms-id>1144</ei-ms-id>
      <id>123523</id>
      <intensity>2.0</intensity>
      <mass-charge>101.0</mass-charge>
    </ei-ms-peak>
    <ei-ms-peak>
      <ei-ms-id>1144</ei-ms-id>
      <id>123524</id>
      <intensity>4.0</intensity>
      <mass-charge>103.0</mass-charge>
    </ei-ms-peak>
    <ei-ms-peak>
      <ei-ms-id>1144</ei-ms-id>
      <id>123525</id>
      <intensity>5.0</intensity>
      <mass-charge>105.0</mass-charge>
    </ei-ms-peak>
    <ei-ms-peak>
      <ei-ms-id>1144</ei-ms-id>
      <id>123526</id>
      <intensity>148.0</intensity>
      <mass-charge>107.0</mass-charge>
    </ei-ms-peak>
    <ei-ms-peak>
      <ei-ms-id>1144</ei-ms-id>
      <id>123527</id>
      <intensity>24.0</intensity>
      <mass-charge>108.0</mass-charge>
    </ei-ms-peak>
    <ei-ms-peak>
      <ei-ms-id>1144</ei-ms-id>
      <id>123528</id>
      <intensity>8.0</intensity>
      <mass-charge>109.0</mass-charge>
    </ei-ms-peak>
    <ei-ms-peak>
      <ei-ms-id>1144</ei-ms-id>
      <id>123529</id>
      <intensity>12.0</intensity>
      <mass-charge>110.0</mass-charge>
    </ei-ms-peak>
    <ei-ms-peak>
      <ei-ms-id>1144</ei-ms-id>
      <id>123530</id>
      <intensity>135.0</intensity>
      <mass-charge>114.0</mass-charge>
    </ei-ms-peak>
    <ei-ms-peak>
      <ei-ms-id>1144</ei-ms-id>
      <id>123531</id>
      <intensity>12.0</intensity>
      <mass-charge>115.0</mass-charge>
    </ei-ms-peak>
    <ei-ms-peak>
      <ei-ms-id>1144</ei-ms-id>
      <id>123532</id>
      <intensity>79.0</intensity>
      <mass-charge>121.0</mass-charge>
    </ei-ms-peak>
    <ei-ms-peak>
      <ei-ms-id>1144</ei-ms-id>
      <id>123533</id>
      <intensity>6.0</intensity>
      <mass-charge>122.0</mass-charge>
    </ei-ms-peak>
    <ei-ms-peak>
      <ei-ms-id>1144</ei-ms-id>
      <id>123534</id>
      <intensity>5.0</intensity>
      <mass-charge>128.0</mass-charge>
    </ei-ms-peak>
    <ei-ms-peak>
      <ei-ms-id>1144</ei-ms-id>
      <id>123535</id>
      <intensity>5.0</intensity>
      <mass-charge>129.0</mass-charge>
    </ei-ms-peak>
    <ei-ms-peak>
      <ei-ms-id>1144</ei-ms-id>
      <id>123536</id>
      <intensity>2.0</intensity>
      <mass-charge>131.0</mass-charge>
    </ei-ms-peak>
    <ei-ms-peak>
      <ei-ms-id>1144</ei-ms-id>
      <id>123537</id>
      <intensity>2.0</intensity>
      <mass-charge>133.0</mass-charge>
    </ei-ms-peak>
    <ei-ms-peak>
      <ei-ms-id>1144</ei-ms-id>
      <id>123538</id>
      <intensity>6.0</intensity>
      <mass-charge>134.0</mass-charge>
    </ei-ms-peak>
    <ei-ms-peak>
      <ei-ms-id>1144</ei-ms-id>
      <id>123539</id>
      <intensity>319.0</intensity>
      <mass-charge>135.0</mass-charge>
    </ei-ms-peak>
    <ei-ms-peak>
      <ei-ms-id>1144</ei-ms-id>
      <id>123540</id>
      <intensity>14.0</intensity>
      <mass-charge>136.0</mass-charge>
    </ei-ms-peak>
    <ei-ms-peak>
      <ei-ms-id>1144</ei-ms-id>
      <id>123541</id>
      <intensity>5.0</intensity>
      <mass-charge>145.0</mass-charge>
    </ei-ms-peak>
    <ei-ms-peak>
      <ei-ms-id>1144</ei-ms-id>
      <id>123542</id>
      <intensity>2.0</intensity>
      <mass-charge>147.0</mass-charge>
    </ei-ms-peak>
    <ei-ms-peak>
      <ei-ms-id>1144</ei-ms-id>
      <id>123543</id>
      <intensity>102.0</intensity>
      <mass-charge>150.0</mass-charge>
    </ei-ms-peak>
    <ei-ms-peak>
      <ei-ms-id>1144</ei-ms-id>
      <id>123544</id>
      <intensity>2.0</intensity>
      <mass-charge>151.0</mass-charge>
    </ei-ms-peak>
    <ei-ms-peak>
      <ei-ms-id>1144</ei-ms-id>
      <id>123545</id>
      <intensity>2.0</intensity>
      <mass-charge>155.0</mass-charge>
    </ei-ms-peak>
    <ei-ms-peak>
      <ei-ms-id>1144</ei-ms-id>
      <id>123546</id>
      <intensity>2.0</intensity>
      <mass-charge>156.0</mass-charge>
    </ei-ms-peak>
    <ei-ms-peak>
      <ei-ms-id>1144</ei-ms-id>
      <id>123547</id>
      <intensity>6.0</intensity>
      <mass-charge>159.0</mass-charge>
    </ei-ms-peak>
    <ei-ms-peak>
      <ei-ms-id>1144</ei-ms-id>
      <id>123548</id>
      <intensity>3.0</intensity>
      <mass-charge>160.0</mass-charge>
    </ei-ms-peak>
    <ei-ms-peak>
      <ei-ms-id>1144</ei-ms-id>
      <id>123549</id>
      <intensity>25.0</intensity>
      <mass-charge>163.0</mass-charge>
    </ei-ms-peak>
    <ei-ms-peak>
      <ei-ms-id>1144</ei-ms-id>
      <id>123550</id>
      <intensity>2.0</intensity>
      <mass-charge>164.0</mass-charge>
    </ei-ms-peak>
    <ei-ms-peak>
      <ei-ms-id>1144</ei-ms-id>
      <id>123551</id>
      <intensity>2.0</intensity>
      <mass-charge>173.0</mass-charge>
    </ei-ms-peak>
    <ei-ms-peak>
      <ei-ms-id>1144</ei-ms-id>
      <id>123552</id>
      <intensity>2.0</intensity>
      <mass-charge>176.0</mass-charge>
    </ei-ms-peak>
    <ei-ms-peak>
      <ei-ms-id>1144</ei-ms-id>
      <id>123553</id>
      <intensity>4.0</intensity>
      <mass-charge>187.0</mass-charge>
    </ei-ms-peak>
    <ei-ms-peak>
      <ei-ms-id>1144</ei-ms-id>
      <id>123554</id>
      <intensity>25.0</intensity>
      <mass-charge>188.0</mass-charge>
    </ei-ms-peak>
    <ei-ms-peak>
      <ei-ms-id>1144</ei-ms-id>
      <id>123555</id>
      <intensity>4.0</intensity>
      <mass-charge>189.0</mass-charge>
    </ei-ms-peak>
    <ei-ms-peak>
      <ei-ms-id>1144</ei-ms-id>
      <id>123556</id>
      <intensity>98.0</intensity>
      <mass-charge>218.0</mass-charge>
    </ei-ms-peak>
    <ei-ms-peak>
      <ei-ms-id>1144</ei-ms-id>
      <id>123557</id>
      <intensity>6.0</intensity>
      <mass-charge>219.0</mass-charge>
    </ei-ms-peak>
    <ei-ms-peak>
      <ei-ms-id>1144</ei-ms-id>
      <id>123558</id>
      <intensity>76.0</intensity>
      <mass-charge>220.0</mass-charge>
    </ei-ms-peak>
    <ei-ms-peak>
      <ei-ms-id>1144</ei-ms-id>
      <id>123559</id>
      <intensity>4.0</intensity>
      <mass-charge>245.0</mass-charge>
    </ei-ms-peak>
    <ei-ms-peak>
      <ei-ms-id>1144</ei-ms-id>
      <id>123560</id>
      <intensity>2.0</intensity>
      <mass-charge>248.0</mass-charge>
    </ei-ms-peak>
    <ei-ms-peak>
      <ei-ms-id>1144</ei-ms-id>
      <id>123561</id>
      <intensity>75.0</intensity>
      <mass-charge>262.0</mass-charge>
    </ei-ms-peak>
    <ei-ms-peak>
      <ei-ms-id>1144</ei-ms-id>
      <id>123562</id>
      <intensity>1542.0</intensity>
      <mass-charge>263.0</mass-charge>
    </ei-ms-peak>
    <ei-ms-peak>
      <ei-ms-id>1144</ei-ms-id>
      <id>123563</id>
      <intensity>251.0</intensity>
      <mass-charge>264.0</mass-charge>
    </ei-ms-peak>
    <ei-ms-peak>
      <ei-ms-id>1144</ei-ms-id>
      <id>123564</id>
      <intensity>6.0</intensity>
      <mass-charge>265.0</mass-charge>
    </ei-ms-peak>
  </ei-ms-peaks>
</ei-ms>
