<?xml version="1.0" encoding="UTF-8"?>
<ei-ms>
  <collection-date nil="true"/>
  <created-at>2014-09-20T16:26:49Z</created-at>
  <database-id>HMDB32538</database-id>
  <id>384</id>
  <inchi-key>GSEJCLTVZPLZKY-UHFFFAOYSA-N</inchi-key>
  <instrument-type nil="true"/>
  <molecule-id nil="true"/>
  <notes nil="true"/>
  <peak-counter>55</peak-counter>
  <sample-assessment nil="true"/>
  <sample-concentration nil="true"/>
  <sample-concentration-units nil="true"/>
  <sample-mass nil="true"/>
  <sample-mass-units nil="true"/>
  <sample-source nil="true"/>
  <solvent nil="true"/>
  <spectra-assessment nil="true"/>
  <updated-at>2014-09-20T16:26:49Z</updated-at>
  <references>
    <reference>
      <database>NIST</database>
      <database-id>102-71-6</database-id>
      <id>15256</id>
      <pubmed-id nil="true"/>
      <ref-text>NIST Mass Spec Data Center, S.E. Stein, director, "Mass Spectra" in NIST Chemistry WebBook, NIST Standard Reference Database Number 69, Eds. P.J. Linstrom and W.G. Mallard, National Institute of Standards and Technology, Gaithersburg MD, 20899, http://webbook.nist.gov, (retrieved September 6, 2014).</ref-text>
      <spectra-id>384</spectra-id>
      <spectra-type>EiMs</spectra-type>
    </reference>
  </references>
  <ei-ms-peaks>
    <ei-ms-peak>
      <ei-ms-id>384</ei-ms-id>
      <id>42786</id>
      <intensity>48.0</intensity>
      <mass-charge>26.0</mass-charge>
    </ei-ms-peak>
    <ei-ms-peak>
      <ei-ms-id>384</ei-ms-id>
      <id>42787</id>
      <intensity>757.0</intensity>
      <mass-charge>27.0</mass-charge>
    </ei-ms-peak>
    <ei-ms-peak>
      <ei-ms-id>384</ei-ms-id>
      <id>42788</id>
      <intensity>22.0</intensity>
      <mass-charge>28.0</mass-charge>
    </ei-ms-peak>
    <ei-ms-peak>
      <ei-ms-id>384</ei-ms-id>
      <id>42789</id>
      <intensity>379.0</intensity>
      <mass-charge>29.0</mass-charge>
    </ei-ms-peak>
    <ei-ms-peak>
      <ei-ms-id>384</ei-ms-id>
      <id>42790</id>
      <intensity>2466.0</intensity>
      <mass-charge>30.0</mass-charge>
    </ei-ms-peak>
    <ei-ms-peak>
      <ei-ms-id>384</ei-ms-id>
      <id>42791</id>
      <intensity>126.0</intensity>
      <mass-charge>31.0</mass-charge>
    </ei-ms-peak>
    <ei-ms-peak>
      <ei-ms-id>384</ei-ms-id>
      <id>42792</id>
      <intensity>33.0</intensity>
      <mass-charge>38.0</mass-charge>
    </ei-ms-peak>
    <ei-ms-peak>
      <ei-ms-id>384</ei-ms-id>
      <id>42793</id>
      <intensity>48.0</intensity>
      <mass-charge>39.0</mass-charge>
    </ei-ms-peak>
    <ei-ms-peak>
      <ei-ms-id>384</ei-ms-id>
      <id>42794</id>
      <intensity>19.0</intensity>
      <mass-charge>40.0</mass-charge>
    </ei-ms-peak>
    <ei-ms-peak>
      <ei-ms-id>384</ei-ms-id>
      <id>42795</id>
      <intensity>328.0</intensity>
      <mass-charge>41.0</mass-charge>
    </ei-ms-peak>
    <ei-ms-peak>
      <ei-ms-id>384</ei-ms-id>
      <id>42796</id>
      <intensity>1670.0</intensity>
      <mass-charge>42.0</mass-charge>
    </ei-ms-peak>
    <ei-ms-peak>
      <ei-ms-id>384</ei-ms-id>
      <id>42797</id>
      <intensity>74.0</intensity>
      <mass-charge>43.0</mass-charge>
    </ei-ms-peak>
    <ei-ms-peak>
      <ei-ms-id>384</ei-ms-id>
      <id>42798</id>
      <intensity>1120.0</intensity>
      <mass-charge>44.0</mass-charge>
    </ei-ms-peak>
    <ei-ms-peak>
      <ei-ms-id>384</ei-ms-id>
      <id>42799</id>
      <intensity>3113.0</intensity>
      <mass-charge>45.0</mass-charge>
    </ei-ms-peak>
    <ei-ms-peak>
      <ei-ms-id>384</ei-ms-id>
      <id>42800</id>
      <intensity>22.0</intensity>
      <mass-charge>53.0</mass-charge>
    </ei-ms-peak>
    <ei-ms-peak>
      <ei-ms-id>384</ei-ms-id>
      <id>42801</id>
      <intensity>138.0</intensity>
      <mass-charge>54.0</mass-charge>
    </ei-ms-peak>
    <ei-ms-peak>
      <ei-ms-id>384</ei-ms-id>
      <id>42802</id>
      <intensity>44.0</intensity>
      <mass-charge>55.0</mass-charge>
    </ei-ms-peak>
    <ei-ms-peak>
      <ei-ms-id>384</ei-ms-id>
      <id>42803</id>
      <intensity>5221.0</intensity>
      <mass-charge>56.0</mass-charge>
    </ei-ms-peak>
    <ei-ms-peak>
      <ei-ms-id>384</ei-ms-id>
      <id>42804</id>
      <intensity>328.0</intensity>
      <mass-charge>57.0</mass-charge>
    </ei-ms-peak>
    <ei-ms-peak>
      <ei-ms-id>384</ei-ms-id>
      <id>42805</id>
      <intensity>223.0</intensity>
      <mass-charge>58.0</mass-charge>
    </ei-ms-peak>
    <ei-ms-peak>
      <ei-ms-id>384</ei-ms-id>
      <id>42806</id>
      <intensity>39.0</intensity>
      <mass-charge>59.0</mass-charge>
    </ei-ms-peak>
    <ei-ms-peak>
      <ei-ms-id>384</ei-ms-id>
      <id>42807</id>
      <intensity>105.0</intensity>
      <mass-charge>60.0</mass-charge>
    </ei-ms-peak>
    <ei-ms-peak>
      <ei-ms-id>384</ei-ms-id>
      <id>42808</id>
      <intensity>26.0</intensity>
      <mass-charge>68.0</mass-charge>
    </ei-ms-peak>
    <ei-ms-peak>
      <ei-ms-id>384</ei-ms-id>
      <id>42809</id>
      <intensity>34.0</intensity>
      <mass-charge>69.0</mass-charge>
    </ei-ms-peak>
    <ei-ms-peak>
      <ei-ms-id>384</ei-ms-id>
      <id>42810</id>
      <intensity>267.0</intensity>
      <mass-charge>70.0</mass-charge>
    </ei-ms-peak>
    <ei-ms-peak>
      <ei-ms-id>384</ei-ms-id>
      <id>42811</id>
      <intensity>50.0</intensity>
      <mass-charge>71.0</mass-charge>
    </ei-ms-peak>
    <ei-ms-peak>
      <ei-ms-id>384</ei-ms-id>
      <id>42812</id>
      <intensity>154.0</intensity>
      <mass-charge>72.0</mass-charge>
    </ei-ms-peak>
    <ei-ms-peak>
      <ei-ms-id>384</ei-ms-id>
      <id>42813</id>
      <intensity>85.0</intensity>
      <mass-charge>73.0</mass-charge>
    </ei-ms-peak>
    <ei-ms-peak>
      <ei-ms-id>384</ei-ms-id>
      <id>42814</id>
      <intensity>4953.0</intensity>
      <mass-charge>74.0</mass-charge>
    </ei-ms-peak>
    <ei-ms-peak>
      <ei-ms-id>384</ei-ms-id>
      <id>42815</id>
      <intensity>262.0</intensity>
      <mass-charge>75.0</mass-charge>
    </ei-ms-peak>
    <ei-ms-peak>
      <ei-ms-id>384</ei-ms-id>
      <id>42816</id>
      <intensity>26.0</intensity>
      <mass-charge>76.0</mass-charge>
    </ei-ms-peak>
    <ei-ms-peak>
      <ei-ms-id>384</ei-ms-id>
      <id>42817</id>
      <intensity>19.0</intensity>
      <mass-charge>84.0</mass-charge>
    </ei-ms-peak>
    <ei-ms-peak>
      <ei-ms-id>384</ei-ms-id>
      <id>42818</id>
      <intensity>18.0</intensity>
      <mass-charge>85.0</mass-charge>
    </ei-ms-peak>
    <ei-ms-peak>
      <ei-ms-id>384</ei-ms-id>
      <id>42819</id>
      <intensity>124.0</intensity>
      <mass-charge>86.0</mass-charge>
    </ei-ms-peak>
    <ei-ms-peak>
      <ei-ms-id>384</ei-ms-id>
      <id>42820</id>
      <intensity>340.0</intensity>
      <mass-charge>88.0</mass-charge>
    </ei-ms-peak>
    <ei-ms-peak>
      <ei-ms-id>384</ei-ms-id>
      <id>42821</id>
      <intensity>29.0</intensity>
      <mass-charge>89.0</mass-charge>
    </ei-ms-peak>
    <ei-ms-peak>
      <ei-ms-id>384</ei-ms-id>
      <id>42822</id>
      <intensity>74.0</intensity>
      <mass-charge>91.0</mass-charge>
    </ei-ms-peak>
    <ei-ms-peak>
      <ei-ms-id>384</ei-ms-id>
      <id>42823</id>
      <intensity>26.0</intensity>
      <mass-charge>98.0</mass-charge>
    </ei-ms-peak>
    <ei-ms-peak>
      <ei-ms-id>384</ei-ms-id>
      <id>42824</id>
      <intensity>22.0</intensity>
      <mass-charge>99.0</mass-charge>
    </ei-ms-peak>
    <ei-ms-peak>
      <ei-ms-id>384</ei-ms-id>
      <id>42825</id>
      <intensity>95.0</intensity>
      <mass-charge>100.0</mass-charge>
    </ei-ms-peak>
    <ei-ms-peak>
      <ei-ms-id>384</ei-ms-id>
      <id>42826</id>
      <intensity>14.0</intensity>
      <mass-charge>102.0</mass-charge>
    </ei-ms-peak>
    <ei-ms-peak>
      <ei-ms-id>384</ei-ms-id>
      <id>42827</id>
      <intensity>36.0</intensity>
      <mass-charge>103.0</mass-charge>
    </ei-ms-peak>
    <ei-ms-peak>
      <ei-ms-id>384</ei-ms-id>
      <id>42828</id>
      <intensity>151.0</intensity>
      <mass-charge>104.0</mass-charge>
    </ei-ms-peak>
    <ei-ms-peak>
      <ei-ms-id>384</ei-ms-id>
      <id>42829</id>
      <intensity>29.0</intensity>
      <mass-charge>105.0</mass-charge>
    </ei-ms-peak>
    <ei-ms-peak>
      <ei-ms-id>384</ei-ms-id>
      <id>42830</id>
      <intensity>19.0</intensity>
      <mass-charge>112.0</mass-charge>
    </ei-ms-peak>
    <ei-ms-peak>
      <ei-ms-id>384</ei-ms-id>
      <id>42831</id>
      <intensity>52.0</intensity>
      <mass-charge>115.0</mass-charge>
    </ei-ms-peak>
    <ei-ms-peak>
      <ei-ms-id>384</ei-ms-id>
      <id>42832</id>
      <intensity>29.0</intensity>
      <mass-charge>117.0</mass-charge>
    </ei-ms-peak>
    <ei-ms-peak>
      <ei-ms-id>384</ei-ms-id>
      <id>42833</id>
      <intensity>9999.0</intensity>
      <mass-charge>118.0</mass-charge>
    </ei-ms-peak>
    <ei-ms-peak>
      <ei-ms-id>384</ei-ms-id>
      <id>42834</id>
      <intensity>621.0</intensity>
      <mass-charge>119.0</mass-charge>
    </ei-ms-peak>
    <ei-ms-peak>
      <ei-ms-id>384</ei-ms-id>
      <id>42835</id>
      <intensity>71.0</intensity>
      <mass-charge>120.0</mass-charge>
    </ei-ms-peak>
    <ei-ms-peak>
      <ei-ms-id>384</ei-ms-id>
      <id>42836</id>
      <intensity>58.0</intensity>
      <mass-charge>126.0</mass-charge>
    </ei-ms-peak>
    <ei-ms-peak>
      <ei-ms-id>384</ei-ms-id>
      <id>42837</id>
      <intensity>26.0</intensity>
      <mass-charge>127.0</mass-charge>
    </ei-ms-peak>
    <ei-ms-peak>
      <ei-ms-id>384</ei-ms-id>
      <id>42838</id>
      <intensity>38.0</intensity>
      <mass-charge>130.0</mass-charge>
    </ei-ms-peak>
    <ei-ms-peak>
      <ei-ms-id>384</ei-ms-id>
      <id>42839</id>
      <intensity>38.0</intensity>
      <mass-charge>148.0</mass-charge>
    </ei-ms-peak>
    <ei-ms-peak>
      <ei-ms-id>384</ei-ms-id>
      <id>42840</id>
      <intensity>145.0</intensity>
      <mass-charge>149.0</mass-charge>
    </ei-ms-peak>
  </ei-ms-peaks>
</ei-ms>
