<?xml version="1.0" encoding="UTF-8"?>
<ei-ms>
  <collection-date nil="true"/>
  <created-at>2014-09-20T16:18:27Z</created-at>
  <database-id>HMDB31630</database-id>
  <id>53</id>
  <inchi-key>ATUOYWHBWRKTHZ-UHFFFAOYSA-N</inchi-key>
  <instrument-type nil="true"/>
  <molecule-id nil="true"/>
  <notes nil="true"/>
  <peak-counter>25</peak-counter>
  <sample-assessment nil="true"/>
  <sample-concentration nil="true"/>
  <sample-concentration-units nil="true"/>
  <sample-mass nil="true"/>
  <sample-mass-units nil="true"/>
  <sample-source nil="true"/>
  <solvent nil="true"/>
  <spectra-assessment nil="true"/>
  <updated-at>2014-09-20T16:18:27Z</updated-at>
  <references>
    <reference>
      <database>NIST</database>
      <database-id>74-98-6</database-id>
      <id>14925</id>
      <pubmed-id nil="true"/>
      <ref-text>NIST Mass Spec Data Center, S.E. Stein, director, "Mass Spectra" in NIST Chemistry WebBook, NIST Standard Reference Database Number 69, Eds. P.J. Linstrom and W.G. Mallard, National Institute of Standards and Technology, Gaithersburg MD, 20899, http://webbook.nist.gov, (retrieved September 6, 2014).</ref-text>
      <spectra-id>53</spectra-id>
      <spectra-type>EiMs</spectra-type>
    </reference>
  </references>
  <ei-ms-peaks>
    <ei-ms-peak>
      <ei-ms-id>53</ei-ms-id>
      <id>5344</id>
      <intensity>30.0</intensity>
      <mass-charge>12.0</mass-charge>
    </ei-ms-peak>
    <ei-ms-peak>
      <ei-ms-id>53</ei-ms-id>
      <id>5345</id>
      <intensity>60.0</intensity>
      <mass-charge>13.0</mass-charge>
    </ei-ms-peak>
    <ei-ms-peak>
      <ei-ms-id>53</ei-ms-id>
      <id>5346</id>
      <intensity>220.0</intensity>
      <mass-charge>14.0</mass-charge>
    </ei-ms-peak>
    <ei-ms-peak>
      <ei-ms-id>53</ei-ms-id>
      <id>5347</id>
      <intensity>721.0</intensity>
      <mass-charge>15.0</mass-charge>
    </ei-ms-peak>
    <ei-ms-peak>
      <ei-ms-id>53</ei-ms-id>
      <id>5348</id>
      <intensity>40.0</intensity>
      <mass-charge>16.0</mass-charge>
    </ei-ms-peak>
    <ei-ms-peak>
      <ei-ms-id>53</ei-ms-id>
      <id>5349</id>
      <intensity>70.0</intensity>
      <mass-charge>19.0</mass-charge>
    </ei-ms-peak>
    <ei-ms-peak>
      <ei-ms-id>53</ei-ms-id>
      <id>5350</id>
      <intensity>80.0</intensity>
      <mass-charge>20.0</mass-charge>
    </ei-ms-peak>
    <ei-ms-peak>
      <ei-ms-id>53</ei-ms-id>
      <id>5351</id>
      <intensity>10.0</intensity>
      <mass-charge>21.0</mass-charge>
    </ei-ms-peak>
    <ei-ms-peak>
      <ei-ms-id>53</ei-ms-id>
      <id>5352</id>
      <intensity>10.0</intensity>
      <mass-charge>24.0</mass-charge>
    </ei-ms-peak>
    <ei-ms-peak>
      <ei-ms-id>53</ei-ms-id>
      <id>5353</id>
      <intensity>50.0</intensity>
      <mass-charge>25.0</mass-charge>
    </ei-ms-peak>
    <ei-ms-peak>
      <ei-ms-id>53</ei-ms-id>
      <id>5354</id>
      <intensity>911.0</intensity>
      <mass-charge>26.0</mass-charge>
    </ei-ms-peak>
    <ei-ms-peak>
      <ei-ms-id>53</ei-ms-id>
      <id>5355</id>
      <intensity>4194.0</intensity>
      <mass-charge>27.0</mass-charge>
    </ei-ms-peak>
    <ei-ms-peak>
      <ei-ms-id>53</ei-ms-id>
      <id>5356</id>
      <intensity>5875.0</intensity>
      <mass-charge>28.0</mass-charge>
    </ei-ms-peak>
    <ei-ms-peak>
      <ei-ms-id>53</ei-ms-id>
      <id>5357</id>
      <intensity>9999.0</intensity>
      <mass-charge>29.0</mass-charge>
    </ei-ms-peak>
    <ei-ms-peak>
      <ei-ms-id>53</ei-ms-id>
      <id>5358</id>
      <intensity>220.0</intensity>
      <mass-charge>30.0</mass-charge>
    </ei-ms-peak>
    <ei-ms-peak>
      <ei-ms-id>53</ei-ms-id>
      <id>5359</id>
      <intensity>30.0</intensity>
      <mass-charge>36.0</mass-charge>
    </ei-ms-peak>
    <ei-ms-peak>
      <ei-ms-id>53</ei-ms-id>
      <id>5360</id>
      <intensity>300.0</intensity>
      <mass-charge>37.0</mass-charge>
    </ei-ms-peak>
    <ei-ms-peak>
      <ei-ms-id>53</ei-ms-id>
      <id>5361</id>
      <intensity>530.0</intensity>
      <mass-charge>38.0</mass-charge>
    </ei-ms-peak>
    <ei-ms-peak>
      <ei-ms-id>53</ei-ms-id>
      <id>5362</id>
      <intensity>1892.0</intensity>
      <mass-charge>39.0</mass-charge>
    </ei-ms-peak>
    <ei-ms-peak>
      <ei-ms-id>53</ei-ms-id>
      <id>5363</id>
      <intensity>280.0</intensity>
      <mass-charge>40.0</mass-charge>
    </ei-ms-peak>
    <ei-ms-peak>
      <ei-ms-id>53</ei-ms-id>
      <id>5364</id>
      <intensity>1341.0</intensity>
      <mass-charge>41.0</mass-charge>
    </ei-ms-peak>
    <ei-ms-peak>
      <ei-ms-id>53</ei-ms-id>
      <id>5365</id>
      <intensity>601.0</intensity>
      <mass-charge>42.0</mass-charge>
    </ei-ms-peak>
    <ei-ms-peak>
      <ei-ms-id>53</ei-ms-id>
      <id>5366</id>
      <intensity>2312.0</intensity>
      <mass-charge>43.0</mass-charge>
    </ei-ms-peak>
    <ei-ms-peak>
      <ei-ms-id>53</ei-ms-id>
      <id>5367</id>
      <intensity>2742.0</intensity>
      <mass-charge>44.0</mass-charge>
    </ei-ms-peak>
    <ei-ms-peak>
      <ei-ms-id>53</ei-ms-id>
      <id>5368</id>
      <intensity>90.0</intensity>
      <mass-charge>45.0</mass-charge>
    </ei-ms-peak>
  </ei-ms-peaks>
</ei-ms>
