<?xml version="1.0" encoding="UTF-8"?>
<ei-ms>
  <collection-date nil="true"/>
  <created-at>2014-09-20T16:40:59Z</created-at>
  <database-id>HMDB31413</database-id>
  <id>978</id>
  <inchi-key>RPNUMPOLZDHAAY-UHFFFAOYSA-N</inchi-key>
  <instrument-type nil="true"/>
  <molecule-id nil="true"/>
  <notes nil="true"/>
  <peak-counter>34</peak-counter>
  <sample-assessment nil="true"/>
  <sample-concentration nil="true"/>
  <sample-concentration-units nil="true"/>
  <sample-mass nil="true"/>
  <sample-mass-units nil="true"/>
  <sample-source nil="true"/>
  <solvent nil="true"/>
  <spectra-assessment nil="true"/>
  <updated-at>2014-09-20T16:40:59Z</updated-at>
  <references>
    <reference>
      <database>NIST</database>
      <database-id>111-40-0</database-id>
      <id>15850</id>
      <pubmed-id nil="true"/>
      <ref-text>NIST Mass Spec Data Center, S.E. Stein, director, "Mass Spectra" in NIST Chemistry WebBook, NIST Standard Reference Database Number 69, Eds. P.J. Linstrom and W.G. Mallard, National Institute of Standards and Technology, Gaithersburg MD, 20899, http://webbook.nist.gov, (retrieved September 6, 2014).</ref-text>
      <spectra-id>978</spectra-id>
      <spectra-type>EiMs</spectra-type>
    </reference>
  </references>
  <ei-ms-peaks>
    <ei-ms-peak>
      <ei-ms-id>978</ei-ms-id>
      <id>105833</id>
      <intensity>60.0</intensity>
      <mass-charge>15.0</mass-charge>
    </ei-ms-peak>
    <ei-ms-peak>
      <ei-ms-id>978</ei-ms-id>
      <id>105834</id>
      <intensity>20.0</intensity>
      <mass-charge>17.0</mass-charge>
    </ei-ms-peak>
    <ei-ms-peak>
      <ei-ms-id>978</ei-ms-id>
      <id>105835</id>
      <intensity>330.0</intensity>
      <mass-charge>18.0</mass-charge>
    </ei-ms-peak>
    <ei-ms-peak>
      <ei-ms-id>978</ei-ms-id>
      <id>105836</id>
      <intensity>20.0</intensity>
      <mass-charge>26.0</mass-charge>
    </ei-ms-peak>
    <ei-ms-peak>
      <ei-ms-id>978</ei-ms-id>
      <id>105837</id>
      <intensity>190.0</intensity>
      <mass-charge>27.0</mass-charge>
    </ei-ms-peak>
    <ei-ms-peak>
      <ei-ms-id>978</ei-ms-id>
      <id>105838</id>
      <intensity>761.0</intensity>
      <mass-charge>28.0</mass-charge>
    </ei-ms-peak>
    <ei-ms-peak>
      <ei-ms-id>978</ei-ms-id>
      <id>105839</id>
      <intensity>200.0</intensity>
      <mass-charge>29.0</mass-charge>
    </ei-ms-peak>
    <ei-ms-peak>
      <ei-ms-id>978</ei-ms-id>
      <id>105840</id>
      <intensity>2022.0</intensity>
      <mass-charge>30.0</mass-charge>
    </ei-ms-peak>
    <ei-ms-peak>
      <ei-ms-id>978</ei-ms-id>
      <id>105841</id>
      <intensity>40.0</intensity>
      <mass-charge>31.0</mass-charge>
    </ei-ms-peak>
    <ei-ms-peak>
      <ei-ms-id>978</ei-ms-id>
      <id>105842</id>
      <intensity>10.0</intensity>
      <mass-charge>32.0</mass-charge>
    </ei-ms-peak>
    <ei-ms-peak>
      <ei-ms-id>978</ei-ms-id>
      <id>105843</id>
      <intensity>20.0</intensity>
      <mass-charge>39.0</mass-charge>
    </ei-ms-peak>
    <ei-ms-peak>
      <ei-ms-id>978</ei-ms-id>
      <id>105844</id>
      <intensity>80.0</intensity>
      <mass-charge>40.0</mass-charge>
    </ei-ms-peak>
    <ei-ms-peak>
      <ei-ms-id>978</ei-ms-id>
      <id>105845</id>
      <intensity>280.0</intensity>
      <mass-charge>41.0</mass-charge>
    </ei-ms-peak>
    <ei-ms-peak>
      <ei-ms-id>978</ei-ms-id>
      <id>105846</id>
      <intensity>1211.0</intensity>
      <mass-charge>42.0</mass-charge>
    </ei-ms-peak>
    <ei-ms-peak>
      <ei-ms-id>978</ei-ms-id>
      <id>105847</id>
      <intensity>831.0</intensity>
      <mass-charge>43.0</mass-charge>
    </ei-ms-peak>
    <ei-ms-peak>
      <ei-ms-id>978</ei-ms-id>
      <id>105848</id>
      <intensity>9999.0</intensity>
      <mass-charge>44.0</mass-charge>
    </ei-ms-peak>
    <ei-ms-peak>
      <ei-ms-id>978</ei-ms-id>
      <id>105849</id>
      <intensity>350.0</intensity>
      <mass-charge>45.0</mass-charge>
    </ei-ms-peak>
    <ei-ms-peak>
      <ei-ms-id>978</ei-ms-id>
      <id>105850</id>
      <intensity>10.0</intensity>
      <mass-charge>52.0</mass-charge>
    </ei-ms-peak>
    <ei-ms-peak>
      <ei-ms-id>978</ei-ms-id>
      <id>105851</id>
      <intensity>110.0</intensity>
      <mass-charge>54.0</mass-charge>
    </ei-ms-peak>
    <ei-ms-peak>
      <ei-ms-id>978</ei-ms-id>
      <id>105852</id>
      <intensity>110.0</intensity>
      <mass-charge>55.0</mass-charge>
    </ei-ms-peak>
    <ei-ms-peak>
      <ei-ms-id>978</ei-ms-id>
      <id>105853</id>
      <intensity>1071.0</intensity>
      <mass-charge>56.0</mass-charge>
    </ei-ms-peak>
    <ei-ms-peak>
      <ei-ms-id>978</ei-ms-id>
      <id>105854</id>
      <intensity>190.0</intensity>
      <mass-charge>57.0</mass-charge>
    </ei-ms-peak>
    <ei-ms-peak>
      <ei-ms-id>978</ei-ms-id>
      <id>105855</id>
      <intensity>80.0</intensity>
      <mass-charge>58.0</mass-charge>
    </ei-ms-peak>
    <ei-ms-peak>
      <ei-ms-id>978</ei-ms-id>
      <id>105856</id>
      <intensity>90.0</intensity>
      <mass-charge>59.0</mass-charge>
    </ei-ms-peak>
    <ei-ms-peak>
      <ei-ms-id>978</ei-ms-id>
      <id>105857</id>
      <intensity>60.0</intensity>
      <mass-charge>61.0</mass-charge>
    </ei-ms-peak>
    <ei-ms-peak>
      <ei-ms-id>978</ei-ms-id>
      <id>105858</id>
      <intensity>30.0</intensity>
      <mass-charge>68.0</mass-charge>
    </ei-ms-peak>
    <ei-ms-peak>
      <ei-ms-id>978</ei-ms-id>
      <id>105859</id>
      <intensity>50.0</intensity>
      <mass-charge>69.0</mass-charge>
    </ei-ms-peak>
    <ei-ms-peak>
      <ei-ms-id>978</ei-ms-id>
      <id>105860</id>
      <intensity>60.0</intensity>
      <mass-charge>71.0</mass-charge>
    </ei-ms-peak>
    <ei-ms-peak>
      <ei-ms-id>978</ei-ms-id>
      <id>105861</id>
      <intensity>6386.0</intensity>
      <mass-charge>73.0</mass-charge>
    </ei-ms-peak>
    <ei-ms-peak>
      <ei-ms-id>978</ei-ms-id>
      <id>105862</id>
      <intensity>380.0</intensity>
      <mass-charge>74.0</mass-charge>
    </ei-ms-peak>
    <ei-ms-peak>
      <ei-ms-id>978</ei-ms-id>
      <id>105863</id>
      <intensity>30.0</intensity>
      <mass-charge>85.0</mass-charge>
    </ei-ms-peak>
    <ei-ms-peak>
      <ei-ms-id>978</ei-ms-id>
      <id>105864</id>
      <intensity>390.0</intensity>
      <mass-charge>86.0</mass-charge>
    </ei-ms-peak>
    <ei-ms-peak>
      <ei-ms-id>978</ei-ms-id>
      <id>105865</id>
      <intensity>30.0</intensity>
      <mass-charge>87.0</mass-charge>
    </ei-ms-peak>
    <ei-ms-peak>
      <ei-ms-id>978</ei-ms-id>
      <id>105866</id>
      <intensity>30.0</intensity>
      <mass-charge>103.0</mass-charge>
    </ei-ms-peak>
  </ei-ms-peaks>
</ei-ms>
