<?xml version="1.0" encoding="UTF-8"?>
<ei-ms>
  <collection-date nil="true"/>
  <created-at>2014-09-20T16:23:25Z</created-at>
  <database-id>HMDB15316</database-id>
  <id>245</id>
  <inchi-key>YLRFCQOZQXIBAB-RBZZARIASA-N</inchi-key>
  <instrument-type nil="true"/>
  <molecule-id nil="true"/>
  <notes nil="true"/>
  <peak-counter>251</peak-counter>
  <sample-assessment nil="true"/>
  <sample-concentration nil="true"/>
  <sample-concentration-units nil="true"/>
  <sample-mass nil="true"/>
  <sample-mass-units nil="true"/>
  <sample-source nil="true"/>
  <solvent nil="true"/>
  <spectra-assessment nil="true"/>
  <updated-at>2014-09-20T16:23:25Z</updated-at>
  <references>
    <reference>
      <database>NIST</database>
      <database-id>76-43-7</database-id>
      <id>15117</id>
      <pubmed-id nil="true"/>
      <ref-text>NIST Mass Spec Data Center, S.E. Stein, director, "Mass Spectra" in NIST Chemistry WebBook, NIST Standard Reference Database Number 69, Eds. P.J. Linstrom and W.G. Mallard, National Institute of Standards and Technology, Gaithersburg MD, 20899, http://webbook.nist.gov, (retrieved September 6, 2014).</ref-text>
      <spectra-id>245</spectra-id>
      <spectra-type>EiMs</spectra-type>
    </reference>
  </references>
  <ei-ms-peaks>
    <ei-ms-peak>
      <ei-ms-id>245</ei-ms-id>
      <id>28109</id>
      <intensity>3343.0</intensity>
      <mass-charge>41.0</mass-charge>
    </ei-ms-peak>
    <ei-ms-peak>
      <ei-ms-id>245</ei-ms-id>
      <id>28110</id>
      <intensity>240.0</intensity>
      <mass-charge>42.0</mass-charge>
    </ei-ms-peak>
    <ei-ms-peak>
      <ei-ms-id>245</ei-ms-id>
      <id>28111</id>
      <intensity>9999.0</intensity>
      <mass-charge>43.0</mass-charge>
    </ei-ms-peak>
    <ei-ms-peak>
      <ei-ms-id>245</ei-ms-id>
      <id>28112</id>
      <intensity>400.0</intensity>
      <mass-charge>44.0</mass-charge>
    </ei-ms-peak>
    <ei-ms-peak>
      <ei-ms-id>245</ei-ms-id>
      <id>28113</id>
      <intensity>330.0</intensity>
      <mass-charge>45.0</mass-charge>
    </ei-ms-peak>
    <ei-ms-peak>
      <ei-ms-id>245</ei-ms-id>
      <id>28114</id>
      <intensity>240.0</intensity>
      <mass-charge>47.0</mass-charge>
    </ei-ms-peak>
    <ei-ms-peak>
      <ei-ms-id>245</ei-ms-id>
      <id>28115</id>
      <intensity>220.0</intensity>
      <mass-charge>51.0</mass-charge>
    </ei-ms-peak>
    <ei-ms-peak>
      <ei-ms-id>245</ei-ms-id>
      <id>28116</id>
      <intensity>180.0</intensity>
      <mass-charge>52.0</mass-charge>
    </ei-ms-peak>
    <ei-ms-peak>
      <ei-ms-id>245</ei-ms-id>
      <id>28117</id>
      <intensity>1191.0</intensity>
      <mass-charge>53.0</mass-charge>
    </ei-ms-peak>
    <ei-ms-peak>
      <ei-ms-id>245</ei-ms-id>
      <id>28118</id>
      <intensity>200.0</intensity>
      <mass-charge>54.0</mass-charge>
    </ei-ms-peak>
    <ei-ms-peak>
      <ei-ms-id>245</ei-ms-id>
      <id>28119</id>
      <intensity>2512.0</intensity>
      <mass-charge>55.0</mass-charge>
    </ei-ms-peak>
    <ei-ms-peak>
      <ei-ms-id>245</ei-ms-id>
      <id>28120</id>
      <intensity>190.0</intensity>
      <mass-charge>56.0</mass-charge>
    </ei-ms-peak>
    <ei-ms-peak>
      <ei-ms-id>245</ei-ms-id>
      <id>28121</id>
      <intensity>960.0</intensity>
      <mass-charge>57.0</mass-charge>
    </ei-ms-peak>
    <ei-ms-peak>
      <ei-ms-id>245</ei-ms-id>
      <id>28122</id>
      <intensity>800.0</intensity>
      <mass-charge>58.0</mass-charge>
    </ei-ms-peak>
    <ei-ms-peak>
      <ei-ms-id>245</ei-ms-id>
      <id>28123</id>
      <intensity>570.0</intensity>
      <mass-charge>59.0</mass-charge>
    </ei-ms-peak>
    <ei-ms-peak>
      <ei-ms-id>245</ei-ms-id>
      <id>28124</id>
      <intensity>90.0</intensity>
      <mass-charge>60.0</mass-charge>
    </ei-ms-peak>
    <ei-ms-peak>
      <ei-ms-id>245</ei-ms-id>
      <id>28125</id>
      <intensity>150.0</intensity>
      <mass-charge>63.0</mass-charge>
    </ei-ms-peak>
    <ei-ms-peak>
      <ei-ms-id>245</ei-ms-id>
      <id>28126</id>
      <intensity>510.0</intensity>
      <mass-charge>65.0</mass-charge>
    </ei-ms-peak>
    <ei-ms-peak>
      <ei-ms-id>245</ei-ms-id>
      <id>28127</id>
      <intensity>240.0</intensity>
      <mass-charge>66.0</mass-charge>
    </ei-ms-peak>
    <ei-ms-peak>
      <ei-ms-id>245</ei-ms-id>
      <id>28128</id>
      <intensity>1441.0</intensity>
      <mass-charge>67.0</mass-charge>
    </ei-ms-peak>
    <ei-ms-peak>
      <ei-ms-id>245</ei-ms-id>
      <id>28129</id>
      <intensity>300.0</intensity>
      <mass-charge>68.0</mass-charge>
    </ei-ms-peak>
    <ei-ms-peak>
      <ei-ms-id>245</ei-ms-id>
      <id>28130</id>
      <intensity>730.0</intensity>
      <mass-charge>69.0</mass-charge>
    </ei-ms-peak>
    <ei-ms-peak>
      <ei-ms-id>245</ei-ms-id>
      <id>28131</id>
      <intensity>130.0</intensity>
      <mass-charge>70.0</mass-charge>
    </ei-ms-peak>
    <ei-ms-peak>
      <ei-ms-id>245</ei-ms-id>
      <id>28132</id>
      <intensity>4153.0</intensity>
      <mass-charge>71.0</mass-charge>
    </ei-ms-peak>
    <ei-ms-peak>
      <ei-ms-id>245</ei-ms-id>
      <id>28133</id>
      <intensity>690.0</intensity>
      <mass-charge>72.0</mass-charge>
    </ei-ms-peak>
    <ei-ms-peak>
      <ei-ms-id>245</ei-ms-id>
      <id>28134</id>
      <intensity>280.0</intensity>
      <mass-charge>73.0</mass-charge>
    </ei-ms-peak>
    <ei-ms-peak>
      <ei-ms-id>245</ei-ms-id>
      <id>28135</id>
      <intensity>110.0</intensity>
      <mass-charge>75.0</mass-charge>
    </ei-ms-peak>
    <ei-ms-peak>
      <ei-ms-id>245</ei-ms-id>
      <id>28136</id>
      <intensity>1631.0</intensity>
      <mass-charge>77.0</mass-charge>
    </ei-ms-peak>
    <ei-ms-peak>
      <ei-ms-id>245</ei-ms-id>
      <id>28137</id>
      <intensity>290.0</intensity>
      <mass-charge>78.0</mass-charge>
    </ei-ms-peak>
    <ei-ms-peak>
      <ei-ms-id>245</ei-ms-id>
      <id>28138</id>
      <intensity>2222.0</intensity>
      <mass-charge>79.0</mass-charge>
    </ei-ms-peak>
    <ei-ms-peak>
      <ei-ms-id>245</ei-ms-id>
      <id>28139</id>
      <intensity>380.0</intensity>
      <mass-charge>80.0</mass-charge>
    </ei-ms-peak>
    <ei-ms-peak>
      <ei-ms-id>245</ei-ms-id>
      <id>28140</id>
      <intensity>820.0</intensity>
      <mass-charge>81.0</mass-charge>
    </ei-ms-peak>
    <ei-ms-peak>
      <ei-ms-id>245</ei-ms-id>
      <id>28141</id>
      <intensity>240.0</intensity>
      <mass-charge>82.0</mass-charge>
    </ei-ms-peak>
    <ei-ms-peak>
      <ei-ms-id>245</ei-ms-id>
      <id>28142</id>
      <intensity>640.0</intensity>
      <mass-charge>83.0</mass-charge>
    </ei-ms-peak>
    <ei-ms-peak>
      <ei-ms-id>245</ei-ms-id>
      <id>28143</id>
      <intensity>150.0</intensity>
      <mass-charge>84.0</mass-charge>
    </ei-ms-peak>
    <ei-ms-peak>
      <ei-ms-id>245</ei-ms-id>
      <id>28144</id>
      <intensity>480.0</intensity>
      <mass-charge>85.0</mass-charge>
    </ei-ms-peak>
    <ei-ms-peak>
      <ei-ms-id>245</ei-ms-id>
      <id>28145</id>
      <intensity>50.0</intensity>
      <mass-charge>86.0</mass-charge>
    </ei-ms-peak>
    <ei-ms-peak>
      <ei-ms-id>245</ei-ms-id>
      <id>28146</id>
      <intensity>150.0</intensity>
      <mass-charge>87.0</mass-charge>
    </ei-ms-peak>
    <ei-ms-peak>
      <ei-ms-id>245</ei-ms-id>
      <id>28147</id>
      <intensity>170.0</intensity>
      <mass-charge>88.0</mass-charge>
    </ei-ms-peak>
    <ei-ms-peak>
      <ei-ms-id>245</ei-ms-id>
      <id>28148</id>
      <intensity>110.0</intensity>
      <mass-charge>89.0</mass-charge>
    </ei-ms-peak>
    <ei-ms-peak>
      <ei-ms-id>245</ei-ms-id>
      <id>28149</id>
      <intensity>2121.0</intensity>
      <mass-charge>91.0</mass-charge>
    </ei-ms-peak>
    <ei-ms-peak>
      <ei-ms-id>245</ei-ms-id>
      <id>28150</id>
      <intensity>420.0</intensity>
      <mass-charge>92.0</mass-charge>
    </ei-ms-peak>
    <ei-ms-peak>
      <ei-ms-id>245</ei-ms-id>
      <id>28151</id>
      <intensity>1201.0</intensity>
      <mass-charge>93.0</mass-charge>
    </ei-ms-peak>
    <ei-ms-peak>
      <ei-ms-id>245</ei-ms-id>
      <id>28152</id>
      <intensity>440.0</intensity>
      <mass-charge>94.0</mass-charge>
    </ei-ms-peak>
    <ei-ms-peak>
      <ei-ms-id>245</ei-ms-id>
      <id>28153</id>
      <intensity>1551.0</intensity>
      <mass-charge>95.0</mass-charge>
    </ei-ms-peak>
    <ei-ms-peak>
      <ei-ms-id>245</ei-ms-id>
      <id>28154</id>
      <intensity>480.0</intensity>
      <mass-charge>96.0</mass-charge>
    </ei-ms-peak>
    <ei-ms-peak>
      <ei-ms-id>245</ei-ms-id>
      <id>28155</id>
      <intensity>810.0</intensity>
      <mass-charge>97.0</mass-charge>
    </ei-ms-peak>
    <ei-ms-peak>
      <ei-ms-id>245</ei-ms-id>
      <id>28156</id>
      <intensity>150.0</intensity>
      <mass-charge>98.0</mass-charge>
    </ei-ms-peak>
    <ei-ms-peak>
      <ei-ms-id>245</ei-ms-id>
      <id>28157</id>
      <intensity>320.0</intensity>
      <mass-charge>99.0</mass-charge>
    </ei-ms-peak>
    <ei-ms-peak>
      <ei-ms-id>245</ei-ms-id>
      <id>28158</id>
      <intensity>140.0</intensity>
      <mass-charge>100.0</mass-charge>
    </ei-ms-peak>
    <ei-ms-peak>
      <ei-ms-id>245</ei-ms-id>
      <id>28159</id>
      <intensity>210.0</intensity>
      <mass-charge>101.0</mass-charge>
    </ei-ms-peak>
    <ei-ms-peak>
      <ei-ms-id>245</ei-ms-id>
      <id>28160</id>
      <intensity>110.0</intensity>
      <mass-charge>102.0</mass-charge>
    </ei-ms-peak>
    <ei-ms-peak>
      <ei-ms-id>245</ei-ms-id>
      <id>28161</id>
      <intensity>470.0</intensity>
      <mass-charge>103.0</mass-charge>
    </ei-ms-peak>
    <ei-ms-peak>
      <ei-ms-id>245</ei-ms-id>
      <id>28162</id>
      <intensity>180.0</intensity>
      <mass-charge>104.0</mass-charge>
    </ei-ms-peak>
    <ei-ms-peak>
      <ei-ms-id>245</ei-ms-id>
      <id>28163</id>
      <intensity>1651.0</intensity>
      <mass-charge>105.0</mass-charge>
    </ei-ms-peak>
    <ei-ms-peak>
      <ei-ms-id>245</ei-ms-id>
      <id>28164</id>
      <intensity>560.0</intensity>
      <mass-charge>106.0</mass-charge>
    </ei-ms-peak>
    <ei-ms-peak>
      <ei-ms-id>245</ei-ms-id>
      <id>28165</id>
      <intensity>1961.0</intensity>
      <mass-charge>107.0</mass-charge>
    </ei-ms-peak>
    <ei-ms-peak>
      <ei-ms-id>245</ei-ms-id>
      <id>28166</id>
      <intensity>780.0</intensity>
      <mass-charge>108.0</mass-charge>
    </ei-ms-peak>
    <ei-ms-peak>
      <ei-ms-id>245</ei-ms-id>
      <id>28167</id>
      <intensity>2602.0</intensity>
      <mass-charge>109.0</mass-charge>
    </ei-ms-peak>
    <ei-ms-peak>
      <ei-ms-id>245</ei-ms-id>
      <id>28168</id>
      <intensity>580.0</intensity>
      <mass-charge>110.0</mass-charge>
    </ei-ms-peak>
    <ei-ms-peak>
      <ei-ms-id>245</ei-ms-id>
      <id>28169</id>
      <intensity>920.0</intensity>
      <mass-charge>111.0</mass-charge>
    </ei-ms-peak>
    <ei-ms-peak>
      <ei-ms-id>245</ei-ms-id>
      <id>28170</id>
      <intensity>400.0</intensity>
      <mass-charge>112.0</mass-charge>
    </ei-ms-peak>
    <ei-ms-peak>
      <ei-ms-id>245</ei-ms-id>
      <id>28171</id>
      <intensity>360.0</intensity>
      <mass-charge>113.0</mass-charge>
    </ei-ms-peak>
    <ei-ms-peak>
      <ei-ms-id>245</ei-ms-id>
      <id>28172</id>
      <intensity>70.0</intensity>
      <mass-charge>114.0</mass-charge>
    </ei-ms-peak>
    <ei-ms-peak>
      <ei-ms-id>245</ei-ms-id>
      <id>28173</id>
      <intensity>770.0</intensity>
      <mass-charge>115.0</mass-charge>
    </ei-ms-peak>
    <ei-ms-peak>
      <ei-ms-id>245</ei-ms-id>
      <id>28174</id>
      <intensity>320.0</intensity>
      <mass-charge>116.0</mass-charge>
    </ei-ms-peak>
    <ei-ms-peak>
      <ei-ms-id>245</ei-ms-id>
      <id>28175</id>
      <intensity>600.0</intensity>
      <mass-charge>117.0</mass-charge>
    </ei-ms-peak>
    <ei-ms-peak>
      <ei-ms-id>245</ei-ms-id>
      <id>28176</id>
      <intensity>240.0</intensity>
      <mass-charge>118.0</mass-charge>
    </ei-ms-peak>
    <ei-ms-peak>
      <ei-ms-id>245</ei-ms-id>
      <id>28177</id>
      <intensity>1171.0</intensity>
      <mass-charge>119.0</mass-charge>
    </ei-ms-peak>
    <ei-ms-peak>
      <ei-ms-id>245</ei-ms-id>
      <id>28178</id>
      <intensity>540.0</intensity>
      <mass-charge>120.0</mass-charge>
    </ei-ms-peak>
    <ei-ms-peak>
      <ei-ms-id>245</ei-ms-id>
      <id>28179</id>
      <intensity>1941.0</intensity>
      <mass-charge>121.0</mass-charge>
    </ei-ms-peak>
    <ei-ms-peak>
      <ei-ms-id>245</ei-ms-id>
      <id>28180</id>
      <intensity>1841.0</intensity>
      <mass-charge>122.0</mass-charge>
    </ei-ms-peak>
    <ei-ms-peak>
      <ei-ms-id>245</ei-ms-id>
      <id>28181</id>
      <intensity>3373.0</intensity>
      <mass-charge>123.0</mass-charge>
    </ei-ms-peak>
    <ei-ms-peak>
      <ei-ms-id>245</ei-ms-id>
      <id>28182</id>
      <intensity>2472.0</intensity>
      <mass-charge>124.0</mass-charge>
    </ei-ms-peak>
    <ei-ms-peak>
      <ei-ms-id>245</ei-ms-id>
      <id>28183</id>
      <intensity>1010.0</intensity>
      <mass-charge>125.0</mass-charge>
    </ei-ms-peak>
    <ei-ms-peak>
      <ei-ms-id>245</ei-ms-id>
      <id>28184</id>
      <intensity>230.0</intensity>
      <mass-charge>126.0</mass-charge>
    </ei-ms-peak>
    <ei-ms-peak>
      <ei-ms-id>245</ei-ms-id>
      <id>28185</id>
      <intensity>400.0</intensity>
      <mass-charge>127.0</mass-charge>
    </ei-ms-peak>
    <ei-ms-peak>
      <ei-ms-id>245</ei-ms-id>
      <id>28186</id>
      <intensity>660.0</intensity>
      <mass-charge>128.0</mass-charge>
    </ei-ms-peak>
    <ei-ms-peak>
      <ei-ms-id>245</ei-ms-id>
      <id>28187</id>
      <intensity>760.0</intensity>
      <mass-charge>129.0</mass-charge>
    </ei-ms-peak>
    <ei-ms-peak>
      <ei-ms-id>245</ei-ms-id>
      <id>28188</id>
      <intensity>300.0</intensity>
      <mass-charge>130.0</mass-charge>
    </ei-ms-peak>
    <ei-ms-peak>
      <ei-ms-id>245</ei-ms-id>
      <id>28189</id>
      <intensity>1301.0</intensity>
      <mass-charge>131.0</mass-charge>
    </ei-ms-peak>
    <ei-ms-peak>
      <ei-ms-id>245</ei-ms-id>
      <id>28190</id>
      <intensity>390.0</intensity>
      <mass-charge>132.0</mass-charge>
    </ei-ms-peak>
    <ei-ms-peak>
      <ei-ms-id>245</ei-ms-id>
      <id>28191</id>
      <intensity>1381.0</intensity>
      <mass-charge>133.0</mass-charge>
    </ei-ms-peak>
    <ei-ms-peak>
      <ei-ms-id>245</ei-ms-id>
      <id>28192</id>
      <intensity>700.0</intensity>
      <mass-charge>134.0</mass-charge>
    </ei-ms-peak>
    <ei-ms-peak>
      <ei-ms-id>245</ei-ms-id>
      <id>28193</id>
      <intensity>1461.0</intensity>
      <mass-charge>135.0</mass-charge>
    </ei-ms-peak>
    <ei-ms-peak>
      <ei-ms-id>245</ei-ms-id>
      <id>28194</id>
      <intensity>820.0</intensity>
      <mass-charge>136.0</mass-charge>
    </ei-ms-peak>
    <ei-ms-peak>
      <ei-ms-id>245</ei-ms-id>
      <id>28195</id>
      <intensity>2212.0</intensity>
      <mass-charge>137.0</mass-charge>
    </ei-ms-peak>
    <ei-ms-peak>
      <ei-ms-id>245</ei-ms-id>
      <id>28196</id>
      <intensity>700.0</intensity>
      <mass-charge>138.0</mass-charge>
    </ei-ms-peak>
    <ei-ms-peak>
      <ei-ms-id>245</ei-ms-id>
      <id>28197</id>
      <intensity>560.0</intensity>
      <mass-charge>139.0</mass-charge>
    </ei-ms-peak>
    <ei-ms-peak>
      <ei-ms-id>245</ei-ms-id>
      <id>28198</id>
      <intensity>130.0</intensity>
      <mass-charge>140.0</mass-charge>
    </ei-ms-peak>
    <ei-ms-peak>
      <ei-ms-id>245</ei-ms-id>
      <id>28199</id>
      <intensity>550.0</intensity>
      <mass-charge>141.0</mass-charge>
    </ei-ms-peak>
    <ei-ms-peak>
      <ei-ms-id>245</ei-ms-id>
      <id>28200</id>
      <intensity>430.0</intensity>
      <mass-charge>142.0</mass-charge>
    </ei-ms-peak>
    <ei-ms-peak>
      <ei-ms-id>245</ei-ms-id>
      <id>28201</id>
      <intensity>990.0</intensity>
      <mass-charge>143.0</mass-charge>
    </ei-ms-peak>
    <ei-ms-peak>
      <ei-ms-id>245</ei-ms-id>
      <id>28202</id>
      <intensity>550.0</intensity>
      <mass-charge>144.0</mass-charge>
    </ei-ms-peak>
    <ei-ms-peak>
      <ei-ms-id>245</ei-ms-id>
      <id>28203</id>
      <intensity>970.0</intensity>
      <mass-charge>145.0</mass-charge>
    </ei-ms-peak>
    <ei-ms-peak>
      <ei-ms-id>245</ei-ms-id>
      <id>28204</id>
      <intensity>570.0</intensity>
      <mass-charge>146.0</mass-charge>
    </ei-ms-peak>
    <ei-ms-peak>
      <ei-ms-id>245</ei-ms-id>
      <id>28205</id>
      <intensity>1361.0</intensity>
      <mass-charge>147.0</mass-charge>
    </ei-ms-peak>
    <ei-ms-peak>
      <ei-ms-id>245</ei-ms-id>
      <id>28206</id>
      <intensity>1251.0</intensity>
      <mass-charge>148.0</mass-charge>
    </ei-ms-peak>
    <ei-ms-peak>
      <ei-ms-id>245</ei-ms-id>
      <id>28207</id>
      <intensity>1121.0</intensity>
      <mass-charge>149.0</mass-charge>
    </ei-ms-peak>
    <ei-ms-peak>
      <ei-ms-id>245</ei-ms-id>
      <id>28208</id>
      <intensity>330.0</intensity>
      <mass-charge>150.0</mass-charge>
    </ei-ms-peak>
    <ei-ms-peak>
      <ei-ms-id>245</ei-ms-id>
      <id>28209</id>
      <intensity>580.0</intensity>
      <mass-charge>151.0</mass-charge>
    </ei-ms-peak>
    <ei-ms-peak>
      <ei-ms-id>245</ei-ms-id>
      <id>28210</id>
      <intensity>440.0</intensity>
      <mass-charge>152.0</mass-charge>
    </ei-ms-peak>
    <ei-ms-peak>
      <ei-ms-id>245</ei-ms-id>
      <id>28211</id>
      <intensity>450.0</intensity>
      <mass-charge>153.0</mass-charge>
    </ei-ms-peak>
    <ei-ms-peak>
      <ei-ms-id>245</ei-ms-id>
      <id>28212</id>
      <intensity>260.0</intensity>
      <mass-charge>154.0</mass-charge>
    </ei-ms-peak>
    <ei-ms-peak>
      <ei-ms-id>245</ei-ms-id>
      <id>28213</id>
      <intensity>710.0</intensity>
      <mass-charge>155.0</mass-charge>
    </ei-ms-peak>
    <ei-ms-peak>
      <ei-ms-id>245</ei-ms-id>
      <id>28214</id>
      <intensity>310.0</intensity>
      <mass-charge>156.0</mass-charge>
    </ei-ms-peak>
    <ei-ms-peak>
      <ei-ms-id>245</ei-ms-id>
      <id>28215</id>
      <intensity>850.0</intensity>
      <mass-charge>157.0</mass-charge>
    </ei-ms-peak>
    <ei-ms-peak>
      <ei-ms-id>245</ei-ms-id>
      <id>28216</id>
      <intensity>410.0</intensity>
      <mass-charge>158.0</mass-charge>
    </ei-ms-peak>
    <ei-ms-peak>
      <ei-ms-id>245</ei-ms-id>
      <id>28217</id>
      <intensity>900.0</intensity>
      <mass-charge>159.0</mass-charge>
    </ei-ms-peak>
    <ei-ms-peak>
      <ei-ms-id>245</ei-ms-id>
      <id>28218</id>
      <intensity>740.0</intensity>
      <mass-charge>160.0</mass-charge>
    </ei-ms-peak>
    <ei-ms-peak>
      <ei-ms-id>245</ei-ms-id>
      <id>28219</id>
      <intensity>1401.0</intensity>
      <mass-charge>161.0</mass-charge>
    </ei-ms-peak>
    <ei-ms-peak>
      <ei-ms-id>245</ei-ms-id>
      <id>28220</id>
      <intensity>970.0</intensity>
      <mass-charge>162.0</mass-charge>
    </ei-ms-peak>
    <ei-ms-peak>
      <ei-ms-id>245</ei-ms-id>
      <id>28221</id>
      <intensity>1171.0</intensity>
      <mass-charge>163.0</mass-charge>
    </ei-ms-peak>
    <ei-ms-peak>
      <ei-ms-id>245</ei-ms-id>
      <id>28222</id>
      <intensity>490.0</intensity>
      <mass-charge>164.0</mass-charge>
    </ei-ms-peak>
    <ei-ms-peak>
      <ei-ms-id>245</ei-ms-id>
      <id>28223</id>
      <intensity>630.0</intensity>
      <mass-charge>165.0</mass-charge>
    </ei-ms-peak>
    <ei-ms-peak>
      <ei-ms-id>245</ei-ms-id>
      <id>28224</id>
      <intensity>330.0</intensity>
      <mass-charge>166.0</mass-charge>
    </ei-ms-peak>
    <ei-ms-peak>
      <ei-ms-id>245</ei-ms-id>
      <id>28225</id>
      <intensity>390.0</intensity>
      <mass-charge>167.0</mass-charge>
    </ei-ms-peak>
    <ei-ms-peak>
      <ei-ms-id>245</ei-ms-id>
      <id>28226</id>
      <intensity>200.0</intensity>
      <mass-charge>168.0</mass-charge>
    </ei-ms-peak>
    <ei-ms-peak>
      <ei-ms-id>245</ei-ms-id>
      <id>28227</id>
      <intensity>490.0</intensity>
      <mass-charge>169.0</mass-charge>
    </ei-ms-peak>
    <ei-ms-peak>
      <ei-ms-id>245</ei-ms-id>
      <id>28228</id>
      <intensity>260.0</intensity>
      <mass-charge>170.0</mass-charge>
    </ei-ms-peak>
    <ei-ms-peak>
      <ei-ms-id>245</ei-ms-id>
      <id>28229</id>
      <intensity>700.0</intensity>
      <mass-charge>171.0</mass-charge>
    </ei-ms-peak>
    <ei-ms-peak>
      <ei-ms-id>245</ei-ms-id>
      <id>28230</id>
      <intensity>580.0</intensity>
      <mass-charge>172.0</mass-charge>
    </ei-ms-peak>
    <ei-ms-peak>
      <ei-ms-id>245</ei-ms-id>
      <id>28231</id>
      <intensity>980.0</intensity>
      <mass-charge>173.0</mass-charge>
    </ei-ms-peak>
    <ei-ms-peak>
      <ei-ms-id>245</ei-ms-id>
      <id>28232</id>
      <intensity>470.0</intensity>
      <mass-charge>174.0</mass-charge>
    </ei-ms-peak>
    <ei-ms-peak>
      <ei-ms-id>245</ei-ms-id>
      <id>28233</id>
      <intensity>2041.0</intensity>
      <mass-charge>175.0</mass-charge>
    </ei-ms-peak>
    <ei-ms-peak>
      <ei-ms-id>245</ei-ms-id>
      <id>28234</id>
      <intensity>820.0</intensity>
      <mass-charge>176.0</mass-charge>
    </ei-ms-peak>
    <ei-ms-peak>
      <ei-ms-id>245</ei-ms-id>
      <id>28235</id>
      <intensity>900.0</intensity>
      <mass-charge>177.0</mass-charge>
    </ei-ms-peak>
    <ei-ms-peak>
      <ei-ms-id>245</ei-ms-id>
      <id>28236</id>
      <intensity>370.0</intensity>
      <mass-charge>178.0</mass-charge>
    </ei-ms-peak>
    <ei-ms-peak>
      <ei-ms-id>245</ei-ms-id>
      <id>28237</id>
      <intensity>400.0</intensity>
      <mass-charge>179.0</mass-charge>
    </ei-ms-peak>
    <ei-ms-peak>
      <ei-ms-id>245</ei-ms-id>
      <id>28238</id>
      <intensity>290.0</intensity>
      <mass-charge>180.0</mass-charge>
    </ei-ms-peak>
    <ei-ms-peak>
      <ei-ms-id>245</ei-ms-id>
      <id>28239</id>
      <intensity>1020.0</intensity>
      <mass-charge>181.0</mass-charge>
    </ei-ms-peak>
    <ei-ms-peak>
      <ei-ms-id>245</ei-ms-id>
      <id>28240</id>
      <intensity>400.0</intensity>
      <mass-charge>182.0</mass-charge>
    </ei-ms-peak>
    <ei-ms-peak>
      <ei-ms-id>245</ei-ms-id>
      <id>28241</id>
      <intensity>900.0</intensity>
      <mass-charge>183.0</mass-charge>
    </ei-ms-peak>
    <ei-ms-peak>
      <ei-ms-id>245</ei-ms-id>
      <id>28242</id>
      <intensity>390.0</intensity>
      <mass-charge>184.0</mass-charge>
    </ei-ms-peak>
    <ei-ms-peak>
      <ei-ms-id>245</ei-ms-id>
      <id>28243</id>
      <intensity>1000.0</intensity>
      <mass-charge>185.0</mass-charge>
    </ei-ms-peak>
    <ei-ms-peak>
      <ei-ms-id>245</ei-ms-id>
      <id>28244</id>
      <intensity>860.0</intensity>
      <mass-charge>186.0</mass-charge>
    </ei-ms-peak>
    <ei-ms-peak>
      <ei-ms-id>245</ei-ms-id>
      <id>28245</id>
      <intensity>710.0</intensity>
      <mass-charge>187.0</mass-charge>
    </ei-ms-peak>
    <ei-ms-peak>
      <ei-ms-id>245</ei-ms-id>
      <id>28246</id>
      <intensity>520.0</intensity>
      <mass-charge>188.0</mass-charge>
    </ei-ms-peak>
    <ei-ms-peak>
      <ei-ms-id>245</ei-ms-id>
      <id>28247</id>
      <intensity>550.0</intensity>
      <mass-charge>189.0</mass-charge>
    </ei-ms-peak>
    <ei-ms-peak>
      <ei-ms-id>245</ei-ms-id>
      <id>28248</id>
      <intensity>360.0</intensity>
      <mass-charge>190.0</mass-charge>
    </ei-ms-peak>
    <ei-ms-peak>
      <ei-ms-id>245</ei-ms-id>
      <id>28249</id>
      <intensity>810.0</intensity>
      <mass-charge>191.0</mass-charge>
    </ei-ms-peak>
    <ei-ms-peak>
      <ei-ms-id>245</ei-ms-id>
      <id>28250</id>
      <intensity>500.0</intensity>
      <mass-charge>192.0</mass-charge>
    </ei-ms-peak>
    <ei-ms-peak>
      <ei-ms-id>245</ei-ms-id>
      <id>28251</id>
      <intensity>330.0</intensity>
      <mass-charge>193.0</mass-charge>
    </ei-ms-peak>
    <ei-ms-peak>
      <ei-ms-id>245</ei-ms-id>
      <id>28252</id>
      <intensity>310.0</intensity>
      <mass-charge>194.0</mass-charge>
    </ei-ms-peak>
    <ei-ms-peak>
      <ei-ms-id>245</ei-ms-id>
      <id>28253</id>
      <intensity>730.0</intensity>
      <mass-charge>195.0</mass-charge>
    </ei-ms-peak>
    <ei-ms-peak>
      <ei-ms-id>245</ei-ms-id>
      <id>28254</id>
      <intensity>580.0</intensity>
      <mass-charge>196.0</mass-charge>
    </ei-ms-peak>
    <ei-ms-peak>
      <ei-ms-id>245</ei-ms-id>
      <id>28255</id>
      <intensity>1211.0</intensity>
      <mass-charge>197.0</mass-charge>
    </ei-ms-peak>
    <ei-ms-peak>
      <ei-ms-id>245</ei-ms-id>
      <id>28256</id>
      <intensity>1481.0</intensity>
      <mass-charge>198.0</mass-charge>
    </ei-ms-peak>
    <ei-ms-peak>
      <ei-ms-id>245</ei-ms-id>
      <id>28257</id>
      <intensity>1321.0</intensity>
      <mass-charge>199.0</mass-charge>
    </ei-ms-peak>
    <ei-ms-peak>
      <ei-ms-id>245</ei-ms-id>
      <id>28258</id>
      <intensity>460.0</intensity>
      <mass-charge>200.0</mass-charge>
    </ei-ms-peak>
    <ei-ms-peak>
      <ei-ms-id>245</ei-ms-id>
      <id>28259</id>
      <intensity>510.0</intensity>
      <mass-charge>201.0</mass-charge>
    </ei-ms-peak>
    <ei-ms-peak>
      <ei-ms-id>245</ei-ms-id>
      <id>28260</id>
      <intensity>370.0</intensity>
      <mass-charge>202.0</mass-charge>
    </ei-ms-peak>
    <ei-ms-peak>
      <ei-ms-id>245</ei-ms-id>
      <id>28261</id>
      <intensity>600.0</intensity>
      <mass-charge>203.0</mass-charge>
    </ei-ms-peak>
    <ei-ms-peak>
      <ei-ms-id>245</ei-ms-id>
      <id>28262</id>
      <intensity>540.0</intensity>
      <mass-charge>204.0</mass-charge>
    </ei-ms-peak>
    <ei-ms-peak>
      <ei-ms-id>245</ei-ms-id>
      <id>28263</id>
      <intensity>360.0</intensity>
      <mass-charge>205.0</mass-charge>
    </ei-ms-peak>
    <ei-ms-peak>
      <ei-ms-id>245</ei-ms-id>
      <id>28264</id>
      <intensity>1191.0</intensity>
      <mass-charge>206.0</mass-charge>
    </ei-ms-peak>
    <ei-ms-peak>
      <ei-ms-id>245</ei-ms-id>
      <id>28265</id>
      <intensity>750.0</intensity>
      <mass-charge>207.0</mass-charge>
    </ei-ms-peak>
    <ei-ms-peak>
      <ei-ms-id>245</ei-ms-id>
      <id>28266</id>
      <intensity>190.0</intensity>
      <mass-charge>208.0</mass-charge>
    </ei-ms-peak>
    <ei-ms-peak>
      <ei-ms-id>245</ei-ms-id>
      <id>28267</id>
      <intensity>630.0</intensity>
      <mass-charge>209.0</mass-charge>
    </ei-ms-peak>
    <ei-ms-peak>
      <ei-ms-id>245</ei-ms-id>
      <id>28268</id>
      <intensity>400.0</intensity>
      <mass-charge>210.0</mass-charge>
    </ei-ms-peak>
    <ei-ms-peak>
      <ei-ms-id>245</ei-ms-id>
      <id>28269</id>
      <intensity>680.0</intensity>
      <mass-charge>211.0</mass-charge>
    </ei-ms-peak>
    <ei-ms-peak>
      <ei-ms-id>245</ei-ms-id>
      <id>28270</id>
      <intensity>640.0</intensity>
      <mass-charge>212.0</mass-charge>
    </ei-ms-peak>
    <ei-ms-peak>
      <ei-ms-id>245</ei-ms-id>
      <id>28271</id>
      <intensity>970.0</intensity>
      <mass-charge>213.0</mass-charge>
    </ei-ms-peak>
    <ei-ms-peak>
      <ei-ms-id>245</ei-ms-id>
      <id>28272</id>
      <intensity>560.0</intensity>
      <mass-charge>214.0</mass-charge>
    </ei-ms-peak>
    <ei-ms-peak>
      <ei-ms-id>245</ei-ms-id>
      <id>28273</id>
      <intensity>560.0</intensity>
      <mass-charge>215.0</mass-charge>
    </ei-ms-peak>
    <ei-ms-peak>
      <ei-ms-id>245</ei-ms-id>
      <id>28274</id>
      <intensity>410.0</intensity>
      <mass-charge>216.0</mass-charge>
    </ei-ms-peak>
    <ei-ms-peak>
      <ei-ms-id>245</ei-ms-id>
      <id>28275</id>
      <intensity>340.0</intensity>
      <mass-charge>217.0</mass-charge>
    </ei-ms-peak>
    <ei-ms-peak>
      <ei-ms-id>245</ei-ms-id>
      <id>28276</id>
      <intensity>220.0</intensity>
      <mass-charge>218.0</mass-charge>
    </ei-ms-peak>
    <ei-ms-peak>
      <ei-ms-id>245</ei-ms-id>
      <id>28277</id>
      <intensity>160.0</intensity>
      <mass-charge>219.0</mass-charge>
    </ei-ms-peak>
    <ei-ms-peak>
      <ei-ms-id>245</ei-ms-id>
      <id>28278</id>
      <intensity>100.0</intensity>
      <mass-charge>220.0</mass-charge>
    </ei-ms-peak>
    <ei-ms-peak>
      <ei-ms-id>245</ei-ms-id>
      <id>28279</id>
      <intensity>370.0</intensity>
      <mass-charge>221.0</mass-charge>
    </ei-ms-peak>
    <ei-ms-peak>
      <ei-ms-id>245</ei-ms-id>
      <id>28280</id>
      <intensity>320.0</intensity>
      <mass-charge>222.0</mass-charge>
    </ei-ms-peak>
    <ei-ms-peak>
      <ei-ms-id>245</ei-ms-id>
      <id>28281</id>
      <intensity>1010.0</intensity>
      <mass-charge>223.0</mass-charge>
    </ei-ms-peak>
    <ei-ms-peak>
      <ei-ms-id>245</ei-ms-id>
      <id>28282</id>
      <intensity>350.0</intensity>
      <mass-charge>224.0</mass-charge>
    </ei-ms-peak>
    <ei-ms-peak>
      <ei-ms-id>245</ei-ms-id>
      <id>28283</id>
      <intensity>1751.0</intensity>
      <mass-charge>225.0</mass-charge>
    </ei-ms-peak>
    <ei-ms-peak>
      <ei-ms-id>245</ei-ms-id>
      <id>28284</id>
      <intensity>470.0</intensity>
      <mass-charge>226.0</mass-charge>
    </ei-ms-peak>
    <ei-ms-peak>
      <ei-ms-id>245</ei-ms-id>
      <id>28285</id>
      <intensity>1421.0</intensity>
      <mass-charge>227.0</mass-charge>
    </ei-ms-peak>
    <ei-ms-peak>
      <ei-ms-id>245</ei-ms-id>
      <id>28286</id>
      <intensity>670.0</intensity>
      <mass-charge>228.0</mass-charge>
    </ei-ms-peak>
    <ei-ms-peak>
      <ei-ms-id>245</ei-ms-id>
      <id>28287</id>
      <intensity>470.0</intensity>
      <mass-charge>229.0</mass-charge>
    </ei-ms-peak>
    <ei-ms-peak>
      <ei-ms-id>245</ei-ms-id>
      <id>28288</id>
      <intensity>280.0</intensity>
      <mass-charge>230.0</mass-charge>
    </ei-ms-peak>
    <ei-ms-peak>
      <ei-ms-id>245</ei-ms-id>
      <id>28289</id>
      <intensity>330.0</intensity>
      <mass-charge>231.0</mass-charge>
    </ei-ms-peak>
    <ei-ms-peak>
      <ei-ms-id>245</ei-ms-id>
      <id>28290</id>
      <intensity>150.0</intensity>
      <mass-charge>232.0</mass-charge>
    </ei-ms-peak>
    <ei-ms-peak>
      <ei-ms-id>245</ei-ms-id>
      <id>28291</id>
      <intensity>320.0</intensity>
      <mass-charge>233.0</mass-charge>
    </ei-ms-peak>
    <ei-ms-peak>
      <ei-ms-id>245</ei-ms-id>
      <id>28292</id>
      <intensity>130.0</intensity>
      <mass-charge>234.0</mass-charge>
    </ei-ms-peak>
    <ei-ms-peak>
      <ei-ms-id>245</ei-ms-id>
      <id>28293</id>
      <intensity>210.0</intensity>
      <mass-charge>235.0</mass-charge>
    </ei-ms-peak>
    <ei-ms-peak>
      <ei-ms-id>245</ei-ms-id>
      <id>28294</id>
      <intensity>100.0</intensity>
      <mass-charge>236.0</mass-charge>
    </ei-ms-peak>
    <ei-ms-peak>
      <ei-ms-id>245</ei-ms-id>
      <id>28295</id>
      <intensity>510.0</intensity>
      <mass-charge>237.0</mass-charge>
    </ei-ms-peak>
    <ei-ms-peak>
      <ei-ms-id>245</ei-ms-id>
      <id>28296</id>
      <intensity>670.0</intensity>
      <mass-charge>238.0</mass-charge>
    </ei-ms-peak>
    <ei-ms-peak>
      <ei-ms-id>245</ei-ms-id>
      <id>28297</id>
      <intensity>350.0</intensity>
      <mass-charge>239.0</mass-charge>
    </ei-ms-peak>
    <ei-ms-peak>
      <ei-ms-id>245</ei-ms-id>
      <id>28298</id>
      <intensity>880.0</intensity>
      <mass-charge>240.0</mass-charge>
    </ei-ms-peak>
    <ei-ms-peak>
      <ei-ms-id>245</ei-ms-id>
      <id>28299</id>
      <intensity>710.0</intensity>
      <mass-charge>241.0</mass-charge>
    </ei-ms-peak>
    <ei-ms-peak>
      <ei-ms-id>245</ei-ms-id>
      <id>28300</id>
      <intensity>290.0</intensity>
      <mass-charge>242.0</mass-charge>
    </ei-ms-peak>
    <ei-ms-peak>
      <ei-ms-id>245</ei-ms-id>
      <id>28301</id>
      <intensity>820.0</intensity>
      <mass-charge>243.0</mass-charge>
    </ei-ms-peak>
    <ei-ms-peak>
      <ei-ms-id>245</ei-ms-id>
      <id>28302</id>
      <intensity>390.0</intensity>
      <mass-charge>244.0</mass-charge>
    </ei-ms-peak>
    <ei-ms-peak>
      <ei-ms-id>245</ei-ms-id>
      <id>28303</id>
      <intensity>710.0</intensity>
      <mass-charge>245.0</mass-charge>
    </ei-ms-peak>
    <ei-ms-peak>
      <ei-ms-id>245</ei-ms-id>
      <id>28304</id>
      <intensity>330.0</intensity>
      <mass-charge>246.0</mass-charge>
    </ei-ms-peak>
    <ei-ms-peak>
      <ei-ms-id>245</ei-ms-id>
      <id>28305</id>
      <intensity>580.0</intensity>
      <mass-charge>247.0</mass-charge>
    </ei-ms-peak>
    <ei-ms-peak>
      <ei-ms-id>245</ei-ms-id>
      <id>28306</id>
      <intensity>160.0</intensity>
      <mass-charge>248.0</mass-charge>
    </ei-ms-peak>
    <ei-ms-peak>
      <ei-ms-id>245</ei-ms-id>
      <id>28307</id>
      <intensity>600.0</intensity>
      <mass-charge>251.0</mass-charge>
    </ei-ms-peak>
    <ei-ms-peak>
      <ei-ms-id>245</ei-ms-id>
      <id>28308</id>
      <intensity>320.0</intensity>
      <mass-charge>252.0</mass-charge>
    </ei-ms-peak>
    <ei-ms-peak>
      <ei-ms-id>245</ei-ms-id>
      <id>28309</id>
      <intensity>140.0</intensity>
      <mass-charge>253.0</mass-charge>
    </ei-ms-peak>
    <ei-ms-peak>
      <ei-ms-id>245</ei-ms-id>
      <id>28310</id>
      <intensity>360.0</intensity>
      <mass-charge>254.0</mass-charge>
    </ei-ms-peak>
    <ei-ms-peak>
      <ei-ms-id>245</ei-ms-id>
      <id>28311</id>
      <intensity>630.0</intensity>
      <mass-charge>255.0</mass-charge>
    </ei-ms-peak>
    <ei-ms-peak>
      <ei-ms-id>245</ei-ms-id>
      <id>28312</id>
      <intensity>990.0</intensity>
      <mass-charge>256.0</mass-charge>
    </ei-ms-peak>
    <ei-ms-peak>
      <ei-ms-id>245</ei-ms-id>
      <id>28313</id>
      <intensity>550.0</intensity>
      <mass-charge>257.0</mass-charge>
    </ei-ms-peak>
    <ei-ms-peak>
      <ei-ms-id>245</ei-ms-id>
      <id>28314</id>
      <intensity>390.0</intensity>
      <mass-charge>258.0</mass-charge>
    </ei-ms-peak>
    <ei-ms-peak>
      <ei-ms-id>245</ei-ms-id>
      <id>28315</id>
      <intensity>510.0</intensity>
      <mass-charge>259.0</mass-charge>
    </ei-ms-peak>
    <ei-ms-peak>
      <ei-ms-id>245</ei-ms-id>
      <id>28316</id>
      <intensity>430.0</intensity>
      <mass-charge>260.0</mass-charge>
    </ei-ms-peak>
    <ei-ms-peak>
      <ei-ms-id>245</ei-ms-id>
      <id>28317</id>
      <intensity>230.0</intensity>
      <mass-charge>261.0</mass-charge>
    </ei-ms-peak>
    <ei-ms-peak>
      <ei-ms-id>245</ei-ms-id>
      <id>28318</id>
      <intensity>170.0</intensity>
      <mass-charge>262.0</mass-charge>
    </ei-ms-peak>
    <ei-ms-peak>
      <ei-ms-id>245</ei-ms-id>
      <id>28319</id>
      <intensity>760.0</intensity>
      <mass-charge>263.0</mass-charge>
    </ei-ms-peak>
    <ei-ms-peak>
      <ei-ms-id>245</ei-ms-id>
      <id>28320</id>
      <intensity>140.0</intensity>
      <mass-charge>264.0</mass-charge>
    </ei-ms-peak>
    <ei-ms-peak>
      <ei-ms-id>245</ei-ms-id>
      <id>28321</id>
      <intensity>1331.0</intensity>
      <mass-charge>265.0</mass-charge>
    </ei-ms-peak>
    <ei-ms-peak>
      <ei-ms-id>245</ei-ms-id>
      <id>28322</id>
      <intensity>890.0</intensity>
      <mass-charge>266.0</mass-charge>
    </ei-ms-peak>
    <ei-ms-peak>
      <ei-ms-id>245</ei-ms-id>
      <id>28323</id>
      <intensity>260.0</intensity>
      <mass-charge>267.0</mass-charge>
    </ei-ms-peak>
    <ei-ms-peak>
      <ei-ms-id>245</ei-ms-id>
      <id>28324</id>
      <intensity>70.0</intensity>
      <mass-charge>268.0</mass-charge>
    </ei-ms-peak>
    <ei-ms-peak>
      <ei-ms-id>245</ei-ms-id>
      <id>28325</id>
      <intensity>140.0</intensity>
      <mass-charge>269.0</mass-charge>
    </ei-ms-peak>
    <ei-ms-peak>
      <ei-ms-id>245</ei-ms-id>
      <id>28326</id>
      <intensity>240.0</intensity>
      <mass-charge>270.0</mass-charge>
    </ei-ms-peak>
    <ei-ms-peak>
      <ei-ms-id>245</ei-ms-id>
      <id>28327</id>
      <intensity>150.0</intensity>
      <mass-charge>271.0</mass-charge>
    </ei-ms-peak>
    <ei-ms-peak>
      <ei-ms-id>245</ei-ms-id>
      <id>28328</id>
      <intensity>240.0</intensity>
      <mass-charge>272.0</mass-charge>
    </ei-ms-peak>
    <ei-ms-peak>
      <ei-ms-id>245</ei-ms-id>
      <id>28329</id>
      <intensity>370.0</intensity>
      <mass-charge>273.0</mass-charge>
    </ei-ms-peak>
    <ei-ms-peak>
      <ei-ms-id>245</ei-ms-id>
      <id>28330</id>
      <intensity>1131.0</intensity>
      <mass-charge>274.0</mass-charge>
    </ei-ms-peak>
    <ei-ms-peak>
      <ei-ms-id>245</ei-ms-id>
      <id>28331</id>
      <intensity>260.0</intensity>
      <mass-charge>275.0</mass-charge>
    </ei-ms-peak>
    <ei-ms-peak>
      <ei-ms-id>245</ei-ms-id>
      <id>28332</id>
      <intensity>80.0</intensity>
      <mass-charge>276.0</mass-charge>
    </ei-ms-peak>
    <ei-ms-peak>
      <ei-ms-id>245</ei-ms-id>
      <id>28333</id>
      <intensity>130.0</intensity>
      <mass-charge>277.0</mass-charge>
    </ei-ms-peak>
    <ei-ms-peak>
      <ei-ms-id>245</ei-ms-id>
      <id>28334</id>
      <intensity>90.0</intensity>
      <mass-charge>278.0</mass-charge>
    </ei-ms-peak>
    <ei-ms-peak>
      <ei-ms-id>245</ei-ms-id>
      <id>28335</id>
      <intensity>3042.0</intensity>
      <mass-charge>279.0</mass-charge>
    </ei-ms-peak>
    <ei-ms-peak>
      <ei-ms-id>245</ei-ms-id>
      <id>28336</id>
      <intensity>950.0</intensity>
      <mass-charge>280.0</mass-charge>
    </ei-ms-peak>
    <ei-ms-peak>
      <ei-ms-id>245</ei-ms-id>
      <id>28337</id>
      <intensity>300.0</intensity>
      <mass-charge>281.0</mass-charge>
    </ei-ms-peak>
    <ei-ms-peak>
      <ei-ms-id>245</ei-ms-id>
      <id>28338</id>
      <intensity>100.0</intensity>
      <mass-charge>282.0</mass-charge>
    </ei-ms-peak>
    <ei-ms-peak>
      <ei-ms-id>245</ei-ms-id>
      <id>28339</id>
      <intensity>830.0</intensity>
      <mass-charge>283.0</mass-charge>
    </ei-ms-peak>
    <ei-ms-peak>
      <ei-ms-id>245</ei-ms-id>
      <id>28340</id>
      <intensity>190.0</intensity>
      <mass-charge>284.0</mass-charge>
    </ei-ms-peak>
    <ei-ms-peak>
      <ei-ms-id>245</ei-ms-id>
      <id>28341</id>
      <intensity>340.0</intensity>
      <mass-charge>285.0</mass-charge>
    </ei-ms-peak>
    <ei-ms-peak>
      <ei-ms-id>245</ei-ms-id>
      <id>28342</id>
      <intensity>90.0</intensity>
      <mass-charge>286.0</mass-charge>
    </ei-ms-peak>
    <ei-ms-peak>
      <ei-ms-id>245</ei-ms-id>
      <id>28343</id>
      <intensity>110.0</intensity>
      <mass-charge>288.0</mass-charge>
    </ei-ms-peak>
    <ei-ms-peak>
      <ei-ms-id>245</ei-ms-id>
      <id>28344</id>
      <intensity>110.0</intensity>
      <mass-charge>296.0</mass-charge>
    </ei-ms-peak>
    <ei-ms-peak>
      <ei-ms-id>245</ei-ms-id>
      <id>28345</id>
      <intensity>1601.0</intensity>
      <mass-charge>298.0</mass-charge>
    </ei-ms-peak>
    <ei-ms-peak>
      <ei-ms-id>245</ei-ms-id>
      <id>28346</id>
      <intensity>370.0</intensity>
      <mass-charge>299.0</mass-charge>
    </ei-ms-peak>
    <ei-ms-peak>
      <ei-ms-id>245</ei-ms-id>
      <id>28347</id>
      <intensity>250.0</intensity>
      <mass-charge>300.0</mass-charge>
    </ei-ms-peak>
    <ei-ms-peak>
      <ei-ms-id>245</ei-ms-id>
      <id>28348</id>
      <intensity>280.0</intensity>
      <mass-charge>301.0</mass-charge>
    </ei-ms-peak>
    <ei-ms-peak>
      <ei-ms-id>245</ei-ms-id>
      <id>28349</id>
      <intensity>250.0</intensity>
      <mass-charge>303.0</mass-charge>
    </ei-ms-peak>
    <ei-ms-peak>
      <ei-ms-id>245</ei-ms-id>
      <id>28350</id>
      <intensity>210.0</intensity>
      <mass-charge>314.0</mass-charge>
    </ei-ms-peak>
    <ei-ms-peak>
      <ei-ms-id>245</ei-ms-id>
      <id>28351</id>
      <intensity>970.0</intensity>
      <mass-charge>316.0</mass-charge>
    </ei-ms-peak>
    <ei-ms-peak>
      <ei-ms-id>245</ei-ms-id>
      <id>28352</id>
      <intensity>320.0</intensity>
      <mass-charge>317.0</mass-charge>
    </ei-ms-peak>
    <ei-ms-peak>
      <ei-ms-id>245</ei-ms-id>
      <id>28353</id>
      <intensity>1371.0</intensity>
      <mass-charge>318.0</mass-charge>
    </ei-ms-peak>
    <ei-ms-peak>
      <ei-ms-id>245</ei-ms-id>
      <id>28354</id>
      <intensity>290.0</intensity>
      <mass-charge>319.0</mass-charge>
    </ei-ms-peak>
    <ei-ms-peak>
      <ei-ms-id>245</ei-ms-id>
      <id>28355</id>
      <intensity>190.0</intensity>
      <mass-charge>321.0</mass-charge>
    </ei-ms-peak>
    <ei-ms-peak>
      <ei-ms-id>245</ei-ms-id>
      <id>28356</id>
      <intensity>80.0</intensity>
      <mass-charge>334.0</mass-charge>
    </ei-ms-peak>
    <ei-ms-peak>
      <ei-ms-id>245</ei-ms-id>
      <id>28357</id>
      <intensity>4714.0</intensity>
      <mass-charge>336.0</mass-charge>
    </ei-ms-peak>
    <ei-ms-peak>
      <ei-ms-id>245</ei-ms-id>
      <id>28358</id>
      <intensity>1090.0</intensity>
      <mass-charge>337.0</mass-charge>
    </ei-ms-peak>
    <ei-ms-peak>
      <ei-ms-id>245</ei-ms-id>
      <id>28359</id>
      <intensity>120.0</intensity>
      <mass-charge>338.0</mass-charge>
    </ei-ms-peak>
  </ei-ms-peaks>
</ei-ms>
