<?xml version="1.0" encoding="UTF-8"?>
<ei-ms>
  <collection-date nil="true"/>
  <created-at>2014-09-20T16:17:35Z</created-at>
  <database-id>HMDB32151</database-id>
  <id>13</id>
  <inchi-key>YCOXTKKNXUZSKD-UHFFFAOYSA-N</inchi-key>
  <instrument-type nil="true"/>
  <molecule-id nil="true"/>
  <notes nil="true"/>
  <peak-counter>75</peak-counter>
  <sample-assessment nil="true"/>
  <sample-concentration nil="true"/>
  <sample-concentration-units nil="true"/>
  <sample-mass nil="true"/>
  <sample-mass-units nil="true"/>
  <sample-source nil="true"/>
  <solvent nil="true"/>
  <spectra-assessment nil="true"/>
  <updated-at>2014-09-20T16:17:35Z</updated-at>
  <references>
    <reference>
      <database>NIST</database>
      <database-id>95-65-8</database-id>
      <id>14885</id>
      <pubmed-id nil="true"/>
      <ref-text>NIST Mass Spec Data Center, S.E. Stein, director, "Mass Spectra" in NIST Chemistry WebBook, NIST Standard Reference Database Number 69, Eds. P.J. Linstrom and W.G. Mallard, National Institute of Standards and Technology, Gaithersburg MD, 20899, http://webbook.nist.gov, (retrieved September 6, 2014).</ref-text>
      <spectra-id>13</spectra-id>
      <spectra-type>EiMs</spectra-type>
    </reference>
  </references>
  <ei-ms-peaks>
    <ei-ms-peak>
      <ei-ms-id>13</ei-ms-id>
      <id>1159</id>
      <intensity>40.0</intensity>
      <mass-charge>15.0</mass-charge>
    </ei-ms-peak>
    <ei-ms-peak>
      <ei-ms-id>13</ei-ms-id>
      <id>1160</id>
      <intensity>10.0</intensity>
      <mass-charge>18.0</mass-charge>
    </ei-ms-peak>
    <ei-ms-peak>
      <ei-ms-id>13</ei-ms-id>
      <id>1161</id>
      <intensity>80.0</intensity>
      <mass-charge>26.0</mass-charge>
    </ei-ms-peak>
    <ei-ms-peak>
      <ei-ms-id>13</ei-ms-id>
      <id>1162</id>
      <intensity>629.0</intensity>
      <mass-charge>27.0</mass-charge>
    </ei-ms-peak>
    <ei-ms-peak>
      <ei-ms-id>13</ei-ms-id>
      <id>1163</id>
      <intensity>80.0</intensity>
      <mass-charge>28.0</mass-charge>
    </ei-ms-peak>
    <ei-ms-peak>
      <ei-ms-id>13</ei-ms-id>
      <id>1164</id>
      <intensity>20.0</intensity>
      <mass-charge>29.0</mass-charge>
    </ei-ms-peak>
    <ei-ms-peak>
      <ei-ms-id>13</ei-ms-id>
      <id>1165</id>
      <intensity>20.0</intensity>
      <mass-charge>31.0</mass-charge>
    </ei-ms-peak>
    <ei-ms-peak>
      <ei-ms-id>13</ei-ms-id>
      <id>1166</id>
      <intensity>60.0</intensity>
      <mass-charge>37.0</mass-charge>
    </ei-ms-peak>
    <ei-ms-peak>
      <ei-ms-id>13</ei-ms-id>
      <id>1167</id>
      <intensity>199.0</intensity>
      <mass-charge>38.0</mass-charge>
    </ei-ms-peak>
    <ei-ms-peak>
      <ei-ms-id>13</ei-ms-id>
      <id>1168</id>
      <intensity>1039.0</intensity>
      <mass-charge>39.0</mass-charge>
    </ei-ms-peak>
    <ei-ms-peak>
      <ei-ms-id>13</ei-ms-id>
      <id>1169</id>
      <intensity>139.0</intensity>
      <mass-charge>40.0</mass-charge>
    </ei-ms-peak>
    <ei-ms-peak>
      <ei-ms-id>13</ei-ms-id>
      <id>1170</id>
      <intensity>389.0</intensity>
      <mass-charge>41.0</mass-charge>
    </ei-ms-peak>
    <ei-ms-peak>
      <ei-ms-id>13</ei-ms-id>
      <id>1171</id>
      <intensity>40.0</intensity>
      <mass-charge>42.0</mass-charge>
    </ei-ms-peak>
    <ei-ms-peak>
      <ei-ms-id>13</ei-ms-id>
      <id>1172</id>
      <intensity>219.0</intensity>
      <mass-charge>43.0</mass-charge>
    </ei-ms-peak>
    <ei-ms-peak>
      <ei-ms-id>13</ei-ms-id>
      <id>1173</id>
      <intensity>20.0</intensity>
      <mass-charge>44.0</mass-charge>
    </ei-ms-peak>
    <ei-ms-peak>
      <ei-ms-id>13</ei-ms-id>
      <id>1174</id>
      <intensity>99.0</intensity>
      <mass-charge>45.0</mass-charge>
    </ei-ms-peak>
    <ei-ms-peak>
      <ei-ms-id>13</ei-ms-id>
      <id>1175</id>
      <intensity>80.0</intensity>
      <mass-charge>46.0</mass-charge>
    </ei-ms-peak>
    <ei-ms-peak>
      <ei-ms-id>13</ei-ms-id>
      <id>1176</id>
      <intensity>20.0</intensity>
      <mass-charge>47.0</mass-charge>
    </ei-ms-peak>
    <ei-ms-peak>
      <ei-ms-id>13</ei-ms-id>
      <id>1177</id>
      <intensity>40.0</intensity>
      <mass-charge>49.0</mass-charge>
    </ei-ms-peak>
    <ei-ms-peak>
      <ei-ms-id>13</ei-ms-id>
      <id>1178</id>
      <intensity>369.0</intensity>
      <mass-charge>50.0</mass-charge>
    </ei-ms-peak>
    <ei-ms-peak>
      <ei-ms-id>13</ei-ms-id>
      <id>1179</id>
      <intensity>839.0</intensity>
      <mass-charge>51.0</mass-charge>
    </ei-ms-peak>
    <ei-ms-peak>
      <ei-ms-id>13</ei-ms-id>
      <id>1180</id>
      <intensity>339.0</intensity>
      <mass-charge>52.0</mass-charge>
    </ei-ms-peak>
    <ei-ms-peak>
      <ei-ms-id>13</ei-ms-id>
      <id>1181</id>
      <intensity>539.0</intensity>
      <mass-charge>53.0</mass-charge>
    </ei-ms-peak>
    <ei-ms-peak>
      <ei-ms-id>13</ei-ms-id>
      <id>1182</id>
      <intensity>50.0</intensity>
      <mass-charge>54.0</mass-charge>
    </ei-ms-peak>
    <ei-ms-peak>
      <ei-ms-id>13</ei-ms-id>
      <id>1183</id>
      <intensity>249.0</intensity>
      <mass-charge>55.0</mass-charge>
    </ei-ms-peak>
    <ei-ms-peak>
      <ei-ms-id>13</ei-ms-id>
      <id>1184</id>
      <intensity>10.0</intensity>
      <mass-charge>56.0</mass-charge>
    </ei-ms-peak>
    <ei-ms-peak>
      <ei-ms-id>13</ei-ms-id>
      <id>1185</id>
      <intensity>99.0</intensity>
      <mass-charge>59.0</mass-charge>
    </ei-ms-peak>
    <ei-ms-peak>
      <ei-ms-id>13</ei-ms-id>
      <id>1186</id>
      <intensity>259.0</intensity>
      <mass-charge>60.0</mass-charge>
    </ei-ms-peak>
    <ei-ms-peak>
      <ei-ms-id>13</ei-ms-id>
      <id>1187</id>
      <intensity>169.0</intensity>
      <mass-charge>61.0</mass-charge>
    </ei-ms-peak>
    <ei-ms-peak>
      <ei-ms-id>13</ei-ms-id>
      <id>1188</id>
      <intensity>129.0</intensity>
      <mass-charge>62.0</mass-charge>
    </ei-ms-peak>
    <ei-ms-peak>
      <ei-ms-id>13</ei-ms-id>
      <id>1189</id>
      <intensity>319.0</intensity>
      <mass-charge>63.0</mass-charge>
    </ei-ms-peak>
    <ei-ms-peak>
      <ei-ms-id>13</ei-ms-id>
      <id>1190</id>
      <intensity>80.0</intensity>
      <mass-charge>64.0</mass-charge>
    </ei-ms-peak>
    <ei-ms-peak>
      <ei-ms-id>13</ei-ms-id>
      <id>1191</id>
      <intensity>519.0</intensity>
      <mass-charge>65.0</mass-charge>
    </ei-ms-peak>
    <ei-ms-peak>
      <ei-ms-id>13</ei-ms-id>
      <id>1192</id>
      <intensity>139.0</intensity>
      <mass-charge>66.0</mass-charge>
    </ei-ms-peak>
    <ei-ms-peak>
      <ei-ms-id>13</ei-ms-id>
      <id>1193</id>
      <intensity>109.0</intensity>
      <mass-charge>67.0</mass-charge>
    </ei-ms-peak>
    <ei-ms-peak>
      <ei-ms-id>13</ei-ms-id>
      <id>1194</id>
      <intensity>30.0</intensity>
      <mass-charge>68.0</mass-charge>
    </ei-ms-peak>
    <ei-ms-peak>
      <ei-ms-id>13</ei-ms-id>
      <id>1195</id>
      <intensity>40.0</intensity>
      <mass-charge>69.0</mass-charge>
    </ei-ms-peak>
    <ei-ms-peak>
      <ei-ms-id>13</ei-ms-id>
      <id>1196</id>
      <intensity>20.0</intensity>
      <mass-charge>73.0</mass-charge>
    </ei-ms-peak>
    <ei-ms-peak>
      <ei-ms-id>13</ei-ms-id>
      <id>1197</id>
      <intensity>80.0</intensity>
      <mass-charge>74.0</mass-charge>
    </ei-ms-peak>
    <ei-ms-peak>
      <ei-ms-id>13</ei-ms-id>
      <id>1198</id>
      <intensity>70.0</intensity>
      <mass-charge>75.0</mass-charge>
    </ei-ms-peak>
    <ei-ms-peak>
      <ei-ms-id>13</ei-ms-id>
      <id>1199</id>
      <intensity>40.0</intensity>
      <mass-charge>76.0</mass-charge>
    </ei-ms-peak>
    <ei-ms-peak>
      <ei-ms-id>13</ei-ms-id>
      <id>1200</id>
      <intensity>2029.0</intensity>
      <mass-charge>77.0</mass-charge>
    </ei-ms-peak>
    <ei-ms-peak>
      <ei-ms-id>13</ei-ms-id>
      <id>1201</id>
      <intensity>459.0</intensity>
      <mass-charge>78.0</mass-charge>
    </ei-ms-peak>
    <ei-ms-peak>
      <ei-ms-id>13</ei-ms-id>
      <id>1202</id>
      <intensity>809.0</intensity>
      <mass-charge>79.0</mass-charge>
    </ei-ms-peak>
    <ei-ms-peak>
      <ei-ms-id>13</ei-ms-id>
      <id>1203</id>
      <intensity>80.0</intensity>
      <mass-charge>80.0</mass-charge>
    </ei-ms-peak>
    <ei-ms-peak>
      <ei-ms-id>13</ei-ms-id>
      <id>1204</id>
      <intensity>109.0</intensity>
      <mass-charge>81.0</mass-charge>
    </ei-ms-peak>
    <ei-ms-peak>
      <ei-ms-id>13</ei-ms-id>
      <id>1205</id>
      <intensity>30.0</intensity>
      <mass-charge>82.0</mass-charge>
    </ei-ms-peak>
    <ei-ms-peak>
      <ei-ms-id>13</ei-ms-id>
      <id>1206</id>
      <intensity>10.0</intensity>
      <mass-charge>85.0</mass-charge>
    </ei-ms-peak>
    <ei-ms-peak>
      <ei-ms-id>13</ei-ms-id>
      <id>1207</id>
      <intensity>20.0</intensity>
      <mass-charge>86.0</mass-charge>
    </ei-ms-peak>
    <ei-ms-peak>
      <ei-ms-id>13</ei-ms-id>
      <id>1208</id>
      <intensity>20.0</intensity>
      <mass-charge>87.0</mass-charge>
    </ei-ms-peak>
    <ei-ms-peak>
      <ei-ms-id>13</ei-ms-id>
      <id>1209</id>
      <intensity>70.0</intensity>
      <mass-charge>89.0</mass-charge>
    </ei-ms-peak>
    <ei-ms-peak>
      <ei-ms-id>13</ei-ms-id>
      <id>1210</id>
      <intensity>40.0</intensity>
      <mass-charge>90.0</mass-charge>
    </ei-ms-peak>
    <ei-ms-peak>
      <ei-ms-id>13</ei-ms-id>
      <id>1211</id>
      <intensity>1139.0</intensity>
      <mass-charge>91.0</mass-charge>
    </ei-ms-peak>
    <ei-ms-peak>
      <ei-ms-id>13</ei-ms-id>
      <id>1212</id>
      <intensity>139.0</intensity>
      <mass-charge>92.0</mass-charge>
    </ei-ms-peak>
    <ei-ms-peak>
      <ei-ms-id>13</ei-ms-id>
      <id>1213</id>
      <intensity>279.0</intensity>
      <mass-charge>93.0</mass-charge>
    </ei-ms-peak>
    <ei-ms-peak>
      <ei-ms-id>13</ei-ms-id>
      <id>1214</id>
      <intensity>159.0</intensity>
      <mass-charge>94.0</mass-charge>
    </ei-ms-peak>
    <ei-ms-peak>
      <ei-ms-id>13</ei-ms-id>
      <id>1215</id>
      <intensity>60.0</intensity>
      <mass-charge>95.0</mass-charge>
    </ei-ms-peak>
    <ei-ms-peak>
      <ei-ms-id>13</ei-ms-id>
      <id>1216</id>
      <intensity>20.0</intensity>
      <mass-charge>96.0</mass-charge>
    </ei-ms-peak>
    <ei-ms-peak>
      <ei-ms-id>13</ei-ms-id>
      <id>1217</id>
      <intensity>10.0</intensity>
      <mass-charge>98.0</mass-charge>
    </ei-ms-peak>
    <ei-ms-peak>
      <ei-ms-id>13</ei-ms-id>
      <id>1218</id>
      <intensity>20.0</intensity>
      <mass-charge>101.0</mass-charge>
    </ei-ms-peak>
    <ei-ms-peak>
      <ei-ms-id>13</ei-ms-id>
      <id>1219</id>
      <intensity>40.0</intensity>
      <mass-charge>102.0</mass-charge>
    </ei-ms-peak>
    <ei-ms-peak>
      <ei-ms-id>13</ei-ms-id>
      <id>1220</id>
      <intensity>259.0</intensity>
      <mass-charge>103.0</mass-charge>
    </ei-ms-peak>
    <ei-ms-peak>
      <ei-ms-id>13</ei-ms-id>
      <id>1221</id>
      <intensity>149.0</intensity>
      <mass-charge>104.0</mass-charge>
    </ei-ms-peak>
    <ei-ms-peak>
      <ei-ms-id>13</ei-ms-id>
      <id>1222</id>
      <intensity>199.0</intensity>
      <mass-charge>105.0</mass-charge>
    </ei-ms-peak>
    <ei-ms-peak>
      <ei-ms-id>13</ei-ms-id>
      <id>1223</id>
      <intensity>30.0</intensity>
      <mass-charge>106.0</mass-charge>
    </ei-ms-peak>
    <ei-ms-peak>
      <ei-ms-id>13</ei-ms-id>
      <id>1224</id>
      <intensity>9999.0</intensity>
      <mass-charge>107.0</mass-charge>
    </ei-ms-peak>
    <ei-ms-peak>
      <ei-ms-id>13</ei-ms-id>
      <id>1225</id>
      <intensity>789.0</intensity>
      <mass-charge>108.0</mass-charge>
    </ei-ms-peak>
    <ei-ms-peak>
      <ei-ms-id>13</ei-ms-id>
      <id>1226</id>
      <intensity>50.0</intensity>
      <mass-charge>109.0</mass-charge>
    </ei-ms-peak>
    <ei-ms-peak>
      <ei-ms-id>13</ei-ms-id>
      <id>1227</id>
      <intensity>10.0</intensity>
      <mass-charge>118.0</mass-charge>
    </ei-ms-peak>
    <ei-ms-peak>
      <ei-ms-id>13</ei-ms-id>
      <id>1228</id>
      <intensity>90.0</intensity>
      <mass-charge>119.0</mass-charge>
    </ei-ms-peak>
    <ei-ms-peak>
      <ei-ms-id>13</ei-ms-id>
      <id>1229</id>
      <intensity>189.0</intensity>
      <mass-charge>120.0</mass-charge>
    </ei-ms-peak>
    <ei-ms-peak>
      <ei-ms-id>13</ei-ms-id>
      <id>1230</id>
      <intensity>4639.0</intensity>
      <mass-charge>121.0</mass-charge>
    </ei-ms-peak>
    <ei-ms-peak>
      <ei-ms-id>13</ei-ms-id>
      <id>1231</id>
      <intensity>9979.0</intensity>
      <mass-charge>122.0</mass-charge>
    </ei-ms-peak>
    <ei-ms-peak>
      <ei-ms-id>13</ei-ms-id>
      <id>1232</id>
      <intensity>869.0</intensity>
      <mass-charge>123.0</mass-charge>
    </ei-ms-peak>
    <ei-ms-peak>
      <ei-ms-id>13</ei-ms-id>
      <id>1233</id>
      <intensity>90.0</intensity>
      <mass-charge>124.0</mass-charge>
    </ei-ms-peak>
  </ei-ms-peaks>
</ei-ms>
