<?xml version="1.0" encoding="UTF-8"?>
<ei-ms>
  <collection-date nil="true"/>
  <created-at>2014-09-20T16:34:34Z</created-at>
  <database-id>HMDB13035</database-id>
  <id>702</id>
  <inchi-key>WYMSBXTXOHUIGT-UHFFFAOYSA-N</inchi-key>
  <instrument-type nil="true"/>
  <molecule-id nil="true"/>
  <notes nil="true"/>
  <peak-counter>231</peak-counter>
  <sample-assessment nil="true"/>
  <sample-concentration nil="true"/>
  <sample-concentration-units nil="true"/>
  <sample-mass nil="true"/>
  <sample-mass-units nil="true"/>
  <sample-source nil="true"/>
  <solvent nil="true"/>
  <spectra-assessment nil="true"/>
  <updated-at>2014-09-20T16:34:34Z</updated-at>
  <references>
    <reference>
      <database>NIST</database>
      <database-id>311-45-5</database-id>
      <id>15574</id>
      <pubmed-id nil="true"/>
      <ref-text>NIST Mass Spec Data Center, S.E. Stein, director, "Mass Spectra" in NIST Chemistry WebBook, NIST Standard Reference Database Number 69, Eds. P.J. Linstrom and W.G. Mallard, National Institute of Standards and Technology, Gaithersburg MD, 20899, http://webbook.nist.gov, (retrieved September 6, 2014).</ref-text>
      <spectra-id>702</spectra-id>
      <spectra-type>EiMs</spectra-type>
    </reference>
  </references>
  <ei-ms-peaks>
    <ei-ms-peak>
      <ei-ms-id>702</ei-ms-id>
      <id>77609</id>
      <intensity>40.0</intensity>
      <mass-charge>14.0</mass-charge>
    </ei-ms-peak>
    <ei-ms-peak>
      <ei-ms-id>702</ei-ms-id>
      <id>77610</id>
      <intensity>189.0</intensity>
      <mass-charge>15.0</mass-charge>
    </ei-ms-peak>
    <ei-ms-peak>
      <ei-ms-id>702</ei-ms-id>
      <id>77611</id>
      <intensity>30.0</intensity>
      <mass-charge>16.0</mass-charge>
    </ei-ms-peak>
    <ei-ms-peak>
      <ei-ms-id>702</ei-ms-id>
      <id>77612</id>
      <intensity>60.0</intensity>
      <mass-charge>17.0</mass-charge>
    </ei-ms-peak>
    <ei-ms-peak>
      <ei-ms-id>702</ei-ms-id>
      <id>77613</id>
      <intensity>299.0</intensity>
      <mass-charge>18.0</mass-charge>
    </ei-ms-peak>
    <ei-ms-peak>
      <ei-ms-id>702</ei-ms-id>
      <id>77614</id>
      <intensity>40.0</intensity>
      <mass-charge>19.0</mass-charge>
    </ei-ms-peak>
    <ei-ms-peak>
      <ei-ms-id>702</ei-ms-id>
      <id>77615</id>
      <intensity>20.0</intensity>
      <mass-charge>25.0</mass-charge>
    </ei-ms-peak>
    <ei-ms-peak>
      <ei-ms-id>702</ei-ms-id>
      <id>77616</id>
      <intensity>359.0</intensity>
      <mass-charge>26.0</mass-charge>
    </ei-ms-peak>
    <ei-ms-peak>
      <ei-ms-id>702</ei-ms-id>
      <id>77617</id>
      <intensity>1659.0</intensity>
      <mass-charge>27.0</mass-charge>
    </ei-ms-peak>
    <ei-ms-peak>
      <ei-ms-id>702</ei-ms-id>
      <id>77618</id>
      <intensity>549.0</intensity>
      <mass-charge>28.0</mass-charge>
    </ei-ms-peak>
    <ei-ms-peak>
      <ei-ms-id>702</ei-ms-id>
      <id>77619</id>
      <intensity>3609.0</intensity>
      <mass-charge>29.0</mass-charge>
    </ei-ms-peak>
    <ei-ms-peak>
      <ei-ms-id>702</ei-ms-id>
      <id>77620</id>
      <intensity>1489.0</intensity>
      <mass-charge>30.0</mass-charge>
    </ei-ms-peak>
    <ei-ms-peak>
      <ei-ms-id>702</ei-ms-id>
      <id>77621</id>
      <intensity>209.0</intensity>
      <mass-charge>31.0</mass-charge>
    </ei-ms-peak>
    <ei-ms-peak>
      <ei-ms-id>702</ei-ms-id>
      <id>77622</id>
      <intensity>139.0</intensity>
      <mass-charge>32.0</mass-charge>
    </ei-ms-peak>
    <ei-ms-peak>
      <ei-ms-id>702</ei-ms-id>
      <id>77623</id>
      <intensity>10.0</intensity>
      <mass-charge>35.0</mass-charge>
    </ei-ms-peak>
    <ei-ms-peak>
      <ei-ms-id>702</ei-ms-id>
      <id>77624</id>
      <intensity>10.0</intensity>
      <mass-charge>36.0</mass-charge>
    </ei-ms-peak>
    <ei-ms-peak>
      <ei-ms-id>702</ei-ms-id>
      <id>77625</id>
      <intensity>99.0</intensity>
      <mass-charge>37.0</mass-charge>
    </ei-ms-peak>
    <ei-ms-peak>
      <ei-ms-id>702</ei-ms-id>
      <id>77626</id>
      <intensity>589.0</intensity>
      <mass-charge>38.0</mass-charge>
    </ei-ms-peak>
    <ei-ms-peak>
      <ei-ms-id>702</ei-ms-id>
      <id>77627</id>
      <intensity>1009.0</intensity>
      <mass-charge>39.0</mass-charge>
    </ei-ms-peak>
    <ei-ms-peak>
      <ei-ms-id>702</ei-ms-id>
      <id>77628</id>
      <intensity>60.0</intensity>
      <mass-charge>40.0</mass-charge>
    </ei-ms-peak>
    <ei-ms-peak>
      <ei-ms-id>702</ei-ms-id>
      <id>77629</id>
      <intensity>149.0</intensity>
      <mass-charge>41.0</mass-charge>
    </ei-ms-peak>
    <ei-ms-peak>
      <ei-ms-id>702</ei-ms-id>
      <id>77630</id>
      <intensity>90.0</intensity>
      <mass-charge>42.0</mass-charge>
    </ei-ms-peak>
    <ei-ms-peak>
      <ei-ms-id>702</ei-ms-id>
      <id>77631</id>
      <intensity>509.0</intensity>
      <mass-charge>43.0</mass-charge>
    </ei-ms-peak>
    <ei-ms-peak>
      <ei-ms-id>702</ei-ms-id>
      <id>77632</id>
      <intensity>90.0</intensity>
      <mass-charge>44.0</mass-charge>
    </ei-ms-peak>
    <ei-ms-peak>
      <ei-ms-id>702</ei-ms-id>
      <id>77633</id>
      <intensity>1149.0</intensity>
      <mass-charge>45.0</mass-charge>
    </ei-ms-peak>
    <ei-ms-peak>
      <ei-ms-id>702</ei-ms-id>
      <id>77634</id>
      <intensity>70.0</intensity>
      <mass-charge>46.0</mass-charge>
    </ei-ms-peak>
    <ei-ms-peak>
      <ei-ms-id>702</ei-ms-id>
      <id>77635</id>
      <intensity>789.0</intensity>
      <mass-charge>47.0</mass-charge>
    </ei-ms-peak>
    <ei-ms-peak>
      <ei-ms-id>702</ei-ms-id>
      <id>77636</id>
      <intensity>40.0</intensity>
      <mass-charge>48.0</mass-charge>
    </ei-ms-peak>
    <ei-ms-peak>
      <ei-ms-id>702</ei-ms-id>
      <id>77637</id>
      <intensity>40.0</intensity>
      <mass-charge>49.0</mass-charge>
    </ei-ms-peak>
    <ei-ms-peak>
      <ei-ms-id>702</ei-ms-id>
      <id>77638</id>
      <intensity>779.0</intensity>
      <mass-charge>50.0</mass-charge>
    </ei-ms-peak>
    <ei-ms-peak>
      <ei-ms-id>702</ei-ms-id>
      <id>77639</id>
      <intensity>459.0</intensity>
      <mass-charge>51.0</mass-charge>
    </ei-ms-peak>
    <ei-ms-peak>
      <ei-ms-id>702</ei-ms-id>
      <id>77640</id>
      <intensity>399.0</intensity>
      <mass-charge>52.0</mass-charge>
    </ei-ms-peak>
    <ei-ms-peak>
      <ei-ms-id>702</ei-ms-id>
      <id>77641</id>
      <intensity>379.0</intensity>
      <mass-charge>53.0</mass-charge>
    </ei-ms-peak>
    <ei-ms-peak>
      <ei-ms-id>702</ei-ms-id>
      <id>77642</id>
      <intensity>189.0</intensity>
      <mass-charge>54.0</mass-charge>
    </ei-ms-peak>
    <ei-ms-peak>
      <ei-ms-id>702</ei-ms-id>
      <id>77643</id>
      <intensity>129.0</intensity>
      <mass-charge>55.0</mass-charge>
    </ei-ms-peak>
    <ei-ms-peak>
      <ei-ms-id>702</ei-ms-id>
      <id>77644</id>
      <intensity>40.0</intensity>
      <mass-charge>56.0</mass-charge>
    </ei-ms-peak>
    <ei-ms-peak>
      <ei-ms-id>702</ei-ms-id>
      <id>77645</id>
      <intensity>50.0</intensity>
      <mass-charge>57.0</mass-charge>
    </ei-ms-peak>
    <ei-ms-peak>
      <ei-ms-id>702</ei-ms-id>
      <id>77646</id>
      <intensity>20.0</intensity>
      <mass-charge>59.0</mass-charge>
    </ei-ms-peak>
    <ei-ms-peak>
      <ei-ms-id>702</ei-ms-id>
      <id>77647</id>
      <intensity>20.0</intensity>
      <mass-charge>60.0</mass-charge>
    </ei-ms-peak>
    <ei-ms-peak>
      <ei-ms-id>702</ei-ms-id>
      <id>77648</id>
      <intensity>109.0</intensity>
      <mass-charge>61.0</mass-charge>
    </ei-ms-peak>
    <ei-ms-peak>
      <ei-ms-id>702</ei-ms-id>
      <id>77649</id>
      <intensity>529.0</intensity>
      <mass-charge>62.0</mass-charge>
    </ei-ms-peak>
    <ei-ms-peak>
      <ei-ms-id>702</ei-ms-id>
      <id>77650</id>
      <intensity>2219.0</intensity>
      <mass-charge>63.0</mass-charge>
    </ei-ms-peak>
    <ei-ms-peak>
      <ei-ms-id>702</ei-ms-id>
      <id>77651</id>
      <intensity>1719.0</intensity>
      <mass-charge>64.0</mass-charge>
    </ei-ms-peak>
    <ei-ms-peak>
      <ei-ms-id>702</ei-ms-id>
      <id>77652</id>
      <intensity>2049.0</intensity>
      <mass-charge>65.0</mass-charge>
    </ei-ms-peak>
    <ei-ms-peak>
      <ei-ms-id>702</ei-ms-id>
      <id>77653</id>
      <intensity>189.0</intensity>
      <mass-charge>66.0</mass-charge>
    </ei-ms-peak>
    <ei-ms-peak>
      <ei-ms-id>702</ei-ms-id>
      <id>77654</id>
      <intensity>50.0</intensity>
      <mass-charge>67.0</mass-charge>
    </ei-ms-peak>
    <ei-ms-peak>
      <ei-ms-id>702</ei-ms-id>
      <id>77655</id>
      <intensity>119.0</intensity>
      <mass-charge>68.0</mass-charge>
    </ei-ms-peak>
    <ei-ms-peak>
      <ei-ms-id>702</ei-ms-id>
      <id>77656</id>
      <intensity>40.0</intensity>
      <mass-charge>69.0</mass-charge>
    </ei-ms-peak>
    <ei-ms-peak>
      <ei-ms-id>702</ei-ms-id>
      <id>77657</id>
      <intensity>20.0</intensity>
      <mass-charge>70.0</mass-charge>
    </ei-ms-peak>
    <ei-ms-peak>
      <ei-ms-id>702</ei-ms-id>
      <id>77658</id>
      <intensity>119.0</intensity>
      <mass-charge>71.0</mass-charge>
    </ei-ms-peak>
    <ei-ms-peak>
      <ei-ms-id>702</ei-ms-id>
      <id>77659</id>
      <intensity>10.0</intensity>
      <mass-charge>72.0</mass-charge>
    </ei-ms-peak>
    <ei-ms-peak>
      <ei-ms-id>702</ei-ms-id>
      <id>77660</id>
      <intensity>60.0</intensity>
      <mass-charge>73.0</mass-charge>
    </ei-ms-peak>
    <ei-ms-peak>
      <ei-ms-id>702</ei-ms-id>
      <id>77661</id>
      <intensity>389.0</intensity>
      <mass-charge>74.0</mass-charge>
    </ei-ms-peak>
    <ei-ms-peak>
      <ei-ms-id>702</ei-ms-id>
      <id>77662</id>
      <intensity>1539.0</intensity>
      <mass-charge>75.0</mass-charge>
    </ei-ms-peak>
    <ei-ms-peak>
      <ei-ms-id>702</ei-ms-id>
      <id>77663</id>
      <intensity>889.0</intensity>
      <mass-charge>76.0</mass-charge>
    </ei-ms-peak>
    <ei-ms-peak>
      <ei-ms-id>702</ei-ms-id>
      <id>77664</id>
      <intensity>329.0</intensity>
      <mass-charge>77.0</mass-charge>
    </ei-ms-peak>
    <ei-ms-peak>
      <ei-ms-id>702</ei-ms-id>
      <id>77665</id>
      <intensity>90.0</intensity>
      <mass-charge>78.0</mass-charge>
    </ei-ms-peak>
    <ei-ms-peak>
      <ei-ms-id>702</ei-ms-id>
      <id>77666</id>
      <intensity>379.0</intensity>
      <mass-charge>79.0</mass-charge>
    </ei-ms-peak>
    <ei-ms-peak>
      <ei-ms-id>702</ei-ms-id>
      <id>77667</id>
      <intensity>279.0</intensity>
      <mass-charge>80.0</mass-charge>
    </ei-ms-peak>
    <ei-ms-peak>
      <ei-ms-id>702</ei-ms-id>
      <id>77668</id>
      <intensity>5359.0</intensity>
      <mass-charge>81.0</mass-charge>
    </ei-ms-peak>
    <ei-ms-peak>
      <ei-ms-id>702</ei-ms-id>
      <id>77669</id>
      <intensity>429.0</intensity>
      <mass-charge>82.0</mass-charge>
    </ei-ms-peak>
    <ei-ms-peak>
      <ei-ms-id>702</ei-ms-id>
      <id>77670</id>
      <intensity>239.0</intensity>
      <mass-charge>83.0</mass-charge>
    </ei-ms-peak>
    <ei-ms-peak>
      <ei-ms-id>702</ei-ms-id>
      <id>77671</id>
      <intensity>30.0</intensity>
      <mass-charge>84.0</mass-charge>
    </ei-ms-peak>
    <ei-ms-peak>
      <ei-ms-id>702</ei-ms-id>
      <id>77672</id>
      <intensity>50.0</intensity>
      <mass-charge>85.0</mass-charge>
    </ei-ms-peak>
    <ei-ms-peak>
      <ei-ms-id>702</ei-ms-id>
      <id>77673</id>
      <intensity>10.0</intensity>
      <mass-charge>86.0</mass-charge>
    </ei-ms-peak>
    <ei-ms-peak>
      <ei-ms-id>702</ei-ms-id>
      <id>77674</id>
      <intensity>20.0</intensity>
      <mass-charge>87.0</mass-charge>
    </ei-ms-peak>
    <ei-ms-peak>
      <ei-ms-id>702</ei-ms-id>
      <id>77675</id>
      <intensity>20.0</intensity>
      <mass-charge>88.0</mass-charge>
    </ei-ms-peak>
    <ei-ms-peak>
      <ei-ms-id>702</ei-ms-id>
      <id>77676</id>
      <intensity>40.0</intensity>
      <mass-charge>89.0</mass-charge>
    </ei-ms-peak>
    <ei-ms-peak>
      <ei-ms-id>702</ei-ms-id>
      <id>77677</id>
      <intensity>60.0</intensity>
      <mass-charge>90.0</mass-charge>
    </ei-ms-peak>
    <ei-ms-peak>
      <ei-ms-id>702</ei-ms-id>
      <id>77678</id>
      <intensity>1429.0</intensity>
      <mass-charge>91.0</mass-charge>
    </ei-ms-peak>
    <ei-ms-peak>
      <ei-ms-id>702</ei-ms-id>
      <id>77679</id>
      <intensity>759.0</intensity>
      <mass-charge>92.0</mass-charge>
    </ei-ms-peak>
    <ei-ms-peak>
      <ei-ms-id>702</ei-ms-id>
      <id>77680</id>
      <intensity>1129.0</intensity>
      <mass-charge>93.0</mass-charge>
    </ei-ms-peak>
    <ei-ms-peak>
      <ei-ms-id>702</ei-ms-id>
      <id>77681</id>
      <intensity>409.0</intensity>
      <mass-charge>94.0</mass-charge>
    </ei-ms-peak>
    <ei-ms-peak>
      <ei-ms-id>702</ei-ms-id>
      <id>77682</id>
      <intensity>99.0</intensity>
      <mass-charge>95.0</mass-charge>
    </ei-ms-peak>
    <ei-ms-peak>
      <ei-ms-id>702</ei-ms-id>
      <id>77683</id>
      <intensity>50.0</intensity>
      <mass-charge>96.0</mass-charge>
    </ei-ms-peak>
    <ei-ms-peak>
      <ei-ms-id>702</ei-ms-id>
      <id>77684</id>
      <intensity>20.0</intensity>
      <mass-charge>97.0</mass-charge>
    </ei-ms-peak>
    <ei-ms-peak>
      <ei-ms-id>702</ei-ms-id>
      <id>77685</id>
      <intensity>20.0</intensity>
      <mass-charge>98.0</mass-charge>
    </ei-ms-peak>
    <ei-ms-peak>
      <ei-ms-id>702</ei-ms-id>
      <id>77686</id>
      <intensity>4179.0</intensity>
      <mass-charge>99.0</mass-charge>
    </ei-ms-peak>
    <ei-ms-peak>
      <ei-ms-id>702</ei-ms-id>
      <id>77687</id>
      <intensity>70.0</intensity>
      <mass-charge>100.0</mass-charge>
    </ei-ms-peak>
    <ei-ms-peak>
      <ei-ms-id>702</ei-ms-id>
      <id>77688</id>
      <intensity>80.0</intensity>
      <mass-charge>101.0</mass-charge>
    </ei-ms-peak>
    <ei-ms-peak>
      <ei-ms-id>702</ei-ms-id>
      <id>77689</id>
      <intensity>129.0</intensity>
      <mass-charge>102.0</mass-charge>
    </ei-ms-peak>
    <ei-ms-peak>
      <ei-ms-id>702</ei-ms-id>
      <id>77690</id>
      <intensity>529.0</intensity>
      <mass-charge>103.0</mass-charge>
    </ei-ms-peak>
    <ei-ms-peak>
      <ei-ms-id>702</ei-ms-id>
      <id>77691</id>
      <intensity>80.0</intensity>
      <mass-charge>104.0</mass-charge>
    </ei-ms-peak>
    <ei-ms-peak>
      <ei-ms-id>702</ei-ms-id>
      <id>77692</id>
      <intensity>40.0</intensity>
      <mass-charge>105.0</mass-charge>
    </ei-ms-peak>
    <ei-ms-peak>
      <ei-ms-id>702</ei-ms-id>
      <id>77693</id>
      <intensity>99.0</intensity>
      <mass-charge>106.0</mass-charge>
    </ei-ms-peak>
    <ei-ms-peak>
      <ei-ms-id>702</ei-ms-id>
      <id>77694</id>
      <intensity>179.0</intensity>
      <mass-charge>107.0</mass-charge>
    </ei-ms-peak>
    <ei-ms-peak>
      <ei-ms-id>702</ei-ms-id>
      <id>77695</id>
      <intensity>199.0</intensity>
      <mass-charge>108.0</mass-charge>
    </ei-ms-peak>
    <ei-ms-peak>
      <ei-ms-id>702</ei-ms-id>
      <id>77696</id>
      <intensity>9999.0</intensity>
      <mass-charge>109.0</mass-charge>
    </ei-ms-peak>
    <ei-ms-peak>
      <ei-ms-id>702</ei-ms-id>
      <id>77697</id>
      <intensity>899.0</intensity>
      <mass-charge>110.0</mass-charge>
    </ei-ms-peak>
    <ei-ms-peak>
      <ei-ms-id>702</ei-ms-id>
      <id>77698</id>
      <intensity>269.0</intensity>
      <mass-charge>111.0</mass-charge>
    </ei-ms-peak>
    <ei-ms-peak>
      <ei-ms-id>702</ei-ms-id>
      <id>77699</id>
      <intensity>20.0</intensity>
      <mass-charge>112.0</mass-charge>
    </ei-ms-peak>
    <ei-ms-peak>
      <ei-ms-id>702</ei-ms-id>
      <id>77700</id>
      <intensity>30.0</intensity>
      <mass-charge>113.0</mass-charge>
    </ei-ms-peak>
    <ei-ms-peak>
      <ei-ms-id>702</ei-ms-id>
      <id>77701</id>
      <intensity>50.0</intensity>
      <mass-charge>115.0</mass-charge>
    </ei-ms-peak>
    <ei-ms-peak>
      <ei-ms-id>702</ei-ms-id>
      <id>77702</id>
      <intensity>20.0</intensity>
      <mass-charge>116.0</mass-charge>
    </ei-ms-peak>
    <ei-ms-peak>
      <ei-ms-id>702</ei-ms-id>
      <id>77703</id>
      <intensity>179.0</intensity>
      <mass-charge>117.0</mass-charge>
    </ei-ms-peak>
    <ei-ms-peak>
      <ei-ms-id>702</ei-ms-id>
      <id>77704</id>
      <intensity>30.0</intensity>
      <mass-charge>118.0</mass-charge>
    </ei-ms-peak>
    <ei-ms-peak>
      <ei-ms-id>702</ei-ms-id>
      <id>77705</id>
      <intensity>1359.0</intensity>
      <mass-charge>119.0</mass-charge>
    </ei-ms-peak>
    <ei-ms-peak>
      <ei-ms-id>702</ei-ms-id>
      <id>77706</id>
      <intensity>259.0</intensity>
      <mass-charge>120.0</mass-charge>
    </ei-ms-peak>
    <ei-ms-peak>
      <ei-ms-id>702</ei-ms-id>
      <id>77707</id>
      <intensity>209.0</intensity>
      <mass-charge>121.0</mass-charge>
    </ei-ms-peak>
    <ei-ms-peak>
      <ei-ms-id>702</ei-ms-id>
      <id>77708</id>
      <intensity>339.0</intensity>
      <mass-charge>122.0</mass-charge>
    </ei-ms-peak>
    <ei-ms-peak>
      <ei-ms-id>702</ei-ms-id>
      <id>77709</id>
      <intensity>719.0</intensity>
      <mass-charge>123.0</mass-charge>
    </ei-ms-peak>
    <ei-ms-peak>
      <ei-ms-id>702</ei-ms-id>
      <id>77710</id>
      <intensity>90.0</intensity>
      <mass-charge>124.0</mass-charge>
    </ei-ms-peak>
    <ei-ms-peak>
      <ei-ms-id>702</ei-ms-id>
      <id>77711</id>
      <intensity>129.0</intensity>
      <mass-charge>125.0</mass-charge>
    </ei-ms-peak>
    <ei-ms-peak>
      <ei-ms-id>702</ei-ms-id>
      <id>77712</id>
      <intensity>139.0</intensity>
      <mass-charge>126.0</mass-charge>
    </ei-ms-peak>
    <ei-ms-peak>
      <ei-ms-id>702</ei-ms-id>
      <id>77713</id>
      <intensity>2809.0</intensity>
      <mass-charge>127.0</mass-charge>
    </ei-ms-peak>
    <ei-ms-peak>
      <ei-ms-id>702</ei-ms-id>
      <id>77714</id>
      <intensity>119.0</intensity>
      <mass-charge>128.0</mass-charge>
    </ei-ms-peak>
    <ei-ms-peak>
      <ei-ms-id>702</ei-ms-id>
      <id>77715</id>
      <intensity>50.0</intensity>
      <mass-charge>129.0</mass-charge>
    </ei-ms-peak>
    <ei-ms-peak>
      <ei-ms-id>702</ei-ms-id>
      <id>77716</id>
      <intensity>10.0</intensity>
      <mass-charge>130.0</mass-charge>
    </ei-ms-peak>
    <ei-ms-peak>
      <ei-ms-id>702</ei-ms-id>
      <id>77717</id>
      <intensity>1369.0</intensity>
      <mass-charge>131.0</mass-charge>
    </ei-ms-peak>
    <ei-ms-peak>
      <ei-ms-id>702</ei-ms-id>
      <id>77718</id>
      <intensity>499.0</intensity>
      <mass-charge>132.0</mass-charge>
    </ei-ms-peak>
    <ei-ms-peak>
      <ei-ms-id>702</ei-ms-id>
      <id>77719</id>
      <intensity>80.0</intensity>
      <mass-charge>133.0</mass-charge>
    </ei-ms-peak>
    <ei-ms-peak>
      <ei-ms-id>702</ei-ms-id>
      <id>77720</id>
      <intensity>119.0</intensity>
      <mass-charge>134.0</mass-charge>
    </ei-ms-peak>
    <ei-ms-peak>
      <ei-ms-id>702</ei-ms-id>
      <id>77721</id>
      <intensity>40.0</intensity>
      <mass-charge>135.0</mass-charge>
    </ei-ms-peak>
    <ei-ms-peak>
      <ei-ms-id>702</ei-ms-id>
      <id>77722</id>
      <intensity>70.0</intensity>
      <mass-charge>136.0</mass-charge>
    </ei-ms-peak>
    <ei-ms-peak>
      <ei-ms-id>702</ei-ms-id>
      <id>77723</id>
      <intensity>409.0</intensity>
      <mass-charge>137.0</mass-charge>
    </ei-ms-peak>
    <ei-ms-peak>
      <ei-ms-id>702</ei-ms-id>
      <id>77724</id>
      <intensity>50.0</intensity>
      <mass-charge>138.0</mass-charge>
    </ei-ms-peak>
    <ei-ms-peak>
      <ei-ms-id>702</ei-ms-id>
      <id>77725</id>
      <intensity>3759.0</intensity>
      <mass-charge>139.0</mass-charge>
    </ei-ms-peak>
    <ei-ms-peak>
      <ei-ms-id>702</ei-ms-id>
      <id>77726</id>
      <intensity>349.0</intensity>
      <mass-charge>140.0</mass-charge>
    </ei-ms-peak>
    <ei-ms-peak>
      <ei-ms-id>702</ei-ms-id>
      <id>77727</id>
      <intensity>70.0</intensity>
      <mass-charge>141.0</mass-charge>
    </ei-ms-peak>
    <ei-ms-peak>
      <ei-ms-id>702</ei-ms-id>
      <id>77728</id>
      <intensity>10.0</intensity>
      <mass-charge>142.0</mass-charge>
    </ei-ms-peak>
    <ei-ms-peak>
      <ei-ms-id>702</ei-ms-id>
      <id>77729</id>
      <intensity>99.0</intensity>
      <mass-charge>143.0</mass-charge>
    </ei-ms-peak>
    <ei-ms-peak>
      <ei-ms-id>702</ei-ms-id>
      <id>77730</id>
      <intensity>20.0</intensity>
      <mass-charge>144.0</mass-charge>
    </ei-ms-peak>
    <ei-ms-peak>
      <ei-ms-id>702</ei-ms-id>
      <id>77731</id>
      <intensity>60.0</intensity>
      <mass-charge>145.0</mass-charge>
    </ei-ms-peak>
    <ei-ms-peak>
      <ei-ms-id>702</ei-ms-id>
      <id>77732</id>
      <intensity>10.0</intensity>
      <mass-charge>146.0</mass-charge>
    </ei-ms-peak>
    <ei-ms-peak>
      <ei-ms-id>702</ei-ms-id>
      <id>77733</id>
      <intensity>20.0</intensity>
      <mass-charge>147.0</mass-charge>
    </ei-ms-peak>
    <ei-ms-peak>
      <ei-ms-id>702</ei-ms-id>
      <id>77734</id>
      <intensity>40.0</intensity>
      <mass-charge>148.0</mass-charge>
    </ei-ms-peak>
    <ei-ms-peak>
      <ei-ms-id>702</ei-ms-id>
      <id>77735</id>
      <intensity>5019.0</intensity>
      <mass-charge>149.0</mass-charge>
    </ei-ms-peak>
    <ei-ms-peak>
      <ei-ms-id>702</ei-ms-id>
      <id>77736</id>
      <intensity>689.0</intensity>
      <mass-charge>150.0</mass-charge>
    </ei-ms-peak>
    <ei-ms-peak>
      <ei-ms-id>702</ei-ms-id>
      <id>77737</id>
      <intensity>149.0</intensity>
      <mass-charge>151.0</mass-charge>
    </ei-ms-peak>
    <ei-ms-peak>
      <ei-ms-id>702</ei-ms-id>
      <id>77738</id>
      <intensity>449.0</intensity>
      <mass-charge>152.0</mass-charge>
    </ei-ms-peak>
    <ei-ms-peak>
      <ei-ms-id>702</ei-ms-id>
      <id>77739</id>
      <intensity>60.0</intensity>
      <mass-charge>153.0</mass-charge>
    </ei-ms-peak>
    <ei-ms-peak>
      <ei-ms-id>702</ei-ms-id>
      <id>77740</id>
      <intensity>30.0</intensity>
      <mass-charge>154.0</mass-charge>
    </ei-ms-peak>
    <ei-ms-peak>
      <ei-ms-id>702</ei-ms-id>
      <id>77741</id>
      <intensity>659.0</intensity>
      <mass-charge>155.0</mass-charge>
    </ei-ms-peak>
    <ei-ms-peak>
      <ei-ms-id>702</ei-ms-id>
      <id>77742</id>
      <intensity>659.0</intensity>
      <mass-charge>156.0</mass-charge>
    </ei-ms-peak>
    <ei-ms-peak>
      <ei-ms-id>702</ei-ms-id>
      <id>77743</id>
      <intensity>99.0</intensity>
      <mass-charge>157.0</mass-charge>
    </ei-ms-peak>
    <ei-ms-peak>
      <ei-ms-id>702</ei-ms-id>
      <id>77744</id>
      <intensity>30.0</intensity>
      <mass-charge>158.0</mass-charge>
    </ei-ms-peak>
    <ei-ms-peak>
      <ei-ms-id>702</ei-ms-id>
      <id>77745</id>
      <intensity>80.0</intensity>
      <mass-charge>159.0</mass-charge>
    </ei-ms-peak>
    <ei-ms-peak>
      <ei-ms-id>702</ei-ms-id>
      <id>77746</id>
      <intensity>10.0</intensity>
      <mass-charge>160.0</mass-charge>
    </ei-ms-peak>
    <ei-ms-peak>
      <ei-ms-id>702</ei-ms-id>
      <id>77747</id>
      <intensity>30.0</intensity>
      <mass-charge>161.0</mass-charge>
    </ei-ms-peak>
    <ei-ms-peak>
      <ei-ms-id>702</ei-ms-id>
      <id>77748</id>
      <intensity>20.0</intensity>
      <mass-charge>162.0</mass-charge>
    </ei-ms-peak>
    <ei-ms-peak>
      <ei-ms-id>702</ei-ms-id>
      <id>77749</id>
      <intensity>20.0</intensity>
      <mass-charge>163.0</mass-charge>
    </ei-ms-peak>
    <ei-ms-peak>
      <ei-ms-id>702</ei-ms-id>
      <id>77750</id>
      <intensity>20.0</intensity>
      <mass-charge>164.0</mass-charge>
    </ei-ms-peak>
    <ei-ms-peak>
      <ei-ms-id>702</ei-ms-id>
      <id>77751</id>
      <intensity>20.0</intensity>
      <mass-charge>165.0</mass-charge>
    </ei-ms-peak>
    <ei-ms-peak>
      <ei-ms-id>702</ei-ms-id>
      <id>77752</id>
      <intensity>219.0</intensity>
      <mass-charge>166.0</mass-charge>
    </ei-ms-peak>
    <ei-ms-peak>
      <ei-ms-id>702</ei-ms-id>
      <id>77753</id>
      <intensity>80.0</intensity>
      <mass-charge>167.0</mass-charge>
    </ei-ms-peak>
    <ei-ms-peak>
      <ei-ms-id>702</ei-ms-id>
      <id>77754</id>
      <intensity>10.0</intensity>
      <mass-charge>168.0</mass-charge>
    </ei-ms-peak>
    <ei-ms-peak>
      <ei-ms-id>702</ei-ms-id>
      <id>77755</id>
      <intensity>20.0</intensity>
      <mass-charge>169.0</mass-charge>
    </ei-ms-peak>
    <ei-ms-peak>
      <ei-ms-id>702</ei-ms-id>
      <id>77756</id>
      <intensity>10.0</intensity>
      <mass-charge>170.0</mass-charge>
    </ei-ms-peak>
    <ei-ms-peak>
      <ei-ms-id>702</ei-ms-id>
      <id>77757</id>
      <intensity>359.0</intensity>
      <mass-charge>171.0</mass-charge>
    </ei-ms-peak>
    <ei-ms-peak>
      <ei-ms-id>702</ei-ms-id>
      <id>77758</id>
      <intensity>299.0</intensity>
      <mass-charge>172.0</mass-charge>
    </ei-ms-peak>
    <ei-ms-peak>
      <ei-ms-id>702</ei-ms-id>
      <id>77759</id>
      <intensity>939.0</intensity>
      <mass-charge>173.0</mass-charge>
    </ei-ms-peak>
    <ei-ms-peak>
      <ei-ms-id>702</ei-ms-id>
      <id>77760</id>
      <intensity>349.0</intensity>
      <mass-charge>174.0</mass-charge>
    </ei-ms-peak>
    <ei-ms-peak>
      <ei-ms-id>702</ei-ms-id>
      <id>77761</id>
      <intensity>90.0</intensity>
      <mass-charge>175.0</mass-charge>
    </ei-ms-peak>
    <ei-ms-peak>
      <ei-ms-id>702</ei-ms-id>
      <id>77762</id>
      <intensity>10.0</intensity>
      <mass-charge>176.0</mass-charge>
    </ei-ms-peak>
    <ei-ms-peak>
      <ei-ms-id>702</ei-ms-id>
      <id>77763</id>
      <intensity>20.0</intensity>
      <mass-charge>177.0</mass-charge>
    </ei-ms-peak>
    <ei-ms-peak>
      <ei-ms-id>702</ei-ms-id>
      <id>77764</id>
      <intensity>10.0</intensity>
      <mass-charge>179.0</mass-charge>
    </ei-ms-peak>
    <ei-ms-peak>
      <ei-ms-id>702</ei-ms-id>
      <id>77765</id>
      <intensity>30.0</intensity>
      <mass-charge>181.0</mass-charge>
    </ei-ms-peak>
    <ei-ms-peak>
      <ei-ms-id>702</ei-ms-id>
      <id>77766</id>
      <intensity>30.0</intensity>
      <mass-charge>182.0</mass-charge>
    </ei-ms-peak>
    <ei-ms-peak>
      <ei-ms-id>702</ei-ms-id>
      <id>77767</id>
      <intensity>60.0</intensity>
      <mass-charge>183.0</mass-charge>
    </ei-ms-peak>
    <ei-ms-peak>
      <ei-ms-id>702</ei-ms-id>
      <id>77768</id>
      <intensity>109.0</intensity>
      <mass-charge>184.0</mass-charge>
    </ei-ms-peak>
    <ei-ms-peak>
      <ei-ms-id>702</ei-ms-id>
      <id>77769</id>
      <intensity>249.0</intensity>
      <mass-charge>185.0</mass-charge>
    </ei-ms-peak>
    <ei-ms-peak>
      <ei-ms-id>702</ei-ms-id>
      <id>77770</id>
      <intensity>189.0</intensity>
      <mass-charge>186.0</mass-charge>
    </ei-ms-peak>
    <ei-ms-peak>
      <ei-ms-id>702</ei-ms-id>
      <id>77771</id>
      <intensity>60.0</intensity>
      <mass-charge>187.0</mass-charge>
    </ei-ms-peak>
    <ei-ms-peak>
      <ei-ms-id>702</ei-ms-id>
      <id>77772</id>
      <intensity>20.0</intensity>
      <mass-charge>188.0</mass-charge>
    </ei-ms-peak>
    <ei-ms-peak>
      <ei-ms-id>702</ei-ms-id>
      <id>77773</id>
      <intensity>429.0</intensity>
      <mass-charge>189.0</mass-charge>
    </ei-ms-peak>
    <ei-ms-peak>
      <ei-ms-id>702</ei-ms-id>
      <id>77774</id>
      <intensity>40.0</intensity>
      <mass-charge>190.0</mass-charge>
    </ei-ms-peak>
    <ei-ms-peak>
      <ei-ms-id>702</ei-ms-id>
      <id>77775</id>
      <intensity>20.0</intensity>
      <mass-charge>191.0</mass-charge>
    </ei-ms-peak>
    <ei-ms-peak>
      <ei-ms-id>702</ei-ms-id>
      <id>77776</id>
      <intensity>10.0</intensity>
      <mass-charge>193.0</mass-charge>
    </ei-ms-peak>
    <ei-ms-peak>
      <ei-ms-id>702</ei-ms-id>
      <id>77777</id>
      <intensity>10.0</intensity>
      <mass-charge>194.0</mass-charge>
    </ei-ms-peak>
    <ei-ms-peak>
      <ei-ms-id>702</ei-ms-id>
      <id>77778</id>
      <intensity>20.0</intensity>
      <mass-charge>195.0</mass-charge>
    </ei-ms-peak>
    <ei-ms-peak>
      <ei-ms-id>702</ei-ms-id>
      <id>77779</id>
      <intensity>10.0</intensity>
      <mass-charge>196.0</mass-charge>
    </ei-ms-peak>
    <ei-ms-peak>
      <ei-ms-id>702</ei-ms-id>
      <id>77780</id>
      <intensity>10.0</intensity>
      <mass-charge>197.0</mass-charge>
    </ei-ms-peak>
    <ei-ms-peak>
      <ei-ms-id>702</ei-ms-id>
      <id>77781</id>
      <intensity>10.0</intensity>
      <mass-charge>198.0</mass-charge>
    </ei-ms-peak>
    <ei-ms-peak>
      <ei-ms-id>702</ei-ms-id>
      <id>77782</id>
      <intensity>139.0</intensity>
      <mass-charge>199.0</mass-charge>
    </ei-ms-peak>
    <ei-ms-peak>
      <ei-ms-id>702</ei-ms-id>
      <id>77783</id>
      <intensity>329.0</intensity>
      <mass-charge>200.0</mass-charge>
    </ei-ms-peak>
    <ei-ms-peak>
      <ei-ms-id>702</ei-ms-id>
      <id>77784</id>
      <intensity>689.0</intensity>
      <mass-charge>201.0</mass-charge>
    </ei-ms-peak>
    <ei-ms-peak>
      <ei-ms-id>702</ei-ms-id>
      <id>77785</id>
      <intensity>389.0</intensity>
      <mass-charge>202.0</mass-charge>
    </ei-ms-peak>
    <ei-ms-peak>
      <ei-ms-id>702</ei-ms-id>
      <id>77786</id>
      <intensity>999.0</intensity>
      <mass-charge>203.0</mass-charge>
    </ei-ms-peak>
    <ei-ms-peak>
      <ei-ms-id>702</ei-ms-id>
      <id>77787</id>
      <intensity>119.0</intensity>
      <mass-charge>204.0</mass-charge>
    </ei-ms-peak>
    <ei-ms-peak>
      <ei-ms-id>702</ei-ms-id>
      <id>77788</id>
      <intensity>30.0</intensity>
      <mass-charge>205.0</mass-charge>
    </ei-ms-peak>
    <ei-ms-peak>
      <ei-ms-id>702</ei-ms-id>
      <id>77789</id>
      <intensity>10.0</intensity>
      <mass-charge>206.0</mass-charge>
    </ei-ms-peak>
    <ei-ms-peak>
      <ei-ms-id>702</ei-ms-id>
      <id>77790</id>
      <intensity>20.0</intensity>
      <mass-charge>207.0</mass-charge>
    </ei-ms-peak>
    <ei-ms-peak>
      <ei-ms-id>702</ei-ms-id>
      <id>77791</id>
      <intensity>20.0</intensity>
      <mass-charge>211.0</mass-charge>
    </ei-ms-peak>
    <ei-ms-peak>
      <ei-ms-id>702</ei-ms-id>
      <id>77792</id>
      <intensity>30.0</intensity>
      <mass-charge>212.0</mass-charge>
    </ei-ms-peak>
    <ei-ms-peak>
      <ei-ms-id>702</ei-ms-id>
      <id>77793</id>
      <intensity>50.0</intensity>
      <mass-charge>213.0</mass-charge>
    </ei-ms-peak>
    <ei-ms-peak>
      <ei-ms-id>702</ei-ms-id>
      <id>77794</id>
      <intensity>40.0</intensity>
      <mass-charge>214.0</mass-charge>
    </ei-ms-peak>
    <ei-ms-peak>
      <ei-ms-id>702</ei-ms-id>
      <id>77795</id>
      <intensity>40.0</intensity>
      <mass-charge>215.0</mass-charge>
    </ei-ms-peak>
    <ei-ms-peak>
      <ei-ms-id>702</ei-ms-id>
      <id>77796</id>
      <intensity>30.0</intensity>
      <mass-charge>216.0</mass-charge>
    </ei-ms-peak>
    <ei-ms-peak>
      <ei-ms-id>702</ei-ms-id>
      <id>77797</id>
      <intensity>80.0</intensity>
      <mass-charge>217.0</mass-charge>
    </ei-ms-peak>
    <ei-ms-peak>
      <ei-ms-id>702</ei-ms-id>
      <id>77798</id>
      <intensity>40.0</intensity>
      <mass-charge>218.0</mass-charge>
    </ei-ms-peak>
    <ei-ms-peak>
      <ei-ms-id>702</ei-ms-id>
      <id>77799</id>
      <intensity>1649.0</intensity>
      <mass-charge>219.0</mass-charge>
    </ei-ms-peak>
    <ei-ms-peak>
      <ei-ms-id>702</ei-ms-id>
      <id>77800</id>
      <intensity>1859.0</intensity>
      <mass-charge>220.0</mass-charge>
    </ei-ms-peak>
    <ei-ms-peak>
      <ei-ms-id>702</ei-ms-id>
      <id>77801</id>
      <intensity>189.0</intensity>
      <mass-charge>221.0</mass-charge>
    </ei-ms-peak>
    <ei-ms-peak>
      <ei-ms-id>702</ei-ms-id>
      <id>77802</id>
      <intensity>50.0</intensity>
      <mass-charge>222.0</mass-charge>
    </ei-ms-peak>
    <ei-ms-peak>
      <ei-ms-id>702</ei-ms-id>
      <id>77803</id>
      <intensity>10.0</intensity>
      <mass-charge>223.0</mass-charge>
    </ei-ms-peak>
    <ei-ms-peak>
      <ei-ms-id>702</ei-ms-id>
      <id>77804</id>
      <intensity>10.0</intensity>
      <mass-charge>225.0</mass-charge>
    </ei-ms-peak>
    <ei-ms-peak>
      <ei-ms-id>702</ei-ms-id>
      <id>77805</id>
      <intensity>10.0</intensity>
      <mass-charge>226.0</mass-charge>
    </ei-ms-peak>
    <ei-ms-peak>
      <ei-ms-id>702</ei-ms-id>
      <id>77806</id>
      <intensity>30.0</intensity>
      <mass-charge>227.0</mass-charge>
    </ei-ms-peak>
    <ei-ms-peak>
      <ei-ms-id>702</ei-ms-id>
      <id>77807</id>
      <intensity>149.0</intensity>
      <mass-charge>228.0</mass-charge>
    </ei-ms-peak>
    <ei-ms-peak>
      <ei-ms-id>702</ei-ms-id>
      <id>77808</id>
      <intensity>229.0</intensity>
      <mass-charge>229.0</mass-charge>
    </ei-ms-peak>
    <ei-ms-peak>
      <ei-ms-id>702</ei-ms-id>
      <id>77809</id>
      <intensity>639.0</intensity>
      <mass-charge>230.0</mass-charge>
    </ei-ms-peak>
    <ei-ms-peak>
      <ei-ms-id>702</ei-ms-id>
      <id>77810</id>
      <intensity>549.0</intensity>
      <mass-charge>231.0</mass-charge>
    </ei-ms-peak>
    <ei-ms-peak>
      <ei-ms-id>702</ei-ms-id>
      <id>77811</id>
      <intensity>1529.0</intensity>
      <mass-charge>232.0</mass-charge>
    </ei-ms-peak>
    <ei-ms-peak>
      <ei-ms-id>702</ei-ms-id>
      <id>77812</id>
      <intensity>159.0</intensity>
      <mass-charge>233.0</mass-charge>
    </ei-ms-peak>
    <ei-ms-peak>
      <ei-ms-id>702</ei-ms-id>
      <id>77813</id>
      <intensity>30.0</intensity>
      <mass-charge>234.0</mass-charge>
    </ei-ms-peak>
    <ei-ms-peak>
      <ei-ms-id>702</ei-ms-id>
      <id>77814</id>
      <intensity>20.0</intensity>
      <mass-charge>235.0</mass-charge>
    </ei-ms-peak>
    <ei-ms-peak>
      <ei-ms-id>702</ei-ms-id>
      <id>77815</id>
      <intensity>10.0</intensity>
      <mass-charge>237.0</mass-charge>
    </ei-ms-peak>
    <ei-ms-peak>
      <ei-ms-id>702</ei-ms-id>
      <id>77816</id>
      <intensity>10.0</intensity>
      <mass-charge>239.0</mass-charge>
    </ei-ms-peak>
    <ei-ms-peak>
      <ei-ms-id>702</ei-ms-id>
      <id>77817</id>
      <intensity>10.0</intensity>
      <mass-charge>240.0</mass-charge>
    </ei-ms-peak>
    <ei-ms-peak>
      <ei-ms-id>702</ei-ms-id>
      <id>77818</id>
      <intensity>10.0</intensity>
      <mass-charge>242.0</mass-charge>
    </ei-ms-peak>
    <ei-ms-peak>
      <ei-ms-id>702</ei-ms-id>
      <id>77819</id>
      <intensity>20.0</intensity>
      <mass-charge>243.0</mass-charge>
    </ei-ms-peak>
    <ei-ms-peak>
      <ei-ms-id>702</ei-ms-id>
      <id>77820</id>
      <intensity>20.0</intensity>
      <mass-charge>244.0</mass-charge>
    </ei-ms-peak>
    <ei-ms-peak>
      <ei-ms-id>702</ei-ms-id>
      <id>77821</id>
      <intensity>70.0</intensity>
      <mass-charge>245.0</mass-charge>
    </ei-ms-peak>
    <ei-ms-peak>
      <ei-ms-id>702</ei-ms-id>
      <id>77822</id>
      <intensity>819.0</intensity>
      <mass-charge>246.0</mass-charge>
    </ei-ms-peak>
    <ei-ms-peak>
      <ei-ms-id>702</ei-ms-id>
      <id>77823</id>
      <intensity>2649.0</intensity>
      <mass-charge>247.0</mass-charge>
    </ei-ms-peak>
    <ei-ms-peak>
      <ei-ms-id>702</ei-ms-id>
      <id>77824</id>
      <intensity>739.0</intensity>
      <mass-charge>248.0</mass-charge>
    </ei-ms-peak>
    <ei-ms-peak>
      <ei-ms-id>702</ei-ms-id>
      <id>77825</id>
      <intensity>99.0</intensity>
      <mass-charge>249.0</mass-charge>
    </ei-ms-peak>
    <ei-ms-peak>
      <ei-ms-id>702</ei-ms-id>
      <id>77826</id>
      <intensity>20.0</intensity>
      <mass-charge>250.0</mass-charge>
    </ei-ms-peak>
    <ei-ms-peak>
      <ei-ms-id>702</ei-ms-id>
      <id>77827</id>
      <intensity>10.0</intensity>
      <mass-charge>256.0</mass-charge>
    </ei-ms-peak>
    <ei-ms-peak>
      <ei-ms-id>702</ei-ms-id>
      <id>77828</id>
      <intensity>50.0</intensity>
      <mass-charge>257.0</mass-charge>
    </ei-ms-peak>
    <ei-ms-peak>
      <ei-ms-id>702</ei-ms-id>
      <id>77829</id>
      <intensity>429.0</intensity>
      <mass-charge>258.0</mass-charge>
    </ei-ms-peak>
    <ei-ms-peak>
      <ei-ms-id>702</ei-ms-id>
      <id>77830</id>
      <intensity>279.0</intensity>
      <mass-charge>259.0</mass-charge>
    </ei-ms-peak>
    <ei-ms-peak>
      <ei-ms-id>702</ei-ms-id>
      <id>77831</id>
      <intensity>349.0</intensity>
      <mass-charge>260.0</mass-charge>
    </ei-ms-peak>
    <ei-ms-peak>
      <ei-ms-id>702</ei-ms-id>
      <id>77832</id>
      <intensity>60.0</intensity>
      <mass-charge>261.0</mass-charge>
    </ei-ms-peak>
    <ei-ms-peak>
      <ei-ms-id>702</ei-ms-id>
      <id>77833</id>
      <intensity>10.0</intensity>
      <mass-charge>271.0</mass-charge>
    </ei-ms-peak>
    <ei-ms-peak>
      <ei-ms-id>702</ei-ms-id>
      <id>77834</id>
      <intensity>10.0</intensity>
      <mass-charge>273.0</mass-charge>
    </ei-ms-peak>
    <ei-ms-peak>
      <ei-ms-id>702</ei-ms-id>
      <id>77835</id>
      <intensity>169.0</intensity>
      <mass-charge>274.0</mass-charge>
    </ei-ms-peak>
    <ei-ms-peak>
      <ei-ms-id>702</ei-ms-id>
      <id>77836</id>
      <intensity>4369.0</intensity>
      <mass-charge>275.0</mass-charge>
    </ei-ms-peak>
    <ei-ms-peak>
      <ei-ms-id>702</ei-ms-id>
      <id>77837</id>
      <intensity>519.0</intensity>
      <mass-charge>276.0</mass-charge>
    </ei-ms-peak>
    <ei-ms-peak>
      <ei-ms-id>702</ei-ms-id>
      <id>77838</id>
      <intensity>80.0</intensity>
      <mass-charge>277.0</mass-charge>
    </ei-ms-peak>
    <ei-ms-peak>
      <ei-ms-id>702</ei-ms-id>
      <id>77839</id>
      <intensity>10.0</intensity>
      <mass-charge>278.0</mass-charge>
    </ei-ms-peak>
  </ei-ms-peaks>
</ei-ms>
