<?xml version="1.0" encoding="UTF-8"?>
<ei-ms>
  <collection-date nil="true"/>
  <created-at>2014-09-20T16:24:46Z</created-at>
  <database-id>HMDB14875</database-id>
  <id>297</id>
  <inchi-key>OCJYIGYOJCODJL-UHFFFAOYSA-N</inchi-key>
  <instrument-type nil="true"/>
  <molecule-id nil="true"/>
  <notes nil="true"/>
  <peak-counter>106</peak-counter>
  <sample-assessment nil="true"/>
  <sample-concentration nil="true"/>
  <sample-concentration-units nil="true"/>
  <sample-mass nil="true"/>
  <sample-mass-units nil="true"/>
  <sample-source nil="true"/>
  <solvent nil="true"/>
  <spectra-assessment nil="true"/>
  <updated-at>2014-09-20T16:24:46Z</updated-at>
  <references>
    <reference>
      <database>NIST</database>
      <database-id>569-65-3</database-id>
      <id>15169</id>
      <pubmed-id nil="true"/>
      <ref-text>NIST Mass Spec Data Center, S.E. Stein, director, "Mass Spectra" in NIST Chemistry WebBook, NIST Standard Reference Database Number 69, Eds. P.J. Linstrom and W.G. Mallard, National Institute of Standards and Technology, Gaithersburg MD, 20899, http://webbook.nist.gov, (retrieved September 6, 2014).</ref-text>
      <spectra-id>297</spectra-id>
      <spectra-type>EiMs</spectra-type>
    </reference>
  </references>
  <ei-ms-peaks>
    <ei-ms-peak>
      <ei-ms-id>297</ei-ms-id>
      <id>33553</id>
      <intensity>70.0</intensity>
      <mass-charge>41.0</mass-charge>
    </ei-ms-peak>
    <ei-ms-peak>
      <ei-ms-id>297</ei-ms-id>
      <id>33554</id>
      <intensity>470.0</intensity>
      <mass-charge>42.0</mass-charge>
    </ei-ms-peak>
    <ei-ms-peak>
      <ei-ms-id>297</ei-ms-id>
      <id>33555</id>
      <intensity>10.0</intensity>
      <mass-charge>43.0</mass-charge>
    </ei-ms-peak>
    <ei-ms-peak>
      <ei-ms-id>297</ei-ms-id>
      <id>33556</id>
      <intensity>80.0</intensity>
      <mass-charge>44.0</mass-charge>
    </ei-ms-peak>
    <ei-ms-peak>
      <ei-ms-id>297</ei-ms-id>
      <id>33557</id>
      <intensity>100.0</intensity>
      <mass-charge>51.0</mass-charge>
    </ei-ms-peak>
    <ei-ms-peak>
      <ei-ms-id>297</ei-ms-id>
      <id>33558</id>
      <intensity>40.0</intensity>
      <mass-charge>53.0</mass-charge>
    </ei-ms-peak>
    <ei-ms-peak>
      <ei-ms-id>297</ei-ms-id>
      <id>33559</id>
      <intensity>70.0</intensity>
      <mass-charge>54.0</mass-charge>
    </ei-ms-peak>
    <ei-ms-peak>
      <ei-ms-id>297</ei-ms-id>
      <id>33560</id>
      <intensity>160.0</intensity>
      <mass-charge>55.0</mass-charge>
    </ei-ms-peak>
    <ei-ms-peak>
      <ei-ms-id>297</ei-ms-id>
      <id>33561</id>
      <intensity>280.0</intensity>
      <mass-charge>56.0</mass-charge>
    </ei-ms-peak>
    <ei-ms-peak>
      <ei-ms-id>297</ei-ms-id>
      <id>33562</id>
      <intensity>40.0</intensity>
      <mass-charge>57.0</mass-charge>
    </ei-ms-peak>
    <ei-ms-peak>
      <ei-ms-id>297</ei-ms-id>
      <id>33563</id>
      <intensity>40.0</intensity>
      <mass-charge>58.0</mass-charge>
    </ei-ms-peak>
    <ei-ms-peak>
      <ei-ms-id>297</ei-ms-id>
      <id>33564</id>
      <intensity>70.0</intensity>
      <mass-charge>63.0</mass-charge>
    </ei-ms-peak>
    <ei-ms-peak>
      <ei-ms-id>297</ei-ms-id>
      <id>33565</id>
      <intensity>120.0</intensity>
      <mass-charge>65.0</mass-charge>
    </ei-ms-peak>
    <ei-ms-peak>
      <ei-ms-id>297</ei-ms-id>
      <id>33566</id>
      <intensity>60.0</intensity>
      <mass-charge>70.0</mass-charge>
    </ei-ms-peak>
    <ei-ms-peak>
      <ei-ms-id>297</ei-ms-id>
      <id>33567</id>
      <intensity>390.0</intensity>
      <mass-charge>72.0</mass-charge>
    </ei-ms-peak>
    <ei-ms-peak>
      <ei-ms-id>297</ei-ms-id>
      <id>33568</id>
      <intensity>50.0</intensity>
      <mass-charge>73.0</mass-charge>
    </ei-ms-peak>
    <ei-ms-peak>
      <ei-ms-id>297</ei-ms-id>
      <id>33569</id>
      <intensity>50.0</intensity>
      <mass-charge>75.0</mass-charge>
    </ei-ms-peak>
    <ei-ms-peak>
      <ei-ms-id>297</ei-ms-id>
      <id>33570</id>
      <intensity>701.0</intensity>
      <mass-charge>77.0</mass-charge>
    </ei-ms-peak>
    <ei-ms-peak>
      <ei-ms-id>297</ei-ms-id>
      <id>33571</id>
      <intensity>220.0</intensity>
      <mass-charge>78.0</mass-charge>
    </ei-ms-peak>
    <ei-ms-peak>
      <ei-ms-id>297</ei-ms-id>
      <id>33572</id>
      <intensity>721.0</intensity>
      <mass-charge>79.0</mass-charge>
    </ei-ms-peak>
    <ei-ms-peak>
      <ei-ms-id>297</ei-ms-id>
      <id>33573</id>
      <intensity>40.0</intensity>
      <mass-charge>80.0</mass-charge>
    </ei-ms-peak>
    <ei-ms-peak>
      <ei-ms-id>297</ei-ms-id>
      <id>33574</id>
      <intensity>150.0</intensity>
      <mass-charge>83.0</mass-charge>
    </ei-ms-peak>
    <ei-ms-peak>
      <ei-ms-id>297</ei-ms-id>
      <id>33575</id>
      <intensity>50.0</intensity>
      <mass-charge>84.0</mass-charge>
    </ei-ms-peak>
    <ei-ms-peak>
      <ei-ms-id>297</ei-ms-id>
      <id>33576</id>
      <intensity>140.0</intensity>
      <mass-charge>89.0</mass-charge>
    </ei-ms-peak>
    <ei-ms-peak>
      <ei-ms-id>297</ei-ms-id>
      <id>33577</id>
      <intensity>50.0</intensity>
      <mass-charge>90.0</mass-charge>
    </ei-ms-peak>
    <ei-ms-peak>
      <ei-ms-id>297</ei-ms-id>
      <id>33578</id>
      <intensity>380.0</intensity>
      <mass-charge>91.0</mass-charge>
    </ei-ms-peak>
    <ei-ms-peak>
      <ei-ms-id>297</ei-ms-id>
      <id>33579</id>
      <intensity>10.0</intensity>
      <mass-charge>92.0</mass-charge>
    </ei-ms-peak>
    <ei-ms-peak>
      <ei-ms-id>297</ei-ms-id>
      <id>33580</id>
      <intensity>50.0</intensity>
      <mass-charge>102.0</mass-charge>
    </ei-ms-peak>
    <ei-ms-peak>
      <ei-ms-id>297</ei-ms-id>
      <id>33581</id>
      <intensity>621.0</intensity>
      <mass-charge>103.0</mass-charge>
    </ei-ms-peak>
    <ei-ms-peak>
      <ei-ms-id>297</ei-ms-id>
      <id>33582</id>
      <intensity>330.0</intensity>
      <mass-charge>104.0</mass-charge>
    </ei-ms-peak>
    <ei-ms-peak>
      <ei-ms-id>297</ei-ms-id>
      <id>33583</id>
      <intensity>9999.0</intensity>
      <mass-charge>105.0</mass-charge>
    </ei-ms-peak>
    <ei-ms-peak>
      <ei-ms-id>297</ei-ms-id>
      <id>33584</id>
      <intensity>941.0</intensity>
      <mass-charge>106.0</mass-charge>
    </ei-ms-peak>
    <ei-ms-peak>
      <ei-ms-id>297</ei-ms-id>
      <id>33585</id>
      <intensity>20.0</intensity>
      <mass-charge>107.0</mass-charge>
    </ei-ms-peak>
    <ei-ms-peak>
      <ei-ms-id>297</ei-ms-id>
      <id>33586</id>
      <intensity>10.0</intensity>
      <mass-charge>113.0</mass-charge>
    </ei-ms-peak>
    <ei-ms-peak>
      <ei-ms-id>297</ei-ms-id>
      <id>33587</id>
      <intensity>140.0</intensity>
      <mass-charge>115.0</mass-charge>
    </ei-ms-peak>
    <ei-ms-peak>
      <ei-ms-id>297</ei-ms-id>
      <id>33588</id>
      <intensity>20.0</intensity>
      <mass-charge>116.0</mass-charge>
    </ei-ms-peak>
    <ei-ms-peak>
      <ei-ms-id>297</ei-ms-id>
      <id>33589</id>
      <intensity>130.0</intensity>
      <mass-charge>117.0</mass-charge>
    </ei-ms-peak>
    <ei-ms-peak>
      <ei-ms-id>297</ei-ms-id>
      <id>33590</id>
      <intensity>200.0</intensity>
      <mass-charge>118.0</mass-charge>
    </ei-ms-peak>
    <ei-ms-peak>
      <ei-ms-id>297</ei-ms-id>
      <id>33591</id>
      <intensity>150.0</intensity>
      <mass-charge>119.0</mass-charge>
    </ei-ms-peak>
    <ei-ms-peak>
      <ei-ms-id>297</ei-ms-id>
      <id>33592</id>
      <intensity>30.0</intensity>
      <mass-charge>120.0</mass-charge>
    </ei-ms-peak>
    <ei-ms-peak>
      <ei-ms-id>297</ei-ms-id>
      <id>33593</id>
      <intensity>150.0</intensity>
      <mass-charge>125.0</mass-charge>
    </ei-ms-peak>
    <ei-ms-peak>
      <ei-ms-id>297</ei-ms-id>
      <id>33594</id>
      <intensity>10.0</intensity>
      <mass-charge>126.0</mass-charge>
    </ei-ms-peak>
    <ei-ms-peak>
      <ei-ms-id>297</ei-ms-id>
      <id>33595</id>
      <intensity>50.0</intensity>
      <mass-charge>127.0</mass-charge>
    </ei-ms-peak>
    <ei-ms-peak>
      <ei-ms-id>297</ei-ms-id>
      <id>33596</id>
      <intensity>60.0</intensity>
      <mass-charge>130.0</mass-charge>
    </ei-ms-peak>
    <ei-ms-peak>
      <ei-ms-id>297</ei-ms-id>
      <id>33597</id>
      <intensity>50.0</intensity>
      <mass-charge>131.0</mass-charge>
    </ei-ms-peak>
    <ei-ms-peak>
      <ei-ms-id>297</ei-ms-id>
      <id>33598</id>
      <intensity>250.0</intensity>
      <mass-charge>132.0</mass-charge>
    </ei-ms-peak>
    <ei-ms-peak>
      <ei-ms-id>297</ei-ms-id>
      <id>33599</id>
      <intensity>70.0</intensity>
      <mass-charge>133.0</mass-charge>
    </ei-ms-peak>
    <ei-ms-peak>
      <ei-ms-id>297</ei-ms-id>
      <id>33600</id>
      <intensity>771.0</intensity>
      <mass-charge>134.0</mass-charge>
    </ei-ms-peak>
    <ei-ms-peak>
      <ei-ms-id>297</ei-ms-id>
      <id>33601</id>
      <intensity>130.0</intensity>
      <mass-charge>135.0</mass-charge>
    </ei-ms-peak>
    <ei-ms-peak>
      <ei-ms-id>297</ei-ms-id>
      <id>33602</id>
      <intensity>30.0</intensity>
      <mass-charge>138.0</mass-charge>
    </ei-ms-peak>
    <ei-ms-peak>
      <ei-ms-id>297</ei-ms-id>
      <id>33603</id>
      <intensity>170.0</intensity>
      <mass-charge>139.0</mass-charge>
    </ei-ms-peak>
    <ei-ms-peak>
      <ei-ms-id>297</ei-ms-id>
      <id>33604</id>
      <intensity>20.0</intensity>
      <mass-charge>140.0</mass-charge>
    </ei-ms-peak>
    <ei-ms-peak>
      <ei-ms-id>297</ei-ms-id>
      <id>33605</id>
      <intensity>30.0</intensity>
      <mass-charge>144.0</mass-charge>
    </ei-ms-peak>
    <ei-ms-peak>
      <ei-ms-id>297</ei-ms-id>
      <id>33606</id>
      <intensity>10.0</intensity>
      <mass-charge>145.0</mass-charge>
    </ei-ms-peak>
    <ei-ms-peak>
      <ei-ms-id>297</ei-ms-id>
      <id>33607</id>
      <intensity>731.0</intensity>
      <mass-charge>146.0</mass-charge>
    </ei-ms-peak>
    <ei-ms-peak>
      <ei-ms-id>297</ei-ms-id>
      <id>33608</id>
      <intensity>390.0</intensity>
      <mass-charge>147.0</mass-charge>
    </ei-ms-peak>
    <ei-ms-peak>
      <ei-ms-id>297</ei-ms-id>
      <id>33609</id>
      <intensity>651.0</intensity>
      <mass-charge>148.0</mass-charge>
    </ei-ms-peak>
    <ei-ms-peak>
      <ei-ms-id>297</ei-ms-id>
      <id>33610</id>
      <intensity>130.0</intensity>
      <mass-charge>149.0</mass-charge>
    </ei-ms-peak>
    <ei-ms-peak>
      <ei-ms-id>297</ei-ms-id>
      <id>33611</id>
      <intensity>20.0</intensity>
      <mass-charge>151.0</mass-charge>
    </ei-ms-peak>
    <ei-ms-peak>
      <ei-ms-id>297</ei-ms-id>
      <id>33612</id>
      <intensity>80.0</intensity>
      <mass-charge>152.0</mass-charge>
    </ei-ms-peak>
    <ei-ms-peak>
      <ei-ms-id>297</ei-ms-id>
      <id>33613</id>
      <intensity>20.0</intensity>
      <mass-charge>158.0</mass-charge>
    </ei-ms-peak>
    <ei-ms-peak>
      <ei-ms-id>297</ei-ms-id>
      <id>33614</id>
      <intensity>220.0</intensity>
      <mass-charge>160.0</mass-charge>
    </ei-ms-peak>
    <ei-ms-peak>
      <ei-ms-id>297</ei-ms-id>
      <id>33615</id>
      <intensity>50.0</intensity>
      <mass-charge>161.0</mass-charge>
    </ei-ms-peak>
    <ei-ms-peak>
      <ei-ms-id>297</ei-ms-id>
      <id>33616</id>
      <intensity>691.0</intensity>
      <mass-charge>162.0</mass-charge>
    </ei-ms-peak>
    <ei-ms-peak>
      <ei-ms-id>297</ei-ms-id>
      <id>33617</id>
      <intensity>300.0</intensity>
      <mass-charge>163.0</mass-charge>
    </ei-ms-peak>
    <ei-ms-peak>
      <ei-ms-id>297</ei-ms-id>
      <id>33618</id>
      <intensity>320.0</intensity>
      <mass-charge>164.0</mass-charge>
    </ei-ms-peak>
    <ei-ms-peak>
      <ei-ms-id>297</ei-ms-id>
      <id>33619</id>
      <intensity>3553.0</intensity>
      <mass-charge>165.0</mass-charge>
    </ei-ms-peak>
    <ei-ms-peak>
      <ei-ms-id>297</ei-ms-id>
      <id>33620</id>
      <intensity>2322.0</intensity>
      <mass-charge>166.0</mass-charge>
    </ei-ms-peak>
    <ei-ms-peak>
      <ei-ms-id>297</ei-ms-id>
      <id>33621</id>
      <intensity>410.0</intensity>
      <mass-charge>167.0</mass-charge>
    </ei-ms-peak>
    <ei-ms-peak>
      <ei-ms-id>297</ei-ms-id>
      <id>33622</id>
      <intensity>20.0</intensity>
      <mass-charge>168.0</mass-charge>
    </ei-ms-peak>
    <ei-ms-peak>
      <ei-ms-id>297</ei-ms-id>
      <id>33623</id>
      <intensity>170.0</intensity>
      <mass-charge>174.0</mass-charge>
    </ei-ms-peak>
    <ei-ms-peak>
      <ei-ms-id>297</ei-ms-id>
      <id>33624</id>
      <intensity>40.0</intensity>
      <mass-charge>175.0</mass-charge>
    </ei-ms-peak>
    <ei-ms-peak>
      <ei-ms-id>297</ei-ms-id>
      <id>33625</id>
      <intensity>40.0</intensity>
      <mass-charge>179.0</mass-charge>
    </ei-ms-peak>
    <ei-ms-peak>
      <ei-ms-id>297</ei-ms-id>
      <id>33626</id>
      <intensity>100.0</intensity>
      <mass-charge>187.0</mass-charge>
    </ei-ms-peak>
    <ei-ms-peak>
      <ei-ms-id>297</ei-ms-id>
      <id>33627</id>
      <intensity>7927.0</intensity>
      <mass-charge>189.0</mass-charge>
    </ei-ms-peak>
    <ei-ms-peak>
      <ei-ms-id>297</ei-ms-id>
      <id>33628</id>
      <intensity>1011.0</intensity>
      <mass-charge>190.0</mass-charge>
    </ei-ms-peak>
    <ei-ms-peak>
      <ei-ms-id>297</ei-ms-id>
      <id>33629</id>
      <intensity>100.0</intensity>
      <mass-charge>191.0</mass-charge>
    </ei-ms-peak>
    <ei-ms-peak>
      <ei-ms-id>297</ei-ms-id>
      <id>33630</id>
      <intensity>80.0</intensity>
      <mass-charge>199.0</mass-charge>
    </ei-ms-peak>
    <ei-ms-peak>
      <ei-ms-id>297</ei-ms-id>
      <id>33631</id>
      <intensity>1471.0</intensity>
      <mass-charge>201.0</mass-charge>
    </ei-ms-peak>
    <ei-ms-peak>
      <ei-ms-id>297</ei-ms-id>
      <id>33632</id>
      <intensity>240.0</intensity>
      <mass-charge>202.0</mass-charge>
    </ei-ms-peak>
    <ei-ms-peak>
      <ei-ms-id>297</ei-ms-id>
      <id>33633</id>
      <intensity>480.0</intensity>
      <mass-charge>203.0</mass-charge>
    </ei-ms-peak>
    <ei-ms-peak>
      <ei-ms-id>297</ei-ms-id>
      <id>33634</id>
      <intensity>70.0</intensity>
      <mass-charge>204.0</mass-charge>
    </ei-ms-peak>
    <ei-ms-peak>
      <ei-ms-id>297</ei-ms-id>
      <id>33635</id>
      <intensity>40.0</intensity>
      <mass-charge>206.0</mass-charge>
    </ei-ms-peak>
    <ei-ms-peak>
      <ei-ms-id>297</ei-ms-id>
      <id>33636</id>
      <intensity>30.0</intensity>
      <mass-charge>207.0</mass-charge>
    </ei-ms-peak>
    <ei-ms-peak>
      <ei-ms-id>297</ei-ms-id>
      <id>33637</id>
      <intensity>20.0</intensity>
      <mass-charge>208.0</mass-charge>
    </ei-ms-peak>
    <ei-ms-peak>
      <ei-ms-id>297</ei-ms-id>
      <id>33638</id>
      <intensity>40.0</intensity>
      <mass-charge>209.0</mass-charge>
    </ei-ms-peak>
    <ei-ms-peak>
      <ei-ms-id>297</ei-ms-id>
      <id>33639</id>
      <intensity>120.0</intensity>
      <mass-charge>216.0</mass-charge>
    </ei-ms-peak>
    <ei-ms-peak>
      <ei-ms-id>297</ei-ms-id>
      <id>33640</id>
      <intensity>20.0</intensity>
      <mass-charge>218.0</mass-charge>
    </ei-ms-peak>
    <ei-ms-peak>
      <ei-ms-id>297</ei-ms-id>
      <id>33641</id>
      <intensity>490.0</intensity>
      <mass-charge>228.0</mass-charge>
    </ei-ms-peak>
    <ei-ms-peak>
      <ei-ms-id>297</ei-ms-id>
      <id>33642</id>
      <intensity>250.0</intensity>
      <mass-charge>229.0</mass-charge>
    </ei-ms-peak>
    <ei-ms-peak>
      <ei-ms-id>297</ei-ms-id>
      <id>33643</id>
      <intensity>190.0</intensity>
      <mass-charge>230.0</mass-charge>
    </ei-ms-peak>
    <ei-ms-peak>
      <ei-ms-id>297</ei-ms-id>
      <id>33644</id>
      <intensity>80.0</intensity>
      <mass-charge>231.0</mass-charge>
    </ei-ms-peak>
    <ei-ms-peak>
      <ei-ms-id>297</ei-ms-id>
      <id>33645</id>
      <intensity>110.0</intensity>
      <mass-charge>240.0</mass-charge>
    </ei-ms-peak>
    <ei-ms-peak>
      <ei-ms-id>297</ei-ms-id>
      <id>33646</id>
      <intensity>100.0</intensity>
      <mass-charge>241.0</mass-charge>
    </ei-ms-peak>
    <ei-ms-peak>
      <ei-ms-id>297</ei-ms-id>
      <id>33647</id>
      <intensity>450.0</intensity>
      <mass-charge>242.0</mass-charge>
    </ei-ms-peak>
    <ei-ms-peak>
      <ei-ms-id>297</ei-ms-id>
      <id>33648</id>
      <intensity>130.0</intensity>
      <mass-charge>243.0</mass-charge>
    </ei-ms-peak>
    <ei-ms-peak>
      <ei-ms-id>297</ei-ms-id>
      <id>33649</id>
      <intensity>150.0</intensity>
      <mass-charge>244.0</mass-charge>
    </ei-ms-peak>
    <ei-ms-peak>
      <ei-ms-id>297</ei-ms-id>
      <id>33650</id>
      <intensity>30.0</intensity>
      <mass-charge>253.0</mass-charge>
    </ei-ms-peak>
    <ei-ms-peak>
      <ei-ms-id>297</ei-ms-id>
      <id>33651</id>
      <intensity>20.0</intensity>
      <mass-charge>256.0</mass-charge>
    </ei-ms-peak>
    <ei-ms-peak>
      <ei-ms-id>297</ei-ms-id>
      <id>33652</id>
      <intensity>1141.0</intensity>
      <mass-charge>285.0</mass-charge>
    </ei-ms-peak>
    <ei-ms-peak>
      <ei-ms-id>297</ei-ms-id>
      <id>33653</id>
      <intensity>220.0</intensity>
      <mass-charge>286.0</mass-charge>
    </ei-ms-peak>
    <ei-ms-peak>
      <ei-ms-id>297</ei-ms-id>
      <id>33654</id>
      <intensity>370.0</intensity>
      <mass-charge>287.0</mass-charge>
    </ei-ms-peak>
    <ei-ms-peak>
      <ei-ms-id>297</ei-ms-id>
      <id>33655</id>
      <intensity>60.0</intensity>
      <mass-charge>288.0</mass-charge>
    </ei-ms-peak>
    <ei-ms-peak>
      <ei-ms-id>297</ei-ms-id>
      <id>33656</id>
      <intensity>200.0</intensity>
      <mass-charge>390.0</mass-charge>
    </ei-ms-peak>
    <ei-ms-peak>
      <ei-ms-id>297</ei-ms-id>
      <id>33657</id>
      <intensity>40.0</intensity>
      <mass-charge>391.0</mass-charge>
    </ei-ms-peak>
    <ei-ms-peak>
      <ei-ms-id>297</ei-ms-id>
      <id>33658</id>
      <intensity>70.0</intensity>
      <mass-charge>392.0</mass-charge>
    </ei-ms-peak>
  </ei-ms-peaks>
</ei-ms>
