<?xml version="1.0" encoding="UTF-8"?>
<ei-ms>
  <collection-date nil="true"/>
  <created-at>2014-09-20T16:44:45Z</created-at>
  <database-id>HMDB02348</database-id>
  <id>1133</id>
  <inchi-key>UTOPWMOLSKOLTQ-UHFFFAOYSA-N</inchi-key>
  <instrument-type nil="true"/>
  <molecule-id nil="true"/>
  <notes nil="true"/>
  <peak-counter>298</peak-counter>
  <sample-assessment nil="true"/>
  <sample-concentration nil="true"/>
  <sample-concentration-units nil="true"/>
  <sample-mass nil="true"/>
  <sample-mass-units nil="true"/>
  <sample-source nil="true"/>
  <solvent nil="true"/>
  <spectra-assessment nil="true"/>
  <updated-at>2014-09-20T16:44:45Z</updated-at>
  <references>
    <reference>
      <database>NIST</database>
      <database-id>506-48-9</database-id>
      <id>16005</id>
      <pubmed-id nil="true"/>
      <ref-text>NIST Mass Spec Data Center, S.E. Stein, director, "Mass Spectra" in NIST Chemistry WebBook, NIST Standard Reference Database Number 69, Eds. P.J. Linstrom and W.G. Mallard, National Institute of Standards and Technology, Gaithersburg MD, 20899, http://webbook.nist.gov, (retrieved September 6, 2014).</ref-text>
      <spectra-id>1133</spectra-id>
      <spectra-type>EiMs</spectra-type>
    </reference>
  </references>
  <ei-ms-peaks>
    <ei-ms-peak>
      <ei-ms-id>1133</ei-ms-id>
      <id>122132</id>
      <intensity>20.0</intensity>
      <mass-charge>26.0</mass-charge>
    </ei-ms-peak>
    <ei-ms-peak>
      <ei-ms-id>1133</ei-ms-id>
      <id>122133</id>
      <intensity>469.0</intensity>
      <mass-charge>27.0</mass-charge>
    </ei-ms-peak>
    <ei-ms-peak>
      <ei-ms-id>1133</ei-ms-id>
      <id>122134</id>
      <intensity>139.0</intensity>
      <mass-charge>28.0</mass-charge>
    </ei-ms-peak>
    <ei-ms-peak>
      <ei-ms-id>1133</ei-ms-id>
      <id>122135</id>
      <intensity>1509.0</intensity>
      <mass-charge>29.0</mass-charge>
    </ei-ms-peak>
    <ei-ms-peak>
      <ei-ms-id>1133</ei-ms-id>
      <id>122136</id>
      <intensity>40.0</intensity>
      <mass-charge>30.0</mass-charge>
    </ei-ms-peak>
    <ei-ms-peak>
      <ei-ms-id>1133</ei-ms-id>
      <id>122137</id>
      <intensity>40.0</intensity>
      <mass-charge>31.0</mass-charge>
    </ei-ms-peak>
    <ei-ms-peak>
      <ei-ms-id>1133</ei-ms-id>
      <id>122138</id>
      <intensity>10.0</intensity>
      <mass-charge>38.0</mass-charge>
    </ei-ms-peak>
    <ei-ms-peak>
      <ei-ms-id>1133</ei-ms-id>
      <id>122139</id>
      <intensity>399.0</intensity>
      <mass-charge>39.0</mass-charge>
    </ei-ms-peak>
    <ei-ms-peak>
      <ei-ms-id>1133</ei-ms-id>
      <id>122140</id>
      <intensity>90.0</intensity>
      <mass-charge>40.0</mass-charge>
    </ei-ms-peak>
    <ei-ms-peak>
      <ei-ms-id>1133</ei-ms-id>
      <id>122141</id>
      <intensity>3879.0</intensity>
      <mass-charge>41.0</mass-charge>
    </ei-ms-peak>
    <ei-ms-peak>
      <ei-ms-id>1133</ei-ms-id>
      <id>122142</id>
      <intensity>869.0</intensity>
      <mass-charge>42.0</mass-charge>
    </ei-ms-peak>
    <ei-ms-peak>
      <ei-ms-id>1133</ei-ms-id>
      <id>122143</id>
      <intensity>7759.0</intensity>
      <mass-charge>43.0</mass-charge>
    </ei-ms-peak>
    <ei-ms-peak>
      <ei-ms-id>1133</ei-ms-id>
      <id>122144</id>
      <intensity>249.0</intensity>
      <mass-charge>44.0</mass-charge>
    </ei-ms-peak>
    <ei-ms-peak>
      <ei-ms-id>1133</ei-ms-id>
      <id>122145</id>
      <intensity>209.0</intensity>
      <mass-charge>45.0</mass-charge>
    </ei-ms-peak>
    <ei-ms-peak>
      <ei-ms-id>1133</ei-ms-id>
      <id>122146</id>
      <intensity>20.0</intensity>
      <mass-charge>51.0</mass-charge>
    </ei-ms-peak>
    <ei-ms-peak>
      <ei-ms-id>1133</ei-ms-id>
      <id>122147</id>
      <intensity>10.0</intensity>
      <mass-charge>52.0</mass-charge>
    </ei-ms-peak>
    <ei-ms-peak>
      <ei-ms-id>1133</ei-ms-id>
      <id>122148</id>
      <intensity>219.0</intensity>
      <mass-charge>53.0</mass-charge>
    </ei-ms-peak>
    <ei-ms-peak>
      <ei-ms-id>1133</ei-ms-id>
      <id>122149</id>
      <intensity>459.0</intensity>
      <mass-charge>54.0</mass-charge>
    </ei-ms-peak>
    <ei-ms-peak>
      <ei-ms-id>1133</ei-ms-id>
      <id>122150</id>
      <intensity>5349.0</intensity>
      <mass-charge>55.0</mass-charge>
    </ei-ms-peak>
    <ei-ms-peak>
      <ei-ms-id>1133</ei-ms-id>
      <id>122151</id>
      <intensity>1699.0</intensity>
      <mass-charge>56.0</mass-charge>
    </ei-ms-peak>
    <ei-ms-peak>
      <ei-ms-id>1133</ei-ms-id>
      <id>122152</id>
      <intensity>7649.0</intensity>
      <mass-charge>57.0</mass-charge>
    </ei-ms-peak>
    <ei-ms-peak>
      <ei-ms-id>1133</ei-ms-id>
      <id>122153</id>
      <intensity>379.0</intensity>
      <mass-charge>58.0</mass-charge>
    </ei-ms-peak>
    <ei-ms-peak>
      <ei-ms-id>1133</ei-ms-id>
      <id>122154</id>
      <intensity>189.0</intensity>
      <mass-charge>59.0</mass-charge>
    </ei-ms-peak>
    <ei-ms-peak>
      <ei-ms-id>1133</ei-ms-id>
      <id>122155</id>
      <intensity>3639.0</intensity>
      <mass-charge>60.0</mass-charge>
    </ei-ms-peak>
    <ei-ms-peak>
      <ei-ms-id>1133</ei-ms-id>
      <id>122156</id>
      <intensity>1809.0</intensity>
      <mass-charge>61.0</mass-charge>
    </ei-ms-peak>
    <ei-ms-peak>
      <ei-ms-id>1133</ei-ms-id>
      <id>122157</id>
      <intensity>60.0</intensity>
      <mass-charge>62.0</mass-charge>
    </ei-ms-peak>
    <ei-ms-peak>
      <ei-ms-id>1133</ei-ms-id>
      <id>122158</id>
      <intensity>10.0</intensity>
      <mass-charge>63.0</mass-charge>
    </ei-ms-peak>
    <ei-ms-peak>
      <ei-ms-id>1133</ei-ms-id>
      <id>122159</id>
      <intensity>40.0</intensity>
      <mass-charge>65.0</mass-charge>
    </ei-ms-peak>
    <ei-ms-peak>
      <ei-ms-id>1133</ei-ms-id>
      <id>122160</id>
      <intensity>60.0</intensity>
      <mass-charge>66.0</mass-charge>
    </ei-ms-peak>
    <ei-ms-peak>
      <ei-ms-id>1133</ei-ms-id>
      <id>122161</id>
      <intensity>729.0</intensity>
      <mass-charge>67.0</mass-charge>
    </ei-ms-peak>
    <ei-ms-peak>
      <ei-ms-id>1133</ei-ms-id>
      <id>122162</id>
      <intensity>689.0</intensity>
      <mass-charge>68.0</mass-charge>
    </ei-ms-peak>
    <ei-ms-peak>
      <ei-ms-id>1133</ei-ms-id>
      <id>122163</id>
      <intensity>3749.0</intensity>
      <mass-charge>69.0</mass-charge>
    </ei-ms-peak>
    <ei-ms-peak>
      <ei-ms-id>1133</ei-ms-id>
      <id>122164</id>
      <intensity>1249.0</intensity>
      <mass-charge>70.0</mass-charge>
    </ei-ms-peak>
    <ei-ms-peak>
      <ei-ms-id>1133</ei-ms-id>
      <id>122165</id>
      <intensity>4369.0</intensity>
      <mass-charge>71.0</mass-charge>
    </ei-ms-peak>
    <ei-ms-peak>
      <ei-ms-id>1133</ei-ms-id>
      <id>122166</id>
      <intensity>229.0</intensity>
      <mass-charge>72.0</mass-charge>
    </ei-ms-peak>
    <ei-ms-peak>
      <ei-ms-id>1133</ei-ms-id>
      <id>122167</id>
      <intensity>4789.0</intensity>
      <mass-charge>73.0</mass-charge>
    </ei-ms-peak>
    <ei-ms-peak>
      <ei-ms-id>1133</ei-ms-id>
      <id>122168</id>
      <intensity>449.0</intensity>
      <mass-charge>74.0</mass-charge>
    </ei-ms-peak>
    <ei-ms-peak>
      <ei-ms-id>1133</ei-ms-id>
      <id>122169</id>
      <intensity>40.0</intensity>
      <mass-charge>75.0</mass-charge>
    </ei-ms-peak>
    <ei-ms-peak>
      <ei-ms-id>1133</ei-ms-id>
      <id>122170</id>
      <intensity>40.0</intensity>
      <mass-charge>77.0</mass-charge>
    </ei-ms-peak>
    <ei-ms-peak>
      <ei-ms-id>1133</ei-ms-id>
      <id>122171</id>
      <intensity>20.0</intensity>
      <mass-charge>78.0</mass-charge>
    </ei-ms-peak>
    <ei-ms-peak>
      <ei-ms-id>1133</ei-ms-id>
      <id>122172</id>
      <intensity>159.0</intensity>
      <mass-charge>79.0</mass-charge>
    </ei-ms-peak>
    <ei-ms-peak>
      <ei-ms-id>1133</ei-ms-id>
      <id>122173</id>
      <intensity>99.0</intensity>
      <mass-charge>80.0</mass-charge>
    </ei-ms-peak>
    <ei-ms-peak>
      <ei-ms-id>1133</ei-ms-id>
      <id>122174</id>
      <intensity>689.0</intensity>
      <mass-charge>81.0</mass-charge>
    </ei-ms-peak>
    <ei-ms-peak>
      <ei-ms-id>1133</ei-ms-id>
      <id>122175</id>
      <intensity>789.0</intensity>
      <mass-charge>82.0</mass-charge>
    </ei-ms-peak>
    <ei-ms-peak>
      <ei-ms-id>1133</ei-ms-id>
      <id>122176</id>
      <intensity>3339.0</intensity>
      <mass-charge>83.0</mass-charge>
    </ei-ms-peak>
    <ei-ms-peak>
      <ei-ms-id>1133</ei-ms-id>
      <id>122177</id>
      <intensity>1009.0</intensity>
      <mass-charge>84.0</mass-charge>
    </ei-ms-peak>
    <ei-ms-peak>
      <ei-ms-id>1133</ei-ms-id>
      <id>122178</id>
      <intensity>2739.0</intensity>
      <mass-charge>85.0</mass-charge>
    </ei-ms-peak>
    <ei-ms-peak>
      <ei-ms-id>1133</ei-ms-id>
      <id>122179</id>
      <intensity>199.0</intensity>
      <mass-charge>86.0</mass-charge>
    </ei-ms-peak>
    <ei-ms-peak>
      <ei-ms-id>1133</ei-ms-id>
      <id>122180</id>
      <intensity>1079.0</intensity>
      <mass-charge>87.0</mass-charge>
    </ei-ms-peak>
    <ei-ms-peak>
      <ei-ms-id>1133</ei-ms-id>
      <id>122181</id>
      <intensity>109.0</intensity>
      <mass-charge>88.0</mass-charge>
    </ei-ms-peak>
    <ei-ms-peak>
      <ei-ms-id>1133</ei-ms-id>
      <id>122182</id>
      <intensity>10.0</intensity>
      <mass-charge>89.0</mass-charge>
    </ei-ms-peak>
    <ei-ms-peak>
      <ei-ms-id>1133</ei-ms-id>
      <id>122183</id>
      <intensity>50.0</intensity>
      <mass-charge>91.0</mass-charge>
    </ei-ms-peak>
    <ei-ms-peak>
      <ei-ms-id>1133</ei-ms-id>
      <id>122184</id>
      <intensity>40.0</intensity>
      <mass-charge>92.0</mass-charge>
    </ei-ms-peak>
    <ei-ms-peak>
      <ei-ms-id>1133</ei-ms-id>
      <id>122185</id>
      <intensity>119.0</intensity>
      <mass-charge>93.0</mass-charge>
    </ei-ms-peak>
    <ei-ms-peak>
      <ei-ms-id>1133</ei-ms-id>
      <id>122186</id>
      <intensity>90.0</intensity>
      <mass-charge>94.0</mass-charge>
    </ei-ms-peak>
    <ei-ms-peak>
      <ei-ms-id>1133</ei-ms-id>
      <id>122187</id>
      <intensity>519.0</intensity>
      <mass-charge>95.0</mass-charge>
    </ei-ms-peak>
    <ei-ms-peak>
      <ei-ms-id>1133</ei-ms-id>
      <id>122188</id>
      <intensity>749.0</intensity>
      <mass-charge>96.0</mass-charge>
    </ei-ms-peak>
    <ei-ms-peak>
      <ei-ms-id>1133</ei-ms-id>
      <id>122189</id>
      <intensity>2779.0</intensity>
      <mass-charge>97.0</mass-charge>
    </ei-ms-peak>
    <ei-ms-peak>
      <ei-ms-id>1133</ei-ms-id>
      <id>122190</id>
      <intensity>1429.0</intensity>
      <mass-charge>98.0</mass-charge>
    </ei-ms-peak>
    <ei-ms-peak>
      <ei-ms-id>1133</ei-ms-id>
      <id>122191</id>
      <intensity>919.0</intensity>
      <mass-charge>99.0</mass-charge>
    </ei-ms-peak>
    <ei-ms-peak>
      <ei-ms-id>1133</ei-ms-id>
      <id>122192</id>
      <intensity>90.0</intensity>
      <mass-charge>100.0</mass-charge>
    </ei-ms-peak>
    <ei-ms-peak>
      <ei-ms-id>1133</ei-ms-id>
      <id>122193</id>
      <intensity>509.0</intensity>
      <mass-charge>101.0</mass-charge>
    </ei-ms-peak>
    <ei-ms-peak>
      <ei-ms-id>1133</ei-ms-id>
      <id>122194</id>
      <intensity>229.0</intensity>
      <mass-charge>102.0</mass-charge>
    </ei-ms-peak>
    <ei-ms-peak>
      <ei-ms-id>1133</ei-ms-id>
      <id>122195</id>
      <intensity>20.0</intensity>
      <mass-charge>103.0</mass-charge>
    </ei-ms-peak>
    <ei-ms-peak>
      <ei-ms-id>1133</ei-ms-id>
      <id>122196</id>
      <intensity>10.0</intensity>
      <mass-charge>104.0</mass-charge>
    </ei-ms-peak>
    <ei-ms-peak>
      <ei-ms-id>1133</ei-ms-id>
      <id>122197</id>
      <intensity>60.0</intensity>
      <mass-charge>105.0</mass-charge>
    </ei-ms-peak>
    <ei-ms-peak>
      <ei-ms-id>1133</ei-ms-id>
      <id>122198</id>
      <intensity>20.0</intensity>
      <mass-charge>106.0</mass-charge>
    </ei-ms-peak>
    <ei-ms-peak>
      <ei-ms-id>1133</ei-ms-id>
      <id>122199</id>
      <intensity>109.0</intensity>
      <mass-charge>107.0</mass-charge>
    </ei-ms-peak>
    <ei-ms-peak>
      <ei-ms-id>1133</ei-ms-id>
      <id>122200</id>
      <intensity>60.0</intensity>
      <mass-charge>108.0</mass-charge>
    </ei-ms-peak>
    <ei-ms-peak>
      <ei-ms-id>1133</ei-ms-id>
      <id>122201</id>
      <intensity>329.0</intensity>
      <mass-charge>109.0</mass-charge>
    </ei-ms-peak>
    <ei-ms-peak>
      <ei-ms-id>1133</ei-ms-id>
      <id>122202</id>
      <intensity>339.0</intensity>
      <mass-charge>110.0</mass-charge>
    </ei-ms-peak>
    <ei-ms-peak>
      <ei-ms-id>1133</ei-ms-id>
      <id>122203</id>
      <intensity>1489.0</intensity>
      <mass-charge>111.0</mass-charge>
    </ei-ms-peak>
    <ei-ms-peak>
      <ei-ms-id>1133</ei-ms-id>
      <id>122204</id>
      <intensity>539.0</intensity>
      <mass-charge>112.0</mass-charge>
    </ei-ms-peak>
    <ei-ms-peak>
      <ei-ms-id>1133</ei-ms-id>
      <id>122205</id>
      <intensity>599.0</intensity>
      <mass-charge>113.0</mass-charge>
    </ei-ms-peak>
    <ei-ms-peak>
      <ei-ms-id>1133</ei-ms-id>
      <id>122206</id>
      <intensity>80.0</intensity>
      <mass-charge>114.0</mass-charge>
    </ei-ms-peak>
    <ei-ms-peak>
      <ei-ms-id>1133</ei-ms-id>
      <id>122207</id>
      <intensity>849.0</intensity>
      <mass-charge>115.0</mass-charge>
    </ei-ms-peak>
    <ei-ms-peak>
      <ei-ms-id>1133</ei-ms-id>
      <id>122208</id>
      <intensity>729.0</intensity>
      <mass-charge>116.0</mass-charge>
    </ei-ms-peak>
    <ei-ms-peak>
      <ei-ms-id>1133</ei-ms-id>
      <id>122209</id>
      <intensity>80.0</intensity>
      <mass-charge>117.0</mass-charge>
    </ei-ms-peak>
    <ei-ms-peak>
      <ei-ms-id>1133</ei-ms-id>
      <id>122210</id>
      <intensity>20.0</intensity>
      <mass-charge>118.0</mass-charge>
    </ei-ms-peak>
    <ei-ms-peak>
      <ei-ms-id>1133</ei-ms-id>
      <id>122211</id>
      <intensity>30.0</intensity>
      <mass-charge>119.0</mass-charge>
    </ei-ms-peak>
    <ei-ms-peak>
      <ei-ms-id>1133</ei-ms-id>
      <id>122212</id>
      <intensity>10.0</intensity>
      <mass-charge>120.0</mass-charge>
    </ei-ms-peak>
    <ei-ms-peak>
      <ei-ms-id>1133</ei-ms-id>
      <id>122213</id>
      <intensity>179.0</intensity>
      <mass-charge>121.0</mass-charge>
    </ei-ms-peak>
    <ei-ms-peak>
      <ei-ms-id>1133</ei-ms-id>
      <id>122214</id>
      <intensity>70.0</intensity>
      <mass-charge>122.0</mass-charge>
    </ei-ms-peak>
    <ei-ms-peak>
      <ei-ms-id>1133</ei-ms-id>
      <id>122215</id>
      <intensity>209.0</intensity>
      <mass-charge>123.0</mass-charge>
    </ei-ms-peak>
    <ei-ms-peak>
      <ei-ms-id>1133</ei-ms-id>
      <id>122216</id>
      <intensity>219.0</intensity>
      <mass-charge>124.0</mass-charge>
    </ei-ms-peak>
    <ei-ms-peak>
      <ei-ms-id>1133</ei-ms-id>
      <id>122217</id>
      <intensity>899.0</intensity>
      <mass-charge>125.0</mass-charge>
    </ei-ms-peak>
    <ei-ms-peak>
      <ei-ms-id>1133</ei-ms-id>
      <id>122218</id>
      <intensity>279.0</intensity>
      <mass-charge>126.0</mass-charge>
    </ei-ms-peak>
    <ei-ms-peak>
      <ei-ms-id>1133</ei-ms-id>
      <id>122219</id>
      <intensity>459.0</intensity>
      <mass-charge>127.0</mass-charge>
    </ei-ms-peak>
    <ei-ms-peak>
      <ei-ms-id>1133</ei-ms-id>
      <id>122220</id>
      <intensity>60.0</intensity>
      <mass-charge>128.0</mass-charge>
    </ei-ms-peak>
    <ei-ms-peak>
      <ei-ms-id>1133</ei-ms-id>
      <id>122221</id>
      <intensity>3289.0</intensity>
      <mass-charge>129.0</mass-charge>
    </ei-ms-peak>
    <ei-ms-peak>
      <ei-ms-id>1133</ei-ms-id>
      <id>122222</id>
      <intensity>349.0</intensity>
      <mass-charge>130.0</mass-charge>
    </ei-ms-peak>
    <ei-ms-peak>
      <ei-ms-id>1133</ei-ms-id>
      <id>122223</id>
      <intensity>40.0</intensity>
      <mass-charge>131.0</mass-charge>
    </ei-ms-peak>
    <ei-ms-peak>
      <ei-ms-id>1133</ei-ms-id>
      <id>122224</id>
      <intensity>10.0</intensity>
      <mass-charge>132.0</mass-charge>
    </ei-ms-peak>
    <ei-ms-peak>
      <ei-ms-id>1133</ei-ms-id>
      <id>122225</id>
      <intensity>30.0</intensity>
      <mass-charge>133.0</mass-charge>
    </ei-ms-peak>
    <ei-ms-peak>
      <ei-ms-id>1133</ei-ms-id>
      <id>122226</id>
      <intensity>10.0</intensity>
      <mass-charge>134.0</mass-charge>
    </ei-ms-peak>
    <ei-ms-peak>
      <ei-ms-id>1133</ei-ms-id>
      <id>122227</id>
      <intensity>199.0</intensity>
      <mass-charge>135.0</mass-charge>
    </ei-ms-peak>
    <ei-ms-peak>
      <ei-ms-id>1133</ei-ms-id>
      <id>122228</id>
      <intensity>50.0</intensity>
      <mass-charge>136.0</mass-charge>
    </ei-ms-peak>
    <ei-ms-peak>
      <ei-ms-id>1133</ei-ms-id>
      <id>122229</id>
      <intensity>119.0</intensity>
      <mass-charge>137.0</mass-charge>
    </ei-ms-peak>
    <ei-ms-peak>
      <ei-ms-id>1133</ei-ms-id>
      <id>122230</id>
      <intensity>169.0</intensity>
      <mass-charge>138.0</mass-charge>
    </ei-ms-peak>
    <ei-ms-peak>
      <ei-ms-id>1133</ei-ms-id>
      <id>122231</id>
      <intensity>549.0</intensity>
      <mass-charge>139.0</mass-charge>
    </ei-ms-peak>
    <ei-ms-peak>
      <ei-ms-id>1133</ei-ms-id>
      <id>122232</id>
      <intensity>199.0</intensity>
      <mass-charge>140.0</mass-charge>
    </ei-ms-peak>
    <ei-ms-peak>
      <ei-ms-id>1133</ei-ms-id>
      <id>122233</id>
      <intensity>329.0</intensity>
      <mass-charge>141.0</mass-charge>
    </ei-ms-peak>
    <ei-ms-peak>
      <ei-ms-id>1133</ei-ms-id>
      <id>122234</id>
      <intensity>50.0</intensity>
      <mass-charge>142.0</mass-charge>
    </ei-ms-peak>
    <ei-ms-peak>
      <ei-ms-id>1133</ei-ms-id>
      <id>122235</id>
      <intensity>399.0</intensity>
      <mass-charge>143.0</mass-charge>
    </ei-ms-peak>
    <ei-ms-peak>
      <ei-ms-id>1133</ei-ms-id>
      <id>122236</id>
      <intensity>90.0</intensity>
      <mass-charge>144.0</mass-charge>
    </ei-ms-peak>
    <ei-ms-peak>
      <ei-ms-id>1133</ei-ms-id>
      <id>122237</id>
      <intensity>20.0</intensity>
      <mass-charge>145.0</mass-charge>
    </ei-ms-peak>
    <ei-ms-peak>
      <ei-ms-id>1133</ei-ms-id>
      <id>122238</id>
      <intensity>10.0</intensity>
      <mass-charge>147.0</mass-charge>
    </ei-ms-peak>
    <ei-ms-peak>
      <ei-ms-id>1133</ei-ms-id>
      <id>122239</id>
      <intensity>139.0</intensity>
      <mass-charge>149.0</mass-charge>
    </ei-ms-peak>
    <ei-ms-peak>
      <ei-ms-id>1133</ei-ms-id>
      <id>122240</id>
      <intensity>30.0</intensity>
      <mass-charge>150.0</mass-charge>
    </ei-ms-peak>
    <ei-ms-peak>
      <ei-ms-id>1133</ei-ms-id>
      <id>122241</id>
      <intensity>60.0</intensity>
      <mass-charge>151.0</mass-charge>
    </ei-ms-peak>
    <ei-ms-peak>
      <ei-ms-id>1133</ei-ms-id>
      <id>122242</id>
      <intensity>139.0</intensity>
      <mass-charge>152.0</mass-charge>
    </ei-ms-peak>
    <ei-ms-peak>
      <ei-ms-id>1133</ei-ms-id>
      <id>122243</id>
      <intensity>389.0</intensity>
      <mass-charge>153.0</mass-charge>
    </ei-ms-peak>
    <ei-ms-peak>
      <ei-ms-id>1133</ei-ms-id>
      <id>122244</id>
      <intensity>189.0</intensity>
      <mass-charge>154.0</mass-charge>
    </ei-ms-peak>
    <ei-ms-peak>
      <ei-ms-id>1133</ei-ms-id>
      <id>122245</id>
      <intensity>279.0</intensity>
      <mass-charge>155.0</mass-charge>
    </ei-ms-peak>
    <ei-ms-peak>
      <ei-ms-id>1133</ei-ms-id>
      <id>122246</id>
      <intensity>50.0</intensity>
      <mass-charge>156.0</mass-charge>
    </ei-ms-peak>
    <ei-ms-peak>
      <ei-ms-id>1133</ei-ms-id>
      <id>122247</id>
      <intensity>229.0</intensity>
      <mass-charge>157.0</mass-charge>
    </ei-ms-peak>
    <ei-ms-peak>
      <ei-ms-id>1133</ei-ms-id>
      <id>122248</id>
      <intensity>129.0</intensity>
      <mass-charge>158.0</mass-charge>
    </ei-ms-peak>
    <ei-ms-peak>
      <ei-ms-id>1133</ei-ms-id>
      <id>122249</id>
      <intensity>20.0</intensity>
      <mass-charge>159.0</mass-charge>
    </ei-ms-peak>
    <ei-ms-peak>
      <ei-ms-id>1133</ei-ms-id>
      <id>122250</id>
      <intensity>10.0</intensity>
      <mass-charge>161.0</mass-charge>
    </ei-ms-peak>
    <ei-ms-peak>
      <ei-ms-id>1133</ei-ms-id>
      <id>122251</id>
      <intensity>99.0</intensity>
      <mass-charge>163.0</mass-charge>
    </ei-ms-peak>
    <ei-ms-peak>
      <ei-ms-id>1133</ei-ms-id>
      <id>122252</id>
      <intensity>20.0</intensity>
      <mass-charge>164.0</mass-charge>
    </ei-ms-peak>
    <ei-ms-peak>
      <ei-ms-id>1133</ei-ms-id>
      <id>122253</id>
      <intensity>40.0</intensity>
      <mass-charge>165.0</mass-charge>
    </ei-ms-peak>
    <ei-ms-peak>
      <ei-ms-id>1133</ei-ms-id>
      <id>122254</id>
      <intensity>90.0</intensity>
      <mass-charge>166.0</mass-charge>
    </ei-ms-peak>
    <ei-ms-peak>
      <ei-ms-id>1133</ei-ms-id>
      <id>122255</id>
      <intensity>269.0</intensity>
      <mass-charge>167.0</mass-charge>
    </ei-ms-peak>
    <ei-ms-peak>
      <ei-ms-id>1133</ei-ms-id>
      <id>122256</id>
      <intensity>139.0</intensity>
      <mass-charge>168.0</mass-charge>
    </ei-ms-peak>
    <ei-ms-peak>
      <ei-ms-id>1133</ei-ms-id>
      <id>122257</id>
      <intensity>199.0</intensity>
      <mass-charge>169.0</mass-charge>
    </ei-ms-peak>
    <ei-ms-peak>
      <ei-ms-id>1133</ei-ms-id>
      <id>122258</id>
      <intensity>40.0</intensity>
      <mass-charge>170.0</mass-charge>
    </ei-ms-peak>
    <ei-ms-peak>
      <ei-ms-id>1133</ei-ms-id>
      <id>122259</id>
      <intensity>599.0</intensity>
      <mass-charge>171.0</mass-charge>
    </ei-ms-peak>
    <ei-ms-peak>
      <ei-ms-id>1133</ei-ms-id>
      <id>122260</id>
      <intensity>229.0</intensity>
      <mass-charge>172.0</mass-charge>
    </ei-ms-peak>
    <ei-ms-peak>
      <ei-ms-id>1133</ei-ms-id>
      <id>122261</id>
      <intensity>30.0</intensity>
      <mass-charge>173.0</mass-charge>
    </ei-ms-peak>
    <ei-ms-peak>
      <ei-ms-id>1133</ei-ms-id>
      <id>122262</id>
      <intensity>60.0</intensity>
      <mass-charge>177.0</mass-charge>
    </ei-ms-peak>
    <ei-ms-peak>
      <ei-ms-id>1133</ei-ms-id>
      <id>122263</id>
      <intensity>20.0</intensity>
      <mass-charge>178.0</mass-charge>
    </ei-ms-peak>
    <ei-ms-peak>
      <ei-ms-id>1133</ei-ms-id>
      <id>122264</id>
      <intensity>30.0</intensity>
      <mass-charge>179.0</mass-charge>
    </ei-ms-peak>
    <ei-ms-peak>
      <ei-ms-id>1133</ei-ms-id>
      <id>122265</id>
      <intensity>70.0</intensity>
      <mass-charge>180.0</mass-charge>
    </ei-ms-peak>
    <ei-ms-peak>
      <ei-ms-id>1133</ei-ms-id>
      <id>122266</id>
      <intensity>189.0</intensity>
      <mass-charge>181.0</mass-charge>
    </ei-ms-peak>
    <ei-ms-peak>
      <ei-ms-id>1133</ei-ms-id>
      <id>122267</id>
      <intensity>119.0</intensity>
      <mass-charge>182.0</mass-charge>
    </ei-ms-peak>
    <ei-ms-peak>
      <ei-ms-id>1133</ei-ms-id>
      <id>122268</id>
      <intensity>189.0</intensity>
      <mass-charge>183.0</mass-charge>
    </ei-ms-peak>
    <ei-ms-peak>
      <ei-ms-id>1133</ei-ms-id>
      <id>122269</id>
      <intensity>30.0</intensity>
      <mass-charge>184.0</mass-charge>
    </ei-ms-peak>
    <ei-ms-peak>
      <ei-ms-id>1133</ei-ms-id>
      <id>122270</id>
      <intensity>1119.0</intensity>
      <mass-charge>185.0</mass-charge>
    </ei-ms-peak>
    <ei-ms-peak>
      <ei-ms-id>1133</ei-ms-id>
      <id>122271</id>
      <intensity>179.0</intensity>
      <mass-charge>186.0</mass-charge>
    </ei-ms-peak>
    <ei-ms-peak>
      <ei-ms-id>1133</ei-ms-id>
      <id>122272</id>
      <intensity>20.0</intensity>
      <mass-charge>187.0</mass-charge>
    </ei-ms-peak>
    <ei-ms-peak>
      <ei-ms-id>1133</ei-ms-id>
      <id>122273</id>
      <intensity>10.0</intensity>
      <mass-charge>189.0</mass-charge>
    </ei-ms-peak>
    <ei-ms-peak>
      <ei-ms-id>1133</ei-ms-id>
      <id>122274</id>
      <intensity>50.0</intensity>
      <mass-charge>191.0</mass-charge>
    </ei-ms-peak>
    <ei-ms-peak>
      <ei-ms-id>1133</ei-ms-id>
      <id>122275</id>
      <intensity>20.0</intensity>
      <mass-charge>192.0</mass-charge>
    </ei-ms-peak>
    <ei-ms-peak>
      <ei-ms-id>1133</ei-ms-id>
      <id>122276</id>
      <intensity>20.0</intensity>
      <mass-charge>193.0</mass-charge>
    </ei-ms-peak>
    <ei-ms-peak>
      <ei-ms-id>1133</ei-ms-id>
      <id>122277</id>
      <intensity>70.0</intensity>
      <mass-charge>194.0</mass-charge>
    </ei-ms-peak>
    <ei-ms-peak>
      <ei-ms-id>1133</ei-ms-id>
      <id>122278</id>
      <intensity>149.0</intensity>
      <mass-charge>195.0</mass-charge>
    </ei-ms-peak>
    <ei-ms-peak>
      <ei-ms-id>1133</ei-ms-id>
      <id>122279</id>
      <intensity>109.0</intensity>
      <mass-charge>196.0</mass-charge>
    </ei-ms-peak>
    <ei-ms-peak>
      <ei-ms-id>1133</ei-ms-id>
      <id>122280</id>
      <intensity>129.0</intensity>
      <mass-charge>197.0</mass-charge>
    </ei-ms-peak>
    <ei-ms-peak>
      <ei-ms-id>1133</ei-ms-id>
      <id>122281</id>
      <intensity>30.0</intensity>
      <mass-charge>198.0</mass-charge>
    </ei-ms-peak>
    <ei-ms-peak>
      <ei-ms-id>1133</ei-ms-id>
      <id>122282</id>
      <intensity>169.0</intensity>
      <mass-charge>199.0</mass-charge>
    </ei-ms-peak>
    <ei-ms-peak>
      <ei-ms-id>1133</ei-ms-id>
      <id>122283</id>
      <intensity>50.0</intensity>
      <mass-charge>200.0</mass-charge>
    </ei-ms-peak>
    <ei-ms-peak>
      <ei-ms-id>1133</ei-ms-id>
      <id>122284</id>
      <intensity>10.0</intensity>
      <mass-charge>201.0</mass-charge>
    </ei-ms-peak>
    <ei-ms-peak>
      <ei-ms-id>1133</ei-ms-id>
      <id>122285</id>
      <intensity>30.0</intensity>
      <mass-charge>205.0</mass-charge>
    </ei-ms-peak>
    <ei-ms-peak>
      <ei-ms-id>1133</ei-ms-id>
      <id>122286</id>
      <intensity>20.0</intensity>
      <mass-charge>206.0</mass-charge>
    </ei-ms-peak>
    <ei-ms-peak>
      <ei-ms-id>1133</ei-ms-id>
      <id>122287</id>
      <intensity>10.0</intensity>
      <mass-charge>207.0</mass-charge>
    </ei-ms-peak>
    <ei-ms-peak>
      <ei-ms-id>1133</ei-ms-id>
      <id>122288</id>
      <intensity>60.0</intensity>
      <mass-charge>208.0</mass-charge>
    </ei-ms-peak>
    <ei-ms-peak>
      <ei-ms-id>1133</ei-ms-id>
      <id>122289</id>
      <intensity>119.0</intensity>
      <mass-charge>209.0</mass-charge>
    </ei-ms-peak>
    <ei-ms-peak>
      <ei-ms-id>1133</ei-ms-id>
      <id>122290</id>
      <intensity>119.0</intensity>
      <mass-charge>210.0</mass-charge>
    </ei-ms-peak>
    <ei-ms-peak>
      <ei-ms-id>1133</ei-ms-id>
      <id>122291</id>
      <intensity>109.0</intensity>
      <mass-charge>211.0</mass-charge>
    </ei-ms-peak>
    <ei-ms-peak>
      <ei-ms-id>1133</ei-ms-id>
      <id>122292</id>
      <intensity>20.0</intensity>
      <mass-charge>212.0</mass-charge>
    </ei-ms-peak>
    <ei-ms-peak>
      <ei-ms-id>1133</ei-ms-id>
      <id>122293</id>
      <intensity>209.0</intensity>
      <mass-charge>213.0</mass-charge>
    </ei-ms-peak>
    <ei-ms-peak>
      <ei-ms-id>1133</ei-ms-id>
      <id>122294</id>
      <intensity>90.0</intensity>
      <mass-charge>214.0</mass-charge>
    </ei-ms-peak>
    <ei-ms-peak>
      <ei-ms-id>1133</ei-ms-id>
      <id>122295</id>
      <intensity>20.0</intensity>
      <mass-charge>215.0</mass-charge>
    </ei-ms-peak>
    <ei-ms-peak>
      <ei-ms-id>1133</ei-ms-id>
      <id>122296</id>
      <intensity>20.0</intensity>
      <mass-charge>219.0</mass-charge>
    </ei-ms-peak>
    <ei-ms-peak>
      <ei-ms-id>1133</ei-ms-id>
      <id>122297</id>
      <intensity>20.0</intensity>
      <mass-charge>220.0</mass-charge>
    </ei-ms-peak>
    <ei-ms-peak>
      <ei-ms-id>1133</ei-ms-id>
      <id>122298</id>
      <intensity>10.0</intensity>
      <mass-charge>221.0</mass-charge>
    </ei-ms-peak>
    <ei-ms-peak>
      <ei-ms-id>1133</ei-ms-id>
      <id>122299</id>
      <intensity>60.0</intensity>
      <mass-charge>222.0</mass-charge>
    </ei-ms-peak>
    <ei-ms-peak>
      <ei-ms-id>1133</ei-ms-id>
      <id>122300</id>
      <intensity>109.0</intensity>
      <mass-charge>223.0</mass-charge>
    </ei-ms-peak>
    <ei-ms-peak>
      <ei-ms-id>1133</ei-ms-id>
      <id>122301</id>
      <intensity>109.0</intensity>
      <mass-charge>224.0</mass-charge>
    </ei-ms-peak>
    <ei-ms-peak>
      <ei-ms-id>1133</ei-ms-id>
      <id>122302</id>
      <intensity>109.0</intensity>
      <mass-charge>225.0</mass-charge>
    </ei-ms-peak>
    <ei-ms-peak>
      <ei-ms-id>1133</ei-ms-id>
      <id>122303</id>
      <intensity>20.0</intensity>
      <mass-charge>226.0</mass-charge>
    </ei-ms-peak>
    <ei-ms-peak>
      <ei-ms-id>1133</ei-ms-id>
      <id>122304</id>
      <intensity>319.0</intensity>
      <mass-charge>227.0</mass-charge>
    </ei-ms-peak>
    <ei-ms-peak>
      <ei-ms-id>1133</ei-ms-id>
      <id>122305</id>
      <intensity>99.0</intensity>
      <mass-charge>228.0</mass-charge>
    </ei-ms-peak>
    <ei-ms-peak>
      <ei-ms-id>1133</ei-ms-id>
      <id>122306</id>
      <intensity>20.0</intensity>
      <mass-charge>229.0</mass-charge>
    </ei-ms-peak>
    <ei-ms-peak>
      <ei-ms-id>1133</ei-ms-id>
      <id>122307</id>
      <intensity>20.0</intensity>
      <mass-charge>233.0</mass-charge>
    </ei-ms-peak>
    <ei-ms-peak>
      <ei-ms-id>1133</ei-ms-id>
      <id>122308</id>
      <intensity>10.0</intensity>
      <mass-charge>234.0</mass-charge>
    </ei-ms-peak>
    <ei-ms-peak>
      <ei-ms-id>1133</ei-ms-id>
      <id>122309</id>
      <intensity>10.0</intensity>
      <mass-charge>235.0</mass-charge>
    </ei-ms-peak>
    <ei-ms-peak>
      <ei-ms-id>1133</ei-ms-id>
      <id>122310</id>
      <intensity>60.0</intensity>
      <mass-charge>236.0</mass-charge>
    </ei-ms-peak>
    <ei-ms-peak>
      <ei-ms-id>1133</ei-ms-id>
      <id>122311</id>
      <intensity>90.0</intensity>
      <mass-charge>237.0</mass-charge>
    </ei-ms-peak>
    <ei-ms-peak>
      <ei-ms-id>1133</ei-ms-id>
      <id>122312</id>
      <intensity>119.0</intensity>
      <mass-charge>238.0</mass-charge>
    </ei-ms-peak>
    <ei-ms-peak>
      <ei-ms-id>1133</ei-ms-id>
      <id>122313</id>
      <intensity>90.0</intensity>
      <mass-charge>239.0</mass-charge>
    </ei-ms-peak>
    <ei-ms-peak>
      <ei-ms-id>1133</ei-ms-id>
      <id>122314</id>
      <intensity>20.0</intensity>
      <mass-charge>240.0</mass-charge>
    </ei-ms-peak>
    <ei-ms-peak>
      <ei-ms-id>1133</ei-ms-id>
      <id>122315</id>
      <intensity>329.0</intensity>
      <mass-charge>241.0</mass-charge>
    </ei-ms-peak>
    <ei-ms-peak>
      <ei-ms-id>1133</ei-ms-id>
      <id>122316</id>
      <intensity>80.0</intensity>
      <mass-charge>242.0</mass-charge>
    </ei-ms-peak>
    <ei-ms-peak>
      <ei-ms-id>1133</ei-ms-id>
      <id>122317</id>
      <intensity>10.0</intensity>
      <mass-charge>243.0</mass-charge>
    </ei-ms-peak>
    <ei-ms-peak>
      <ei-ms-id>1133</ei-ms-id>
      <id>122318</id>
      <intensity>10.0</intensity>
      <mass-charge>247.0</mass-charge>
    </ei-ms-peak>
    <ei-ms-peak>
      <ei-ms-id>1133</ei-ms-id>
      <id>122319</id>
      <intensity>10.0</intensity>
      <mass-charge>248.0</mass-charge>
    </ei-ms-peak>
    <ei-ms-peak>
      <ei-ms-id>1133</ei-ms-id>
      <id>122320</id>
      <intensity>10.0</intensity>
      <mass-charge>249.0</mass-charge>
    </ei-ms-peak>
    <ei-ms-peak>
      <ei-ms-id>1133</ei-ms-id>
      <id>122321</id>
      <intensity>60.0</intensity>
      <mass-charge>250.0</mass-charge>
    </ei-ms-peak>
    <ei-ms-peak>
      <ei-ms-id>1133</ei-ms-id>
      <id>122322</id>
      <intensity>80.0</intensity>
      <mass-charge>251.0</mass-charge>
    </ei-ms-peak>
    <ei-ms-peak>
      <ei-ms-id>1133</ei-ms-id>
      <id>122323</id>
      <intensity>90.0</intensity>
      <mass-charge>252.0</mass-charge>
    </ei-ms-peak>
    <ei-ms-peak>
      <ei-ms-id>1133</ei-ms-id>
      <id>122324</id>
      <intensity>70.0</intensity>
      <mass-charge>253.0</mass-charge>
    </ei-ms-peak>
    <ei-ms-peak>
      <ei-ms-id>1133</ei-ms-id>
      <id>122325</id>
      <intensity>10.0</intensity>
      <mass-charge>254.0</mass-charge>
    </ei-ms-peak>
    <ei-ms-peak>
      <ei-ms-id>1133</ei-ms-id>
      <id>122326</id>
      <intensity>129.0</intensity>
      <mass-charge>255.0</mass-charge>
    </ei-ms-peak>
    <ei-ms-peak>
      <ei-ms-id>1133</ei-ms-id>
      <id>122327</id>
      <intensity>70.0</intensity>
      <mass-charge>256.0</mass-charge>
    </ei-ms-peak>
    <ei-ms-peak>
      <ei-ms-id>1133</ei-ms-id>
      <id>122328</id>
      <intensity>10.0</intensity>
      <mass-charge>257.0</mass-charge>
    </ei-ms-peak>
    <ei-ms-peak>
      <ei-ms-id>1133</ei-ms-id>
      <id>122329</id>
      <intensity>10.0</intensity>
      <mass-charge>261.0</mass-charge>
    </ei-ms-peak>
    <ei-ms-peak>
      <ei-ms-id>1133</ei-ms-id>
      <id>122330</id>
      <intensity>10.0</intensity>
      <mass-charge>262.0</mass-charge>
    </ei-ms-peak>
    <ei-ms-peak>
      <ei-ms-id>1133</ei-ms-id>
      <id>122331</id>
      <intensity>10.0</intensity>
      <mass-charge>263.0</mass-charge>
    </ei-ms-peak>
    <ei-ms-peak>
      <ei-ms-id>1133</ei-ms-id>
      <id>122332</id>
      <intensity>50.0</intensity>
      <mass-charge>264.0</mass-charge>
    </ei-ms-peak>
    <ei-ms-peak>
      <ei-ms-id>1133</ei-ms-id>
      <id>122333</id>
      <intensity>70.0</intensity>
      <mass-charge>265.0</mass-charge>
    </ei-ms-peak>
    <ei-ms-peak>
      <ei-ms-id>1133</ei-ms-id>
      <id>122334</id>
      <intensity>99.0</intensity>
      <mass-charge>266.0</mass-charge>
    </ei-ms-peak>
    <ei-ms-peak>
      <ei-ms-id>1133</ei-ms-id>
      <id>122335</id>
      <intensity>60.0</intensity>
      <mass-charge>267.0</mass-charge>
    </ei-ms-peak>
    <ei-ms-peak>
      <ei-ms-id>1133</ei-ms-id>
      <id>122336</id>
      <intensity>20.0</intensity>
      <mass-charge>268.0</mass-charge>
    </ei-ms-peak>
    <ei-ms-peak>
      <ei-ms-id>1133</ei-ms-id>
      <id>122337</id>
      <intensity>299.0</intensity>
      <mass-charge>269.0</mass-charge>
    </ei-ms-peak>
    <ei-ms-peak>
      <ei-ms-id>1133</ei-ms-id>
      <id>122338</id>
      <intensity>109.0</intensity>
      <mass-charge>270.0</mass-charge>
    </ei-ms-peak>
    <ei-ms-peak>
      <ei-ms-id>1133</ei-ms-id>
      <id>122339</id>
      <intensity>20.0</intensity>
      <mass-charge>271.0</mass-charge>
    </ei-ms-peak>
    <ei-ms-peak>
      <ei-ms-id>1133</ei-ms-id>
      <id>122340</id>
      <intensity>10.0</intensity>
      <mass-charge>275.0</mass-charge>
    </ei-ms-peak>
    <ei-ms-peak>
      <ei-ms-id>1133</ei-ms-id>
      <id>122341</id>
      <intensity>10.0</intensity>
      <mass-charge>276.0</mass-charge>
    </ei-ms-peak>
    <ei-ms-peak>
      <ei-ms-id>1133</ei-ms-id>
      <id>122342</id>
      <intensity>10.0</intensity>
      <mass-charge>277.0</mass-charge>
    </ei-ms-peak>
    <ei-ms-peak>
      <ei-ms-id>1133</ei-ms-id>
      <id>122343</id>
      <intensity>40.0</intensity>
      <mass-charge>278.0</mass-charge>
    </ei-ms-peak>
    <ei-ms-peak>
      <ei-ms-id>1133</ei-ms-id>
      <id>122344</id>
      <intensity>60.0</intensity>
      <mass-charge>279.0</mass-charge>
    </ei-ms-peak>
    <ei-ms-peak>
      <ei-ms-id>1133</ei-ms-id>
      <id>122345</id>
      <intensity>90.0</intensity>
      <mass-charge>280.0</mass-charge>
    </ei-ms-peak>
    <ei-ms-peak>
      <ei-ms-id>1133</ei-ms-id>
      <id>122346</id>
      <intensity>50.0</intensity>
      <mass-charge>281.0</mass-charge>
    </ei-ms-peak>
    <ei-ms-peak>
      <ei-ms-id>1133</ei-ms-id>
      <id>122347</id>
      <intensity>10.0</intensity>
      <mass-charge>282.0</mass-charge>
    </ei-ms-peak>
    <ei-ms-peak>
      <ei-ms-id>1133</ei-ms-id>
      <id>122348</id>
      <intensity>259.0</intensity>
      <mass-charge>283.0</mass-charge>
    </ei-ms-peak>
    <ei-ms-peak>
      <ei-ms-id>1133</ei-ms-id>
      <id>122349</id>
      <intensity>80.0</intensity>
      <mass-charge>284.0</mass-charge>
    </ei-ms-peak>
    <ei-ms-peak>
      <ei-ms-id>1133</ei-ms-id>
      <id>122350</id>
      <intensity>10.0</intensity>
      <mass-charge>285.0</mass-charge>
    </ei-ms-peak>
    <ei-ms-peak>
      <ei-ms-id>1133</ei-ms-id>
      <id>122351</id>
      <intensity>10.0</intensity>
      <mass-charge>289.0</mass-charge>
    </ei-ms-peak>
    <ei-ms-peak>
      <ei-ms-id>1133</ei-ms-id>
      <id>122352</id>
      <intensity>10.0</intensity>
      <mass-charge>290.0</mass-charge>
    </ei-ms-peak>
    <ei-ms-peak>
      <ei-ms-id>1133</ei-ms-id>
      <id>122353</id>
      <intensity>10.0</intensity>
      <mass-charge>291.0</mass-charge>
    </ei-ms-peak>
    <ei-ms-peak>
      <ei-ms-id>1133</ei-ms-id>
      <id>122354</id>
      <intensity>40.0</intensity>
      <mass-charge>292.0</mass-charge>
    </ei-ms-peak>
    <ei-ms-peak>
      <ei-ms-id>1133</ei-ms-id>
      <id>122355</id>
      <intensity>50.0</intensity>
      <mass-charge>293.0</mass-charge>
    </ei-ms-peak>
    <ei-ms-peak>
      <ei-ms-id>1133</ei-ms-id>
      <id>122356</id>
      <intensity>80.0</intensity>
      <mass-charge>294.0</mass-charge>
    </ei-ms-peak>
    <ei-ms-peak>
      <ei-ms-id>1133</ei-ms-id>
      <id>122357</id>
      <intensity>50.0</intensity>
      <mass-charge>295.0</mass-charge>
    </ei-ms-peak>
    <ei-ms-peak>
      <ei-ms-id>1133</ei-ms-id>
      <id>122358</id>
      <intensity>10.0</intensity>
      <mass-charge>296.0</mass-charge>
    </ei-ms-peak>
    <ei-ms-peak>
      <ei-ms-id>1133</ei-ms-id>
      <id>122359</id>
      <intensity>149.0</intensity>
      <mass-charge>297.0</mass-charge>
    </ei-ms-peak>
    <ei-ms-peak>
      <ei-ms-id>1133</ei-ms-id>
      <id>122360</id>
      <intensity>50.0</intensity>
      <mass-charge>298.0</mass-charge>
    </ei-ms-peak>
    <ei-ms-peak>
      <ei-ms-id>1133</ei-ms-id>
      <id>122361</id>
      <intensity>10.0</intensity>
      <mass-charge>299.0</mass-charge>
    </ei-ms-peak>
    <ei-ms-peak>
      <ei-ms-id>1133</ei-ms-id>
      <id>122362</id>
      <intensity>10.0</intensity>
      <mass-charge>303.0</mass-charge>
    </ei-ms-peak>
    <ei-ms-peak>
      <ei-ms-id>1133</ei-ms-id>
      <id>122363</id>
      <intensity>10.0</intensity>
      <mass-charge>305.0</mass-charge>
    </ei-ms-peak>
    <ei-ms-peak>
      <ei-ms-id>1133</ei-ms-id>
      <id>122364</id>
      <intensity>40.0</intensity>
      <mass-charge>306.0</mass-charge>
    </ei-ms-peak>
    <ei-ms-peak>
      <ei-ms-id>1133</ei-ms-id>
      <id>122365</id>
      <intensity>50.0</intensity>
      <mass-charge>307.0</mass-charge>
    </ei-ms-peak>
    <ei-ms-peak>
      <ei-ms-id>1133</ei-ms-id>
      <id>122366</id>
      <intensity>60.0</intensity>
      <mass-charge>308.0</mass-charge>
    </ei-ms-peak>
    <ei-ms-peak>
      <ei-ms-id>1133</ei-ms-id>
      <id>122367</id>
      <intensity>30.0</intensity>
      <mass-charge>309.0</mass-charge>
    </ei-ms-peak>
    <ei-ms-peak>
      <ei-ms-id>1133</ei-ms-id>
      <id>122368</id>
      <intensity>10.0</intensity>
      <mass-charge>310.0</mass-charge>
    </ei-ms-peak>
    <ei-ms-peak>
      <ei-ms-id>1133</ei-ms-id>
      <id>122369</id>
      <intensity>129.0</intensity>
      <mass-charge>311.0</mass-charge>
    </ei-ms-peak>
    <ei-ms-peak>
      <ei-ms-id>1133</ei-ms-id>
      <id>122370</id>
      <intensity>70.0</intensity>
      <mass-charge>312.0</mass-charge>
    </ei-ms-peak>
    <ei-ms-peak>
      <ei-ms-id>1133</ei-ms-id>
      <id>122371</id>
      <intensity>20.0</intensity>
      <mass-charge>313.0</mass-charge>
    </ei-ms-peak>
    <ei-ms-peak>
      <ei-ms-id>1133</ei-ms-id>
      <id>122372</id>
      <intensity>10.0</intensity>
      <mass-charge>318.0</mass-charge>
    </ei-ms-peak>
    <ei-ms-peak>
      <ei-ms-id>1133</ei-ms-id>
      <id>122373</id>
      <intensity>10.0</intensity>
      <mass-charge>319.0</mass-charge>
    </ei-ms-peak>
    <ei-ms-peak>
      <ei-ms-id>1133</ei-ms-id>
      <id>122374</id>
      <intensity>50.0</intensity>
      <mass-charge>320.0</mass-charge>
    </ei-ms-peak>
    <ei-ms-peak>
      <ei-ms-id>1133</ei-ms-id>
      <id>122375</id>
      <intensity>50.0</intensity>
      <mass-charge>321.0</mass-charge>
    </ei-ms-peak>
    <ei-ms-peak>
      <ei-ms-id>1133</ei-ms-id>
      <id>122376</id>
      <intensity>60.0</intensity>
      <mass-charge>322.0</mass-charge>
    </ei-ms-peak>
    <ei-ms-peak>
      <ei-ms-id>1133</ei-ms-id>
      <id>122377</id>
      <intensity>20.0</intensity>
      <mass-charge>323.0</mass-charge>
    </ei-ms-peak>
    <ei-ms-peak>
      <ei-ms-id>1133</ei-ms-id>
      <id>122378</id>
      <intensity>739.0</intensity>
      <mass-charge>325.0</mass-charge>
    </ei-ms-peak>
    <ei-ms-peak>
      <ei-ms-id>1133</ei-ms-id>
      <id>122379</id>
      <intensity>179.0</intensity>
      <mass-charge>326.0</mass-charge>
    </ei-ms-peak>
    <ei-ms-peak>
      <ei-ms-id>1133</ei-ms-id>
      <id>122380</id>
      <intensity>30.0</intensity>
      <mass-charge>327.0</mass-charge>
    </ei-ms-peak>
    <ei-ms-peak>
      <ei-ms-id>1133</ei-ms-id>
      <id>122381</id>
      <intensity>10.0</intensity>
      <mass-charge>333.0</mass-charge>
    </ei-ms-peak>
    <ei-ms-peak>
      <ei-ms-id>1133</ei-ms-id>
      <id>122382</id>
      <intensity>20.0</intensity>
      <mass-charge>334.0</mass-charge>
    </ei-ms-peak>
    <ei-ms-peak>
      <ei-ms-id>1133</ei-ms-id>
      <id>122383</id>
      <intensity>30.0</intensity>
      <mass-charge>335.0</mass-charge>
    </ei-ms-peak>
    <ei-ms-peak>
      <ei-ms-id>1133</ei-ms-id>
      <id>122384</id>
      <intensity>70.0</intensity>
      <mass-charge>336.0</mass-charge>
    </ei-ms-peak>
    <ei-ms-peak>
      <ei-ms-id>1133</ei-ms-id>
      <id>122385</id>
      <intensity>20.0</intensity>
      <mass-charge>337.0</mass-charge>
    </ei-ms-peak>
    <ei-ms-peak>
      <ei-ms-id>1133</ei-ms-id>
      <id>122386</id>
      <intensity>349.0</intensity>
      <mass-charge>339.0</mass-charge>
    </ei-ms-peak>
    <ei-ms-peak>
      <ei-ms-id>1133</ei-ms-id>
      <id>122387</id>
      <intensity>90.0</intensity>
      <mass-charge>340.0</mass-charge>
    </ei-ms-peak>
    <ei-ms-peak>
      <ei-ms-id>1133</ei-ms-id>
      <id>122388</id>
      <intensity>10.0</intensity>
      <mass-charge>341.0</mass-charge>
    </ei-ms-peak>
    <ei-ms-peak>
      <ei-ms-id>1133</ei-ms-id>
      <id>122389</id>
      <intensity>20.0</intensity>
      <mass-charge>349.0</mass-charge>
    </ei-ms-peak>
    <ei-ms-peak>
      <ei-ms-id>1133</ei-ms-id>
      <id>122390</id>
      <intensity>40.0</intensity>
      <mass-charge>350.0</mass-charge>
    </ei-ms-peak>
    <ei-ms-peak>
      <ei-ms-id>1133</ei-ms-id>
      <id>122391</id>
      <intensity>10.0</intensity>
      <mass-charge>351.0</mass-charge>
    </ei-ms-peak>
    <ei-ms-peak>
      <ei-ms-id>1133</ei-ms-id>
      <id>122392</id>
      <intensity>90.0</intensity>
      <mass-charge>353.0</mass-charge>
    </ei-ms-peak>
    <ei-ms-peak>
      <ei-ms-id>1133</ei-ms-id>
      <id>122393</id>
      <intensity>30.0</intensity>
      <mass-charge>354.0</mass-charge>
    </ei-ms-peak>
    <ei-ms-peak>
      <ei-ms-id>1133</ei-ms-id>
      <id>122394</id>
      <intensity>159.0</intensity>
      <mass-charge>362.0</mass-charge>
    </ei-ms-peak>
    <ei-ms-peak>
      <ei-ms-id>1133</ei-ms-id>
      <id>122395</id>
      <intensity>40.0</intensity>
      <mass-charge>363.0</mass-charge>
    </ei-ms-peak>
    <ei-ms-peak>
      <ei-ms-id>1133</ei-ms-id>
      <id>122396</id>
      <intensity>139.0</intensity>
      <mass-charge>364.0</mass-charge>
    </ei-ms-peak>
    <ei-ms-peak>
      <ei-ms-id>1133</ei-ms-id>
      <id>122397</id>
      <intensity>90.0</intensity>
      <mass-charge>365.0</mass-charge>
    </ei-ms-peak>
    <ei-ms-peak>
      <ei-ms-id>1133</ei-ms-id>
      <id>122398</id>
      <intensity>10.0</intensity>
      <mass-charge>366.0</mass-charge>
    </ei-ms-peak>
    <ei-ms-peak>
      <ei-ms-id>1133</ei-ms-id>
      <id>122399</id>
      <intensity>179.0</intensity>
      <mass-charge>367.0</mass-charge>
    </ei-ms-peak>
    <ei-ms-peak>
      <ei-ms-id>1133</ei-ms-id>
      <id>122400</id>
      <intensity>90.0</intensity>
      <mass-charge>368.0</mass-charge>
    </ei-ms-peak>
    <ei-ms-peak>
      <ei-ms-id>1133</ei-ms-id>
      <id>122401</id>
      <intensity>20.0</intensity>
      <mass-charge>369.0</mass-charge>
    </ei-ms-peak>
    <ei-ms-peak>
      <ei-ms-id>1133</ei-ms-id>
      <id>122402</id>
      <intensity>10.0</intensity>
      <mass-charge>370.0</mass-charge>
    </ei-ms-peak>
    <ei-ms-peak>
      <ei-ms-id>1133</ei-ms-id>
      <id>122403</id>
      <intensity>20.0</intensity>
      <mass-charge>372.0</mass-charge>
    </ei-ms-peak>
    <ei-ms-peak>
      <ei-ms-id>1133</ei-ms-id>
      <id>122404</id>
      <intensity>10.0</intensity>
      <mass-charge>373.0</mass-charge>
    </ei-ms-peak>
    <ei-ms-peak>
      <ei-ms-id>1133</ei-ms-id>
      <id>122405</id>
      <intensity>10.0</intensity>
      <mass-charge>376.0</mass-charge>
    </ei-ms-peak>
    <ei-ms-peak>
      <ei-ms-id>1133</ei-ms-id>
      <id>122406</id>
      <intensity>20.0</intensity>
      <mass-charge>377.0</mass-charge>
    </ei-ms-peak>
    <ei-ms-peak>
      <ei-ms-id>1133</ei-ms-id>
      <id>122407</id>
      <intensity>70.0</intensity>
      <mass-charge>378.0</mass-charge>
    </ei-ms-peak>
    <ei-ms-peak>
      <ei-ms-id>1133</ei-ms-id>
      <id>122408</id>
      <intensity>20.0</intensity>
      <mass-charge>379.0</mass-charge>
    </ei-ms-peak>
    <ei-ms-peak>
      <ei-ms-id>1133</ei-ms-id>
      <id>122409</id>
      <intensity>10.0</intensity>
      <mass-charge>380.0</mass-charge>
    </ei-ms-peak>
    <ei-ms-peak>
      <ei-ms-id>1133</ei-ms-id>
      <id>122410</id>
      <intensity>1249.0</intensity>
      <mass-charge>381.0</mass-charge>
    </ei-ms-peak>
    <ei-ms-peak>
      <ei-ms-id>1133</ei-ms-id>
      <id>122411</id>
      <intensity>359.0</intensity>
      <mass-charge>382.0</mass-charge>
    </ei-ms-peak>
    <ei-ms-peak>
      <ei-ms-id>1133</ei-ms-id>
      <id>122412</id>
      <intensity>60.0</intensity>
      <mass-charge>383.0</mass-charge>
    </ei-ms-peak>
    <ei-ms-peak>
      <ei-ms-id>1133</ei-ms-id>
      <id>122413</id>
      <intensity>10.0</intensity>
      <mass-charge>384.0</mass-charge>
    </ei-ms-peak>
    <ei-ms-peak>
      <ei-ms-id>1133</ei-ms-id>
      <id>122414</id>
      <intensity>99.0</intensity>
      <mass-charge>388.0</mass-charge>
    </ei-ms-peak>
    <ei-ms-peak>
      <ei-ms-id>1133</ei-ms-id>
      <id>122415</id>
      <intensity>30.0</intensity>
      <mass-charge>389.0</mass-charge>
    </ei-ms-peak>
    <ei-ms-peak>
      <ei-ms-id>1133</ei-ms-id>
      <id>122416</id>
      <intensity>189.0</intensity>
      <mass-charge>395.0</mass-charge>
    </ei-ms-peak>
    <ei-ms-peak>
      <ei-ms-id>1133</ei-ms-id>
      <id>122417</id>
      <intensity>60.0</intensity>
      <mass-charge>396.0</mass-charge>
    </ei-ms-peak>
    <ei-ms-peak>
      <ei-ms-id>1133</ei-ms-id>
      <id>122418</id>
      <intensity>10.0</intensity>
      <mass-charge>397.0</mass-charge>
    </ei-ms-peak>
    <ei-ms-peak>
      <ei-ms-id>1133</ei-ms-id>
      <id>122419</id>
      <intensity>10.0</intensity>
      <mass-charge>404.0</mass-charge>
    </ei-ms-peak>
    <ei-ms-peak>
      <ei-ms-id>1133</ei-ms-id>
      <id>122420</id>
      <intensity>40.0</intensity>
      <mass-charge>405.0</mass-charge>
    </ei-ms-peak>
    <ei-ms-peak>
      <ei-ms-id>1133</ei-ms-id>
      <id>122421</id>
      <intensity>149.0</intensity>
      <mass-charge>406.0</mass-charge>
    </ei-ms-peak>
    <ei-ms-peak>
      <ei-ms-id>1133</ei-ms-id>
      <id>122422</id>
      <intensity>80.0</intensity>
      <mass-charge>407.0</mass-charge>
    </ei-ms-peak>
    <ei-ms-peak>
      <ei-ms-id>1133</ei-ms-id>
      <id>122423</id>
      <intensity>20.0</intensity>
      <mass-charge>408.0</mass-charge>
    </ei-ms-peak>
    <ei-ms-peak>
      <ei-ms-id>1133</ei-ms-id>
      <id>122424</id>
      <intensity>10.0</intensity>
      <mass-charge>422.0</mass-charge>
    </ei-ms-peak>
    <ei-ms-peak>
      <ei-ms-id>1133</ei-ms-id>
      <id>122425</id>
      <intensity>10.0</intensity>
      <mass-charge>423.0</mass-charge>
    </ei-ms-peak>
    <ei-ms-peak>
      <ei-ms-id>1133</ei-ms-id>
      <id>122426</id>
      <intensity>9999.0</intensity>
      <mass-charge>424.0</mass-charge>
    </ei-ms-peak>
    <ei-ms-peak>
      <ei-ms-id>1133</ei-ms-id>
      <id>122427</id>
      <intensity>3069.0</intensity>
      <mass-charge>425.0</mass-charge>
    </ei-ms-peak>
    <ei-ms-peak>
      <ei-ms-id>1133</ei-ms-id>
      <id>122428</id>
      <intensity>549.0</intensity>
      <mass-charge>426.0</mass-charge>
    </ei-ms-peak>
    <ei-ms-peak>
      <ei-ms-id>1133</ei-ms-id>
      <id>122429</id>
      <intensity>60.0</intensity>
      <mass-charge>427.0</mass-charge>
    </ei-ms-peak>
  </ei-ms-peaks>
</ei-ms>
