<?xml version="1.0" encoding="UTF-8"?>
<ei-ms>
  <collection-date nil="true"/>
  <created-at>2014-09-20T16:40:04Z</created-at>
  <database-id>HMDB01875</database-id>
  <id>939</id>
  <inchi-key>OKKJLVBELUTLKV-UHFFFAOYSA-N</inchi-key>
  <instrument-type nil="true"/>
  <molecule-id nil="true"/>
  <notes nil="true"/>
  <peak-counter>16</peak-counter>
  <sample-assessment nil="true"/>
  <sample-concentration nil="true"/>
  <sample-concentration-units nil="true"/>
  <sample-mass nil="true"/>
  <sample-mass-units nil="true"/>
  <sample-source nil="true"/>
  <solvent nil="true"/>
  <spectra-assessment nil="true"/>
  <updated-at>2014-09-20T16:40:04Z</updated-at>
  <references>
    <reference>
      <database>NIST</database>
      <database-id>67-56-1</database-id>
      <id>15811</id>
      <pubmed-id nil="true"/>
      <ref-text>NIST Mass Spec Data Center, S.E. Stein, director, "Mass Spectra" in NIST Chemistry WebBook, NIST Standard Reference Database Number 69, Eds. P.J. Linstrom and W.G. Mallard, National Institute of Standards and Technology, Gaithersburg MD, 20899, http://webbook.nist.gov, (retrieved September 6, 2014).</ref-text>
      <spectra-id>939</spectra-id>
      <spectra-type>EiMs</spectra-type>
    </reference>
  </references>
  <ei-ms-peaks>
    <ei-ms-peak>
      <ei-ms-id>939</ei-ms-id>
      <id>101709</id>
      <intensity>30.0</intensity>
      <mass-charge>2.0</mass-charge>
    </ei-ms-peak>
    <ei-ms-peak>
      <ei-ms-id>939</ei-ms-id>
      <id>101710</id>
      <intensity>20.0</intensity>
      <mass-charge>12.0</mass-charge>
    </ei-ms-peak>
    <ei-ms-peak>
      <ei-ms-id>939</ei-ms-id>
      <id>101711</id>
      <intensity>60.0</intensity>
      <mass-charge>13.0</mass-charge>
    </ei-ms-peak>
    <ei-ms-peak>
      <ei-ms-id>939</ei-ms-id>
      <id>101712</id>
      <intensity>169.0</intensity>
      <mass-charge>14.0</mass-charge>
    </ei-ms-peak>
    <ei-ms-peak>
      <ei-ms-id>939</ei-ms-id>
      <id>101713</id>
      <intensity>1239.0</intensity>
      <mass-charge>15.0</mass-charge>
    </ei-ms-peak>
    <ei-ms-peak>
      <ei-ms-id>939</ei-ms-id>
      <id>101714</id>
      <intensity>10.0</intensity>
      <mass-charge>16.0</mass-charge>
    </ei-ms-peak>
    <ei-ms-peak>
      <ei-ms-id>939</ei-ms-id>
      <id>101715</id>
      <intensity>30.0</intensity>
      <mass-charge>17.0</mass-charge>
    </ei-ms-peak>
    <ei-ms-peak>
      <ei-ms-id>939</ei-ms-id>
      <id>101716</id>
      <intensity>70.0</intensity>
      <mass-charge>18.0</mass-charge>
    </ei-ms-peak>
    <ei-ms-peak>
      <ei-ms-id>939</ei-ms-id>
      <id>101717</id>
      <intensity>10.0</intensity>
      <mass-charge>19.0</mass-charge>
    </ei-ms-peak>
    <ei-ms-peak>
      <ei-ms-id>939</ei-ms-id>
      <id>101718</id>
      <intensity>459.0</intensity>
      <mass-charge>28.0</mass-charge>
    </ei-ms-peak>
    <ei-ms-peak>
      <ei-ms-id>939</ei-ms-id>
      <id>101719</id>
      <intensity>4459.0</intensity>
      <mass-charge>29.0</mass-charge>
    </ei-ms-peak>
    <ei-ms-peak>
      <ei-ms-id>939</ei-ms-id>
      <id>101720</id>
      <intensity>649.0</intensity>
      <mass-charge>30.0</mass-charge>
    </ei-ms-peak>
    <ei-ms-peak>
      <ei-ms-id>939</ei-ms-id>
      <id>101721</id>
      <intensity>9999.0</intensity>
      <mass-charge>31.0</mass-charge>
    </ei-ms-peak>
    <ei-ms-peak>
      <ei-ms-id>939</ei-ms-id>
      <id>101722</id>
      <intensity>7439.0</intensity>
      <mass-charge>32.0</mass-charge>
    </ei-ms-peak>
    <ei-ms-peak>
      <ei-ms-id>939</ei-ms-id>
      <id>101723</id>
      <intensity>119.0</intensity>
      <mass-charge>33.0</mass-charge>
    </ei-ms-peak>
    <ei-ms-peak>
      <ei-ms-id>939</ei-ms-id>
      <id>101724</id>
      <intensity>10.0</intensity>
      <mass-charge>34.0</mass-charge>
    </ei-ms-peak>
  </ei-ms-peaks>
</ei-ms>
