<?xml version="1.0" encoding="UTF-8"?>
<ei-ms>
  <collection-date nil="true"/>
  <created-at>2014-09-20T16:32:07Z</created-at>
  <database-id>HMDB03424</database-id>
  <id>599</id>
  <inchi-key>BXWNKGSJHAJOGX-UHFFFAOYSA-N</inchi-key>
  <instrument-type nil="true"/>
  <molecule-id nil="true"/>
  <notes nil="true"/>
  <peak-counter>61</peak-counter>
  <sample-assessment nil="true"/>
  <sample-concentration nil="true"/>
  <sample-concentration-units nil="true"/>
  <sample-mass nil="true"/>
  <sample-mass-units nil="true"/>
  <sample-source nil="true"/>
  <solvent nil="true"/>
  <spectra-assessment nil="true"/>
  <updated-at>2014-09-20T16:32:07Z</updated-at>
  <references>
    <reference>
      <database>NIST</database>
      <database-id>36653-82-4</database-id>
      <id>15471</id>
      <pubmed-id nil="true"/>
      <ref-text>NIST Mass Spec Data Center, S.E. Stein, director, "Mass Spectra" in NIST Chemistry WebBook, NIST Standard Reference Database Number 69, Eds. P.J. Linstrom and W.G. Mallard, National Institute of Standards and Technology, Gaithersburg MD, 20899, http://webbook.nist.gov, (retrieved September 6, 2014).</ref-text>
      <spectra-id>599</spectra-id>
      <spectra-type>EiMs</spectra-type>
    </reference>
  </references>
  <ei-ms-peaks>
    <ei-ms-peak>
      <ei-ms-id>599</ei-ms-id>
      <id>67330</id>
      <intensity>77.0</intensity>
      <mass-charge>14.0</mass-charge>
    </ei-ms-peak>
    <ei-ms-peak>
      <ei-ms-id>599</ei-ms-id>
      <id>67331</id>
      <intensity>841.0</intensity>
      <mass-charge>27.0</mass-charge>
    </ei-ms-peak>
    <ei-ms-peak>
      <ei-ms-id>599</ei-ms-id>
      <id>67332</id>
      <intensity>130.0</intensity>
      <mass-charge>28.0</mass-charge>
    </ei-ms-peak>
    <ei-ms-peak>
      <ei-ms-id>599</ei-ms-id>
      <id>67333</id>
      <intensity>2145.0</intensity>
      <mass-charge>29.0</mass-charge>
    </ei-ms-peak>
    <ei-ms-peak>
      <ei-ms-id>599</ei-ms-id>
      <id>67334</id>
      <intensity>77.0</intensity>
      <mass-charge>30.0</mass-charge>
    </ei-ms-peak>
    <ei-ms-peak>
      <ei-ms-id>599</ei-ms-id>
      <id>67335</id>
      <intensity>2246.0</intensity>
      <mass-charge>31.0</mass-charge>
    </ei-ms-peak>
    <ei-ms-peak>
      <ei-ms-id>599</ei-ms-id>
      <id>67336</id>
      <intensity>1094.0</intensity>
      <mass-charge>39.0</mass-charge>
    </ei-ms-peak>
    <ei-ms-peak>
      <ei-ms-id>599</ei-ms-id>
      <id>67337</id>
      <intensity>7584.0</intensity>
      <mass-charge>41.0</mass-charge>
    </ei-ms-peak>
    <ei-ms-peak>
      <ei-ms-id>599</ei-ms-id>
      <id>67338</id>
      <intensity>1999.0</intensity>
      <mass-charge>42.0</mass-charge>
    </ei-ms-peak>
    <ei-ms-peak>
      <ei-ms-id>599</ei-ms-id>
      <id>67339</id>
      <intensity>7107.0</intensity>
      <mass-charge>43.0</mass-charge>
    </ei-ms-peak>
    <ei-ms-peak>
      <ei-ms-id>599</ei-ms-id>
      <id>67340</id>
      <intensity>551.0</intensity>
      <mass-charge>44.0</mass-charge>
    </ei-ms-peak>
    <ei-ms-peak>
      <ei-ms-id>599</ei-ms-id>
      <id>67341</id>
      <intensity>193.0</intensity>
      <mass-charge>45.0</mass-charge>
    </ei-ms-peak>
    <ei-ms-peak>
      <ei-ms-id>599</ei-ms-id>
      <id>67342</id>
      <intensity>63.0</intensity>
      <mass-charge>51.0</mass-charge>
    </ei-ms-peak>
    <ei-ms-peak>
      <ei-ms-id>599</ei-ms-id>
      <id>67343</id>
      <intensity>766.0</intensity>
      <mass-charge>53.0</mass-charge>
    </ei-ms-peak>
    <ei-ms-peak>
      <ei-ms-id>599</ei-ms-id>
      <id>67344</id>
      <intensity>1487.0</intensity>
      <mass-charge>54.0</mass-charge>
    </ei-ms-peak>
    <ei-ms-peak>
      <ei-ms-id>599</ei-ms-id>
      <id>67345</id>
      <intensity>9999.0</intensity>
      <mass-charge>55.0</mass-charge>
    </ei-ms-peak>
    <ei-ms-peak>
      <ei-ms-id>599</ei-ms-id>
      <id>67346</id>
      <intensity>4100.0</intensity>
      <mass-charge>56.0</mass-charge>
    </ei-ms-peak>
    <ei-ms-peak>
      <ei-ms-id>599</ei-ms-id>
      <id>67347</id>
      <intensity>6535.0</intensity>
      <mass-charge>57.0</mass-charge>
    </ei-ms-peak>
    <ei-ms-peak>
      <ei-ms-id>599</ei-ms-id>
      <id>67348</id>
      <intensity>324.0</intensity>
      <mass-charge>58.0</mass-charge>
    </ei-ms-peak>
    <ei-ms-peak>
      <ei-ms-id>599</ei-ms-id>
      <id>67349</id>
      <intensity>181.0</intensity>
      <mass-charge>65.0</mass-charge>
    </ei-ms-peak>
    <ei-ms-peak>
      <ei-ms-id>599</ei-ms-id>
      <id>67350</id>
      <intensity>240.0</intensity>
      <mass-charge>66.0</mass-charge>
    </ei-ms-peak>
    <ei-ms-peak>
      <ei-ms-id>599</ei-ms-id>
      <id>67351</id>
      <intensity>2116.0</intensity>
      <mass-charge>67.0</mass-charge>
    </ei-ms-peak>
    <ei-ms-peak>
      <ei-ms-id>599</ei-ms-id>
      <id>67352</id>
      <intensity>3495.0</intensity>
      <mass-charge>68.0</mass-charge>
    </ei-ms-peak>
    <ei-ms-peak>
      <ei-ms-id>599</ei-ms-id>
      <id>67353</id>
      <intensity>8226.0</intensity>
      <mass-charge>69.0</mass-charge>
    </ei-ms-peak>
    <ei-ms-peak>
      <ei-ms-id>599</ei-ms-id>
      <id>67354</id>
      <intensity>4259.0</intensity>
      <mass-charge>70.0</mass-charge>
    </ei-ms-peak>
    <ei-ms-peak>
      <ei-ms-id>599</ei-ms-id>
      <id>67355</id>
      <intensity>2731.0</intensity>
      <mass-charge>71.0</mass-charge>
    </ei-ms-peak>
    <ei-ms-peak>
      <ei-ms-id>599</ei-ms-id>
      <id>67356</id>
      <intensity>199.0</intensity>
      <mass-charge>72.0</mass-charge>
    </ei-ms-peak>
    <ei-ms-peak>
      <ei-ms-id>599</ei-ms-id>
      <id>67357</id>
      <intensity>196.0</intensity>
      <mass-charge>73.0</mass-charge>
    </ei-ms-peak>
    <ei-ms-peak>
      <ei-ms-id>599</ei-ms-id>
      <id>67358</id>
      <intensity>99.0</intensity>
      <mass-charge>77.0</mass-charge>
    </ei-ms-peak>
    <ei-ms-peak>
      <ei-ms-id>599</ei-ms-id>
      <id>67359</id>
      <intensity>247.0</intensity>
      <mass-charge>79.0</mass-charge>
    </ei-ms-peak>
    <ei-ms-peak>
      <ei-ms-id>599</ei-ms-id>
      <id>67360</id>
      <intensity>1271.0</intensity>
      <mass-charge>81.0</mass-charge>
    </ei-ms-peak>
    <ei-ms-peak>
      <ei-ms-id>599</ei-ms-id>
      <id>67361</id>
      <intensity>3948.0</intensity>
      <mass-charge>82.0</mass-charge>
    </ei-ms-peak>
    <ei-ms-peak>
      <ei-ms-id>599</ei-ms-id>
      <id>67362</id>
      <intensity>7605.0</intensity>
      <mass-charge>83.0</mass-charge>
    </ei-ms-peak>
    <ei-ms-peak>
      <ei-ms-id>599</ei-ms-id>
      <id>67363</id>
      <intensity>2922.0</intensity>
      <mass-charge>84.0</mass-charge>
    </ei-ms-peak>
    <ei-ms-peak>
      <ei-ms-id>599</ei-ms-id>
      <id>67364</id>
      <intensity>1557.0</intensity>
      <mass-charge>85.0</mass-charge>
    </ei-ms-peak>
    <ei-ms-peak>
      <ei-ms-id>599</ei-ms-id>
      <id>67365</id>
      <intensity>110.0</intensity>
      <mass-charge>86.0</mass-charge>
    </ei-ms-peak>
    <ei-ms-peak>
      <ei-ms-id>599</ei-ms-id>
      <id>67366</id>
      <intensity>51.0</intensity>
      <mass-charge>94.0</mass-charge>
    </ei-ms-peak>
    <ei-ms-peak>
      <ei-ms-id>599</ei-ms-id>
      <id>67367</id>
      <intensity>531.0</intensity>
      <mass-charge>95.0</mass-charge>
    </ei-ms-peak>
    <ei-ms-peak>
      <ei-ms-id>599</ei-ms-id>
      <id>67368</id>
      <intensity>1405.0</intensity>
      <mass-charge>96.0</mass-charge>
    </ei-ms-peak>
    <ei-ms-peak>
      <ei-ms-id>599</ei-ms-id>
      <id>67369</id>
      <intensity>5737.0</intensity>
      <mass-charge>97.0</mass-charge>
    </ei-ms-peak>
    <ei-ms-peak>
      <ei-ms-id>599</ei-ms-id>
      <id>67370</id>
      <intensity>1613.0</intensity>
      <mass-charge>98.0</mass-charge>
    </ei-ms-peak>
    <ei-ms-peak>
      <ei-ms-id>599</ei-ms-id>
      <id>67371</id>
      <intensity>327.0</intensity>
      <mass-charge>99.0</mass-charge>
    </ei-ms-peak>
    <ei-ms-peak>
      <ei-ms-id>599</ei-ms-id>
      <id>67372</id>
      <intensity>138.0</intensity>
      <mass-charge>109.0</mass-charge>
    </ei-ms-peak>
    <ei-ms-peak>
      <ei-ms-id>599</ei-ms-id>
      <id>67373</id>
      <intensity>585.0</intensity>
      <mass-charge>110.0</mass-charge>
    </ei-ms-peak>
    <ei-ms-peak>
      <ei-ms-id>599</ei-ms-id>
      <id>67374</id>
      <intensity>2545.0</intensity>
      <mass-charge>111.0</mass-charge>
    </ei-ms-peak>
    <ei-ms-peak>
      <ei-ms-id>599</ei-ms-id>
      <id>67375</id>
      <intensity>910.0</intensity>
      <mass-charge>112.0</mass-charge>
    </ei-ms-peak>
    <ei-ms-peak>
      <ei-ms-id>599</ei-ms-id>
      <id>67376</id>
      <intensity>143.0</intensity>
      <mass-charge>113.0</mass-charge>
    </ei-ms-peak>
    <ei-ms-peak>
      <ei-ms-id>599</ei-ms-id>
      <id>67377</id>
      <intensity>56.0</intensity>
      <mass-charge>123.0</mass-charge>
    </ei-ms-peak>
    <ei-ms-peak>
      <ei-ms-id>599</ei-ms-id>
      <id>67378</id>
      <intensity>289.0</intensity>
      <mass-charge>124.0</mass-charge>
    </ei-ms-peak>
    <ei-ms-peak>
      <ei-ms-id>599</ei-ms-id>
      <id>67379</id>
      <intensity>979.0</intensity>
      <mass-charge>125.0</mass-charge>
    </ei-ms-peak>
    <ei-ms-peak>
      <ei-ms-id>599</ei-ms-id>
      <id>67380</id>
      <intensity>518.0</intensity>
      <mass-charge>126.0</mass-charge>
    </ei-ms-peak>
    <ei-ms-peak>
      <ei-ms-id>599</ei-ms-id>
      <id>67381</id>
      <intensity>76.0</intensity>
      <mass-charge>127.0</mass-charge>
    </ei-ms-peak>
    <ei-ms-peak>
      <ei-ms-id>599</ei-ms-id>
      <id>67382</id>
      <intensity>156.0</intensity>
      <mass-charge>138.0</mass-charge>
    </ei-ms-peak>
    <ei-ms-peak>
      <ei-ms-id>599</ei-ms-id>
      <id>67383</id>
      <intensity>282.0</intensity>
      <mass-charge>139.0</mass-charge>
    </ei-ms-peak>
    <ei-ms-peak>
      <ei-ms-id>599</ei-ms-id>
      <id>67384</id>
      <intensity>275.0</intensity>
      <mass-charge>140.0</mass-charge>
    </ei-ms-peak>
    <ei-ms-peak>
      <ei-ms-id>599</ei-ms-id>
      <id>67385</id>
      <intensity>87.0</intensity>
      <mass-charge>152.0</mass-charge>
    </ei-ms-peak>
    <ei-ms-peak>
      <ei-ms-id>599</ei-ms-id>
      <id>67386</id>
      <intensity>112.0</intensity>
      <mass-charge>153.0</mass-charge>
    </ei-ms-peak>
    <ei-ms-peak>
      <ei-ms-id>599</ei-ms-id>
      <id>67387</id>
      <intensity>159.0</intensity>
      <mass-charge>154.0</mass-charge>
    </ei-ms-peak>
    <ei-ms-peak>
      <ei-ms-id>599</ei-ms-id>
      <id>67388</id>
      <intensity>132.0</intensity>
      <mass-charge>168.0</mass-charge>
    </ei-ms-peak>
    <ei-ms-peak>
      <ei-ms-id>599</ei-ms-id>
      <id>67389</id>
      <intensity>261.0</intensity>
      <mass-charge>196.0</mass-charge>
    </ei-ms-peak>
    <ei-ms-peak>
      <ei-ms-id>599</ei-ms-id>
      <id>67390</id>
      <intensity>120.0</intensity>
      <mass-charge>224.0</mass-charge>
    </ei-ms-peak>
  </ei-ms-peaks>
</ei-ms>
