<?xml version="1.0" encoding="UTF-8"?>
<ei-ms>
  <collection-date nil="true"/>
  <created-at>2014-09-20T16:24:08Z</created-at>
  <database-id>HMDB00079</database-id>
  <id>272</id>
  <inchi-key>NBAKTGXDIBVZOO-UHFFFAOYSA-N</inchi-key>
  <instrument-type nil="true"/>
  <molecule-id nil="true"/>
  <notes nil="true"/>
  <peak-counter>65</peak-counter>
  <sample-assessment nil="true"/>
  <sample-concentration nil="true"/>
  <sample-concentration-units nil="true"/>
  <sample-mass nil="true"/>
  <sample-mass-units nil="true"/>
  <sample-source nil="true"/>
  <solvent nil="true"/>
  <spectra-assessment nil="true"/>
  <updated-at>2014-09-20T16:24:08Z</updated-at>
  <references>
    <reference>
      <database>NIST</database>
      <database-id>696-04-8</database-id>
      <id>15144</id>
      <pubmed-id nil="true"/>
      <ref-text>NIST Mass Spec Data Center, S.E. Stein, director, "Mass Spectra" in NIST Chemistry WebBook, NIST Standard Reference Database Number 69, Eds. P.J. Linstrom and W.G. Mallard, National Institute of Standards and Technology, Gaithersburg MD, 20899, http://webbook.nist.gov, (retrieved September 6, 2014).</ref-text>
      <spectra-id>272</spectra-id>
      <spectra-type>EiMs</spectra-type>
    </reference>
  </references>
  <ei-ms-peaks>
    <ei-ms-peak>
      <ei-ms-id>272</ei-ms-id>
      <id>31036</id>
      <intensity>10.0</intensity>
      <mass-charge>14.0</mass-charge>
    </ei-ms-peak>
    <ei-ms-peak>
      <ei-ms-id>272</ei-ms-id>
      <id>31037</id>
      <intensity>50.0</intensity>
      <mass-charge>15.0</mass-charge>
    </ei-ms-peak>
    <ei-ms-peak>
      <ei-ms-id>272</ei-ms-id>
      <id>31038</id>
      <intensity>20.0</intensity>
      <mass-charge>17.0</mass-charge>
    </ei-ms-peak>
    <ei-ms-peak>
      <ei-ms-id>272</ei-ms-id>
      <id>31039</id>
      <intensity>40.0</intensity>
      <mass-charge>25.0</mass-charge>
    </ei-ms-peak>
    <ei-ms-peak>
      <ei-ms-id>272</ei-ms-id>
      <id>31040</id>
      <intensity>360.0</intensity>
      <mass-charge>26.0</mass-charge>
    </ei-ms-peak>
    <ei-ms-peak>
      <ei-ms-id>272</ei-ms-id>
      <id>31041</id>
      <intensity>1031.0</intensity>
      <mass-charge>27.0</mass-charge>
    </ei-ms-peak>
    <ei-ms-peak>
      <ei-ms-id>272</ei-ms-id>
      <id>31042</id>
      <intensity>3193.0</intensity>
      <mass-charge>28.0</mass-charge>
    </ei-ms-peak>
    <ei-ms-peak>
      <ei-ms-id>272</ei-ms-id>
      <id>31043</id>
      <intensity>871.0</intensity>
      <mass-charge>29.0</mass-charge>
    </ei-ms-peak>
    <ei-ms-peak>
      <ei-ms-id>272</ei-ms-id>
      <id>31044</id>
      <intensity>2542.0</intensity>
      <mass-charge>30.0</mass-charge>
    </ei-ms-peak>
    <ei-ms-peak>
      <ei-ms-id>272</ei-ms-id>
      <id>31045</id>
      <intensity>20.0</intensity>
      <mass-charge>31.0</mass-charge>
    </ei-ms-peak>
    <ei-ms-peak>
      <ei-ms-id>272</ei-ms-id>
      <id>31046</id>
      <intensity>90.0</intensity>
      <mass-charge>37.0</mass-charge>
    </ei-ms-peak>
    <ei-ms-peak>
      <ei-ms-id>272</ei-ms-id>
      <id>31047</id>
      <intensity>180.0</intensity>
      <mass-charge>38.0</mass-charge>
    </ei-ms-peak>
    <ei-ms-peak>
      <ei-ms-id>272</ei-ms-id>
      <id>31048</id>
      <intensity>1331.0</intensity>
      <mass-charge>39.0</mass-charge>
    </ei-ms-peak>
    <ei-ms-peak>
      <ei-ms-id>272</ei-ms-id>
      <id>31049</id>
      <intensity>661.0</intensity>
      <mass-charge>40.0</mass-charge>
    </ei-ms-peak>
    <ei-ms-peak>
      <ei-ms-id>272</ei-ms-id>
      <id>31050</id>
      <intensity>3303.0</intensity>
      <mass-charge>41.0</mass-charge>
    </ei-ms-peak>
    <ei-ms-peak>
      <ei-ms-id>272</ei-ms-id>
      <id>31051</id>
      <intensity>9999.0</intensity>
      <mass-charge>42.0</mass-charge>
    </ei-ms-peak>
    <ei-ms-peak>
      <ei-ms-id>272</ei-ms-id>
      <id>31052</id>
      <intensity>851.0</intensity>
      <mass-charge>43.0</mass-charge>
    </ei-ms-peak>
    <ei-ms-peak>
      <ei-ms-id>272</ei-ms-id>
      <id>31053</id>
      <intensity>1001.0</intensity>
      <mass-charge>44.0</mass-charge>
    </ei-ms-peak>
    <ei-ms-peak>
      <ei-ms-id>272</ei-ms-id>
      <id>31054</id>
      <intensity>30.0</intensity>
      <mass-charge>45.0</mass-charge>
    </ei-ms-peak>
    <ei-ms-peak>
      <ei-ms-id>272</ei-ms-id>
      <id>31055</id>
      <intensity>10.0</intensity>
      <mass-charge>46.0</mass-charge>
    </ei-ms-peak>
    <ei-ms-peak>
      <ei-ms-id>272</ei-ms-id>
      <id>31056</id>
      <intensity>10.0</intensity>
      <mass-charge>50.0</mass-charge>
    </ei-ms-peak>
    <ei-ms-peak>
      <ei-ms-id>272</ei-ms-id>
      <id>31057</id>
      <intensity>80.0</intensity>
      <mass-charge>51.0</mass-charge>
    </ei-ms-peak>
    <ei-ms-peak>
      <ei-ms-id>272</ei-ms-id>
      <id>31058</id>
      <intensity>260.0</intensity>
      <mass-charge>52.0</mass-charge>
    </ei-ms-peak>
    <ei-ms-peak>
      <ei-ms-id>272</ei-ms-id>
      <id>31059</id>
      <intensity>250.0</intensity>
      <mass-charge>53.0</mass-charge>
    </ei-ms-peak>
    <ei-ms-peak>
      <ei-ms-id>272</ei-ms-id>
      <id>31060</id>
      <intensity>370.0</intensity>
      <mass-charge>54.0</mass-charge>
    </ei-ms-peak>
    <ei-ms-peak>
      <ei-ms-id>272</ei-ms-id>
      <id>31061</id>
      <intensity>951.0</intensity>
      <mass-charge>55.0</mass-charge>
    </ei-ms-peak>
    <ei-ms-peak>
      <ei-ms-id>272</ei-ms-id>
      <id>31062</id>
      <intensity>5565.0</intensity>
      <mass-charge>56.0</mass-charge>
    </ei-ms-peak>
    <ei-ms-peak>
      <ei-ms-id>272</ei-ms-id>
      <id>31063</id>
      <intensity>1271.0</intensity>
      <mass-charge>57.0</mass-charge>
    </ei-ms-peak>
    <ei-ms-peak>
      <ei-ms-id>272</ei-ms-id>
      <id>31064</id>
      <intensity>70.0</intensity>
      <mass-charge>58.0</mass-charge>
    </ei-ms-peak>
    <ei-ms-peak>
      <ei-ms-id>272</ei-ms-id>
      <id>31065</id>
      <intensity>30.0</intensity>
      <mass-charge>59.0</mass-charge>
    </ei-ms-peak>
    <ei-ms-peak>
      <ei-ms-id>272</ei-ms-id>
      <id>31066</id>
      <intensity>10.0</intensity>
      <mass-charge>60.0</mass-charge>
    </ei-ms-peak>
    <ei-ms-peak>
      <ei-ms-id>272</ei-ms-id>
      <id>31067</id>
      <intensity>10.0</intensity>
      <mass-charge>62.0</mass-charge>
    </ei-ms-peak>
    <ei-ms-peak>
      <ei-ms-id>272</ei-ms-id>
      <id>31068</id>
      <intensity>20.0</intensity>
      <mass-charge>63.0</mass-charge>
    </ei-ms-peak>
    <ei-ms-peak>
      <ei-ms-id>272</ei-ms-id>
      <id>31069</id>
      <intensity>20.0</intensity>
      <mass-charge>67.0</mass-charge>
    </ei-ms-peak>
    <ei-ms-peak>
      <ei-ms-id>272</ei-ms-id>
      <id>31070</id>
      <intensity>70.0</intensity>
      <mass-charge>68.0</mass-charge>
    </ei-ms-peak>
    <ei-ms-peak>
      <ei-ms-id>272</ei-ms-id>
      <id>31071</id>
      <intensity>140.0</intensity>
      <mass-charge>69.0</mass-charge>
    </ei-ms-peak>
    <ei-ms-peak>
      <ei-ms-id>272</ei-ms-id>
      <id>31072</id>
      <intensity>821.0</intensity>
      <mass-charge>70.0</mass-charge>
    </ei-ms-peak>
    <ei-ms-peak>
      <ei-ms-id>272</ei-ms-id>
      <id>31073</id>
      <intensity>40.0</intensity>
      <mass-charge>71.0</mass-charge>
    </ei-ms-peak>
    <ei-ms-peak>
      <ei-ms-id>272</ei-ms-id>
      <id>31074</id>
      <intensity>270.0</intensity>
      <mass-charge>72.0</mass-charge>
    </ei-ms-peak>
    <ei-ms-peak>
      <ei-ms-id>272</ei-ms-id>
      <id>31075</id>
      <intensity>140.0</intensity>
      <mass-charge>73.0</mass-charge>
    </ei-ms-peak>
    <ei-ms-peak>
      <ei-ms-id>272</ei-ms-id>
      <id>31076</id>
      <intensity>20.0</intensity>
      <mass-charge>74.0</mass-charge>
    </ei-ms-peak>
    <ei-ms-peak>
      <ei-ms-id>272</ei-ms-id>
      <id>31077</id>
      <intensity>10.0</intensity>
      <mass-charge>77.0</mass-charge>
    </ei-ms-peak>
    <ei-ms-peak>
      <ei-ms-id>272</ei-ms-id>
      <id>31078</id>
      <intensity>10.0</intensity>
      <mass-charge>80.0</mass-charge>
    </ei-ms-peak>
    <ei-ms-peak>
      <ei-ms-id>272</ei-ms-id>
      <id>31079</id>
      <intensity>10.0</intensity>
      <mass-charge>81.0</mass-charge>
    </ei-ms-peak>
    <ei-ms-peak>
      <ei-ms-id>272</ei-ms-id>
      <id>31080</id>
      <intensity>40.0</intensity>
      <mass-charge>82.0</mass-charge>
    </ei-ms-peak>
    <ei-ms-peak>
      <ei-ms-id>272</ei-ms-id>
      <id>31081</id>
      <intensity>20.0</intensity>
      <mass-charge>83.0</mass-charge>
    </ei-ms-peak>
    <ei-ms-peak>
      <ei-ms-id>272</ei-ms-id>
      <id>31082</id>
      <intensity>661.0</intensity>
      <mass-charge>84.0</mass-charge>
    </ei-ms-peak>
    <ei-ms-peak>
      <ei-ms-id>272</ei-ms-id>
      <id>31083</id>
      <intensity>370.0</intensity>
      <mass-charge>85.0</mass-charge>
    </ei-ms-peak>
    <ei-ms-peak>
      <ei-ms-id>272</ei-ms-id>
      <id>31084</id>
      <intensity>40.0</intensity>
      <mass-charge>87.0</mass-charge>
    </ei-ms-peak>
    <ei-ms-peak>
      <ei-ms-id>272</ei-ms-id>
      <id>31085</id>
      <intensity>10.0</intensity>
      <mass-charge>95.0</mass-charge>
    </ei-ms-peak>
    <ei-ms-peak>
      <ei-ms-id>272</ei-ms-id>
      <id>31086</id>
      <intensity>10.0</intensity>
      <mass-charge>97.0</mass-charge>
    </ei-ms-peak>
    <ei-ms-peak>
      <ei-ms-id>272</ei-ms-id>
      <id>31087</id>
      <intensity>10.0</intensity>
      <mass-charge>98.0</mass-charge>
    </ei-ms-peak>
    <ei-ms-peak>
      <ei-ms-id>272</ei-ms-id>
      <id>31088</id>
      <intensity>120.0</intensity>
      <mass-charge>99.0</mass-charge>
    </ei-ms-peak>
    <ei-ms-peak>
      <ei-ms-id>272</ei-ms-id>
      <id>31089</id>
      <intensity>220.0</intensity>
      <mass-charge>100.0</mass-charge>
    </ei-ms-peak>
    <ei-ms-peak>
      <ei-ms-id>272</ei-ms-id>
      <id>31090</id>
      <intensity>20.0</intensity>
      <mass-charge>101.0</mass-charge>
    </ei-ms-peak>
    <ei-ms-peak>
      <ei-ms-id>272</ei-ms-id>
      <id>31091</id>
      <intensity>40.0</intensity>
      <mass-charge>110.0</mass-charge>
    </ei-ms-peak>
    <ei-ms-peak>
      <ei-ms-id>272</ei-ms-id>
      <id>31092</id>
      <intensity>20.0</intensity>
      <mass-charge>111.0</mass-charge>
    </ei-ms-peak>
    <ei-ms-peak>
      <ei-ms-id>272</ei-ms-id>
      <id>31093</id>
      <intensity>10.0</intensity>
      <mass-charge>112.0</mass-charge>
    </ei-ms-peak>
    <ei-ms-peak>
      <ei-ms-id>272</ei-ms-id>
      <id>31094</id>
      <intensity>430.0</intensity>
      <mass-charge>113.0</mass-charge>
    </ei-ms-peak>
    <ei-ms-peak>
      <ei-ms-id>272</ei-ms-id>
      <id>31095</id>
      <intensity>20.0</intensity>
      <mass-charge>114.0</mass-charge>
    </ei-ms-peak>
    <ei-ms-peak>
      <ei-ms-id>272</ei-ms-id>
      <id>31096</id>
      <intensity>10.0</intensity>
      <mass-charge>125.0</mass-charge>
    </ei-ms-peak>
    <ei-ms-peak>
      <ei-ms-id>272</ei-ms-id>
      <id>31097</id>
      <intensity>1611.0</intensity>
      <mass-charge>127.0</mass-charge>
    </ei-ms-peak>
    <ei-ms-peak>
      <ei-ms-id>272</ei-ms-id>
      <id>31098</id>
      <intensity>9368.0</intensity>
      <mass-charge>128.0</mass-charge>
    </ei-ms-peak>
    <ei-ms-peak>
      <ei-ms-id>272</ei-ms-id>
      <id>31099</id>
      <intensity>530.0</intensity>
      <mass-charge>129.0</mass-charge>
    </ei-ms-peak>
    <ei-ms-peak>
      <ei-ms-id>272</ei-ms-id>
      <id>31100</id>
      <intensity>30.0</intensity>
      <mass-charge>130.0</mass-charge>
    </ei-ms-peak>
  </ei-ms-peaks>
</ei-ms>
