<?xml version="1.0" encoding="UTF-8"?>
<ei-ms>
  <collection-date nil="true"/>
  <created-at>2014-09-20T16:17:31Z</created-at>
  <database-id>HMDB14633</database-id>
  <id>11</id>
  <inchi-key>QWCRAEMEVRGPNT-UHFFFAOYSA-N</inchi-key>
  <instrument-type nil="true"/>
  <molecule-id nil="true"/>
  <notes nil="true"/>
  <peak-counter>117</peak-counter>
  <sample-assessment nil="true"/>
  <sample-concentration nil="true"/>
  <sample-concentration-units nil="true"/>
  <sample-mass nil="true"/>
  <sample-mass-units nil="true"/>
  <sample-source nil="true"/>
  <solvent nil="true"/>
  <spectra-assessment nil="true"/>
  <updated-at>2014-09-20T16:17:31Z</updated-at>
  <references>
    <reference>
      <database>NIST</database>
      <database-id>36505-84-7</database-id>
      <id>14883</id>
      <pubmed-id nil="true"/>
      <ref-text>NIST Mass Spec Data Center, S.E. Stein, director, "Mass Spectra" in NIST Chemistry WebBook, NIST Standard Reference Database Number 69, Eds. P.J. Linstrom and W.G. Mallard, National Institute of Standards and Technology, Gaithersburg MD, 20899, http://webbook.nist.gov, (retrieved September 6, 2014).</ref-text>
      <spectra-id>11</spectra-id>
      <spectra-type>EiMs</spectra-type>
    </reference>
  </references>
  <ei-ms-peaks>
    <ei-ms-peak>
      <ei-ms-id>11</ei-ms-id>
      <id>851</id>
      <intensity>740.0</intensity>
      <mass-charge>41.0</mass-charge>
    </ei-ms-peak>
    <ei-ms-peak>
      <ei-ms-id>11</ei-ms-id>
      <id>852</id>
      <intensity>1281.0</intensity>
      <mass-charge>42.0</mass-charge>
    </ei-ms-peak>
    <ei-ms-peak>
      <ei-ms-id>11</ei-ms-id>
      <id>853</id>
      <intensity>110.0</intensity>
      <mass-charge>43.0</mass-charge>
    </ei-ms-peak>
    <ei-ms-peak>
      <ei-ms-id>11</ei-ms-id>
      <id>854</id>
      <intensity>10.0</intensity>
      <mass-charge>48.0</mass-charge>
    </ei-ms-peak>
    <ei-ms-peak>
      <ei-ms-id>11</ei-ms-id>
      <id>855</id>
      <intensity>20.0</intensity>
      <mass-charge>51.0</mass-charge>
    </ei-ms-peak>
    <ei-ms-peak>
      <ei-ms-id>11</ei-ms-id>
      <id>856</id>
      <intensity>20.0</intensity>
      <mass-charge>52.0</mass-charge>
    </ei-ms-peak>
    <ei-ms-peak>
      <ei-ms-id>11</ei-ms-id>
      <id>857</id>
      <intensity>630.0</intensity>
      <mass-charge>53.0</mass-charge>
    </ei-ms-peak>
    <ei-ms-peak>
      <ei-ms-id>11</ei-ms-id>
      <id>858</id>
      <intensity>600.0</intensity>
      <mass-charge>54.0</mass-charge>
    </ei-ms-peak>
    <ei-ms-peak>
      <ei-ms-id>11</ei-ms-id>
      <id>859</id>
      <intensity>1401.0</intensity>
      <mass-charge>55.0</mass-charge>
    </ei-ms-peak>
    <ei-ms-peak>
      <ei-ms-id>11</ei-ms-id>
      <id>860</id>
      <intensity>1951.0</intensity>
      <mass-charge>56.0</mass-charge>
    </ei-ms-peak>
    <ei-ms-peak>
      <ei-ms-id>11</ei-ms-id>
      <id>861</id>
      <intensity>490.0</intensity>
      <mass-charge>57.0</mass-charge>
    </ei-ms-peak>
    <ei-ms-peak>
      <ei-ms-id>11</ei-ms-id>
      <id>862</id>
      <intensity>170.0</intensity>
      <mass-charge>58.0</mass-charge>
    </ei-ms-peak>
    <ei-ms-peak>
      <ei-ms-id>11</ei-ms-id>
      <id>863</id>
      <intensity>30.0</intensity>
      <mass-charge>60.0</mass-charge>
    </ei-ms-peak>
    <ei-ms-peak>
      <ei-ms-id>11</ei-ms-id>
      <id>864</id>
      <intensity>40.0</intensity>
      <mass-charge>66.0</mass-charge>
    </ei-ms-peak>
    <ei-ms-peak>
      <ei-ms-id>11</ei-ms-id>
      <id>865</id>
      <intensity>1151.0</intensity>
      <mass-charge>67.0</mass-charge>
    </ei-ms-peak>
    <ei-ms-peak>
      <ei-ms-id>11</ei-ms-id>
      <id>866</id>
      <intensity>570.0</intensity>
      <mass-charge>68.0</mass-charge>
    </ei-ms-peak>
    <ei-ms-peak>
      <ei-ms-id>11</ei-ms-id>
      <id>867</id>
      <intensity>460.0</intensity>
      <mass-charge>69.0</mass-charge>
    </ei-ms-peak>
    <ei-ms-peak>
      <ei-ms-id>11</ei-ms-id>
      <id>868</id>
      <intensity>1911.0</intensity>
      <mass-charge>70.0</mass-charge>
    </ei-ms-peak>
    <ei-ms-peak>
      <ei-ms-id>11</ei-ms-id>
      <id>869</id>
      <intensity>500.0</intensity>
      <mass-charge>71.0</mass-charge>
    </ei-ms-peak>
    <ei-ms-peak>
      <ei-ms-id>11</ei-ms-id>
      <id>870</id>
      <intensity>240.0</intensity>
      <mass-charge>72.0</mass-charge>
    </ei-ms-peak>
    <ei-ms-peak>
      <ei-ms-id>11</ei-ms-id>
      <id>871</id>
      <intensity>140.0</intensity>
      <mass-charge>77.0</mass-charge>
    </ei-ms-peak>
    <ei-ms-peak>
      <ei-ms-id>11</ei-ms-id>
      <id>872</id>
      <intensity>10.0</intensity>
      <mass-charge>78.0</mass-charge>
    </ei-ms-peak>
    <ei-ms-peak>
      <ei-ms-id>11</ei-ms-id>
      <id>873</id>
      <intensity>1151.0</intensity>
      <mass-charge>79.0</mass-charge>
    </ei-ms-peak>
    <ei-ms-peak>
      <ei-ms-id>11</ei-ms-id>
      <id>874</id>
      <intensity>1851.0</intensity>
      <mass-charge>80.0</mass-charge>
    </ei-ms-peak>
    <ei-ms-peak>
      <ei-ms-id>11</ei-ms-id>
      <id>875</id>
      <intensity>1141.0</intensity>
      <mass-charge>81.0</mass-charge>
    </ei-ms-peak>
    <ei-ms-peak>
      <ei-ms-id>11</ei-ms-id>
      <id>876</id>
      <intensity>1010.0</intensity>
      <mass-charge>82.0</mass-charge>
    </ei-ms-peak>
    <ei-ms-peak>
      <ei-ms-id>11</ei-ms-id>
      <id>877</id>
      <intensity>520.0</intensity>
      <mass-charge>83.0</mass-charge>
    </ei-ms-peak>
    <ei-ms-peak>
      <ei-ms-id>11</ei-ms-id>
      <id>878</id>
      <intensity>370.0</intensity>
      <mass-charge>84.0</mass-charge>
    </ei-ms-peak>
    <ei-ms-peak>
      <ei-ms-id>11</ei-ms-id>
      <id>879</id>
      <intensity>160.0</intensity>
      <mass-charge>85.0</mass-charge>
    </ei-ms-peak>
    <ei-ms-peak>
      <ei-ms-id>11</ei-ms-id>
      <id>880</id>
      <intensity>10.0</intensity>
      <mass-charge>86.0</mass-charge>
    </ei-ms-peak>
    <ei-ms-peak>
      <ei-ms-id>11</ei-ms-id>
      <id>881</id>
      <intensity>30.0</intensity>
      <mass-charge>89.0</mass-charge>
    </ei-ms-peak>
    <ei-ms-peak>
      <ei-ms-id>11</ei-ms-id>
      <id>882</id>
      <intensity>10.0</intensity>
      <mass-charge>90.0</mass-charge>
    </ei-ms-peak>
    <ei-ms-peak>
      <ei-ms-id>11</ei-ms-id>
      <id>883</id>
      <intensity>30.0</intensity>
      <mass-charge>93.0</mass-charge>
    </ei-ms-peak>
    <ei-ms-peak>
      <ei-ms-id>11</ei-ms-id>
      <id>884</id>
      <intensity>220.0</intensity>
      <mass-charge>94.0</mass-charge>
    </ei-ms-peak>
    <ei-ms-peak>
      <ei-ms-id>11</ei-ms-id>
      <id>885</id>
      <intensity>560.0</intensity>
      <mass-charge>95.0</mass-charge>
    </ei-ms-peak>
    <ei-ms-peak>
      <ei-ms-id>11</ei-ms-id>
      <id>886</id>
      <intensity>1211.0</intensity>
      <mass-charge>96.0</mass-charge>
    </ei-ms-peak>
    <ei-ms-peak>
      <ei-ms-id>11</ei-ms-id>
      <id>887</id>
      <intensity>340.0</intensity>
      <mass-charge>97.0</mass-charge>
    </ei-ms-peak>
    <ei-ms-peak>
      <ei-ms-id>11</ei-ms-id>
      <id>888</id>
      <intensity>550.0</intensity>
      <mass-charge>98.0</mass-charge>
    </ei-ms-peak>
    <ei-ms-peak>
      <ei-ms-id>11</ei-ms-id>
      <id>889</id>
      <intensity>10.0</intensity>
      <mass-charge>101.0</mass-charge>
    </ei-ms-peak>
    <ei-ms-peak>
      <ei-ms-id>11</ei-ms-id>
      <id>890</id>
      <intensity>300.0</intensity>
      <mass-charge>106.0</mass-charge>
    </ei-ms-peak>
    <ei-ms-peak>
      <ei-ms-id>11</ei-ms-id>
      <id>891</id>
      <intensity>130.0</intensity>
      <mass-charge>107.0</mass-charge>
    </ei-ms-peak>
    <ei-ms-peak>
      <ei-ms-id>11</ei-ms-id>
      <id>892</id>
      <intensity>2252.0</intensity>
      <mass-charge>108.0</mass-charge>
    </ei-ms-peak>
    <ei-ms-peak>
      <ei-ms-id>11</ei-ms-id>
      <id>893</id>
      <intensity>1601.0</intensity>
      <mass-charge>109.0</mass-charge>
    </ei-ms-peak>
    <ei-ms-peak>
      <ei-ms-id>11</ei-ms-id>
      <id>894</id>
      <intensity>790.0</intensity>
      <mass-charge>110.0</mass-charge>
    </ei-ms-peak>
    <ei-ms-peak>
      <ei-ms-id>11</ei-ms-id>
      <id>895</id>
      <intensity>1000.0</intensity>
      <mass-charge>111.0</mass-charge>
    </ei-ms-peak>
    <ei-ms-peak>
      <ei-ms-id>11</ei-ms-id>
      <id>896</id>
      <intensity>70.0</intensity>
      <mass-charge>112.0</mass-charge>
    </ei-ms-peak>
    <ei-ms-peak>
      <ei-ms-id>11</ei-ms-id>
      <id>897</id>
      <intensity>10.0</intensity>
      <mass-charge>113.0</mass-charge>
    </ei-ms-peak>
    <ei-ms-peak>
      <ei-ms-id>11</ei-ms-id>
      <id>898</id>
      <intensity>10.0</intensity>
      <mass-charge>117.0</mass-charge>
    </ei-ms-peak>
    <ei-ms-peak>
      <ei-ms-id>11</ei-ms-id>
      <id>899</id>
      <intensity>20.0</intensity>
      <mass-charge>119.0</mass-charge>
    </ei-ms-peak>
    <ei-ms-peak>
      <ei-ms-id>11</ei-ms-id>
      <id>900</id>
      <intensity>1281.0</intensity>
      <mass-charge>120.0</mass-charge>
    </ei-ms-peak>
    <ei-ms-peak>
      <ei-ms-id>11</ei-ms-id>
      <id>901</id>
      <intensity>1000.0</intensity>
      <mass-charge>121.0</mass-charge>
    </ei-ms-peak>
    <ei-ms-peak>
      <ei-ms-id>11</ei-ms-id>
      <id>902</id>
      <intensity>2902.0</intensity>
      <mass-charge>122.0</mass-charge>
    </ei-ms-peak>
    <ei-ms-peak>
      <ei-ms-id>11</ei-ms-id>
      <id>903</id>
      <intensity>1721.0</intensity>
      <mass-charge>123.0</mass-charge>
    </ei-ms-peak>
    <ei-ms-peak>
      <ei-ms-id>11</ei-ms-id>
      <id>904</id>
      <intensity>220.0</intensity>
      <mass-charge>124.0</mass-charge>
    </ei-ms-peak>
    <ei-ms-peak>
      <ei-ms-id>11</ei-ms-id>
      <id>905</id>
      <intensity>30.0</intensity>
      <mass-charge>125.0</mass-charge>
    </ei-ms-peak>
    <ei-ms-peak>
      <ei-ms-id>11</ei-ms-id>
      <id>906</id>
      <intensity>10.0</intensity>
      <mass-charge>131.0</mass-charge>
    </ei-ms-peak>
    <ei-ms-peak>
      <ei-ms-id>11</ei-ms-id>
      <id>907</id>
      <intensity>30.0</intensity>
      <mass-charge>132.0</mass-charge>
    </ei-ms-peak>
    <ei-ms-peak>
      <ei-ms-id>11</ei-ms-id>
      <id>908</id>
      <intensity>180.0</intensity>
      <mass-charge>133.0</mass-charge>
    </ei-ms-peak>
    <ei-ms-peak>
      <ei-ms-id>11</ei-ms-id>
      <id>909</id>
      <intensity>940.0</intensity>
      <mass-charge>134.0</mass-charge>
    </ei-ms-peak>
    <ei-ms-peak>
      <ei-ms-id>11</ei-ms-id>
      <id>910</id>
      <intensity>370.0</intensity>
      <mass-charge>135.0</mass-charge>
    </ei-ms-peak>
    <ei-ms-peak>
      <ei-ms-id>11</ei-ms-id>
      <id>911</id>
      <intensity>270.0</intensity>
      <mass-charge>136.0</mass-charge>
    </ei-ms-peak>
    <ei-ms-peak>
      <ei-ms-id>11</ei-ms-id>
      <id>912</id>
      <intensity>10.0</intensity>
      <mass-charge>137.0</mass-charge>
    </ei-ms-peak>
    <ei-ms-peak>
      <ei-ms-id>11</ei-ms-id>
      <id>913</id>
      <intensity>10.0</intensity>
      <mass-charge>138.0</mass-charge>
    </ei-ms-peak>
    <ei-ms-peak>
      <ei-ms-id>11</ei-ms-id>
      <id>914</id>
      <intensity>10.0</intensity>
      <mass-charge>140.0</mass-charge>
    </ei-ms-peak>
    <ei-ms-peak>
      <ei-ms-id>11</ei-ms-id>
      <id>915</id>
      <intensity>10.0</intensity>
      <mass-charge>141.0</mass-charge>
    </ei-ms-peak>
    <ei-ms-peak>
      <ei-ms-id>11</ei-ms-id>
      <id>916</id>
      <intensity>350.0</intensity>
      <mass-charge>146.0</mass-charge>
    </ei-ms-peak>
    <ei-ms-peak>
      <ei-ms-id>11</ei-ms-id>
      <id>917</id>
      <intensity>200.0</intensity>
      <mass-charge>147.0</mass-charge>
    </ei-ms-peak>
    <ei-ms-peak>
      <ei-ms-id>11</ei-ms-id>
      <id>918</id>
      <intensity>2682.0</intensity>
      <mass-charge>148.0</mass-charge>
    </ei-ms-peak>
    <ei-ms-peak>
      <ei-ms-id>11</ei-ms-id>
      <id>919</id>
      <intensity>440.0</intensity>
      <mass-charge>149.0</mass-charge>
    </ei-ms-peak>
    <ei-ms-peak>
      <ei-ms-id>11</ei-ms-id>
      <id>920</id>
      <intensity>30.0</intensity>
      <mass-charge>150.0</mass-charge>
    </ei-ms-peak>
    <ei-ms-peak>
      <ei-ms-id>11</ei-ms-id>
      <id>921</id>
      <intensity>130.0</intensity>
      <mass-charge>152.0</mass-charge>
    </ei-ms-peak>
    <ei-ms-peak>
      <ei-ms-id>11</ei-ms-id>
      <id>922</id>
      <intensity>10.0</intensity>
      <mass-charge>159.0</mass-charge>
    </ei-ms-peak>
    <ei-ms-peak>
      <ei-ms-id>11</ei-ms-id>
      <id>923</id>
      <intensity>50.0</intensity>
      <mass-charge>160.0</mass-charge>
    </ei-ms-peak>
    <ei-ms-peak>
      <ei-ms-id>11</ei-ms-id>
      <id>924</id>
      <intensity>50.0</intensity>
      <mass-charge>161.0</mass-charge>
    </ei-ms-peak>
    <ei-ms-peak>
      <ei-ms-id>11</ei-ms-id>
      <id>925</id>
      <intensity>610.0</intensity>
      <mass-charge>162.0</mass-charge>
    </ei-ms-peak>
    <ei-ms-peak>
      <ei-ms-id>11</ei-ms-id>
      <id>926</id>
      <intensity>260.0</intensity>
      <mass-charge>163.0</mass-charge>
    </ei-ms-peak>
    <ei-ms-peak>
      <ei-ms-id>11</ei-ms-id>
      <id>927</id>
      <intensity>40.0</intensity>
      <mass-charge>164.0</mass-charge>
    </ei-ms-peak>
    <ei-ms-peak>
      <ei-ms-id>11</ei-ms-id>
      <id>928</id>
      <intensity>10.0</intensity>
      <mass-charge>165.0</mass-charge>
    </ei-ms-peak>
    <ei-ms-peak>
      <ei-ms-id>11</ei-ms-id>
      <id>929</id>
      <intensity>160.0</intensity>
      <mass-charge>168.0</mass-charge>
    </ei-ms-peak>
    <ei-ms-peak>
      <ei-ms-id>11</ei-ms-id>
      <id>930</id>
      <intensity>420.0</intensity>
      <mass-charge>175.0</mass-charge>
    </ei-ms-peak>
    <ei-ms-peak>
      <ei-ms-id>11</ei-ms-id>
      <id>931</id>
      <intensity>50.0</intensity>
      <mass-charge>176.0</mass-charge>
    </ei-ms-peak>
    <ei-ms-peak>
      <ei-ms-id>11</ei-ms-id>
      <id>932</id>
      <intensity>9999.0</intensity>
      <mass-charge>177.0</mass-charge>
    </ei-ms-peak>
    <ei-ms-peak>
      <ei-ms-id>11</ei-ms-id>
      <id>933</id>
      <intensity>1191.0</intensity>
      <mass-charge>178.0</mass-charge>
    </ei-ms-peak>
    <ei-ms-peak>
      <ei-ms-id>11</ei-ms-id>
      <id>934</id>
      <intensity>10.0</intensity>
      <mass-charge>179.0</mass-charge>
    </ei-ms-peak>
    <ei-ms-peak>
      <ei-ms-id>11</ei-ms-id>
      <id>935</id>
      <intensity>230.0</intensity>
      <mass-charge>180.0</mass-charge>
    </ei-ms-peak>
    <ei-ms-peak>
      <ei-ms-id>11</ei-ms-id>
      <id>936</id>
      <intensity>10.0</intensity>
      <mass-charge>189.0</mass-charge>
    </ei-ms-peak>
    <ei-ms-peak>
      <ei-ms-id>11</ei-ms-id>
      <id>937</id>
      <intensity>10.0</intensity>
      <mass-charge>190.0</mass-charge>
    </ei-ms-peak>
    <ei-ms-peak>
      <ei-ms-id>11</ei-ms-id>
      <id>938</id>
      <intensity>40.0</intensity>
      <mass-charge>191.0</mass-charge>
    </ei-ms-peak>
    <ei-ms-peak>
      <ei-ms-id>11</ei-ms-id>
      <id>939</id>
      <intensity>70.0</intensity>
      <mass-charge>192.0</mass-charge>
    </ei-ms-peak>
    <ei-ms-peak>
      <ei-ms-id>11</ei-ms-id>
      <id>940</id>
      <intensity>20.0</intensity>
      <mass-charge>193.0</mass-charge>
    </ei-ms-peak>
    <ei-ms-peak>
      <ei-ms-id>11</ei-ms-id>
      <id>941</id>
      <intensity>120.0</intensity>
      <mass-charge>203.0</mass-charge>
    </ei-ms-peak>
    <ei-ms-peak>
      <ei-ms-id>11</ei-ms-id>
      <id>942</id>
      <intensity>150.0</intensity>
      <mass-charge>205.0</mass-charge>
    </ei-ms-peak>
    <ei-ms-peak>
      <ei-ms-id>11</ei-ms-id>
      <id>943</id>
      <intensity>50.0</intensity>
      <mass-charge>218.0</mass-charge>
    </ei-ms-peak>
    <ei-ms-peak>
      <ei-ms-id>11</ei-ms-id>
      <id>944</id>
      <intensity>10.0</intensity>
      <mass-charge>219.0</mass-charge>
    </ei-ms-peak>
    <ei-ms-peak>
      <ei-ms-id>11</ei-ms-id>
      <id>945</id>
      <intensity>10.0</intensity>
      <mass-charge>220.0</mass-charge>
    </ei-ms-peak>
    <ei-ms-peak>
      <ei-ms-id>11</ei-ms-id>
      <id>946</id>
      <intensity>770.0</intensity>
      <mass-charge>222.0</mass-charge>
    </ei-ms-peak>
    <ei-ms-peak>
      <ei-ms-id>11</ei-ms-id>
      <id>947</id>
      <intensity>70.0</intensity>
      <mass-charge>223.0</mass-charge>
    </ei-ms-peak>
    <ei-ms-peak>
      <ei-ms-id>11</ei-ms-id>
      <id>948</id>
      <intensity>10.0</intensity>
      <mass-charge>249.0</mass-charge>
    </ei-ms-peak>
    <ei-ms-peak>
      <ei-ms-id>11</ei-ms-id>
      <id>949</id>
      <intensity>60.0</intensity>
      <mass-charge>251.0</mass-charge>
    </ei-ms-peak>
    <ei-ms-peak>
      <ei-ms-id>11</ei-ms-id>
      <id>950</id>
      <intensity>40.0</intensity>
      <mass-charge>262.0</mass-charge>
    </ei-ms-peak>
    <ei-ms-peak>
      <ei-ms-id>11</ei-ms-id>
      <id>951</id>
      <intensity>420.0</intensity>
      <mass-charge>263.0</mass-charge>
    </ei-ms-peak>
    <ei-ms-peak>
      <ei-ms-id>11</ei-ms-id>
      <id>952</id>
      <intensity>60.0</intensity>
      <mass-charge>264.0</mass-charge>
    </ei-ms-peak>
    <ei-ms-peak>
      <ei-ms-id>11</ei-ms-id>
      <id>953</id>
      <intensity>5244.0</intensity>
      <mass-charge>265.0</mass-charge>
    </ei-ms-peak>
    <ei-ms-peak>
      <ei-ms-id>11</ei-ms-id>
      <id>954</id>
      <intensity>850.0</intensity>
      <mass-charge>266.0</mass-charge>
    </ei-ms-peak>
    <ei-ms-peak>
      <ei-ms-id>11</ei-ms-id>
      <id>955</id>
      <intensity>80.0</intensity>
      <mass-charge>267.0</mass-charge>
    </ei-ms-peak>
    <ei-ms-peak>
      <ei-ms-id>11</ei-ms-id>
      <id>956</id>
      <intensity>60.0</intensity>
      <mass-charge>275.0</mass-charge>
    </ei-ms-peak>
    <ei-ms-peak>
      <ei-ms-id>11</ei-ms-id>
      <id>957</id>
      <intensity>5875.0</intensity>
      <mass-charge>277.0</mass-charge>
    </ei-ms-peak>
    <ei-ms-peak>
      <ei-ms-id>11</ei-ms-id>
      <id>958</id>
      <intensity>1000.0</intensity>
      <mass-charge>278.0</mass-charge>
    </ei-ms-peak>
    <ei-ms-peak>
      <ei-ms-id>11</ei-ms-id>
      <id>959</id>
      <intensity>90.0</intensity>
      <mass-charge>279.0</mass-charge>
    </ei-ms-peak>
    <ei-ms-peak>
      <ei-ms-id>11</ei-ms-id>
      <id>960</id>
      <intensity>10.0</intensity>
      <mass-charge>289.0</mass-charge>
    </ei-ms-peak>
    <ei-ms-peak>
      <ei-ms-id>11</ei-ms-id>
      <id>961</id>
      <intensity>610.0</intensity>
      <mass-charge>290.0</mass-charge>
    </ei-ms-peak>
    <ei-ms-peak>
      <ei-ms-id>11</ei-ms-id>
      <id>962</id>
      <intensity>160.0</intensity>
      <mass-charge>291.0</mass-charge>
    </ei-ms-peak>
    <ei-ms-peak>
      <ei-ms-id>11</ei-ms-id>
      <id>963</id>
      <intensity>50.0</intensity>
      <mass-charge>370.0</mass-charge>
    </ei-ms-peak>
    <ei-ms-peak>
      <ei-ms-id>11</ei-ms-id>
      <id>964</id>
      <intensity>210.0</intensity>
      <mass-charge>383.0</mass-charge>
    </ei-ms-peak>
    <ei-ms-peak>
      <ei-ms-id>11</ei-ms-id>
      <id>965</id>
      <intensity>120.0</intensity>
      <mass-charge>384.0</mass-charge>
    </ei-ms-peak>
    <ei-ms-peak>
      <ei-ms-id>11</ei-ms-id>
      <id>966</id>
      <intensity>840.0</intensity>
      <mass-charge>385.0</mass-charge>
    </ei-ms-peak>
    <ei-ms-peak>
      <ei-ms-id>11</ei-ms-id>
      <id>967</id>
      <intensity>170.0</intensity>
      <mass-charge>386.0</mass-charge>
    </ei-ms-peak>
  </ei-ms-peaks>
</ei-ms>
