<?xml version="1.0" encoding="UTF-8"?>
<ei-ms>
  <collection-date nil="true"/>
  <created-at>2014-09-20T16:23:16Z</created-at>
  <database-id>HMDB14702</database-id>
  <id>239</id>
  <inchi-key>NDTSRXAMMQDVSW-UHFFFAOYSA-N</inchi-key>
  <instrument-type nil="true"/>
  <molecule-id nil="true"/>
  <notes nil="true"/>
  <peak-counter>174</peak-counter>
  <sample-assessment nil="true"/>
  <sample-concentration nil="true"/>
  <sample-concentration-units nil="true"/>
  <sample-mass nil="true"/>
  <sample-mass-units nil="true"/>
  <sample-source nil="true"/>
  <solvent nil="true"/>
  <spectra-assessment nil="true"/>
  <updated-at>2014-09-20T16:23:16Z</updated-at>
  <references>
    <reference>
      <database>NIST</database>
      <database-id>91-33-8</database-id>
      <id>15111</id>
      <pubmed-id nil="true"/>
      <ref-text>NIST Mass Spec Data Center, S.E. Stein, director, "Mass Spectra" in NIST Chemistry WebBook, NIST Standard Reference Database Number 69, Eds. P.J. Linstrom and W.G. Mallard, National Institute of Standards and Technology, Gaithersburg MD, 20899, http://webbook.nist.gov, (retrieved September 6, 2014).</ref-text>
      <spectra-id>239</spectra-id>
      <spectra-type>EiMs</spectra-type>
    </reference>
  </references>
  <ei-ms-peaks>
    <ei-ms-peak>
      <ei-ms-id>239</ei-ms-id>
      <id>27653</id>
      <intensity>740.0</intensity>
      <mass-charge>41.0</mass-charge>
    </ei-ms-peak>
    <ei-ms-peak>
      <ei-ms-id>239</ei-ms-id>
      <id>27654</id>
      <intensity>390.0</intensity>
      <mass-charge>42.0</mass-charge>
    </ei-ms-peak>
    <ei-ms-peak>
      <ei-ms-id>239</ei-ms-id>
      <id>27655</id>
      <intensity>1101.0</intensity>
      <mass-charge>43.0</mass-charge>
    </ei-ms-peak>
    <ei-ms-peak>
      <ei-ms-id>239</ei-ms-id>
      <id>27656</id>
      <intensity>2191.0</intensity>
      <mass-charge>44.0</mass-charge>
    </ei-ms-peak>
    <ei-ms-peak>
      <ei-ms-id>239</ei-ms-id>
      <id>27657</id>
      <intensity>2282.0</intensity>
      <mass-charge>45.0</mass-charge>
    </ei-ms-peak>
    <ei-ms-peak>
      <ei-ms-id>239</ei-ms-id>
      <id>27658</id>
      <intensity>190.0</intensity>
      <mass-charge>46.0</mass-charge>
    </ei-ms-peak>
    <ei-ms-peak>
      <ei-ms-id>239</ei-ms-id>
      <id>27659</id>
      <intensity>150.0</intensity>
      <mass-charge>47.0</mass-charge>
    </ei-ms-peak>
    <ei-ms-peak>
      <ei-ms-id>239</ei-ms-id>
      <id>27660</id>
      <intensity>310.0</intensity>
      <mass-charge>48.0</mass-charge>
    </ei-ms-peak>
    <ei-ms-peak>
      <ei-ms-id>239</ei-ms-id>
      <id>27661</id>
      <intensity>410.0</intensity>
      <mass-charge>50.0</mass-charge>
    </ei-ms-peak>
    <ei-ms-peak>
      <ei-ms-id>239</ei-ms-id>
      <id>27662</id>
      <intensity>680.0</intensity>
      <mass-charge>51.0</mass-charge>
    </ei-ms-peak>
    <ei-ms-peak>
      <ei-ms-id>239</ei-ms-id>
      <id>27663</id>
      <intensity>410.0</intensity>
      <mass-charge>52.0</mass-charge>
    </ei-ms-peak>
    <ei-ms-peak>
      <ei-ms-id>239</ei-ms-id>
      <id>27664</id>
      <intensity>190.0</intensity>
      <mass-charge>53.0</mass-charge>
    </ei-ms-peak>
    <ei-ms-peak>
      <ei-ms-id>239</ei-ms-id>
      <id>27665</id>
      <intensity>160.0</intensity>
      <mass-charge>54.0</mass-charge>
    </ei-ms-peak>
    <ei-ms-peak>
      <ei-ms-id>239</ei-ms-id>
      <id>27666</id>
      <intensity>440.0</intensity>
      <mass-charge>55.0</mass-charge>
    </ei-ms-peak>
    <ei-ms-peak>
      <ei-ms-id>239</ei-ms-id>
      <id>27667</id>
      <intensity>200.0</intensity>
      <mass-charge>56.0</mass-charge>
    </ei-ms-peak>
    <ei-ms-peak>
      <ei-ms-id>239</ei-ms-id>
      <id>27668</id>
      <intensity>340.0</intensity>
      <mass-charge>57.0</mass-charge>
    </ei-ms-peak>
    <ei-ms-peak>
      <ei-ms-id>239</ei-ms-id>
      <id>27669</id>
      <intensity>260.0</intensity>
      <mass-charge>58.0</mass-charge>
    </ei-ms-peak>
    <ei-ms-peak>
      <ei-ms-id>239</ei-ms-id>
      <id>27670</id>
      <intensity>1161.0</intensity>
      <mass-charge>59.0</mass-charge>
    </ei-ms-peak>
    <ei-ms-peak>
      <ei-ms-id>239</ei-ms-id>
      <id>27671</id>
      <intensity>220.0</intensity>
      <mass-charge>60.0</mass-charge>
    </ei-ms-peak>
    <ei-ms-peak>
      <ei-ms-id>239</ei-ms-id>
      <id>27672</id>
      <intensity>180.0</intensity>
      <mass-charge>61.0</mass-charge>
    </ei-ms-peak>
    <ei-ms-peak>
      <ei-ms-id>239</ei-ms-id>
      <id>27673</id>
      <intensity>320.0</intensity>
      <mass-charge>62.0</mass-charge>
    </ei-ms-peak>
    <ei-ms-peak>
      <ei-ms-id>239</ei-ms-id>
      <id>27674</id>
      <intensity>560.0</intensity>
      <mass-charge>63.0</mass-charge>
    </ei-ms-peak>
    <ei-ms-peak>
      <ei-ms-id>239</ei-ms-id>
      <id>27675</id>
      <intensity>710.0</intensity>
      <mass-charge>64.0</mass-charge>
    </ei-ms-peak>
    <ei-ms-peak>
      <ei-ms-id>239</ei-ms-id>
      <id>27676</id>
      <intensity>1611.0</intensity>
      <mass-charge>65.0</mass-charge>
    </ei-ms-peak>
    <ei-ms-peak>
      <ei-ms-id>239</ei-ms-id>
      <id>27677</id>
      <intensity>170.0</intensity>
      <mass-charge>66.0</mass-charge>
    </ei-ms-peak>
    <ei-ms-peak>
      <ei-ms-id>239</ei-ms-id>
      <id>27678</id>
      <intensity>140.0</intensity>
      <mass-charge>67.0</mass-charge>
    </ei-ms-peak>
    <ei-ms-peak>
      <ei-ms-id>239</ei-ms-id>
      <id>27679</id>
      <intensity>120.0</intensity>
      <mass-charge>68.0</mass-charge>
    </ei-ms-peak>
    <ei-ms-peak>
      <ei-ms-id>239</ei-ms-id>
      <id>27680</id>
      <intensity>360.0</intensity>
      <mass-charge>69.0</mass-charge>
    </ei-ms-peak>
    <ei-ms-peak>
      <ei-ms-id>239</ei-ms-id>
      <id>27681</id>
      <intensity>130.0</intensity>
      <mass-charge>70.0</mass-charge>
    </ei-ms-peak>
    <ei-ms-peak>
      <ei-ms-id>239</ei-ms-id>
      <id>27682</id>
      <intensity>190.0</intensity>
      <mass-charge>71.0</mass-charge>
    </ei-ms-peak>
    <ei-ms-peak>
      <ei-ms-id>239</ei-ms-id>
      <id>27683</id>
      <intensity>120.0</intensity>
      <mass-charge>72.0</mass-charge>
    </ei-ms-peak>
    <ei-ms-peak>
      <ei-ms-id>239</ei-ms-id>
      <id>27684</id>
      <intensity>340.0</intensity>
      <mass-charge>73.0</mass-charge>
    </ei-ms-peak>
    <ei-ms-peak>
      <ei-ms-id>239</ei-ms-id>
      <id>27685</id>
      <intensity>160.0</intensity>
      <mass-charge>74.0</mass-charge>
    </ei-ms-peak>
    <ei-ms-peak>
      <ei-ms-id>239</ei-ms-id>
      <id>27686</id>
      <intensity>190.0</intensity>
      <mass-charge>75.0</mass-charge>
    </ei-ms-peak>
    <ei-ms-peak>
      <ei-ms-id>239</ei-ms-id>
      <id>27687</id>
      <intensity>210.0</intensity>
      <mass-charge>76.0</mass-charge>
    </ei-ms-peak>
    <ei-ms-peak>
      <ei-ms-id>239</ei-ms-id>
      <id>27688</id>
      <intensity>670.0</intensity>
      <mass-charge>77.0</mass-charge>
    </ei-ms-peak>
    <ei-ms-peak>
      <ei-ms-id>239</ei-ms-id>
      <id>27689</id>
      <intensity>450.0</intensity>
      <mass-charge>78.0</mass-charge>
    </ei-ms-peak>
    <ei-ms-peak>
      <ei-ms-id>239</ei-ms-id>
      <id>27690</id>
      <intensity>200.0</intensity>
      <mass-charge>79.0</mass-charge>
    </ei-ms-peak>
    <ei-ms-peak>
      <ei-ms-id>239</ei-ms-id>
      <id>27691</id>
      <intensity>100.0</intensity>
      <mass-charge>80.0</mass-charge>
    </ei-ms-peak>
    <ei-ms-peak>
      <ei-ms-id>239</ei-ms-id>
      <id>27692</id>
      <intensity>120.0</intensity>
      <mass-charge>81.0</mass-charge>
    </ei-ms-peak>
    <ei-ms-peak>
      <ei-ms-id>239</ei-ms-id>
      <id>27693</id>
      <intensity>90.0</intensity>
      <mass-charge>82.0</mass-charge>
    </ei-ms-peak>
    <ei-ms-peak>
      <ei-ms-id>239</ei-ms-id>
      <id>27694</id>
      <intensity>140.0</intensity>
      <mass-charge>83.0</mass-charge>
    </ei-ms-peak>
    <ei-ms-peak>
      <ei-ms-id>239</ei-ms-id>
      <id>27695</id>
      <intensity>160.0</intensity>
      <mass-charge>84.0</mass-charge>
    </ei-ms-peak>
    <ei-ms-peak>
      <ei-ms-id>239</ei-ms-id>
      <id>27696</id>
      <intensity>120.0</intensity>
      <mass-charge>85.0</mass-charge>
    </ei-ms-peak>
    <ei-ms-peak>
      <ei-ms-id>239</ei-ms-id>
      <id>27697</id>
      <intensity>120.0</intensity>
      <mass-charge>86.0</mass-charge>
    </ei-ms-peak>
    <ei-ms-peak>
      <ei-ms-id>239</ei-ms-id>
      <id>27698</id>
      <intensity>250.0</intensity>
      <mass-charge>87.0</mass-charge>
    </ei-ms-peak>
    <ei-ms-peak>
      <ei-ms-id>239</ei-ms-id>
      <id>27699</id>
      <intensity>290.0</intensity>
      <mass-charge>88.0</mass-charge>
    </ei-ms-peak>
    <ei-ms-peak>
      <ei-ms-id>239</ei-ms-id>
      <id>27700</id>
      <intensity>650.0</intensity>
      <mass-charge>89.0</mass-charge>
    </ei-ms-peak>
    <ei-ms-peak>
      <ei-ms-id>239</ei-ms-id>
      <id>27701</id>
      <intensity>240.0</intensity>
      <mass-charge>90.0</mass-charge>
    </ei-ms-peak>
    <ei-ms-peak>
      <ei-ms-id>239</ei-ms-id>
      <id>27702</id>
      <intensity>8027.0</intensity>
      <mass-charge>91.0</mass-charge>
    </ei-ms-peak>
    <ei-ms-peak>
      <ei-ms-id>239</ei-ms-id>
      <id>27703</id>
      <intensity>800.0</intensity>
      <mass-charge>92.0</mass-charge>
    </ei-ms-peak>
    <ei-ms-peak>
      <ei-ms-id>239</ei-ms-id>
      <id>27704</id>
      <intensity>170.0</intensity>
      <mass-charge>93.0</mass-charge>
    </ei-ms-peak>
    <ei-ms-peak>
      <ei-ms-id>239</ei-ms-id>
      <id>27705</id>
      <intensity>60.0</intensity>
      <mass-charge>94.0</mass-charge>
    </ei-ms-peak>
    <ei-ms-peak>
      <ei-ms-id>239</ei-ms-id>
      <id>27706</id>
      <intensity>140.0</intensity>
      <mass-charge>95.0</mass-charge>
    </ei-ms-peak>
    <ei-ms-peak>
      <ei-ms-id>239</ei-ms-id>
      <id>27707</id>
      <intensity>80.0</intensity>
      <mass-charge>96.0</mass-charge>
    </ei-ms-peak>
    <ei-ms-peak>
      <ei-ms-id>239</ei-ms-id>
      <id>27708</id>
      <intensity>350.0</intensity>
      <mass-charge>97.0</mass-charge>
    </ei-ms-peak>
    <ei-ms-peak>
      <ei-ms-id>239</ei-ms-id>
      <id>27709</id>
      <intensity>140.0</intensity>
      <mass-charge>98.0</mass-charge>
    </ei-ms-peak>
    <ei-ms-peak>
      <ei-ms-id>239</ei-ms-id>
      <id>27710</id>
      <intensity>180.0</intensity>
      <mass-charge>99.0</mass-charge>
    </ei-ms-peak>
    <ei-ms-peak>
      <ei-ms-id>239</ei-ms-id>
      <id>27711</id>
      <intensity>100.0</intensity>
      <mass-charge>100.0</mass-charge>
    </ei-ms-peak>
    <ei-ms-peak>
      <ei-ms-id>239</ei-ms-id>
      <id>27712</id>
      <intensity>100.0</intensity>
      <mass-charge>101.0</mass-charge>
    </ei-ms-peak>
    <ei-ms-peak>
      <ei-ms-id>239</ei-ms-id>
      <id>27713</id>
      <intensity>120.0</intensity>
      <mass-charge>102.0</mass-charge>
    </ei-ms-peak>
    <ei-ms-peak>
      <ei-ms-id>239</ei-ms-id>
      <id>27714</id>
      <intensity>380.0</intensity>
      <mass-charge>103.0</mass-charge>
    </ei-ms-peak>
    <ei-ms-peak>
      <ei-ms-id>239</ei-ms-id>
      <id>27715</id>
      <intensity>150.0</intensity>
      <mass-charge>104.0</mass-charge>
    </ei-ms-peak>
    <ei-ms-peak>
      <ei-ms-id>239</ei-ms-id>
      <id>27716</id>
      <intensity>310.0</intensity>
      <mass-charge>105.0</mass-charge>
    </ei-ms-peak>
    <ei-ms-peak>
      <ei-ms-id>239</ei-ms-id>
      <id>27717</id>
      <intensity>160.0</intensity>
      <mass-charge>106.0</mass-charge>
    </ei-ms-peak>
    <ei-ms-peak>
      <ei-ms-id>239</ei-ms-id>
      <id>27718</id>
      <intensity>80.0</intensity>
      <mass-charge>107.0</mass-charge>
    </ei-ms-peak>
    <ei-ms-peak>
      <ei-ms-id>239</ei-ms-id>
      <id>27719</id>
      <intensity>90.0</intensity>
      <mass-charge>108.0</mass-charge>
    </ei-ms-peak>
    <ei-ms-peak>
      <ei-ms-id>239</ei-ms-id>
      <id>27720</id>
      <intensity>100.0</intensity>
      <mass-charge>109.0</mass-charge>
    </ei-ms-peak>
    <ei-ms-peak>
      <ei-ms-id>239</ei-ms-id>
      <id>27721</id>
      <intensity>100.0</intensity>
      <mass-charge>110.0</mass-charge>
    </ei-ms-peak>
    <ei-ms-peak>
      <ei-ms-id>239</ei-ms-id>
      <id>27722</id>
      <intensity>130.0</intensity>
      <mass-charge>111.0</mass-charge>
    </ei-ms-peak>
    <ei-ms-peak>
      <ei-ms-id>239</ei-ms-id>
      <id>27723</id>
      <intensity>120.0</intensity>
      <mass-charge>112.0</mass-charge>
    </ei-ms-peak>
    <ei-ms-peak>
      <ei-ms-id>239</ei-ms-id>
      <id>27724</id>
      <intensity>110.0</intensity>
      <mass-charge>113.0</mass-charge>
    </ei-ms-peak>
    <ei-ms-peak>
      <ei-ms-id>239</ei-ms-id>
      <id>27725</id>
      <intensity>90.0</intensity>
      <mass-charge>114.0</mass-charge>
    </ei-ms-peak>
    <ei-ms-peak>
      <ei-ms-id>239</ei-ms-id>
      <id>27726</id>
      <intensity>130.0</intensity>
      <mass-charge>115.0</mass-charge>
    </ei-ms-peak>
    <ei-ms-peak>
      <ei-ms-id>239</ei-ms-id>
      <id>27727</id>
      <intensity>100.0</intensity>
      <mass-charge>116.0</mass-charge>
    </ei-ms-peak>
    <ei-ms-peak>
      <ei-ms-id>239</ei-ms-id>
      <id>27728</id>
      <intensity>180.0</intensity>
      <mass-charge>117.0</mass-charge>
    </ei-ms-peak>
    <ei-ms-peak>
      <ei-ms-id>239</ei-ms-id>
      <id>27729</id>
      <intensity>120.0</intensity>
      <mass-charge>118.0</mass-charge>
    </ei-ms-peak>
    <ei-ms-peak>
      <ei-ms-id>239</ei-ms-id>
      <id>27730</id>
      <intensity>120.0</intensity>
      <mass-charge>119.0</mass-charge>
    </ei-ms-peak>
    <ei-ms-peak>
      <ei-ms-id>239</ei-ms-id>
      <id>27731</id>
      <intensity>220.0</intensity>
      <mass-charge>120.0</mass-charge>
    </ei-ms-peak>
    <ei-ms-peak>
      <ei-ms-id>239</ei-ms-id>
      <id>27732</id>
      <intensity>2121.0</intensity>
      <mass-charge>121.0</mass-charge>
    </ei-ms-peak>
    <ei-ms-peak>
      <ei-ms-id>239</ei-ms-id>
      <id>27733</id>
      <intensity>1421.0</intensity>
      <mass-charge>122.0</mass-charge>
    </ei-ms-peak>
    <ei-ms-peak>
      <ei-ms-id>239</ei-ms-id>
      <id>27734</id>
      <intensity>2392.0</intensity>
      <mass-charge>123.0</mass-charge>
    </ei-ms-peak>
    <ei-ms-peak>
      <ei-ms-id>239</ei-ms-id>
      <id>27735</id>
      <intensity>1241.0</intensity>
      <mass-charge>124.0</mass-charge>
    </ei-ms-peak>
    <ei-ms-peak>
      <ei-ms-id>239</ei-ms-id>
      <id>27736</id>
      <intensity>360.0</intensity>
      <mass-charge>125.0</mass-charge>
    </ei-ms-peak>
    <ei-ms-peak>
      <ei-ms-id>239</ei-ms-id>
      <id>27737</id>
      <intensity>290.0</intensity>
      <mass-charge>126.0</mass-charge>
    </ei-ms-peak>
    <ei-ms-peak>
      <ei-ms-id>239</ei-ms-id>
      <id>27738</id>
      <intensity>140.0</intensity>
      <mass-charge>127.0</mass-charge>
    </ei-ms-peak>
    <ei-ms-peak>
      <ei-ms-id>239</ei-ms-id>
      <id>27739</id>
      <intensity>110.0</intensity>
      <mass-charge>128.0</mass-charge>
    </ei-ms-peak>
    <ei-ms-peak>
      <ei-ms-id>239</ei-ms-id>
      <id>27740</id>
      <intensity>170.0</intensity>
      <mass-charge>129.0</mass-charge>
    </ei-ms-peak>
    <ei-ms-peak>
      <ei-ms-id>239</ei-ms-id>
      <id>27741</id>
      <intensity>150.0</intensity>
      <mass-charge>130.0</mass-charge>
    </ei-ms-peak>
    <ei-ms-peak>
      <ei-ms-id>239</ei-ms-id>
      <id>27742</id>
      <intensity>140.0</intensity>
      <mass-charge>131.0</mass-charge>
    </ei-ms-peak>
    <ei-ms-peak>
      <ei-ms-id>239</ei-ms-id>
      <id>27743</id>
      <intensity>710.0</intensity>
      <mass-charge>132.0</mass-charge>
    </ei-ms-peak>
    <ei-ms-peak>
      <ei-ms-id>239</ei-ms-id>
      <id>27744</id>
      <intensity>200.0</intensity>
      <mass-charge>133.0</mass-charge>
    </ei-ms-peak>
    <ei-ms-peak>
      <ei-ms-id>239</ei-ms-id>
      <id>27745</id>
      <intensity>150.0</intensity>
      <mass-charge>134.0</mass-charge>
    </ei-ms-peak>
    <ei-ms-peak>
      <ei-ms-id>239</ei-ms-id>
      <id>27746</id>
      <intensity>90.0</intensity>
      <mass-charge>135.0</mass-charge>
    </ei-ms-peak>
    <ei-ms-peak>
      <ei-ms-id>239</ei-ms-id>
      <id>27747</id>
      <intensity>150.0</intensity>
      <mass-charge>137.0</mass-charge>
    </ei-ms-peak>
    <ei-ms-peak>
      <ei-ms-id>239</ei-ms-id>
      <id>27748</id>
      <intensity>100.0</intensity>
      <mass-charge>138.0</mass-charge>
    </ei-ms-peak>
    <ei-ms-peak>
      <ei-ms-id>239</ei-ms-id>
      <id>27749</id>
      <intensity>140.0</intensity>
      <mass-charge>139.0</mass-charge>
    </ei-ms-peak>
    <ei-ms-peak>
      <ei-ms-id>239</ei-ms-id>
      <id>27750</id>
      <intensity>190.0</intensity>
      <mass-charge>140.0</mass-charge>
    </ei-ms-peak>
    <ei-ms-peak>
      <ei-ms-id>239</ei-ms-id>
      <id>27751</id>
      <intensity>100.0</intensity>
      <mass-charge>141.0</mass-charge>
    </ei-ms-peak>
    <ei-ms-peak>
      <ei-ms-id>239</ei-ms-id>
      <id>27752</id>
      <intensity>190.0</intensity>
      <mass-charge>142.0</mass-charge>
    </ei-ms-peak>
    <ei-ms-peak>
      <ei-ms-id>239</ei-ms-id>
      <id>27753</id>
      <intensity>110.0</intensity>
      <mass-charge>143.0</mass-charge>
    </ei-ms-peak>
    <ei-ms-peak>
      <ei-ms-id>239</ei-ms-id>
      <id>27754</id>
      <intensity>160.0</intensity>
      <mass-charge>144.0</mass-charge>
    </ei-ms-peak>
    <ei-ms-peak>
      <ei-ms-id>239</ei-ms-id>
      <id>27755</id>
      <intensity>100.0</intensity>
      <mass-charge>145.0</mass-charge>
    </ei-ms-peak>
    <ei-ms-peak>
      <ei-ms-id>239</ei-ms-id>
      <id>27756</id>
      <intensity>90.0</intensity>
      <mass-charge>146.0</mass-charge>
    </ei-ms-peak>
    <ei-ms-peak>
      <ei-ms-id>239</ei-ms-id>
      <id>27757</id>
      <intensity>220.0</intensity>
      <mass-charge>147.0</mass-charge>
    </ei-ms-peak>
    <ei-ms-peak>
      <ei-ms-id>239</ei-ms-id>
      <id>27758</id>
      <intensity>110.0</intensity>
      <mass-charge>148.0</mass-charge>
    </ei-ms-peak>
    <ei-ms-peak>
      <ei-ms-id>239</ei-ms-id>
      <id>27759</id>
      <intensity>100.0</intensity>
      <mass-charge>149.0</mass-charge>
    </ei-ms-peak>
    <ei-ms-peak>
      <ei-ms-id>239</ei-ms-id>
      <id>27760</id>
      <intensity>530.0</intensity>
      <mass-charge>150.0</mass-charge>
    </ei-ms-peak>
    <ei-ms-peak>
      <ei-ms-id>239</ei-ms-id>
      <id>27761</id>
      <intensity>150.0</intensity>
      <mass-charge>151.0</mass-charge>
    </ei-ms-peak>
    <ei-ms-peak>
      <ei-ms-id>239</ei-ms-id>
      <id>27762</id>
      <intensity>140.0</intensity>
      <mass-charge>152.0</mass-charge>
    </ei-ms-peak>
    <ei-ms-peak>
      <ei-ms-id>239</ei-ms-id>
      <id>27763</id>
      <intensity>90.0</intensity>
      <mass-charge>153.0</mass-charge>
    </ei-ms-peak>
    <ei-ms-peak>
      <ei-ms-id>239</ei-ms-id>
      <id>27764</id>
      <intensity>90.0</intensity>
      <mass-charge>154.0</mass-charge>
    </ei-ms-peak>
    <ei-ms-peak>
      <ei-ms-id>239</ei-ms-id>
      <id>27765</id>
      <intensity>100.0</intensity>
      <mass-charge>155.0</mass-charge>
    </ei-ms-peak>
    <ei-ms-peak>
      <ei-ms-id>239</ei-ms-id>
      <id>27766</id>
      <intensity>90.0</intensity>
      <mass-charge>156.0</mass-charge>
    </ei-ms-peak>
    <ei-ms-peak>
      <ei-ms-id>239</ei-ms-id>
      <id>27767</id>
      <intensity>80.0</intensity>
      <mass-charge>157.0</mass-charge>
    </ei-ms-peak>
    <ei-ms-peak>
      <ei-ms-id>239</ei-ms-id>
      <id>27768</id>
      <intensity>180.0</intensity>
      <mass-charge>158.0</mass-charge>
    </ei-ms-peak>
    <ei-ms-peak>
      <ei-ms-id>239</ei-ms-id>
      <id>27769</id>
      <intensity>80.0</intensity>
      <mass-charge>159.0</mass-charge>
    </ei-ms-peak>
    <ei-ms-peak>
      <ei-ms-id>239</ei-ms-id>
      <id>27770</id>
      <intensity>160.0</intensity>
      <mass-charge>161.0</mass-charge>
    </ei-ms-peak>
    <ei-ms-peak>
      <ei-ms-id>239</ei-ms-id>
      <id>27771</id>
      <intensity>90.0</intensity>
      <mass-charge>163.0</mass-charge>
    </ei-ms-peak>
    <ei-ms-peak>
      <ei-ms-id>239</ei-ms-id>
      <id>27772</id>
      <intensity>210.0</intensity>
      <mass-charge>164.0</mass-charge>
    </ei-ms-peak>
    <ei-ms-peak>
      <ei-ms-id>239</ei-ms-id>
      <id>27773</id>
      <intensity>130.0</intensity>
      <mass-charge>165.0</mass-charge>
    </ei-ms-peak>
    <ei-ms-peak>
      <ei-ms-id>239</ei-ms-id>
      <id>27774</id>
      <intensity>80.0</intensity>
      <mass-charge>166.0</mass-charge>
    </ei-ms-peak>
    <ei-ms-peak>
      <ei-ms-id>239</ei-ms-id>
      <id>27775</id>
      <intensity>90.0</intensity>
      <mass-charge>167.0</mass-charge>
    </ei-ms-peak>
    <ei-ms-peak>
      <ei-ms-id>239</ei-ms-id>
      <id>27776</id>
      <intensity>110.0</intensity>
      <mass-charge>171.0</mass-charge>
    </ei-ms-peak>
    <ei-ms-peak>
      <ei-ms-id>239</ei-ms-id>
      <id>27777</id>
      <intensity>80.0</intensity>
      <mass-charge>172.0</mass-charge>
    </ei-ms-peak>
    <ei-ms-peak>
      <ei-ms-id>239</ei-ms-id>
      <id>27778</id>
      <intensity>90.0</intensity>
      <mass-charge>173.0</mass-charge>
    </ei-ms-peak>
    <ei-ms-peak>
      <ei-ms-id>239</ei-ms-id>
      <id>27779</id>
      <intensity>190.0</intensity>
      <mass-charge>174.0</mass-charge>
    </ei-ms-peak>
    <ei-ms-peak>
      <ei-ms-id>239</ei-ms-id>
      <id>27780</id>
      <intensity>130.0</intensity>
      <mass-charge>175.0</mass-charge>
    </ei-ms-peak>
    <ei-ms-peak>
      <ei-ms-id>239</ei-ms-id>
      <id>27781</id>
      <intensity>2402.0</intensity>
      <mass-charge>176.0</mass-charge>
    </ei-ms-peak>
    <ei-ms-peak>
      <ei-ms-id>239</ei-ms-id>
      <id>27782</id>
      <intensity>330.0</intensity>
      <mass-charge>177.0</mass-charge>
    </ei-ms-peak>
    <ei-ms-peak>
      <ei-ms-id>239</ei-ms-id>
      <id>27783</id>
      <intensity>60.0</intensity>
      <mass-charge>178.0</mass-charge>
    </ei-ms-peak>
    <ei-ms-peak>
      <ei-ms-id>239</ei-ms-id>
      <id>27784</id>
      <intensity>90.0</intensity>
      <mass-charge>187.0</mass-charge>
    </ei-ms-peak>
    <ei-ms-peak>
      <ei-ms-id>239</ei-ms-id>
      <id>27785</id>
      <intensity>190.0</intensity>
      <mass-charge>188.0</mass-charge>
    </ei-ms-peak>
    <ei-ms-peak>
      <ei-ms-id>239</ei-ms-id>
      <id>27786</id>
      <intensity>110.0</intensity>
      <mass-charge>189.0</mass-charge>
    </ei-ms-peak>
    <ei-ms-peak>
      <ei-ms-id>239</ei-ms-id>
      <id>27787</id>
      <intensity>450.0</intensity>
      <mass-charge>190.0</mass-charge>
    </ei-ms-peak>
    <ei-ms-peak>
      <ei-ms-id>239</ei-ms-id>
      <id>27788</id>
      <intensity>90.0</intensity>
      <mass-charge>191.0</mass-charge>
    </ei-ms-peak>
    <ei-ms-peak>
      <ei-ms-id>239</ei-ms-id>
      <id>27789</id>
      <intensity>150.0</intensity>
      <mass-charge>192.0</mass-charge>
    </ei-ms-peak>
    <ei-ms-peak>
      <ei-ms-id>239</ei-ms-id>
      <id>27790</id>
      <intensity>400.0</intensity>
      <mass-charge>193.0</mass-charge>
    </ei-ms-peak>
    <ei-ms-peak>
      <ei-ms-id>239</ei-ms-id>
      <id>27791</id>
      <intensity>140.0</intensity>
      <mass-charge>194.0</mass-charge>
    </ei-ms-peak>
    <ei-ms-peak>
      <ei-ms-id>239</ei-ms-id>
      <id>27792</id>
      <intensity>80.0</intensity>
      <mass-charge>195.0</mass-charge>
    </ei-ms-peak>
    <ei-ms-peak>
      <ei-ms-id>239</ei-ms-id>
      <id>27793</id>
      <intensity>120.0</intensity>
      <mass-charge>196.0</mass-charge>
    </ei-ms-peak>
    <ei-ms-peak>
      <ei-ms-id>239</ei-ms-id>
      <id>27794</id>
      <intensity>70.0</intensity>
      <mass-charge>202.0</mass-charge>
    </ei-ms-peak>
    <ei-ms-peak>
      <ei-ms-id>239</ei-ms-id>
      <id>27795</id>
      <intensity>60.0</intensity>
      <mass-charge>204.0</mass-charge>
    </ei-ms-peak>
    <ei-ms-peak>
      <ei-ms-id>239</ei-ms-id>
      <id>27796</id>
      <intensity>750.0</intensity>
      <mass-charge>205.0</mass-charge>
    </ei-ms-peak>
    <ei-ms-peak>
      <ei-ms-id>239</ei-ms-id>
      <id>27797</id>
      <intensity>130.0</intensity>
      <mass-charge>206.0</mass-charge>
    </ei-ms-peak>
    <ei-ms-peak>
      <ei-ms-id>239</ei-ms-id>
      <id>27798</id>
      <intensity>320.0</intensity>
      <mass-charge>207.0</mass-charge>
    </ei-ms-peak>
    <ei-ms-peak>
      <ei-ms-id>239</ei-ms-id>
      <id>27799</id>
      <intensity>70.0</intensity>
      <mass-charge>208.0</mass-charge>
    </ei-ms-peak>
    <ei-ms-peak>
      <ei-ms-id>239</ei-ms-id>
      <id>27800</id>
      <intensity>70.0</intensity>
      <mass-charge>212.0</mass-charge>
    </ei-ms-peak>
    <ei-ms-peak>
      <ei-ms-id>239</ei-ms-id>
      <id>27801</id>
      <intensity>300.0</intensity>
      <mass-charge>220.0</mass-charge>
    </ei-ms-peak>
    <ei-ms-peak>
      <ei-ms-id>239</ei-ms-id>
      <id>27802</id>
      <intensity>540.0</intensity>
      <mass-charge>221.0</mass-charge>
    </ei-ms-peak>
    <ei-ms-peak>
      <ei-ms-id>239</ei-ms-id>
      <id>27803</id>
      <intensity>200.0</intensity>
      <mass-charge>223.0</mass-charge>
    </ei-ms-peak>
    <ei-ms-peak>
      <ei-ms-id>239</ei-ms-id>
      <id>27804</id>
      <intensity>150.0</intensity>
      <mass-charge>228.0</mass-charge>
    </ei-ms-peak>
    <ei-ms-peak>
      <ei-ms-id>239</ei-ms-id>
      <id>27805</id>
      <intensity>230.0</intensity>
      <mass-charge>229.0</mass-charge>
    </ei-ms-peak>
    <ei-ms-peak>
      <ei-ms-id>239</ei-ms-id>
      <id>27806</id>
      <intensity>1281.0</intensity>
      <mass-charge>230.0</mass-charge>
    </ei-ms-peak>
    <ei-ms-peak>
      <ei-ms-id>239</ei-ms-id>
      <id>27807</id>
      <intensity>250.0</intensity>
      <mass-charge>231.0</mass-charge>
    </ei-ms-peak>
    <ei-ms-peak>
      <ei-ms-id>239</ei-ms-id>
      <id>27808</id>
      <intensity>500.0</intensity>
      <mass-charge>232.0</mass-charge>
    </ei-ms-peak>
    <ei-ms-peak>
      <ei-ms-id>239</ei-ms-id>
      <id>27809</id>
      <intensity>80.0</intensity>
      <mass-charge>233.0</mass-charge>
    </ei-ms-peak>
    <ei-ms-peak>
      <ei-ms-id>239</ei-ms-id>
      <id>27810</id>
      <intensity>90.0</intensity>
      <mass-charge>237.0</mass-charge>
    </ei-ms-peak>
    <ei-ms-peak>
      <ei-ms-id>239</ei-ms-id>
      <id>27811</id>
      <intensity>70.0</intensity>
      <mass-charge>263.0</mass-charge>
    </ei-ms-peak>
    <ei-ms-peak>
      <ei-ms-id>239</ei-ms-id>
      <id>27812</id>
      <intensity>360.0</intensity>
      <mass-charge>268.0</mass-charge>
    </ei-ms-peak>
    <ei-ms-peak>
      <ei-ms-id>239</ei-ms-id>
      <id>27813</id>
      <intensity>780.0</intensity>
      <mass-charge>269.0</mass-charge>
    </ei-ms-peak>
    <ei-ms-peak>
      <ei-ms-id>239</ei-ms-id>
      <id>27814</id>
      <intensity>230.0</intensity>
      <mass-charge>270.0</mass-charge>
    </ei-ms-peak>
    <ei-ms-peak>
      <ei-ms-id>239</ei-ms-id>
      <id>27815</id>
      <intensity>350.0</intensity>
      <mass-charge>271.0</mass-charge>
    </ei-ms-peak>
    <ei-ms-peak>
      <ei-ms-id>239</ei-ms-id>
      <id>27816</id>
      <intensity>60.0</intensity>
      <mass-charge>277.0</mass-charge>
    </ei-ms-peak>
    <ei-ms-peak>
      <ei-ms-id>239</ei-ms-id>
      <id>27817</id>
      <intensity>160.0</intensity>
      <mass-charge>292.0</mass-charge>
    </ei-ms-peak>
    <ei-ms-peak>
      <ei-ms-id>239</ei-ms-id>
      <id>27818</id>
      <intensity>70.0</intensity>
      <mass-charge>294.0</mass-charge>
    </ei-ms-peak>
    <ei-ms-peak>
      <ei-ms-id>239</ei-ms-id>
      <id>27819</id>
      <intensity>9999.0</intensity>
      <mass-charge>309.0</mass-charge>
    </ei-ms-peak>
    <ei-ms-peak>
      <ei-ms-id>239</ei-ms-id>
      <id>27820</id>
      <intensity>1471.0</intensity>
      <mass-charge>310.0</mass-charge>
    </ei-ms-peak>
    <ei-ms-peak>
      <ei-ms-id>239</ei-ms-id>
      <id>27821</id>
      <intensity>4514.0</intensity>
      <mass-charge>311.0</mass-charge>
    </ei-ms-peak>
    <ei-ms-peak>
      <ei-ms-id>239</ei-ms-id>
      <id>27822</id>
      <intensity>540.0</intensity>
      <mass-charge>312.0</mass-charge>
    </ei-ms-peak>
    <ei-ms-peak>
      <ei-ms-id>239</ei-ms-id>
      <id>27823</id>
      <intensity>390.0</intensity>
      <mass-charge>313.0</mass-charge>
    </ei-ms-peak>
    <ei-ms-peak>
      <ei-ms-id>239</ei-ms-id>
      <id>27824</id>
      <intensity>60.0</intensity>
      <mass-charge>352.0</mass-charge>
    </ei-ms-peak>
    <ei-ms-peak>
      <ei-ms-id>239</ei-ms-id>
      <id>27825</id>
      <intensity>190.0</intensity>
      <mass-charge>431.0</mass-charge>
    </ei-ms-peak>
    <ei-ms-peak>
      <ei-ms-id>239</ei-ms-id>
      <id>27826</id>
      <intensity>80.0</intensity>
      <mass-charge>433.0</mass-charge>
    </ei-ms-peak>
  </ei-ms-peaks>
</ei-ms>
