<?xml version="1.0" encoding="UTF-8"?>
<ei-ms>
  <collection-date nil="true"/>
  <created-at>2014-09-20T16:19:34Z</created-at>
  <database-id>HMDB59905</database-id>
  <id>96</id>
  <inchi-key>YNQLUTRBYVCPMQ-UHFFFAOYSA-N</inchi-key>
  <instrument-type nil="true"/>
  <molecule-id nil="true"/>
  <notes nil="true"/>
  <peak-counter>37</peak-counter>
  <sample-assessment nil="true"/>
  <sample-concentration nil="true"/>
  <sample-concentration-units nil="true"/>
  <sample-mass nil="true"/>
  <sample-mass-units nil="true"/>
  <sample-source nil="true"/>
  <solvent nil="true"/>
  <spectra-assessment nil="true"/>
  <updated-at>2014-09-20T16:19:34Z</updated-at>
  <references>
    <reference>
      <database>NIST</database>
      <database-id>100-41-4</database-id>
      <id>14968</id>
      <pubmed-id nil="true"/>
      <ref-text>NIST Mass Spec Data Center, S.E. Stein, director, "Mass Spectra" in NIST Chemistry WebBook, NIST Standard Reference Database Number 69, Eds. P.J. Linstrom and W.G. Mallard, National Institute of Standards and Technology, Gaithersburg MD, 20899, http://webbook.nist.gov, (retrieved September 6, 2014).</ref-text>
      <spectra-id>96</spectra-id>
      <spectra-type>EiMs</spectra-type>
    </reference>
  </references>
  <ei-ms-peaks>
    <ei-ms-peak>
      <ei-ms-id>96</ei-ms-id>
      <id>10372</id>
      <intensity>141.0</intensity>
      <mass-charge>15.0</mass-charge>
    </ei-ms-peak>
    <ei-ms-peak>
      <ei-ms-id>96</ei-ms-id>
      <id>10373</id>
      <intensity>93.0</intensity>
      <mass-charge>26.0</mass-charge>
    </ei-ms-peak>
    <ei-ms-peak>
      <ei-ms-id>96</ei-ms-id>
      <id>10374</id>
      <intensity>339.0</intensity>
      <mass-charge>27.0</mass-charge>
    </ei-ms-peak>
    <ei-ms-peak>
      <ei-ms-id>96</ei-ms-id>
      <id>10375</id>
      <intensity>70.0</intensity>
      <mass-charge>28.0</mass-charge>
    </ei-ms-peak>
    <ei-ms-peak>
      <ei-ms-id>96</ei-ms-id>
      <id>10376</id>
      <intensity>62.0</intensity>
      <mass-charge>37.0</mass-charge>
    </ei-ms-peak>
    <ei-ms-peak>
      <ei-ms-id>96</ei-ms-id>
      <id>10377</id>
      <intensity>186.0</intensity>
      <mass-charge>38.0</mass-charge>
    </ei-ms-peak>
    <ei-ms-peak>
      <ei-ms-id>96</ei-ms-id>
      <id>10378</id>
      <intensity>703.0</intensity>
      <mass-charge>39.0</mass-charge>
    </ei-ms-peak>
    <ei-ms-peak>
      <ei-ms-id>96</ei-ms-id>
      <id>10379</id>
      <intensity>98.0</intensity>
      <mass-charge>40.0</mass-charge>
    </ei-ms-peak>
    <ei-ms-peak>
      <ei-ms-id>96</ei-ms-id>
      <id>10380</id>
      <intensity>89.0</intensity>
      <mass-charge>41.0</mass-charge>
    </ei-ms-peak>
    <ei-ms-peak>
      <ei-ms-id>96</ei-ms-id>
      <id>10381</id>
      <intensity>626.0</intensity>
      <mass-charge>50.0</mass-charge>
    </ei-ms-peak>
    <ei-ms-peak>
      <ei-ms-id>96</ei-ms-id>
      <id>10382</id>
      <intensity>1147.0</intensity>
      <mass-charge>51.0</mass-charge>
    </ei-ms-peak>
    <ei-ms-peak>
      <ei-ms-id>96</ei-ms-id>
      <id>10383</id>
      <intensity>315.0</intensity>
      <mass-charge>52.0</mass-charge>
    </ei-ms-peak>
    <ei-ms-peak>
      <ei-ms-id>96</ei-ms-id>
      <id>10384</id>
      <intensity>101.0</intensity>
      <mass-charge>53.0</mass-charge>
    </ei-ms-peak>
    <ei-ms-peak>
      <ei-ms-id>96</ei-ms-id>
      <id>10385</id>
      <intensity>77.0</intensity>
      <mass-charge>61.0</mass-charge>
    </ei-ms-peak>
    <ei-ms-peak>
      <ei-ms-id>96</ei-ms-id>
      <id>10386</id>
      <intensity>222.0</intensity>
      <mass-charge>62.0</mass-charge>
    </ei-ms-peak>
    <ei-ms-peak>
      <ei-ms-id>96</ei-ms-id>
      <id>10387</id>
      <intensity>569.0</intensity>
      <mass-charge>63.0</mass-charge>
    </ei-ms-peak>
    <ei-ms-peak>
      <ei-ms-id>96</ei-ms-id>
      <id>10388</id>
      <intensity>159.0</intensity>
      <mass-charge>64.0</mass-charge>
    </ei-ms-peak>
    <ei-ms-peak>
      <ei-ms-id>96</ei-ms-id>
      <id>10389</id>
      <intensity>1131.0</intensity>
      <mass-charge>65.0</mass-charge>
    </ei-ms-peak>
    <ei-ms-peak>
      <ei-ms-id>96</ei-ms-id>
      <id>10390</id>
      <intensity>91.0</intensity>
      <mass-charge>66.0</mass-charge>
    </ei-ms-peak>
    <ei-ms-peak>
      <ei-ms-id>96</ei-ms-id>
      <id>10391</id>
      <intensity>56.0</intensity>
      <mass-charge>73.0</mass-charge>
    </ei-ms-peak>
    <ei-ms-peak>
      <ei-ms-id>96</ei-ms-id>
      <id>10392</id>
      <intensity>240.0</intensity>
      <mass-charge>74.0</mass-charge>
    </ei-ms-peak>
    <ei-ms-peak>
      <ei-ms-id>96</ei-ms-id>
      <id>10393</id>
      <intensity>159.0</intensity>
      <mass-charge>75.0</mass-charge>
    </ei-ms-peak>
    <ei-ms-peak>
      <ei-ms-id>96</ei-ms-id>
      <id>10394</id>
      <intensity>156.0</intensity>
      <mass-charge>76.0</mass-charge>
    </ei-ms-peak>
    <ei-ms-peak>
      <ei-ms-id>96</ei-ms-id>
      <id>10395</id>
      <intensity>990.0</intensity>
      <mass-charge>77.0</mass-charge>
    </ei-ms-peak>
    <ei-ms-peak>
      <ei-ms-id>96</ei-ms-id>
      <id>10396</id>
      <intensity>872.0</intensity>
      <mass-charge>78.0</mass-charge>
    </ei-ms-peak>
    <ei-ms-peak>
      <ei-ms-id>96</ei-ms-id>
      <id>10397</id>
      <intensity>486.0</intensity>
      <mass-charge>79.0</mass-charge>
    </ei-ms-peak>
    <ei-ms-peak>
      <ei-ms-id>96</ei-ms-id>
      <id>10398</id>
      <intensity>35.0</intensity>
      <mass-charge>86.0</mass-charge>
    </ei-ms-peak>
    <ei-ms-peak>
      <ei-ms-id>96</ei-ms-id>
      <id>10399</id>
      <intensity>44.0</intensity>
      <mass-charge>87.0</mass-charge>
    </ei-ms-peak>
    <ei-ms-peak>
      <ei-ms-id>96</ei-ms-id>
      <id>10400</id>
      <intensity>329.0</intensity>
      <mass-charge>89.0</mass-charge>
    </ei-ms-peak>
    <ei-ms-peak>
      <ei-ms-id>96</ei-ms-id>
      <id>10401</id>
      <intensity>9999.0</intensity>
      <mass-charge>91.0</mass-charge>
    </ei-ms-peak>
    <ei-ms-peak>
      <ei-ms-id>96</ei-ms-id>
      <id>10402</id>
      <intensity>730.0</intensity>
      <mass-charge>92.0</mass-charge>
    </ei-ms-peak>
    <ei-ms-peak>
      <ei-ms-id>96</ei-ms-id>
      <id>10403</id>
      <intensity>109.0</intensity>
      <mass-charge>102.0</mass-charge>
    </ei-ms-peak>
    <ei-ms-peak>
      <ei-ms-id>96</ei-ms-id>
      <id>10404</id>
      <intensity>350.0</intensity>
      <mass-charge>103.0</mass-charge>
    </ei-ms-peak>
    <ei-ms-peak>
      <ei-ms-id>96</ei-ms-id>
      <id>10405</id>
      <intensity>135.0</intensity>
      <mass-charge>104.0</mass-charge>
    </ei-ms-peak>
    <ei-ms-peak>
      <ei-ms-id>96</ei-ms-id>
      <id>10406</id>
      <intensity>610.0</intensity>
      <mass-charge>105.0</mass-charge>
    </ei-ms-peak>
    <ei-ms-peak>
      <ei-ms-id>96</ei-ms-id>
      <id>10407</id>
      <intensity>2829.0</intensity>
      <mass-charge>106.0</mass-charge>
    </ei-ms-peak>
    <ei-ms-peak>
      <ei-ms-id>96</ei-ms-id>
      <id>10408</id>
      <intensity>261.0</intensity>
      <mass-charge>107.0</mass-charge>
    </ei-ms-peak>
  </ei-ms-peaks>
</ei-ms>
