<?xml version="1.0" encoding="UTF-8"?>
<ei-ms>
  <collection-date nil="true"/>
  <created-at>2014-09-20T16:41:45Z</created-at>
  <database-id>HMDB15513</database-id>
  <id>1005</id>
  <inchi-key>ROYOYTLGDLIGBX-UHFFFAOYSA-N</inchi-key>
  <instrument-type nil="true"/>
  <molecule-id nil="true"/>
  <notes nil="true"/>
  <peak-counter>208</peak-counter>
  <sample-assessment nil="true"/>
  <sample-concentration nil="true"/>
  <sample-concentration-units nil="true"/>
  <sample-mass nil="true"/>
  <sample-mass-units nil="true"/>
  <sample-source nil="true"/>
  <solvent nil="true"/>
  <spectra-assessment nil="true"/>
  <updated-at>2014-09-20T16:41:45Z</updated-at>
  <references>
    <reference>
      <database>NIST</database>
      <database-id>3900-31-0</database-id>
      <id>15877</id>
      <pubmed-id nil="true"/>
      <ref-text>NIST Mass Spec Data Center, S.E. Stein, director, "Mass Spectra" in NIST Chemistry WebBook, NIST Standard Reference Database Number 69, Eds. P.J. Linstrom and W.G. Mallard, National Institute of Standards and Technology, Gaithersburg MD, 20899, http://webbook.nist.gov, (retrieved September 6, 2014).</ref-text>
      <spectra-id>1005</spectra-id>
      <spectra-type>EiMs</spectra-type>
    </reference>
  </references>
  <ei-ms-peaks>
    <ei-ms-peak>
      <ei-ms-id>1005</ei-ms-id>
      <id>109226</id>
      <intensity>270.0</intensity>
      <mass-charge>42.0</mass-charge>
    </ei-ms-peak>
    <ei-ms-peak>
      <ei-ms-id>1005</ei-ms-id>
      <id>109227</id>
      <intensity>230.0</intensity>
      <mass-charge>50.0</mass-charge>
    </ei-ms-peak>
    <ei-ms-peak>
      <ei-ms-id>1005</ei-ms-id>
      <id>109228</id>
      <intensity>330.0</intensity>
      <mass-charge>51.0</mass-charge>
    </ei-ms-peak>
    <ei-ms-peak>
      <ei-ms-id>1005</ei-ms-id>
      <id>109229</id>
      <intensity>100.0</intensity>
      <mass-charge>52.0</mass-charge>
    </ei-ms-peak>
    <ei-ms-peak>
      <ei-ms-id>1005</ei-ms-id>
      <id>109230</id>
      <intensity>220.0</intensity>
      <mass-charge>57.0</mass-charge>
    </ei-ms-peak>
    <ei-ms-peak>
      <ei-ms-id>1005</ei-ms-id>
      <id>109231</id>
      <intensity>80.0</intensity>
      <mass-charge>61.0</mass-charge>
    </ei-ms-peak>
    <ei-ms-peak>
      <ei-ms-id>1005</ei-ms-id>
      <id>109232</id>
      <intensity>220.0</intensity>
      <mass-charge>62.0</mass-charge>
    </ei-ms-peak>
    <ei-ms-peak>
      <ei-ms-id>1005</ei-ms-id>
      <id>109233</id>
      <intensity>490.0</intensity>
      <mass-charge>63.0</mass-charge>
    </ei-ms-peak>
    <ei-ms-peak>
      <ei-ms-id>1005</ei-ms-id>
      <id>109234</id>
      <intensity>130.0</intensity>
      <mass-charge>64.0</mass-charge>
    </ei-ms-peak>
    <ei-ms-peak>
      <ei-ms-id>1005</ei-ms-id>
      <id>109235</id>
      <intensity>110.0</intensity>
      <mass-charge>65.0</mass-charge>
    </ei-ms-peak>
    <ei-ms-peak>
      <ei-ms-id>1005</ei-ms-id>
      <id>109236</id>
      <intensity>90.0</intensity>
      <mass-charge>66.0</mass-charge>
    </ei-ms-peak>
    <ei-ms-peak>
      <ei-ms-id>1005</ei-ms-id>
      <id>109237</id>
      <intensity>110.0</intensity>
      <mass-charge>68.0</mass-charge>
    </ei-ms-peak>
    <ei-ms-peak>
      <ei-ms-id>1005</ei-ms-id>
      <id>109238</id>
      <intensity>120.0</intensity>
      <mass-charge>69.0</mass-charge>
    </ei-ms-peak>
    <ei-ms-peak>
      <ei-ms-id>1005</ei-ms-id>
      <id>109239</id>
      <intensity>90.0</intensity>
      <mass-charge>70.0</mass-charge>
    </ei-ms-peak>
    <ei-ms-peak>
      <ei-ms-id>1005</ei-ms-id>
      <id>109240</id>
      <intensity>60.0</intensity>
      <mass-charge>72.0</mass-charge>
    </ei-ms-peak>
    <ei-ms-peak>
      <ei-ms-id>1005</ei-ms-id>
      <id>109241</id>
      <intensity>230.0</intensity>
      <mass-charge>73.0</mass-charge>
    </ei-ms-peak>
    <ei-ms-peak>
      <ei-ms-id>1005</ei-ms-id>
      <id>109242</id>
      <intensity>380.0</intensity>
      <mass-charge>74.0</mass-charge>
    </ei-ms-peak>
    <ei-ms-peak>
      <ei-ms-id>1005</ei-ms-id>
      <id>109243</id>
      <intensity>1241.0</intensity>
      <mass-charge>75.0</mass-charge>
    </ei-ms-peak>
    <ei-ms-peak>
      <ei-ms-id>1005</ei-ms-id>
      <id>109244</id>
      <intensity>370.0</intensity>
      <mass-charge>76.0</mass-charge>
    </ei-ms-peak>
    <ei-ms-peak>
      <ei-ms-id>1005</ei-ms-id>
      <id>109245</id>
      <intensity>360.0</intensity>
      <mass-charge>77.0</mass-charge>
    </ei-ms-peak>
    <ei-ms-peak>
      <ei-ms-id>1005</ei-ms-id>
      <id>109246</id>
      <intensity>110.0</intensity>
      <mass-charge>78.0</mass-charge>
    </ei-ms-peak>
    <ei-ms-peak>
      <ei-ms-id>1005</ei-ms-id>
      <id>109247</id>
      <intensity>60.0</intensity>
      <mass-charge>80.0</mass-charge>
    </ei-ms-peak>
    <ei-ms-peak>
      <ei-ms-id>1005</ei-ms-id>
      <id>109248</id>
      <intensity>470.0</intensity>
      <mass-charge>81.0</mass-charge>
    </ei-ms-peak>
    <ei-ms-peak>
      <ei-ms-id>1005</ei-ms-id>
      <id>109249</id>
      <intensity>230.0</intensity>
      <mass-charge>82.0</mass-charge>
    </ei-ms-peak>
    <ei-ms-peak>
      <ei-ms-id>1005</ei-ms-id>
      <id>109250</id>
      <intensity>350.0</intensity>
      <mass-charge>83.0</mass-charge>
    </ei-ms-peak>
    <ei-ms-peak>
      <ei-ms-id>1005</ei-ms-id>
      <id>109251</id>
      <intensity>180.0</intensity>
      <mass-charge>84.0</mass-charge>
    </ei-ms-peak>
    <ei-ms-peak>
      <ei-ms-id>1005</ei-ms-id>
      <id>109252</id>
      <intensity>330.0</intensity>
      <mass-charge>85.0</mass-charge>
    </ei-ms-peak>
    <ei-ms-peak>
      <ei-ms-id>1005</ei-ms-id>
      <id>109253</id>
      <intensity>200.0</intensity>
      <mass-charge>86.0</mass-charge>
    </ei-ms-peak>
    <ei-ms-peak>
      <ei-ms-id>1005</ei-ms-id>
      <id>109254</id>
      <intensity>250.0</intensity>
      <mass-charge>87.0</mass-charge>
    </ei-ms-peak>
    <ei-ms-peak>
      <ei-ms-id>1005</ei-ms-id>
      <id>109255</id>
      <intensity>250.0</intensity>
      <mass-charge>88.0</mass-charge>
    </ei-ms-peak>
    <ei-ms-peak>
      <ei-ms-id>1005</ei-ms-id>
      <id>109256</id>
      <intensity>861.0</intensity>
      <mass-charge>89.0</mass-charge>
    </ei-ms-peak>
    <ei-ms-peak>
      <ei-ms-id>1005</ei-ms-id>
      <id>109257</id>
      <intensity>380.0</intensity>
      <mass-charge>90.0</mass-charge>
    </ei-ms-peak>
    <ei-ms-peak>
      <ei-ms-id>1005</ei-ms-id>
      <id>109258</id>
      <intensity>440.0</intensity>
      <mass-charge>91.0</mass-charge>
    </ei-ms-peak>
    <ei-ms-peak>
      <ei-ms-id>1005</ei-ms-id>
      <id>109259</id>
      <intensity>140.0</intensity>
      <mass-charge>92.0</mass-charge>
    </ei-ms-peak>
    <ei-ms-peak>
      <ei-ms-id>1005</ei-ms-id>
      <id>109260</id>
      <intensity>320.0</intensity>
      <mass-charge>94.0</mass-charge>
    </ei-ms-peak>
    <ei-ms-peak>
      <ei-ms-id>1005</ei-ms-id>
      <id>109261</id>
      <intensity>721.0</intensity>
      <mass-charge>95.0</mass-charge>
    </ei-ms-peak>
    <ei-ms-peak>
      <ei-ms-id>1005</ei-ms-id>
      <id>109262</id>
      <intensity>170.0</intensity>
      <mass-charge>97.0</mass-charge>
    </ei-ms-peak>
    <ei-ms-peak>
      <ei-ms-id>1005</ei-ms-id>
      <id>109263</id>
      <intensity>430.0</intensity>
      <mass-charge>98.0</mass-charge>
    </ei-ms-peak>
    <ei-ms-peak>
      <ei-ms-id>1005</ei-ms-id>
      <id>109264</id>
      <intensity>460.0</intensity>
      <mass-charge>99.0</mass-charge>
    </ei-ms-peak>
    <ei-ms-peak>
      <ei-ms-id>1005</ei-ms-id>
      <id>109265</id>
      <intensity>290.0</intensity>
      <mass-charge>100.0</mass-charge>
    </ei-ms-peak>
    <ei-ms-peak>
      <ei-ms-id>1005</ei-ms-id>
      <id>109266</id>
      <intensity>220.0</intensity>
      <mass-charge>101.0</mass-charge>
    </ei-ms-peak>
    <ei-ms-peak>
      <ei-ms-id>1005</ei-ms-id>
      <id>109267</id>
      <intensity>721.0</intensity>
      <mass-charge>102.0</mass-charge>
    </ei-ms-peak>
    <ei-ms-peak>
      <ei-ms-id>1005</ei-ms-id>
      <id>109268</id>
      <intensity>190.0</intensity>
      <mass-charge>103.0</mass-charge>
    </ei-ms-peak>
    <ei-ms-peak>
      <ei-ms-id>1005</ei-ms-id>
      <id>109269</id>
      <intensity>841.0</intensity>
      <mass-charge>105.0</mass-charge>
    </ei-ms-peak>
    <ei-ms-peak>
      <ei-ms-id>1005</ei-ms-id>
      <id>109270</id>
      <intensity>641.0</intensity>
      <mass-charge>107.0</mass-charge>
    </ei-ms-peak>
    <ei-ms-peak>
      <ei-ms-id>1005</ei-ms-id>
      <id>109271</id>
      <intensity>280.0</intensity>
      <mass-charge>108.0</mass-charge>
    </ei-ms-peak>
    <ei-ms-peak>
      <ei-ms-id>1005</ei-ms-id>
      <id>109272</id>
      <intensity>1952.0</intensity>
      <mass-charge>109.0</mass-charge>
    </ei-ms-peak>
    <ei-ms-peak>
      <ei-ms-id>1005</ei-ms-id>
      <id>109273</id>
      <intensity>941.0</intensity>
      <mass-charge>111.0</mass-charge>
    </ei-ms-peak>
    <ei-ms-peak>
      <ei-ms-id>1005</ei-ms-id>
      <id>109274</id>
      <intensity>470.0</intensity>
      <mass-charge>112.0</mass-charge>
    </ei-ms-peak>
    <ei-ms-peak>
      <ei-ms-id>1005</ei-ms-id>
      <id>109275</id>
      <intensity>350.0</intensity>
      <mass-charge>113.0</mass-charge>
    </ei-ms-peak>
    <ei-ms-peak>
      <ei-ms-id>1005</ei-ms-id>
      <id>109276</id>
      <intensity>220.0</intensity>
      <mass-charge>114.0</mass-charge>
    </ei-ms-peak>
    <ei-ms-peak>
      <ei-ms-id>1005</ei-ms-id>
      <id>109277</id>
      <intensity>150.0</intensity>
      <mass-charge>115.0</mass-charge>
    </ei-ms-peak>
    <ei-ms-peak>
      <ei-ms-id>1005</ei-ms-id>
      <id>109278</id>
      <intensity>290.0</intensity>
      <mass-charge>116.0</mass-charge>
    </ei-ms-peak>
    <ei-ms-peak>
      <ei-ms-id>1005</ei-ms-id>
      <id>109279</id>
      <intensity>991.0</intensity>
      <mass-charge>117.0</mass-charge>
    </ei-ms-peak>
    <ei-ms-peak>
      <ei-ms-id>1005</ei-ms-id>
      <id>109280</id>
      <intensity>420.0</intensity>
      <mass-charge>118.0</mass-charge>
    </ei-ms-peak>
    <ei-ms-peak>
      <ei-ms-id>1005</ei-ms-id>
      <id>109281</id>
      <intensity>1041.0</intensity>
      <mass-charge>119.0</mass-charge>
    </ei-ms-peak>
    <ei-ms-peak>
      <ei-ms-id>1005</ei-ms-id>
      <id>109282</id>
      <intensity>310.0</intensity>
      <mass-charge>121.0</mass-charge>
    </ei-ms-peak>
    <ei-ms-peak>
      <ei-ms-id>1005</ei-ms-id>
      <id>109283</id>
      <intensity>320.0</intensity>
      <mass-charge>122.0</mass-charge>
    </ei-ms-peak>
    <ei-ms-peak>
      <ei-ms-id>1005</ei-ms-id>
      <id>109284</id>
      <intensity>651.0</intensity>
      <mass-charge>123.0</mass-charge>
    </ei-ms-peak>
    <ei-ms-peak>
      <ei-ms-id>1005</ei-ms-id>
      <id>109285</id>
      <intensity>450.0</intensity>
      <mass-charge>124.0</mass-charge>
    </ei-ms-peak>
    <ei-ms-peak>
      <ei-ms-id>1005</ei-ms-id>
      <id>109286</id>
      <intensity>1451.0</intensity>
      <mass-charge>125.0</mass-charge>
    </ei-ms-peak>
    <ei-ms-peak>
      <ei-ms-id>1005</ei-ms-id>
      <id>109287</id>
      <intensity>581.0</intensity>
      <mass-charge>126.0</mass-charge>
    </ei-ms-peak>
    <ei-ms-peak>
      <ei-ms-id>1005</ei-ms-id>
      <id>109288</id>
      <intensity>841.0</intensity>
      <mass-charge>127.0</mass-charge>
    </ei-ms-peak>
    <ei-ms-peak>
      <ei-ms-id>1005</ei-ms-id>
      <id>109289</id>
      <intensity>210.0</intensity>
      <mass-charge>128.0</mass-charge>
    </ei-ms-peak>
    <ei-ms-peak>
      <ei-ms-id>1005</ei-ms-id>
      <id>109290</id>
      <intensity>190.0</intensity>
      <mass-charge>129.0</mass-charge>
    </ei-ms-peak>
    <ei-ms-peak>
      <ei-ms-id>1005</ei-ms-id>
      <id>109291</id>
      <intensity>90.0</intensity>
      <mass-charge>130.0</mass-charge>
    </ei-ms-peak>
    <ei-ms-peak>
      <ei-ms-id>1005</ei-ms-id>
      <id>109292</id>
      <intensity>230.0</intensity>
      <mass-charge>131.0</mass-charge>
    </ei-ms-peak>
    <ei-ms-peak>
      <ei-ms-id>1005</ei-ms-id>
      <id>109293</id>
      <intensity>170.0</intensity>
      <mass-charge>132.0</mass-charge>
    </ei-ms-peak>
    <ei-ms-peak>
      <ei-ms-id>1005</ei-ms-id>
      <id>109294</id>
      <intensity>460.0</intensity>
      <mass-charge>133.0</mass-charge>
    </ei-ms-peak>
    <ei-ms-peak>
      <ei-ms-id>1005</ei-ms-id>
      <id>109295</id>
      <intensity>561.0</intensity>
      <mass-charge>134.0</mass-charge>
    </ei-ms-peak>
    <ei-ms-peak>
      <ei-ms-id>1005</ei-ms-id>
      <id>109296</id>
      <intensity>250.0</intensity>
      <mass-charge>135.0</mass-charge>
    </ei-ms-peak>
    <ei-ms-peak>
      <ei-ms-id>1005</ei-ms-id>
      <id>109297</id>
      <intensity>530.0</intensity>
      <mass-charge>136.0</mass-charge>
    </ei-ms-peak>
    <ei-ms-peak>
      <ei-ms-id>1005</ei-ms-id>
      <id>109298</id>
      <intensity>641.0</intensity>
      <mass-charge>137.0</mass-charge>
    </ei-ms-peak>
    <ei-ms-peak>
      <ei-ms-id>1005</ei-ms-id>
      <id>109299</id>
      <intensity>561.0</intensity>
      <mass-charge>138.0</mass-charge>
    </ei-ms-peak>
    <ei-ms-peak>
      <ei-ms-id>1005</ei-ms-id>
      <id>109300</id>
      <intensity>230.0</intensity>
      <mass-charge>139.0</mass-charge>
    </ei-ms-peak>
    <ei-ms-peak>
      <ei-ms-id>1005</ei-ms-id>
      <id>109301</id>
      <intensity>170.0</intensity>
      <mass-charge>140.0</mass-charge>
    </ei-ms-peak>
    <ei-ms-peak>
      <ei-ms-id>1005</ei-ms-id>
      <id>109302</id>
      <intensity>80.0</intensity>
      <mass-charge>141.0</mass-charge>
    </ei-ms-peak>
    <ei-ms-peak>
      <ei-ms-id>1005</ei-ms-id>
      <id>109303</id>
      <intensity>120.0</intensity>
      <mass-charge>142.0</mass-charge>
    </ei-ms-peak>
    <ei-ms-peak>
      <ei-ms-id>1005</ei-ms-id>
      <id>109304</id>
      <intensity>220.0</intensity>
      <mass-charge>143.0</mass-charge>
    </ei-ms-peak>
    <ei-ms-peak>
      <ei-ms-id>1005</ei-ms-id>
      <id>109305</id>
      <intensity>601.0</intensity>
      <mass-charge>144.0</mass-charge>
    </ei-ms-peak>
    <ei-ms-peak>
      <ei-ms-id>1005</ei-ms-id>
      <id>109306</id>
      <intensity>250.0</intensity>
      <mass-charge>145.0</mass-charge>
    </ei-ms-peak>
    <ei-ms-peak>
      <ei-ms-id>1005</ei-ms-id>
      <id>109307</id>
      <intensity>160.0</intensity>
      <mass-charge>146.0</mass-charge>
    </ei-ms-peak>
    <ei-ms-peak>
      <ei-ms-id>1005</ei-ms-id>
      <id>109308</id>
      <intensity>70.0</intensity>
      <mass-charge>147.0</mass-charge>
    </ei-ms-peak>
    <ei-ms-peak>
      <ei-ms-id>1005</ei-ms-id>
      <id>109309</id>
      <intensity>50.0</intensity>
      <mass-charge>148.0</mass-charge>
    </ei-ms-peak>
    <ei-ms-peak>
      <ei-ms-id>1005</ei-ms-id>
      <id>109310</id>
      <intensity>310.0</intensity>
      <mass-charge>149.0</mass-charge>
    </ei-ms-peak>
    <ei-ms-peak>
      <ei-ms-id>1005</ei-ms-id>
      <id>109311</id>
      <intensity>691.0</intensity>
      <mass-charge>150.0</mass-charge>
    </ei-ms-peak>
    <ei-ms-peak>
      <ei-ms-id>1005</ei-ms-id>
      <id>109312</id>
      <intensity>490.0</intensity>
      <mass-charge>151.0</mass-charge>
    </ei-ms-peak>
    <ei-ms-peak>
      <ei-ms-id>1005</ei-ms-id>
      <id>109313</id>
      <intensity>550.0</intensity>
      <mass-charge>152.0</mass-charge>
    </ei-ms-peak>
    <ei-ms-peak>
      <ei-ms-id>1005</ei-ms-id>
      <id>109314</id>
      <intensity>140.0</intensity>
      <mass-charge>153.0</mass-charge>
    </ei-ms-peak>
    <ei-ms-peak>
      <ei-ms-id>1005</ei-ms-id>
      <id>109315</id>
      <intensity>160.0</intensity>
      <mass-charge>154.0</mass-charge>
    </ei-ms-peak>
    <ei-ms-peak>
      <ei-ms-id>1005</ei-ms-id>
      <id>109316</id>
      <intensity>180.0</intensity>
      <mass-charge>155.0</mass-charge>
    </ei-ms-peak>
    <ei-ms-peak>
      <ei-ms-id>1005</ei-ms-id>
      <id>109317</id>
      <intensity>180.0</intensity>
      <mass-charge>156.0</mass-charge>
    </ei-ms-peak>
    <ei-ms-peak>
      <ei-ms-id>1005</ei-ms-id>
      <id>109318</id>
      <intensity>360.0</intensity>
      <mass-charge>157.0</mass-charge>
    </ei-ms-peak>
    <ei-ms-peak>
      <ei-ms-id>1005</ei-ms-id>
      <id>109319</id>
      <intensity>160.0</intensity>
      <mass-charge>158.0</mass-charge>
    </ei-ms-peak>
    <ei-ms-peak>
      <ei-ms-id>1005</ei-ms-id>
      <id>109320</id>
      <intensity>80.0</intensity>
      <mass-charge>161.0</mass-charge>
    </ei-ms-peak>
    <ei-ms-peak>
      <ei-ms-id>1005</ei-ms-id>
      <id>109321</id>
      <intensity>160.0</intensity>
      <mass-charge>162.0</mass-charge>
    </ei-ms-peak>
    <ei-ms-peak>
      <ei-ms-id>1005</ei-ms-id>
      <id>109322</id>
      <intensity>971.0</intensity>
      <mass-charge>163.0</mass-charge>
    </ei-ms-peak>
    <ei-ms-peak>
      <ei-ms-id>1005</ei-ms-id>
      <id>109323</id>
      <intensity>370.0</intensity>
      <mass-charge>164.0</mass-charge>
    </ei-ms-peak>
    <ei-ms-peak>
      <ei-ms-id>1005</ei-ms-id>
      <id>109324</id>
      <intensity>480.0</intensity>
      <mass-charge>165.0</mass-charge>
    </ei-ms-peak>
    <ei-ms-peak>
      <ei-ms-id>1005</ei-ms-id>
      <id>109325</id>
      <intensity>280.0</intensity>
      <mass-charge>166.0</mass-charge>
    </ei-ms-peak>
    <ei-ms-peak>
      <ei-ms-id>1005</ei-ms-id>
      <id>109326</id>
      <intensity>180.0</intensity>
      <mass-charge>167.0</mass-charge>
    </ei-ms-peak>
    <ei-ms-peak>
      <ei-ms-id>1005</ei-ms-id>
      <id>109327</id>
      <intensity>611.0</intensity>
      <mass-charge>168.0</mass-charge>
    </ei-ms-peak>
    <ei-ms-peak>
      <ei-ms-id>1005</ei-ms-id>
      <id>109328</id>
      <intensity>851.0</intensity>
      <mass-charge>169.0</mass-charge>
    </ei-ms-peak>
    <ei-ms-peak>
      <ei-ms-id>1005</ei-ms-id>
      <id>109329</id>
      <intensity>971.0</intensity>
      <mass-charge>170.0</mass-charge>
    </ei-ms-peak>
    <ei-ms-peak>
      <ei-ms-id>1005</ei-ms-id>
      <id>109330</id>
      <intensity>220.0</intensity>
      <mass-charge>171.0</mass-charge>
    </ei-ms-peak>
    <ei-ms-peak>
      <ei-ms-id>1005</ei-ms-id>
      <id>109331</id>
      <intensity>70.0</intensity>
      <mass-charge>174.0</mass-charge>
    </ei-ms-peak>
    <ei-ms-peak>
      <ei-ms-id>1005</ei-ms-id>
      <id>109332</id>
      <intensity>180.0</intensity>
      <mass-charge>175.0</mass-charge>
    </ei-ms-peak>
    <ei-ms-peak>
      <ei-ms-id>1005</ei-ms-id>
      <id>109333</id>
      <intensity>460.0</intensity>
      <mass-charge>176.0</mass-charge>
    </ei-ms-peak>
    <ei-ms-peak>
      <ei-ms-id>1005</ei-ms-id>
      <id>109334</id>
      <intensity>1031.0</intensity>
      <mass-charge>177.0</mass-charge>
    </ei-ms-peak>
    <ei-ms-peak>
      <ei-ms-id>1005</ei-ms-id>
      <id>109335</id>
      <intensity>300.0</intensity>
      <mass-charge>178.0</mass-charge>
    </ei-ms-peak>
    <ei-ms-peak>
      <ei-ms-id>1005</ei-ms-id>
      <id>109336</id>
      <intensity>400.0</intensity>
      <mass-charge>179.0</mass-charge>
    </ei-ms-peak>
    <ei-ms-peak>
      <ei-ms-id>1005</ei-ms-id>
      <id>109337</id>
      <intensity>240.0</intensity>
      <mass-charge>180.0</mass-charge>
    </ei-ms-peak>
    <ei-ms-peak>
      <ei-ms-id>1005</ei-ms-id>
      <id>109338</id>
      <intensity>1001.0</intensity>
      <mass-charge>181.0</mass-charge>
    </ei-ms-peak>
    <ei-ms-peak>
      <ei-ms-id>1005</ei-ms-id>
      <id>109339</id>
      <intensity>741.0</intensity>
      <mass-charge>182.0</mass-charge>
    </ei-ms-peak>
    <ei-ms-peak>
      <ei-ms-id>1005</ei-ms-id>
      <id>109340</id>
      <intensity>2542.0</intensity>
      <mass-charge>183.0</mass-charge>
    </ei-ms-peak>
    <ei-ms-peak>
      <ei-ms-id>1005</ei-ms-id>
      <id>109341</id>
      <intensity>601.0</intensity>
      <mass-charge>184.0</mass-charge>
    </ei-ms-peak>
    <ei-ms-peak>
      <ei-ms-id>1005</ei-ms-id>
      <id>109342</id>
      <intensity>130.0</intensity>
      <mass-charge>185.0</mass-charge>
    </ei-ms-peak>
    <ei-ms-peak>
      <ei-ms-id>1005</ei-ms-id>
      <id>109343</id>
      <intensity>50.0</intensity>
      <mass-charge>186.0</mass-charge>
    </ei-ms-peak>
    <ei-ms-peak>
      <ei-ms-id>1005</ei-ms-id>
      <id>109344</id>
      <intensity>80.0</intensity>
      <mass-charge>188.0</mass-charge>
    </ei-ms-peak>
    <ei-ms-peak>
      <ei-ms-id>1005</ei-ms-id>
      <id>109345</id>
      <intensity>70.0</intensity>
      <mass-charge>189.0</mass-charge>
    </ei-ms-peak>
    <ei-ms-peak>
      <ei-ms-id>1005</ei-ms-id>
      <id>109346</id>
      <intensity>350.0</intensity>
      <mass-charge>190.0</mass-charge>
    </ei-ms-peak>
    <ei-ms-peak>
      <ei-ms-id>1005</ei-ms-id>
      <id>109347</id>
      <intensity>220.0</intensity>
      <mass-charge>191.0</mass-charge>
    </ei-ms-peak>
    <ei-ms-peak>
      <ei-ms-id>1005</ei-ms-id>
      <id>109348</id>
      <intensity>130.0</intensity>
      <mass-charge>192.0</mass-charge>
    </ei-ms-peak>
    <ei-ms-peak>
      <ei-ms-id>1005</ei-ms-id>
      <id>109349</id>
      <intensity>140.0</intensity>
      <mass-charge>193.0</mass-charge>
    </ei-ms-peak>
    <ei-ms-peak>
      <ei-ms-id>1005</ei-ms-id>
      <id>109350</id>
      <intensity>150.0</intensity>
      <mass-charge>194.0</mass-charge>
    </ei-ms-peak>
    <ei-ms-peak>
      <ei-ms-id>1005</ei-ms-id>
      <id>109351</id>
      <intensity>821.0</intensity>
      <mass-charge>195.0</mass-charge>
    </ei-ms-peak>
    <ei-ms-peak>
      <ei-ms-id>1005</ei-ms-id>
      <id>109352</id>
      <intensity>550.0</intensity>
      <mass-charge>196.0</mass-charge>
    </ei-ms-peak>
    <ei-ms-peak>
      <ei-ms-id>1005</ei-ms-id>
      <id>109353</id>
      <intensity>250.0</intensity>
      <mass-charge>197.0</mass-charge>
    </ei-ms-peak>
    <ei-ms-peak>
      <ei-ms-id>1005</ei-ms-id>
      <id>109354</id>
      <intensity>110.0</intensity>
      <mass-charge>198.0</mass-charge>
    </ei-ms-peak>
    <ei-ms-peak>
      <ei-ms-id>1005</ei-ms-id>
      <id>109355</id>
      <intensity>120.0</intensity>
      <mass-charge>199.0</mass-charge>
    </ei-ms-peak>
    <ei-ms-peak>
      <ei-ms-id>1005</ei-ms-id>
      <id>109356</id>
      <intensity>60.0</intensity>
      <mass-charge>201.0</mass-charge>
    </ei-ms-peak>
    <ei-ms-peak>
      <ei-ms-id>1005</ei-ms-id>
      <id>109357</id>
      <intensity>100.0</intensity>
      <mass-charge>202.0</mass-charge>
    </ei-ms-peak>
    <ei-ms-peak>
      <ei-ms-id>1005</ei-ms-id>
      <id>109358</id>
      <intensity>160.0</intensity>
      <mass-charge>203.0</mass-charge>
    </ei-ms-peak>
    <ei-ms-peak>
      <ei-ms-id>1005</ei-ms-id>
      <id>109359</id>
      <intensity>190.0</intensity>
      <mass-charge>204.0</mass-charge>
    </ei-ms-peak>
    <ei-ms-peak>
      <ei-ms-id>1005</ei-ms-id>
      <id>109360</id>
      <intensity>160.0</intensity>
      <mass-charge>205.0</mass-charge>
    </ei-ms-peak>
    <ei-ms-peak>
      <ei-ms-id>1005</ei-ms-id>
      <id>109361</id>
      <intensity>100.0</intensity>
      <mass-charge>206.0</mass-charge>
    </ei-ms-peak>
    <ei-ms-peak>
      <ei-ms-id>1005</ei-ms-id>
      <id>109362</id>
      <intensity>60.0</intensity>
      <mass-charge>207.0</mass-charge>
    </ei-ms-peak>
    <ei-ms-peak>
      <ei-ms-id>1005</ei-ms-id>
      <id>109363</id>
      <intensity>290.0</intensity>
      <mass-charge>208.0</mass-charge>
    </ei-ms-peak>
    <ei-ms-peak>
      <ei-ms-id>1005</ei-ms-id>
      <id>109364</id>
      <intensity>270.0</intensity>
      <mass-charge>209.0</mass-charge>
    </ei-ms-peak>
    <ei-ms-peak>
      <ei-ms-id>1005</ei-ms-id>
      <id>109365</id>
      <intensity>400.0</intensity>
      <mass-charge>210.0</mass-charge>
    </ei-ms-peak>
    <ei-ms-peak>
      <ei-ms-id>1005</ei-ms-id>
      <id>109366</id>
      <intensity>1181.0</intensity>
      <mass-charge>211.0</mass-charge>
    </ei-ms-peak>
    <ei-ms-peak>
      <ei-ms-id>1005</ei-ms-id>
      <id>109367</id>
      <intensity>260.0</intensity>
      <mass-charge>212.0</mass-charge>
    </ei-ms-peak>
    <ei-ms-peak>
      <ei-ms-id>1005</ei-ms-id>
      <id>109368</id>
      <intensity>120.0</intensity>
      <mass-charge>213.0</mass-charge>
    </ei-ms-peak>
    <ei-ms-peak>
      <ei-ms-id>1005</ei-ms-id>
      <id>109369</id>
      <intensity>50.0</intensity>
      <mass-charge>216.0</mass-charge>
    </ei-ms-peak>
    <ei-ms-peak>
      <ei-ms-id>1005</ei-ms-id>
      <id>109370</id>
      <intensity>300.0</intensity>
      <mass-charge>217.0</mass-charge>
    </ei-ms-peak>
    <ei-ms-peak>
      <ei-ms-id>1005</ei-ms-id>
      <id>109371</id>
      <intensity>150.0</intensity>
      <mass-charge>218.0</mass-charge>
    </ei-ms-peak>
    <ei-ms-peak>
      <ei-ms-id>1005</ei-ms-id>
      <id>109372</id>
      <intensity>250.0</intensity>
      <mass-charge>219.0</mass-charge>
    </ei-ms-peak>
    <ei-ms-peak>
      <ei-ms-id>1005</ei-ms-id>
      <id>109373</id>
      <intensity>100.0</intensity>
      <mass-charge>220.0</mass-charge>
    </ei-ms-peak>
    <ei-ms-peak>
      <ei-ms-id>1005</ei-ms-id>
      <id>109374</id>
      <intensity>100.0</intensity>
      <mass-charge>221.0</mass-charge>
    </ei-ms-peak>
    <ei-ms-peak>
      <ei-ms-id>1005</ei-ms-id>
      <id>109375</id>
      <intensity>150.0</intensity>
      <mass-charge>222.0</mass-charge>
    </ei-ms-peak>
    <ei-ms-peak>
      <ei-ms-id>1005</ei-ms-id>
      <id>109376</id>
      <intensity>691.0</intensity>
      <mass-charge>223.0</mass-charge>
    </ei-ms-peak>
    <ei-ms-peak>
      <ei-ms-id>1005</ei-ms-id>
      <id>109377</id>
      <intensity>270.0</intensity>
      <mass-charge>224.0</mass-charge>
    </ei-ms-peak>
    <ei-ms-peak>
      <ei-ms-id>1005</ei-ms-id>
      <id>109378</id>
      <intensity>80.0</intensity>
      <mass-charge>225.0</mass-charge>
    </ei-ms-peak>
    <ei-ms-peak>
      <ei-ms-id>1005</ei-ms-id>
      <id>109379</id>
      <intensity>60.0</intensity>
      <mass-charge>226.0</mass-charge>
    </ei-ms-peak>
    <ei-ms-peak>
      <ei-ms-id>1005</ei-ms-id>
      <id>109380</id>
      <intensity>50.0</intensity>
      <mass-charge>227.0</mass-charge>
    </ei-ms-peak>
    <ei-ms-peak>
      <ei-ms-id>1005</ei-ms-id>
      <id>109381</id>
      <intensity>50.0</intensity>
      <mass-charge>228.0</mass-charge>
    </ei-ms-peak>
    <ei-ms-peak>
      <ei-ms-id>1005</ei-ms-id>
      <id>109382</id>
      <intensity>50.0</intensity>
      <mass-charge>230.0</mass-charge>
    </ei-ms-peak>
    <ei-ms-peak>
      <ei-ms-id>1005</ei-ms-id>
      <id>109383</id>
      <intensity>450.0</intensity>
      <mass-charge>231.0</mass-charge>
    </ei-ms-peak>
    <ei-ms-peak>
      <ei-ms-id>1005</ei-ms-id>
      <id>109384</id>
      <intensity>170.0</intensity>
      <mass-charge>232.0</mass-charge>
    </ei-ms-peak>
    <ei-ms-peak>
      <ei-ms-id>1005</ei-ms-id>
      <id>109385</id>
      <intensity>220.0</intensity>
      <mass-charge>233.0</mass-charge>
    </ei-ms-peak>
    <ei-ms-peak>
      <ei-ms-id>1005</ei-ms-id>
      <id>109386</id>
      <intensity>60.0</intensity>
      <mass-charge>234.0</mass-charge>
    </ei-ms-peak>
    <ei-ms-peak>
      <ei-ms-id>1005</ei-ms-id>
      <id>109387</id>
      <intensity>60.0</intensity>
      <mass-charge>236.0</mass-charge>
    </ei-ms-peak>
    <ei-ms-peak>
      <ei-ms-id>1005</ei-ms-id>
      <id>109388</id>
      <intensity>370.0</intensity>
      <mass-charge>237.0</mass-charge>
    </ei-ms-peak>
    <ei-ms-peak>
      <ei-ms-id>1005</ei-ms-id>
      <id>109389</id>
      <intensity>330.0</intensity>
      <mass-charge>238.0</mass-charge>
    </ei-ms-peak>
    <ei-ms-peak>
      <ei-ms-id>1005</ei-ms-id>
      <id>109390</id>
      <intensity>1932.0</intensity>
      <mass-charge>239.0</mass-charge>
    </ei-ms-peak>
    <ei-ms-peak>
      <ei-ms-id>1005</ei-ms-id>
      <id>109391</id>
      <intensity>480.0</intensity>
      <mass-charge>240.0</mass-charge>
    </ei-ms-peak>
    <ei-ms-peak>
      <ei-ms-id>1005</ei-ms-id>
      <id>109392</id>
      <intensity>160.0</intensity>
      <mass-charge>241.0</mass-charge>
    </ei-ms-peak>
    <ei-ms-peak>
      <ei-ms-id>1005</ei-ms-id>
      <id>109393</id>
      <intensity>50.0</intensity>
      <mass-charge>242.0</mass-charge>
    </ei-ms-peak>
    <ei-ms-peak>
      <ei-ms-id>1005</ei-ms-id>
      <id>109394</id>
      <intensity>90.0</intensity>
      <mass-charge>244.0</mass-charge>
    </ei-ms-peak>
    <ei-ms-peak>
      <ei-ms-id>1005</ei-ms-id>
      <id>109395</id>
      <intensity>200.0</intensity>
      <mass-charge>245.0</mass-charge>
    </ei-ms-peak>
    <ei-ms-peak>
      <ei-ms-id>1005</ei-ms-id>
      <id>109396</id>
      <intensity>510.0</intensity>
      <mass-charge>246.0</mass-charge>
    </ei-ms-peak>
    <ei-ms-peak>
      <ei-ms-id>1005</ei-ms-id>
      <id>109397</id>
      <intensity>190.0</intensity>
      <mass-charge>247.0</mass-charge>
    </ei-ms-peak>
    <ei-ms-peak>
      <ei-ms-id>1005</ei-ms-id>
      <id>109398</id>
      <intensity>300.0</intensity>
      <mass-charge>248.0</mass-charge>
    </ei-ms-peak>
    <ei-ms-peak>
      <ei-ms-id>1005</ei-ms-id>
      <id>109399</id>
      <intensity>60.0</intensity>
      <mass-charge>249.0</mass-charge>
    </ei-ms-peak>
    <ei-ms-peak>
      <ei-ms-id>1005</ei-ms-id>
      <id>109400</id>
      <intensity>70.0</intensity>
      <mass-charge>251.0</mass-charge>
    </ei-ms-peak>
    <ei-ms-peak>
      <ei-ms-id>1005</ei-ms-id>
      <id>109401</id>
      <intensity>50.0</intensity>
      <mass-charge>252.0</mass-charge>
    </ei-ms-peak>
    <ei-ms-peak>
      <ei-ms-id>1005</ei-ms-id>
      <id>109402</id>
      <intensity>130.0</intensity>
      <mass-charge>253.0</mass-charge>
    </ei-ms-peak>
    <ei-ms-peak>
      <ei-ms-id>1005</ei-ms-id>
      <id>109403</id>
      <intensity>60.0</intensity>
      <mass-charge>254.0</mass-charge>
    </ei-ms-peak>
    <ei-ms-peak>
      <ei-ms-id>1005</ei-ms-id>
      <id>109404</id>
      <intensity>80.0</intensity>
      <mass-charge>255.0</mass-charge>
    </ei-ms-peak>
    <ei-ms-peak>
      <ei-ms-id>1005</ei-ms-id>
      <id>109405</id>
      <intensity>330.0</intensity>
      <mass-charge>256.0</mass-charge>
    </ei-ms-peak>
    <ei-ms-peak>
      <ei-ms-id>1005</ei-ms-id>
      <id>109406</id>
      <intensity>661.0</intensity>
      <mass-charge>257.0</mass-charge>
    </ei-ms-peak>
    <ei-ms-peak>
      <ei-ms-id>1005</ei-ms-id>
      <id>109407</id>
      <intensity>270.0</intensity>
      <mass-charge>258.0</mass-charge>
    </ei-ms-peak>
    <ei-ms-peak>
      <ei-ms-id>1005</ei-ms-id>
      <id>109408</id>
      <intensity>1321.0</intensity>
      <mass-charge>259.0</mass-charge>
    </ei-ms-peak>
    <ei-ms-peak>
      <ei-ms-id>1005</ei-ms-id>
      <id>109409</id>
      <intensity>290.0</intensity>
      <mass-charge>260.0</mass-charge>
    </ei-ms-peak>
    <ei-ms-peak>
      <ei-ms-id>1005</ei-ms-id>
      <id>109410</id>
      <intensity>380.0</intensity>
      <mass-charge>261.0</mass-charge>
    </ei-ms-peak>
    <ei-ms-peak>
      <ei-ms-id>1005</ei-ms-id>
      <id>109411</id>
      <intensity>70.0</intensity>
      <mass-charge>262.0</mass-charge>
    </ei-ms-peak>
    <ei-ms-peak>
      <ei-ms-id>1005</ei-ms-id>
      <id>109412</id>
      <intensity>410.0</intensity>
      <mass-charge>266.0</mass-charge>
    </ei-ms-peak>
    <ei-ms-peak>
      <ei-ms-id>1005</ei-ms-id>
      <id>109413</id>
      <intensity>370.0</intensity>
      <mass-charge>267.0</mass-charge>
    </ei-ms-peak>
    <ei-ms-peak>
      <ei-ms-id>1005</ei-ms-id>
      <id>109414</id>
      <intensity>160.0</intensity>
      <mass-charge>268.0</mass-charge>
    </ei-ms-peak>
    <ei-ms-peak>
      <ei-ms-id>1005</ei-ms-id>
      <id>109415</id>
      <intensity>90.0</intensity>
      <mass-charge>271.0</mass-charge>
    </ei-ms-peak>
    <ei-ms-peak>
      <ei-ms-id>1005</ei-ms-id>
      <id>109416</id>
      <intensity>4764.0</intensity>
      <mass-charge>273.0</mass-charge>
    </ei-ms-peak>
    <ei-ms-peak>
      <ei-ms-id>1005</ei-ms-id>
      <id>109417</id>
      <intensity>9999.0</intensity>
      <mass-charge>274.0</mass-charge>
    </ei-ms-peak>
    <ei-ms-peak>
      <ei-ms-id>1005</ei-ms-id>
      <id>109418</id>
      <intensity>4774.0</intensity>
      <mass-charge>275.0</mass-charge>
    </ei-ms-peak>
    <ei-ms-peak>
      <ei-ms-id>1005</ei-ms-id>
      <id>109419</id>
      <intensity>3703.0</intensity>
      <mass-charge>276.0</mass-charge>
    </ei-ms-peak>
    <ei-ms-peak>
      <ei-ms-id>1005</ei-ms-id>
      <id>109420</id>
      <intensity>1081.0</intensity>
      <mass-charge>277.0</mass-charge>
    </ei-ms-peak>
    <ei-ms-peak>
      <ei-ms-id>1005</ei-ms-id>
      <id>109421</id>
      <intensity>130.0</intensity>
      <mass-charge>278.0</mass-charge>
    </ei-ms-peak>
    <ei-ms-peak>
      <ei-ms-id>1005</ei-ms-id>
      <id>109422</id>
      <intensity>260.0</intensity>
      <mass-charge>282.0</mass-charge>
    </ei-ms-peak>
    <ei-ms-peak>
      <ei-ms-id>1005</ei-ms-id>
      <id>109423</id>
      <intensity>3343.0</intensity>
      <mass-charge>283.0</mass-charge>
    </ei-ms-peak>
    <ei-ms-peak>
      <ei-ms-id>1005</ei-ms-id>
      <id>109424</id>
      <intensity>721.0</intensity>
      <mass-charge>284.0</mass-charge>
    </ei-ms-peak>
    <ei-ms-peak>
      <ei-ms-id>1005</ei-ms-id>
      <id>109425</id>
      <intensity>1141.0</intensity>
      <mass-charge>285.0</mass-charge>
    </ei-ms-peak>
    <ei-ms-peak>
      <ei-ms-id>1005</ei-ms-id>
      <id>109426</id>
      <intensity>410.0</intensity>
      <mass-charge>286.0</mass-charge>
    </ei-ms-peak>
    <ei-ms-peak>
      <ei-ms-id>1005</ei-ms-id>
      <id>109427</id>
      <intensity>80.0</intensity>
      <mass-charge>287.0</mass-charge>
    </ei-ms-peak>
    <ei-ms-peak>
      <ei-ms-id>1005</ei-ms-id>
      <id>109428</id>
      <intensity>70.0</intensity>
      <mass-charge>288.0</mass-charge>
    </ei-ms-peak>
    <ei-ms-peak>
      <ei-ms-id>1005</ei-ms-id>
      <id>109429</id>
      <intensity>8388.0</intensity>
      <mass-charge>301.0</mass-charge>
    </ei-ms-peak>
    <ei-ms-peak>
      <ei-ms-id>1005</ei-ms-id>
      <id>109430</id>
      <intensity>7287.0</intensity>
      <mass-charge>302.0</mass-charge>
    </ei-ms-peak>
    <ei-ms-peak>
      <ei-ms-id>1005</ei-ms-id>
      <id>109431</id>
      <intensity>3934.0</intensity>
      <mass-charge>303.0</mass-charge>
    </ei-ms-peak>
    <ei-ms-peak>
      <ei-ms-id>1005</ei-ms-id>
      <id>109432</id>
      <intensity>2462.0</intensity>
      <mass-charge>304.0</mass-charge>
    </ei-ms-peak>
    <ei-ms-peak>
      <ei-ms-id>1005</ei-ms-id>
      <id>109433</id>
      <intensity>400.0</intensity>
      <mass-charge>305.0</mass-charge>
    </ei-ms-peak>
  </ei-ms-peaks>
</ei-ms>
