<?xml version="1.0" encoding="UTF-8"?>
<ei-ms>
  <collection-date nil="true"/>
  <created-at>2014-09-20T16:43:53Z</created-at>
  <database-id>HMDB32573</database-id>
  <id>1095</id>
  <inchi-key>NUVBSKCKDOMJSU-UHFFFAOYSA-N</inchi-key>
  <instrument-type nil="true"/>
  <molecule-id nil="true"/>
  <notes nil="true"/>
  <peak-counter>50</peak-counter>
  <sample-assessment nil="true"/>
  <sample-concentration nil="true"/>
  <sample-concentration-units nil="true"/>
  <sample-mass nil="true"/>
  <sample-mass-units nil="true"/>
  <sample-source nil="true"/>
  <solvent nil="true"/>
  <spectra-assessment nil="true"/>
  <updated-at>2014-09-20T16:43:53Z</updated-at>
  <references>
    <reference>
      <database>NIST</database>
      <database-id>120-47-8</database-id>
      <id>15967</id>
      <pubmed-id nil="true"/>
      <ref-text>NIST Mass Spec Data Center, S.E. Stein, director, "Mass Spectra" in NIST Chemistry WebBook, NIST Standard Reference Database Number 69, Eds. P.J. Linstrom and W.G. Mallard, National Institute of Standards and Technology, Gaithersburg MD, 20899, http://webbook.nist.gov, (retrieved September 6, 2014).</ref-text>
      <spectra-id>1095</spectra-id>
      <spectra-type>EiMs</spectra-type>
    </reference>
  </references>
  <ei-ms-peaks>
    <ei-ms-peak>
      <ei-ms-id>1095</ei-ms-id>
      <id>118334</id>
      <intensity>78.0</intensity>
      <mass-charge>26.0</mass-charge>
    </ei-ms-peak>
    <ei-ms-peak>
      <ei-ms-id>1095</ei-ms-id>
      <id>118335</id>
      <intensity>332.0</intensity>
      <mass-charge>27.0</mass-charge>
    </ei-ms-peak>
    <ei-ms-peak>
      <ei-ms-id>1095</ei-ms-id>
      <id>118336</id>
      <intensity>89.0</intensity>
      <mass-charge>28.0</mass-charge>
    </ei-ms-peak>
    <ei-ms-peak>
      <ei-ms-id>1095</ei-ms-id>
      <id>118337</id>
      <intensity>320.0</intensity>
      <mass-charge>29.0</mass-charge>
    </ei-ms-peak>
    <ei-ms-peak>
      <ei-ms-id>1095</ei-ms-id>
      <id>118338</id>
      <intensity>18.0</intensity>
      <mass-charge>30.0</mass-charge>
    </ei-ms-peak>
    <ei-ms-peak>
      <ei-ms-id>1095</ei-ms-id>
      <id>118339</id>
      <intensity>32.0</intensity>
      <mass-charge>31.0</mass-charge>
    </ei-ms-peak>
    <ei-ms-peak>
      <ei-ms-id>1095</ei-ms-id>
      <id>118340</id>
      <intensity>67.0</intensity>
      <mass-charge>37.0</mass-charge>
    </ei-ms-peak>
    <ei-ms-peak>
      <ei-ms-id>1095</ei-ms-id>
      <id>118341</id>
      <intensity>206.0</intensity>
      <mass-charge>38.0</mass-charge>
    </ei-ms-peak>
    <ei-ms-peak>
      <ei-ms-id>1095</ei-ms-id>
      <id>118342</id>
      <intensity>972.0</intensity>
      <mass-charge>39.0</mass-charge>
    </ei-ms-peak>
    <ei-ms-peak>
      <ei-ms-id>1095</ei-ms-id>
      <id>118343</id>
      <intensity>51.0</intensity>
      <mass-charge>40.0</mass-charge>
    </ei-ms-peak>
    <ei-ms-peak>
      <ei-ms-id>1095</ei-ms-id>
      <id>118344</id>
      <intensity>28.0</intensity>
      <mass-charge>41.0</mass-charge>
    </ei-ms-peak>
    <ei-ms-peak>
      <ei-ms-id>1095</ei-ms-id>
      <id>118345</id>
      <intensity>28.0</intensity>
      <mass-charge>42.0</mass-charge>
    </ei-ms-peak>
    <ei-ms-peak>
      <ei-ms-id>1095</ei-ms-id>
      <id>118346</id>
      <intensity>63.0</intensity>
      <mass-charge>43.0</mass-charge>
    </ei-ms-peak>
    <ei-ms-peak>
      <ei-ms-id>1095</ei-ms-id>
      <id>118347</id>
      <intensity>26.0</intensity>
      <mass-charge>44.0</mass-charge>
    </ei-ms-peak>
    <ei-ms-peak>
      <ei-ms-id>1095</ei-ms-id>
      <id>118348</id>
      <intensity>78.0</intensity>
      <mass-charge>45.0</mass-charge>
    </ei-ms-peak>
    <ei-ms-peak>
      <ei-ms-id>1095</ei-ms-id>
      <id>118349</id>
      <intensity>115.0</intensity>
      <mass-charge>50.0</mass-charge>
    </ei-ms-peak>
    <ei-ms-peak>
      <ei-ms-id>1095</ei-ms-id>
      <id>118350</id>
      <intensity>96.0</intensity>
      <mass-charge>51.0</mass-charge>
    </ei-ms-peak>
    <ei-ms-peak>
      <ei-ms-id>1095</ei-ms-id>
      <id>118351</id>
      <intensity>223.0</intensity>
      <mass-charge>53.0</mass-charge>
    </ei-ms-peak>
    <ei-ms-peak>
      <ei-ms-id>1095</ei-ms-id>
      <id>118352</id>
      <intensity>20.0</intensity>
      <mass-charge>54.0</mass-charge>
    </ei-ms-peak>
    <ei-ms-peak>
      <ei-ms-id>1095</ei-ms-id>
      <id>118353</id>
      <intensity>62.0</intensity>
      <mass-charge>55.0</mass-charge>
    </ei-ms-peak>
    <ei-ms-peak>
      <ei-ms-id>1095</ei-ms-id>
      <id>118354</id>
      <intensity>58.0</intensity>
      <mass-charge>61.0</mass-charge>
    </ei-ms-peak>
    <ei-ms-peak>
      <ei-ms-id>1095</ei-ms-id>
      <id>118355</id>
      <intensity>155.0</intensity>
      <mass-charge>62.0</mass-charge>
    </ei-ms-peak>
    <ei-ms-peak>
      <ei-ms-id>1095</ei-ms-id>
      <id>118356</id>
      <intensity>423.0</intensity>
      <mass-charge>63.0</mass-charge>
    </ei-ms-peak>
    <ei-ms-peak>
      <ei-ms-id>1095</ei-ms-id>
      <id>118357</id>
      <intensity>302.0</intensity>
      <mass-charge>64.0</mass-charge>
    </ei-ms-peak>
    <ei-ms-peak>
      <ei-ms-id>1095</ei-ms-id>
      <id>118358</id>
      <intensity>1459.0</intensity>
      <mass-charge>65.0</mass-charge>
    </ei-ms-peak>
    <ei-ms-peak>
      <ei-ms-id>1095</ei-ms-id>
      <id>118359</id>
      <intensity>165.0</intensity>
      <mass-charge>66.0</mass-charge>
    </ei-ms-peak>
    <ei-ms-peak>
      <ei-ms-id>1095</ei-ms-id>
      <id>118360</id>
      <intensity>27.0</intensity>
      <mass-charge>67.0</mass-charge>
    </ei-ms-peak>
    <ei-ms-peak>
      <ei-ms-id>1095</ei-ms-id>
      <id>118361</id>
      <intensity>64.0</intensity>
      <mass-charge>74.0</mass-charge>
    </ei-ms-peak>
    <ei-ms-peak>
      <ei-ms-id>1095</ei-ms-id>
      <id>118362</id>
      <intensity>61.0</intensity>
      <mass-charge>75.0</mass-charge>
    </ei-ms-peak>
    <ei-ms-peak>
      <ei-ms-id>1095</ei-ms-id>
      <id>118363</id>
      <intensity>44.0</intensity>
      <mass-charge>76.0</mass-charge>
    </ei-ms-peak>
    <ei-ms-peak>
      <ei-ms-id>1095</ei-ms-id>
      <id>118364</id>
      <intensity>46.0</intensity>
      <mass-charge>77.0</mass-charge>
    </ei-ms-peak>
    <ei-ms-peak>
      <ei-ms-id>1095</ei-ms-id>
      <id>118365</id>
      <intensity>108.0</intensity>
      <mass-charge>81.0</mass-charge>
    </ei-ms-peak>
    <ei-ms-peak>
      <ei-ms-id>1095</ei-ms-id>
      <id>118366</id>
      <intensity>49.0</intensity>
      <mass-charge>91.0</mass-charge>
    </ei-ms-peak>
    <ei-ms-peak>
      <ei-ms-id>1095</ei-ms-id>
      <id>118367</id>
      <intensity>233.0</intensity>
      <mass-charge>92.0</mass-charge>
    </ei-ms-peak>
    <ei-ms-peak>
      <ei-ms-id>1095</ei-ms-id>
      <id>118368</id>
      <intensity>1424.0</intensity>
      <mass-charge>93.0</mass-charge>
    </ei-ms-peak>
    <ei-ms-peak>
      <ei-ms-id>1095</ei-ms-id>
      <id>118369</id>
      <intensity>192.0</intensity>
      <mass-charge>94.0</mass-charge>
    </ei-ms-peak>
    <ei-ms-peak>
      <ei-ms-id>1095</ei-ms-id>
      <id>118370</id>
      <intensity>32.0</intensity>
      <mass-charge>95.0</mass-charge>
    </ei-ms-peak>
    <ei-ms-peak>
      <ei-ms-id>1095</ei-ms-id>
      <id>118371</id>
      <intensity>35.0</intensity>
      <mass-charge>107.0</mass-charge>
    </ei-ms-peak>
    <ei-ms-peak>
      <ei-ms-id>1095</ei-ms-id>
      <id>118372</id>
      <intensity>109.0</intensity>
      <mass-charge>109.0</mass-charge>
    </ei-ms-peak>
    <ei-ms-peak>
      <ei-ms-id>1095</ei-ms-id>
      <id>118373</id>
      <intensity>133.0</intensity>
      <mass-charge>120.0</mass-charge>
    </ei-ms-peak>
    <ei-ms-peak>
      <ei-ms-id>1095</ei-ms-id>
      <id>118374</id>
      <intensity>9999.0</intensity>
      <mass-charge>121.0</mass-charge>
    </ei-ms-peak>
    <ei-ms-peak>
      <ei-ms-id>1095</ei-ms-id>
      <id>118375</id>
      <intensity>1118.0</intensity>
      <mass-charge>122.0</mass-charge>
    </ei-ms-peak>
    <ei-ms-peak>
      <ei-ms-id>1095</ei-ms-id>
      <id>118376</id>
      <intensity>115.0</intensity>
      <mass-charge>123.0</mass-charge>
    </ei-ms-peak>
    <ei-ms-peak>
      <ei-ms-id>1095</ei-ms-id>
      <id>118377</id>
      <intensity>29.0</intensity>
      <mass-charge>137.0</mass-charge>
    </ei-ms-peak>
    <ei-ms-peak>
      <ei-ms-id>1095</ei-ms-id>
      <id>118378</id>
      <intensity>1683.0</intensity>
      <mass-charge>138.0</mass-charge>
    </ei-ms-peak>
    <ei-ms-peak>
      <ei-ms-id>1095</ei-ms-id>
      <id>118379</id>
      <intensity>165.0</intensity>
      <mass-charge>139.0</mass-charge>
    </ei-ms-peak>
    <ei-ms-peak>
      <ei-ms-id>1095</ei-ms-id>
      <id>118380</id>
      <intensity>165.0</intensity>
      <mass-charge>151.0</mass-charge>
    </ei-ms-peak>
    <ei-ms-peak>
      <ei-ms-id>1095</ei-ms-id>
      <id>118381</id>
      <intensity>84.0</intensity>
      <mass-charge>165.0</mass-charge>
    </ei-ms-peak>
    <ei-ms-peak>
      <ei-ms-id>1095</ei-ms-id>
      <id>118382</id>
      <intensity>2130.0</intensity>
      <mass-charge>166.0</mass-charge>
    </ei-ms-peak>
    <ei-ms-peak>
      <ei-ms-id>1095</ei-ms-id>
      <id>118383</id>
      <intensity>260.0</intensity>
      <mass-charge>167.0</mass-charge>
    </ei-ms-peak>
  </ei-ms-peaks>
</ei-ms>
