<?xml version="1.0" encoding="UTF-8"?>
<ei-ms>
  <collection-date nil="true"/>
  <created-at>2014-09-20T16:37:59Z</created-at>
  <database-id>HMDB31496</database-id>
  <id>844</id>
  <inchi-key>MBDOYVRWFFCFHM-SNAWJCMRSA-N</inchi-key>
  <instrument-type nil="true"/>
  <molecule-id nil="true"/>
  <notes nil="true"/>
  <peak-counter>54</peak-counter>
  <sample-assessment nil="true"/>
  <sample-concentration nil="true"/>
  <sample-concentration-units nil="true"/>
  <sample-mass nil="true"/>
  <sample-mass-units nil="true"/>
  <sample-source nil="true"/>
  <solvent nil="true"/>
  <spectra-assessment nil="true"/>
  <updated-at>2014-09-20T16:37:59Z</updated-at>
  <references>
    <reference>
      <database>NIST</database>
      <database-id>505-57-7</database-id>
      <id>15716</id>
      <pubmed-id nil="true"/>
      <ref-text>NIST Mass Spec Data Center, S.E. Stein, director, "Mass Spectra" in NIST Chemistry WebBook, NIST Standard Reference Database Number 69, Eds. P.J. Linstrom and W.G. Mallard, National Institute of Standards and Technology, Gaithersburg MD, 20899, http://webbook.nist.gov, (retrieved September 6, 2014).</ref-text>
      <spectra-id>844</spectra-id>
      <spectra-type>EiMs</spectra-type>
    </reference>
  </references>
  <ei-ms-peaks>
    <ei-ms-peak>
      <ei-ms-id>844</ei-ms-id>
      <id>93172</id>
      <intensity>6044.0</intensity>
      <mass-charge>27.0</mass-charge>
    </ei-ms-peak>
    <ei-ms-peak>
      <ei-ms-id>844</ei-ms-id>
      <id>93173</id>
      <intensity>145.0</intensity>
      <mass-charge>28.0</mass-charge>
    </ei-ms-peak>
    <ei-ms-peak>
      <ei-ms-id>844</ei-ms-id>
      <id>93174</id>
      <intensity>4460.0</intensity>
      <mass-charge>29.0</mass-charge>
    </ei-ms-peak>
    <ei-ms-peak>
      <ei-ms-id>844</ei-ms-id>
      <id>93175</id>
      <intensity>89.0</intensity>
      <mass-charge>30.0</mass-charge>
    </ei-ms-peak>
    <ei-ms-peak>
      <ei-ms-id>844</ei-ms-id>
      <id>93176</id>
      <intensity>193.0</intensity>
      <mass-charge>31.0</mass-charge>
    </ei-ms-peak>
    <ei-ms-peak>
      <ei-ms-id>844</ei-ms-id>
      <id>93177</id>
      <intensity>8.0</intensity>
      <mass-charge>33.0</mass-charge>
    </ei-ms-peak>
    <ei-ms-peak>
      <ei-ms-id>844</ei-ms-id>
      <id>93178</id>
      <intensity>28.0</intensity>
      <mass-charge>36.0</mass-charge>
    </ei-ms-peak>
    <ei-ms-peak>
      <ei-ms-id>844</ei-ms-id>
      <id>93179</id>
      <intensity>388.0</intensity>
      <mass-charge>37.0</mass-charge>
    </ei-ms-peak>
    <ei-ms-peak>
      <ei-ms-id>844</ei-ms-id>
      <id>93180</id>
      <intensity>806.0</intensity>
      <mass-charge>38.0</mass-charge>
    </ei-ms-peak>
    <ei-ms-peak>
      <ei-ms-id>844</ei-ms-id>
      <id>93181</id>
      <intensity>6319.0</intensity>
      <mass-charge>39.0</mass-charge>
    </ei-ms-peak>
    <ei-ms-peak>
      <ei-ms-id>844</ei-ms-id>
      <id>93182</id>
      <intensity>1149.0</intensity>
      <mass-charge>40.0</mass-charge>
    </ei-ms-peak>
    <ei-ms-peak>
      <ei-ms-id>844</ei-ms-id>
      <id>93183</id>
      <intensity>9999.0</intensity>
      <mass-charge>41.0</mass-charge>
    </ei-ms-peak>
    <ei-ms-peak>
      <ei-ms-id>844</ei-ms-id>
      <id>93184</id>
      <intensity>5570.0</intensity>
      <mass-charge>42.0</mass-charge>
    </ei-ms-peak>
    <ei-ms-peak>
      <ei-ms-id>844</ei-ms-id>
      <id>93185</id>
      <intensity>1875.0</intensity>
      <mass-charge>43.0</mass-charge>
    </ei-ms-peak>
    <ei-ms-peak>
      <ei-ms-id>844</ei-ms-id>
      <id>93186</id>
      <intensity>175.0</intensity>
      <mass-charge>44.0</mass-charge>
    </ei-ms-peak>
    <ei-ms-peak>
      <ei-ms-id>844</ei-ms-id>
      <id>93187</id>
      <intensity>11.0</intensity>
      <mass-charge>45.0</mass-charge>
    </ei-ms-peak>
    <ei-ms-peak>
      <ei-ms-id>844</ei-ms-id>
      <id>93188</id>
      <intensity>12.0</intensity>
      <mass-charge>47.0</mass-charge>
    </ei-ms-peak>
    <ei-ms-peak>
      <ei-ms-id>844</ei-ms-id>
      <id>93189</id>
      <intensity>10.0</intensity>
      <mass-charge>48.0</mass-charge>
    </ei-ms-peak>
    <ei-ms-peak>
      <ei-ms-id>844</ei-ms-id>
      <id>93190</id>
      <intensity>89.0</intensity>
      <mass-charge>49.0</mass-charge>
    </ei-ms-peak>
    <ei-ms-peak>
      <ei-ms-id>844</ei-ms-id>
      <id>93191</id>
      <intensity>457.0</intensity>
      <mass-charge>50.0</mass-charge>
    </ei-ms-peak>
    <ei-ms-peak>
      <ei-ms-id>844</ei-ms-id>
      <id>93192</id>
      <intensity>541.0</intensity>
      <mass-charge>51.0</mass-charge>
    </ei-ms-peak>
    <ei-ms-peak>
      <ei-ms-id>844</ei-ms-id>
      <id>93193</id>
      <intensity>239.0</intensity>
      <mass-charge>52.0</mass-charge>
    </ei-ms-peak>
    <ei-ms-peak>
      <ei-ms-id>844</ei-ms-id>
      <id>93194</id>
      <intensity>1006.0</intensity>
      <mass-charge>53.0</mass-charge>
    </ei-ms-peak>
    <ei-ms-peak>
      <ei-ms-id>844</ei-ms-id>
      <id>93195</id>
      <intensity>868.0</intensity>
      <mass-charge>54.0</mass-charge>
    </ei-ms-peak>
    <ei-ms-peak>
      <ei-ms-id>844</ei-ms-id>
      <id>93196</id>
      <intensity>5865.0</intensity>
      <mass-charge>55.0</mass-charge>
    </ei-ms-peak>
    <ei-ms-peak>
      <ei-ms-id>844</ei-ms-id>
      <id>93197</id>
      <intensity>1281.0</intensity>
      <mass-charge>56.0</mass-charge>
    </ei-ms-peak>
    <ei-ms-peak>
      <ei-ms-id>844</ei-ms-id>
      <id>93198</id>
      <intensity>3604.0</intensity>
      <mass-charge>57.0</mass-charge>
    </ei-ms-peak>
    <ei-ms-peak>
      <ei-ms-id>844</ei-ms-id>
      <id>93199</id>
      <intensity>147.0</intensity>
      <mass-charge>58.0</mass-charge>
    </ei-ms-peak>
    <ei-ms-peak>
      <ei-ms-id>844</ei-ms-id>
      <id>93200</id>
      <intensity>14.0</intensity>
      <mass-charge>59.0</mass-charge>
    </ei-ms-peak>
    <ei-ms-peak>
      <ei-ms-id>844</ei-ms-id>
      <id>93201</id>
      <intensity>89.0</intensity>
      <mass-charge>61.0</mass-charge>
    </ei-ms-peak>
    <ei-ms-peak>
      <ei-ms-id>844</ei-ms-id>
      <id>93202</id>
      <intensity>124.0</intensity>
      <mass-charge>62.0</mass-charge>
    </ei-ms-peak>
    <ei-ms-peak>
      <ei-ms-id>844</ei-ms-id>
      <id>93203</id>
      <intensity>139.0</intensity>
      <mass-charge>63.0</mass-charge>
    </ei-ms-peak>
    <ei-ms-peak>
      <ei-ms-id>844</ei-ms-id>
      <id>93204</id>
      <intensity>20.0</intensity>
      <mass-charge>64.0</mass-charge>
    </ei-ms-peak>
    <ei-ms-peak>
      <ei-ms-id>844</ei-ms-id>
      <id>93205</id>
      <intensity>245.0</intensity>
      <mass-charge>65.0</mass-charge>
    </ei-ms-peak>
    <ei-ms-peak>
      <ei-ms-id>844</ei-ms-id>
      <id>93206</id>
      <intensity>91.0</intensity>
      <mass-charge>66.0</mass-charge>
    </ei-ms-peak>
    <ei-ms-peak>
      <ei-ms-id>844</ei-ms-id>
      <id>93207</id>
      <intensity>356.0</intensity>
      <mass-charge>67.0</mass-charge>
    </ei-ms-peak>
    <ei-ms-peak>
      <ei-ms-id>844</ei-ms-id>
      <id>93208</id>
      <intensity>500.0</intensity>
      <mass-charge>68.0</mass-charge>
    </ei-ms-peak>
    <ei-ms-peak>
      <ei-ms-id>844</ei-ms-id>
      <id>93209</id>
      <intensity>5001.0</intensity>
      <mass-charge>69.0</mass-charge>
    </ei-ms-peak>
    <ei-ms-peak>
      <ei-ms-id>844</ei-ms-id>
      <id>93210</id>
      <intensity>1485.0</intensity>
      <mass-charge>70.0</mass-charge>
    </ei-ms-peak>
    <ei-ms-peak>
      <ei-ms-id>844</ei-ms-id>
      <id>93211</id>
      <intensity>113.0</intensity>
      <mass-charge>71.0</mass-charge>
    </ei-ms-peak>
    <ei-ms-peak>
      <ei-ms-id>844</ei-ms-id>
      <id>93212</id>
      <intensity>4.0</intensity>
      <mass-charge>74.0</mass-charge>
    </ei-ms-peak>
    <ei-ms-peak>
      <ei-ms-id>844</ei-ms-id>
      <id>93213</id>
      <intensity>89.0</intensity>
      <mass-charge>77.0</mass-charge>
    </ei-ms-peak>
    <ei-ms-peak>
      <ei-ms-id>844</ei-ms-id>
      <id>93214</id>
      <intensity>27.0</intensity>
      <mass-charge>78.0</mass-charge>
    </ei-ms-peak>
    <ei-ms-peak>
      <ei-ms-id>844</ei-ms-id>
      <id>93215</id>
      <intensity>493.0</intensity>
      <mass-charge>79.0</mass-charge>
    </ei-ms-peak>
    <ei-ms-peak>
      <ei-ms-id>844</ei-ms-id>
      <id>93216</id>
      <intensity>730.0</intensity>
      <mass-charge>80.0</mass-charge>
    </ei-ms-peak>
    <ei-ms-peak>
      <ei-ms-id>844</ei-ms-id>
      <id>93217</id>
      <intensity>197.0</intensity>
      <mass-charge>81.0</mass-charge>
    </ei-ms-peak>
    <ei-ms-peak>
      <ei-ms-id>844</ei-ms-id>
      <id>93218</id>
      <intensity>24.0</intensity>
      <mass-charge>82.0</mass-charge>
    </ei-ms-peak>
    <ei-ms-peak>
      <ei-ms-id>844</ei-ms-id>
      <id>93219</id>
      <intensity>3890.0</intensity>
      <mass-charge>83.0</mass-charge>
    </ei-ms-peak>
    <ei-ms-peak>
      <ei-ms-id>844</ei-ms-id>
      <id>93220</id>
      <intensity>196.0</intensity>
      <mass-charge>84.0</mass-charge>
    </ei-ms-peak>
    <ei-ms-peak>
      <ei-ms-id>844</ei-ms-id>
      <id>93221</id>
      <intensity>20.0</intensity>
      <mass-charge>95.0</mass-charge>
    </ei-ms-peak>
    <ei-ms-peak>
      <ei-ms-id>844</ei-ms-id>
      <id>93222</id>
      <intensity>16.0</intensity>
      <mass-charge>96.0</mass-charge>
    </ei-ms-peak>
    <ei-ms-peak>
      <ei-ms-id>844</ei-ms-id>
      <id>93223</id>
      <intensity>709.0</intensity>
      <mass-charge>97.0</mass-charge>
    </ei-ms-peak>
    <ei-ms-peak>
      <ei-ms-id>844</ei-ms-id>
      <id>93224</id>
      <intensity>1488.0</intensity>
      <mass-charge>98.0</mass-charge>
    </ei-ms-peak>
    <ei-ms-peak>
      <ei-ms-id>844</ei-ms-id>
      <id>93225</id>
      <intensity>86.0</intensity>
      <mass-charge>99.0</mass-charge>
    </ei-ms-peak>
  </ei-ms-peaks>
</ei-ms>
