<?xml version="1.0" encoding="UTF-8"?>
<ei-ms>
  <collection-date nil="true"/>
  <created-at>2014-09-20T16:22:25Z</created-at>
  <database-id>HMDB14918</database-id>
  <id>202</id>
  <inchi-key>RMUCZJUITONUFY-UHFFFAOYSA-N</inchi-key>
  <instrument-type nil="true"/>
  <molecule-id nil="true"/>
  <notes nil="true"/>
  <peak-counter>43</peak-counter>
  <sample-assessment nil="true"/>
  <sample-concentration nil="true"/>
  <sample-concentration-units nil="true"/>
  <sample-mass nil="true"/>
  <sample-mass-units nil="true"/>
  <sample-source nil="true"/>
  <solvent nil="true"/>
  <spectra-assessment nil="true"/>
  <updated-at>2014-09-20T16:22:25Z</updated-at>
  <references>
    <reference>
      <database>NIST</database>
      <database-id>51-71-8</database-id>
      <id>15074</id>
      <pubmed-id nil="true"/>
      <ref-text>NIST Mass Spec Data Center, S.E. Stein, director, "Mass Spectra" in NIST Chemistry WebBook, NIST Standard Reference Database Number 69, Eds. P.J. Linstrom and W.G. Mallard, National Institute of Standards and Technology, Gaithersburg MD, 20899, http://webbook.nist.gov, (retrieved September 6, 2014).</ref-text>
      <spectra-id>202</spectra-id>
      <spectra-type>EiMs</spectra-type>
    </reference>
  </references>
  <ei-ms-peaks>
    <ei-ms-peak>
      <ei-ms-id>202</ei-ms-id>
      <id>23755</id>
      <intensity>30.0</intensity>
      <mass-charge>40.0</mass-charge>
    </ei-ms-peak>
    <ei-ms-peak>
      <ei-ms-id>202</ei-ms-id>
      <id>23756</id>
      <intensity>80.0</intensity>
      <mass-charge>41.0</mass-charge>
    </ei-ms-peak>
    <ei-ms-peak>
      <ei-ms-id>202</ei-ms-id>
      <id>23757</id>
      <intensity>20.0</intensity>
      <mass-charge>42.0</mass-charge>
    </ei-ms-peak>
    <ei-ms-peak>
      <ei-ms-id>202</ei-ms-id>
      <id>23758</id>
      <intensity>120.0</intensity>
      <mass-charge>43.0</mass-charge>
    </ei-ms-peak>
    <ei-ms-peak>
      <ei-ms-id>202</ei-ms-id>
      <id>23759</id>
      <intensity>230.0</intensity>
      <mass-charge>44.0</mass-charge>
    </ei-ms-peak>
    <ei-ms-peak>
      <ei-ms-id>202</ei-ms-id>
      <id>23760</id>
      <intensity>9999.0</intensity>
      <mass-charge>45.0</mass-charge>
    </ei-ms-peak>
    <ei-ms-peak>
      <ei-ms-id>202</ei-ms-id>
      <id>23761</id>
      <intensity>180.0</intensity>
      <mass-charge>46.0</mass-charge>
    </ei-ms-peak>
    <ei-ms-peak>
      <ei-ms-id>202</ei-ms-id>
      <id>23762</id>
      <intensity>200.0</intensity>
      <mass-charge>50.0</mass-charge>
    </ei-ms-peak>
    <ei-ms-peak>
      <ei-ms-id>202</ei-ms-id>
      <id>23763</id>
      <intensity>500.0</intensity>
      <mass-charge>51.0</mass-charge>
    </ei-ms-peak>
    <ei-ms-peak>
      <ei-ms-id>202</ei-ms-id>
      <id>23764</id>
      <intensity>130.0</intensity>
      <mass-charge>52.0</mass-charge>
    </ei-ms-peak>
    <ei-ms-peak>
      <ei-ms-id>202</ei-ms-id>
      <id>23765</id>
      <intensity>50.0</intensity>
      <mass-charge>53.0</mass-charge>
    </ei-ms-peak>
    <ei-ms-peak>
      <ei-ms-id>202</ei-ms-id>
      <id>23766</id>
      <intensity>40.0</intensity>
      <mass-charge>57.0</mass-charge>
    </ei-ms-peak>
    <ei-ms-peak>
      <ei-ms-id>202</ei-ms-id>
      <id>23767</id>
      <intensity>10.0</intensity>
      <mass-charge>58.0</mass-charge>
    </ei-ms-peak>
    <ei-ms-peak>
      <ei-ms-id>202</ei-ms-id>
      <id>23768</id>
      <intensity>20.0</intensity>
      <mass-charge>61.0</mass-charge>
    </ei-ms-peak>
    <ei-ms-peak>
      <ei-ms-id>202</ei-ms-id>
      <id>23769</id>
      <intensity>90.0</intensity>
      <mass-charge>62.0</mass-charge>
    </ei-ms-peak>
    <ei-ms-peak>
      <ei-ms-id>202</ei-ms-id>
      <id>23770</id>
      <intensity>280.0</intensity>
      <mass-charge>63.0</mass-charge>
    </ei-ms-peak>
    <ei-ms-peak>
      <ei-ms-id>202</ei-ms-id>
      <id>23771</id>
      <intensity>60.0</intensity>
      <mass-charge>64.0</mass-charge>
    </ei-ms-peak>
    <ei-ms-peak>
      <ei-ms-id>202</ei-ms-id>
      <id>23772</id>
      <intensity>701.0</intensity>
      <mass-charge>65.0</mass-charge>
    </ei-ms-peak>
    <ei-ms-peak>
      <ei-ms-id>202</ei-ms-id>
      <id>23773</id>
      <intensity>50.0</intensity>
      <mass-charge>66.0</mass-charge>
    </ei-ms-peak>
    <ei-ms-peak>
      <ei-ms-id>202</ei-ms-id>
      <id>23774</id>
      <intensity>60.0</intensity>
      <mass-charge>74.0</mass-charge>
    </ei-ms-peak>
    <ei-ms-peak>
      <ei-ms-id>202</ei-ms-id>
      <id>23775</id>
      <intensity>40.0</intensity>
      <mass-charge>75.0</mass-charge>
    </ei-ms-peak>
    <ei-ms-peak>
      <ei-ms-id>202</ei-ms-id>
      <id>23776</id>
      <intensity>50.0</intensity>
      <mass-charge>76.0</mass-charge>
    </ei-ms-peak>
    <ei-ms-peak>
      <ei-ms-id>202</ei-ms-id>
      <id>23777</id>
      <intensity>540.0</intensity>
      <mass-charge>77.0</mass-charge>
    </ei-ms-peak>
    <ei-ms-peak>
      <ei-ms-id>202</ei-ms-id>
      <id>23778</id>
      <intensity>240.0</intensity>
      <mass-charge>78.0</mass-charge>
    </ei-ms-peak>
    <ei-ms-peak>
      <ei-ms-id>202</ei-ms-id>
      <id>23779</id>
      <intensity>230.0</intensity>
      <mass-charge>79.0</mass-charge>
    </ei-ms-peak>
    <ei-ms-peak>
      <ei-ms-id>202</ei-ms-id>
      <id>23780</id>
      <intensity>20.0</intensity>
      <mass-charge>80.0</mass-charge>
    </ei-ms-peak>
    <ei-ms-peak>
      <ei-ms-id>202</ei-ms-id>
      <id>23781</id>
      <intensity>10.0</intensity>
      <mass-charge>86.0</mass-charge>
    </ei-ms-peak>
    <ei-ms-peak>
      <ei-ms-id>202</ei-ms-id>
      <id>23782</id>
      <intensity>190.0</intensity>
      <mass-charge>89.0</mass-charge>
    </ei-ms-peak>
    <ei-ms-peak>
      <ei-ms-id>202</ei-ms-id>
      <id>23783</id>
      <intensity>80.0</intensity>
      <mass-charge>90.0</mass-charge>
    </ei-ms-peak>
    <ei-ms-peak>
      <ei-ms-id>202</ei-ms-id>
      <id>23784</id>
      <intensity>1221.0</intensity>
      <mass-charge>91.0</mass-charge>
    </ei-ms-peak>
    <ei-ms-peak>
      <ei-ms-id>202</ei-ms-id>
      <id>23785</id>
      <intensity>300.0</intensity>
      <mass-charge>92.0</mass-charge>
    </ei-ms-peak>
    <ei-ms-peak>
      <ei-ms-id>202</ei-ms-id>
      <id>23786</id>
      <intensity>20.0</intensity>
      <mass-charge>93.0</mass-charge>
    </ei-ms-peak>
    <ei-ms-peak>
      <ei-ms-id>202</ei-ms-id>
      <id>23787</id>
      <intensity>40.0</intensity>
      <mass-charge>102.0</mass-charge>
    </ei-ms-peak>
    <ei-ms-peak>
      <ei-ms-id>202</ei-ms-id>
      <id>23788</id>
      <intensity>260.0</intensity>
      <mass-charge>103.0</mass-charge>
    </ei-ms-peak>
    <ei-ms-peak>
      <ei-ms-id>202</ei-ms-id>
      <id>23789</id>
      <intensity>150.0</intensity>
      <mass-charge>104.0</mass-charge>
    </ei-ms-peak>
    <ei-ms-peak>
      <ei-ms-id>202</ei-ms-id>
      <id>23790</id>
      <intensity>200.0</intensity>
      <mass-charge>105.0</mass-charge>
    </ei-ms-peak>
    <ei-ms-peak>
      <ei-ms-id>202</ei-ms-id>
      <id>23791</id>
      <intensity>30.0</intensity>
      <mass-charge>106.0</mass-charge>
    </ei-ms-peak>
    <ei-ms-peak>
      <ei-ms-id>202</ei-ms-id>
      <id>23792</id>
      <intensity>10.0</intensity>
      <mass-charge>116.0</mass-charge>
    </ei-ms-peak>
    <ei-ms-peak>
      <ei-ms-id>202</ei-ms-id>
      <id>23793</id>
      <intensity>50.0</intensity>
      <mass-charge>117.0</mass-charge>
    </ei-ms-peak>
    <ei-ms-peak>
      <ei-ms-id>202</ei-ms-id>
      <id>23794</id>
      <intensity>70.0</intensity>
      <mass-charge>118.0</mass-charge>
    </ei-ms-peak>
    <ei-ms-peak>
      <ei-ms-id>202</ei-ms-id>
      <id>23795</id>
      <intensity>20.0</intensity>
      <mass-charge>119.0</mass-charge>
    </ei-ms-peak>
    <ei-ms-peak>
      <ei-ms-id>202</ei-ms-id>
      <id>23796</id>
      <intensity>200.0</intensity>
      <mass-charge>136.0</mass-charge>
    </ei-ms-peak>
    <ei-ms-peak>
      <ei-ms-id>202</ei-ms-id>
      <id>23797</id>
      <intensity>10.0</intensity>
      <mass-charge>137.0</mass-charge>
    </ei-ms-peak>
  </ei-ms-peaks>
</ei-ms>
