<?xml version="1.0" encoding="UTF-8"?>
<ei-ms>
  <collection-date nil="true"/>
  <created-at>2014-09-20T16:39:54Z</created-at>
  <database-id>HMDB59903</database-id>
  <id>932</id>
  <inchi-key>GATVIKZLVQHOMN-UHFFFAOYSA-N</inchi-key>
  <instrument-type nil="true"/>
  <molecule-id nil="true"/>
  <notes nil="true"/>
  <peak-counter>55</peak-counter>
  <sample-assessment nil="true"/>
  <sample-concentration nil="true"/>
  <sample-concentration-units nil="true"/>
  <sample-mass nil="true"/>
  <sample-mass-units nil="true"/>
  <sample-source nil="true"/>
  <solvent nil="true"/>
  <spectra-assessment nil="true"/>
  <updated-at>2014-09-20T16:39:54Z</updated-at>
  <references>
    <reference>
      <database>NIST</database>
      <database-id>124-48-1</database-id>
      <id>15804</id>
      <pubmed-id nil="true"/>
      <ref-text>NIST Mass Spec Data Center, S.E. Stein, director, "Mass Spectra" in NIST Chemistry WebBook, NIST Standard Reference Database Number 69, Eds. P.J. Linstrom and W.G. Mallard, National Institute of Standards and Technology, Gaithersburg MD, 20899, http://webbook.nist.gov, (retrieved September 6, 2014).</ref-text>
      <spectra-id>932</spectra-id>
      <spectra-type>EiMs</spectra-type>
    </reference>
  </references>
  <ei-ms-peaks>
    <ei-ms-peak>
      <ei-ms-id>932</ei-ms-id>
      <id>100922</id>
      <intensity>90.0</intensity>
      <mass-charge>12.0</mass-charge>
    </ei-ms-peak>
    <ei-ms-peak>
      <ei-ms-id>932</ei-ms-id>
      <id>100923</id>
      <intensity>199.0</intensity>
      <mass-charge>13.0</mass-charge>
    </ei-ms-peak>
    <ei-ms-peak>
      <ei-ms-id>932</ei-ms-id>
      <id>100924</id>
      <intensity>10.0</intensity>
      <mass-charge>14.0</mass-charge>
    </ei-ms-peak>
    <ei-ms-peak>
      <ei-ms-id>932</ei-ms-id>
      <id>100925</id>
      <intensity>10.0</intensity>
      <mass-charge>26.0</mass-charge>
    </ei-ms-peak>
    <ei-ms-peak>
      <ei-ms-id>932</ei-ms-id>
      <id>100926</id>
      <intensity>30.0</intensity>
      <mass-charge>27.0</mass-charge>
    </ei-ms-peak>
    <ei-ms-peak>
      <ei-ms-id>932</ei-ms-id>
      <id>100927</id>
      <intensity>50.0</intensity>
      <mass-charge>28.0</mass-charge>
    </ei-ms-peak>
    <ei-ms-peak>
      <ei-ms-id>932</ei-ms-id>
      <id>100928</id>
      <intensity>40.0</intensity>
      <mass-charge>29.0</mass-charge>
    </ei-ms-peak>
    <ei-ms-peak>
      <ei-ms-id>932</ei-ms-id>
      <id>100929</id>
      <intensity>109.0</intensity>
      <mass-charge>31.0</mass-charge>
    </ei-ms-peak>
    <ei-ms-peak>
      <ei-ms-id>932</ei-ms-id>
      <id>100930</id>
      <intensity>129.0</intensity>
      <mass-charge>35.0</mass-charge>
    </ei-ms-peak>
    <ei-ms-peak>
      <ei-ms-id>932</ei-ms-id>
      <id>100931</id>
      <intensity>90.0</intensity>
      <mass-charge>36.0</mass-charge>
    </ei-ms-peak>
    <ei-ms-peak>
      <ei-ms-id>932</ei-ms-id>
      <id>100932</id>
      <intensity>40.0</intensity>
      <mass-charge>37.0</mass-charge>
    </ei-ms-peak>
    <ei-ms-peak>
      <ei-ms-id>932</ei-ms-id>
      <id>100933</id>
      <intensity>30.0</intensity>
      <mass-charge>38.0</mass-charge>
    </ei-ms-peak>
    <ei-ms-peak>
      <ei-ms-id>932</ei-ms-id>
      <id>100934</id>
      <intensity>10.0</intensity>
      <mass-charge>44.0</mass-charge>
    </ei-ms-peak>
    <ei-ms-peak>
      <ei-ms-id>932</ei-ms-id>
      <id>100935</id>
      <intensity>60.0</intensity>
      <mass-charge>45.0</mass-charge>
    </ei-ms-peak>
    <ei-ms-peak>
      <ei-ms-id>932</ei-ms-id>
      <id>100936</id>
      <intensity>20.0</intensity>
      <mass-charge>46.0</mass-charge>
    </ei-ms-peak>
    <ei-ms-peak>
      <ei-ms-id>932</ei-ms-id>
      <id>100937</id>
      <intensity>1409.0</intensity>
      <mass-charge>47.0</mass-charge>
    </ei-ms-peak>
    <ei-ms-peak>
      <ei-ms-id>932</ei-ms-id>
      <id>100938</id>
      <intensity>1629.0</intensity>
      <mass-charge>48.0</mass-charge>
    </ei-ms-peak>
    <ei-ms-peak>
      <ei-ms-id>932</ei-ms-id>
      <id>100939</id>
      <intensity>469.0</intensity>
      <mass-charge>49.0</mass-charge>
    </ei-ms-peak>
    <ei-ms-peak>
      <ei-ms-id>932</ei-ms-id>
      <id>100940</id>
      <intensity>549.0</intensity>
      <mass-charge>50.0</mass-charge>
    </ei-ms-peak>
    <ei-ms-peak>
      <ei-ms-id>932</ei-ms-id>
      <id>100941</id>
      <intensity>649.0</intensity>
      <mass-charge>79.0</mass-charge>
    </ei-ms-peak>
    <ei-ms-peak>
      <ei-ms-id>932</ei-ms-id>
      <id>100942</id>
      <intensity>70.0</intensity>
      <mass-charge>80.0</mass-charge>
    </ei-ms-peak>
    <ei-ms-peak>
      <ei-ms-id>932</ei-ms-id>
      <id>100943</id>
      <intensity>589.0</intensity>
      <mass-charge>81.0</mass-charge>
    </ei-ms-peak>
    <ei-ms-peak>
      <ei-ms-id>932</ei-ms-id>
      <id>100944</id>
      <intensity>70.0</intensity>
      <mass-charge>82.0</mass-charge>
    </ei-ms-peak>
    <ei-ms-peak>
      <ei-ms-id>932</ei-ms-id>
      <id>100945</id>
      <intensity>669.0</intensity>
      <mass-charge>91.0</mass-charge>
    </ei-ms-peak>
    <ei-ms-peak>
      <ei-ms-id>932</ei-ms-id>
      <id>100946</id>
      <intensity>359.0</intensity>
      <mass-charge>92.0</mass-charge>
    </ei-ms-peak>
    <ei-ms-peak>
      <ei-ms-id>932</ei-ms-id>
      <id>100947</id>
      <intensity>659.0</intensity>
      <mass-charge>93.0</mass-charge>
    </ei-ms-peak>
    <ei-ms-peak>
      <ei-ms-id>932</ei-ms-id>
      <id>100948</id>
      <intensity>349.0</intensity>
      <mass-charge>94.0</mass-charge>
    </ei-ms-peak>
    <ei-ms-peak>
      <ei-ms-id>932</ei-ms-id>
      <id>100949</id>
      <intensity>10.0</intensity>
      <mass-charge>108.0</mass-charge>
    </ei-ms-peak>
    <ei-ms-peak>
      <ei-ms-id>932</ei-ms-id>
      <id>100950</id>
      <intensity>10.0</intensity>
      <mass-charge>110.0</mass-charge>
    </ei-ms-peak>
    <ei-ms-peak>
      <ei-ms-id>932</ei-ms-id>
      <id>100951</id>
      <intensity>20.0</intensity>
      <mass-charge>114.0</mass-charge>
    </ei-ms-peak>
    <ei-ms-peak>
      <ei-ms-id>932</ei-ms-id>
      <id>100952</id>
      <intensity>20.0</intensity>
      <mass-charge>116.0</mass-charge>
    </ei-ms-peak>
    <ei-ms-peak>
      <ei-ms-id>932</ei-ms-id>
      <id>100953</id>
      <intensity>80.0</intensity>
      <mass-charge>126.0</mass-charge>
    </ei-ms-peak>
    <ei-ms-peak>
      <ei-ms-id>932</ei-ms-id>
      <id>100954</id>
      <intensity>7639.0</intensity>
      <mass-charge>127.0</mass-charge>
    </ei-ms-peak>
    <ei-ms-peak>
      <ei-ms-id>932</ei-ms-id>
      <id>100955</id>
      <intensity>199.0</intensity>
      <mass-charge>128.0</mass-charge>
    </ei-ms-peak>
    <ei-ms-peak>
      <ei-ms-id>932</ei-ms-id>
      <id>100956</id>
      <intensity>9999.0</intensity>
      <mass-charge>129.0</mass-charge>
    </ei-ms-peak>
    <ei-ms-peak>
      <ei-ms-id>932</ei-ms-id>
      <id>100957</id>
      <intensity>139.0</intensity>
      <mass-charge>130.0</mass-charge>
    </ei-ms-peak>
    <ei-ms-peak>
      <ei-ms-id>932</ei-ms-id>
      <id>100958</id>
      <intensity>2439.0</intensity>
      <mass-charge>131.0</mass-charge>
    </ei-ms-peak>
    <ei-ms-peak>
      <ei-ms-id>932</ei-ms-id>
      <id>100959</id>
      <intensity>20.0</intensity>
      <mass-charge>132.0</mass-charge>
    </ei-ms-peak>
    <ei-ms-peak>
      <ei-ms-id>932</ei-ms-id>
      <id>100960</id>
      <intensity>50.0</intensity>
      <mass-charge>158.0</mass-charge>
    </ei-ms-peak>
    <ei-ms-peak>
      <ei-ms-id>932</ei-ms-id>
      <id>100961</id>
      <intensity>109.0</intensity>
      <mass-charge>160.0</mass-charge>
    </ei-ms-peak>
    <ei-ms-peak>
      <ei-ms-id>932</ei-ms-id>
      <id>100962</id>
      <intensity>50.0</intensity>
      <mass-charge>162.0</mass-charge>
    </ei-ms-peak>
    <ei-ms-peak>
      <ei-ms-id>932</ei-ms-id>
      <id>100963</id>
      <intensity>10.0</intensity>
      <mass-charge>170.0</mass-charge>
    </ei-ms-peak>
    <ei-ms-peak>
      <ei-ms-id>932</ei-ms-id>
      <id>100964</id>
      <intensity>109.0</intensity>
      <mass-charge>171.0</mass-charge>
    </ei-ms-peak>
    <ei-ms-peak>
      <ei-ms-id>932</ei-ms-id>
      <id>100965</id>
      <intensity>20.0</intensity>
      <mass-charge>172.0</mass-charge>
    </ei-ms-peak>
    <ei-ms-peak>
      <ei-ms-id>932</ei-ms-id>
      <id>100966</id>
      <intensity>219.0</intensity>
      <mass-charge>173.0</mass-charge>
    </ei-ms-peak>
    <ei-ms-peak>
      <ei-ms-id>932</ei-ms-id>
      <id>100967</id>
      <intensity>10.0</intensity>
      <mass-charge>174.0</mass-charge>
    </ei-ms-peak>
    <ei-ms-peak>
      <ei-ms-id>932</ei-ms-id>
      <id>100968</id>
      <intensity>119.0</intensity>
      <mass-charge>175.0</mass-charge>
    </ei-ms-peak>
    <ei-ms-peak>
      <ei-ms-id>932</ei-ms-id>
      <id>100969</id>
      <intensity>20.0</intensity>
      <mass-charge>205.0</mass-charge>
    </ei-ms-peak>
    <ei-ms-peak>
      <ei-ms-id>932</ei-ms-id>
      <id>100970</id>
      <intensity>299.0</intensity>
      <mass-charge>206.0</mass-charge>
    </ei-ms-peak>
    <ei-ms-peak>
      <ei-ms-id>932</ei-ms-id>
      <id>100971</id>
      <intensity>50.0</intensity>
      <mass-charge>207.0</mass-charge>
    </ei-ms-peak>
    <ei-ms-peak>
      <ei-ms-id>932</ei-ms-id>
      <id>100972</id>
      <intensity>659.0</intensity>
      <mass-charge>208.0</mass-charge>
    </ei-ms-peak>
    <ei-ms-peak>
      <ei-ms-id>932</ei-ms-id>
      <id>100973</id>
      <intensity>40.0</intensity>
      <mass-charge>209.0</mass-charge>
    </ei-ms-peak>
    <ei-ms-peak>
      <ei-ms-id>932</ei-ms-id>
      <id>100974</id>
      <intensity>489.0</intensity>
      <mass-charge>210.0</mass-charge>
    </ei-ms-peak>
    <ei-ms-peak>
      <ei-ms-id>932</ei-ms-id>
      <id>100975</id>
      <intensity>10.0</intensity>
      <mass-charge>211.0</mass-charge>
    </ei-ms-peak>
    <ei-ms-peak>
      <ei-ms-id>932</ei-ms-id>
      <id>100976</id>
      <intensity>90.0</intensity>
      <mass-charge>212.0</mass-charge>
    </ei-ms-peak>
  </ei-ms-peaks>
</ei-ms>
