<?xml version="1.0" encoding="UTF-8"?>
<ei-ms>
  <collection-date nil="true"/>
  <created-at>2014-09-20T16:34:40Z</created-at>
  <database-id>HMDB00925</database-id>
  <id>705</id>
  <inchi-key>UYPYRKYUKCHHIB-UHFFFAOYSA-N</inchi-key>
  <instrument-type nil="true"/>
  <molecule-id nil="true"/>
  <notes nil="true"/>
  <peak-counter>42</peak-counter>
  <sample-assessment nil="true"/>
  <sample-concentration nil="true"/>
  <sample-concentration-units nil="true"/>
  <sample-mass nil="true"/>
  <sample-mass-units nil="true"/>
  <sample-source nil="true"/>
  <solvent nil="true"/>
  <spectra-assessment nil="true"/>
  <updated-at>2014-09-20T16:34:40Z</updated-at>
  <references>
    <reference>
      <database>NIST</database>
      <database-id>1184-78-7</database-id>
      <id>15577</id>
      <pubmed-id nil="true"/>
      <ref-text>NIST Mass Spec Data Center, S.E. Stein, director, "Mass Spectra" in NIST Chemistry WebBook, NIST Standard Reference Database Number 69, Eds. P.J. Linstrom and W.G. Mallard, National Institute of Standards and Technology, Gaithersburg MD, 20899, http://webbook.nist.gov, (retrieved September 6, 2014).</ref-text>
      <spectra-id>705</spectra-id>
      <spectra-type>EiMs</spectra-type>
    </reference>
  </references>
  <ei-ms-peaks>
    <ei-ms-peak>
      <ei-ms-id>705</ei-ms-id>
      <id>78085</id>
      <intensity>3.0</intensity>
      <mass-charge>25.0</mass-charge>
    </ei-ms-peak>
    <ei-ms-peak>
      <ei-ms-id>705</ei-ms-id>
      <id>78086</id>
      <intensity>101.0</intensity>
      <mass-charge>26.0</mass-charge>
    </ei-ms-peak>
    <ei-ms-peak>
      <ei-ms-id>705</ei-ms-id>
      <id>78087</id>
      <intensity>525.0</intensity>
      <mass-charge>27.0</mass-charge>
    </ei-ms-peak>
    <ei-ms-peak>
      <ei-ms-id>705</ei-ms-id>
      <id>78088</id>
      <intensity>1145.0</intensity>
      <mass-charge>28.0</mass-charge>
    </ei-ms-peak>
    <ei-ms-peak>
      <ei-ms-id>705</ei-ms-id>
      <id>78089</id>
      <intensity>705.0</intensity>
      <mass-charge>29.0</mass-charge>
    </ei-ms-peak>
    <ei-ms-peak>
      <ei-ms-id>705</ei-ms-id>
      <id>78090</id>
      <intensity>1966.0</intensity>
      <mass-charge>30.0</mass-charge>
    </ei-ms-peak>
    <ei-ms-peak>
      <ei-ms-id>705</ei-ms-id>
      <id>78091</id>
      <intensity>253.0</intensity>
      <mass-charge>31.0</mass-charge>
    </ei-ms-peak>
    <ei-ms-peak>
      <ei-ms-id>705</ei-ms-id>
      <id>78092</id>
      <intensity>132.0</intensity>
      <mass-charge>33.0</mass-charge>
    </ei-ms-peak>
    <ei-ms-peak>
      <ei-ms-id>705</ei-ms-id>
      <id>78093</id>
      <intensity>9.0</intensity>
      <mass-charge>36.0</mass-charge>
    </ei-ms-peak>
    <ei-ms-peak>
      <ei-ms-id>705</ei-ms-id>
      <id>78094</id>
      <intensity>37.0</intensity>
      <mass-charge>38.0</mass-charge>
    </ei-ms-peak>
    <ei-ms-peak>
      <ei-ms-id>705</ei-ms-id>
      <id>78095</id>
      <intensity>49.0</intensity>
      <mass-charge>39.0</mass-charge>
    </ei-ms-peak>
    <ei-ms-peak>
      <ei-ms-id>705</ei-ms-id>
      <id>78096</id>
      <intensity>273.0</intensity>
      <mass-charge>40.0</mass-charge>
    </ei-ms-peak>
    <ei-ms-peak>
      <ei-ms-id>705</ei-ms-id>
      <id>78097</id>
      <intensity>353.0</intensity>
      <mass-charge>41.0</mass-charge>
    </ei-ms-peak>
    <ei-ms-peak>
      <ei-ms-id>705</ei-ms-id>
      <id>78098</id>
      <intensity>2702.0</intensity>
      <mass-charge>42.0</mass-charge>
    </ei-ms-peak>
    <ei-ms-peak>
      <ei-ms-id>705</ei-ms-id>
      <id>78099</id>
      <intensity>1432.0</intensity>
      <mass-charge>43.0</mass-charge>
    </ei-ms-peak>
    <ei-ms-peak>
      <ei-ms-id>705</ei-ms-id>
      <id>78100</id>
      <intensity>417.0</intensity>
      <mass-charge>44.0</mass-charge>
    </ei-ms-peak>
    <ei-ms-peak>
      <ei-ms-id>705</ei-ms-id>
      <id>78101</id>
      <intensity>2145.0</intensity>
      <mass-charge>45.0</mass-charge>
    </ei-ms-peak>
    <ei-ms-peak>
      <ei-ms-id>705</ei-ms-id>
      <id>78102</id>
      <intensity>222.0</intensity>
      <mass-charge>46.0</mass-charge>
    </ei-ms-peak>
    <ei-ms-peak>
      <ei-ms-id>705</ei-ms-id>
      <id>78103</id>
      <intensity>9.0</intensity>
      <mass-charge>47.0</mass-charge>
    </ei-ms-peak>
    <ei-ms-peak>
      <ei-ms-id>705</ei-ms-id>
      <id>78104</id>
      <intensity>5.0</intensity>
      <mass-charge>50.0</mass-charge>
    </ei-ms-peak>
    <ei-ms-peak>
      <ei-ms-id>705</ei-ms-id>
      <id>78105</id>
      <intensity>22.0</intensity>
      <mass-charge>51.0</mass-charge>
    </ei-ms-peak>
    <ei-ms-peak>
      <ei-ms-id>705</ei-ms-id>
      <id>78106</id>
      <intensity>20.0</intensity>
      <mass-charge>52.0</mass-charge>
    </ei-ms-peak>
    <ei-ms-peak>
      <ei-ms-id>705</ei-ms-id>
      <id>78107</id>
      <intensity>7.0</intensity>
      <mass-charge>53.0</mass-charge>
    </ei-ms-peak>
    <ei-ms-peak>
      <ei-ms-id>705</ei-ms-id>
      <id>78108</id>
      <intensity>30.0</intensity>
      <mass-charge>54.0</mass-charge>
    </ei-ms-peak>
    <ei-ms-peak>
      <ei-ms-id>705</ei-ms-id>
      <id>78109</id>
      <intensity>25.0</intensity>
      <mass-charge>55.0</mass-charge>
    </ei-ms-peak>
    <ei-ms-peak>
      <ei-ms-id>705</ei-ms-id>
      <id>78110</id>
      <intensity>120.0</intensity>
      <mass-charge>56.0</mass-charge>
    </ei-ms-peak>
    <ei-ms-peak>
      <ei-ms-id>705</ei-ms-id>
      <id>78111</id>
      <intensity>164.0</intensity>
      <mass-charge>57.0</mass-charge>
    </ei-ms-peak>
    <ei-ms-peak>
      <ei-ms-id>705</ei-ms-id>
      <id>78112</id>
      <intensity>5501.0</intensity>
      <mass-charge>58.0</mass-charge>
    </ei-ms-peak>
    <ei-ms-peak>
      <ei-ms-id>705</ei-ms-id>
      <id>78113</id>
      <intensity>5322.0</intensity>
      <mass-charge>59.0</mass-charge>
    </ei-ms-peak>
    <ei-ms-peak>
      <ei-ms-id>705</ei-ms-id>
      <id>78114</id>
      <intensity>4248.0</intensity>
      <mass-charge>60.0</mass-charge>
    </ei-ms-peak>
    <ei-ms-peak>
      <ei-ms-id>705</ei-ms-id>
      <id>78115</id>
      <intensity>125.0</intensity>
      <mass-charge>61.0</mass-charge>
    </ei-ms-peak>
    <ei-ms-peak>
      <ei-ms-id>705</ei-ms-id>
      <id>78116</id>
      <intensity>7.0</intensity>
      <mass-charge>62.0</mass-charge>
    </ei-ms-peak>
    <ei-ms-peak>
      <ei-ms-id>705</ei-ms-id>
      <id>78117</id>
      <intensity>4.0</intensity>
      <mass-charge>63.0</mass-charge>
    </ei-ms-peak>
    <ei-ms-peak>
      <ei-ms-id>705</ei-ms-id>
      <id>78118</id>
      <intensity>4.0</intensity>
      <mass-charge>64.0</mass-charge>
    </ei-ms-peak>
    <ei-ms-peak>
      <ei-ms-id>705</ei-ms-id>
      <id>78119</id>
      <intensity>3.0</intensity>
      <mass-charge>66.0</mass-charge>
    </ei-ms-peak>
    <ei-ms-peak>
      <ei-ms-id>705</ei-ms-id>
      <id>78120</id>
      <intensity>3.0</intensity>
      <mass-charge>69.0</mass-charge>
    </ei-ms-peak>
    <ei-ms-peak>
      <ei-ms-id>705</ei-ms-id>
      <id>78121</id>
      <intensity>41.0</intensity>
      <mass-charge>72.0</mass-charge>
    </ei-ms-peak>
    <ei-ms-peak>
      <ei-ms-id>705</ei-ms-id>
      <id>78122</id>
      <intensity>16.0</intensity>
      <mass-charge>73.0</mass-charge>
    </ei-ms-peak>
    <ei-ms-peak>
      <ei-ms-id>705</ei-ms-id>
      <id>78123</id>
      <intensity>38.0</intensity>
      <mass-charge>74.0</mass-charge>
    </ei-ms-peak>
    <ei-ms-peak>
      <ei-ms-id>705</ei-ms-id>
      <id>78124</id>
      <intensity>9999.0</intensity>
      <mass-charge>75.0</mass-charge>
    </ei-ms-peak>
    <ei-ms-peak>
      <ei-ms-id>705</ei-ms-id>
      <id>78125</id>
      <intensity>407.0</intensity>
      <mass-charge>76.0</mass-charge>
    </ei-ms-peak>
    <ei-ms-peak>
      <ei-ms-id>705</ei-ms-id>
      <id>78126</id>
      <intensity>26.0</intensity>
      <mass-charge>77.0</mass-charge>
    </ei-ms-peak>
  </ei-ms-peaks>
</ei-ms>
