<?xml version="1.0" encoding="UTF-8"?>
<ei-ms>
  <collection-date nil="true"/>
  <created-at>2014-09-20T16:22:50Z</created-at>
  <database-id>HMDB34312</database-id>
  <id>220</id>
  <inchi-key>DFMAXQKDIGCMTL-UHFFFAOYSA-N</inchi-key>
  <instrument-type nil="true"/>
  <molecule-id nil="true"/>
  <notes nil="true"/>
  <peak-counter>208</peak-counter>
  <sample-assessment nil="true"/>
  <sample-concentration nil="true"/>
  <sample-concentration-units nil="true"/>
  <sample-mass nil="true"/>
  <sample-mass-units nil="true"/>
  <sample-source nil="true"/>
  <solvent nil="true"/>
  <spectra-assessment nil="true"/>
  <updated-at>2014-09-20T16:22:50Z</updated-at>
  <references>
    <reference>
      <database>NIST</database>
      <database-id>482-27-9</database-id>
      <id>15092</id>
      <pubmed-id nil="true"/>
      <ref-text>NIST Mass Spec Data Center, S.E. Stein, director, "Mass Spectra" in NIST Chemistry WebBook, NIST Standard Reference Database Number 69, Eds. P.J. Linstrom and W.G. Mallard, National Institute of Standards and Technology, Gaithersburg MD, 20899, http://webbook.nist.gov, (retrieved September 6, 2014).</ref-text>
      <spectra-id>220</spectra-id>
      <spectra-type>EiMs</spectra-type>
    </reference>
  </references>
  <ei-ms-peaks>
    <ei-ms-peak>
      <ei-ms-id>220</ei-ms-id>
      <id>25472</id>
      <intensity>9.0</intensity>
      <mass-charge>25.0</mass-charge>
    </ei-ms-peak>
    <ei-ms-peak>
      <ei-ms-id>220</ei-ms-id>
      <id>25473</id>
      <intensity>58.0</intensity>
      <mass-charge>26.0</mass-charge>
    </ei-ms-peak>
    <ei-ms-peak>
      <ei-ms-id>220</ei-ms-id>
      <id>25474</id>
      <intensity>170.0</intensity>
      <mass-charge>27.0</mass-charge>
    </ei-ms-peak>
    <ei-ms-peak>
      <ei-ms-id>220</ei-ms-id>
      <id>25475</id>
      <intensity>375.0</intensity>
      <mass-charge>28.0</mass-charge>
    </ei-ms-peak>
    <ei-ms-peak>
      <ei-ms-id>220</ei-ms-id>
      <id>25476</id>
      <intensity>269.0</intensity>
      <mass-charge>29.0</mass-charge>
    </ei-ms-peak>
    <ei-ms-peak>
      <ei-ms-id>220</ei-ms-id>
      <id>25477</id>
      <intensity>30.0</intensity>
      <mass-charge>30.0</mass-charge>
    </ei-ms-peak>
    <ei-ms-peak>
      <ei-ms-id>220</ei-ms-id>
      <id>25478</id>
      <intensity>33.0</intensity>
      <mass-charge>31.0</mass-charge>
    </ei-ms-peak>
    <ei-ms-peak>
      <ei-ms-id>220</ei-ms-id>
      <id>25479</id>
      <intensity>4.0</intensity>
      <mass-charge>33.0</mass-charge>
    </ei-ms-peak>
    <ei-ms-peak>
      <ei-ms-id>220</ei-ms-id>
      <id>25480</id>
      <intensity>6.0</intensity>
      <mass-charge>34.0</mass-charge>
    </ei-ms-peak>
    <ei-ms-peak>
      <ei-ms-id>220</ei-ms-id>
      <id>25481</id>
      <intensity>12.0</intensity>
      <mass-charge>36.0</mass-charge>
    </ei-ms-peak>
    <ei-ms-peak>
      <ei-ms-id>220</ei-ms-id>
      <id>25482</id>
      <intensity>262.0</intensity>
      <mass-charge>37.0</mass-charge>
    </ei-ms-peak>
    <ei-ms-peak>
      <ei-ms-id>220</ei-ms-id>
      <id>25483</id>
      <intensity>1257.0</intensity>
      <mass-charge>38.0</mass-charge>
    </ei-ms-peak>
    <ei-ms-peak>
      <ei-ms-id>220</ei-ms-id>
      <id>25484</id>
      <intensity>425.0</intensity>
      <mass-charge>39.0</mass-charge>
    </ei-ms-peak>
    <ei-ms-peak>
      <ei-ms-id>220</ei-ms-id>
      <id>25485</id>
      <intensity>22.0</intensity>
      <mass-charge>40.0</mass-charge>
    </ei-ms-peak>
    <ei-ms-peak>
      <ei-ms-id>220</ei-ms-id>
      <id>25486</id>
      <intensity>192.0</intensity>
      <mass-charge>41.0</mass-charge>
    </ei-ms-peak>
    <ei-ms-peak>
      <ei-ms-id>220</ei-ms-id>
      <id>25487</id>
      <intensity>16.0</intensity>
      <mass-charge>42.0</mass-charge>
    </ei-ms-peak>
    <ei-ms-peak>
      <ei-ms-id>220</ei-ms-id>
      <id>25488</id>
      <intensity>275.0</intensity>
      <mass-charge>43.0</mass-charge>
    </ei-ms-peak>
    <ei-ms-peak>
      <ei-ms-id>220</ei-ms-id>
      <id>25489</id>
      <intensity>468.0</intensity>
      <mass-charge>44.0</mass-charge>
    </ei-ms-peak>
    <ei-ms-peak>
      <ei-ms-id>220</ei-ms-id>
      <id>25490</id>
      <intensity>54.0</intensity>
      <mass-charge>45.0</mass-charge>
    </ei-ms-peak>
    <ei-ms-peak>
      <ei-ms-id>220</ei-ms-id>
      <id>25491</id>
      <intensity>2.0</intensity>
      <mass-charge>46.0</mass-charge>
    </ei-ms-peak>
    <ei-ms-peak>
      <ei-ms-id>220</ei-ms-id>
      <id>25492</id>
      <intensity>3.0</intensity>
      <mass-charge>47.0</mass-charge>
    </ei-ms-peak>
    <ei-ms-peak>
      <ei-ms-id>220</ei-ms-id>
      <id>25493</id>
      <intensity>4.0</intensity>
      <mass-charge>48.0</mass-charge>
    </ei-ms-peak>
    <ei-ms-peak>
      <ei-ms-id>220</ei-ms-id>
      <id>25494</id>
      <intensity>122.0</intensity>
      <mass-charge>49.0</mass-charge>
    </ei-ms-peak>
    <ei-ms-peak>
      <ei-ms-id>220</ei-ms-id>
      <id>25495</id>
      <intensity>666.0</intensity>
      <mass-charge>50.0</mass-charge>
    </ei-ms-peak>
    <ei-ms-peak>
      <ei-ms-id>220</ei-ms-id>
      <id>25496</id>
      <intensity>333.0</intensity>
      <mass-charge>51.0</mass-charge>
    </ei-ms-peak>
    <ei-ms-peak>
      <ei-ms-id>220</ei-ms-id>
      <id>25497</id>
      <intensity>126.0</intensity>
      <mass-charge>52.0</mass-charge>
    </ei-ms-peak>
    <ei-ms-peak>
      <ei-ms-id>220</ei-ms-id>
      <id>25498</id>
      <intensity>410.0</intensity>
      <mass-charge>53.0</mass-charge>
    </ei-ms-peak>
    <ei-ms-peak>
      <ei-ms-id>220</ei-ms-id>
      <id>25499</id>
      <intensity>42.0</intensity>
      <mass-charge>54.0</mass-charge>
    </ei-ms-peak>
    <ei-ms-peak>
      <ei-ms-id>220</ei-ms-id>
      <id>25500</id>
      <intensity>137.0</intensity>
      <mass-charge>55.0</mass-charge>
    </ei-ms-peak>
    <ei-ms-peak>
      <ei-ms-id>220</ei-ms-id>
      <id>25501</id>
      <intensity>54.0</intensity>
      <mass-charge>56.0</mass-charge>
    </ei-ms-peak>
    <ei-ms-peak>
      <ei-ms-id>220</ei-ms-id>
      <id>25502</id>
      <intensity>188.0</intensity>
      <mass-charge>57.0</mass-charge>
    </ei-ms-peak>
    <ei-ms-peak>
      <ei-ms-id>220</ei-ms-id>
      <id>25503</id>
      <intensity>73.0</intensity>
      <mass-charge>58.0</mass-charge>
    </ei-ms-peak>
    <ei-ms-peak>
      <ei-ms-id>220</ei-ms-id>
      <id>25504</id>
      <intensity>107.0</intensity>
      <mass-charge>59.0</mass-charge>
    </ei-ms-peak>
    <ei-ms-peak>
      <ei-ms-id>220</ei-ms-id>
      <id>25505</id>
      <intensity>41.0</intensity>
      <mass-charge>60.0</mass-charge>
    </ei-ms-peak>
    <ei-ms-peak>
      <ei-ms-id>220</ei-ms-id>
      <id>25506</id>
      <intensity>300.0</intensity>
      <mass-charge>61.0</mass-charge>
    </ei-ms-peak>
    <ei-ms-peak>
      <ei-ms-id>220</ei-ms-id>
      <id>25507</id>
      <intensity>746.0</intensity>
      <mass-charge>62.0</mass-charge>
    </ei-ms-peak>
    <ei-ms-peak>
      <ei-ms-id>220</ei-ms-id>
      <id>25508</id>
      <intensity>631.0</intensity>
      <mass-charge>63.0</mass-charge>
    </ei-ms-peak>
    <ei-ms-peak>
      <ei-ms-id>220</ei-ms-id>
      <id>25509</id>
      <intensity>84.0</intensity>
      <mass-charge>64.0</mass-charge>
    </ei-ms-peak>
    <ei-ms-peak>
      <ei-ms-id>220</ei-ms-id>
      <id>25510</id>
      <intensity>318.0</intensity>
      <mass-charge>65.0</mass-charge>
    </ei-ms-peak>
    <ei-ms-peak>
      <ei-ms-id>220</ei-ms-id>
      <id>25511</id>
      <intensity>1236.0</intensity>
      <mass-charge>66.0</mass-charge>
    </ei-ms-peak>
    <ei-ms-peak>
      <ei-ms-id>220</ei-ms-id>
      <id>25512</id>
      <intensity>172.0</intensity>
      <mass-charge>67.0</mass-charge>
    </ei-ms-peak>
    <ei-ms-peak>
      <ei-ms-id>220</ei-ms-id>
      <id>25513</id>
      <intensity>172.0</intensity>
      <mass-charge>68.0</mass-charge>
    </ei-ms-peak>
    <ei-ms-peak>
      <ei-ms-id>220</ei-ms-id>
      <id>25514</id>
      <intensity>142.0</intensity>
      <mass-charge>69.0</mass-charge>
    </ei-ms-peak>
    <ei-ms-peak>
      <ei-ms-id>220</ei-ms-id>
      <id>25515</id>
      <intensity>42.0</intensity>
      <mass-charge>70.0</mass-charge>
    </ei-ms-peak>
    <ei-ms-peak>
      <ei-ms-id>220</ei-ms-id>
      <id>25516</id>
      <intensity>80.0</intensity>
      <mass-charge>71.0</mass-charge>
    </ei-ms-peak>
    <ei-ms-peak>
      <ei-ms-id>220</ei-ms-id>
      <id>25517</id>
      <intensity>187.0</intensity>
      <mass-charge>72.0</mass-charge>
    </ei-ms-peak>
    <ei-ms-peak>
      <ei-ms-id>220</ei-ms-id>
      <id>25518</id>
      <intensity>119.0</intensity>
      <mass-charge>73.0</mass-charge>
    </ei-ms-peak>
    <ei-ms-peak>
      <ei-ms-id>220</ei-ms-id>
      <id>25519</id>
      <intensity>450.0</intensity>
      <mass-charge>74.0</mass-charge>
    </ei-ms-peak>
    <ei-ms-peak>
      <ei-ms-id>220</ei-ms-id>
      <id>25520</id>
      <intensity>792.0</intensity>
      <mass-charge>75.0</mass-charge>
    </ei-ms-peak>
    <ei-ms-peak>
      <ei-ms-id>220</ei-ms-id>
      <id>25521</id>
      <intensity>1329.0</intensity>
      <mass-charge>76.0</mass-charge>
    </ei-ms-peak>
    <ei-ms-peak>
      <ei-ms-id>220</ei-ms-id>
      <id>25522</id>
      <intensity>664.0</intensity>
      <mass-charge>77.0</mass-charge>
    </ei-ms-peak>
    <ei-ms-peak>
      <ei-ms-id>220</ei-ms-id>
      <id>25523</id>
      <intensity>207.0</intensity>
      <mass-charge>78.0</mass-charge>
    </ei-ms-peak>
    <ei-ms-peak>
      <ei-ms-id>220</ei-ms-id>
      <id>25524</id>
      <intensity>124.0</intensity>
      <mass-charge>79.0</mass-charge>
    </ei-ms-peak>
    <ei-ms-peak>
      <ei-ms-id>220</ei-ms-id>
      <id>25525</id>
      <intensity>259.0</intensity>
      <mass-charge>80.0</mass-charge>
    </ei-ms-peak>
    <ei-ms-peak>
      <ei-ms-id>220</ei-ms-id>
      <id>25526</id>
      <intensity>121.0</intensity>
      <mass-charge>81.0</mass-charge>
    </ei-ms-peak>
    <ei-ms-peak>
      <ei-ms-id>220</ei-ms-id>
      <id>25527</id>
      <intensity>23.0</intensity>
      <mass-charge>82.0</mass-charge>
    </ei-ms-peak>
    <ei-ms-peak>
      <ei-ms-id>220</ei-ms-id>
      <id>25528</id>
      <intensity>63.0</intensity>
      <mass-charge>83.0</mass-charge>
    </ei-ms-peak>
    <ei-ms-peak>
      <ei-ms-id>220</ei-ms-id>
      <id>25529</id>
      <intensity>20.0</intensity>
      <mass-charge>84.0</mass-charge>
    </ei-ms-peak>
    <ei-ms-peak>
      <ei-ms-id>220</ei-ms-id>
      <id>25530</id>
      <intensity>550.0</intensity>
      <mass-charge>87.0</mass-charge>
    </ei-ms-peak>
    <ei-ms-peak>
      <ei-ms-id>220</ei-ms-id>
      <id>25531</id>
      <intensity>503.0</intensity>
      <mass-charge>88.0</mass-charge>
    </ei-ms-peak>
    <ei-ms-peak>
      <ei-ms-id>220</ei-ms-id>
      <id>25532</id>
      <intensity>708.0</intensity>
      <mass-charge>89.0</mass-charge>
    </ei-ms-peak>
    <ei-ms-peak>
      <ei-ms-id>220</ei-ms-id>
      <id>25533</id>
      <intensity>268.0</intensity>
      <mass-charge>90.0</mass-charge>
    </ei-ms-peak>
    <ei-ms-peak>
      <ei-ms-id>220</ei-ms-id>
      <id>25534</id>
      <intensity>728.0</intensity>
      <mass-charge>91.0</mass-charge>
    </ei-ms-peak>
    <ei-ms-peak>
      <ei-ms-id>220</ei-ms-id>
      <id>25535</id>
      <intensity>99.0</intensity>
      <mass-charge>92.0</mass-charge>
    </ei-ms-peak>
    <ei-ms-peak>
      <ei-ms-id>220</ei-ms-id>
      <id>25536</id>
      <intensity>247.0</intensity>
      <mass-charge>93.0</mass-charge>
    </ei-ms-peak>
    <ei-ms-peak>
      <ei-ms-id>220</ei-ms-id>
      <id>25537</id>
      <intensity>352.0</intensity>
      <mass-charge>94.0</mass-charge>
    </ei-ms-peak>
    <ei-ms-peak>
      <ei-ms-id>220</ei-ms-id>
      <id>25538</id>
      <intensity>468.0</intensity>
      <mass-charge>95.0</mass-charge>
    </ei-ms-peak>
    <ei-ms-peak>
      <ei-ms-id>220</ei-ms-id>
      <id>25539</id>
      <intensity>28.0</intensity>
      <mass-charge>96.0</mass-charge>
    </ei-ms-peak>
    <ei-ms-peak>
      <ei-ms-id>220</ei-ms-id>
      <id>25540</id>
      <intensity>49.0</intensity>
      <mass-charge>97.0</mass-charge>
    </ei-ms-peak>
    <ei-ms-peak>
      <ei-ms-id>220</ei-ms-id>
      <id>25541</id>
      <intensity>128.0</intensity>
      <mass-charge>98.0</mass-charge>
    </ei-ms-peak>
    <ei-ms-peak>
      <ei-ms-id>220</ei-ms-id>
      <id>25542</id>
      <intensity>83.0</intensity>
      <mass-charge>99.0</mass-charge>
    </ei-ms-peak>
    <ei-ms-peak>
      <ei-ms-id>220</ei-ms-id>
      <id>25543</id>
      <intensity>59.0</intensity>
      <mass-charge>100.0</mass-charge>
    </ei-ms-peak>
    <ei-ms-peak>
      <ei-ms-id>220</ei-ms-id>
      <id>25544</id>
      <intensity>136.0</intensity>
      <mass-charge>101.0</mass-charge>
    </ei-ms-peak>
    <ei-ms-peak>
      <ei-ms-id>220</ei-ms-id>
      <id>25545</id>
      <intensity>72.0</intensity>
      <mass-charge>102.0</mass-charge>
    </ei-ms-peak>
    <ei-ms-peak>
      <ei-ms-id>220</ei-ms-id>
      <id>25546</id>
      <intensity>443.0</intensity>
      <mass-charge>103.0</mass-charge>
    </ei-ms-peak>
    <ei-ms-peak>
      <ei-ms-id>220</ei-ms-id>
      <id>25547</id>
      <intensity>1172.0</intensity>
      <mass-charge>104.0</mass-charge>
    </ei-ms-peak>
    <ei-ms-peak>
      <ei-ms-id>220</ei-ms-id>
      <id>25548</id>
      <intensity>138.0</intensity>
      <mass-charge>105.0</mass-charge>
    </ei-ms-peak>
    <ei-ms-peak>
      <ei-ms-id>220</ei-ms-id>
      <id>25549</id>
      <intensity>53.0</intensity>
      <mass-charge>106.0</mass-charge>
    </ei-ms-peak>
    <ei-ms-peak>
      <ei-ms-id>220</ei-ms-id>
      <id>25550</id>
      <intensity>36.0</intensity>
      <mass-charge>107.0</mass-charge>
    </ei-ms-peak>
    <ei-ms-peak>
      <ei-ms-id>220</ei-ms-id>
      <id>25551</id>
      <intensity>54.0</intensity>
      <mass-charge>108.0</mass-charge>
    </ei-ms-peak>
    <ei-ms-peak>
      <ei-ms-id>220</ei-ms-id>
      <id>25552</id>
      <intensity>289.0</intensity>
      <mass-charge>109.0</mass-charge>
    </ei-ms-peak>
    <ei-ms-peak>
      <ei-ms-id>220</ei-ms-id>
      <id>25553</id>
      <intensity>20.0</intensity>
      <mass-charge>110.0</mass-charge>
    </ei-ms-peak>
    <ei-ms-peak>
      <ei-ms-id>220</ei-ms-id>
      <id>25554</id>
      <intensity>22.0</intensity>
      <mass-charge>111.0</mass-charge>
    </ei-ms-peak>
    <ei-ms-peak>
      <ei-ms-id>220</ei-ms-id>
      <id>25555</id>
      <intensity>9.0</intensity>
      <mass-charge>112.0</mass-charge>
    </ei-ms-peak>
    <ei-ms-peak>
      <ei-ms-id>220</ei-ms-id>
      <id>25556</id>
      <intensity>19.0</intensity>
      <mass-charge>113.0</mass-charge>
    </ei-ms-peak>
    <ei-ms-peak>
      <ei-ms-id>220</ei-ms-id>
      <id>25557</id>
      <intensity>2.0</intensity>
      <mass-charge>114.0</mass-charge>
    </ei-ms-peak>
    <ei-ms-peak>
      <ei-ms-id>220</ei-ms-id>
      <id>25558</id>
      <intensity>53.0</intensity>
      <mass-charge>115.0</mass-charge>
    </ei-ms-peak>
    <ei-ms-peak>
      <ei-ms-id>220</ei-ms-id>
      <id>25559</id>
      <intensity>419.0</intensity>
      <mass-charge>116.0</mass-charge>
    </ei-ms-peak>
    <ei-ms-peak>
      <ei-ms-id>220</ei-ms-id>
      <id>25560</id>
      <intensity>138.0</intensity>
      <mass-charge>117.0</mass-charge>
    </ei-ms-peak>
    <ei-ms-peak>
      <ei-ms-id>220</ei-ms-id>
      <id>25561</id>
      <intensity>103.0</intensity>
      <mass-charge>118.0</mass-charge>
    </ei-ms-peak>
    <ei-ms-peak>
      <ei-ms-id>220</ei-ms-id>
      <id>25562</id>
      <intensity>590.0</intensity>
      <mass-charge>119.0</mass-charge>
    </ei-ms-peak>
    <ei-ms-peak>
      <ei-ms-id>220</ei-ms-id>
      <id>25563</id>
      <intensity>58.0</intensity>
      <mass-charge>120.0</mass-charge>
    </ei-ms-peak>
    <ei-ms-peak>
      <ei-ms-id>220</ei-ms-id>
      <id>25564</id>
      <intensity>25.0</intensity>
      <mass-charge>121.0</mass-charge>
    </ei-ms-peak>
    <ei-ms-peak>
      <ei-ms-id>220</ei-ms-id>
      <id>25565</id>
      <intensity>13.0</intensity>
      <mass-charge>122.0</mass-charge>
    </ei-ms-peak>
    <ei-ms-peak>
      <ei-ms-id>220</ei-ms-id>
      <id>25566</id>
      <intensity>358.0</intensity>
      <mass-charge>123.0</mass-charge>
    </ei-ms-peak>
    <ei-ms-peak>
      <ei-ms-id>220</ei-ms-id>
      <id>25567</id>
      <intensity>17.0</intensity>
      <mass-charge>124.0</mass-charge>
    </ei-ms-peak>
    <ei-ms-peak>
      <ei-ms-id>220</ei-ms-id>
      <id>25568</id>
      <intensity>16.0</intensity>
      <mass-charge>125.0</mass-charge>
    </ei-ms-peak>
    <ei-ms-peak>
      <ei-ms-id>220</ei-ms-id>
      <id>25569</id>
      <intensity>2.0</intensity>
      <mass-charge>126.0</mass-charge>
    </ei-ms-peak>
    <ei-ms-peak>
      <ei-ms-id>220</ei-ms-id>
      <id>25570</id>
      <intensity>2.0</intensity>
      <mass-charge>127.0</mass-charge>
    </ei-ms-peak>
    <ei-ms-peak>
      <ei-ms-id>220</ei-ms-id>
      <id>25571</id>
      <intensity>7.0</intensity>
      <mass-charge>128.0</mass-charge>
    </ei-ms-peak>
    <ei-ms-peak>
      <ei-ms-id>220</ei-ms-id>
      <id>25572</id>
      <intensity>80.0</intensity>
      <mass-charge>129.0</mass-charge>
    </ei-ms-peak>
    <ei-ms-peak>
      <ei-ms-id>220</ei-ms-id>
      <id>25573</id>
      <intensity>16.0</intensity>
      <mass-charge>130.0</mass-charge>
    </ei-ms-peak>
    <ei-ms-peak>
      <ei-ms-id>220</ei-ms-id>
      <id>25574</id>
      <intensity>168.0</intensity>
      <mass-charge>131.0</mass-charge>
    </ei-ms-peak>
    <ei-ms-peak>
      <ei-ms-id>220</ei-ms-id>
      <id>25575</id>
      <intensity>753.0</intensity>
      <mass-charge>132.0</mass-charge>
    </ei-ms-peak>
    <ei-ms-peak>
      <ei-ms-id>220</ei-ms-id>
      <id>25576</id>
      <intensity>120.0</intensity>
      <mass-charge>133.0</mass-charge>
    </ei-ms-peak>
    <ei-ms-peak>
      <ei-ms-id>220</ei-ms-id>
      <id>25577</id>
      <intensity>38.0</intensity>
      <mass-charge>134.0</mass-charge>
    </ei-ms-peak>
    <ei-ms-peak>
      <ei-ms-id>220</ei-ms-id>
      <id>25578</id>
      <intensity>49.0</intensity>
      <mass-charge>135.0</mass-charge>
    </ei-ms-peak>
    <ei-ms-peak>
      <ei-ms-id>220</ei-ms-id>
      <id>25579</id>
      <intensity>10.0</intensity>
      <mass-charge>136.0</mass-charge>
    </ei-ms-peak>
    <ei-ms-peak>
      <ei-ms-id>220</ei-ms-id>
      <id>25580</id>
      <intensity>278.0</intensity>
      <mass-charge>137.0</mass-charge>
    </ei-ms-peak>
    <ei-ms-peak>
      <ei-ms-id>220</ei-ms-id>
      <id>25581</id>
      <intensity>20.0</intensity>
      <mass-charge>138.0</mass-charge>
    </ei-ms-peak>
    <ei-ms-peak>
      <ei-ms-id>220</ei-ms-id>
      <id>25582</id>
      <intensity>10.0</intensity>
      <mass-charge>139.0</mass-charge>
    </ei-ms-peak>
    <ei-ms-peak>
      <ei-ms-id>220</ei-ms-id>
      <id>25583</id>
      <intensity>1.0</intensity>
      <mass-charge>140.0</mass-charge>
    </ei-ms-peak>
    <ei-ms-peak>
      <ei-ms-id>220</ei-ms-id>
      <id>25584</id>
      <intensity>13.0</intensity>
      <mass-charge>141.0</mass-charge>
    </ei-ms-peak>
    <ei-ms-peak>
      <ei-ms-id>220</ei-ms-id>
      <id>25585</id>
      <intensity>8.0</intensity>
      <mass-charge>142.0</mass-charge>
    </ei-ms-peak>
    <ei-ms-peak>
      <ei-ms-id>220</ei-ms-id>
      <id>25586</id>
      <intensity>634.0</intensity>
      <mass-charge>143.0</mass-charge>
    </ei-ms-peak>
    <ei-ms-peak>
      <ei-ms-id>220</ei-ms-id>
      <id>25587</id>
      <intensity>316.0</intensity>
      <mass-charge>144.0</mass-charge>
    </ei-ms-peak>
    <ei-ms-peak>
      <ei-ms-id>220</ei-ms-id>
      <id>25588</id>
      <intensity>489.0</intensity>
      <mass-charge>145.0</mass-charge>
    </ei-ms-peak>
    <ei-ms-peak>
      <ei-ms-id>220</ei-ms-id>
      <id>25589</id>
      <intensity>92.0</intensity>
      <mass-charge>146.0</mass-charge>
    </ei-ms-peak>
    <ei-ms-peak>
      <ei-ms-id>220</ei-ms-id>
      <id>25590</id>
      <intensity>1536.0</intensity>
      <mass-charge>147.0</mass-charge>
    </ei-ms-peak>
    <ei-ms-peak>
      <ei-ms-id>220</ei-ms-id>
      <id>25591</id>
      <intensity>158.0</intensity>
      <mass-charge>148.0</mass-charge>
    </ei-ms-peak>
    <ei-ms-peak>
      <ei-ms-id>220</ei-ms-id>
      <id>25592</id>
      <intensity>144.0</intensity>
      <mass-charge>149.0</mass-charge>
    </ei-ms-peak>
    <ei-ms-peak>
      <ei-ms-id>220</ei-ms-id>
      <id>25593</id>
      <intensity>20.0</intensity>
      <mass-charge>150.0</mass-charge>
    </ei-ms-peak>
    <ei-ms-peak>
      <ei-ms-id>220</ei-ms-id>
      <id>25594</id>
      <intensity>21.0</intensity>
      <mass-charge>151.0</mass-charge>
    </ei-ms-peak>
    <ei-ms-peak>
      <ei-ms-id>220</ei-ms-id>
      <id>25595</id>
      <intensity>11.0</intensity>
      <mass-charge>152.0</mass-charge>
    </ei-ms-peak>
    <ei-ms-peak>
      <ei-ms-id>220</ei-ms-id>
      <id>25596</id>
      <intensity>6.0</intensity>
      <mass-charge>153.0</mass-charge>
    </ei-ms-peak>
    <ei-ms-peak>
      <ei-ms-id>220</ei-ms-id>
      <id>25597</id>
      <intensity>9.0</intensity>
      <mass-charge>154.0</mass-charge>
    </ei-ms-peak>
    <ei-ms-peak>
      <ei-ms-id>220</ei-ms-id>
      <id>25598</id>
      <intensity>11.0</intensity>
      <mass-charge>155.0</mass-charge>
    </ei-ms-peak>
    <ei-ms-peak>
      <ei-ms-id>220</ei-ms-id>
      <id>25599</id>
      <intensity>5.0</intensity>
      <mass-charge>156.0</mass-charge>
    </ei-ms-peak>
    <ei-ms-peak>
      <ei-ms-id>220</ei-ms-id>
      <id>25600</id>
      <intensity>229.0</intensity>
      <mass-charge>157.0</mass-charge>
    </ei-ms-peak>
    <ei-ms-peak>
      <ei-ms-id>220</ei-ms-id>
      <id>25601</id>
      <intensity>51.0</intensity>
      <mass-charge>158.0</mass-charge>
    </ei-ms-peak>
    <ei-ms-peak>
      <ei-ms-id>220</ei-ms-id>
      <id>25602</id>
      <intensity>210.0</intensity>
      <mass-charge>159.0</mass-charge>
    </ei-ms-peak>
    <ei-ms-peak>
      <ei-ms-id>220</ei-ms-id>
      <id>25603</id>
      <intensity>2147.0</intensity>
      <mass-charge>160.0</mass-charge>
    </ei-ms-peak>
    <ei-ms-peak>
      <ei-ms-id>220</ei-ms-id>
      <id>25604</id>
      <intensity>268.0</intensity>
      <mass-charge>161.0</mass-charge>
    </ei-ms-peak>
    <ei-ms-peak>
      <ei-ms-id>220</ei-ms-id>
      <id>25605</id>
      <intensity>40.0</intensity>
      <mass-charge>162.0</mass-charge>
    </ei-ms-peak>
    <ei-ms-peak>
      <ei-ms-id>220</ei-ms-id>
      <id>25606</id>
      <intensity>7.0</intensity>
      <mass-charge>163.0</mass-charge>
    </ei-ms-peak>
    <ei-ms-peak>
      <ei-ms-id>220</ei-ms-id>
      <id>25607</id>
      <intensity>19.0</intensity>
      <mass-charge>164.0</mass-charge>
    </ei-ms-peak>
    <ei-ms-peak>
      <ei-ms-id>220</ei-ms-id>
      <id>25608</id>
      <intensity>11.0</intensity>
      <mass-charge>165.0</mass-charge>
    </ei-ms-peak>
    <ei-ms-peak>
      <ei-ms-id>220</ei-ms-id>
      <id>25609</id>
      <intensity>5.0</intensity>
      <mass-charge>166.0</mass-charge>
    </ei-ms-peak>
    <ei-ms-peak>
      <ei-ms-id>220</ei-ms-id>
      <id>25610</id>
      <intensity>18.0</intensity>
      <mass-charge>167.0</mass-charge>
    </ei-ms-peak>
    <ei-ms-peak>
      <ei-ms-id>220</ei-ms-id>
      <id>25611</id>
      <intensity>7.0</intensity>
      <mass-charge>168.0</mass-charge>
    </ei-ms-peak>
    <ei-ms-peak>
      <ei-ms-id>220</ei-ms-id>
      <id>25612</id>
      <intensity>8.0</intensity>
      <mass-charge>169.0</mass-charge>
    </ei-ms-peak>
    <ei-ms-peak>
      <ei-ms-id>220</ei-ms-id>
      <id>25613</id>
      <intensity>6.0</intensity>
      <mass-charge>170.0</mass-charge>
    </ei-ms-peak>
    <ei-ms-peak>
      <ei-ms-id>220</ei-ms-id>
      <id>25614</id>
      <intensity>55.0</intensity>
      <mass-charge>171.0</mass-charge>
    </ei-ms-peak>
    <ei-ms-peak>
      <ei-ms-id>220</ei-ms-id>
      <id>25615</id>
      <intensity>90.0</intensity>
      <mass-charge>172.0</mass-charge>
    </ei-ms-peak>
    <ei-ms-peak>
      <ei-ms-id>220</ei-ms-id>
      <id>25616</id>
      <intensity>268.0</intensity>
      <mass-charge>173.0</mass-charge>
    </ei-ms-peak>
    <ei-ms-peak>
      <ei-ms-id>220</ei-ms-id>
      <id>25617</id>
      <intensity>153.0</intensity>
      <mass-charge>174.0</mass-charge>
    </ei-ms-peak>
    <ei-ms-peak>
      <ei-ms-id>220</ei-ms-id>
      <id>25618</id>
      <intensity>1910.0</intensity>
      <mass-charge>175.0</mass-charge>
    </ei-ms-peak>
    <ei-ms-peak>
      <ei-ms-id>220</ei-ms-id>
      <id>25619</id>
      <intensity>189.0</intensity>
      <mass-charge>176.0</mass-charge>
    </ei-ms-peak>
    <ei-ms-peak>
      <ei-ms-id>220</ei-ms-id>
      <id>25620</id>
      <intensity>23.0</intensity>
      <mass-charge>177.0</mass-charge>
    </ei-ms-peak>
    <ei-ms-peak>
      <ei-ms-id>220</ei-ms-id>
      <id>25621</id>
      <intensity>18.0</intensity>
      <mass-charge>178.0</mass-charge>
    </ei-ms-peak>
    <ei-ms-peak>
      <ei-ms-id>220</ei-ms-id>
      <id>25622</id>
      <intensity>23.0</intensity>
      <mass-charge>179.0</mass-charge>
    </ei-ms-peak>
    <ei-ms-peak>
      <ei-ms-id>220</ei-ms-id>
      <id>25623</id>
      <intensity>5.0</intensity>
      <mass-charge>180.0</mass-charge>
    </ei-ms-peak>
    <ei-ms-peak>
      <ei-ms-id>220</ei-ms-id>
      <id>25624</id>
      <intensity>3.0</intensity>
      <mass-charge>181.0</mass-charge>
    </ei-ms-peak>
    <ei-ms-peak>
      <ei-ms-id>220</ei-ms-id>
      <id>25625</id>
      <intensity>4.0</intensity>
      <mass-charge>182.0</mass-charge>
    </ei-ms-peak>
    <ei-ms-peak>
      <ei-ms-id>220</ei-ms-id>
      <id>25626</id>
      <intensity>4.0</intensity>
      <mass-charge>183.0</mass-charge>
    </ei-ms-peak>
    <ei-ms-peak>
      <ei-ms-id>220</ei-ms-id>
      <id>25627</id>
      <intensity>5.0</intensity>
      <mass-charge>184.0</mass-charge>
    </ei-ms-peak>
    <ei-ms-peak>
      <ei-ms-id>220</ei-ms-id>
      <id>25628</id>
      <intensity>97.0</intensity>
      <mass-charge>185.0</mass-charge>
    </ei-ms-peak>
    <ei-ms-peak>
      <ei-ms-id>220</ei-ms-id>
      <id>25629</id>
      <intensity>31.0</intensity>
      <mass-charge>186.0</mass-charge>
    </ei-ms-peak>
    <ei-ms-peak>
      <ei-ms-id>220</ei-ms-id>
      <id>25630</id>
      <intensity>113.0</intensity>
      <mass-charge>187.0</mass-charge>
    </ei-ms-peak>
    <ei-ms-peak>
      <ei-ms-id>220</ei-ms-id>
      <id>25631</id>
      <intensity>1509.0</intensity>
      <mass-charge>188.0</mass-charge>
    </ei-ms-peak>
    <ei-ms-peak>
      <ei-ms-id>220</ei-ms-id>
      <id>25632</id>
      <intensity>206.0</intensity>
      <mass-charge>189.0</mass-charge>
    </ei-ms-peak>
    <ei-ms-peak>
      <ei-ms-id>220</ei-ms-id>
      <id>25633</id>
      <intensity>33.0</intensity>
      <mass-charge>190.0</mass-charge>
    </ei-ms-peak>
    <ei-ms-peak>
      <ei-ms-id>220</ei-ms-id>
      <id>25634</id>
      <intensity>7.0</intensity>
      <mass-charge>191.0</mass-charge>
    </ei-ms-peak>
    <ei-ms-peak>
      <ei-ms-id>220</ei-ms-id>
      <id>25635</id>
      <intensity>7.0</intensity>
      <mass-charge>192.0</mass-charge>
    </ei-ms-peak>
    <ei-ms-peak>
      <ei-ms-id>220</ei-ms-id>
      <id>25636</id>
      <intensity>4.0</intensity>
      <mass-charge>193.0</mass-charge>
    </ei-ms-peak>
    <ei-ms-peak>
      <ei-ms-id>220</ei-ms-id>
      <id>25637</id>
      <intensity>7.0</intensity>
      <mass-charge>194.0</mass-charge>
    </ei-ms-peak>
    <ei-ms-peak>
      <ei-ms-id>220</ei-ms-id>
      <id>25638</id>
      <intensity>10.0</intensity>
      <mass-charge>195.0</mass-charge>
    </ei-ms-peak>
    <ei-ms-peak>
      <ei-ms-id>220</ei-ms-id>
      <id>25639</id>
      <intensity>4.0</intensity>
      <mass-charge>196.0</mass-charge>
    </ei-ms-peak>
    <ei-ms-peak>
      <ei-ms-id>220</ei-ms-id>
      <id>25640</id>
      <intensity>4.0</intensity>
      <mass-charge>198.0</mass-charge>
    </ei-ms-peak>
    <ei-ms-peak>
      <ei-ms-id>220</ei-ms-id>
      <id>25641</id>
      <intensity>5.0</intensity>
      <mass-charge>199.0</mass-charge>
    </ei-ms-peak>
    <ei-ms-peak>
      <ei-ms-id>220</ei-ms-id>
      <id>25642</id>
      <intensity>13.0</intensity>
      <mass-charge>200.0</mass-charge>
    </ei-ms-peak>
    <ei-ms-peak>
      <ei-ms-id>220</ei-ms-id>
      <id>25643</id>
      <intensity>47.0</intensity>
      <mass-charge>201.0</mass-charge>
    </ei-ms-peak>
    <ei-ms-peak>
      <ei-ms-id>220</ei-ms-id>
      <id>25644</id>
      <intensity>77.0</intensity>
      <mass-charge>202.0</mass-charge>
    </ei-ms-peak>
    <ei-ms-peak>
      <ei-ms-id>220</ei-ms-id>
      <id>25645</id>
      <intensity>1739.0</intensity>
      <mass-charge>203.0</mass-charge>
    </ei-ms-peak>
    <ei-ms-peak>
      <ei-ms-id>220</ei-ms-id>
      <id>25646</id>
      <intensity>194.0</intensity>
      <mass-charge>204.0</mass-charge>
    </ei-ms-peak>
    <ei-ms-peak>
      <ei-ms-id>220</ei-ms-id>
      <id>25647</id>
      <intensity>24.0</intensity>
      <mass-charge>205.0</mass-charge>
    </ei-ms-peak>
    <ei-ms-peak>
      <ei-ms-id>220</ei-ms-id>
      <id>25648</id>
      <intensity>3.0</intensity>
      <mass-charge>206.0</mass-charge>
    </ei-ms-peak>
    <ei-ms-peak>
      <ei-ms-id>220</ei-ms-id>
      <id>25649</id>
      <intensity>5.0</intensity>
      <mass-charge>207.0</mass-charge>
    </ei-ms-peak>
    <ei-ms-peak>
      <ei-ms-id>220</ei-ms-id>
      <id>25650</id>
      <intensity>7.0</intensity>
      <mass-charge>208.0</mass-charge>
    </ei-ms-peak>
    <ei-ms-peak>
      <ei-ms-id>220</ei-ms-id>
      <id>25651</id>
      <intensity>7.0</intensity>
      <mass-charge>209.0</mass-charge>
    </ei-ms-peak>
    <ei-ms-peak>
      <ei-ms-id>220</ei-ms-id>
      <id>25652</id>
      <intensity>2.0</intensity>
      <mass-charge>210.0</mass-charge>
    </ei-ms-peak>
    <ei-ms-peak>
      <ei-ms-id>220</ei-ms-id>
      <id>25653</id>
      <intensity>9.0</intensity>
      <mass-charge>211.0</mass-charge>
    </ei-ms-peak>
    <ei-ms-peak>
      <ei-ms-id>220</ei-ms-id>
      <id>25654</id>
      <intensity>5.0</intensity>
      <mass-charge>212.0</mass-charge>
    </ei-ms-peak>
    <ei-ms-peak>
      <ei-ms-id>220</ei-ms-id>
      <id>25655</id>
      <intensity>5.0</intensity>
      <mass-charge>213.0</mass-charge>
    </ei-ms-peak>
    <ei-ms-peak>
      <ei-ms-id>220</ei-ms-id>
      <id>25656</id>
      <intensity>4.0</intensity>
      <mass-charge>214.0</mass-charge>
    </ei-ms-peak>
    <ei-ms-peak>
      <ei-ms-id>220</ei-ms-id>
      <id>25657</id>
      <intensity>37.0</intensity>
      <mass-charge>215.0</mass-charge>
    </ei-ms-peak>
    <ei-ms-peak>
      <ei-ms-id>220</ei-ms-id>
      <id>25658</id>
      <intensity>65.0</intensity>
      <mass-charge>216.0</mass-charge>
    </ei-ms-peak>
    <ei-ms-peak>
      <ei-ms-id>220</ei-ms-id>
      <id>25659</id>
      <intensity>105.0</intensity>
      <mass-charge>217.0</mass-charge>
    </ei-ms-peak>
    <ei-ms-peak>
      <ei-ms-id>220</ei-ms-id>
      <id>25660</id>
      <intensity>27.0</intensity>
      <mass-charge>218.0</mass-charge>
    </ei-ms-peak>
    <ei-ms-peak>
      <ei-ms-id>220</ei-ms-id>
      <id>25661</id>
      <intensity>2.0</intensity>
      <mass-charge>219.0</mass-charge>
    </ei-ms-peak>
    <ei-ms-peak>
      <ei-ms-id>220</ei-ms-id>
      <id>25662</id>
      <intensity>8.0</intensity>
      <mass-charge>220.0</mass-charge>
    </ei-ms-peak>
    <ei-ms-peak>
      <ei-ms-id>220</ei-ms-id>
      <id>25663</id>
      <intensity>9.0</intensity>
      <mass-charge>221.0</mass-charge>
    </ei-ms-peak>
    <ei-ms-peak>
      <ei-ms-id>220</ei-ms-id>
      <id>25664</id>
      <intensity>10.0</intensity>
      <mass-charge>222.0</mass-charge>
    </ei-ms-peak>
    <ei-ms-peak>
      <ei-ms-id>220</ei-ms-id>
      <id>25665</id>
      <intensity>11.0</intensity>
      <mass-charge>223.0</mass-charge>
    </ei-ms-peak>
    <ei-ms-peak>
      <ei-ms-id>220</ei-ms-id>
      <id>25666</id>
      <intensity>8.0</intensity>
      <mass-charge>224.0</mass-charge>
    </ei-ms-peak>
    <ei-ms-peak>
      <ei-ms-id>220</ei-ms-id>
      <id>25667</id>
      <intensity>11.0</intensity>
      <mass-charge>226.0</mass-charge>
    </ei-ms-peak>
    <ei-ms-peak>
      <ei-ms-id>220</ei-ms-id>
      <id>25668</id>
      <intensity>7.0</intensity>
      <mass-charge>227.0</mass-charge>
    </ei-ms-peak>
    <ei-ms-peak>
      <ei-ms-id>220</ei-ms-id>
      <id>25669</id>
      <intensity>16.0</intensity>
      <mass-charge>229.0</mass-charge>
    </ei-ms-peak>
    <ei-ms-peak>
      <ei-ms-id>220</ei-ms-id>
      <id>25670</id>
      <intensity>44.0</intensity>
      <mass-charge>230.0</mass-charge>
    </ei-ms-peak>
    <ei-ms-peak>
      <ei-ms-id>220</ei-ms-id>
      <id>25671</id>
      <intensity>9999.0</intensity>
      <mass-charge>231.0</mass-charge>
    </ei-ms-peak>
    <ei-ms-peak>
      <ei-ms-id>220</ei-ms-id>
      <id>25672</id>
      <intensity>1037.0</intensity>
      <mass-charge>232.0</mass-charge>
    </ei-ms-peak>
    <ei-ms-peak>
      <ei-ms-id>220</ei-ms-id>
      <id>25673</id>
      <intensity>133.0</intensity>
      <mass-charge>233.0</mass-charge>
    </ei-ms-peak>
    <ei-ms-peak>
      <ei-ms-id>220</ei-ms-id>
      <id>25674</id>
      <intensity>13.0</intensity>
      <mass-charge>234.0</mass-charge>
    </ei-ms-peak>
    <ei-ms-peak>
      <ei-ms-id>220</ei-ms-id>
      <id>25675</id>
      <intensity>15.0</intensity>
      <mass-charge>245.0</mass-charge>
    </ei-ms-peak>
    <ei-ms-peak>
      <ei-ms-id>220</ei-ms-id>
      <id>25676</id>
      <intensity>9305.0</intensity>
      <mass-charge>246.0</mass-charge>
    </ei-ms-peak>
    <ei-ms-peak>
      <ei-ms-id>220</ei-ms-id>
      <id>25677</id>
      <intensity>952.0</intensity>
      <mass-charge>247.0</mass-charge>
    </ei-ms-peak>
    <ei-ms-peak>
      <ei-ms-id>220</ei-ms-id>
      <id>25678</id>
      <intensity>126.0</intensity>
      <mass-charge>248.0</mass-charge>
    </ei-ms-peak>
    <ei-ms-peak>
      <ei-ms-id>220</ei-ms-id>
      <id>25679</id>
      <intensity>5.0</intensity>
      <mass-charge>249.0</mass-charge>
    </ei-ms-peak>
  </ei-ms-peaks>
</ei-ms>
