<?xml version="1.0" encoding="UTF-8"?>
<ei-ms>
  <collection-date nil="true"/>
  <created-at>2014-09-20T16:24:42Z</created-at>
  <database-id>HMDB29596</database-id>
  <id>293</id>
  <inchi-key>HEDRZPFGACZZDS-UHFFFAOYSA-N</inchi-key>
  <instrument-type nil="true"/>
  <molecule-id nil="true"/>
  <notes nil="true"/>
  <peak-counter>33</peak-counter>
  <sample-assessment nil="true"/>
  <sample-concentration nil="true"/>
  <sample-concentration-units nil="true"/>
  <sample-mass nil="true"/>
  <sample-mass-units nil="true"/>
  <sample-source nil="true"/>
  <solvent nil="true"/>
  <spectra-assessment nil="true"/>
  <updated-at>2014-09-20T16:24:42Z</updated-at>
  <references>
    <reference>
      <database>NIST</database>
      <database-id>67-66-3</database-id>
      <id>15165</id>
      <pubmed-id nil="true"/>
      <ref-text>NIST Mass Spec Data Center, S.E. Stein, director, "Mass Spectra" in NIST Chemistry WebBook, NIST Standard Reference Database Number 69, Eds. P.J. Linstrom and W.G. Mallard, National Institute of Standards and Technology, Gaithersburg MD, 20899, http://webbook.nist.gov, (retrieved September 6, 2014).</ref-text>
      <spectra-id>293</spectra-id>
      <spectra-type>EiMs</spectra-type>
    </reference>
  </references>
  <ei-ms-peaks>
    <ei-ms-peak>
      <ei-ms-id>293</ei-ms-id>
      <id>33412</id>
      <intensity>30.0</intensity>
      <mass-charge>12.0</mass-charge>
    </ei-ms-peak>
    <ei-ms-peak>
      <ei-ms-id>293</ei-ms-id>
      <id>33413</id>
      <intensity>80.0</intensity>
      <mass-charge>13.0</mass-charge>
    </ei-ms-peak>
    <ei-ms-peak>
      <ei-ms-id>293</ei-ms-id>
      <id>33414</id>
      <intensity>980.0</intensity>
      <mass-charge>35.0</mass-charge>
    </ei-ms-peak>
    <ei-ms-peak>
      <ei-ms-id>293</ei-ms-id>
      <id>33415</id>
      <intensity>110.0</intensity>
      <mass-charge>36.0</mass-charge>
    </ei-ms-peak>
    <ei-ms-peak>
      <ei-ms-id>293</ei-ms-id>
      <id>33416</id>
      <intensity>330.0</intensity>
      <mass-charge>37.0</mass-charge>
    </ei-ms-peak>
    <ei-ms-peak>
      <ei-ms-id>293</ei-ms-id>
      <id>33417</id>
      <intensity>40.0</intensity>
      <mass-charge>38.0</mass-charge>
    </ei-ms-peak>
    <ei-ms-peak>
      <ei-ms-id>293</ei-ms-id>
      <id>33418</id>
      <intensity>30.0</intensity>
      <mass-charge>41.0</mass-charge>
    </ei-ms-peak>
    <ei-ms-peak>
      <ei-ms-id>293</ei-ms-id>
      <id>33419</id>
      <intensity>20.0</intensity>
      <mass-charge>42.0</mass-charge>
    </ei-ms-peak>
    <ei-ms-peak>
      <ei-ms-id>293</ei-ms-id>
      <id>33420</id>
      <intensity>2700.0</intensity>
      <mass-charge>47.0</mass-charge>
    </ei-ms-peak>
    <ei-ms-peak>
      <ei-ms-id>293</ei-ms-id>
      <id>33421</id>
      <intensity>1300.0</intensity>
      <mass-charge>48.0</mass-charge>
    </ei-ms-peak>
    <ei-ms-peak>
      <ei-ms-id>293</ei-ms-id>
      <id>33422</id>
      <intensity>950.0</intensity>
      <mass-charge>49.0</mass-charge>
    </ei-ms-peak>
    <ei-ms-peak>
      <ei-ms-id>293</ei-ms-id>
      <id>33423</id>
      <intensity>440.0</intensity>
      <mass-charge>50.0</mass-charge>
    </ei-ms-peak>
    <ei-ms-peak>
      <ei-ms-id>293</ei-ms-id>
      <id>33424</id>
      <intensity>10.0</intensity>
      <mass-charge>51.0</mass-charge>
    </ei-ms-peak>
    <ei-ms-peak>
      <ei-ms-id>293</ei-ms-id>
      <id>33425</id>
      <intensity>10.0</intensity>
      <mass-charge>58.0</mass-charge>
    </ei-ms-peak>
    <ei-ms-peak>
      <ei-ms-id>293</ei-ms-id>
      <id>33426</id>
      <intensity>10.0</intensity>
      <mass-charge>59.0</mass-charge>
    </ei-ms-peak>
    <ei-ms-peak>
      <ei-ms-id>293</ei-ms-id>
      <id>33427</id>
      <intensity>100.0</intensity>
      <mass-charge>70.0</mass-charge>
    </ei-ms-peak>
    <ei-ms-peak>
      <ei-ms-id>293</ei-ms-id>
      <id>33428</id>
      <intensity>70.0</intensity>
      <mass-charge>72.0</mass-charge>
    </ei-ms-peak>
    <ei-ms-peak>
      <ei-ms-id>293</ei-ms-id>
      <id>33429</id>
      <intensity>10.0</intensity>
      <mass-charge>74.0</mass-charge>
    </ei-ms-peak>
    <ei-ms-peak>
      <ei-ms-id>293</ei-ms-id>
      <id>33430</id>
      <intensity>530.0</intensity>
      <mass-charge>82.0</mass-charge>
    </ei-ms-peak>
    <ei-ms-peak>
      <ei-ms-id>293</ei-ms-id>
      <id>33431</id>
      <intensity>9999.0</intensity>
      <mass-charge>83.0</mass-charge>
    </ei-ms-peak>
    <ei-ms-peak>
      <ei-ms-id>293</ei-ms-id>
      <id>33432</id>
      <intensity>470.0</intensity>
      <mass-charge>84.0</mass-charge>
    </ei-ms-peak>
    <ei-ms-peak>
      <ei-ms-id>293</ei-ms-id>
      <id>33433</id>
      <intensity>7149.0</intensity>
      <mass-charge>85.0</mass-charge>
    </ei-ms-peak>
    <ei-ms-peak>
      <ei-ms-id>293</ei-ms-id>
      <id>33434</id>
      <intensity>140.0</intensity>
      <mass-charge>86.0</mass-charge>
    </ei-ms-peak>
    <ei-ms-peak>
      <ei-ms-id>293</ei-ms-id>
      <id>33435</id>
      <intensity>1270.0</intensity>
      <mass-charge>87.0</mass-charge>
    </ei-ms-peak>
    <ei-ms-peak>
      <ei-ms-id>293</ei-ms-id>
      <id>33436</id>
      <intensity>10.0</intensity>
      <mass-charge>88.0</mass-charge>
    </ei-ms-peak>
    <ei-ms-peak>
      <ei-ms-id>293</ei-ms-id>
      <id>33437</id>
      <intensity>160.0</intensity>
      <mass-charge>117.0</mass-charge>
    </ei-ms-peak>
    <ei-ms-peak>
      <ei-ms-id>293</ei-ms-id>
      <id>33438</id>
      <intensity>250.0</intensity>
      <mass-charge>118.0</mass-charge>
    </ei-ms-peak>
    <ei-ms-peak>
      <ei-ms-id>293</ei-ms-id>
      <id>33439</id>
      <intensity>160.0</intensity>
      <mass-charge>119.0</mass-charge>
    </ei-ms-peak>
    <ei-ms-peak>
      <ei-ms-id>293</ei-ms-id>
      <id>33440</id>
      <intensity>240.0</intensity>
      <mass-charge>120.0</mass-charge>
    </ei-ms-peak>
    <ei-ms-peak>
      <ei-ms-id>293</ei-ms-id>
      <id>33441</id>
      <intensity>50.0</intensity>
      <mass-charge>121.0</mass-charge>
    </ei-ms-peak>
    <ei-ms-peak>
      <ei-ms-id>293</ei-ms-id>
      <id>33442</id>
      <intensity>80.0</intensity>
      <mass-charge>122.0</mass-charge>
    </ei-ms-peak>
    <ei-ms-peak>
      <ei-ms-id>293</ei-ms-id>
      <id>33443</id>
      <intensity>10.0</intensity>
      <mass-charge>123.0</mass-charge>
    </ei-ms-peak>
    <ei-ms-peak>
      <ei-ms-id>293</ei-ms-id>
      <id>33444</id>
      <intensity>10.0</intensity>
      <mass-charge>124.0</mass-charge>
    </ei-ms-peak>
  </ei-ms-peaks>
</ei-ms>
