<?xml version="1.0" encoding="UTF-8"?>
<ei-ms>
  <collection-date nil="true"/>
  <created-at>2014-09-20T16:40:04Z</created-at>
  <database-id>HMDB60334</database-id>
  <id>940</id>
  <inchi-key>PAAZPARNPHGIKF-UHFFFAOYSA-N</inchi-key>
  <instrument-type nil="true"/>
  <molecule-id nil="true"/>
  <notes nil="true"/>
  <peak-counter>40</peak-counter>
  <sample-assessment nil="true"/>
  <sample-concentration nil="true"/>
  <sample-concentration-units nil="true"/>
  <sample-mass nil="true"/>
  <sample-mass-units nil="true"/>
  <sample-source nil="true"/>
  <solvent nil="true"/>
  <spectra-assessment nil="true"/>
  <updated-at>2014-09-20T16:40:04Z</updated-at>
  <references>
    <reference>
      <database>NIST</database>
      <database-id>106-93-4</database-id>
      <id>15812</id>
      <pubmed-id nil="true"/>
      <ref-text>NIST Mass Spec Data Center, S.E. Stein, director, "Mass Spectra" in NIST Chemistry WebBook, NIST Standard Reference Database Number 69, Eds. P.J. Linstrom and W.G. Mallard, National Institute of Standards and Technology, Gaithersburg MD, 20899, http://webbook.nist.gov, (retrieved September 6, 2014).</ref-text>
      <spectra-id>940</spectra-id>
      <spectra-type>EiMs</spectra-type>
    </reference>
  </references>
  <ei-ms-peaks>
    <ei-ms-peak>
      <ei-ms-id>940</ei-ms-id>
      <id>101725</id>
      <intensity>66.0</intensity>
      <mass-charge>12.0</mass-charge>
    </ei-ms-peak>
    <ei-ms-peak>
      <ei-ms-id>940</ei-ms-id>
      <id>101726</id>
      <intensity>95.0</intensity>
      <mass-charge>13.0</mass-charge>
    </ei-ms-peak>
    <ei-ms-peak>
      <ei-ms-id>940</ei-ms-id>
      <id>101727</id>
      <intensity>189.0</intensity>
      <mass-charge>14.0</mass-charge>
    </ei-ms-peak>
    <ei-ms-peak>
      <ei-ms-id>940</ei-ms-id>
      <id>101728</id>
      <intensity>33.0</intensity>
      <mass-charge>15.0</mass-charge>
    </ei-ms-peak>
    <ei-ms-peak>
      <ei-ms-id>940</ei-ms-id>
      <id>101729</id>
      <intensity>2.0</intensity>
      <mass-charge>16.0</mass-charge>
    </ei-ms-peak>
    <ei-ms-peak>
      <ei-ms-id>940</ei-ms-id>
      <id>101730</id>
      <intensity>27.0</intensity>
      <mass-charge>17.0</mass-charge>
    </ei-ms-peak>
    <ei-ms-peak>
      <ei-ms-id>940</ei-ms-id>
      <id>101731</id>
      <intensity>17.0</intensity>
      <mass-charge>18.0</mass-charge>
    </ei-ms-peak>
    <ei-ms-peak>
      <ei-ms-id>940</ei-ms-id>
      <id>101732</id>
      <intensity>97.0</intensity>
      <mass-charge>24.0</mass-charge>
    </ei-ms-peak>
    <ei-ms-peak>
      <ei-ms-id>940</ei-ms-id>
      <id>101733</id>
      <intensity>546.0</intensity>
      <mass-charge>25.0</mass-charge>
    </ei-ms-peak>
    <ei-ms-peak>
      <ei-ms-id>940</ei-ms-id>
      <id>101734</id>
      <intensity>2920.0</intensity>
      <mass-charge>26.0</mass-charge>
    </ei-ms-peak>
    <ei-ms-peak>
      <ei-ms-id>940</ei-ms-id>
      <id>101735</id>
      <intensity>9749.0</intensity>
      <mass-charge>27.0</mass-charge>
    </ei-ms-peak>
    <ei-ms-peak>
      <ei-ms-id>940</ei-ms-id>
      <id>101736</id>
      <intensity>756.0</intensity>
      <mass-charge>28.0</mass-charge>
    </ei-ms-peak>
    <ei-ms-peak>
      <ei-ms-id>940</ei-ms-id>
      <id>101737</id>
      <intensity>22.0</intensity>
      <mass-charge>29.0</mass-charge>
    </ei-ms-peak>
    <ei-ms-peak>
      <ei-ms-id>940</ei-ms-id>
      <id>101738</id>
      <intensity>12.0</intensity>
      <mass-charge>53.0</mass-charge>
    </ei-ms-peak>
    <ei-ms-peak>
      <ei-ms-id>940</ei-ms-id>
      <id>101739</id>
      <intensity>12.0</intensity>
      <mass-charge>65.0</mass-charge>
    </ei-ms-peak>
    <ei-ms-peak>
      <ei-ms-id>940</ei-ms-id>
      <id>101740</id>
      <intensity>631.0</intensity>
      <mass-charge>79.0</mass-charge>
    </ei-ms-peak>
    <ei-ms-peak>
      <ei-ms-id>940</ei-ms-id>
      <id>101741</id>
      <intensity>247.0</intensity>
      <mass-charge>80.0</mass-charge>
    </ei-ms-peak>
    <ei-ms-peak>
      <ei-ms-id>940</ei-ms-id>
      <id>101742</id>
      <intensity>735.0</intensity>
      <mass-charge>81.0</mass-charge>
    </ei-ms-peak>
    <ei-ms-peak>
      <ei-ms-id>940</ei-ms-id>
      <id>101743</id>
      <intensity>216.0</intensity>
      <mass-charge>82.0</mass-charge>
    </ei-ms-peak>
    <ei-ms-peak>
      <ei-ms-id>940</ei-ms-id>
      <id>101744</id>
      <intensity>25.0</intensity>
      <mass-charge>83.0</mass-charge>
    </ei-ms-peak>
    <ei-ms-peak>
      <ei-ms-id>940</ei-ms-id>
      <id>101745</id>
      <intensity>131.0</intensity>
      <mass-charge>91.0</mass-charge>
    </ei-ms-peak>
    <ei-ms-peak>
      <ei-ms-id>940</ei-ms-id>
      <id>101746</id>
      <intensity>128.0</intensity>
      <mass-charge>92.0</mass-charge>
    </ei-ms-peak>
    <ei-ms-peak>
      <ei-ms-id>940</ei-ms-id>
      <id>101747</id>
      <intensity>591.0</intensity>
      <mass-charge>93.0</mass-charge>
    </ei-ms-peak>
    <ei-ms-peak>
      <ei-ms-id>940</ei-ms-id>
      <id>101748</id>
      <intensity>134.0</intensity>
      <mass-charge>94.0</mass-charge>
    </ei-ms-peak>
    <ei-ms-peak>
      <ei-ms-id>940</ei-ms-id>
      <id>101749</id>
      <intensity>473.0</intensity>
      <mass-charge>95.0</mass-charge>
    </ei-ms-peak>
    <ei-ms-peak>
      <ei-ms-id>940</ei-ms-id>
      <id>101750</id>
      <intensity>29.0</intensity>
      <mass-charge>103.0</mass-charge>
    </ei-ms-peak>
    <ei-ms-peak>
      <ei-ms-id>940</ei-ms-id>
      <id>101751</id>
      <intensity>163.0</intensity>
      <mass-charge>104.0</mass-charge>
    </ei-ms-peak>
    <ei-ms-peak>
      <ei-ms-id>940</ei-ms-id>
      <id>101752</id>
      <intensity>375.0</intensity>
      <mass-charge>105.0</mass-charge>
    </ei-ms-peak>
    <ei-ms-peak>
      <ei-ms-id>940</ei-ms-id>
      <id>101753</id>
      <intensity>29.0</intensity>
      <mass-charge>106.0</mass-charge>
    </ei-ms-peak>
    <ei-ms-peak>
      <ei-ms-id>940</ei-ms-id>
      <id>101754</id>
      <intensity>9999.0</intensity>
      <mass-charge>107.0</mass-charge>
    </ei-ms-peak>
    <ei-ms-peak>
      <ei-ms-id>940</ei-ms-id>
      <id>101755</id>
      <intensity>29.0</intensity>
      <mass-charge>108.0</mass-charge>
    </ei-ms-peak>
    <ei-ms-peak>
      <ei-ms-id>940</ei-ms-id>
      <id>101756</id>
      <intensity>9902.0</intensity>
      <mass-charge>109.0</mass-charge>
    </ei-ms-peak>
    <ei-ms-peak>
      <ei-ms-id>940</ei-ms-id>
      <id>101757</id>
      <intensity>194.0</intensity>
      <mass-charge>110.0</mass-charge>
    </ei-ms-peak>
    <ei-ms-peak>
      <ei-ms-id>940</ei-ms-id>
      <id>101758</id>
      <intensity>46.0</intensity>
      <mass-charge>158.0</mass-charge>
    </ei-ms-peak>
    <ei-ms-peak>
      <ei-ms-id>940</ei-ms-id>
      <id>101759</id>
      <intensity>88.0</intensity>
      <mass-charge>160.0</mass-charge>
    </ei-ms-peak>
    <ei-ms-peak>
      <ei-ms-id>940</ei-ms-id>
      <id>101760</id>
      <intensity>52.0</intensity>
      <mass-charge>162.0</mass-charge>
    </ei-ms-peak>
    <ei-ms-peak>
      <ei-ms-id>940</ei-ms-id>
      <id>101761</id>
      <intensity>212.0</intensity>
      <mass-charge>186.0</mass-charge>
    </ei-ms-peak>
    <ei-ms-peak>
      <ei-ms-id>940</ei-ms-id>
      <id>101762</id>
      <intensity>437.0</intensity>
      <mass-charge>188.0</mass-charge>
    </ei-ms-peak>
    <ei-ms-peak>
      <ei-ms-id>940</ei-ms-id>
      <id>101763</id>
      <intensity>56.0</intensity>
      <mass-charge>189.0</mass-charge>
    </ei-ms-peak>
    <ei-ms-peak>
      <ei-ms-id>940</ei-ms-id>
      <id>101764</id>
      <intensity>209.0</intensity>
      <mass-charge>190.0</mass-charge>
    </ei-ms-peak>
  </ei-ms-peaks>
</ei-ms>
