<?xml version="1.0" encoding="UTF-8"?>
<ei-ms>
  <collection-date nil="true"/>
  <created-at>2014-09-20T16:26:06Z</created-at>
  <database-id>HMDB00772</database-id>
  <id>355</id>
  <inchi-key>ISYWECDDZWTKFF-UHFFFAOYSA-N</inchi-key>
  <instrument-type nil="true"/>
  <molecule-id nil="true"/>
  <notes nil="true"/>
  <peak-counter>182</peak-counter>
  <sample-assessment nil="true"/>
  <sample-concentration nil="true"/>
  <sample-concentration-units nil="true"/>
  <sample-mass nil="true"/>
  <sample-mass-units nil="true"/>
  <sample-source nil="true"/>
  <solvent nil="true"/>
  <spectra-assessment nil="true"/>
  <updated-at>2014-09-20T16:26:06Z</updated-at>
  <references>
    <reference>
      <database>NIST</database>
      <database-id>646-30-0</database-id>
      <id>15227</id>
      <pubmed-id nil="true"/>
      <ref-text>NIST Mass Spec Data Center, S.E. Stein, director, "Mass Spectra" in NIST Chemistry WebBook, NIST Standard Reference Database Number 69, Eds. P.J. Linstrom and W.G. Mallard, National Institute of Standards and Technology, Gaithersburg MD, 20899, http://webbook.nist.gov, (retrieved September 6, 2014).</ref-text>
      <spectra-id>355</spectra-id>
      <spectra-type>EiMs</spectra-type>
    </reference>
  </references>
  <ei-ms-peaks>
    <ei-ms-peak>
      <ei-ms-id>355</ei-ms-id>
      <id>39689</id>
      <intensity>14.0</intensity>
      <mass-charge>26.0</mass-charge>
    </ei-ms-peak>
    <ei-ms-peak>
      <ei-ms-id>355</ei-ms-id>
      <id>39690</id>
      <intensity>1434.0</intensity>
      <mass-charge>27.0</mass-charge>
    </ei-ms-peak>
    <ei-ms-peak>
      <ei-ms-id>355</ei-ms-id>
      <id>39691</id>
      <intensity>418.0</intensity>
      <mass-charge>28.0</mass-charge>
    </ei-ms-peak>
    <ei-ms-peak>
      <ei-ms-id>355</ei-ms-id>
      <id>39692</id>
      <intensity>3884.0</intensity>
      <mass-charge>29.0</mass-charge>
    </ei-ms-peak>
    <ei-ms-peak>
      <ei-ms-id>355</ei-ms-id>
      <id>39693</id>
      <intensity>117.0</intensity>
      <mass-charge>30.0</mass-charge>
    </ei-ms-peak>
    <ei-ms-peak>
      <ei-ms-id>355</ei-ms-id>
      <id>39694</id>
      <intensity>129.0</intensity>
      <mass-charge>31.0</mass-charge>
    </ei-ms-peak>
    <ei-ms-peak>
      <ei-ms-id>355</ei-ms-id>
      <id>39695</id>
      <intensity>11.0</intensity>
      <mass-charge>33.0</mass-charge>
    </ei-ms-peak>
    <ei-ms-peak>
      <ei-ms-id>355</ei-ms-id>
      <id>39696</id>
      <intensity>22.0</intensity>
      <mass-charge>36.0</mass-charge>
    </ei-ms-peak>
    <ei-ms-peak>
      <ei-ms-id>355</ei-ms-id>
      <id>39697</id>
      <intensity>10.0</intensity>
      <mass-charge>37.0</mass-charge>
    </ei-ms-peak>
    <ei-ms-peak>
      <ei-ms-id>355</ei-ms-id>
      <id>39698</id>
      <intensity>721.0</intensity>
      <mass-charge>39.0</mass-charge>
    </ei-ms-peak>
    <ei-ms-peak>
      <ei-ms-id>355</ei-ms-id>
      <id>39699</id>
      <intensity>163.0</intensity>
      <mass-charge>40.0</mass-charge>
    </ei-ms-peak>
    <ei-ms-peak>
      <ei-ms-id>355</ei-ms-id>
      <id>39700</id>
      <intensity>6989.0</intensity>
      <mass-charge>41.0</mass-charge>
    </ei-ms-peak>
    <ei-ms-peak>
      <ei-ms-id>355</ei-ms-id>
      <id>39701</id>
      <intensity>1461.0</intensity>
      <mass-charge>42.0</mass-charge>
    </ei-ms-peak>
    <ei-ms-peak>
      <ei-ms-id>355</ei-ms-id>
      <id>39702</id>
      <intensity>9999.0</intensity>
      <mass-charge>43.0</mass-charge>
    </ei-ms-peak>
    <ei-ms-peak>
      <ei-ms-id>355</ei-ms-id>
      <id>39703</id>
      <intensity>338.0</intensity>
      <mass-charge>44.0</mass-charge>
    </ei-ms-peak>
    <ei-ms-peak>
      <ei-ms-id>355</ei-ms-id>
      <id>39704</id>
      <intensity>593.0</intensity>
      <mass-charge>45.0</mass-charge>
    </ei-ms-peak>
    <ei-ms-peak>
      <ei-ms-id>355</ei-ms-id>
      <id>39705</id>
      <intensity>15.0</intensity>
      <mass-charge>46.0</mass-charge>
    </ei-ms-peak>
    <ei-ms-peak>
      <ei-ms-id>355</ei-ms-id>
      <id>39706</id>
      <intensity>18.0</intensity>
      <mass-charge>47.0</mass-charge>
    </ei-ms-peak>
    <ei-ms-peak>
      <ei-ms-id>355</ei-ms-id>
      <id>39707</id>
      <intensity>13.0</intensity>
      <mass-charge>50.0</mass-charge>
    </ei-ms-peak>
    <ei-ms-peak>
      <ei-ms-id>355</ei-ms-id>
      <id>39708</id>
      <intensity>23.0</intensity>
      <mass-charge>51.0</mass-charge>
    </ei-ms-peak>
    <ei-ms-peak>
      <ei-ms-id>355</ei-ms-id>
      <id>39709</id>
      <intensity>18.0</intensity>
      <mass-charge>52.0</mass-charge>
    </ei-ms-peak>
    <ei-ms-peak>
      <ei-ms-id>355</ei-ms-id>
      <id>39710</id>
      <intensity>315.0</intensity>
      <mass-charge>53.0</mass-charge>
    </ei-ms-peak>
    <ei-ms-peak>
      <ei-ms-id>355</ei-ms-id>
      <id>39711</id>
      <intensity>525.0</intensity>
      <mass-charge>54.0</mass-charge>
    </ei-ms-peak>
    <ei-ms-peak>
      <ei-ms-id>355</ei-ms-id>
      <id>39712</id>
      <intensity>6131.0</intensity>
      <mass-charge>55.0</mass-charge>
    </ei-ms-peak>
    <ei-ms-peak>
      <ei-ms-id>355</ei-ms-id>
      <id>39713</id>
      <intensity>1582.0</intensity>
      <mass-charge>56.0</mass-charge>
    </ei-ms-peak>
    <ei-ms-peak>
      <ei-ms-id>355</ei-ms-id>
      <id>39714</id>
      <intensity>7198.0</intensity>
      <mass-charge>57.0</mass-charge>
    </ei-ms-peak>
    <ei-ms-peak>
      <ei-ms-id>355</ei-ms-id>
      <id>39715</id>
      <intensity>332.0</intensity>
      <mass-charge>58.0</mass-charge>
    </ei-ms-peak>
    <ei-ms-peak>
      <ei-ms-id>355</ei-ms-id>
      <id>39716</id>
      <intensity>345.0</intensity>
      <mass-charge>59.0</mass-charge>
    </ei-ms-peak>
    <ei-ms-peak>
      <ei-ms-id>355</ei-ms-id>
      <id>39717</id>
      <intensity>6864.0</intensity>
      <mass-charge>60.0</mass-charge>
    </ei-ms-peak>
    <ei-ms-peak>
      <ei-ms-id>355</ei-ms-id>
      <id>39718</id>
      <intensity>2324.0</intensity>
      <mass-charge>61.0</mass-charge>
    </ei-ms-peak>
    <ei-ms-peak>
      <ei-ms-id>355</ei-ms-id>
      <id>39719</id>
      <intensity>83.0</intensity>
      <mass-charge>62.0</mass-charge>
    </ei-ms-peak>
    <ei-ms-peak>
      <ei-ms-id>355</ei-ms-id>
      <id>39720</id>
      <intensity>12.0</intensity>
      <mass-charge>63.0</mass-charge>
    </ei-ms-peak>
    <ei-ms-peak>
      <ei-ms-id>355</ei-ms-id>
      <id>39721</id>
      <intensity>45.0</intensity>
      <mass-charge>65.0</mass-charge>
    </ei-ms-peak>
    <ei-ms-peak>
      <ei-ms-id>355</ei-ms-id>
      <id>39722</id>
      <intensity>51.0</intensity>
      <mass-charge>66.0</mass-charge>
    </ei-ms-peak>
    <ei-ms-peak>
      <ei-ms-id>355</ei-ms-id>
      <id>39723</id>
      <intensity>617.0</intensity>
      <mass-charge>67.0</mass-charge>
    </ei-ms-peak>
    <ei-ms-peak>
      <ei-ms-id>355</ei-ms-id>
      <id>39724</id>
      <intensity>517.0</intensity>
      <mass-charge>68.0</mass-charge>
    </ei-ms-peak>
    <ei-ms-peak>
      <ei-ms-id>355</ei-ms-id>
      <id>39725</id>
      <intensity>3369.0</intensity>
      <mass-charge>69.0</mass-charge>
    </ei-ms-peak>
    <ei-ms-peak>
      <ei-ms-id>355</ei-ms-id>
      <id>39726</id>
      <intensity>905.0</intensity>
      <mass-charge>70.0</mass-charge>
    </ei-ms-peak>
    <ei-ms-peak>
      <ei-ms-id>355</ei-ms-id>
      <id>39727</id>
      <intensity>3371.0</intensity>
      <mass-charge>71.0</mass-charge>
    </ei-ms-peak>
    <ei-ms-peak>
      <ei-ms-id>355</ei-ms-id>
      <id>39728</id>
      <intensity>192.0</intensity>
      <mass-charge>72.0</mass-charge>
    </ei-ms-peak>
    <ei-ms-peak>
      <ei-ms-id>355</ei-ms-id>
      <id>39729</id>
      <intensity>7493.0</intensity>
      <mass-charge>73.0</mass-charge>
    </ei-ms-peak>
    <ei-ms-peak>
      <ei-ms-id>355</ei-ms-id>
      <id>39730</id>
      <intensity>581.0</intensity>
      <mass-charge>74.0</mass-charge>
    </ei-ms-peak>
    <ei-ms-peak>
      <ei-ms-id>355</ei-ms-id>
      <id>39731</id>
      <intensity>53.0</intensity>
      <mass-charge>75.0</mass-charge>
    </ei-ms-peak>
    <ei-ms-peak>
      <ei-ms-id>355</ei-ms-id>
      <id>39732</id>
      <intensity>42.0</intensity>
      <mass-charge>77.0</mass-charge>
    </ei-ms-peak>
    <ei-ms-peak>
      <ei-ms-id>355</ei-ms-id>
      <id>39733</id>
      <intensity>18.0</intensity>
      <mass-charge>78.0</mass-charge>
    </ei-ms-peak>
    <ei-ms-peak>
      <ei-ms-id>355</ei-ms-id>
      <id>39734</id>
      <intensity>113.0</intensity>
      <mass-charge>79.0</mass-charge>
    </ei-ms-peak>
    <ei-ms-peak>
      <ei-ms-id>355</ei-ms-id>
      <id>39735</id>
      <intensity>61.0</intensity>
      <mass-charge>80.0</mass-charge>
    </ei-ms-peak>
    <ei-ms-peak>
      <ei-ms-id>355</ei-ms-id>
      <id>39736</id>
      <intensity>404.0</intensity>
      <mass-charge>81.0</mass-charge>
    </ei-ms-peak>
    <ei-ms-peak>
      <ei-ms-id>355</ei-ms-id>
      <id>39737</id>
      <intensity>459.0</intensity>
      <mass-charge>82.0</mass-charge>
    </ei-ms-peak>
    <ei-ms-peak>
      <ei-ms-id>355</ei-ms-id>
      <id>39738</id>
      <intensity>2206.0</intensity>
      <mass-charge>83.0</mass-charge>
    </ei-ms-peak>
    <ei-ms-peak>
      <ei-ms-id>355</ei-ms-id>
      <id>39739</id>
      <intensity>844.0</intensity>
      <mass-charge>84.0</mass-charge>
    </ei-ms-peak>
    <ei-ms-peak>
      <ei-ms-id>355</ei-ms-id>
      <id>39740</id>
      <intensity>1961.0</intensity>
      <mass-charge>85.0</mass-charge>
    </ei-ms-peak>
    <ei-ms-peak>
      <ei-ms-id>355</ei-ms-id>
      <id>39741</id>
      <intensity>151.0</intensity>
      <mass-charge>86.0</mass-charge>
    </ei-ms-peak>
    <ei-ms-peak>
      <ei-ms-id>355</ei-ms-id>
      <id>39742</id>
      <intensity>1197.0</intensity>
      <mass-charge>87.0</mass-charge>
    </ei-ms-peak>
    <ei-ms-peak>
      <ei-ms-id>355</ei-ms-id>
      <id>39743</id>
      <intensity>132.0</intensity>
      <mass-charge>88.0</mass-charge>
    </ei-ms-peak>
    <ei-ms-peak>
      <ei-ms-id>355</ei-ms-id>
      <id>39744</id>
      <intensity>16.0</intensity>
      <mass-charge>89.0</mass-charge>
    </ei-ms-peak>
    <ei-ms-peak>
      <ei-ms-id>355</ei-ms-id>
      <id>39745</id>
      <intensity>12.0</intensity>
      <mass-charge>91.0</mass-charge>
    </ei-ms-peak>
    <ei-ms-peak>
      <ei-ms-id>355</ei-ms-id>
      <id>39746</id>
      <intensity>98.0</intensity>
      <mass-charge>93.0</mass-charge>
    </ei-ms-peak>
    <ei-ms-peak>
      <ei-ms-id>355</ei-ms-id>
      <id>39747</id>
      <intensity>49.0</intensity>
      <mass-charge>94.0</mass-charge>
    </ei-ms-peak>
    <ei-ms-peak>
      <ei-ms-id>355</ei-ms-id>
      <id>39748</id>
      <intensity>301.0</intensity>
      <mass-charge>95.0</mass-charge>
    </ei-ms-peak>
    <ei-ms-peak>
      <ei-ms-id>355</ei-ms-id>
      <id>39749</id>
      <intensity>317.0</intensity>
      <mass-charge>96.0</mass-charge>
    </ei-ms-peak>
    <ei-ms-peak>
      <ei-ms-id>355</ei-ms-id>
      <id>39750</id>
      <intensity>1606.0</intensity>
      <mass-charge>97.0</mass-charge>
    </ei-ms-peak>
    <ei-ms-peak>
      <ei-ms-id>355</ei-ms-id>
      <id>39751</id>
      <intensity>979.0</intensity>
      <mass-charge>98.0</mass-charge>
    </ei-ms-peak>
    <ei-ms-peak>
      <ei-ms-id>355</ei-ms-id>
      <id>39752</id>
      <intensity>561.0</intensity>
      <mass-charge>99.0</mass-charge>
    </ei-ms-peak>
    <ei-ms-peak>
      <ei-ms-id>355</ei-ms-id>
      <id>39753</id>
      <intensity>82.0</intensity>
      <mass-charge>100.0</mass-charge>
    </ei-ms-peak>
    <ei-ms-peak>
      <ei-ms-id>355</ei-ms-id>
      <id>39754</id>
      <intensity>543.0</intensity>
      <mass-charge>101.0</mass-charge>
    </ei-ms-peak>
    <ei-ms-peak>
      <ei-ms-id>355</ei-ms-id>
      <id>39755</id>
      <intensity>180.0</intensity>
      <mass-charge>102.0</mass-charge>
    </ei-ms-peak>
    <ei-ms-peak>
      <ei-ms-id>355</ei-ms-id>
      <id>39756</id>
      <intensity>8.0</intensity>
      <mass-charge>103.0</mass-charge>
    </ei-ms-peak>
    <ei-ms-peak>
      <ei-ms-id>355</ei-ms-id>
      <id>39757</id>
      <intensity>10.0</intensity>
      <mass-charge>105.0</mass-charge>
    </ei-ms-peak>
    <ei-ms-peak>
      <ei-ms-id>355</ei-ms-id>
      <id>39758</id>
      <intensity>73.0</intensity>
      <mass-charge>107.0</mass-charge>
    </ei-ms-peak>
    <ei-ms-peak>
      <ei-ms-id>355</ei-ms-id>
      <id>39759</id>
      <intensity>31.0</intensity>
      <mass-charge>108.0</mass-charge>
    </ei-ms-peak>
    <ei-ms-peak>
      <ei-ms-id>355</ei-ms-id>
      <id>39760</id>
      <intensity>127.0</intensity>
      <mass-charge>109.0</mass-charge>
    </ei-ms-peak>
    <ei-ms-peak>
      <ei-ms-id>355</ei-ms-id>
      <id>39761</id>
      <intensity>173.0</intensity>
      <mass-charge>110.0</mass-charge>
    </ei-ms-peak>
    <ei-ms-peak>
      <ei-ms-id>355</ei-ms-id>
      <id>39762</id>
      <intensity>713.0</intensity>
      <mass-charge>111.0</mass-charge>
    </ei-ms-peak>
    <ei-ms-peak>
      <ei-ms-id>355</ei-ms-id>
      <id>39763</id>
      <intensity>290.0</intensity>
      <mass-charge>112.0</mass-charge>
    </ei-ms-peak>
    <ei-ms-peak>
      <ei-ms-id>355</ei-ms-id>
      <id>39764</id>
      <intensity>324.0</intensity>
      <mass-charge>113.0</mass-charge>
    </ei-ms-peak>
    <ei-ms-peak>
      <ei-ms-id>355</ei-ms-id>
      <id>39765</id>
      <intensity>53.0</intensity>
      <mass-charge>114.0</mass-charge>
    </ei-ms-peak>
    <ei-ms-peak>
      <ei-ms-id>355</ei-ms-id>
      <id>39766</id>
      <intensity>803.0</intensity>
      <mass-charge>115.0</mass-charge>
    </ei-ms-peak>
    <ei-ms-peak>
      <ei-ms-id>355</ei-ms-id>
      <id>39767</id>
      <intensity>416.0</intensity>
      <mass-charge>116.0</mass-charge>
    </ei-ms-peak>
    <ei-ms-peak>
      <ei-ms-id>355</ei-ms-id>
      <id>39768</id>
      <intensity>36.0</intensity>
      <mass-charge>117.0</mass-charge>
    </ei-ms-peak>
    <ei-ms-peak>
      <ei-ms-id>355</ei-ms-id>
      <id>39769</id>
      <intensity>11.0</intensity>
      <mass-charge>119.0</mass-charge>
    </ei-ms-peak>
    <ei-ms-peak>
      <ei-ms-id>355</ei-ms-id>
      <id>39770</id>
      <intensity>7.0</intensity>
      <mass-charge>120.0</mass-charge>
    </ei-ms-peak>
    <ei-ms-peak>
      <ei-ms-id>355</ei-ms-id>
      <id>39771</id>
      <intensity>105.0</intensity>
      <mass-charge>121.0</mass-charge>
    </ei-ms-peak>
    <ei-ms-peak>
      <ei-ms-id>355</ei-ms-id>
      <id>39772</id>
      <intensity>20.0</intensity>
      <mass-charge>122.0</mass-charge>
    </ei-ms-peak>
    <ei-ms-peak>
      <ei-ms-id>355</ei-ms-id>
      <id>39773</id>
      <intensity>69.0</intensity>
      <mass-charge>123.0</mass-charge>
    </ei-ms-peak>
    <ei-ms-peak>
      <ei-ms-id>355</ei-ms-id>
      <id>39774</id>
      <intensity>85.0</intensity>
      <mass-charge>124.0</mass-charge>
    </ei-ms-peak>
    <ei-ms-peak>
      <ei-ms-id>355</ei-ms-id>
      <id>39775</id>
      <intensity>357.0</intensity>
      <mass-charge>125.0</mass-charge>
    </ei-ms-peak>
    <ei-ms-peak>
      <ei-ms-id>355</ei-ms-id>
      <id>39776</id>
      <intensity>123.0</intensity>
      <mass-charge>126.0</mass-charge>
    </ei-ms-peak>
    <ei-ms-peak>
      <ei-ms-id>355</ei-ms-id>
      <id>39777</id>
      <intensity>205.0</intensity>
      <mass-charge>127.0</mass-charge>
    </ei-ms-peak>
    <ei-ms-peak>
      <ei-ms-id>355</ei-ms-id>
      <id>39778</id>
      <intensity>33.0</intensity>
      <mass-charge>128.0</mass-charge>
    </ei-ms-peak>
    <ei-ms-peak>
      <ei-ms-id>355</ei-ms-id>
      <id>39779</id>
      <intensity>2239.0</intensity>
      <mass-charge>129.0</mass-charge>
    </ei-ms-peak>
    <ei-ms-peak>
      <ei-ms-id>355</ei-ms-id>
      <id>39780</id>
      <intensity>277.0</intensity>
      <mass-charge>130.0</mass-charge>
    </ei-ms-peak>
    <ei-ms-peak>
      <ei-ms-id>355</ei-ms-id>
      <id>39781</id>
      <intensity>19.0</intensity>
      <mass-charge>131.0</mass-charge>
    </ei-ms-peak>
    <ei-ms-peak>
      <ei-ms-id>355</ei-ms-id>
      <id>39782</id>
      <intensity>15.0</intensity>
      <mass-charge>133.0</mass-charge>
    </ei-ms-peak>
    <ei-ms-peak>
      <ei-ms-id>355</ei-ms-id>
      <id>39783</id>
      <intensity>9.0</intensity>
      <mass-charge>134.0</mass-charge>
    </ei-ms-peak>
    <ei-ms-peak>
      <ei-ms-id>355</ei-ms-id>
      <id>39784</id>
      <intensity>77.0</intensity>
      <mass-charge>135.0</mass-charge>
    </ei-ms-peak>
    <ei-ms-peak>
      <ei-ms-id>355</ei-ms-id>
      <id>39785</id>
      <intensity>14.0</intensity>
      <mass-charge>136.0</mass-charge>
    </ei-ms-peak>
    <ei-ms-peak>
      <ei-ms-id>355</ei-ms-id>
      <id>39786</id>
      <intensity>38.0</intensity>
      <mass-charge>137.0</mass-charge>
    </ei-ms-peak>
    <ei-ms-peak>
      <ei-ms-id>355</ei-ms-id>
      <id>39787</id>
      <intensity>55.0</intensity>
      <mass-charge>138.0</mass-charge>
    </ei-ms-peak>
    <ei-ms-peak>
      <ei-ms-id>355</ei-ms-id>
      <id>39788</id>
      <intensity>154.0</intensity>
      <mass-charge>139.0</mass-charge>
    </ei-ms-peak>
    <ei-ms-peak>
      <ei-ms-id>355</ei-ms-id>
      <id>39789</id>
      <intensity>99.0</intensity>
      <mass-charge>140.0</mass-charge>
    </ei-ms-peak>
    <ei-ms-peak>
      <ei-ms-id>355</ei-ms-id>
      <id>39790</id>
      <intensity>167.0</intensity>
      <mass-charge>141.0</mass-charge>
    </ei-ms-peak>
    <ei-ms-peak>
      <ei-ms-id>355</ei-ms-id>
      <id>39791</id>
      <intensity>20.0</intensity>
      <mass-charge>142.0</mass-charge>
    </ei-ms-peak>
    <ei-ms-peak>
      <ei-ms-id>355</ei-ms-id>
      <id>39792</id>
      <intensity>349.0</intensity>
      <mass-charge>143.0</mass-charge>
    </ei-ms-peak>
    <ei-ms-peak>
      <ei-ms-id>355</ei-ms-id>
      <id>39793</id>
      <intensity>71.0</intensity>
      <mass-charge>144.0</mass-charge>
    </ei-ms-peak>
    <ei-ms-peak>
      <ei-ms-id>355</ei-ms-id>
      <id>39794</id>
      <intensity>48.0</intensity>
      <mass-charge>149.0</mass-charge>
    </ei-ms-peak>
    <ei-ms-peak>
      <ei-ms-id>355</ei-ms-id>
      <id>39795</id>
      <intensity>5.0</intensity>
      <mass-charge>150.0</mass-charge>
    </ei-ms-peak>
    <ei-ms-peak>
      <ei-ms-id>355</ei-ms-id>
      <id>39796</id>
      <intensity>13.0</intensity>
      <mass-charge>151.0</mass-charge>
    </ei-ms-peak>
    <ei-ms-peak>
      <ei-ms-id>355</ei-ms-id>
      <id>39797</id>
      <intensity>48.0</intensity>
      <mass-charge>152.0</mass-charge>
    </ei-ms-peak>
    <ei-ms-peak>
      <ei-ms-id>355</ei-ms-id>
      <id>39798</id>
      <intensity>99.0</intensity>
      <mass-charge>153.0</mass-charge>
    </ei-ms-peak>
    <ei-ms-peak>
      <ei-ms-id>355</ei-ms-id>
      <id>39799</id>
      <intensity>73.0</intensity>
      <mass-charge>154.0</mass-charge>
    </ei-ms-peak>
    <ei-ms-peak>
      <ei-ms-id>355</ei-ms-id>
      <id>39800</id>
      <intensity>123.0</intensity>
      <mass-charge>155.0</mass-charge>
    </ei-ms-peak>
    <ei-ms-peak>
      <ei-ms-id>355</ei-ms-id>
      <id>39801</id>
      <intensity>14.0</intensity>
      <mass-charge>156.0</mass-charge>
    </ei-ms-peak>
    <ei-ms-peak>
      <ei-ms-id>355</ei-ms-id>
      <id>39802</id>
      <intensity>221.0</intensity>
      <mass-charge>157.0</mass-charge>
    </ei-ms-peak>
    <ei-ms-peak>
      <ei-ms-id>355</ei-ms-id>
      <id>39803</id>
      <intensity>60.0</intensity>
      <mass-charge>158.0</mass-charge>
    </ei-ms-peak>
    <ei-ms-peak>
      <ei-ms-id>355</ei-ms-id>
      <id>39804</id>
      <intensity>26.0</intensity>
      <mass-charge>163.0</mass-charge>
    </ei-ms-peak>
    <ei-ms-peak>
      <ei-ms-id>355</ei-ms-id>
      <id>39805</id>
      <intensity>4.0</intensity>
      <mass-charge>165.0</mass-charge>
    </ei-ms-peak>
    <ei-ms-peak>
      <ei-ms-id>355</ei-ms-id>
      <id>39806</id>
      <intensity>28.0</intensity>
      <mass-charge>166.0</mass-charge>
    </ei-ms-peak>
    <ei-ms-peak>
      <ei-ms-id>355</ei-ms-id>
      <id>39807</id>
      <intensity>57.0</intensity>
      <mass-charge>167.0</mass-charge>
    </ei-ms-peak>
    <ei-ms-peak>
      <ei-ms-id>355</ei-ms-id>
      <id>39808</id>
      <intensity>36.0</intensity>
      <mass-charge>168.0</mass-charge>
    </ei-ms-peak>
    <ei-ms-peak>
      <ei-ms-id>355</ei-ms-id>
      <id>39809</id>
      <intensity>86.0</intensity>
      <mass-charge>169.0</mass-charge>
    </ei-ms-peak>
    <ei-ms-peak>
      <ei-ms-id>355</ei-ms-id>
      <id>39810</id>
      <intensity>21.0</intensity>
      <mass-charge>170.0</mass-charge>
    </ei-ms-peak>
    <ei-ms-peak>
      <ei-ms-id>355</ei-ms-id>
      <id>39811</id>
      <intensity>327.0</intensity>
      <mass-charge>171.0</mass-charge>
    </ei-ms-peak>
    <ei-ms-peak>
      <ei-ms-id>355</ei-ms-id>
      <id>39812</id>
      <intensity>79.0</intensity>
      <mass-charge>172.0</mass-charge>
    </ei-ms-peak>
    <ei-ms-peak>
      <ei-ms-id>355</ei-ms-id>
      <id>39813</id>
      <intensity>20.0</intensity>
      <mass-charge>173.0</mass-charge>
    </ei-ms-peak>
    <ei-ms-peak>
      <ei-ms-id>355</ei-ms-id>
      <id>39814</id>
      <intensity>9.0</intensity>
      <mass-charge>174.0</mass-charge>
    </ei-ms-peak>
    <ei-ms-peak>
      <ei-ms-id>355</ei-ms-id>
      <id>39815</id>
      <intensity>10.0</intensity>
      <mass-charge>177.0</mass-charge>
    </ei-ms-peak>
    <ei-ms-peak>
      <ei-ms-id>355</ei-ms-id>
      <id>39816</id>
      <intensity>33.0</intensity>
      <mass-charge>180.0</mass-charge>
    </ei-ms-peak>
    <ei-ms-peak>
      <ei-ms-id>355</ei-ms-id>
      <id>39817</id>
      <intensity>46.0</intensity>
      <mass-charge>181.0</mass-charge>
    </ei-ms-peak>
    <ei-ms-peak>
      <ei-ms-id>355</ei-ms-id>
      <id>39818</id>
      <intensity>37.0</intensity>
      <mass-charge>182.0</mass-charge>
    </ei-ms-peak>
    <ei-ms-peak>
      <ei-ms-id>355</ei-ms-id>
      <id>39819</id>
      <intensity>58.0</intensity>
      <mass-charge>183.0</mass-charge>
    </ei-ms-peak>
    <ei-ms-peak>
      <ei-ms-id>355</ei-ms-id>
      <id>39820</id>
      <intensity>8.0</intensity>
      <mass-charge>184.0</mass-charge>
    </ei-ms-peak>
    <ei-ms-peak>
      <ei-ms-id>355</ei-ms-id>
      <id>39821</id>
      <intensity>530.0</intensity>
      <mass-charge>185.0</mass-charge>
    </ei-ms-peak>
    <ei-ms-peak>
      <ei-ms-id>355</ei-ms-id>
      <id>39822</id>
      <intensity>110.0</intensity>
      <mass-charge>186.0</mass-charge>
    </ei-ms-peak>
    <ei-ms-peak>
      <ei-ms-id>355</ei-ms-id>
      <id>39823</id>
      <intensity>6.0</intensity>
      <mass-charge>187.0</mass-charge>
    </ei-ms-peak>
    <ei-ms-peak>
      <ei-ms-id>355</ei-ms-id>
      <id>39824</id>
      <intensity>4.0</intensity>
      <mass-charge>191.0</mass-charge>
    </ei-ms-peak>
    <ei-ms-peak>
      <ei-ms-id>355</ei-ms-id>
      <id>39825</id>
      <intensity>44.0</intensity>
      <mass-charge>194.0</mass-charge>
    </ei-ms-peak>
    <ei-ms-peak>
      <ei-ms-id>355</ei-ms-id>
      <id>39826</id>
      <intensity>53.0</intensity>
      <mass-charge>195.0</mass-charge>
    </ei-ms-peak>
    <ei-ms-peak>
      <ei-ms-id>355</ei-ms-id>
      <id>39827</id>
      <intensity>30.0</intensity>
      <mass-charge>196.0</mass-charge>
    </ei-ms-peak>
    <ei-ms-peak>
      <ei-ms-id>355</ei-ms-id>
      <id>39828</id>
      <intensity>33.0</intensity>
      <mass-charge>197.0</mass-charge>
    </ei-ms-peak>
    <ei-ms-peak>
      <ei-ms-id>355</ei-ms-id>
      <id>39829</id>
      <intensity>7.0</intensity>
      <mass-charge>198.0</mass-charge>
    </ei-ms-peak>
    <ei-ms-peak>
      <ei-ms-id>355</ei-ms-id>
      <id>39830</id>
      <intensity>459.0</intensity>
      <mass-charge>199.0</mass-charge>
    </ei-ms-peak>
    <ei-ms-peak>
      <ei-ms-id>355</ei-ms-id>
      <id>39831</id>
      <intensity>86.0</intensity>
      <mass-charge>200.0</mass-charge>
    </ei-ms-peak>
    <ei-ms-peak>
      <ei-ms-id>355</ei-ms-id>
      <id>39832</id>
      <intensity>13.0</intensity>
      <mass-charge>201.0</mass-charge>
    </ei-ms-peak>
    <ei-ms-peak>
      <ei-ms-id>355</ei-ms-id>
      <id>39833</id>
      <intensity>9.0</intensity>
      <mass-charge>208.0</mass-charge>
    </ei-ms-peak>
    <ei-ms-peak>
      <ei-ms-id>355</ei-ms-id>
      <id>39834</id>
      <intensity>19.0</intensity>
      <mass-charge>209.0</mass-charge>
    </ei-ms-peak>
    <ei-ms-peak>
      <ei-ms-id>355</ei-ms-id>
      <id>39835</id>
      <intensity>41.0</intensity>
      <mass-charge>210.0</mass-charge>
    </ei-ms-peak>
    <ei-ms-peak>
      <ei-ms-id>355</ei-ms-id>
      <id>39836</id>
      <intensity>4.0</intensity>
      <mass-charge>211.0</mass-charge>
    </ei-ms-peak>
    <ei-ms-peak>
      <ei-ms-id>355</ei-ms-id>
      <id>39837</id>
      <intensity>260.0</intensity>
      <mass-charge>213.0</mass-charge>
    </ei-ms-peak>
    <ei-ms-peak>
      <ei-ms-id>355</ei-ms-id>
      <id>39838</id>
      <intensity>46.0</intensity>
      <mass-charge>214.0</mass-charge>
    </ei-ms-peak>
    <ei-ms-peak>
      <ei-ms-id>355</ei-ms-id>
      <id>39839</id>
      <intensity>15.0</intensity>
      <mass-charge>218.0</mass-charge>
    </ei-ms-peak>
    <ei-ms-peak>
      <ei-ms-id>355</ei-ms-id>
      <id>39840</id>
      <intensity>14.0</intensity>
      <mass-charge>219.0</mass-charge>
    </ei-ms-peak>
    <ei-ms-peak>
      <ei-ms-id>355</ei-ms-id>
      <id>39841</id>
      <intensity>7.0</intensity>
      <mass-charge>223.0</mass-charge>
    </ei-ms-peak>
    <ei-ms-peak>
      <ei-ms-id>355</ei-ms-id>
      <id>39842</id>
      <intensity>11.0</intensity>
      <mass-charge>224.0</mass-charge>
    </ei-ms-peak>
    <ei-ms-peak>
      <ei-ms-id>355</ei-ms-id>
      <id>39843</id>
      <intensity>126.0</intensity>
      <mass-charge>227.0</mass-charge>
    </ei-ms-peak>
    <ei-ms-peak>
      <ei-ms-id>355</ei-ms-id>
      <id>39844</id>
      <intensity>24.0</intensity>
      <mass-charge>228.0</mass-charge>
    </ei-ms-peak>
    <ei-ms-peak>
      <ei-ms-id>355</ei-ms-id>
      <id>39845</id>
      <intensity>126.0</intensity>
      <mass-charge>236.0</mass-charge>
    </ei-ms-peak>
    <ei-ms-peak>
      <ei-ms-id>355</ei-ms-id>
      <id>39846</id>
      <intensity>27.0</intensity>
      <mass-charge>237.0</mass-charge>
    </ei-ms-peak>
    <ei-ms-peak>
      <ei-ms-id>355</ei-ms-id>
      <id>39847</id>
      <intensity>119.0</intensity>
      <mass-charge>238.0</mass-charge>
    </ei-ms-peak>
    <ei-ms-peak>
      <ei-ms-id>355</ei-ms-id>
      <id>39848</id>
      <intensity>96.0</intensity>
      <mass-charge>239.0</mass-charge>
    </ei-ms-peak>
    <ei-ms-peak>
      <ei-ms-id>355</ei-ms-id>
      <id>39849</id>
      <intensity>11.0</intensity>
      <mass-charge>240.0</mass-charge>
    </ei-ms-peak>
    <ei-ms-peak>
      <ei-ms-id>355</ei-ms-id>
      <id>39850</id>
      <intensity>230.0</intensity>
      <mass-charge>241.0</mass-charge>
    </ei-ms-peak>
    <ei-ms-peak>
      <ei-ms-id>355</ei-ms-id>
      <id>39851</id>
      <intensity>55.0</intensity>
      <mass-charge>242.0</mass-charge>
    </ei-ms-peak>
    <ei-ms-peak>
      <ei-ms-id>355</ei-ms-id>
      <id>39852</id>
      <intensity>8.0</intensity>
      <mass-charge>243.0</mass-charge>
    </ei-ms-peak>
    <ei-ms-peak>
      <ei-ms-id>355</ei-ms-id>
      <id>39853</id>
      <intensity>10.0</intensity>
      <mass-charge>251.0</mass-charge>
    </ei-ms-peak>
    <ei-ms-peak>
      <ei-ms-id>355</ei-ms-id>
      <id>39854</id>
      <intensity>5.0</intensity>
      <mass-charge>252.0</mass-charge>
    </ei-ms-peak>
    <ei-ms-peak>
      <ei-ms-id>355</ei-ms-id>
      <id>39855</id>
      <intensity>1011.0</intensity>
      <mass-charge>255.0</mass-charge>
    </ei-ms-peak>
    <ei-ms-peak>
      <ei-ms-id>355</ei-ms-id>
      <id>39856</id>
      <intensity>165.0</intensity>
      <mass-charge>256.0</mass-charge>
    </ei-ms-peak>
    <ei-ms-peak>
      <ei-ms-id>355</ei-ms-id>
      <id>39857</id>
      <intensity>14.0</intensity>
      <mass-charge>257.0</mass-charge>
    </ei-ms-peak>
    <ei-ms-peak>
      <ei-ms-id>355</ei-ms-id>
      <id>39858</id>
      <intensity>44.0</intensity>
      <mass-charge>262.0</mass-charge>
    </ei-ms-peak>
    <ei-ms-peak>
      <ei-ms-id>355</ei-ms-id>
      <id>39859</id>
      <intensity>7.0</intensity>
      <mass-charge>263.0</mass-charge>
    </ei-ms-peak>
    <ei-ms-peak>
      <ei-ms-id>355</ei-ms-id>
      <id>39860</id>
      <intensity>152.0</intensity>
      <mass-charge>269.0</mass-charge>
    </ei-ms-peak>
    <ei-ms-peak>
      <ei-ms-id>355</ei-ms-id>
      <id>39861</id>
      <intensity>25.0</intensity>
      <mass-charge>270.0</mass-charge>
    </ei-ms-peak>
    <ei-ms-peak>
      <ei-ms-id>355</ei-ms-id>
      <id>39862</id>
      <intensity>8.0</intensity>
      <mass-charge>279.0</mass-charge>
    </ei-ms-peak>
    <ei-ms-peak>
      <ei-ms-id>355</ei-ms-id>
      <id>39863</id>
      <intensity>26.0</intensity>
      <mass-charge>280.0</mass-charge>
    </ei-ms-peak>
    <ei-ms-peak>
      <ei-ms-id>355</ei-ms-id>
      <id>39864</id>
      <intensity>29.0</intensity>
      <mass-charge>281.0</mass-charge>
    </ei-ms-peak>
    <ei-ms-peak>
      <ei-ms-id>355</ei-ms-id>
      <id>39865</id>
      <intensity>7.0</intensity>
      <mass-charge>282.0</mass-charge>
    </ei-ms-peak>
    <ei-ms-peak>
      <ei-ms-id>355</ei-ms-id>
      <id>39866</id>
      <intensity>2.0</intensity>
      <mass-charge>283.0</mass-charge>
    </ei-ms-peak>
    <ei-ms-peak>
      <ei-ms-id>355</ei-ms-id>
      <id>39867</id>
      <intensity>7.0</intensity>
      <mass-charge>296.0</mass-charge>
    </ei-ms-peak>
    <ei-ms-peak>
      <ei-ms-id>355</ei-ms-id>
      <id>39868</id>
      <intensity>29.0</intensity>
      <mass-charge>297.0</mass-charge>
    </ei-ms-peak>
    <ei-ms-peak>
      <ei-ms-id>355</ei-ms-id>
      <id>39869</id>
      <intensity>4060.0</intensity>
      <mass-charge>298.0</mass-charge>
    </ei-ms-peak>
    <ei-ms-peak>
      <ei-ms-id>355</ei-ms-id>
      <id>39870</id>
      <intensity>866.0</intensity>
      <mass-charge>299.0</mass-charge>
    </ei-ms-peak>
  </ei-ms-peaks>
</ei-ms>
