<?xml version="1.0" encoding="UTF-8"?>
<ei-ms>
  <collection-date nil="true"/>
  <created-at>2014-09-20T16:42:54Z</created-at>
  <database-id>HMDB31450</database-id>
  <id>1054</id>
  <inchi-key>DIOQZVSQGTUSAI-UHFFFAOYSA-N</inchi-key>
  <instrument-type nil="true"/>
  <molecule-id nil="true"/>
  <notes nil="true"/>
  <peak-counter>43</peak-counter>
  <sample-assessment nil="true"/>
  <sample-concentration nil="true"/>
  <sample-concentration-units nil="true"/>
  <sample-mass nil="true"/>
  <sample-mass-units nil="true"/>
  <sample-source nil="true"/>
  <solvent nil="true"/>
  <spectra-assessment nil="true"/>
  <updated-at>2014-09-20T16:42:54Z</updated-at>
  <references>
    <reference>
      <database>NIST</database>
      <database-id>124-18-5</database-id>
      <id>15926</id>
      <pubmed-id nil="true"/>
      <ref-text>NIST Mass Spec Data Center, S.E. Stein, director, "Mass Spectra" in NIST Chemistry WebBook, NIST Standard Reference Database Number 69, Eds. P.J. Linstrom and W.G. Mallard, National Institute of Standards and Technology, Gaithersburg MD, 20899, http://webbook.nist.gov, (retrieved September 6, 2014).</ref-text>
      <spectra-id>1054</spectra-id>
      <spectra-type>EiMs</spectra-type>
    </reference>
  </references>
  <ei-ms-peaks>
    <ei-ms-peak>
      <ei-ms-id>1054</ei-ms-id>
      <id>114350</id>
      <intensity>80.0</intensity>
      <mass-charge>14.0</mass-charge>
    </ei-ms-peak>
    <ei-ms-peak>
      <ei-ms-id>1054</ei-ms-id>
      <id>114351</id>
      <intensity>45.0</intensity>
      <mass-charge>15.0</mass-charge>
    </ei-ms-peak>
    <ei-ms-peak>
      <ei-ms-id>1054</ei-ms-id>
      <id>114352</id>
      <intensity>50.0</intensity>
      <mass-charge>16.0</mass-charge>
    </ei-ms-peak>
    <ei-ms-peak>
      <ei-ms-id>1054</ei-ms-id>
      <id>114353</id>
      <intensity>1654.0</intensity>
      <mass-charge>27.0</mass-charge>
    </ei-ms-peak>
    <ei-ms-peak>
      <ei-ms-id>1054</ei-ms-id>
      <id>114354</id>
      <intensity>2498.0</intensity>
      <mass-charge>29.0</mass-charge>
    </ei-ms-peak>
    <ei-ms-peak>
      <ei-ms-id>1054</ei-ms-id>
      <id>114355</id>
      <intensity>71.0</intensity>
      <mass-charge>30.0</mass-charge>
    </ei-ms-peak>
    <ei-ms-peak>
      <ei-ms-id>1054</ei-ms-id>
      <id>114356</id>
      <intensity>1690.0</intensity>
      <mass-charge>39.0</mass-charge>
    </ei-ms-peak>
    <ei-ms-peak>
      <ei-ms-id>1054</ei-ms-id>
      <id>114357</id>
      <intensity>6395.0</intensity>
      <mass-charge>41.0</mass-charge>
    </ei-ms-peak>
    <ei-ms-peak>
      <ei-ms-id>1054</ei-ms-id>
      <id>114358</id>
      <intensity>2049.0</intensity>
      <mass-charge>42.0</mass-charge>
    </ei-ms-peak>
    <ei-ms-peak>
      <ei-ms-id>1054</ei-ms-id>
      <id>114359</id>
      <intensity>8029.0</intensity>
      <mass-charge>43.0</mass-charge>
    </ei-ms-peak>
    <ei-ms-peak>
      <ei-ms-id>1054</ei-ms-id>
      <id>114360</id>
      <intensity>348.0</intensity>
      <mass-charge>44.0</mass-charge>
    </ei-ms-peak>
    <ei-ms-peak>
      <ei-ms-id>1054</ei-ms-id>
      <id>114361</id>
      <intensity>46.0</intensity>
      <mass-charge>50.0</mass-charge>
    </ei-ms-peak>
    <ei-ms-peak>
      <ei-ms-id>1054</ei-ms-id>
      <id>114362</id>
      <intensity>144.0</intensity>
      <mass-charge>51.0</mass-charge>
    </ei-ms-peak>
    <ei-ms-peak>
      <ei-ms-id>1054</ei-ms-id>
      <id>114363</id>
      <intensity>73.0</intensity>
      <mass-charge>52.0</mass-charge>
    </ei-ms-peak>
    <ei-ms-peak>
      <ei-ms-id>1054</ei-ms-id>
      <id>114364</id>
      <intensity>539.0</intensity>
      <mass-charge>53.0</mass-charge>
    </ei-ms-peak>
    <ei-ms-peak>
      <ei-ms-id>1054</ei-ms-id>
      <id>114365</id>
      <intensity>330.0</intensity>
      <mass-charge>54.0</mass-charge>
    </ei-ms-peak>
    <ei-ms-peak>
      <ei-ms-id>1054</ei-ms-id>
      <id>114366</id>
      <intensity>2484.0</intensity>
      <mass-charge>55.0</mass-charge>
    </ei-ms-peak>
    <ei-ms-peak>
      <ei-ms-id>1054</ei-ms-id>
      <id>114367</id>
      <intensity>2702.0</intensity>
      <mass-charge>56.0</mass-charge>
    </ei-ms-peak>
    <ei-ms-peak>
      <ei-ms-id>1054</ei-ms-id>
      <id>114368</id>
      <intensity>9999.0</intensity>
      <mass-charge>57.0</mass-charge>
    </ei-ms-peak>
    <ei-ms-peak>
      <ei-ms-id>1054</ei-ms-id>
      <id>114369</id>
      <intensity>465.0</intensity>
      <mass-charge>58.0</mass-charge>
    </ei-ms-peak>
    <ei-ms-peak>
      <ei-ms-id>1054</ei-ms-id>
      <id>114370</id>
      <intensity>109.0</intensity>
      <mass-charge>65.0</mass-charge>
    </ei-ms-peak>
    <ei-ms-peak>
      <ei-ms-id>1054</ei-ms-id>
      <id>114371</id>
      <intensity>41.0</intensity>
      <mass-charge>66.0</mass-charge>
    </ei-ms-peak>
    <ei-ms-peak>
      <ei-ms-id>1054</ei-ms-id>
      <id>114372</id>
      <intensity>193.0</intensity>
      <mass-charge>67.0</mass-charge>
    </ei-ms-peak>
    <ei-ms-peak>
      <ei-ms-id>1054</ei-ms-id>
      <id>114373</id>
      <intensity>132.0</intensity>
      <mass-charge>68.0</mass-charge>
    </ei-ms-peak>
    <ei-ms-peak>
      <ei-ms-id>1054</ei-ms-id>
      <id>114374</id>
      <intensity>801.0</intensity>
      <mass-charge>69.0</mass-charge>
    </ei-ms-peak>
    <ei-ms-peak>
      <ei-ms-id>1054</ei-ms-id>
      <id>114375</id>
      <intensity>2000.0</intensity>
      <mass-charge>70.0</mass-charge>
    </ei-ms-peak>
    <ei-ms-peak>
      <ei-ms-id>1054</ei-ms-id>
      <id>114376</id>
      <intensity>4436.0</intensity>
      <mass-charge>71.0</mass-charge>
    </ei-ms-peak>
    <ei-ms-peak>
      <ei-ms-id>1054</ei-ms-id>
      <id>114377</id>
      <intensity>227.0</intensity>
      <mass-charge>72.0</mass-charge>
    </ei-ms-peak>
    <ei-ms-peak>
      <ei-ms-id>1054</ei-ms-id>
      <id>114378</id>
      <intensity>55.0</intensity>
      <mass-charge>77.0</mass-charge>
    </ei-ms-peak>
    <ei-ms-peak>
      <ei-ms-id>1054</ei-ms-id>
      <id>114379</id>
      <intensity>39.0</intensity>
      <mass-charge>79.0</mass-charge>
    </ei-ms-peak>
    <ei-ms-peak>
      <ei-ms-id>1054</ei-ms-id>
      <id>114380</id>
      <intensity>48.0</intensity>
      <mass-charge>82.0</mass-charge>
    </ei-ms-peak>
    <ei-ms-peak>
      <ei-ms-id>1054</ei-ms-id>
      <id>114381</id>
      <intensity>212.0</intensity>
      <mass-charge>83.0</mass-charge>
    </ei-ms-peak>
    <ei-ms-peak>
      <ei-ms-id>1054</ei-ms-id>
      <id>114382</id>
      <intensity>1278.0</intensity>
      <mass-charge>84.0</mass-charge>
    </ei-ms-peak>
    <ei-ms-peak>
      <ei-ms-id>1054</ei-ms-id>
      <id>114383</id>
      <intensity>2939.0</intensity>
      <mass-charge>85.0</mass-charge>
    </ei-ms-peak>
    <ei-ms-peak>
      <ei-ms-id>1054</ei-ms-id>
      <id>114384</id>
      <intensity>189.0</intensity>
      <mass-charge>86.0</mass-charge>
    </ei-ms-peak>
    <ei-ms-peak>
      <ei-ms-id>1054</ei-ms-id>
      <id>114385</id>
      <intensity>715.0</intensity>
      <mass-charge>98.0</mass-charge>
    </ei-ms-peak>
    <ei-ms-peak>
      <ei-ms-id>1054</ei-ms-id>
      <id>114386</id>
      <intensity>830.0</intensity>
      <mass-charge>99.0</mass-charge>
    </ei-ms-peak>
    <ei-ms-peak>
      <ei-ms-id>1054</ei-ms-id>
      <id>114387</id>
      <intensity>78.0</intensity>
      <mass-charge>100.0</mass-charge>
    </ei-ms-peak>
    <ei-ms-peak>
      <ei-ms-id>1054</ei-ms-id>
      <id>114388</id>
      <intensity>265.0</intensity>
      <mass-charge>112.0</mass-charge>
    </ei-ms-peak>
    <ei-ms-peak>
      <ei-ms-id>1054</ei-ms-id>
      <id>114389</id>
      <intensity>460.0</intensity>
      <mass-charge>113.0</mass-charge>
    </ei-ms-peak>
    <ei-ms-peak>
      <ei-ms-id>1054</ei-ms-id>
      <id>114390</id>
      <intensity>42.0</intensity>
      <mass-charge>114.0</mass-charge>
    </ei-ms-peak>
    <ei-ms-peak>
      <ei-ms-id>1054</ei-ms-id>
      <id>114391</id>
      <intensity>740.0</intensity>
      <mass-charge>142.0</mass-charge>
    </ei-ms-peak>
    <ei-ms-peak>
      <ei-ms-id>1054</ei-ms-id>
      <id>114392</id>
      <intensity>90.0</intensity>
      <mass-charge>143.0</mass-charge>
    </ei-ms-peak>
  </ei-ms-peaks>
</ei-ms>
