<?xml version="1.0" encoding="UTF-8"?>
<ei-ms>
  <collection-date nil="true"/>
  <created-at>2014-09-20T16:30:44Z</created-at>
  <database-id>HMDB15162</database-id>
  <id>546</id>
  <inchi-key>RFKMCNOHBTXSMU-UHFFFAOYSA-N</inchi-key>
  <instrument-type nil="true"/>
  <molecule-id nil="true"/>
  <notes nil="true"/>
  <peak-counter>86</peak-counter>
  <sample-assessment nil="true"/>
  <sample-concentration nil="true"/>
  <sample-concentration-units nil="true"/>
  <sample-mass nil="true"/>
  <sample-mass-units nil="true"/>
  <sample-source nil="true"/>
  <solvent nil="true"/>
  <spectra-assessment nil="true"/>
  <updated-at>2014-09-20T16:30:44Z</updated-at>
  <references>
    <reference>
      <database>NIST</database>
      <database-id>76-38-0</database-id>
      <id>15418</id>
      <pubmed-id nil="true"/>
      <ref-text>NIST Mass Spec Data Center, S.E. Stein, director, "Mass Spectra" in NIST Chemistry WebBook, NIST Standard Reference Database Number 69, Eds. P.J. Linstrom and W.G. Mallard, National Institute of Standards and Technology, Gaithersburg MD, 20899, http://webbook.nist.gov, (retrieved September 6, 2014).</ref-text>
      <spectra-id>546</spectra-id>
      <spectra-type>EiMs</spectra-type>
    </reference>
  </references>
  <ei-ms-peaks>
    <ei-ms-peak>
      <ei-ms-id>546</ei-ms-id>
      <id>61147</id>
      <intensity>60.0</intensity>
      <mass-charge>14.0</mass-charge>
    </ei-ms-peak>
    <ei-ms-peak>
      <ei-ms-id>546</ei-ms-id>
      <id>61148</id>
      <intensity>981.0</intensity>
      <mass-charge>15.0</mass-charge>
    </ei-ms-peak>
    <ei-ms-peak>
      <ei-ms-id>546</ei-ms-id>
      <id>61149</id>
      <intensity>10.0</intensity>
      <mass-charge>16.0</mass-charge>
    </ei-ms-peak>
    <ei-ms-peak>
      <ei-ms-id>546</ei-ms-id>
      <id>61150</id>
      <intensity>10.0</intensity>
      <mass-charge>24.0</mass-charge>
    </ei-ms-peak>
    <ei-ms-peak>
      <ei-ms-id>546</ei-ms-id>
      <id>61151</id>
      <intensity>10.0</intensity>
      <mass-charge>25.0</mass-charge>
    </ei-ms-peak>
    <ei-ms-peak>
      <ei-ms-id>546</ei-ms-id>
      <id>61152</id>
      <intensity>20.0</intensity>
      <mass-charge>26.0</mass-charge>
    </ei-ms-peak>
    <ei-ms-peak>
      <ei-ms-id>546</ei-ms-id>
      <id>61153</id>
      <intensity>50.0</intensity>
      <mass-charge>27.0</mass-charge>
    </ei-ms-peak>
    <ei-ms-peak>
      <ei-ms-id>546</ei-ms-id>
      <id>61154</id>
      <intensity>30.0</intensity>
      <mass-charge>28.0</mass-charge>
    </ei-ms-peak>
    <ei-ms-peak>
      <ei-ms-id>546</ei-ms-id>
      <id>61155</id>
      <intensity>500.0</intensity>
      <mass-charge>29.0</mass-charge>
    </ei-ms-peak>
    <ei-ms-peak>
      <ei-ms-id>546</ei-ms-id>
      <id>61156</id>
      <intensity>90.0</intensity>
      <mass-charge>30.0</mass-charge>
    </ei-ms-peak>
    <ei-ms-peak>
      <ei-ms-id>546</ei-ms-id>
      <id>61157</id>
      <intensity>280.0</intensity>
      <mass-charge>31.0</mass-charge>
    </ei-ms-peak>
    <ei-ms-peak>
      <ei-ms-id>546</ei-ms-id>
      <id>61158</id>
      <intensity>40.0</intensity>
      <mass-charge>32.0</mass-charge>
    </ei-ms-peak>
    <ei-ms-peak>
      <ei-ms-id>546</ei-ms-id>
      <id>61159</id>
      <intensity>20.0</intensity>
      <mass-charge>33.0</mass-charge>
    </ei-ms-peak>
    <ei-ms-peak>
      <ei-ms-id>546</ei-ms-id>
      <id>61160</id>
      <intensity>140.0</intensity>
      <mass-charge>35.0</mass-charge>
    </ei-ms-peak>
    <ei-ms-peak>
      <ei-ms-id>546</ei-ms-id>
      <id>61161</id>
      <intensity>30.0</intensity>
      <mass-charge>36.0</mass-charge>
    </ei-ms-peak>
    <ei-ms-peak>
      <ei-ms-id>546</ei-ms-id>
      <id>61162</id>
      <intensity>50.0</intensity>
      <mass-charge>37.0</mass-charge>
    </ei-ms-peak>
    <ei-ms-peak>
      <ei-ms-id>546</ei-ms-id>
      <id>61163</id>
      <intensity>10.0</intensity>
      <mass-charge>38.0</mass-charge>
    </ei-ms-peak>
    <ei-ms-peak>
      <ei-ms-id>546</ei-ms-id>
      <id>61164</id>
      <intensity>10.0</intensity>
      <mass-charge>40.0</mass-charge>
    </ei-ms-peak>
    <ei-ms-peak>
      <ei-ms-id>546</ei-ms-id>
      <id>61165</id>
      <intensity>30.0</intensity>
      <mass-charge>41.0</mass-charge>
    </ei-ms-peak>
    <ei-ms-peak>
      <ei-ms-id>546</ei-ms-id>
      <id>61166</id>
      <intensity>20.0</intensity>
      <mass-charge>42.0</mass-charge>
    </ei-ms-peak>
    <ei-ms-peak>
      <ei-ms-id>546</ei-ms-id>
      <id>61167</id>
      <intensity>40.0</intensity>
      <mass-charge>43.0</mass-charge>
    </ei-ms-peak>
    <ei-ms-peak>
      <ei-ms-id>546</ei-ms-id>
      <id>61168</id>
      <intensity>180.0</intensity>
      <mass-charge>44.0</mass-charge>
    </ei-ms-peak>
    <ei-ms-peak>
      <ei-ms-id>546</ei-ms-id>
      <id>61169</id>
      <intensity>50.0</intensity>
      <mass-charge>45.0</mass-charge>
    </ei-ms-peak>
    <ei-ms-peak>
      <ei-ms-id>546</ei-ms-id>
      <id>61170</id>
      <intensity>871.0</intensity>
      <mass-charge>47.0</mass-charge>
    </ei-ms-peak>
    <ei-ms-peak>
      <ei-ms-id>546</ei-ms-id>
      <id>61171</id>
      <intensity>631.0</intensity>
      <mass-charge>48.0</mass-charge>
    </ei-ms-peak>
    <ei-ms-peak>
      <ei-ms-id>546</ei-ms-id>
      <id>61172</id>
      <intensity>250.0</intensity>
      <mass-charge>49.0</mass-charge>
    </ei-ms-peak>
    <ei-ms-peak>
      <ei-ms-id>546</ei-ms-id>
      <id>61173</id>
      <intensity>270.0</intensity>
      <mass-charge>50.0</mass-charge>
    </ei-ms-peak>
    <ei-ms-peak>
      <ei-ms-id>546</ei-ms-id>
      <id>61174</id>
      <intensity>310.0</intensity>
      <mass-charge>51.0</mass-charge>
    </ei-ms-peak>
    <ei-ms-peak>
      <ei-ms-id>546</ei-ms-id>
      <id>61175</id>
      <intensity>10.0</intensity>
      <mass-charge>52.0</mass-charge>
    </ei-ms-peak>
    <ei-ms-peak>
      <ei-ms-id>546</ei-ms-id>
      <id>61176</id>
      <intensity>20.0</intensity>
      <mass-charge>53.0</mass-charge>
    </ei-ms-peak>
    <ei-ms-peak>
      <ei-ms-id>546</ei-ms-id>
      <id>61177</id>
      <intensity>10.0</intensity>
      <mass-charge>59.0</mass-charge>
    </ei-ms-peak>
    <ei-ms-peak>
      <ei-ms-id>546</ei-ms-id>
      <id>61178</id>
      <intensity>60.0</intensity>
      <mass-charge>60.0</mass-charge>
    </ei-ms-peak>
    <ei-ms-peak>
      <ei-ms-id>546</ei-ms-id>
      <id>61179</id>
      <intensity>30.0</intensity>
      <mass-charge>61.0</mass-charge>
    </ei-ms-peak>
    <ei-ms-peak>
      <ei-ms-id>546</ei-ms-id>
      <id>61180</id>
      <intensity>40.0</intensity>
      <mass-charge>62.0</mass-charge>
    </ei-ms-peak>
    <ei-ms-peak>
      <ei-ms-id>546</ei-ms-id>
      <id>61181</id>
      <intensity>310.0</intensity>
      <mass-charge>63.0</mass-charge>
    </ei-ms-peak>
    <ei-ms-peak>
      <ei-ms-id>546</ei-ms-id>
      <id>61182</id>
      <intensity>30.0</intensity>
      <mass-charge>64.0</mass-charge>
    </ei-ms-peak>
    <ei-ms-peak>
      <ei-ms-id>546</ei-ms-id>
      <id>61183</id>
      <intensity>50.0</intensity>
      <mass-charge>65.0</mass-charge>
    </ei-ms-peak>
    <ei-ms-peak>
      <ei-ms-id>546</ei-ms-id>
      <id>61184</id>
      <intensity>90.0</intensity>
      <mass-charge>66.0</mass-charge>
    </ei-ms-peak>
    <ei-ms-peak>
      <ei-ms-id>546</ei-ms-id>
      <id>61185</id>
      <intensity>1441.0</intensity>
      <mass-charge>67.0</mass-charge>
    </ei-ms-peak>
    <ei-ms-peak>
      <ei-ms-id>546</ei-ms-id>
      <id>61186</id>
      <intensity>40.0</intensity>
      <mass-charge>68.0</mass-charge>
    </ei-ms-peak>
    <ei-ms-peak>
      <ei-ms-id>546</ei-ms-id>
      <id>61187</id>
      <intensity>480.0</intensity>
      <mass-charge>69.0</mass-charge>
    </ei-ms-peak>
    <ei-ms-peak>
      <ei-ms-id>546</ei-ms-id>
      <id>61188</id>
      <intensity>10.0</intensity>
      <mass-charge>70.0</mass-charge>
    </ei-ms-peak>
    <ei-ms-peak>
      <ei-ms-id>546</ei-ms-id>
      <id>61189</id>
      <intensity>170.0</intensity>
      <mass-charge>76.0</mass-charge>
    </ei-ms-peak>
    <ei-ms-peak>
      <ei-ms-id>546</ei-ms-id>
      <id>61190</id>
      <intensity>20.0</intensity>
      <mass-charge>77.0</mass-charge>
    </ei-ms-peak>
    <ei-ms-peak>
      <ei-ms-id>546</ei-ms-id>
      <id>61191</id>
      <intensity>150.0</intensity>
      <mass-charge>78.0</mass-charge>
    </ei-ms-peak>
    <ei-ms-peak>
      <ei-ms-id>546</ei-ms-id>
      <id>61192</id>
      <intensity>290.0</intensity>
      <mass-charge>79.0</mass-charge>
    </ei-ms-peak>
    <ei-ms-peak>
      <ei-ms-id>546</ei-ms-id>
      <id>61193</id>
      <intensity>9999.0</intensity>
      <mass-charge>81.0</mass-charge>
    </ei-ms-peak>
    <ei-ms-peak>
      <ei-ms-id>546</ei-ms-id>
      <id>61194</id>
      <intensity>681.0</intensity>
      <mass-charge>82.0</mass-charge>
    </ei-ms-peak>
    <ei-ms-peak>
      <ei-ms-id>546</ei-ms-id>
      <id>61195</id>
      <intensity>2642.0</intensity>
      <mass-charge>83.0</mass-charge>
    </ei-ms-peak>
    <ei-ms-peak>
      <ei-ms-id>546</ei-ms-id>
      <id>61196</id>
      <intensity>130.0</intensity>
      <mass-charge>84.0</mass-charge>
    </ei-ms-peak>
    <ei-ms-peak>
      <ei-ms-id>546</ei-ms-id>
      <id>61197</id>
      <intensity>1802.0</intensity>
      <mass-charge>85.0</mass-charge>
    </ei-ms-peak>
    <ei-ms-peak>
      <ei-ms-id>546</ei-ms-id>
      <id>61198</id>
      <intensity>40.0</intensity>
      <mass-charge>86.0</mass-charge>
    </ei-ms-peak>
    <ei-ms-peak>
      <ei-ms-id>546</ei-ms-id>
      <id>61199</id>
      <intensity>320.0</intensity>
      <mass-charge>87.0</mass-charge>
    </ei-ms-peak>
    <ei-ms-peak>
      <ei-ms-id>546</ei-ms-id>
      <id>61200</id>
      <intensity>911.0</intensity>
      <mass-charge>95.0</mass-charge>
    </ei-ms-peak>
    <ei-ms-peak>
      <ei-ms-id>546</ei-ms-id>
      <id>61201</id>
      <intensity>30.0</intensity>
      <mass-charge>96.0</mass-charge>
    </ei-ms-peak>
    <ei-ms-peak>
      <ei-ms-id>546</ei-ms-id>
      <id>61202</id>
      <intensity>430.0</intensity>
      <mass-charge>97.0</mass-charge>
    </ei-ms-peak>
    <ei-ms-peak>
      <ei-ms-id>546</ei-ms-id>
      <id>61203</id>
      <intensity>1631.0</intensity>
      <mass-charge>98.0</mass-charge>
    </ei-ms-peak>
    <ei-ms-peak>
      <ei-ms-id>546</ei-ms-id>
      <id>61204</id>
      <intensity>90.0</intensity>
      <mass-charge>99.0</mass-charge>
    </ei-ms-peak>
    <ei-ms-peak>
      <ei-ms-id>546</ei-ms-id>
      <id>61205</id>
      <intensity>540.0</intensity>
      <mass-charge>100.0</mass-charge>
    </ei-ms-peak>
    <ei-ms-peak>
      <ei-ms-id>546</ei-ms-id>
      <id>61206</id>
      <intensity>90.0</intensity>
      <mass-charge>101.0</mass-charge>
    </ei-ms-peak>
    <ei-ms-peak>
      <ei-ms-id>546</ei-ms-id>
      <id>61207</id>
      <intensity>50.0</intensity>
      <mass-charge>103.0</mass-charge>
    </ei-ms-peak>
    <ei-ms-peak>
      <ei-ms-id>546</ei-ms-id>
      <id>61208</id>
      <intensity>10.0</intensity>
      <mass-charge>105.0</mass-charge>
    </ei-ms-peak>
    <ei-ms-peak>
      <ei-ms-id>546</ei-ms-id>
      <id>61209</id>
      <intensity>40.0</intensity>
      <mass-charge>110.0</mass-charge>
    </ei-ms-peak>
    <ei-ms-peak>
      <ei-ms-id>546</ei-ms-id>
      <id>61210</id>
      <intensity>20.0</intensity>
      <mass-charge>111.0</mass-charge>
    </ei-ms-peak>
    <ei-ms-peak>
      <ei-ms-id>546</ei-ms-id>
      <id>61211</id>
      <intensity>20.0</intensity>
      <mass-charge>112.0</mass-charge>
    </ei-ms-peak>
    <ei-ms-peak>
      <ei-ms-id>546</ei-ms-id>
      <id>61212</id>
      <intensity>30.0</intensity>
      <mass-charge>113.0</mass-charge>
    </ei-ms-peak>
    <ei-ms-peak>
      <ei-ms-id>546</ei-ms-id>
      <id>61213</id>
      <intensity>50.0</intensity>
      <mass-charge>114.0</mass-charge>
    </ei-ms-peak>
    <ei-ms-peak>
      <ei-ms-id>546</ei-ms-id>
      <id>61214</id>
      <intensity>20.0</intensity>
      <mass-charge>115.0</mass-charge>
    </ei-ms-peak>
    <ei-ms-peak>
      <ei-ms-id>546</ei-ms-id>
      <id>61215</id>
      <intensity>30.0</intensity>
      <mass-charge>116.0</mass-charge>
    </ei-ms-peak>
    <ei-ms-peak>
      <ei-ms-id>546</ei-ms-id>
      <id>61216</id>
      <intensity>10.0</intensity>
      <mass-charge>118.0</mass-charge>
    </ei-ms-peak>
    <ei-ms-peak>
      <ei-ms-id>546</ei-ms-id>
      <id>61217</id>
      <intensity>150.0</intensity>
      <mass-charge>129.0</mass-charge>
    </ei-ms-peak>
    <ei-ms-peak>
      <ei-ms-id>546</ei-ms-id>
      <id>61218</id>
      <intensity>10.0</intensity>
      <mass-charge>130.0</mass-charge>
    </ei-ms-peak>
    <ei-ms-peak>
      <ei-ms-id>546</ei-ms-id>
      <id>61219</id>
      <intensity>50.0</intensity>
      <mass-charge>131.0</mass-charge>
    </ei-ms-peak>
    <ei-ms-peak>
      <ei-ms-id>546</ei-ms-id>
      <id>61220</id>
      <intensity>130.0</intensity>
      <mass-charge>132.0</mass-charge>
    </ei-ms-peak>
    <ei-ms-peak>
      <ei-ms-id>546</ei-ms-id>
      <id>61221</id>
      <intensity>1181.0</intensity>
      <mass-charge>133.0</mass-charge>
    </ei-ms-peak>
    <ei-ms-peak>
      <ei-ms-id>546</ei-ms-id>
      <id>61222</id>
      <intensity>110.0</intensity>
      <mass-charge>134.0</mass-charge>
    </ei-ms-peak>
    <ei-ms-peak>
      <ei-ms-id>546</ei-ms-id>
      <id>61223</id>
      <intensity>771.0</intensity>
      <mass-charge>135.0</mass-charge>
    </ei-ms-peak>
    <ei-ms-peak>
      <ei-ms-id>546</ei-ms-id>
      <id>61224</id>
      <intensity>30.0</intensity>
      <mass-charge>136.0</mass-charge>
    </ei-ms-peak>
    <ei-ms-peak>
      <ei-ms-id>546</ei-ms-id>
      <id>61225</id>
      <intensity>130.0</intensity>
      <mass-charge>137.0</mass-charge>
    </ei-ms-peak>
    <ei-ms-peak>
      <ei-ms-id>546</ei-ms-id>
      <id>61226</id>
      <intensity>460.0</intensity>
      <mass-charge>145.0</mass-charge>
    </ei-ms-peak>
    <ei-ms-peak>
      <ei-ms-id>546</ei-ms-id>
      <id>61227</id>
      <intensity>20.0</intensity>
      <mass-charge>146.0</mass-charge>
    </ei-ms-peak>
    <ei-ms-peak>
      <ei-ms-id>546</ei-ms-id>
      <id>61228</id>
      <intensity>290.0</intensity>
      <mass-charge>147.0</mass-charge>
    </ei-ms-peak>
    <ei-ms-peak>
      <ei-ms-id>546</ei-ms-id>
      <id>61229</id>
      <intensity>10.0</intensity>
      <mass-charge>148.0</mass-charge>
    </ei-ms-peak>
    <ei-ms-peak>
      <ei-ms-id>546</ei-ms-id>
      <id>61230</id>
      <intensity>50.0</intensity>
      <mass-charge>149.0</mass-charge>
    </ei-ms-peak>
    <ei-ms-peak>
      <ei-ms-id>546</ei-ms-id>
      <id>61231</id>
      <intensity>10.0</intensity>
      <mass-charge>163.0</mass-charge>
    </ei-ms-peak>
    <ei-ms-peak>
      <ei-ms-id>546</ei-ms-id>
      <id>61232</id>
      <intensity>10.0</intensity>
      <mass-charge>165.0</mass-charge>
    </ei-ms-peak>
  </ei-ms-peaks>
</ei-ms>
