<?xml version="1.0" encoding="UTF-8"?>
<ei-ms>
  <collection-date nil="true"/>
  <created-at>2014-09-20T16:17:59Z</created-at>
  <database-id>HMDB35092</database-id>
  <id>30</id>
  <inchi-key>WTEVQBCEXWBHNA-JXMROGBWSA-N</inchi-key>
  <instrument-type nil="true"/>
  <molecule-id nil="true"/>
  <notes nil="true"/>
  <peak-counter>52</peak-counter>
  <sample-assessment nil="true"/>
  <sample-concentration nil="true"/>
  <sample-concentration-units nil="true"/>
  <sample-mass nil="true"/>
  <sample-mass-units nil="true"/>
  <sample-source nil="true"/>
  <solvent nil="true"/>
  <spectra-assessment nil="true"/>
  <updated-at>2014-09-20T16:17:59Z</updated-at>
  <references>
    <reference>
      <database>NIST</database>
      <database-id>5392-40-5</database-id>
      <id>14902</id>
      <pubmed-id nil="true"/>
      <ref-text>NIST Mass Spec Data Center, S.E. Stein, director, "Mass Spectra" in NIST Chemistry WebBook, NIST Standard Reference Database Number 69, Eds. P.J. Linstrom and W.G. Mallard, National Institute of Standards and Technology, Gaithersburg MD, 20899, http://webbook.nist.gov, (retrieved September 6, 2014).</ref-text>
      <spectra-id>30</spectra-id>
      <spectra-type>EiMs</spectra-type>
    </reference>
  </references>
  <ei-ms-peaks>
    <ei-ms-peak>
      <ei-ms-id>30</ei-ms-id>
      <id>2837</id>
      <intensity>883.0</intensity>
      <mass-charge>27.0</mass-charge>
    </ei-ms-peak>
    <ei-ms-peak>
      <ei-ms-id>30</ei-ms-id>
      <id>2838</id>
      <intensity>214.0</intensity>
      <mass-charge>28.0</mass-charge>
    </ei-ms-peak>
    <ei-ms-peak>
      <ei-ms-id>30</ei-ms-id>
      <id>2839</id>
      <intensity>836.0</intensity>
      <mass-charge>29.0</mass-charge>
    </ei-ms-peak>
    <ei-ms-peak>
      <ei-ms-id>30</ei-ms-id>
      <id>2840</id>
      <intensity>2551.0</intensity>
      <mass-charge>39.0</mass-charge>
    </ei-ms-peak>
    <ei-ms-peak>
      <ei-ms-id>30</ei-ms-id>
      <id>2841</id>
      <intensity>7463.0</intensity>
      <mass-charge>41.0</mass-charge>
    </ei-ms-peak>
    <ei-ms-peak>
      <ei-ms-id>30</ei-ms-id>
      <id>2842</id>
      <intensity>392.0</intensity>
      <mass-charge>42.0</mass-charge>
    </ei-ms-peak>
    <ei-ms-peak>
      <ei-ms-id>30</ei-ms-id>
      <id>2843</id>
      <intensity>462.0</intensity>
      <mass-charge>43.0</mass-charge>
    </ei-ms-peak>
    <ei-ms-peak>
      <ei-ms-id>30</ei-ms-id>
      <id>2844</id>
      <intensity>210.0</intensity>
      <mass-charge>50.0</mass-charge>
    </ei-ms-peak>
    <ei-ms-peak>
      <ei-ms-id>30</ei-ms-id>
      <id>2845</id>
      <intensity>594.0</intensity>
      <mass-charge>51.0</mass-charge>
    </ei-ms-peak>
    <ei-ms-peak>
      <ei-ms-id>30</ei-ms-id>
      <id>2846</id>
      <intensity>272.0</intensity>
      <mass-charge>52.0</mass-charge>
    </ei-ms-peak>
    <ei-ms-peak>
      <ei-ms-id>30</ei-ms-id>
      <id>2847</id>
      <intensity>1318.0</intensity>
      <mass-charge>53.0</mass-charge>
    </ei-ms-peak>
    <ei-ms-peak>
      <ei-ms-id>30</ei-ms-id>
      <id>2848</id>
      <intensity>329.0</intensity>
      <mass-charge>54.0</mass-charge>
    </ei-ms-peak>
    <ei-ms-peak>
      <ei-ms-id>30</ei-ms-id>
      <id>2849</id>
      <intensity>640.0</intensity>
      <mass-charge>55.0</mass-charge>
    </ei-ms-peak>
    <ei-ms-peak>
      <ei-ms-id>30</ei-ms-id>
      <id>2850</id>
      <intensity>428.0</intensity>
      <mass-charge>56.0</mass-charge>
    </ei-ms-peak>
    <ei-ms-peak>
      <ei-ms-id>30</ei-ms-id>
      <id>2851</id>
      <intensity>346.0</intensity>
      <mass-charge>59.0</mass-charge>
    </ei-ms-peak>
    <ei-ms-peak>
      <ei-ms-id>30</ei-ms-id>
      <id>2852</id>
      <intensity>222.0</intensity>
      <mass-charge>63.0</mass-charge>
    </ei-ms-peak>
    <ei-ms-peak>
      <ei-ms-id>30</ei-ms-id>
      <id>2853</id>
      <intensity>479.0</intensity>
      <mass-charge>65.0</mass-charge>
    </ei-ms-peak>
    <ei-ms-peak>
      <ei-ms-id>30</ei-ms-id>
      <id>2854</id>
      <intensity>198.0</intensity>
      <mass-charge>66.0</mass-charge>
    </ei-ms-peak>
    <ei-ms-peak>
      <ei-ms-id>30</ei-ms-id>
      <id>2855</id>
      <intensity>1054.0</intensity>
      <mass-charge>67.0</mass-charge>
    </ei-ms-peak>
    <ei-ms-peak>
      <ei-ms-id>30</ei-ms-id>
      <id>2856</id>
      <intensity>9999.0</intensity>
      <mass-charge>69.0</mass-charge>
    </ei-ms-peak>
    <ei-ms-peak>
      <ei-ms-id>30</ei-ms-id>
      <id>2857</id>
      <intensity>599.0</intensity>
      <mass-charge>70.0</mass-charge>
    </ei-ms-peak>
    <ei-ms-peak>
      <ei-ms-id>30</ei-ms-id>
      <id>2858</id>
      <intensity>628.0</intensity>
      <mass-charge>77.0</mass-charge>
    </ei-ms-peak>
    <ei-ms-peak>
      <ei-ms-id>30</ei-ms-id>
      <id>2859</id>
      <intensity>181.0</intensity>
      <mass-charge>78.0</mass-charge>
    </ei-ms-peak>
    <ei-ms-peak>
      <ei-ms-id>30</ei-ms-id>
      <id>2860</id>
      <intensity>746.0</intensity>
      <mass-charge>79.0</mass-charge>
    </ei-ms-peak>
    <ei-ms-peak>
      <ei-ms-id>30</ei-ms-id>
      <id>2861</id>
      <intensity>237.0</intensity>
      <mass-charge>80.0</mass-charge>
    </ei-ms-peak>
    <ei-ms-peak>
      <ei-ms-id>30</ei-ms-id>
      <id>2862</id>
      <intensity>801.0</intensity>
      <mass-charge>81.0</mass-charge>
    </ei-ms-peak>
    <ei-ms-peak>
      <ei-ms-id>30</ei-ms-id>
      <id>2863</id>
      <intensity>567.0</intensity>
      <mass-charge>82.0</mass-charge>
    </ei-ms-peak>
    <ei-ms-peak>
      <ei-ms-id>30</ei-ms-id>
      <id>2864</id>
      <intensity>1252.0</intensity>
      <mass-charge>83.0</mass-charge>
    </ei-ms-peak>
    <ei-ms-peak>
      <ei-ms-id>30</ei-ms-id>
      <id>2865</id>
      <intensity>2671.0</intensity>
      <mass-charge>84.0</mass-charge>
    </ei-ms-peak>
    <ei-ms-peak>
      <ei-ms-id>30</ei-ms-id>
      <id>2866</id>
      <intensity>148.0</intensity>
      <mass-charge>85.0</mass-charge>
    </ei-ms-peak>
    <ei-ms-peak>
      <ei-ms-id>30</ei-ms-id>
      <id>2867</id>
      <intensity>891.0</intensity>
      <mass-charge>91.0</mass-charge>
    </ei-ms-peak>
    <ei-ms-peak>
      <ei-ms-id>30</ei-ms-id>
      <id>2868</id>
      <intensity>264.0</intensity>
      <mass-charge>92.0</mass-charge>
    </ei-ms-peak>
    <ei-ms-peak>
      <ei-ms-id>30</ei-ms-id>
      <id>2869</id>
      <intensity>314.0</intensity>
      <mass-charge>93.0</mass-charge>
    </ei-ms-peak>
    <ei-ms-peak>
      <ei-ms-id>30</ei-ms-id>
      <id>2870</id>
      <intensity>1625.0</intensity>
      <mass-charge>94.0</mass-charge>
    </ei-ms-peak>
    <ei-ms-peak>
      <ei-ms-id>30</ei-ms-id>
      <id>2871</id>
      <intensity>540.0</intensity>
      <mass-charge>95.0</mass-charge>
    </ei-ms-peak>
    <ei-ms-peak>
      <ei-ms-id>30</ei-ms-id>
      <id>2872</id>
      <intensity>145.0</intensity>
      <mass-charge>96.0</mass-charge>
    </ei-ms-peak>
    <ei-ms-peak>
      <ei-ms-id>30</ei-ms-id>
      <id>2873</id>
      <intensity>192.0</intensity>
      <mass-charge>105.0</mass-charge>
    </ei-ms-peak>
    <ei-ms-peak>
      <ei-ms-id>30</ei-ms-id>
      <id>2874</id>
      <intensity>104.0</intensity>
      <mass-charge>106.0</mass-charge>
    </ei-ms-peak>
    <ei-ms-peak>
      <ei-ms-id>30</ei-ms-id>
      <id>2875</id>
      <intensity>155.0</intensity>
      <mass-charge>107.0</mass-charge>
    </ei-ms-peak>
    <ei-ms-peak>
      <ei-ms-id>30</ei-ms-id>
      <id>2876</id>
      <intensity>219.0</intensity>
      <mass-charge>108.0</mass-charge>
    </ei-ms-peak>
    <ei-ms-peak>
      <ei-ms-id>30</ei-ms-id>
      <id>2877</id>
      <intensity>940.0</intensity>
      <mass-charge>109.0</mass-charge>
    </ei-ms-peak>
    <ei-ms-peak>
      <ei-ms-id>30</ei-ms-id>
      <id>2878</id>
      <intensity>183.0</intensity>
      <mass-charge>110.0</mass-charge>
    </ei-ms-peak>
    <ei-ms-peak>
      <ei-ms-id>30</ei-ms-id>
      <id>2879</id>
      <intensity>166.0</intensity>
      <mass-charge>115.0</mass-charge>
    </ei-ms-peak>
    <ei-ms-peak>
      <ei-ms-id>30</ei-ms-id>
      <id>2880</id>
      <intensity>248.0</intensity>
      <mass-charge>117.0</mass-charge>
    </ei-ms-peak>
    <ei-ms-peak>
      <ei-ms-id>30</ei-ms-id>
      <id>2881</id>
      <intensity>647.0</intensity>
      <mass-charge>119.0</mass-charge>
    </ei-ms-peak>
    <ei-ms-peak>
      <ei-ms-id>30</ei-ms-id>
      <id>2882</id>
      <intensity>107.0</intensity>
      <mass-charge>121.0</mass-charge>
    </ei-ms-peak>
    <ei-ms-peak>
      <ei-ms-id>30</ei-ms-id>
      <id>2883</id>
      <intensity>654.0</intensity>
      <mass-charge>123.0</mass-charge>
    </ei-ms-peak>
    <ei-ms-peak>
      <ei-ms-id>30</ei-ms-id>
      <id>2884</id>
      <intensity>101.0</intensity>
      <mass-charge>124.0</mass-charge>
    </ei-ms-peak>
    <ei-ms-peak>
      <ei-ms-id>30</ei-ms-id>
      <id>2885</id>
      <intensity>155.0</intensity>
      <mass-charge>132.0</mass-charge>
    </ei-ms-peak>
    <ei-ms-peak>
      <ei-ms-id>30</ei-ms-id>
      <id>2886</id>
      <intensity>293.0</intensity>
      <mass-charge>134.0</mass-charge>
    </ei-ms-peak>
    <ei-ms-peak>
      <ei-ms-id>30</ei-ms-id>
      <id>2887</id>
      <intensity>680.0</intensity>
      <mass-charge>137.0</mass-charge>
    </ei-ms-peak>
    <ei-ms-peak>
      <ei-ms-id>30</ei-ms-id>
      <id>2888</id>
      <intensity>433.0</intensity>
      <mass-charge>152.0</mass-charge>
    </ei-ms-peak>
  </ei-ms-peaks>
</ei-ms>
