<?xml version="1.0" encoding="UTF-8"?>
<ei-ms>
  <collection-date nil="true"/>
  <created-at>2014-09-20T16:36:41Z</created-at>
  <database-id>HMDB31767</database-id>
  <id>797</id>
  <inchi-key>RIOXQFHNBCKOKP-UHFFFAOYSA-N</inchi-key>
  <instrument-type nil="true"/>
  <molecule-id nil="true"/>
  <notes nil="true"/>
  <peak-counter>77</peak-counter>
  <sample-assessment nil="true"/>
  <sample-concentration nil="true"/>
  <sample-concentration-units nil="true"/>
  <sample-mass nil="true"/>
  <sample-mass-units nil="true"/>
  <sample-source nil="true"/>
  <solvent nil="true"/>
  <spectra-assessment nil="true"/>
  <updated-at>2014-09-20T16:36:41Z</updated-at>
  <references>
    <reference>
      <database>NIST</database>
      <database-id>17804-35-2</database-id>
      <id>15669</id>
      <pubmed-id nil="true"/>
      <ref-text>NIST Mass Spec Data Center, S.E. Stein, director, "Mass Spectra" in NIST Chemistry WebBook, NIST Standard Reference Database Number 69, Eds. P.J. Linstrom and W.G. Mallard, National Institute of Standards and Technology, Gaithersburg MD, 20899, http://webbook.nist.gov, (retrieved September 6, 2014).</ref-text>
      <spectra-id>797</spectra-id>
      <spectra-type>EiMs</spectra-type>
    </reference>
  </references>
  <ei-ms-peaks>
    <ei-ms-peak>
      <ei-ms-id>797</ei-ms-id>
      <id>87439</id>
      <intensity>1351.0</intensity>
      <mass-charge>17.0</mass-charge>
    </ei-ms-peak>
    <ei-ms-peak>
      <ei-ms-id>797</ei-ms-id>
      <id>87440</id>
      <intensity>856.0</intensity>
      <mass-charge>24.0</mass-charge>
    </ei-ms-peak>
    <ei-ms-peak>
      <ei-ms-id>797</ei-ms-id>
      <id>87441</id>
      <intensity>1666.0</intensity>
      <mass-charge>25.0</mass-charge>
    </ei-ms-peak>
    <ei-ms-peak>
      <ei-ms-id>797</ei-ms-id>
      <id>87442</id>
      <intensity>518.0</intensity>
      <mass-charge>27.0</mass-charge>
    </ei-ms-peak>
    <ei-ms-peak>
      <ei-ms-id>797</ei-ms-id>
      <id>87443</id>
      <intensity>338.0</intensity>
      <mass-charge>28.0</mass-charge>
    </ei-ms-peak>
    <ei-ms-peak>
      <ei-ms-id>797</ei-ms-id>
      <id>87444</id>
      <intensity>338.0</intensity>
      <mass-charge>36.0</mass-charge>
    </ei-ms-peak>
    <ei-ms-peak>
      <ei-ms-id>797</ei-ms-id>
      <id>87445</id>
      <intensity>1396.0</intensity>
      <mass-charge>38.0</mass-charge>
    </ei-ms-peak>
    <ei-ms-peak>
      <ei-ms-id>797</ei-ms-id>
      <id>87446</id>
      <intensity>405.0</intensity>
      <mass-charge>39.0</mass-charge>
    </ei-ms-peak>
    <ei-ms-peak>
      <ei-ms-id>797</ei-ms-id>
      <id>87447</id>
      <intensity>4639.0</intensity>
      <mass-charge>40.0</mass-charge>
    </ei-ms-peak>
    <ei-ms-peak>
      <ei-ms-id>797</ei-ms-id>
      <id>87448</id>
      <intensity>968.0</intensity>
      <mass-charge>41.0</mass-charge>
    </ei-ms-peak>
    <ei-ms-peak>
      <ei-ms-id>797</ei-ms-id>
      <id>87449</id>
      <intensity>4054.0</intensity>
      <mass-charge>42.0</mass-charge>
    </ei-ms-peak>
    <ei-ms-peak>
      <ei-ms-id>797</ei-ms-id>
      <id>87450</id>
      <intensity>270.0</intensity>
      <mass-charge>43.0</mass-charge>
    </ei-ms-peak>
    <ei-ms-peak>
      <ei-ms-id>797</ei-ms-id>
      <id>87451</id>
      <intensity>450.0</intensity>
      <mass-charge>50.0</mass-charge>
    </ei-ms-peak>
    <ei-ms-peak>
      <ei-ms-id>797</ei-ms-id>
      <id>87452</id>
      <intensity>1576.0</intensity>
      <mass-charge>51.0</mass-charge>
    </ei-ms-peak>
    <ei-ms-peak>
      <ei-ms-id>797</ei-ms-id>
      <id>87453</id>
      <intensity>946.0</intensity>
      <mass-charge>52.0</mass-charge>
    </ei-ms-peak>
    <ei-ms-peak>
      <ei-ms-id>797</ei-ms-id>
      <id>87454</id>
      <intensity>563.0</intensity>
      <mass-charge>53.0</mass-charge>
    </ei-ms-peak>
    <ei-ms-peak>
      <ei-ms-id>797</ei-ms-id>
      <id>87455</id>
      <intensity>135.0</intensity>
      <mass-charge>54.0</mass-charge>
    </ei-ms-peak>
    <ei-ms-peak>
      <ei-ms-id>797</ei-ms-id>
      <id>87456</id>
      <intensity>653.0</intensity>
      <mass-charge>55.0</mass-charge>
    </ei-ms-peak>
    <ei-ms-peak>
      <ei-ms-id>797</ei-ms-id>
      <id>87457</id>
      <intensity>1982.0</intensity>
      <mass-charge>56.0</mass-charge>
    </ei-ms-peak>
    <ei-ms-peak>
      <ei-ms-id>797</ei-ms-id>
      <id>87458</id>
      <intensity>270.0</intensity>
      <mass-charge>57.0</mass-charge>
    </ei-ms-peak>
    <ei-ms-peak>
      <ei-ms-id>797</ei-ms-id>
      <id>87459</id>
      <intensity>360.0</intensity>
      <mass-charge>58.0</mass-charge>
    </ei-ms-peak>
    <ei-ms-peak>
      <ei-ms-id>797</ei-ms-id>
      <id>87460</id>
      <intensity>1036.0</intensity>
      <mass-charge>59.0</mass-charge>
    </ei-ms-peak>
    <ei-ms-peak>
      <ei-ms-id>797</ei-ms-id>
      <id>87461</id>
      <intensity>135.0</intensity>
      <mass-charge>62.0</mass-charge>
    </ei-ms-peak>
    <ei-ms-peak>
      <ei-ms-id>797</ei-ms-id>
      <id>87462</id>
      <intensity>743.0</intensity>
      <mass-charge>63.0</mass-charge>
    </ei-ms-peak>
    <ei-ms-peak>
      <ei-ms-id>797</ei-ms-id>
      <id>87463</id>
      <intensity>631.0</intensity>
      <mass-charge>64.0</mass-charge>
    </ei-ms-peak>
    <ei-ms-peak>
      <ei-ms-id>797</ei-ms-id>
      <id>87464</id>
      <intensity>540.0</intensity>
      <mass-charge>65.0</mass-charge>
    </ei-ms-peak>
    <ei-ms-peak>
      <ei-ms-id>797</ei-ms-id>
      <id>87465</id>
      <intensity>135.0</intensity>
      <mass-charge>66.0</mass-charge>
    </ei-ms-peak>
    <ei-ms-peak>
      <ei-ms-id>797</ei-ms-id>
      <id>87466</id>
      <intensity>158.0</intensity>
      <mass-charge>69.0</mass-charge>
    </ei-ms-peak>
    <ei-ms-peak>
      <ei-ms-id>797</ei-ms-id>
      <id>87467</id>
      <intensity>540.0</intensity>
      <mass-charge>70.0</mass-charge>
    </ei-ms-peak>
    <ei-ms-peak>
      <ei-ms-id>797</ei-ms-id>
      <id>87468</id>
      <intensity>360.0</intensity>
      <mass-charge>71.0</mass-charge>
    </ei-ms-peak>
    <ei-ms-peak>
      <ei-ms-id>797</ei-ms-id>
      <id>87469</id>
      <intensity>180.0</intensity>
      <mass-charge>72.0</mass-charge>
    </ei-ms-peak>
    <ei-ms-peak>
      <ei-ms-id>797</ei-ms-id>
      <id>87470</id>
      <intensity>135.0</intensity>
      <mass-charge>75.0</mass-charge>
    </ei-ms-peak>
    <ei-ms-peak>
      <ei-ms-id>797</ei-ms-id>
      <id>87471</id>
      <intensity>360.0</intensity>
      <mass-charge>76.0</mass-charge>
    </ei-ms-peak>
    <ei-ms-peak>
      <ei-ms-id>797</ei-ms-id>
      <id>87472</id>
      <intensity>1351.0</intensity>
      <mass-charge>77.0</mass-charge>
    </ei-ms-peak>
    <ei-ms-peak>
      <ei-ms-id>797</ei-ms-id>
      <id>87473</id>
      <intensity>1779.0</intensity>
      <mass-charge>78.0</mass-charge>
    </ei-ms-peak>
    <ei-ms-peak>
      <ei-ms-id>797</ei-ms-id>
      <id>87474</id>
      <intensity>315.0</intensity>
      <mass-charge>79.0</mass-charge>
    </ei-ms-peak>
    <ei-ms-peak>
      <ei-ms-id>797</ei-ms-id>
      <id>87475</id>
      <intensity>338.0</intensity>
      <mass-charge>80.0</mass-charge>
    </ei-ms-peak>
    <ei-ms-peak>
      <ei-ms-id>797</ei-ms-id>
      <id>87476</id>
      <intensity>135.0</intensity>
      <mass-charge>82.0</mass-charge>
    </ei-ms-peak>
    <ei-ms-peak>
      <ei-ms-id>797</ei-ms-id>
      <id>87477</id>
      <intensity>135.0</intensity>
      <mass-charge>83.0</mass-charge>
    </ei-ms-peak>
    <ei-ms-peak>
      <ei-ms-id>797</ei-ms-id>
      <id>87478</id>
      <intensity>1982.0</intensity>
      <mass-charge>90.0</mass-charge>
    </ei-ms-peak>
    <ei-ms-peak>
      <ei-ms-id>797</ei-ms-id>
      <id>87479</id>
      <intensity>608.0</intensity>
      <mass-charge>91.0</mass-charge>
    </ei-ms-peak>
    <ei-ms-peak>
      <ei-ms-id>797</ei-ms-id>
      <id>87480</id>
      <intensity>540.0</intensity>
      <mass-charge>92.0</mass-charge>
    </ei-ms-peak>
    <ei-ms-peak>
      <ei-ms-id>797</ei-ms-id>
      <id>87481</id>
      <intensity>225.0</intensity>
      <mass-charge>93.0</mass-charge>
    </ei-ms-peak>
    <ei-ms-peak>
      <ei-ms-id>797</ei-ms-id>
      <id>87482</id>
      <intensity>811.0</intensity>
      <mass-charge>98.0</mass-charge>
    </ei-ms-peak>
    <ei-ms-peak>
      <ei-ms-id>797</ei-ms-id>
      <id>87483</id>
      <intensity>135.0</intensity>
      <mass-charge>99.0</mass-charge>
    </ei-ms-peak>
    <ei-ms-peak>
      <ei-ms-id>797</ei-ms-id>
      <id>87484</id>
      <intensity>338.0</intensity>
      <mass-charge>103.0</mass-charge>
    </ei-ms-peak>
    <ei-ms-peak>
      <ei-ms-id>797</ei-ms-id>
      <id>87485</id>
      <intensity>1486.0</intensity>
      <mass-charge>104.0</mass-charge>
    </ei-ms-peak>
    <ei-ms-peak>
      <ei-ms-id>797</ei-ms-id>
      <id>87486</id>
      <intensity>4391.0</intensity>
      <mass-charge>105.0</mass-charge>
    </ei-ms-peak>
    <ei-ms-peak>
      <ei-ms-id>797</ei-ms-id>
      <id>87487</id>
      <intensity>540.0</intensity>
      <mass-charge>106.0</mass-charge>
    </ei-ms-peak>
    <ei-ms-peak>
      <ei-ms-id>797</ei-ms-id>
      <id>87488</id>
      <intensity>135.0</intensity>
      <mass-charge>117.0</mass-charge>
    </ei-ms-peak>
    <ei-ms-peak>
      <ei-ms-id>797</ei-ms-id>
      <id>87489</id>
      <intensity>1982.0</intensity>
      <mass-charge>118.0</mass-charge>
    </ei-ms-peak>
    <ei-ms-peak>
      <ei-ms-id>797</ei-ms-id>
      <id>87490</id>
      <intensity>1757.0</intensity>
      <mass-charge>119.0</mass-charge>
    </ei-ms-peak>
    <ei-ms-peak>
      <ei-ms-id>797</ei-ms-id>
      <id>87491</id>
      <intensity>203.0</intensity>
      <mass-charge>120.0</mass-charge>
    </ei-ms-peak>
    <ei-ms-peak>
      <ei-ms-id>797</ei-ms-id>
      <id>87492</id>
      <intensity>113.0</intensity>
      <mass-charge>125.0</mass-charge>
    </ei-ms-peak>
    <ei-ms-peak>
      <ei-ms-id>797</ei-ms-id>
      <id>87493</id>
      <intensity>450.0</intensity>
      <mass-charge>129.0</mass-charge>
    </ei-ms-peak>
    <ei-ms-peak>
      <ei-ms-id>797</ei-ms-id>
      <id>87494</id>
      <intensity>338.0</intensity>
      <mass-charge>130.0</mass-charge>
    </ei-ms-peak>
    <ei-ms-peak>
      <ei-ms-id>797</ei-ms-id>
      <id>87495</id>
      <intensity>1351.0</intensity>
      <mass-charge>131.0</mass-charge>
    </ei-ms-peak>
    <ei-ms-peak>
      <ei-ms-id>797</ei-ms-id>
      <id>87496</id>
      <intensity>2567.0</intensity>
      <mass-charge>132.0</mass-charge>
    </ei-ms-peak>
    <ei-ms-peak>
      <ei-ms-id>797</ei-ms-id>
      <id>87497</id>
      <intensity>1126.0</intensity>
      <mass-charge>133.0</mass-charge>
    </ei-ms-peak>
    <ei-ms-peak>
      <ei-ms-id>797</ei-ms-id>
      <id>87498</id>
      <intensity>225.0</intensity>
      <mass-charge>134.0</mass-charge>
    </ei-ms-peak>
    <ei-ms-peak>
      <ei-ms-id>797</ei-ms-id>
      <id>87499</id>
      <intensity>2545.0</intensity>
      <mass-charge>146.0</mass-charge>
    </ei-ms-peak>
    <ei-ms-peak>
      <ei-ms-id>797</ei-ms-id>
      <id>87500</id>
      <intensity>338.0</intensity>
      <mass-charge>147.0</mass-charge>
    </ei-ms-peak>
    <ei-ms-peak>
      <ei-ms-id>797</ei-ms-id>
      <id>87501</id>
      <intensity>450.0</intensity>
      <mass-charge>158.0</mass-charge>
    </ei-ms-peak>
    <ei-ms-peak>
      <ei-ms-id>797</ei-ms-id>
      <id>87502</id>
      <intensity>9909.0</intensity>
      <mass-charge>159.0</mass-charge>
    </ei-ms-peak>
    <ei-ms-peak>
      <ei-ms-id>797</ei-ms-id>
      <id>87503</id>
      <intensity>1689.0</intensity>
      <mass-charge>160.0</mass-charge>
    </ei-ms-peak>
    <ei-ms-peak>
      <ei-ms-id>797</ei-ms-id>
      <id>87504</id>
      <intensity>158.0</intensity>
      <mass-charge>161.0</mass-charge>
    </ei-ms-peak>
    <ei-ms-peak>
      <ei-ms-id>797</ei-ms-id>
      <id>87505</id>
      <intensity>113.0</intensity>
      <mass-charge>177.0</mass-charge>
    </ei-ms-peak>
    <ei-ms-peak>
      <ei-ms-id>797</ei-ms-id>
      <id>87506</id>
      <intensity>113.0</intensity>
      <mass-charge>190.0</mass-charge>
    </ei-ms-peak>
    <ei-ms-peak>
      <ei-ms-id>797</ei-ms-id>
      <id>87507</id>
      <intensity>9999.0</intensity>
      <mass-charge>191.0</mass-charge>
    </ei-ms-peak>
    <ei-ms-peak>
      <ei-ms-id>797</ei-ms-id>
      <id>87508</id>
      <intensity>1126.0</intensity>
      <mass-charge>192.0</mass-charge>
    </ei-ms-peak>
    <ei-ms-peak>
      <ei-ms-id>797</ei-ms-id>
      <id>87509</id>
      <intensity>113.0</intensity>
      <mass-charge>193.0</mass-charge>
    </ei-ms-peak>
    <ei-ms-peak>
      <ei-ms-id>797</ei-ms-id>
      <id>87510</id>
      <intensity>135.0</intensity>
      <mass-charge>198.0</mass-charge>
    </ei-ms-peak>
    <ei-ms-peak>
      <ei-ms-id>797</ei-ms-id>
      <id>87511</id>
      <intensity>248.0</intensity>
      <mass-charge>199.0</mass-charge>
    </ei-ms-peak>
    <ei-ms-peak>
      <ei-ms-id>797</ei-ms-id>
      <id>87512</id>
      <intensity>338.0</intensity>
      <mass-charge>200.0</mass-charge>
    </ei-ms-peak>
    <ei-ms-peak>
      <ei-ms-id>797</ei-ms-id>
      <id>87513</id>
      <intensity>248.0</intensity>
      <mass-charge>201.0</mass-charge>
    </ei-ms-peak>
    <ei-ms-peak>
      <ei-ms-id>797</ei-ms-id>
      <id>87514</id>
      <intensity>450.0</intensity>
      <mass-charge>202.0</mass-charge>
    </ei-ms-peak>
    <ei-ms-peak>
      <ei-ms-id>797</ei-ms-id>
      <id>87515</id>
      <intensity>135.0</intensity>
      <mass-charge>204.0</mass-charge>
    </ei-ms-peak>
  </ei-ms-peaks>
</ei-ms>
