<?xml version="1.0" encoding="UTF-8"?>
<ei-ms>
  <collection-date nil="true"/>
  <created-at>2014-09-20T16:28:39Z</created-at>
  <database-id>HMDB15069</database-id>
  <id>463</id>
  <inchi-key>QSLMDECMDJKHMQ-UHFFFAOYSA-N</inchi-key>
  <instrument-type nil="true"/>
  <molecule-id nil="true"/>
  <notes nil="true"/>
  <peak-counter>134</peak-counter>
  <sample-assessment nil="true"/>
  <sample-concentration nil="true"/>
  <sample-concentration-units nil="true"/>
  <sample-mass nil="true"/>
  <sample-mass-units nil="true"/>
  <sample-source nil="true"/>
  <solvent nil="true"/>
  <spectra-assessment nil="true"/>
  <updated-at>2014-09-20T16:28:39Z</updated-at>
  <references>
    <reference>
      <database>NIST</database>
      <database-id>10262-69-8</database-id>
      <id>15335</id>
      <pubmed-id nil="true"/>
      <ref-text>NIST Mass Spec Data Center, S.E. Stein, director, "Mass Spectra" in NIST Chemistry WebBook, NIST Standard Reference Database Number 69, Eds. P.J. Linstrom and W.G. Mallard, National Institute of Standards and Technology, Gaithersburg MD, 20899, http://webbook.nist.gov, (retrieved September 6, 2014).</ref-text>
      <spectra-id>463</spectra-id>
      <spectra-type>EiMs</spectra-type>
    </reference>
  </references>
  <ei-ms-peaks>
    <ei-ms-peak>
      <ei-ms-id>463</ei-ms-id>
      <id>51410</id>
      <intensity>870.0</intensity>
      <mass-charge>30.0</mass-charge>
    </ei-ms-peak>
    <ei-ms-peak>
      <ei-ms-id>463</ei-ms-id>
      <id>51411</id>
      <intensity>470.0</intensity>
      <mass-charge>31.0</mass-charge>
    </ei-ms-peak>
    <ei-ms-peak>
      <ei-ms-id>463</ei-ms-id>
      <id>51412</id>
      <intensity>10.0</intensity>
      <mass-charge>34.0</mass-charge>
    </ei-ms-peak>
    <ei-ms-peak>
      <ei-ms-id>463</ei-ms-id>
      <id>51413</id>
      <intensity>80.0</intensity>
      <mass-charge>39.0</mass-charge>
    </ei-ms-peak>
    <ei-ms-peak>
      <ei-ms-id>463</ei-ms-id>
      <id>51414</id>
      <intensity>10.0</intensity>
      <mass-charge>40.0</mass-charge>
    </ei-ms-peak>
    <ei-ms-peak>
      <ei-ms-id>463</ei-ms-id>
      <id>51415</id>
      <intensity>90.0</intensity>
      <mass-charge>41.0</mass-charge>
    </ei-ms-peak>
    <ei-ms-peak>
      <ei-ms-id>463</ei-ms-id>
      <id>51416</id>
      <intensity>580.0</intensity>
      <mass-charge>42.0</mass-charge>
    </ei-ms-peak>
    <ei-ms-peak>
      <ei-ms-id>463</ei-ms-id>
      <id>51417</id>
      <intensity>230.0</intensity>
      <mass-charge>43.0</mass-charge>
    </ei-ms-peak>
    <ei-ms-peak>
      <ei-ms-id>463</ei-ms-id>
      <id>51418</id>
      <intensity>9999.0</intensity>
      <mass-charge>44.0</mass-charge>
    </ei-ms-peak>
    <ei-ms-peak>
      <ei-ms-id>463</ei-ms-id>
      <id>51419</id>
      <intensity>290.0</intensity>
      <mass-charge>45.0</mass-charge>
    </ei-ms-peak>
    <ei-ms-peak>
      <ei-ms-id>463</ei-ms-id>
      <id>51420</id>
      <intensity>30.0</intensity>
      <mass-charge>50.0</mass-charge>
    </ei-ms-peak>
    <ei-ms-peak>
      <ei-ms-id>463</ei-ms-id>
      <id>51421</id>
      <intensity>60.0</intensity>
      <mass-charge>51.0</mass-charge>
    </ei-ms-peak>
    <ei-ms-peak>
      <ei-ms-id>463</ei-ms-id>
      <id>51422</id>
      <intensity>20.0</intensity>
      <mass-charge>52.0</mass-charge>
    </ei-ms-peak>
    <ei-ms-peak>
      <ei-ms-id>463</ei-ms-id>
      <id>51423</id>
      <intensity>20.0</intensity>
      <mass-charge>53.0</mass-charge>
    </ei-ms-peak>
    <ei-ms-peak>
      <ei-ms-id>463</ei-ms-id>
      <id>51424</id>
      <intensity>40.0</intensity>
      <mass-charge>54.0</mass-charge>
    </ei-ms-peak>
    <ei-ms-peak>
      <ei-ms-id>463</ei-ms-id>
      <id>51425</id>
      <intensity>30.0</intensity>
      <mass-charge>55.0</mass-charge>
    </ei-ms-peak>
    <ei-ms-peak>
      <ei-ms-id>463</ei-ms-id>
      <id>51426</id>
      <intensity>390.0</intensity>
      <mass-charge>56.0</mass-charge>
    </ei-ms-peak>
    <ei-ms-peak>
      <ei-ms-id>463</ei-ms-id>
      <id>51427</id>
      <intensity>470.0</intensity>
      <mass-charge>57.0</mass-charge>
    </ei-ms-peak>
    <ei-ms-peak>
      <ei-ms-id>463</ei-ms-id>
      <id>51428</id>
      <intensity>60.0</intensity>
      <mass-charge>58.0</mass-charge>
    </ei-ms-peak>
    <ei-ms-peak>
      <ei-ms-id>463</ei-ms-id>
      <id>51429</id>
      <intensity>1581.0</intensity>
      <mass-charge>59.0</mass-charge>
    </ei-ms-peak>
    <ei-ms-peak>
      <ei-ms-id>463</ei-ms-id>
      <id>51430</id>
      <intensity>70.0</intensity>
      <mass-charge>60.0</mass-charge>
    </ei-ms-peak>
    <ei-ms-peak>
      <ei-ms-id>463</ei-ms-id>
      <id>51431</id>
      <intensity>20.0</intensity>
      <mass-charge>62.0</mass-charge>
    </ei-ms-peak>
    <ei-ms-peak>
      <ei-ms-id>463</ei-ms-id>
      <id>51432</id>
      <intensity>60.0</intensity>
      <mass-charge>63.0</mass-charge>
    </ei-ms-peak>
    <ei-ms-peak>
      <ei-ms-id>463</ei-ms-id>
      <id>51433</id>
      <intensity>40.0</intensity>
      <mass-charge>65.0</mass-charge>
    </ei-ms-peak>
    <ei-ms-peak>
      <ei-ms-id>463</ei-ms-id>
      <id>51434</id>
      <intensity>10.0</intensity>
      <mass-charge>66.0</mass-charge>
    </ei-ms-peak>
    <ei-ms-peak>
      <ei-ms-id>463</ei-ms-id>
      <id>51435</id>
      <intensity>20.0</intensity>
      <mass-charge>67.0</mass-charge>
    </ei-ms-peak>
    <ei-ms-peak>
      <ei-ms-id>463</ei-ms-id>
      <id>51436</id>
      <intensity>50.0</intensity>
      <mass-charge>68.0</mass-charge>
    </ei-ms-peak>
    <ei-ms-peak>
      <ei-ms-id>463</ei-ms-id>
      <id>51437</id>
      <intensity>1361.0</intensity>
      <mass-charge>70.0</mass-charge>
    </ei-ms-peak>
    <ei-ms-peak>
      <ei-ms-id>463</ei-ms-id>
      <id>51438</id>
      <intensity>650.0</intensity>
      <mass-charge>71.0</mass-charge>
    </ei-ms-peak>
    <ei-ms-peak>
      <ei-ms-id>463</ei-ms-id>
      <id>51439</id>
      <intensity>50.0</intensity>
      <mass-charge>72.0</mass-charge>
    </ei-ms-peak>
    <ei-ms-peak>
      <ei-ms-id>463</ei-ms-id>
      <id>51440</id>
      <intensity>10.0</intensity>
      <mass-charge>73.0</mass-charge>
    </ei-ms-peak>
    <ei-ms-peak>
      <ei-ms-id>463</ei-ms-id>
      <id>51441</id>
      <intensity>30.0</intensity>
      <mass-charge>74.0</mass-charge>
    </ei-ms-peak>
    <ei-ms-peak>
      <ei-ms-id>463</ei-ms-id>
      <id>51442</id>
      <intensity>50.0</intensity>
      <mass-charge>75.0</mass-charge>
    </ei-ms-peak>
    <ei-ms-peak>
      <ei-ms-id>463</ei-ms-id>
      <id>51443</id>
      <intensity>50.0</intensity>
      <mass-charge>76.0</mass-charge>
    </ei-ms-peak>
    <ei-ms-peak>
      <ei-ms-id>463</ei-ms-id>
      <id>51444</id>
      <intensity>90.0</intensity>
      <mass-charge>77.0</mass-charge>
    </ei-ms-peak>
    <ei-ms-peak>
      <ei-ms-id>463</ei-ms-id>
      <id>51445</id>
      <intensity>30.0</intensity>
      <mass-charge>78.0</mass-charge>
    </ei-ms-peak>
    <ei-ms-peak>
      <ei-ms-id>463</ei-ms-id>
      <id>51446</id>
      <intensity>20.0</intensity>
      <mass-charge>79.0</mass-charge>
    </ei-ms-peak>
    <ei-ms-peak>
      <ei-ms-id>463</ei-ms-id>
      <id>51447</id>
      <intensity>10.0</intensity>
      <mass-charge>81.0</mass-charge>
    </ei-ms-peak>
    <ei-ms-peak>
      <ei-ms-id>463</ei-ms-id>
      <id>51448</id>
      <intensity>30.0</intensity>
      <mass-charge>82.0</mass-charge>
    </ei-ms-peak>
    <ei-ms-peak>
      <ei-ms-id>463</ei-ms-id>
      <id>51449</id>
      <intensity>30.0</intensity>
      <mass-charge>87.0</mass-charge>
    </ei-ms-peak>
    <ei-ms-peak>
      <ei-ms-id>463</ei-ms-id>
      <id>51450</id>
      <intensity>40.0</intensity>
      <mass-charge>88.0</mass-charge>
    </ei-ms-peak>
    <ei-ms-peak>
      <ei-ms-id>463</ei-ms-id>
      <id>51451</id>
      <intensity>100.0</intensity>
      <mass-charge>89.0</mass-charge>
    </ei-ms-peak>
    <ei-ms-peak>
      <ei-ms-id>463</ei-ms-id>
      <id>51452</id>
      <intensity>110.0</intensity>
      <mass-charge>91.0</mass-charge>
    </ei-ms-peak>
    <ei-ms-peak>
      <ei-ms-id>463</ei-ms-id>
      <id>51453</id>
      <intensity>10.0</intensity>
      <mass-charge>92.0</mass-charge>
    </ei-ms-peak>
    <ei-ms-peak>
      <ei-ms-id>463</ei-ms-id>
      <id>51454</id>
      <intensity>70.0</intensity>
      <mass-charge>94.0</mass-charge>
    </ei-ms-peak>
    <ei-ms-peak>
      <ei-ms-id>463</ei-ms-id>
      <id>51455</id>
      <intensity>30.0</intensity>
      <mass-charge>99.0</mass-charge>
    </ei-ms-peak>
    <ei-ms-peak>
      <ei-ms-id>463</ei-ms-id>
      <id>51456</id>
      <intensity>30.0</intensity>
      <mass-charge>100.0</mass-charge>
    </ei-ms-peak>
    <ei-ms-peak>
      <ei-ms-id>463</ei-ms-id>
      <id>51457</id>
      <intensity>130.0</intensity>
      <mass-charge>101.0</mass-charge>
    </ei-ms-peak>
    <ei-ms-peak>
      <ei-ms-id>463</ei-ms-id>
      <id>51458</id>
      <intensity>70.0</intensity>
      <mass-charge>102.0</mass-charge>
    </ei-ms-peak>
    <ei-ms-peak>
      <ei-ms-id>463</ei-ms-id>
      <id>51459</id>
      <intensity>30.0</intensity>
      <mass-charge>105.0</mass-charge>
    </ei-ms-peak>
    <ei-ms-peak>
      <ei-ms-id>463</ei-ms-id>
      <id>51460</id>
      <intensity>20.0</intensity>
      <mass-charge>106.0</mass-charge>
    </ei-ms-peak>
    <ei-ms-peak>
      <ei-ms-id>463</ei-ms-id>
      <id>51461</id>
      <intensity>10.0</intensity>
      <mass-charge>110.0</mass-charge>
    </ei-ms-peak>
    <ei-ms-peak>
      <ei-ms-id>463</ei-ms-id>
      <id>51462</id>
      <intensity>30.0</intensity>
      <mass-charge>113.0</mass-charge>
    </ei-ms-peak>
    <ei-ms-peak>
      <ei-ms-id>463</ei-ms-id>
      <id>51463</id>
      <intensity>10.0</intensity>
      <mass-charge>114.0</mass-charge>
    </ei-ms-peak>
    <ei-ms-peak>
      <ei-ms-id>463</ei-ms-id>
      <id>51464</id>
      <intensity>250.0</intensity>
      <mass-charge>115.0</mass-charge>
    </ei-ms-peak>
    <ei-ms-peak>
      <ei-ms-id>463</ei-ms-id>
      <id>51465</id>
      <intensity>40.0</intensity>
      <mass-charge>116.0</mass-charge>
    </ei-ms-peak>
    <ei-ms-peak>
      <ei-ms-id>463</ei-ms-id>
      <id>51466</id>
      <intensity>110.0</intensity>
      <mass-charge>117.0</mass-charge>
    </ei-ms-peak>
    <ei-ms-peak>
      <ei-ms-id>463</ei-ms-id>
      <id>51467</id>
      <intensity>20.0</intensity>
      <mass-charge>118.0</mass-charge>
    </ei-ms-peak>
    <ei-ms-peak>
      <ei-ms-id>463</ei-ms-id>
      <id>51468</id>
      <intensity>20.0</intensity>
      <mass-charge>125.0</mass-charge>
    </ei-ms-peak>
    <ei-ms-peak>
      <ei-ms-id>463</ei-ms-id>
      <id>51469</id>
      <intensity>70.0</intensity>
      <mass-charge>126.0</mass-charge>
    </ei-ms-peak>
    <ei-ms-peak>
      <ei-ms-id>463</ei-ms-id>
      <id>51470</id>
      <intensity>90.0</intensity>
      <mass-charge>127.0</mass-charge>
    </ei-ms-peak>
    <ei-ms-peak>
      <ei-ms-id>463</ei-ms-id>
      <id>51471</id>
      <intensity>140.0</intensity>
      <mass-charge>128.0</mass-charge>
    </ei-ms-peak>
    <ei-ms-peak>
      <ei-ms-id>463</ei-ms-id>
      <id>51472</id>
      <intensity>60.0</intensity>
      <mass-charge>129.0</mass-charge>
    </ei-ms-peak>
    <ei-ms-peak>
      <ei-ms-id>463</ei-ms-id>
      <id>51473</id>
      <intensity>10.0</intensity>
      <mass-charge>130.0</mass-charge>
    </ei-ms-peak>
    <ei-ms-peak>
      <ei-ms-id>463</ei-ms-id>
      <id>51474</id>
      <intensity>20.0</intensity>
      <mass-charge>131.0</mass-charge>
    </ei-ms-peak>
    <ei-ms-peak>
      <ei-ms-id>463</ei-ms-id>
      <id>51475</id>
      <intensity>20.0</intensity>
      <mass-charge>137.0</mass-charge>
    </ei-ms-peak>
    <ei-ms-peak>
      <ei-ms-id>463</ei-ms-id>
      <id>51476</id>
      <intensity>20.0</intensity>
      <mass-charge>138.0</mass-charge>
    </ei-ms-peak>
    <ei-ms-peak>
      <ei-ms-id>463</ei-ms-id>
      <id>51477</id>
      <intensity>150.0</intensity>
      <mass-charge>139.0</mass-charge>
    </ei-ms-peak>
    <ei-ms-peak>
      <ei-ms-id>463</ei-ms-id>
      <id>51478</id>
      <intensity>30.0</intensity>
      <mass-charge>140.0</mass-charge>
    </ei-ms-peak>
    <ei-ms-peak>
      <ei-ms-id>463</ei-ms-id>
      <id>51479</id>
      <intensity>70.0</intensity>
      <mass-charge>141.0</mass-charge>
    </ei-ms-peak>
    <ei-ms-peak>
      <ei-ms-id>463</ei-ms-id>
      <id>51480</id>
      <intensity>30.0</intensity>
      <mass-charge>142.0</mass-charge>
    </ei-ms-peak>
    <ei-ms-peak>
      <ei-ms-id>463</ei-ms-id>
      <id>51481</id>
      <intensity>50.0</intensity>
      <mass-charge>149.0</mass-charge>
    </ei-ms-peak>
    <ei-ms-peak>
      <ei-ms-id>463</ei-ms-id>
      <id>51482</id>
      <intensity>230.0</intensity>
      <mass-charge>150.0</mass-charge>
    </ei-ms-peak>
    <ei-ms-peak>
      <ei-ms-id>463</ei-ms-id>
      <id>51483</id>
      <intensity>330.0</intensity>
      <mass-charge>151.0</mass-charge>
    </ei-ms-peak>
    <ei-ms-peak>
      <ei-ms-id>463</ei-ms-id>
      <id>51484</id>
      <intensity>350.0</intensity>
      <mass-charge>152.0</mass-charge>
    </ei-ms-peak>
    <ei-ms-peak>
      <ei-ms-id>463</ei-ms-id>
      <id>51485</id>
      <intensity>80.0</intensity>
      <mass-charge>153.0</mass-charge>
    </ei-ms-peak>
    <ei-ms-peak>
      <ei-ms-id>463</ei-ms-id>
      <id>51486</id>
      <intensity>20.0</intensity>
      <mass-charge>154.0</mass-charge>
    </ei-ms-peak>
    <ei-ms-peak>
      <ei-ms-id>463</ei-ms-id>
      <id>51487</id>
      <intensity>20.0</intensity>
      <mass-charge>155.0</mass-charge>
    </ei-ms-peak>
    <ei-ms-peak>
      <ei-ms-id>463</ei-ms-id>
      <id>51488</id>
      <intensity>20.0</intensity>
      <mass-charge>161.0</mass-charge>
    </ei-ms-peak>
    <ei-ms-peak>
      <ei-ms-id>463</ei-ms-id>
      <id>51489</id>
      <intensity>40.0</intensity>
      <mass-charge>162.0</mass-charge>
    </ei-ms-peak>
    <ei-ms-peak>
      <ei-ms-id>463</ei-ms-id>
      <id>51490</id>
      <intensity>260.0</intensity>
      <mass-charge>163.0</mass-charge>
    </ei-ms-peak>
    <ei-ms-peak>
      <ei-ms-id>463</ei-ms-id>
      <id>51491</id>
      <intensity>180.0</intensity>
      <mass-charge>164.0</mass-charge>
    </ei-ms-peak>
    <ei-ms-peak>
      <ei-ms-id>463</ei-ms-id>
      <id>51492</id>
      <intensity>670.0</intensity>
      <mass-charge>165.0</mass-charge>
    </ei-ms-peak>
    <ei-ms-peak>
      <ei-ms-id>463</ei-ms-id>
      <id>51493</id>
      <intensity>110.0</intensity>
      <mass-charge>166.0</mass-charge>
    </ei-ms-peak>
    <ei-ms-peak>
      <ei-ms-id>463</ei-ms-id>
      <id>51494</id>
      <intensity>10.0</intensity>
      <mass-charge>167.0</mass-charge>
    </ei-ms-peak>
    <ei-ms-peak>
      <ei-ms-id>463</ei-ms-id>
      <id>51495</id>
      <intensity>70.0</intensity>
      <mass-charge>174.0</mass-charge>
    </ei-ms-peak>
    <ei-ms-peak>
      <ei-ms-id>463</ei-ms-id>
      <id>51496</id>
      <intensity>110.0</intensity>
      <mass-charge>175.0</mass-charge>
    </ei-ms-peak>
    <ei-ms-peak>
      <ei-ms-id>463</ei-ms-id>
      <id>51497</id>
      <intensity>830.0</intensity>
      <mass-charge>176.0</mass-charge>
    </ei-ms-peak>
    <ei-ms-peak>
      <ei-ms-id>463</ei-ms-id>
      <id>51498</id>
      <intensity>400.0</intensity>
      <mass-charge>177.0</mass-charge>
    </ei-ms-peak>
    <ei-ms-peak>
      <ei-ms-id>463</ei-ms-id>
      <id>51499</id>
      <intensity>1090.0</intensity>
      <mass-charge>178.0</mass-charge>
    </ei-ms-peak>
    <ei-ms-peak>
      <ei-ms-id>463</ei-ms-id>
      <id>51500</id>
      <intensity>230.0</intensity>
      <mass-charge>179.0</mass-charge>
    </ei-ms-peak>
    <ei-ms-peak>
      <ei-ms-id>463</ei-ms-id>
      <id>51501</id>
      <intensity>30.0</intensity>
      <mass-charge>180.0</mass-charge>
    </ei-ms-peak>
    <ei-ms-peak>
      <ei-ms-id>463</ei-ms-id>
      <id>51502</id>
      <intensity>20.0</intensity>
      <mass-charge>186.0</mass-charge>
    </ei-ms-peak>
    <ei-ms-peak>
      <ei-ms-id>463</ei-ms-id>
      <id>51503</id>
      <intensity>160.0</intensity>
      <mass-charge>187.0</mass-charge>
    </ei-ms-peak>
    <ei-ms-peak>
      <ei-ms-id>463</ei-ms-id>
      <id>51504</id>
      <intensity>170.0</intensity>
      <mass-charge>188.0</mass-charge>
    </ei-ms-peak>
    <ei-ms-peak>
      <ei-ms-id>463</ei-ms-id>
      <id>51505</id>
      <intensity>1591.0</intensity>
      <mass-charge>189.0</mass-charge>
    </ei-ms-peak>
    <ei-ms-peak>
      <ei-ms-id>463</ei-ms-id>
      <id>51506</id>
      <intensity>710.0</intensity>
      <mass-charge>190.0</mass-charge>
    </ei-ms-peak>
    <ei-ms-peak>
      <ei-ms-id>463</ei-ms-id>
      <id>51507</id>
      <intensity>1291.0</intensity>
      <mass-charge>191.0</mass-charge>
    </ei-ms-peak>
    <ei-ms-peak>
      <ei-ms-id>463</ei-ms-id>
      <id>51508</id>
      <intensity>310.0</intensity>
      <mass-charge>192.0</mass-charge>
    </ei-ms-peak>
    <ei-ms-peak>
      <ei-ms-id>463</ei-ms-id>
      <id>51509</id>
      <intensity>40.0</intensity>
      <mass-charge>193.0</mass-charge>
    </ei-ms-peak>
    <ei-ms-peak>
      <ei-ms-id>463</ei-ms-id>
      <id>51510</id>
      <intensity>10.0</intensity>
      <mass-charge>198.0</mass-charge>
    </ei-ms-peak>
    <ei-ms-peak>
      <ei-ms-id>463</ei-ms-id>
      <id>51511</id>
      <intensity>30.0</intensity>
      <mass-charge>199.0</mass-charge>
    </ei-ms-peak>
    <ei-ms-peak>
      <ei-ms-id>463</ei-ms-id>
      <id>51512</id>
      <intensity>330.0</intensity>
      <mass-charge>200.0</mass-charge>
    </ei-ms-peak>
    <ei-ms-peak>
      <ei-ms-id>463</ei-ms-id>
      <id>51513</id>
      <intensity>360.0</intensity>
      <mass-charge>201.0</mass-charge>
    </ei-ms-peak>
    <ei-ms-peak>
      <ei-ms-id>463</ei-ms-id>
      <id>51514</id>
      <intensity>2111.0</intensity>
      <mass-charge>202.0</mass-charge>
    </ei-ms-peak>
    <ei-ms-peak>
      <ei-ms-id>463</ei-ms-id>
      <id>51515</id>
      <intensity>2412.0</intensity>
      <mass-charge>203.0</mass-charge>
    </ei-ms-peak>
    <ei-ms-peak>
      <ei-ms-id>463</ei-ms-id>
      <id>51516</id>
      <intensity>1851.0</intensity>
      <mass-charge>204.0</mass-charge>
    </ei-ms-peak>
    <ei-ms-peak>
      <ei-ms-id>463</ei-ms-id>
      <id>51517</id>
      <intensity>890.0</intensity>
      <mass-charge>205.0</mass-charge>
    </ei-ms-peak>
    <ei-ms-peak>
      <ei-ms-id>463</ei-ms-id>
      <id>51518</id>
      <intensity>150.0</intensity>
      <mass-charge>206.0</mass-charge>
    </ei-ms-peak>
    <ei-ms-peak>
      <ei-ms-id>463</ei-ms-id>
      <id>51519</id>
      <intensity>10.0</intensity>
      <mass-charge>207.0</mass-charge>
    </ei-ms-peak>
    <ei-ms-peak>
      <ei-ms-id>463</ei-ms-id>
      <id>51520</id>
      <intensity>20.0</intensity>
      <mass-charge>211.0</mass-charge>
    </ei-ms-peak>
    <ei-ms-peak>
      <ei-ms-id>463</ei-ms-id>
      <id>51521</id>
      <intensity>120.0</intensity>
      <mass-charge>213.0</mass-charge>
    </ei-ms-peak>
    <ei-ms-peak>
      <ei-ms-id>463</ei-ms-id>
      <id>51522</id>
      <intensity>50.0</intensity>
      <mass-charge>214.0</mass-charge>
    </ei-ms-peak>
    <ei-ms-peak>
      <ei-ms-id>463</ei-ms-id>
      <id>51523</id>
      <intensity>440.0</intensity>
      <mass-charge>215.0</mass-charge>
    </ei-ms-peak>
    <ei-ms-peak>
      <ei-ms-id>463</ei-ms-id>
      <id>51524</id>
      <intensity>150.0</intensity>
      <mass-charge>216.0</mass-charge>
    </ei-ms-peak>
    <ei-ms-peak>
      <ei-ms-id>463</ei-ms-id>
      <id>51525</id>
      <intensity>480.0</intensity>
      <mass-charge>217.0</mass-charge>
    </ei-ms-peak>
    <ei-ms-peak>
      <ei-ms-id>463</ei-ms-id>
      <id>51526</id>
      <intensity>420.0</intensity>
      <mass-charge>218.0</mass-charge>
    </ei-ms-peak>
    <ei-ms-peak>
      <ei-ms-id>463</ei-ms-id>
      <id>51527</id>
      <intensity>90.0</intensity>
      <mass-charge>219.0</mass-charge>
    </ei-ms-peak>
    <ei-ms-peak>
      <ei-ms-id>463</ei-ms-id>
      <id>51528</id>
      <intensity>20.0</intensity>
      <mass-charge>220.0</mass-charge>
    </ei-ms-peak>
    <ei-ms-peak>
      <ei-ms-id>463</ei-ms-id>
      <id>51529</id>
      <intensity>30.0</intensity>
      <mass-charge>226.0</mass-charge>
    </ei-ms-peak>
    <ei-ms-peak>
      <ei-ms-id>463</ei-ms-id>
      <id>51530</id>
      <intensity>30.0</intensity>
      <mass-charge>227.0</mass-charge>
    </ei-ms-peak>
    <ei-ms-peak>
      <ei-ms-id>463</ei-ms-id>
      <id>51531</id>
      <intensity>30.0</intensity>
      <mass-charge>228.0</mass-charge>
    </ei-ms-peak>
    <ei-ms-peak>
      <ei-ms-id>463</ei-ms-id>
      <id>51532</id>
      <intensity>20.0</intensity>
      <mass-charge>229.0</mass-charge>
    </ei-ms-peak>
    <ei-ms-peak>
      <ei-ms-id>463</ei-ms-id>
      <id>51533</id>
      <intensity>20.0</intensity>
      <mass-charge>230.0</mass-charge>
    </ei-ms-peak>
    <ei-ms-peak>
      <ei-ms-id>463</ei-ms-id>
      <id>51534</id>
      <intensity>10.0</intensity>
      <mass-charge>231.0</mass-charge>
    </ei-ms-peak>
    <ei-ms-peak>
      <ei-ms-id>463</ei-ms-id>
      <id>51535</id>
      <intensity>20.0</intensity>
      <mass-charge>232.0</mass-charge>
    </ei-ms-peak>
    <ei-ms-peak>
      <ei-ms-id>463</ei-ms-id>
      <id>51536</id>
      <intensity>30.0</intensity>
      <mass-charge>233.0</mass-charge>
    </ei-ms-peak>
    <ei-ms-peak>
      <ei-ms-id>463</ei-ms-id>
      <id>51537</id>
      <intensity>20.0</intensity>
      <mass-charge>246.0</mass-charge>
    </ei-ms-peak>
    <ei-ms-peak>
      <ei-ms-id>463</ei-ms-id>
      <id>51538</id>
      <intensity>20.0</intensity>
      <mass-charge>247.0</mass-charge>
    </ei-ms-peak>
    <ei-ms-peak>
      <ei-ms-id>463</ei-ms-id>
      <id>51539</id>
      <intensity>60.0</intensity>
      <mass-charge>248.0</mass-charge>
    </ei-ms-peak>
    <ei-ms-peak>
      <ei-ms-id>463</ei-ms-id>
      <id>51540</id>
      <intensity>20.0</intensity>
      <mass-charge>249.0</mass-charge>
    </ei-ms-peak>
    <ei-ms-peak>
      <ei-ms-id>463</ei-ms-id>
      <id>51541</id>
      <intensity>1951.0</intensity>
      <mass-charge>277.0</mass-charge>
    </ei-ms-peak>
    <ei-ms-peak>
      <ei-ms-id>463</ei-ms-id>
      <id>51542</id>
      <intensity>450.0</intensity>
      <mass-charge>278.0</mass-charge>
    </ei-ms-peak>
    <ei-ms-peak>
      <ei-ms-id>463</ei-ms-id>
      <id>51543</id>
      <intensity>50.0</intensity>
      <mass-charge>279.0</mass-charge>
    </ei-ms-peak>
  </ei-ms-peaks>
</ei-ms>
