<?xml version="1.0" encoding="UTF-8"?>
<ei-ms>
  <collection-date nil="true"/>
  <created-at>2014-09-20T16:24:09Z</created-at>
  <database-id>HMDB14737</database-id>
  <id>273</id>
  <inchi-key>IUJDSEJGGMCXSG-UHFFFAOYSA-N</inchi-key>
  <instrument-type nil="true"/>
  <molecule-id nil="true"/>
  <notes nil="true"/>
  <peak-counter>221</peak-counter>
  <sample-assessment nil="true"/>
  <sample-concentration nil="true"/>
  <sample-concentration-units nil="true"/>
  <sample-mass nil="true"/>
  <sample-mass-units nil="true"/>
  <sample-source nil="true"/>
  <solvent nil="true"/>
  <spectra-assessment nil="true"/>
  <updated-at>2014-09-20T16:24:09Z</updated-at>
  <references>
    <reference>
      <database>NIST</database>
      <database-id>76-75-5</database-id>
      <id>15145</id>
      <pubmed-id nil="true"/>
      <ref-text>NIST Mass Spec Data Center, S.E. Stein, director, "Mass Spectra" in NIST Chemistry WebBook, NIST Standard Reference Database Number 69, Eds. P.J. Linstrom and W.G. Mallard, National Institute of Standards and Technology, Gaithersburg MD, 20899, http://webbook.nist.gov, (retrieved September 6, 2014).</ref-text>
      <spectra-id>273</spectra-id>
      <spectra-type>EiMs</spectra-type>
    </reference>
  </references>
  <ei-ms-peaks>
    <ei-ms-peak>
      <ei-ms-id>273</ei-ms-id>
      <id>31101</id>
      <intensity>7.0</intensity>
      <mass-charge>13.0</mass-charge>
    </ei-ms-peak>
    <ei-ms-peak>
      <ei-ms-id>273</ei-ms-id>
      <id>31102</id>
      <intensity>4.0</intensity>
      <mass-charge>14.0</mass-charge>
    </ei-ms-peak>
    <ei-ms-peak>
      <ei-ms-id>273</ei-ms-id>
      <id>31103</id>
      <intensity>116.0</intensity>
      <mass-charge>16.0</mass-charge>
    </ei-ms-peak>
    <ei-ms-peak>
      <ei-ms-id>273</ei-ms-id>
      <id>31104</id>
      <intensity>187.0</intensity>
      <mass-charge>18.0</mass-charge>
    </ei-ms-peak>
    <ei-ms-peak>
      <ei-ms-id>273</ei-ms-id>
      <id>31105</id>
      <intensity>15.0</intensity>
      <mass-charge>22.0</mass-charge>
    </ei-ms-peak>
    <ei-ms-peak>
      <ei-ms-id>273</ei-ms-id>
      <id>31106</id>
      <intensity>11.0</intensity>
      <mass-charge>23.0</mass-charge>
    </ei-ms-peak>
    <ei-ms-peak>
      <ei-ms-id>273</ei-ms-id>
      <id>31107</id>
      <intensity>11.0</intensity>
      <mass-charge>24.0</mass-charge>
    </ei-ms-peak>
    <ei-ms-peak>
      <ei-ms-id>273</ei-ms-id>
      <id>31108</id>
      <intensity>30.0</intensity>
      <mass-charge>25.0</mass-charge>
    </ei-ms-peak>
    <ei-ms-peak>
      <ei-ms-id>273</ei-ms-id>
      <id>31109</id>
      <intensity>344.0</intensity>
      <mass-charge>26.0</mass-charge>
    </ei-ms-peak>
    <ei-ms-peak>
      <ei-ms-id>273</ei-ms-id>
      <id>31110</id>
      <intensity>2092.0</intensity>
      <mass-charge>27.0</mass-charge>
    </ei-ms-peak>
    <ei-ms-peak>
      <ei-ms-id>273</ei-ms-id>
      <id>31111</id>
      <intensity>669.0</intensity>
      <mass-charge>28.0</mass-charge>
    </ei-ms-peak>
    <ei-ms-peak>
      <ei-ms-id>273</ei-ms-id>
      <id>31112</id>
      <intensity>2981.0</intensity>
      <mass-charge>29.0</mass-charge>
    </ei-ms-peak>
    <ei-ms-peak>
      <ei-ms-id>273</ei-ms-id>
      <id>31113</id>
      <intensity>370.0</intensity>
      <mass-charge>30.0</mass-charge>
    </ei-ms-peak>
    <ei-ms-peak>
      <ei-ms-id>273</ei-ms-id>
      <id>31114</id>
      <intensity>52.0</intensity>
      <mass-charge>31.0</mass-charge>
    </ei-ms-peak>
    <ei-ms-peak>
      <ei-ms-id>273</ei-ms-id>
      <id>31115</id>
      <intensity>78.0</intensity>
      <mass-charge>32.0</mass-charge>
    </ei-ms-peak>
    <ei-ms-peak>
      <ei-ms-id>273</ei-ms-id>
      <id>31116</id>
      <intensity>56.0</intensity>
      <mass-charge>33.0</mass-charge>
    </ei-ms-peak>
    <ei-ms-peak>
      <ei-ms-id>273</ei-ms-id>
      <id>31117</id>
      <intensity>90.0</intensity>
      <mass-charge>34.0</mass-charge>
    </ei-ms-peak>
    <ei-ms-peak>
      <ei-ms-id>273</ei-ms-id>
      <id>31118</id>
      <intensity>30.0</intensity>
      <mass-charge>35.0</mass-charge>
    </ei-ms-peak>
    <ei-ms-peak>
      <ei-ms-id>273</ei-ms-id>
      <id>31119</id>
      <intensity>202.0</intensity>
      <mass-charge>36.0</mass-charge>
    </ei-ms-peak>
    <ei-ms-peak>
      <ei-ms-id>273</ei-ms-id>
      <id>31120</id>
      <intensity>93.0</intensity>
      <mass-charge>37.0</mass-charge>
    </ei-ms-peak>
    <ei-ms-peak>
      <ei-ms-id>273</ei-ms-id>
      <id>31121</id>
      <intensity>131.0</intensity>
      <mass-charge>38.0</mass-charge>
    </ei-ms-peak>
    <ei-ms-peak>
      <ei-ms-id>273</ei-ms-id>
      <id>31122</id>
      <intensity>1730.0</intensity>
      <mass-charge>39.0</mass-charge>
    </ei-ms-peak>
    <ei-ms-peak>
      <ei-ms-id>273</ei-ms-id>
      <id>31123</id>
      <intensity>508.0</intensity>
      <mass-charge>40.0</mass-charge>
    </ei-ms-peak>
    <ei-ms-peak>
      <ei-ms-id>273</ei-ms-id>
      <id>31124</id>
      <intensity>5831.0</intensity>
      <mass-charge>41.0</mass-charge>
    </ei-ms-peak>
    <ei-ms-peak>
      <ei-ms-id>273</ei-ms-id>
      <id>31125</id>
      <intensity>1095.0</intensity>
      <mass-charge>42.0</mass-charge>
    </ei-ms-peak>
    <ei-ms-peak>
      <ei-ms-id>273</ei-ms-id>
      <id>31126</id>
      <intensity>7650.0</intensity>
      <mass-charge>43.0</mass-charge>
    </ei-ms-peak>
    <ei-ms-peak>
      <ei-ms-id>273</ei-ms-id>
      <id>31127</id>
      <intensity>777.0</intensity>
      <mass-charge>44.0</mass-charge>
    </ei-ms-peak>
    <ei-ms-peak>
      <ei-ms-id>273</ei-ms-id>
      <id>31128</id>
      <intensity>34.0</intensity>
      <mass-charge>45.0</mass-charge>
    </ei-ms-peak>
    <ei-ms-peak>
      <ei-ms-id>273</ei-ms-id>
      <id>31129</id>
      <intensity>71.0</intensity>
      <mass-charge>46.0</mass-charge>
    </ei-ms-peak>
    <ei-ms-peak>
      <ei-ms-id>273</ei-ms-id>
      <id>31130</id>
      <intensity>67.0</intensity>
      <mass-charge>47.0</mass-charge>
    </ei-ms-peak>
    <ei-ms-peak>
      <ei-ms-id>273</ei-ms-id>
      <id>31131</id>
      <intensity>64.0</intensity>
      <mass-charge>48.0</mass-charge>
    </ei-ms-peak>
    <ei-ms-peak>
      <ei-ms-id>273</ei-ms-id>
      <id>31132</id>
      <intensity>15.0</intensity>
      <mass-charge>49.0</mass-charge>
    </ei-ms-peak>
    <ei-ms-peak>
      <ei-ms-id>273</ei-ms-id>
      <id>31133</id>
      <intensity>60.0</intensity>
      <mass-charge>50.0</mass-charge>
    </ei-ms-peak>
    <ei-ms-peak>
      <ei-ms-id>273</ei-ms-id>
      <id>31134</id>
      <intensity>183.0</intensity>
      <mass-charge>51.0</mass-charge>
    </ei-ms-peak>
    <ei-ms-peak>
      <ei-ms-id>273</ei-ms-id>
      <id>31135</id>
      <intensity>157.0</intensity>
      <mass-charge>52.0</mass-charge>
    </ei-ms-peak>
    <ei-ms-peak>
      <ei-ms-id>273</ei-ms-id>
      <id>31136</id>
      <intensity>799.0</intensity>
      <mass-charge>53.0</mass-charge>
    </ei-ms-peak>
    <ei-ms-peak>
      <ei-ms-id>273</ei-ms-id>
      <id>31137</id>
      <intensity>355.0</intensity>
      <mass-charge>54.0</mass-charge>
    </ei-ms-peak>
    <ei-ms-peak>
      <ei-ms-id>273</ei-ms-id>
      <id>31138</id>
      <intensity>2469.0</intensity>
      <mass-charge>55.0</mass-charge>
    </ei-ms-peak>
    <ei-ms-peak>
      <ei-ms-id>273</ei-ms-id>
      <id>31139</id>
      <intensity>452.0</intensity>
      <mass-charge>56.0</mass-charge>
    </ei-ms-peak>
    <ei-ms-peak>
      <ei-ms-id>273</ei-ms-id>
      <id>31140</id>
      <intensity>258.0</intensity>
      <mass-charge>57.0</mass-charge>
    </ei-ms-peak>
    <ei-ms-peak>
      <ei-ms-id>273</ei-ms-id>
      <id>31141</id>
      <intensity>97.0</intensity>
      <mass-charge>58.0</mass-charge>
    </ei-ms-peak>
    <ei-ms-peak>
      <ei-ms-id>273</ei-ms-id>
      <id>31142</id>
      <intensity>314.0</intensity>
      <mass-charge>59.0</mass-charge>
    </ei-ms-peak>
    <ei-ms-peak>
      <ei-ms-id>273</ei-ms-id>
      <id>31143</id>
      <intensity>426.0</intensity>
      <mass-charge>60.0</mass-charge>
    </ei-ms-peak>
    <ei-ms-peak>
      <ei-ms-id>273</ei-ms-id>
      <id>31144</id>
      <intensity>71.0</intensity>
      <mass-charge>61.0</mass-charge>
    </ei-ms-peak>
    <ei-ms-peak>
      <ei-ms-id>273</ei-ms-id>
      <id>31145</id>
      <intensity>45.0</intensity>
      <mass-charge>62.0</mass-charge>
    </ei-ms-peak>
    <ei-ms-peak>
      <ei-ms-id>273</ei-ms-id>
      <id>31146</id>
      <intensity>30.0</intensity>
      <mass-charge>63.0</mass-charge>
    </ei-ms-peak>
    <ei-ms-peak>
      <ei-ms-id>273</ei-ms-id>
      <id>31147</id>
      <intensity>52.0</intensity>
      <mass-charge>64.0</mass-charge>
    </ei-ms-peak>
    <ei-ms-peak>
      <ei-ms-id>273</ei-ms-id>
      <id>31148</id>
      <intensity>120.0</intensity>
      <mass-charge>65.0</mass-charge>
    </ei-ms-peak>
    <ei-ms-peak>
      <ei-ms-id>273</ei-ms-id>
      <id>31149</id>
      <intensity>194.0</intensity>
      <mass-charge>66.0</mass-charge>
    </ei-ms-peak>
    <ei-ms-peak>
      <ei-ms-id>273</ei-ms-id>
      <id>31150</id>
      <intensity>553.0</intensity>
      <mass-charge>67.0</mass-charge>
    </ei-ms-peak>
    <ei-ms-peak>
      <ei-ms-id>273</ei-ms-id>
      <id>31151</id>
      <intensity>355.0</intensity>
      <mass-charge>68.0</mass-charge>
    </ei-ms-peak>
    <ei-ms-peak>
      <ei-ms-id>273</ei-ms-id>
      <id>31152</id>
      <intensity>2731.0</intensity>
      <mass-charge>69.0</mass-charge>
    </ei-ms-peak>
    <ei-ms-peak>
      <ei-ms-id>273</ei-ms-id>
      <id>31153</id>
      <intensity>534.0</intensity>
      <mass-charge>70.0</mass-charge>
    </ei-ms-peak>
    <ei-ms-peak>
      <ei-ms-id>273</ei-ms-id>
      <id>31154</id>
      <intensity>1375.0</intensity>
      <mass-charge>71.0</mass-charge>
    </ei-ms-peak>
    <ei-ms-peak>
      <ei-ms-id>273</ei-ms-id>
      <id>31155</id>
      <intensity>108.0</intensity>
      <mass-charge>72.0</mass-charge>
    </ei-ms-peak>
    <ei-ms-peak>
      <ei-ms-id>273</ei-ms-id>
      <id>31156</id>
      <intensity>112.0</intensity>
      <mass-charge>73.0</mass-charge>
    </ei-ms-peak>
    <ei-ms-peak>
      <ei-ms-id>273</ei-ms-id>
      <id>31157</id>
      <intensity>67.0</intensity>
      <mass-charge>74.0</mass-charge>
    </ei-ms-peak>
    <ei-ms-peak>
      <ei-ms-id>273</ei-ms-id>
      <id>31158</id>
      <intensity>75.0</intensity>
      <mass-charge>75.0</mass-charge>
    </ei-ms-peak>
    <ei-ms-peak>
      <ei-ms-id>273</ei-ms-id>
      <id>31159</id>
      <intensity>45.0</intensity>
      <mass-charge>76.0</mass-charge>
    </ei-ms-peak>
    <ei-ms-peak>
      <ei-ms-id>273</ei-ms-id>
      <id>31160</id>
      <intensity>332.0</intensity>
      <mass-charge>77.0</mass-charge>
    </ei-ms-peak>
    <ei-ms-peak>
      <ei-ms-id>273</ei-ms-id>
      <id>31161</id>
      <intensity>82.0</intensity>
      <mass-charge>78.0</mass-charge>
    </ei-ms-peak>
    <ei-ms-peak>
      <ei-ms-id>273</ei-ms-id>
      <id>31162</id>
      <intensity>146.0</intensity>
      <mass-charge>79.0</mass-charge>
    </ei-ms-peak>
    <ei-ms-peak>
      <ei-ms-id>273</ei-ms-id>
      <id>31163</id>
      <intensity>183.0</intensity>
      <mass-charge>80.0</mass-charge>
    </ei-ms-peak>
    <ei-ms-peak>
      <ei-ms-id>273</ei-ms-id>
      <id>31164</id>
      <intensity>134.0</intensity>
      <mass-charge>81.0</mass-charge>
    </ei-ms-peak>
    <ei-ms-peak>
      <ei-ms-id>273</ei-ms-id>
      <id>31165</id>
      <intensity>116.0</intensity>
      <mass-charge>82.0</mass-charge>
    </ei-ms-peak>
    <ei-ms-peak>
      <ei-ms-id>273</ei-ms-id>
      <id>31166</id>
      <intensity>310.0</intensity>
      <mass-charge>83.0</mass-charge>
    </ei-ms-peak>
    <ei-ms-peak>
      <ei-ms-id>273</ei-ms-id>
      <id>31167</id>
      <intensity>232.0</intensity>
      <mass-charge>84.0</mass-charge>
    </ei-ms-peak>
    <ei-ms-peak>
      <ei-ms-id>273</ei-ms-id>
      <id>31168</id>
      <intensity>318.0</intensity>
      <mass-charge>85.0</mass-charge>
    </ei-ms-peak>
    <ei-ms-peak>
      <ei-ms-id>273</ei-ms-id>
      <id>31169</id>
      <intensity>273.0</intensity>
      <mass-charge>86.0</mass-charge>
    </ei-ms-peak>
    <ei-ms-peak>
      <ei-ms-id>273</ei-ms-id>
      <id>31170</id>
      <intensity>34.0</intensity>
      <mass-charge>87.0</mass-charge>
    </ei-ms-peak>
    <ei-ms-peak>
      <ei-ms-id>273</ei-ms-id>
      <id>31171</id>
      <intensity>52.0</intensity>
      <mass-charge>88.0</mass-charge>
    </ei-ms-peak>
    <ei-ms-peak>
      <ei-ms-id>273</ei-ms-id>
      <id>31172</id>
      <intensity>60.0</intensity>
      <mass-charge>89.0</mass-charge>
    </ei-ms-peak>
    <ei-ms-peak>
      <ei-ms-id>273</ei-ms-id>
      <id>31173</id>
      <intensity>11.0</intensity>
      <mass-charge>90.0</mass-charge>
    </ei-ms-peak>
    <ei-ms-peak>
      <ei-ms-id>273</ei-ms-id>
      <id>31174</id>
      <intensity>75.0</intensity>
      <mass-charge>91.0</mass-charge>
    </ei-ms-peak>
    <ei-ms-peak>
      <ei-ms-id>273</ei-ms-id>
      <id>31175</id>
      <intensity>26.0</intensity>
      <mass-charge>92.0</mass-charge>
    </ei-ms-peak>
    <ei-ms-peak>
      <ei-ms-id>273</ei-ms-id>
      <id>31176</id>
      <intensity>41.0</intensity>
      <mass-charge>93.0</mass-charge>
    </ei-ms-peak>
    <ei-ms-peak>
      <ei-ms-id>273</ei-ms-id>
      <id>31177</id>
      <intensity>116.0</intensity>
      <mass-charge>94.0</mass-charge>
    </ei-ms-peak>
    <ei-ms-peak>
      <ei-ms-id>273</ei-ms-id>
      <id>31178</id>
      <intensity>359.0</intensity>
      <mass-charge>95.0</mass-charge>
    </ei-ms-peak>
    <ei-ms-peak>
      <ei-ms-id>273</ei-ms-id>
      <id>31179</id>
      <intensity>213.0</intensity>
      <mass-charge>96.0</mass-charge>
    </ei-ms-peak>
    <ei-ms-peak>
      <ei-ms-id>273</ei-ms-id>
      <id>31180</id>
      <intensity>1621.0</intensity>
      <mass-charge>97.0</mass-charge>
    </ei-ms-peak>
    <ei-ms-peak>
      <ei-ms-id>273</ei-ms-id>
      <id>31181</id>
      <intensity>874.0</intensity>
      <mass-charge>98.0</mass-charge>
    </ei-ms-peak>
    <ei-ms-peak>
      <ei-ms-id>273</ei-ms-id>
      <id>31182</id>
      <intensity>134.0</intensity>
      <mass-charge>99.0</mass-charge>
    </ei-ms-peak>
    <ei-ms-peak>
      <ei-ms-id>273</ei-ms-id>
      <id>31183</id>
      <intensity>75.0</intensity>
      <mass-charge>100.0</mass-charge>
    </ei-ms-peak>
    <ei-ms-peak>
      <ei-ms-id>273</ei-ms-id>
      <id>31184</id>
      <intensity>19.0</intensity>
      <mass-charge>101.0</mass-charge>
    </ei-ms-peak>
    <ei-ms-peak>
      <ei-ms-id>273</ei-ms-id>
      <id>31185</id>
      <intensity>64.0</intensity>
      <mass-charge>102.0</mass-charge>
    </ei-ms-peak>
    <ei-ms-peak>
      <ei-ms-id>273</ei-ms-id>
      <id>31186</id>
      <intensity>78.0</intensity>
      <mass-charge>103.0</mass-charge>
    </ei-ms-peak>
    <ei-ms-peak>
      <ei-ms-id>273</ei-ms-id>
      <id>31187</id>
      <intensity>49.0</intensity>
      <mass-charge>104.0</mass-charge>
    </ei-ms-peak>
    <ei-ms-peak>
      <ei-ms-id>273</ei-ms-id>
      <id>31188</id>
      <intensity>49.0</intensity>
      <mass-charge>105.0</mass-charge>
    </ei-ms-peak>
    <ei-ms-peak>
      <ei-ms-id>273</ei-ms-id>
      <id>31189</id>
      <intensity>34.0</intensity>
      <mass-charge>106.0</mass-charge>
    </ei-ms-peak>
    <ei-ms-peak>
      <ei-ms-id>273</ei-ms-id>
      <id>31190</id>
      <intensity>26.0</intensity>
      <mass-charge>107.0</mass-charge>
    </ei-ms-peak>
    <ei-ms-peak>
      <ei-ms-id>273</ei-ms-id>
      <id>31191</id>
      <intensity>49.0</intensity>
      <mass-charge>108.0</mass-charge>
    </ei-ms-peak>
    <ei-ms-peak>
      <ei-ms-id>273</ei-ms-id>
      <id>31192</id>
      <intensity>86.0</intensity>
      <mass-charge>109.0</mass-charge>
    </ei-ms-peak>
    <ei-ms-peak>
      <ei-ms-id>273</ei-ms-id>
      <id>31193</id>
      <intensity>138.0</intensity>
      <mass-charge>110.0</mass-charge>
    </ei-ms-peak>
    <ei-ms-peak>
      <ei-ms-id>273</ei-ms-id>
      <id>31194</id>
      <intensity>179.0</intensity>
      <mass-charge>111.0</mass-charge>
    </ei-ms-peak>
    <ei-ms-peak>
      <ei-ms-id>273</ei-ms-id>
      <id>31195</id>
      <intensity>478.0</intensity>
      <mass-charge>112.0</mass-charge>
    </ei-ms-peak>
    <ei-ms-peak>
      <ei-ms-id>273</ei-ms-id>
      <id>31196</id>
      <intensity>108.0</intensity>
      <mass-charge>113.0</mass-charge>
    </ei-ms-peak>
    <ei-ms-peak>
      <ei-ms-id>273</ei-ms-id>
      <id>31197</id>
      <intensity>228.0</intensity>
      <mass-charge>114.0</mass-charge>
    </ei-ms-peak>
    <ei-ms-peak>
      <ei-ms-id>273</ei-ms-id>
      <id>31198</id>
      <intensity>41.0</intensity>
      <mass-charge>115.0</mass-charge>
    </ei-ms-peak>
    <ei-ms-peak>
      <ei-ms-id>273</ei-ms-id>
      <id>31199</id>
      <intensity>37.0</intensity>
      <mass-charge>116.0</mass-charge>
    </ei-ms-peak>
    <ei-ms-peak>
      <ei-ms-id>273</ei-ms-id>
      <id>31200</id>
      <intensity>26.0</intensity>
      <mass-charge>117.0</mass-charge>
    </ei-ms-peak>
    <ei-ms-peak>
      <ei-ms-id>273</ei-ms-id>
      <id>31201</id>
      <intensity>45.0</intensity>
      <mass-charge>118.0</mass-charge>
    </ei-ms-peak>
    <ei-ms-peak>
      <ei-ms-id>273</ei-ms-id>
      <id>31202</id>
      <intensity>41.0</intensity>
      <mass-charge>119.0</mass-charge>
    </ei-ms-peak>
    <ei-ms-peak>
      <ei-ms-id>273</ei-ms-id>
      <id>31203</id>
      <intensity>37.0</intensity>
      <mass-charge>120.0</mass-charge>
    </ei-ms-peak>
    <ei-ms-peak>
      <ei-ms-id>273</ei-ms-id>
      <id>31204</id>
      <intensity>34.0</intensity>
      <mass-charge>121.0</mass-charge>
    </ei-ms-peak>
    <ei-ms-peak>
      <ei-ms-id>273</ei-ms-id>
      <id>31205</id>
      <intensity>37.0</intensity>
      <mass-charge>122.0</mass-charge>
    </ei-ms-peak>
    <ei-ms-peak>
      <ei-ms-id>273</ei-ms-id>
      <id>31206</id>
      <intensity>82.0</intensity>
      <mass-charge>123.0</mass-charge>
    </ei-ms-peak>
    <ei-ms-peak>
      <ei-ms-id>273</ei-ms-id>
      <id>31207</id>
      <intensity>112.0</intensity>
      <mass-charge>124.0</mass-charge>
    </ei-ms-peak>
    <ei-ms-peak>
      <ei-ms-id>273</ei-ms-id>
      <id>31208</id>
      <intensity>228.0</intensity>
      <mass-charge>125.0</mass-charge>
    </ei-ms-peak>
    <ei-ms-peak>
      <ei-ms-id>273</ei-ms-id>
      <id>31209</id>
      <intensity>90.0</intensity>
      <mass-charge>126.0</mass-charge>
    </ei-ms-peak>
    <ei-ms-peak>
      <ei-ms-id>273</ei-ms-id>
      <id>31210</id>
      <intensity>34.0</intensity>
      <mass-charge>127.0</mass-charge>
    </ei-ms-peak>
    <ei-ms-peak>
      <ei-ms-id>273</ei-ms-id>
      <id>31211</id>
      <intensity>86.0</intensity>
      <mass-charge>128.0</mass-charge>
    </ei-ms-peak>
    <ei-ms-peak>
      <ei-ms-id>273</ei-ms-id>
      <id>31212</id>
      <intensity>691.0</intensity>
      <mass-charge>129.0</mass-charge>
    </ei-ms-peak>
    <ei-ms-peak>
      <ei-ms-id>273</ei-ms-id>
      <id>31213</id>
      <intensity>64.0</intensity>
      <mass-charge>130.0</mass-charge>
    </ei-ms-peak>
    <ei-ms-peak>
      <ei-ms-id>273</ei-ms-id>
      <id>31214</id>
      <intensity>67.0</intensity>
      <mass-charge>131.0</mass-charge>
    </ei-ms-peak>
    <ei-ms-peak>
      <ei-ms-id>273</ei-ms-id>
      <id>31215</id>
      <intensity>45.0</intensity>
      <mass-charge>132.0</mass-charge>
    </ei-ms-peak>
    <ei-ms-peak>
      <ei-ms-id>273</ei-ms-id>
      <id>31216</id>
      <intensity>37.0</intensity>
      <mass-charge>133.0</mass-charge>
    </ei-ms-peak>
    <ei-ms-peak>
      <ei-ms-id>273</ei-ms-id>
      <id>31217</id>
      <intensity>22.0</intensity>
      <mass-charge>134.0</mass-charge>
    </ei-ms-peak>
    <ei-ms-peak>
      <ei-ms-id>273</ei-ms-id>
      <id>31218</id>
      <intensity>11.0</intensity>
      <mass-charge>135.0</mass-charge>
    </ei-ms-peak>
    <ei-ms-peak>
      <ei-ms-id>273</ei-ms-id>
      <id>31219</id>
      <intensity>37.0</intensity>
      <mass-charge>136.0</mass-charge>
    </ei-ms-peak>
    <ei-ms-peak>
      <ei-ms-id>273</ei-ms-id>
      <id>31220</id>
      <intensity>67.0</intensity>
      <mass-charge>137.0</mass-charge>
    </ei-ms-peak>
    <ei-ms-peak>
      <ei-ms-id>273</ei-ms-id>
      <id>31221</id>
      <intensity>112.0</intensity>
      <mass-charge>138.0</mass-charge>
    </ei-ms-peak>
    <ei-ms-peak>
      <ei-ms-id>273</ei-ms-id>
      <id>31222</id>
      <intensity>179.0</intensity>
      <mass-charge>139.0</mass-charge>
    </ei-ms-peak>
    <ei-ms-peak>
      <ei-ms-id>273</ei-ms-id>
      <id>31223</id>
      <intensity>299.0</intensity>
      <mass-charge>140.0</mass-charge>
    </ei-ms-peak>
    <ei-ms-peak>
      <ei-ms-id>273</ei-ms-id>
      <id>31224</id>
      <intensity>388.0</intensity>
      <mass-charge>141.0</mass-charge>
    </ei-ms-peak>
    <ei-ms-peak>
      <ei-ms-id>273</ei-ms-id>
      <id>31225</id>
      <intensity>64.0</intensity>
      <mass-charge>142.0</mass-charge>
    </ei-ms-peak>
    <ei-ms-peak>
      <ei-ms-id>273</ei-ms-id>
      <id>31226</id>
      <intensity>273.0</intensity>
      <mass-charge>143.0</mass-charge>
    </ei-ms-peak>
    <ei-ms-peak>
      <ei-ms-id>273</ei-ms-id>
      <id>31227</id>
      <intensity>220.0</intensity>
      <mass-charge>144.0</mass-charge>
    </ei-ms-peak>
    <ei-ms-peak>
      <ei-ms-id>273</ei-ms-id>
      <id>31228</id>
      <intensity>93.0</intensity>
      <mass-charge>145.0</mass-charge>
    </ei-ms-peak>
    <ei-ms-peak>
      <ei-ms-id>273</ei-ms-id>
      <id>31229</id>
      <intensity>37.0</intensity>
      <mass-charge>146.0</mass-charge>
    </ei-ms-peak>
    <ei-ms-peak>
      <ei-ms-id>273</ei-ms-id>
      <id>31230</id>
      <intensity>41.0</intensity>
      <mass-charge>147.0</mass-charge>
    </ei-ms-peak>
    <ei-ms-peak>
      <ei-ms-id>273</ei-ms-id>
      <id>31231</id>
      <intensity>37.0</intensity>
      <mass-charge>148.0</mass-charge>
    </ei-ms-peak>
    <ei-ms-peak>
      <ei-ms-id>273</ei-ms-id>
      <id>31232</id>
      <intensity>22.0</intensity>
      <mass-charge>149.0</mass-charge>
    </ei-ms-peak>
    <ei-ms-peak>
      <ei-ms-id>273</ei-ms-id>
      <id>31233</id>
      <intensity>26.0</intensity>
      <mass-charge>150.0</mass-charge>
    </ei-ms-peak>
    <ei-ms-peak>
      <ei-ms-id>273</ei-ms-id>
      <id>31234</id>
      <intensity>19.0</intensity>
      <mass-charge>151.0</mass-charge>
    </ei-ms-peak>
    <ei-ms-peak>
      <ei-ms-id>273</ei-ms-id>
      <id>31235</id>
      <intensity>34.0</intensity>
      <mass-charge>152.0</mass-charge>
    </ei-ms-peak>
    <ei-ms-peak>
      <ei-ms-id>273</ei-ms-id>
      <id>31236</id>
      <intensity>19.0</intensity>
      <mass-charge>153.0</mass-charge>
    </ei-ms-peak>
    <ei-ms-peak>
      <ei-ms-id>273</ei-ms-id>
      <id>31237</id>
      <intensity>41.0</intensity>
      <mass-charge>154.0</mass-charge>
    </ei-ms-peak>
    <ei-ms-peak>
      <ei-ms-id>273</ei-ms-id>
      <id>31238</id>
      <intensity>93.0</intensity>
      <mass-charge>155.0</mass-charge>
    </ei-ms-peak>
    <ei-ms-peak>
      <ei-ms-id>273</ei-ms-id>
      <id>31239</id>
      <intensity>534.0</intensity>
      <mass-charge>156.0</mass-charge>
    </ei-ms-peak>
    <ei-ms-peak>
      <ei-ms-id>273</ei-ms-id>
      <id>31240</id>
      <intensity>6645.0</intensity>
      <mass-charge>157.0</mass-charge>
    </ei-ms-peak>
    <ei-ms-peak>
      <ei-ms-id>273</ei-ms-id>
      <id>31241</id>
      <intensity>594.0</intensity>
      <mass-charge>158.0</mass-charge>
    </ei-ms-peak>
    <ei-ms-peak>
      <ei-ms-id>273</ei-ms-id>
      <id>31242</id>
      <intensity>463.0</intensity>
      <mass-charge>159.0</mass-charge>
    </ei-ms-peak>
    <ei-ms-peak>
      <ei-ms-id>273</ei-ms-id>
      <id>31243</id>
      <intensity>52.0</intensity>
      <mass-charge>160.0</mass-charge>
    </ei-ms-peak>
    <ei-ms-peak>
      <ei-ms-id>273</ei-ms-id>
      <id>31244</id>
      <intensity>26.0</intensity>
      <mass-charge>161.0</mass-charge>
    </ei-ms-peak>
    <ei-ms-peak>
      <ei-ms-id>273</ei-ms-id>
      <id>31245</id>
      <intensity>7.0</intensity>
      <mass-charge>162.0</mass-charge>
    </ei-ms-peak>
    <ei-ms-peak>
      <ei-ms-id>273</ei-ms-id>
      <id>31246</id>
      <intensity>30.0</intensity>
      <mass-charge>163.0</mass-charge>
    </ei-ms-peak>
    <ei-ms-peak>
      <ei-ms-id>273</ei-ms-id>
      <id>31247</id>
      <intensity>19.0</intensity>
      <mass-charge>164.0</mass-charge>
    </ei-ms-peak>
    <ei-ms-peak>
      <ei-ms-id>273</ei-ms-id>
      <id>31248</id>
      <intensity>37.0</intensity>
      <mass-charge>165.0</mass-charge>
    </ei-ms-peak>
    <ei-ms-peak>
      <ei-ms-id>273</ei-ms-id>
      <id>31249</id>
      <intensity>49.0</intensity>
      <mass-charge>166.0</mass-charge>
    </ei-ms-peak>
    <ei-ms-peak>
      <ei-ms-id>273</ei-ms-id>
      <id>31250</id>
      <intensity>64.0</intensity>
      <mass-charge>167.0</mass-charge>
    </ei-ms-peak>
    <ei-ms-peak>
      <ei-ms-id>273</ei-ms-id>
      <id>31251</id>
      <intensity>34.0</intensity>
      <mass-charge>168.0</mass-charge>
    </ei-ms-peak>
    <ei-ms-peak>
      <ei-ms-id>273</ei-ms-id>
      <id>31252</id>
      <intensity>64.0</intensity>
      <mass-charge>169.0</mass-charge>
    </ei-ms-peak>
    <ei-ms-peak>
      <ei-ms-id>273</ei-ms-id>
      <id>31253</id>
      <intensity>71.0</intensity>
      <mass-charge>170.0</mass-charge>
    </ei-ms-peak>
    <ei-ms-peak>
      <ei-ms-id>273</ei-ms-id>
      <id>31254</id>
      <intensity>732.0</intensity>
      <mass-charge>171.0</mass-charge>
    </ei-ms-peak>
    <ei-ms-peak>
      <ei-ms-id>273</ei-ms-id>
      <id>31255</id>
      <intensity>9999.0</intensity>
      <mass-charge>172.0</mass-charge>
    </ei-ms-peak>
    <ei-ms-peak>
      <ei-ms-id>273</ei-ms-id>
      <id>31256</id>
      <intensity>5271.0</intensity>
      <mass-charge>173.0</mass-charge>
    </ei-ms-peak>
    <ei-ms-peak>
      <ei-ms-id>273</ei-ms-id>
      <id>31257</id>
      <intensity>956.0</intensity>
      <mass-charge>174.0</mass-charge>
    </ei-ms-peak>
    <ei-ms-peak>
      <ei-ms-id>273</ei-ms-id>
      <id>31258</id>
      <intensity>273.0</intensity>
      <mass-charge>175.0</mass-charge>
    </ei-ms-peak>
    <ei-ms-peak>
      <ei-ms-id>273</ei-ms-id>
      <id>31259</id>
      <intensity>34.0</intensity>
      <mass-charge>176.0</mass-charge>
    </ei-ms-peak>
    <ei-ms-peak>
      <ei-ms-id>273</ei-ms-id>
      <id>31260</id>
      <intensity>7.0</intensity>
      <mass-charge>177.0</mass-charge>
    </ei-ms-peak>
    <ei-ms-peak>
      <ei-ms-id>273</ei-ms-id>
      <id>31261</id>
      <intensity>4.0</intensity>
      <mass-charge>178.0</mass-charge>
    </ei-ms-peak>
    <ei-ms-peak>
      <ei-ms-id>273</ei-ms-id>
      <id>31262</id>
      <intensity>4.0</intensity>
      <mass-charge>179.0</mass-charge>
    </ei-ms-peak>
    <ei-ms-peak>
      <ei-ms-id>273</ei-ms-id>
      <id>31263</id>
      <intensity>15.0</intensity>
      <mass-charge>180.0</mass-charge>
    </ei-ms-peak>
    <ei-ms-peak>
      <ei-ms-id>273</ei-ms-id>
      <id>31264</id>
      <intensity>123.0</intensity>
      <mass-charge>181.0</mass-charge>
    </ei-ms-peak>
    <ei-ms-peak>
      <ei-ms-id>273</ei-ms-id>
      <id>31265</id>
      <intensity>26.0</intensity>
      <mass-charge>182.0</mass-charge>
    </ei-ms-peak>
    <ei-ms-peak>
      <ei-ms-id>273</ei-ms-id>
      <id>31266</id>
      <intensity>34.0</intensity>
      <mass-charge>183.0</mass-charge>
    </ei-ms-peak>
    <ei-ms-peak>
      <ei-ms-id>273</ei-ms-id>
      <id>31267</id>
      <intensity>45.0</intensity>
      <mass-charge>184.0</mass-charge>
    </ei-ms-peak>
    <ei-ms-peak>
      <ei-ms-id>273</ei-ms-id>
      <id>31268</id>
      <intensity>49.0</intensity>
      <mass-charge>185.0</mass-charge>
    </ei-ms-peak>
    <ei-ms-peak>
      <ei-ms-id>273</ei-ms-id>
      <id>31269</id>
      <intensity>22.0</intensity>
      <mass-charge>186.0</mass-charge>
    </ei-ms-peak>
    <ei-ms-peak>
      <ei-ms-id>273</ei-ms-id>
      <id>31270</id>
      <intensity>11.0</intensity>
      <mass-charge>188.0</mass-charge>
    </ei-ms-peak>
    <ei-ms-peak>
      <ei-ms-id>273</ei-ms-id>
      <id>31271</id>
      <intensity>4.0</intensity>
      <mass-charge>189.0</mass-charge>
    </ei-ms-peak>
    <ei-ms-peak>
      <ei-ms-id>273</ei-ms-id>
      <id>31272</id>
      <intensity>11.0</intensity>
      <mass-charge>190.0</mass-charge>
    </ei-ms-peak>
    <ei-ms-peak>
      <ei-ms-id>273</ei-ms-id>
      <id>31273</id>
      <intensity>15.0</intensity>
      <mass-charge>191.0</mass-charge>
    </ei-ms-peak>
    <ei-ms-peak>
      <ei-ms-id>273</ei-ms-id>
      <id>31274</id>
      <intensity>7.0</intensity>
      <mass-charge>192.0</mass-charge>
    </ei-ms-peak>
    <ei-ms-peak>
      <ei-ms-id>273</ei-ms-id>
      <id>31275</id>
      <intensity>15.0</intensity>
      <mass-charge>193.0</mass-charge>
    </ei-ms-peak>
    <ei-ms-peak>
      <ei-ms-id>273</ei-ms-id>
      <id>31276</id>
      <intensity>19.0</intensity>
      <mass-charge>194.0</mass-charge>
    </ei-ms-peak>
    <ei-ms-peak>
      <ei-ms-id>273</ei-ms-id>
      <id>31277</id>
      <intensity>15.0</intensity>
      <mass-charge>195.0</mass-charge>
    </ei-ms-peak>
    <ei-ms-peak>
      <ei-ms-id>273</ei-ms-id>
      <id>31278</id>
      <intensity>15.0</intensity>
      <mass-charge>196.0</mass-charge>
    </ei-ms-peak>
    <ei-ms-peak>
      <ei-ms-id>273</ei-ms-id>
      <id>31279</id>
      <intensity>78.0</intensity>
      <mass-charge>197.0</mass-charge>
    </ei-ms-peak>
    <ei-ms-peak>
      <ei-ms-id>273</ei-ms-id>
      <id>31280</id>
      <intensity>15.0</intensity>
      <mass-charge>198.0</mass-charge>
    </ei-ms-peak>
    <ei-ms-peak>
      <ei-ms-id>273</ei-ms-id>
      <id>31281</id>
      <intensity>45.0</intensity>
      <mass-charge>199.0</mass-charge>
    </ei-ms-peak>
    <ei-ms-peak>
      <ei-ms-id>273</ei-ms-id>
      <id>31282</id>
      <intensity>19.0</intensity>
      <mass-charge>200.0</mass-charge>
    </ei-ms-peak>
    <ei-ms-peak>
      <ei-ms-id>273</ei-ms-id>
      <id>31283</id>
      <intensity>7.0</intensity>
      <mass-charge>201.0</mass-charge>
    </ei-ms-peak>
    <ei-ms-peak>
      <ei-ms-id>273</ei-ms-id>
      <id>31284</id>
      <intensity>7.0</intensity>
      <mass-charge>203.0</mass-charge>
    </ei-ms-peak>
    <ei-ms-peak>
      <ei-ms-id>273</ei-ms-id>
      <id>31285</id>
      <intensity>7.0</intensity>
      <mass-charge>204.0</mass-charge>
    </ei-ms-peak>
    <ei-ms-peak>
      <ei-ms-id>273</ei-ms-id>
      <id>31286</id>
      <intensity>7.0</intensity>
      <mass-charge>207.0</mass-charge>
    </ei-ms-peak>
    <ei-ms-peak>
      <ei-ms-id>273</ei-ms-id>
      <id>31287</id>
      <intensity>26.0</intensity>
      <mass-charge>209.0</mass-charge>
    </ei-ms-peak>
    <ei-ms-peak>
      <ei-ms-id>273</ei-ms-id>
      <id>31288</id>
      <intensity>7.0</intensity>
      <mass-charge>210.0</mass-charge>
    </ei-ms-peak>
    <ei-ms-peak>
      <ei-ms-id>273</ei-ms-id>
      <id>31289</id>
      <intensity>41.0</intensity>
      <mass-charge>211.0</mass-charge>
    </ei-ms-peak>
    <ei-ms-peak>
      <ei-ms-id>273</ei-ms-id>
      <id>31290</id>
      <intensity>7.0</intensity>
      <mass-charge>212.0</mass-charge>
    </ei-ms-peak>
    <ei-ms-peak>
      <ei-ms-id>273</ei-ms-id>
      <id>31291</id>
      <intensity>374.0</intensity>
      <mass-charge>213.0</mass-charge>
    </ei-ms-peak>
    <ei-ms-peak>
      <ei-ms-id>273</ei-ms-id>
      <id>31292</id>
      <intensity>82.0</intensity>
      <mass-charge>214.0</mass-charge>
    </ei-ms-peak>
    <ei-ms-peak>
      <ei-ms-id>273</ei-ms-id>
      <id>31293</id>
      <intensity>45.0</intensity>
      <mass-charge>215.0</mass-charge>
    </ei-ms-peak>
    <ei-ms-peak>
      <ei-ms-id>273</ei-ms-id>
      <id>31294</id>
      <intensity>11.0</intensity>
      <mass-charge>216.0</mass-charge>
    </ei-ms-peak>
    <ei-ms-peak>
      <ei-ms-id>273</ei-ms-id>
      <id>31295</id>
      <intensity>4.0</intensity>
      <mass-charge>218.0</mass-charge>
    </ei-ms-peak>
    <ei-ms-peak>
      <ei-ms-id>273</ei-ms-id>
      <id>31296</id>
      <intensity>4.0</intensity>
      <mass-charge>219.0</mass-charge>
    </ei-ms-peak>
    <ei-ms-peak>
      <ei-ms-id>273</ei-ms-id>
      <id>31297</id>
      <intensity>4.0</intensity>
      <mass-charge>220.0</mass-charge>
    </ei-ms-peak>
    <ei-ms-peak>
      <ei-ms-id>273</ei-ms-id>
      <id>31298</id>
      <intensity>4.0</intensity>
      <mass-charge>221.0</mass-charge>
    </ei-ms-peak>
    <ei-ms-peak>
      <ei-ms-id>273</ei-ms-id>
      <id>31299</id>
      <intensity>4.0</intensity>
      <mass-charge>222.0</mass-charge>
    </ei-ms-peak>
    <ei-ms-peak>
      <ei-ms-id>273</ei-ms-id>
      <id>31300</id>
      <intensity>19.0</intensity>
      <mass-charge>223.0</mass-charge>
    </ei-ms-peak>
    <ei-ms-peak>
      <ei-ms-id>273</ei-ms-id>
      <id>31301</id>
      <intensity>15.0</intensity>
      <mass-charge>224.0</mass-charge>
    </ei-ms-peak>
    <ei-ms-peak>
      <ei-ms-id>273</ei-ms-id>
      <id>31302</id>
      <intensity>7.0</intensity>
      <mass-charge>225.0</mass-charge>
    </ei-ms-peak>
    <ei-ms-peak>
      <ei-ms-id>273</ei-ms-id>
      <id>31303</id>
      <intensity>4.0</intensity>
      <mass-charge>226.0</mass-charge>
    </ei-ms-peak>
    <ei-ms-peak>
      <ei-ms-id>273</ei-ms-id>
      <id>31304</id>
      <intensity>22.0</intensity>
      <mass-charge>227.0</mass-charge>
    </ei-ms-peak>
    <ei-ms-peak>
      <ei-ms-id>273</ei-ms-id>
      <id>31305</id>
      <intensity>30.0</intensity>
      <mass-charge>228.0</mass-charge>
    </ei-ms-peak>
    <ei-ms-peak>
      <ei-ms-id>273</ei-ms-id>
      <id>31306</id>
      <intensity>19.0</intensity>
      <mass-charge>229.0</mass-charge>
    </ei-ms-peak>
    <ei-ms-peak>
      <ei-ms-id>273</ei-ms-id>
      <id>31307</id>
      <intensity>4.0</intensity>
      <mass-charge>230.0</mass-charge>
    </ei-ms-peak>
    <ei-ms-peak>
      <ei-ms-id>273</ei-ms-id>
      <id>31308</id>
      <intensity>4.0</intensity>
      <mass-charge>231.0</mass-charge>
    </ei-ms-peak>
    <ei-ms-peak>
      <ei-ms-id>273</ei-ms-id>
      <id>31309</id>
      <intensity>4.0</intensity>
      <mass-charge>232.0</mass-charge>
    </ei-ms-peak>
    <ei-ms-peak>
      <ei-ms-id>273</ei-ms-id>
      <id>31310</id>
      <intensity>4.0</intensity>
      <mass-charge>233.0</mass-charge>
    </ei-ms-peak>
    <ei-ms-peak>
      <ei-ms-id>273</ei-ms-id>
      <id>31311</id>
      <intensity>4.0</intensity>
      <mass-charge>234.0</mass-charge>
    </ei-ms-peak>
    <ei-ms-peak>
      <ei-ms-id>273</ei-ms-id>
      <id>31312</id>
      <intensity>4.0</intensity>
      <mass-charge>236.0</mass-charge>
    </ei-ms-peak>
    <ei-ms-peak>
      <ei-ms-id>273</ei-ms-id>
      <id>31313</id>
      <intensity>7.0</intensity>
      <mass-charge>237.0</mass-charge>
    </ei-ms-peak>
    <ei-ms-peak>
      <ei-ms-id>273</ei-ms-id>
      <id>31314</id>
      <intensity>15.0</intensity>
      <mass-charge>238.0</mass-charge>
    </ei-ms-peak>
    <ei-ms-peak>
      <ei-ms-id>273</ei-ms-id>
      <id>31315</id>
      <intensity>19.0</intensity>
      <mass-charge>239.0</mass-charge>
    </ei-ms-peak>
    <ei-ms-peak>
      <ei-ms-id>273</ei-ms-id>
      <id>31316</id>
      <intensity>26.0</intensity>
      <mass-charge>240.0</mass-charge>
    </ei-ms-peak>
    <ei-ms-peak>
      <ei-ms-id>273</ei-ms-id>
      <id>31317</id>
      <intensity>273.0</intensity>
      <mass-charge>241.0</mass-charge>
    </ei-ms-peak>
    <ei-ms-peak>
      <ei-ms-id>273</ei-ms-id>
      <id>31318</id>
      <intensity>2084.0</intensity>
      <mass-charge>242.0</mass-charge>
    </ei-ms-peak>
    <ei-ms-peak>
      <ei-ms-id>273</ei-ms-id>
      <id>31319</id>
      <intensity>355.0</intensity>
      <mass-charge>243.0</mass-charge>
    </ei-ms-peak>
    <ei-ms-peak>
      <ei-ms-id>273</ei-ms-id>
      <id>31320</id>
      <intensity>168.0</intensity>
      <mass-charge>244.0</mass-charge>
    </ei-ms-peak>
    <ei-ms-peak>
      <ei-ms-id>273</ei-ms-id>
      <id>31321</id>
      <intensity>30.0</intensity>
      <mass-charge>245.0</mass-charge>
    </ei-ms-peak>
  </ei-ms-peaks>
</ei-ms>
