<?xml version="1.0" encoding="UTF-8"?>
<ei-ms>
  <collection-date nil="true"/>
  <created-at>2014-09-20T16:37:30Z</created-at>
  <database-id>HMDB14501</database-id>
  <id>825</id>
  <inchi-key>ROBVIMPUHSLWNV-UHFFFAOYSA-N</inchi-key>
  <instrument-type nil="true"/>
  <molecule-id nil="true"/>
  <notes nil="true"/>
  <peak-counter>95</peak-counter>
  <sample-assessment nil="true"/>
  <sample-concentration nil="true"/>
  <sample-concentration-units nil="true"/>
  <sample-mass nil="true"/>
  <sample-mass-units nil="true"/>
  <sample-source nil="true"/>
  <solvent nil="true"/>
  <spectra-assessment nil="true"/>
  <updated-at>2014-09-20T16:37:30Z</updated-at>
  <references>
    <reference>
      <database>NIST</database>
      <database-id>125-84-8</database-id>
      <id>15697</id>
      <pubmed-id nil="true"/>
      <ref-text>NIST Mass Spec Data Center, S.E. Stein, director, "Mass Spectra" in NIST Chemistry WebBook, NIST Standard Reference Database Number 69, Eds. P.J. Linstrom and W.G. Mallard, National Institute of Standards and Technology, Gaithersburg MD, 20899, http://webbook.nist.gov, (retrieved September 6, 2014).</ref-text>
      <spectra-id>825</spectra-id>
      <spectra-type>EiMs</spectra-type>
    </reference>
  </references>
  <ei-ms-peaks>
    <ei-ms-peak>
      <ei-ms-id>825</ei-ms-id>
      <id>90812</id>
      <intensity>360.0</intensity>
      <mass-charge>41.0</mass-charge>
    </ei-ms-peak>
    <ei-ms-peak>
      <ei-ms-id>825</ei-ms-id>
      <id>90813</id>
      <intensity>610.0</intensity>
      <mass-charge>42.0</mass-charge>
    </ei-ms-peak>
    <ei-ms-peak>
      <ei-ms-id>825</ei-ms-id>
      <id>90814</id>
      <intensity>80.0</intensity>
      <mass-charge>43.0</mass-charge>
    </ei-ms-peak>
    <ei-ms-peak>
      <ei-ms-id>825</ei-ms-id>
      <id>90815</id>
      <intensity>230.0</intensity>
      <mass-charge>44.0</mass-charge>
    </ei-ms-peak>
    <ei-ms-peak>
      <ei-ms-id>825</ei-ms-id>
      <id>90816</id>
      <intensity>140.0</intensity>
      <mass-charge>50.0</mass-charge>
    </ei-ms-peak>
    <ei-ms-peak>
      <ei-ms-id>825</ei-ms-id>
      <id>90817</id>
      <intensity>450.0</intensity>
      <mass-charge>51.0</mass-charge>
    </ei-ms-peak>
    <ei-ms-peak>
      <ei-ms-id>825</ei-ms-id>
      <id>90818</id>
      <intensity>350.0</intensity>
      <mass-charge>52.0</mass-charge>
    </ei-ms-peak>
    <ei-ms-peak>
      <ei-ms-id>825</ei-ms-id>
      <id>90819</id>
      <intensity>270.0</intensity>
      <mass-charge>53.0</mass-charge>
    </ei-ms-peak>
    <ei-ms-peak>
      <ei-ms-id>825</ei-ms-id>
      <id>90820</id>
      <intensity>300.0</intensity>
      <mass-charge>54.0</mass-charge>
    </ei-ms-peak>
    <ei-ms-peak>
      <ei-ms-id>825</ei-ms-id>
      <id>90821</id>
      <intensity>280.0</intensity>
      <mass-charge>55.0</mass-charge>
    </ei-ms-peak>
    <ei-ms-peak>
      <ei-ms-id>825</ei-ms-id>
      <id>90822</id>
      <intensity>40.0</intensity>
      <mass-charge>56.0</mass-charge>
    </ei-ms-peak>
    <ei-ms-peak>
      <ei-ms-id>825</ei-ms-id>
      <id>90823</id>
      <intensity>30.0</intensity>
      <mass-charge>57.0</mass-charge>
    </ei-ms-peak>
    <ei-ms-peak>
      <ei-ms-id>825</ei-ms-id>
      <id>90824</id>
      <intensity>110.0</intensity>
      <mass-charge>59.0</mass-charge>
    </ei-ms-peak>
    <ei-ms-peak>
      <ei-ms-id>825</ei-ms-id>
      <id>90825</id>
      <intensity>60.0</intensity>
      <mass-charge>62.0</mass-charge>
    </ei-ms-peak>
    <ei-ms-peak>
      <ei-ms-id>825</ei-ms-id>
      <id>90826</id>
      <intensity>310.0</intensity>
      <mass-charge>63.0</mass-charge>
    </ei-ms-peak>
    <ei-ms-peak>
      <ei-ms-id>825</ei-ms-id>
      <id>90827</id>
      <intensity>160.0</intensity>
      <mass-charge>64.0</mass-charge>
    </ei-ms-peak>
    <ei-ms-peak>
      <ei-ms-id>825</ei-ms-id>
      <id>90828</id>
      <intensity>800.0</intensity>
      <mass-charge>65.0</mass-charge>
    </ei-ms-peak>
    <ei-ms-peak>
      <ei-ms-id>825</ei-ms-id>
      <id>90829</id>
      <intensity>310.0</intensity>
      <mass-charge>66.0</mass-charge>
    </ei-ms-peak>
    <ei-ms-peak>
      <ei-ms-id>825</ei-ms-id>
      <id>90830</id>
      <intensity>130.0</intensity>
      <mass-charge>67.0</mass-charge>
    </ei-ms-peak>
    <ei-ms-peak>
      <ei-ms-id>825</ei-ms-id>
      <id>90831</id>
      <intensity>20.0</intensity>
      <mass-charge>68.0</mass-charge>
    </ei-ms-peak>
    <ei-ms-peak>
      <ei-ms-id>825</ei-ms-id>
      <id>90832</id>
      <intensity>50.0</intensity>
      <mass-charge>70.0</mass-charge>
    </ei-ms-peak>
    <ei-ms-peak>
      <ei-ms-id>825</ei-ms-id>
      <id>90833</id>
      <intensity>80.0</intensity>
      <mass-charge>72.0</mass-charge>
    </ei-ms-peak>
    <ei-ms-peak>
      <ei-ms-id>825</ei-ms-id>
      <id>90834</id>
      <intensity>30.0</intensity>
      <mass-charge>73.0</mass-charge>
    </ei-ms-peak>
    <ei-ms-peak>
      <ei-ms-id>825</ei-ms-id>
      <id>90835</id>
      <intensity>50.0</intensity>
      <mass-charge>74.0</mass-charge>
    </ei-ms-peak>
    <ei-ms-peak>
      <ei-ms-id>825</ei-ms-id>
      <id>90836</id>
      <intensity>120.0</intensity>
      <mass-charge>75.0</mass-charge>
    </ei-ms-peak>
    <ei-ms-peak>
      <ei-ms-id>825</ei-ms-id>
      <id>90837</id>
      <intensity>120.0</intensity>
      <mass-charge>76.0</mass-charge>
    </ei-ms-peak>
    <ei-ms-peak>
      <ei-ms-id>825</ei-ms-id>
      <id>90838</id>
      <intensity>800.0</intensity>
      <mass-charge>77.0</mass-charge>
    </ei-ms-peak>
    <ei-ms-peak>
      <ei-ms-id>825</ei-ms-id>
      <id>90839</id>
      <intensity>280.0</intensity>
      <mass-charge>78.0</mass-charge>
    </ei-ms-peak>
    <ei-ms-peak>
      <ei-ms-id>825</ei-ms-id>
      <id>90840</id>
      <intensity>230.0</intensity>
      <mass-charge>79.0</mass-charge>
    </ei-ms-peak>
    <ei-ms-peak>
      <ei-ms-id>825</ei-ms-id>
      <id>90841</id>
      <intensity>120.0</intensity>
      <mass-charge>80.0</mass-charge>
    </ei-ms-peak>
    <ei-ms-peak>
      <ei-ms-id>825</ei-ms-id>
      <id>90842</id>
      <intensity>220.0</intensity>
      <mass-charge>82.0</mass-charge>
    </ei-ms-peak>
    <ei-ms-peak>
      <ei-ms-id>825</ei-ms-id>
      <id>90843</id>
      <intensity>50.0</intensity>
      <mass-charge>83.0</mass-charge>
    </ei-ms-peak>
    <ei-ms-peak>
      <ei-ms-id>825</ei-ms-id>
      <id>90844</id>
      <intensity>20.0</intensity>
      <mass-charge>85.0</mass-charge>
    </ei-ms-peak>
    <ei-ms-peak>
      <ei-ms-id>825</ei-ms-id>
      <id>90845</id>
      <intensity>40.0</intensity>
      <mass-charge>87.0</mass-charge>
    </ei-ms-peak>
    <ei-ms-peak>
      <ei-ms-id>825</ei-ms-id>
      <id>90846</id>
      <intensity>140.0</intensity>
      <mass-charge>88.0</mass-charge>
    </ei-ms-peak>
    <ei-ms-peak>
      <ei-ms-id>825</ei-ms-id>
      <id>90847</id>
      <intensity>350.0</intensity>
      <mass-charge>89.0</mass-charge>
    </ei-ms-peak>
    <ei-ms-peak>
      <ei-ms-id>825</ei-ms-id>
      <id>90848</id>
      <intensity>210.0</intensity>
      <mass-charge>90.0</mass-charge>
    </ei-ms-peak>
    <ei-ms-peak>
      <ei-ms-id>825</ei-ms-id>
      <id>90849</id>
      <intensity>760.0</intensity>
      <mass-charge>91.0</mass-charge>
    </ei-ms-peak>
    <ei-ms-peak>
      <ei-ms-id>825</ei-ms-id>
      <id>90850</id>
      <intensity>230.0</intensity>
      <mass-charge>92.0</mass-charge>
    </ei-ms-peak>
    <ei-ms-peak>
      <ei-ms-id>825</ei-ms-id>
      <id>90851</id>
      <intensity>560.0</intensity>
      <mass-charge>93.0</mass-charge>
    </ei-ms-peak>
    <ei-ms-peak>
      <ei-ms-id>825</ei-ms-id>
      <id>90852</id>
      <intensity>550.0</intensity>
      <mass-charge>94.0</mass-charge>
    </ei-ms-peak>
    <ei-ms-peak>
      <ei-ms-id>825</ei-ms-id>
      <id>90853</id>
      <intensity>50.0</intensity>
      <mass-charge>95.0</mass-charge>
    </ei-ms-peak>
    <ei-ms-peak>
      <ei-ms-id>825</ei-ms-id>
      <id>90854</id>
      <intensity>70.0</intensity>
      <mass-charge>101.0</mass-charge>
    </ei-ms-peak>
    <ei-ms-peak>
      <ei-ms-id>825</ei-ms-id>
      <id>90855</id>
      <intensity>160.0</intensity>
      <mass-charge>102.0</mass-charge>
    </ei-ms-peak>
    <ei-ms-peak>
      <ei-ms-id>825</ei-ms-id>
      <id>90856</id>
      <intensity>410.0</intensity>
      <mass-charge>103.0</mass-charge>
    </ei-ms-peak>
    <ei-ms-peak>
      <ei-ms-id>825</ei-ms-id>
      <id>90857</id>
      <intensity>380.0</intensity>
      <mass-charge>104.0</mass-charge>
    </ei-ms-peak>
    <ei-ms-peak>
      <ei-ms-id>825</ei-ms-id>
      <id>90858</id>
      <intensity>240.0</intensity>
      <mass-charge>105.0</mass-charge>
    </ei-ms-peak>
    <ei-ms-peak>
      <ei-ms-id>825</ei-ms-id>
      <id>90859</id>
      <intensity>600.0</intensity>
      <mass-charge>106.0</mass-charge>
    </ei-ms-peak>
    <ei-ms-peak>
      <ei-ms-id>825</ei-ms-id>
      <id>90860</id>
      <intensity>120.0</intensity>
      <mass-charge>107.0</mass-charge>
    </ei-ms-peak>
    <ei-ms-peak>
      <ei-ms-id>825</ei-ms-id>
      <id>90861</id>
      <intensity>20.0</intensity>
      <mass-charge>114.0</mass-charge>
    </ei-ms-peak>
    <ei-ms-peak>
      <ei-ms-id>825</ei-ms-id>
      <id>90862</id>
      <intensity>900.0</intensity>
      <mass-charge>115.0</mass-charge>
    </ei-ms-peak>
    <ei-ms-peak>
      <ei-ms-id>825</ei-ms-id>
      <id>90863</id>
      <intensity>320.0</intensity>
      <mass-charge>116.0</mass-charge>
    </ei-ms-peak>
    <ei-ms-peak>
      <ei-ms-id>825</ei-ms-id>
      <id>90864</id>
      <intensity>1551.0</intensity>
      <mass-charge>117.0</mass-charge>
    </ei-ms-peak>
    <ei-ms-peak>
      <ei-ms-id>825</ei-ms-id>
      <id>90865</id>
      <intensity>1251.0</intensity>
      <mass-charge>118.0</mass-charge>
    </ei-ms-peak>
    <ei-ms-peak>
      <ei-ms-id>825</ei-ms-id>
      <id>90866</id>
      <intensity>330.0</intensity>
      <mass-charge>119.0</mass-charge>
    </ei-ms-peak>
    <ei-ms-peak>
      <ei-ms-id>825</ei-ms-id>
      <id>90867</id>
      <intensity>180.0</intensity>
      <mass-charge>120.0</mass-charge>
    </ei-ms-peak>
    <ei-ms-peak>
      <ei-ms-id>825</ei-ms-id>
      <id>90868</id>
      <intensity>40.0</intensity>
      <mass-charge>121.0</mass-charge>
    </ei-ms-peak>
    <ei-ms-peak>
      <ei-ms-id>825</ei-ms-id>
      <id>90869</id>
      <intensity>120.0</intensity>
      <mass-charge>127.0</mass-charge>
    </ei-ms-peak>
    <ei-ms-peak>
      <ei-ms-id>825</ei-ms-id>
      <id>90870</id>
      <intensity>180.0</intensity>
      <mass-charge>128.0</mass-charge>
    </ei-ms-peak>
    <ei-ms-peak>
      <ei-ms-id>825</ei-ms-id>
      <id>90871</id>
      <intensity>90.0</intensity>
      <mass-charge>129.0</mass-charge>
    </ei-ms-peak>
    <ei-ms-peak>
      <ei-ms-id>825</ei-ms-id>
      <id>90872</id>
      <intensity>1871.0</intensity>
      <mass-charge>130.0</mass-charge>
    </ei-ms-peak>
    <ei-ms-peak>
      <ei-ms-id>825</ei-ms-id>
      <id>90873</id>
      <intensity>1030.0</intensity>
      <mass-charge>131.0</mass-charge>
    </ei-ms-peak>
    <ei-ms-peak>
      <ei-ms-id>825</ei-ms-id>
      <id>90874</id>
      <intensity>5354.0</intensity>
      <mass-charge>132.0</mass-charge>
    </ei-ms-peak>
    <ei-ms-peak>
      <ei-ms-id>825</ei-ms-id>
      <id>90875</id>
      <intensity>710.0</intensity>
      <mass-charge>133.0</mass-charge>
    </ei-ms-peak>
    <ei-ms-peak>
      <ei-ms-id>825</ei-ms-id>
      <id>90876</id>
      <intensity>80.0</intensity>
      <mass-charge>134.0</mass-charge>
    </ei-ms-peak>
    <ei-ms-peak>
      <ei-ms-id>825</ei-ms-id>
      <id>90877</id>
      <intensity>40.0</intensity>
      <mass-charge>135.0</mass-charge>
    </ei-ms-peak>
    <ei-ms-peak>
      <ei-ms-id>825</ei-ms-id>
      <id>90878</id>
      <intensity>30.0</intensity>
      <mass-charge>142.0</mass-charge>
    </ei-ms-peak>
    <ei-ms-peak>
      <ei-ms-id>825</ei-ms-id>
      <id>90879</id>
      <intensity>170.0</intensity>
      <mass-charge>143.0</mass-charge>
    </ei-ms-peak>
    <ei-ms-peak>
      <ei-ms-id>825</ei-ms-id>
      <id>90880</id>
      <intensity>350.0</intensity>
      <mass-charge>144.0</mass-charge>
    </ei-ms-peak>
    <ei-ms-peak>
      <ei-ms-id>825</ei-ms-id>
      <id>90881</id>
      <intensity>370.0</intensity>
      <mass-charge>145.0</mass-charge>
    </ei-ms-peak>
    <ei-ms-peak>
      <ei-ms-id>825</ei-ms-id>
      <id>90882</id>
      <intensity>570.0</intensity>
      <mass-charge>146.0</mass-charge>
    </ei-ms-peak>
    <ei-ms-peak>
      <ei-ms-id>825</ei-ms-id>
      <id>90883</id>
      <intensity>560.0</intensity>
      <mass-charge>147.0</mass-charge>
    </ei-ms-peak>
    <ei-ms-peak>
      <ei-ms-id>825</ei-ms-id>
      <id>90884</id>
      <intensity>310.0</intensity>
      <mass-charge>148.0</mass-charge>
    </ei-ms-peak>
    <ei-ms-peak>
      <ei-ms-id>825</ei-ms-id>
      <id>90885</id>
      <intensity>40.0</intensity>
      <mass-charge>149.0</mass-charge>
    </ei-ms-peak>
    <ei-ms-peak>
      <ei-ms-id>825</ei-ms-id>
      <id>90886</id>
      <intensity>30.0</intensity>
      <mass-charge>157.0</mass-charge>
    </ei-ms-peak>
    <ei-ms-peak>
      <ei-ms-id>825</ei-ms-id>
      <id>90887</id>
      <intensity>220.0</intensity>
      <mass-charge>158.0</mass-charge>
    </ei-ms-peak>
    <ei-ms-peak>
      <ei-ms-id>825</ei-ms-id>
      <id>90888</id>
      <intensity>120.0</intensity>
      <mass-charge>159.0</mass-charge>
    </ei-ms-peak>
    <ei-ms-peak>
      <ei-ms-id>825</ei-ms-id>
      <id>90889</id>
      <intensity>930.0</intensity>
      <mass-charge>160.0</mass-charge>
    </ei-ms-peak>
    <ei-ms-peak>
      <ei-ms-id>825</ei-ms-id>
      <id>90890</id>
      <intensity>160.0</intensity>
      <mass-charge>161.0</mass-charge>
    </ei-ms-peak>
    <ei-ms-peak>
      <ei-ms-id>825</ei-ms-id>
      <id>90891</id>
      <intensity>70.0</intensity>
      <mass-charge>162.0</mass-charge>
    </ei-ms-peak>
    <ei-ms-peak>
      <ei-ms-id>825</ei-ms-id>
      <id>90892</id>
      <intensity>390.0</intensity>
      <mass-charge>172.0</mass-charge>
    </ei-ms-peak>
    <ei-ms-peak>
      <ei-ms-id>825</ei-ms-id>
      <id>90893</id>
      <intensity>60.0</intensity>
      <mass-charge>173.0</mass-charge>
    </ei-ms-peak>
    <ei-ms-peak>
      <ei-ms-id>825</ei-ms-id>
      <id>90894</id>
      <intensity>40.0</intensity>
      <mass-charge>174.0</mass-charge>
    </ei-ms-peak>
    <ei-ms-peak>
      <ei-ms-id>825</ei-ms-id>
      <id>90895</id>
      <intensity>4293.0</intensity>
      <mass-charge>175.0</mass-charge>
    </ei-ms-peak>
    <ei-ms-peak>
      <ei-ms-id>825</ei-ms-id>
      <id>90896</id>
      <intensity>520.0</intensity>
      <mass-charge>176.0</mass-charge>
    </ei-ms-peak>
    <ei-ms-peak>
      <ei-ms-id>825</ei-ms-id>
      <id>90897</id>
      <intensity>40.0</intensity>
      <mass-charge>177.0</mass-charge>
    </ei-ms-peak>
    <ei-ms-peak>
      <ei-ms-id>825</ei-ms-id>
      <id>90898</id>
      <intensity>50.0</intensity>
      <mass-charge>186.0</mass-charge>
    </ei-ms-peak>
    <ei-ms-peak>
      <ei-ms-id>825</ei-ms-id>
      <id>90899</id>
      <intensity>370.0</intensity>
      <mass-charge>187.0</mass-charge>
    </ei-ms-peak>
    <ei-ms-peak>
      <ei-ms-id>825</ei-ms-id>
      <id>90900</id>
      <intensity>70.0</intensity>
      <mass-charge>188.0</mass-charge>
    </ei-ms-peak>
    <ei-ms-peak>
      <ei-ms-id>825</ei-ms-id>
      <id>90901</id>
      <intensity>9999.0</intensity>
      <mass-charge>203.0</mass-charge>
    </ei-ms-peak>
    <ei-ms-peak>
      <ei-ms-id>825</ei-ms-id>
      <id>90902</id>
      <intensity>1351.0</intensity>
      <mass-charge>204.0</mass-charge>
    </ei-ms-peak>
    <ei-ms-peak>
      <ei-ms-id>825</ei-ms-id>
      <id>90903</id>
      <intensity>120.0</intensity>
      <mass-charge>205.0</mass-charge>
    </ei-ms-peak>
    <ei-ms-peak>
      <ei-ms-id>825</ei-ms-id>
      <id>90904</id>
      <intensity>3343.0</intensity>
      <mass-charge>232.0</mass-charge>
    </ei-ms-peak>
    <ei-ms-peak>
      <ei-ms-id>825</ei-ms-id>
      <id>90905</id>
      <intensity>480.0</intensity>
      <mass-charge>233.0</mass-charge>
    </ei-ms-peak>
    <ei-ms-peak>
      <ei-ms-id>825</ei-ms-id>
      <id>90906</id>
      <intensity>50.0</intensity>
      <mass-charge>234.0</mass-charge>
    </ei-ms-peak>
  </ei-ms-peaks>
</ei-ms>
