<?xml version="1.0" encoding="UTF-8"?>
<ei-ms>
  <collection-date nil="true"/>
  <created-at>2014-09-20T16:38:15Z</created-at>
  <database-id>HMDB01844</database-id>
  <id>855</id>
  <inchi-key>WXUAQHNMJWJLTG-UHFFFAOYSA-N</inchi-key>
  <instrument-type nil="true"/>
  <molecule-id nil="true"/>
  <notes nil="true"/>
  <peak-counter>92</peak-counter>
  <sample-assessment nil="true"/>
  <sample-concentration nil="true"/>
  <sample-concentration-units nil="true"/>
  <sample-mass nil="true"/>
  <sample-mass-units nil="true"/>
  <sample-source nil="true"/>
  <solvent nil="true"/>
  <spectra-assessment nil="true"/>
  <updated-at>2014-09-20T16:38:15Z</updated-at>
  <references>
    <reference>
      <database>NIST</database>
      <database-id>498-21-5</database-id>
      <id>15727</id>
      <pubmed-id nil="true"/>
      <ref-text>NIST Mass Spec Data Center, S.E. Stein, director, "Mass Spectra" in NIST Chemistry WebBook, NIST Standard Reference Database Number 69, Eds. P.J. Linstrom and W.G. Mallard, National Institute of Standards and Technology, Gaithersburg MD, 20899, http://webbook.nist.gov, (retrieved September 6, 2014).</ref-text>
      <spectra-id>855</spectra-id>
      <spectra-type>EiMs</spectra-type>
    </reference>
  </references>
  <ei-ms-peaks>
    <ei-ms-peak>
      <ei-ms-id>855</ei-ms-id>
      <id>94292</id>
      <intensity>10.0</intensity>
      <mass-charge>13.0</mass-charge>
    </ei-ms-peak>
    <ei-ms-peak>
      <ei-ms-id>855</ei-ms-id>
      <id>94293</id>
      <intensity>30.0</intensity>
      <mass-charge>14.0</mass-charge>
    </ei-ms-peak>
    <ei-ms-peak>
      <ei-ms-id>855</ei-ms-id>
      <id>94294</id>
      <intensity>150.0</intensity>
      <mass-charge>15.0</mass-charge>
    </ei-ms-peak>
    <ei-ms-peak>
      <ei-ms-id>855</ei-ms-id>
      <id>94295</id>
      <intensity>20.0</intensity>
      <mass-charge>18.0</mass-charge>
    </ei-ms-peak>
    <ei-ms-peak>
      <ei-ms-id>855</ei-ms-id>
      <id>94296</id>
      <intensity>30.0</intensity>
      <mass-charge>19.0</mass-charge>
    </ei-ms-peak>
    <ei-ms-peak>
      <ei-ms-id>855</ei-ms-id>
      <id>94297</id>
      <intensity>40.0</intensity>
      <mass-charge>25.0</mass-charge>
    </ei-ms-peak>
    <ei-ms-peak>
      <ei-ms-id>855</ei-ms-id>
      <id>94298</id>
      <intensity>360.0</intensity>
      <mass-charge>26.0</mass-charge>
    </ei-ms-peak>
    <ei-ms-peak>
      <ei-ms-id>855</ei-ms-id>
      <id>94299</id>
      <intensity>2370.0</intensity>
      <mass-charge>27.0</mass-charge>
    </ei-ms-peak>
    <ei-ms-peak>
      <ei-ms-id>855</ei-ms-id>
      <id>94300</id>
      <intensity>150.0</intensity>
      <mass-charge>28.0</mass-charge>
    </ei-ms-peak>
    <ei-ms-peak>
      <ei-ms-id>855</ei-ms-id>
      <id>94301</id>
      <intensity>860.0</intensity>
      <mass-charge>29.0</mass-charge>
    </ei-ms-peak>
    <ei-ms-peak>
      <ei-ms-id>855</ei-ms-id>
      <id>94302</id>
      <intensity>40.0</intensity>
      <mass-charge>30.0</mass-charge>
    </ei-ms-peak>
    <ei-ms-peak>
      <ei-ms-id>855</ei-ms-id>
      <id>94303</id>
      <intensity>520.0</intensity>
      <mass-charge>31.0</mass-charge>
    </ei-ms-peak>
    <ei-ms-peak>
      <ei-ms-id>855</ei-ms-id>
      <id>94304</id>
      <intensity>20.0</intensity>
      <mass-charge>34.0</mass-charge>
    </ei-ms-peak>
    <ei-ms-peak>
      <ei-ms-id>855</ei-ms-id>
      <id>94305</id>
      <intensity>20.0</intensity>
      <mass-charge>35.0</mass-charge>
    </ei-ms-peak>
    <ei-ms-peak>
      <ei-ms-id>855</ei-ms-id>
      <id>94306</id>
      <intensity>30.0</intensity>
      <mass-charge>36.0</mass-charge>
    </ei-ms-peak>
    <ei-ms-peak>
      <ei-ms-id>855</ei-ms-id>
      <id>94307</id>
      <intensity>240.0</intensity>
      <mass-charge>37.0</mass-charge>
    </ei-ms-peak>
    <ei-ms-peak>
      <ei-ms-id>855</ei-ms-id>
      <id>94308</id>
      <intensity>530.0</intensity>
      <mass-charge>38.0</mass-charge>
    </ei-ms-peak>
    <ei-ms-peak>
      <ei-ms-id>855</ei-ms-id>
      <id>94309</id>
      <intensity>3950.0</intensity>
      <mass-charge>39.0</mass-charge>
    </ei-ms-peak>
    <ei-ms-peak>
      <ei-ms-id>855</ei-ms-id>
      <id>94310</id>
      <intensity>850.0</intensity>
      <mass-charge>40.0</mass-charge>
    </ei-ms-peak>
    <ei-ms-peak>
      <ei-ms-id>855</ei-ms-id>
      <id>94311</id>
      <intensity>7429.0</intensity>
      <mass-charge>41.0</mass-charge>
    </ei-ms-peak>
    <ei-ms-peak>
      <ei-ms-id>855</ei-ms-id>
      <id>94312</id>
      <intensity>6169.0</intensity>
      <mass-charge>42.0</mass-charge>
    </ei-ms-peak>
    <ei-ms-peak>
      <ei-ms-id>855</ei-ms-id>
      <id>94313</id>
      <intensity>4270.0</intensity>
      <mass-charge>43.0</mass-charge>
    </ei-ms-peak>
    <ei-ms-peak>
      <ei-ms-id>855</ei-ms-id>
      <id>94314</id>
      <intensity>400.0</intensity>
      <mass-charge>44.0</mass-charge>
    </ei-ms-peak>
    <ei-ms-peak>
      <ei-ms-id>855</ei-ms-id>
      <id>94315</id>
      <intensity>9419.0</intensity>
      <mass-charge>45.0</mass-charge>
    </ei-ms-peak>
    <ei-ms-peak>
      <ei-ms-id>855</ei-ms-id>
      <id>94316</id>
      <intensity>430.0</intensity>
      <mass-charge>46.0</mass-charge>
    </ei-ms-peak>
    <ei-ms-peak>
      <ei-ms-id>855</ei-ms-id>
      <id>94317</id>
      <intensity>180.0</intensity>
      <mass-charge>47.0</mass-charge>
    </ei-ms-peak>
    <ei-ms-peak>
      <ei-ms-id>855</ei-ms-id>
      <id>94318</id>
      <intensity>10.0</intensity>
      <mass-charge>48.0</mass-charge>
    </ei-ms-peak>
    <ei-ms-peak>
      <ei-ms-id>855</ei-ms-id>
      <id>94319</id>
      <intensity>30.0</intensity>
      <mass-charge>49.0</mass-charge>
    </ei-ms-peak>
    <ei-ms-peak>
      <ei-ms-id>855</ei-ms-id>
      <id>94320</id>
      <intensity>30.0</intensity>
      <mass-charge>50.0</mass-charge>
    </ei-ms-peak>
    <ei-ms-peak>
      <ei-ms-id>855</ei-ms-id>
      <id>94321</id>
      <intensity>30.0</intensity>
      <mass-charge>51.0</mass-charge>
    </ei-ms-peak>
    <ei-ms-peak>
      <ei-ms-id>855</ei-ms-id>
      <id>94322</id>
      <intensity>30.0</intensity>
      <mass-charge>52.0</mass-charge>
    </ei-ms-peak>
    <ei-ms-peak>
      <ei-ms-id>855</ei-ms-id>
      <id>94323</id>
      <intensity>350.0</intensity>
      <mass-charge>53.0</mass-charge>
    </ei-ms-peak>
    <ei-ms-peak>
      <ei-ms-id>855</ei-ms-id>
      <id>94324</id>
      <intensity>100.0</intensity>
      <mass-charge>54.0</mass-charge>
    </ei-ms-peak>
    <ei-ms-peak>
      <ei-ms-id>855</ei-ms-id>
      <id>94325</id>
      <intensity>5129.0</intensity>
      <mass-charge>55.0</mass-charge>
    </ei-ms-peak>
    <ei-ms-peak>
      <ei-ms-id>855</ei-ms-id>
      <id>94326</id>
      <intensity>260.0</intensity>
      <mass-charge>56.0</mass-charge>
    </ei-ms-peak>
    <ei-ms-peak>
      <ei-ms-id>855</ei-ms-id>
      <id>94327</id>
      <intensity>370.0</intensity>
      <mass-charge>57.0</mass-charge>
    </ei-ms-peak>
    <ei-ms-peak>
      <ei-ms-id>855</ei-ms-id>
      <id>94328</id>
      <intensity>1740.0</intensity>
      <mass-charge>58.0</mass-charge>
    </ei-ms-peak>
    <ei-ms-peak>
      <ei-ms-id>855</ei-ms-id>
      <id>94329</id>
      <intensity>600.0</intensity>
      <mass-charge>59.0</mass-charge>
    </ei-ms-peak>
    <ei-ms-peak>
      <ei-ms-id>855</ei-ms-id>
      <id>94330</id>
      <intensity>2550.0</intensity>
      <mass-charge>60.0</mass-charge>
    </ei-ms-peak>
    <ei-ms-peak>
      <ei-ms-id>855</ei-ms-id>
      <id>94331</id>
      <intensity>80.0</intensity>
      <mass-charge>61.0</mass-charge>
    </ei-ms-peak>
    <ei-ms-peak>
      <ei-ms-id>855</ei-ms-id>
      <id>94332</id>
      <intensity>20.0</intensity>
      <mass-charge>62.0</mass-charge>
    </ei-ms-peak>
    <ei-ms-peak>
      <ei-ms-id>855</ei-ms-id>
      <id>94333</id>
      <intensity>610.0</intensity>
      <mass-charge>63.0</mass-charge>
    </ei-ms-peak>
    <ei-ms-peak>
      <ei-ms-id>855</ei-ms-id>
      <id>94334</id>
      <intensity>20.0</intensity>
      <mass-charge>64.0</mass-charge>
    </ei-ms-peak>
    <ei-ms-peak>
      <ei-ms-id>855</ei-ms-id>
      <id>94335</id>
      <intensity>30.0</intensity>
      <mass-charge>65.0</mass-charge>
    </ei-ms-peak>
    <ei-ms-peak>
      <ei-ms-id>855</ei-ms-id>
      <id>94336</id>
      <intensity>30.0</intensity>
      <mass-charge>66.0</mass-charge>
    </ei-ms-peak>
    <ei-ms-peak>
      <ei-ms-id>855</ei-ms-id>
      <id>94337</id>
      <intensity>90.0</intensity>
      <mass-charge>67.0</mass-charge>
    </ei-ms-peak>
    <ei-ms-peak>
      <ei-ms-id>855</ei-ms-id>
      <id>94338</id>
      <intensity>880.0</intensity>
      <mass-charge>68.0</mass-charge>
    </ei-ms-peak>
    <ei-ms-peak>
      <ei-ms-id>855</ei-ms-id>
      <id>94339</id>
      <intensity>2870.0</intensity>
      <mass-charge>69.0</mass-charge>
    </ei-ms-peak>
    <ei-ms-peak>
      <ei-ms-id>855</ei-ms-id>
      <id>94340</id>
      <intensity>470.0</intensity>
      <mass-charge>70.0</mass-charge>
    </ei-ms-peak>
    <ei-ms-peak>
      <ei-ms-id>855</ei-ms-id>
      <id>94341</id>
      <intensity>350.0</intensity>
      <mass-charge>71.0</mass-charge>
    </ei-ms-peak>
    <ei-ms-peak>
      <ei-ms-id>855</ei-ms-id>
      <id>94342</id>
      <intensity>20.0</intensity>
      <mass-charge>72.0</mass-charge>
    </ei-ms-peak>
    <ei-ms-peak>
      <ei-ms-id>855</ei-ms-id>
      <id>94343</id>
      <intensity>9999.0</intensity>
      <mass-charge>73.0</mass-charge>
    </ei-ms-peak>
    <ei-ms-peak>
      <ei-ms-id>855</ei-ms-id>
      <id>94344</id>
      <intensity>390.0</intensity>
      <mass-charge>74.0</mass-charge>
    </ei-ms-peak>
    <ei-ms-peak>
      <ei-ms-id>855</ei-ms-id>
      <id>94345</id>
      <intensity>60.0</intensity>
      <mass-charge>75.0</mass-charge>
    </ei-ms-peak>
    <ei-ms-peak>
      <ei-ms-id>855</ei-ms-id>
      <id>94346</id>
      <intensity>30.0</intensity>
      <mass-charge>77.0</mass-charge>
    </ei-ms-peak>
    <ei-ms-peak>
      <ei-ms-id>855</ei-ms-id>
      <id>94347</id>
      <intensity>10.0</intensity>
      <mass-charge>78.0</mass-charge>
    </ei-ms-peak>
    <ei-ms-peak>
      <ei-ms-id>855</ei-ms-id>
      <id>94348</id>
      <intensity>30.0</intensity>
      <mass-charge>79.0</mass-charge>
    </ei-ms-peak>
    <ei-ms-peak>
      <ei-ms-id>855</ei-ms-id>
      <id>94349</id>
      <intensity>30.0</intensity>
      <mass-charge>80.0</mass-charge>
    </ei-ms-peak>
    <ei-ms-peak>
      <ei-ms-id>855</ei-ms-id>
      <id>94350</id>
      <intensity>80.0</intensity>
      <mass-charge>81.0</mass-charge>
    </ei-ms-peak>
    <ei-ms-peak>
      <ei-ms-id>855</ei-ms-id>
      <id>94351</id>
      <intensity>30.0</intensity>
      <mass-charge>82.0</mass-charge>
    </ei-ms-peak>
    <ei-ms-peak>
      <ei-ms-id>855</ei-ms-id>
      <id>94352</id>
      <intensity>160.0</intensity>
      <mass-charge>83.0</mass-charge>
    </ei-ms-peak>
    <ei-ms-peak>
      <ei-ms-id>855</ei-ms-id>
      <id>94353</id>
      <intensity>230.0</intensity>
      <mass-charge>84.0</mass-charge>
    </ei-ms-peak>
    <ei-ms-peak>
      <ei-ms-id>855</ei-ms-id>
      <id>94354</id>
      <intensity>450.0</intensity>
      <mass-charge>85.0</mass-charge>
    </ei-ms-peak>
    <ei-ms-peak>
      <ei-ms-id>855</ei-ms-id>
      <id>94355</id>
      <intensity>9119.0</intensity>
      <mass-charge>86.0</mass-charge>
    </ei-ms-peak>
    <ei-ms-peak>
      <ei-ms-id>855</ei-ms-id>
      <id>94356</id>
      <intensity>1750.0</intensity>
      <mass-charge>87.0</mass-charge>
    </ei-ms-peak>
    <ei-ms-peak>
      <ei-ms-id>855</ei-ms-id>
      <id>94357</id>
      <intensity>1140.0</intensity>
      <mass-charge>88.0</mass-charge>
    </ei-ms-peak>
    <ei-ms-peak>
      <ei-ms-id>855</ei-ms-id>
      <id>94358</id>
      <intensity>60.0</intensity>
      <mass-charge>89.0</mass-charge>
    </ei-ms-peak>
    <ei-ms-peak>
      <ei-ms-id>855</ei-ms-id>
      <id>94359</id>
      <intensity>10.0</intensity>
      <mass-charge>90.0</mass-charge>
    </ei-ms-peak>
    <ei-ms-peak>
      <ei-ms-id>855</ei-ms-id>
      <id>94360</id>
      <intensity>10.0</intensity>
      <mass-charge>91.0</mass-charge>
    </ei-ms-peak>
    <ei-ms-peak>
      <ei-ms-id>855</ei-ms-id>
      <id>94361</id>
      <intensity>10.0</intensity>
      <mass-charge>92.0</mass-charge>
    </ei-ms-peak>
    <ei-ms-peak>
      <ei-ms-id>855</ei-ms-id>
      <id>94362</id>
      <intensity>10.0</intensity>
      <mass-charge>93.0</mass-charge>
    </ei-ms-peak>
    <ei-ms-peak>
      <ei-ms-id>855</ei-ms-id>
      <id>94363</id>
      <intensity>20.0</intensity>
      <mass-charge>94.0</mass-charge>
    </ei-ms-peak>
    <ei-ms-peak>
      <ei-ms-id>855</ei-ms-id>
      <id>94364</id>
      <intensity>40.0</intensity>
      <mass-charge>95.0</mass-charge>
    </ei-ms-peak>
    <ei-ms-peak>
      <ei-ms-id>855</ei-ms-id>
      <id>94365</id>
      <intensity>50.0</intensity>
      <mass-charge>96.0</mass-charge>
    </ei-ms-peak>
    <ei-ms-peak>
      <ei-ms-id>855</ei-ms-id>
      <id>94366</id>
      <intensity>160.0</intensity>
      <mass-charge>97.0</mass-charge>
    </ei-ms-peak>
    <ei-ms-peak>
      <ei-ms-id>855</ei-ms-id>
      <id>94367</id>
      <intensity>450.0</intensity>
      <mass-charge>98.0</mass-charge>
    </ei-ms-peak>
    <ei-ms-peak>
      <ei-ms-id>855</ei-ms-id>
      <id>94368</id>
      <intensity>230.0</intensity>
      <mass-charge>99.0</mass-charge>
    </ei-ms-peak>
    <ei-ms-peak>
      <ei-ms-id>855</ei-ms-id>
      <id>94369</id>
      <intensity>30.0</intensity>
      <mass-charge>100.0</mass-charge>
    </ei-ms-peak>
    <ei-ms-peak>
      <ei-ms-id>855</ei-ms-id>
      <id>94370</id>
      <intensity>30.0</intensity>
      <mass-charge>101.0</mass-charge>
    </ei-ms-peak>
    <ei-ms-peak>
      <ei-ms-id>855</ei-ms-id>
      <id>94371</id>
      <intensity>10.0</intensity>
      <mass-charge>102.0</mass-charge>
    </ei-ms-peak>
    <ei-ms-peak>
      <ei-ms-id>855</ei-ms-id>
      <id>94372</id>
      <intensity>40.0</intensity>
      <mass-charge>104.0</mass-charge>
    </ei-ms-peak>
    <ei-ms-peak>
      <ei-ms-id>855</ei-ms-id>
      <id>94373</id>
      <intensity>10.0</intensity>
      <mass-charge>105.0</mass-charge>
    </ei-ms-peak>
    <ei-ms-peak>
      <ei-ms-id>855</ei-ms-id>
      <id>94374</id>
      <intensity>30.0</intensity>
      <mass-charge>107.0</mass-charge>
    </ei-ms-peak>
    <ei-ms-peak>
      <ei-ms-id>855</ei-ms-id>
      <id>94375</id>
      <intensity>20.0</intensity>
      <mass-charge>109.0</mass-charge>
    </ei-ms-peak>
    <ei-ms-peak>
      <ei-ms-id>855</ei-ms-id>
      <id>94376</id>
      <intensity>40.0</intensity>
      <mass-charge>110.0</mass-charge>
    </ei-ms-peak>
    <ei-ms-peak>
      <ei-ms-id>855</ei-ms-id>
      <id>94377</id>
      <intensity>30.0</intensity>
      <mass-charge>111.0</mass-charge>
    </ei-ms-peak>
    <ei-ms-peak>
      <ei-ms-id>855</ei-ms-id>
      <id>94378</id>
      <intensity>60.0</intensity>
      <mass-charge>112.0</mass-charge>
    </ei-ms-peak>
    <ei-ms-peak>
      <ei-ms-id>855</ei-ms-id>
      <id>94379</id>
      <intensity>50.0</intensity>
      <mass-charge>113.0</mass-charge>
    </ei-ms-peak>
    <ei-ms-peak>
      <ei-ms-id>855</ei-ms-id>
      <id>94380</id>
      <intensity>4960.0</intensity>
      <mass-charge>114.0</mass-charge>
    </ei-ms-peak>
    <ei-ms-peak>
      <ei-ms-id>855</ei-ms-id>
      <id>94381</id>
      <intensity>1130.0</intensity>
      <mass-charge>115.0</mass-charge>
    </ei-ms-peak>
    <ei-ms-peak>
      <ei-ms-id>855</ei-ms-id>
      <id>94382</id>
      <intensity>90.0</intensity>
      <mass-charge>116.0</mass-charge>
    </ei-ms-peak>
    <ei-ms-peak>
      <ei-ms-id>855</ei-ms-id>
      <id>94383</id>
      <intensity>20.0</intensity>
      <mass-charge>117.0</mass-charge>
    </ei-ms-peak>
  </ei-ms-peaks>
</ei-ms>
