<?xml version="1.0" encoding="UTF-8"?>
<ei-ms>
  <collection-date nil="true"/>
  <created-at>2014-09-20T16:33:36Z</created-at>
  <database-id>HMDB00016</database-id>
  <id>660</id>
  <inchi-key>ZESRJSPZRDMNHY-YFWFAHHUSA-N</inchi-key>
  <instrument-type nil="true"/>
  <molecule-id nil="true"/>
  <notes nil="true"/>
  <peak-counter>283</peak-counter>
  <sample-assessment nil="true"/>
  <sample-concentration nil="true"/>
  <sample-concentration-units nil="true"/>
  <sample-mass nil="true"/>
  <sample-mass-units nil="true"/>
  <sample-source nil="true"/>
  <solvent nil="true"/>
  <spectra-assessment nil="true"/>
  <updated-at>2014-09-20T16:33:36Z</updated-at>
  <references>
    <reference>
      <database>NIST</database>
      <database-id>64-85-7</database-id>
      <id>15532</id>
      <pubmed-id nil="true"/>
      <ref-text>NIST Mass Spec Data Center, S.E. Stein, director, "Mass Spectra" in NIST Chemistry WebBook, NIST Standard Reference Database Number 69, Eds. P.J. Linstrom and W.G. Mallard, National Institute of Standards and Technology, Gaithersburg MD, 20899, http://webbook.nist.gov, (retrieved September 6, 2014).</ref-text>
      <spectra-id>660</spectra-id>
      <spectra-type>EiMs</spectra-type>
    </reference>
  </references>
  <ei-ms-peaks>
    <ei-ms-peak>
      <ei-ms-id>660</ei-ms-id>
      <id>73145</id>
      <intensity>119.0</intensity>
      <mass-charge>17.0</mass-charge>
    </ei-ms-peak>
    <ei-ms-peak>
      <ei-ms-id>660</ei-ms-id>
      <id>73146</id>
      <intensity>399.0</intensity>
      <mass-charge>18.0</mass-charge>
    </ei-ms-peak>
    <ei-ms-peak>
      <ei-ms-id>660</ei-ms-id>
      <id>73147</id>
      <intensity>20.0</intensity>
      <mass-charge>26.0</mass-charge>
    </ei-ms-peak>
    <ei-ms-peak>
      <ei-ms-id>660</ei-ms-id>
      <id>73148</id>
      <intensity>369.0</intensity>
      <mass-charge>27.0</mass-charge>
    </ei-ms-peak>
    <ei-ms-peak>
      <ei-ms-id>660</ei-ms-id>
      <id>73149</id>
      <intensity>90.0</intensity>
      <mass-charge>28.0</mass-charge>
    </ei-ms-peak>
    <ei-ms-peak>
      <ei-ms-id>660</ei-ms-id>
      <id>73150</id>
      <intensity>489.0</intensity>
      <mass-charge>29.0</mass-charge>
    </ei-ms-peak>
    <ei-ms-peak>
      <ei-ms-id>660</ei-ms-id>
      <id>73151</id>
      <intensity>30.0</intensity>
      <mass-charge>30.0</mass-charge>
    </ei-ms-peak>
    <ei-ms-peak>
      <ei-ms-id>660</ei-ms-id>
      <id>73152</id>
      <intensity>669.0</intensity>
      <mass-charge>31.0</mass-charge>
    </ei-ms-peak>
    <ei-ms-peak>
      <ei-ms-id>660</ei-ms-id>
      <id>73153</id>
      <intensity>20.0</intensity>
      <mass-charge>32.0</mass-charge>
    </ei-ms-peak>
    <ei-ms-peak>
      <ei-ms-id>660</ei-ms-id>
      <id>73154</id>
      <intensity>10.0</intensity>
      <mass-charge>38.0</mass-charge>
    </ei-ms-peak>
    <ei-ms-peak>
      <ei-ms-id>660</ei-ms-id>
      <id>73155</id>
      <intensity>549.0</intensity>
      <mass-charge>39.0</mass-charge>
    </ei-ms-peak>
    <ei-ms-peak>
      <ei-ms-id>660</ei-ms-id>
      <id>73156</id>
      <intensity>109.0</intensity>
      <mass-charge>40.0</mass-charge>
    </ei-ms-peak>
    <ei-ms-peak>
      <ei-ms-id>660</ei-ms-id>
      <id>73157</id>
      <intensity>1649.0</intensity>
      <mass-charge>41.0</mass-charge>
    </ei-ms-peak>
    <ei-ms-peak>
      <ei-ms-id>660</ei-ms-id>
      <id>73158</id>
      <intensity>99.0</intensity>
      <mass-charge>42.0</mass-charge>
    </ei-ms-peak>
    <ei-ms-peak>
      <ei-ms-id>660</ei-ms-id>
      <id>73159</id>
      <intensity>649.0</intensity>
      <mass-charge>43.0</mass-charge>
    </ei-ms-peak>
    <ei-ms-peak>
      <ei-ms-id>660</ei-ms-id>
      <id>73160</id>
      <intensity>30.0</intensity>
      <mass-charge>44.0</mass-charge>
    </ei-ms-peak>
    <ei-ms-peak>
      <ei-ms-id>660</ei-ms-id>
      <id>73161</id>
      <intensity>30.0</intensity>
      <mass-charge>45.0</mass-charge>
    </ei-ms-peak>
    <ei-ms-peak>
      <ei-ms-id>660</ei-ms-id>
      <id>73162</id>
      <intensity>40.0</intensity>
      <mass-charge>50.0</mass-charge>
    </ei-ms-peak>
    <ei-ms-peak>
      <ei-ms-id>660</ei-ms-id>
      <id>73163</id>
      <intensity>159.0</intensity>
      <mass-charge>51.0</mass-charge>
    </ei-ms-peak>
    <ei-ms-peak>
      <ei-ms-id>660</ei-ms-id>
      <id>73164</id>
      <intensity>99.0</intensity>
      <mass-charge>52.0</mass-charge>
    </ei-ms-peak>
    <ei-ms-peak>
      <ei-ms-id>660</ei-ms-id>
      <id>73165</id>
      <intensity>759.0</intensity>
      <mass-charge>53.0</mass-charge>
    </ei-ms-peak>
    <ei-ms-peak>
      <ei-ms-id>660</ei-ms-id>
      <id>73166</id>
      <intensity>109.0</intensity>
      <mass-charge>54.0</mass-charge>
    </ei-ms-peak>
    <ei-ms-peak>
      <ei-ms-id>660</ei-ms-id>
      <id>73167</id>
      <intensity>1709.0</intensity>
      <mass-charge>55.0</mass-charge>
    </ei-ms-peak>
    <ei-ms-peak>
      <ei-ms-id>660</ei-ms-id>
      <id>73168</id>
      <intensity>129.0</intensity>
      <mass-charge>56.0</mass-charge>
    </ei-ms-peak>
    <ei-ms-peak>
      <ei-ms-id>660</ei-ms-id>
      <id>73169</id>
      <intensity>129.0</intensity>
      <mass-charge>57.0</mass-charge>
    </ei-ms-peak>
    <ei-ms-peak>
      <ei-ms-id>660</ei-ms-id>
      <id>73170</id>
      <intensity>20.0</intensity>
      <mass-charge>58.0</mass-charge>
    </ei-ms-peak>
    <ei-ms-peak>
      <ei-ms-id>660</ei-ms-id>
      <id>73171</id>
      <intensity>30.0</intensity>
      <mass-charge>59.0</mass-charge>
    </ei-ms-peak>
    <ei-ms-peak>
      <ei-ms-id>660</ei-ms-id>
      <id>73172</id>
      <intensity>10.0</intensity>
      <mass-charge>62.0</mass-charge>
    </ei-ms-peak>
    <ei-ms-peak>
      <ei-ms-id>660</ei-ms-id>
      <id>73173</id>
      <intensity>60.0</intensity>
      <mass-charge>63.0</mass-charge>
    </ei-ms-peak>
    <ei-ms-peak>
      <ei-ms-id>660</ei-ms-id>
      <id>73174</id>
      <intensity>40.0</intensity>
      <mass-charge>64.0</mass-charge>
    </ei-ms-peak>
    <ei-ms-peak>
      <ei-ms-id>660</ei-ms-id>
      <id>73175</id>
      <intensity>459.0</intensity>
      <mass-charge>65.0</mass-charge>
    </ei-ms-peak>
    <ei-ms-peak>
      <ei-ms-id>660</ei-ms-id>
      <id>73176</id>
      <intensity>179.0</intensity>
      <mass-charge>66.0</mass-charge>
    </ei-ms-peak>
    <ei-ms-peak>
      <ei-ms-id>660</ei-ms-id>
      <id>73177</id>
      <intensity>1319.0</intensity>
      <mass-charge>67.0</mass-charge>
    </ei-ms-peak>
    <ei-ms-peak>
      <ei-ms-id>660</ei-ms-id>
      <id>73178</id>
      <intensity>149.0</intensity>
      <mass-charge>68.0</mass-charge>
    </ei-ms-peak>
    <ei-ms-peak>
      <ei-ms-id>660</ei-ms-id>
      <id>73179</id>
      <intensity>439.0</intensity>
      <mass-charge>69.0</mass-charge>
    </ei-ms-peak>
    <ei-ms-peak>
      <ei-ms-id>660</ei-ms-id>
      <id>73180</id>
      <intensity>40.0</intensity>
      <mass-charge>70.0</mass-charge>
    </ei-ms-peak>
    <ei-ms-peak>
      <ei-ms-id>660</ei-ms-id>
      <id>73181</id>
      <intensity>109.0</intensity>
      <mass-charge>71.0</mass-charge>
    </ei-ms-peak>
    <ei-ms-peak>
      <ei-ms-id>660</ei-ms-id>
      <id>73182</id>
      <intensity>30.0</intensity>
      <mass-charge>72.0</mass-charge>
    </ei-ms-peak>
    <ei-ms-peak>
      <ei-ms-id>660</ei-ms-id>
      <id>73183</id>
      <intensity>30.0</intensity>
      <mass-charge>73.0</mass-charge>
    </ei-ms-peak>
    <ei-ms-peak>
      <ei-ms-id>660</ei-ms-id>
      <id>73184</id>
      <intensity>20.0</intensity>
      <mass-charge>74.0</mass-charge>
    </ei-ms-peak>
    <ei-ms-peak>
      <ei-ms-id>660</ei-ms-id>
      <id>73185</id>
      <intensity>30.0</intensity>
      <mass-charge>75.0</mass-charge>
    </ei-ms-peak>
    <ei-ms-peak>
      <ei-ms-id>660</ei-ms-id>
      <id>73186</id>
      <intensity>40.0</intensity>
      <mass-charge>76.0</mass-charge>
    </ei-ms-peak>
    <ei-ms-peak>
      <ei-ms-id>660</ei-ms-id>
      <id>73187</id>
      <intensity>1209.0</intensity>
      <mass-charge>77.0</mass-charge>
    </ei-ms-peak>
    <ei-ms-peak>
      <ei-ms-id>660</ei-ms-id>
      <id>73188</id>
      <intensity>339.0</intensity>
      <mass-charge>78.0</mass-charge>
    </ei-ms-peak>
    <ei-ms-peak>
      <ei-ms-id>660</ei-ms-id>
      <id>73189</id>
      <intensity>1729.0</intensity>
      <mass-charge>79.0</mass-charge>
    </ei-ms-peak>
    <ei-ms-peak>
      <ei-ms-id>660</ei-ms-id>
      <id>73190</id>
      <intensity>269.0</intensity>
      <mass-charge>80.0</mass-charge>
    </ei-ms-peak>
    <ei-ms-peak>
      <ei-ms-id>660</ei-ms-id>
      <id>73191</id>
      <intensity>1439.0</intensity>
      <mass-charge>81.0</mass-charge>
    </ei-ms-peak>
    <ei-ms-peak>
      <ei-ms-id>660</ei-ms-id>
      <id>73192</id>
      <intensity>179.0</intensity>
      <mass-charge>82.0</mass-charge>
    </ei-ms-peak>
    <ei-ms-peak>
      <ei-ms-id>660</ei-ms-id>
      <id>73193</id>
      <intensity>319.0</intensity>
      <mass-charge>83.0</mass-charge>
    </ei-ms-peak>
    <ei-ms-peak>
      <ei-ms-id>660</ei-ms-id>
      <id>73194</id>
      <intensity>50.0</intensity>
      <mass-charge>84.0</mass-charge>
    </ei-ms-peak>
    <ei-ms-peak>
      <ei-ms-id>660</ei-ms-id>
      <id>73195</id>
      <intensity>129.0</intensity>
      <mass-charge>85.0</mass-charge>
    </ei-ms-peak>
    <ei-ms-peak>
      <ei-ms-id>660</ei-ms-id>
      <id>73196</id>
      <intensity>179.0</intensity>
      <mass-charge>86.0</mass-charge>
    </ei-ms-peak>
    <ei-ms-peak>
      <ei-ms-id>660</ei-ms-id>
      <id>73197</id>
      <intensity>109.0</intensity>
      <mass-charge>87.0</mass-charge>
    </ei-ms-peak>
    <ei-ms-peak>
      <ei-ms-id>660</ei-ms-id>
      <id>73198</id>
      <intensity>40.0</intensity>
      <mass-charge>88.0</mass-charge>
    </ei-ms-peak>
    <ei-ms-peak>
      <ei-ms-id>660</ei-ms-id>
      <id>73199</id>
      <intensity>50.0</intensity>
      <mass-charge>89.0</mass-charge>
    </ei-ms-peak>
    <ei-ms-peak>
      <ei-ms-id>660</ei-ms-id>
      <id>73200</id>
      <intensity>30.0</intensity>
      <mass-charge>90.0</mass-charge>
    </ei-ms-peak>
    <ei-ms-peak>
      <ei-ms-id>660</ei-ms-id>
      <id>73201</id>
      <intensity>1949.0</intensity>
      <mass-charge>91.0</mass-charge>
    </ei-ms-peak>
    <ei-ms-peak>
      <ei-ms-id>660</ei-ms-id>
      <id>73202</id>
      <intensity>329.0</intensity>
      <mass-charge>92.0</mass-charge>
    </ei-ms-peak>
    <ei-ms-peak>
      <ei-ms-id>660</ei-ms-id>
      <id>73203</id>
      <intensity>1599.0</intensity>
      <mass-charge>93.0</mass-charge>
    </ei-ms-peak>
    <ei-ms-peak>
      <ei-ms-id>660</ei-ms-id>
      <id>73204</id>
      <intensity>349.0</intensity>
      <mass-charge>94.0</mass-charge>
    </ei-ms-peak>
    <ei-ms-peak>
      <ei-ms-id>660</ei-ms-id>
      <id>73205</id>
      <intensity>1819.0</intensity>
      <mass-charge>95.0</mass-charge>
    </ei-ms-peak>
    <ei-ms-peak>
      <ei-ms-id>660</ei-ms-id>
      <id>73206</id>
      <intensity>199.0</intensity>
      <mass-charge>96.0</mass-charge>
    </ei-ms-peak>
    <ei-ms-peak>
      <ei-ms-id>660</ei-ms-id>
      <id>73207</id>
      <intensity>379.0</intensity>
      <mass-charge>97.0</mass-charge>
    </ei-ms-peak>
    <ei-ms-peak>
      <ei-ms-id>660</ei-ms-id>
      <id>73208</id>
      <intensity>40.0</intensity>
      <mass-charge>98.0</mass-charge>
    </ei-ms-peak>
    <ei-ms-peak>
      <ei-ms-id>660</ei-ms-id>
      <id>73209</id>
      <intensity>70.0</intensity>
      <mass-charge>99.0</mass-charge>
    </ei-ms-peak>
    <ei-ms-peak>
      <ei-ms-id>660</ei-ms-id>
      <id>73210</id>
      <intensity>429.0</intensity>
      <mass-charge>100.0</mass-charge>
    </ei-ms-peak>
    <ei-ms-peak>
      <ei-ms-id>660</ei-ms-id>
      <id>73211</id>
      <intensity>109.0</intensity>
      <mass-charge>101.0</mass-charge>
    </ei-ms-peak>
    <ei-ms-peak>
      <ei-ms-id>660</ei-ms-id>
      <id>73212</id>
      <intensity>60.0</intensity>
      <mass-charge>102.0</mass-charge>
    </ei-ms-peak>
    <ei-ms-peak>
      <ei-ms-id>660</ei-ms-id>
      <id>73213</id>
      <intensity>169.0</intensity>
      <mass-charge>103.0</mass-charge>
    </ei-ms-peak>
    <ei-ms-peak>
      <ei-ms-id>660</ei-ms-id>
      <id>73214</id>
      <intensity>129.0</intensity>
      <mass-charge>104.0</mass-charge>
    </ei-ms-peak>
    <ei-ms-peak>
      <ei-ms-id>660</ei-ms-id>
      <id>73215</id>
      <intensity>1399.0</intensity>
      <mass-charge>105.0</mass-charge>
    </ei-ms-peak>
    <ei-ms-peak>
      <ei-ms-id>660</ei-ms-id>
      <id>73216</id>
      <intensity>249.0</intensity>
      <mass-charge>106.0</mass-charge>
    </ei-ms-peak>
    <ei-ms-peak>
      <ei-ms-id>660</ei-ms-id>
      <id>73217</id>
      <intensity>1369.0</intensity>
      <mass-charge>107.0</mass-charge>
    </ei-ms-peak>
    <ei-ms-peak>
      <ei-ms-id>660</ei-ms-id>
      <id>73218</id>
      <intensity>299.0</intensity>
      <mass-charge>108.0</mass-charge>
    </ei-ms-peak>
    <ei-ms-peak>
      <ei-ms-id>660</ei-ms-id>
      <id>73219</id>
      <intensity>819.0</intensity>
      <mass-charge>109.0</mass-charge>
    </ei-ms-peak>
    <ei-ms-peak>
      <ei-ms-id>660</ei-ms-id>
      <id>73220</id>
      <intensity>119.0</intensity>
      <mass-charge>110.0</mass-charge>
    </ei-ms-peak>
    <ei-ms-peak>
      <ei-ms-id>660</ei-ms-id>
      <id>73221</id>
      <intensity>209.0</intensity>
      <mass-charge>111.0</mass-charge>
    </ei-ms-peak>
    <ei-ms-peak>
      <ei-ms-id>660</ei-ms-id>
      <id>73222</id>
      <intensity>30.0</intensity>
      <mass-charge>112.0</mass-charge>
    </ei-ms-peak>
    <ei-ms-peak>
      <ei-ms-id>660</ei-ms-id>
      <id>73223</id>
      <intensity>40.0</intensity>
      <mass-charge>113.0</mass-charge>
    </ei-ms-peak>
    <ei-ms-peak>
      <ei-ms-id>660</ei-ms-id>
      <id>73224</id>
      <intensity>90.0</intensity>
      <mass-charge>114.0</mass-charge>
    </ei-ms-peak>
    <ei-ms-peak>
      <ei-ms-id>660</ei-ms-id>
      <id>73225</id>
      <intensity>329.0</intensity>
      <mass-charge>115.0</mass-charge>
    </ei-ms-peak>
    <ei-ms-peak>
      <ei-ms-id>660</ei-ms-id>
      <id>73226</id>
      <intensity>139.0</intensity>
      <mass-charge>116.0</mass-charge>
    </ei-ms-peak>
    <ei-ms-peak>
      <ei-ms-id>660</ei-ms-id>
      <id>73227</id>
      <intensity>499.0</intensity>
      <mass-charge>117.0</mass-charge>
    </ei-ms-peak>
    <ei-ms-peak>
      <ei-ms-id>660</ei-ms-id>
      <id>73228</id>
      <intensity>139.0</intensity>
      <mass-charge>118.0</mass-charge>
    </ei-ms-peak>
    <ei-ms-peak>
      <ei-ms-id>660</ei-ms-id>
      <id>73229</id>
      <intensity>769.0</intensity>
      <mass-charge>119.0</mass-charge>
    </ei-ms-peak>
    <ei-ms-peak>
      <ei-ms-id>660</ei-ms-id>
      <id>73230</id>
      <intensity>209.0</intensity>
      <mass-charge>120.0</mass-charge>
    </ei-ms-peak>
    <ei-ms-peak>
      <ei-ms-id>660</ei-ms-id>
      <id>73231</id>
      <intensity>1299.0</intensity>
      <mass-charge>121.0</mass-charge>
    </ei-ms-peak>
    <ei-ms-peak>
      <ei-ms-id>660</ei-ms-id>
      <id>73232</id>
      <intensity>399.0</intensity>
      <mass-charge>122.0</mass-charge>
    </ei-ms-peak>
    <ei-ms-peak>
      <ei-ms-id>660</ei-ms-id>
      <id>73233</id>
      <intensity>1289.0</intensity>
      <mass-charge>123.0</mass-charge>
    </ei-ms-peak>
    <ei-ms-peak>
      <ei-ms-id>660</ei-ms-id>
      <id>73234</id>
      <intensity>599.0</intensity>
      <mass-charge>124.0</mass-charge>
    </ei-ms-peak>
    <ei-ms-peak>
      <ei-ms-id>660</ei-ms-id>
      <id>73235</id>
      <intensity>149.0</intensity>
      <mass-charge>125.0</mass-charge>
    </ei-ms-peak>
    <ei-ms-peak>
      <ei-ms-id>660</ei-ms-id>
      <id>73236</id>
      <intensity>40.0</intensity>
      <mass-charge>126.0</mass-charge>
    </ei-ms-peak>
    <ei-ms-peak>
      <ei-ms-id>660</ei-ms-id>
      <id>73237</id>
      <intensity>99.0</intensity>
      <mass-charge>127.0</mass-charge>
    </ei-ms-peak>
    <ei-ms-peak>
      <ei-ms-id>660</ei-ms-id>
      <id>73238</id>
      <intensity>219.0</intensity>
      <mass-charge>128.0</mass-charge>
    </ei-ms-peak>
    <ei-ms-peak>
      <ei-ms-id>660</ei-ms-id>
      <id>73239</id>
      <intensity>329.0</intensity>
      <mass-charge>129.0</mass-charge>
    </ei-ms-peak>
    <ei-ms-peak>
      <ei-ms-id>660</ei-ms-id>
      <id>73240</id>
      <intensity>139.0</intensity>
      <mass-charge>130.0</mass-charge>
    </ei-ms-peak>
    <ei-ms-peak>
      <ei-ms-id>660</ei-ms-id>
      <id>73241</id>
      <intensity>649.0</intensity>
      <mass-charge>131.0</mass-charge>
    </ei-ms-peak>
    <ei-ms-peak>
      <ei-ms-id>660</ei-ms-id>
      <id>73242</id>
      <intensity>199.0</intensity>
      <mass-charge>132.0</mass-charge>
    </ei-ms-peak>
    <ei-ms-peak>
      <ei-ms-id>660</ei-ms-id>
      <id>73243</id>
      <intensity>1159.0</intensity>
      <mass-charge>133.0</mass-charge>
    </ei-ms-peak>
    <ei-ms-peak>
      <ei-ms-id>660</ei-ms-id>
      <id>73244</id>
      <intensity>339.0</intensity>
      <mass-charge>134.0</mass-charge>
    </ei-ms-peak>
    <ei-ms-peak>
      <ei-ms-id>660</ei-ms-id>
      <id>73245</id>
      <intensity>1299.0</intensity>
      <mass-charge>135.0</mass-charge>
    </ei-ms-peak>
    <ei-ms-peak>
      <ei-ms-id>660</ei-ms-id>
      <id>73246</id>
      <intensity>299.0</intensity>
      <mass-charge>136.0</mass-charge>
    </ei-ms-peak>
    <ei-ms-peak>
      <ei-ms-id>660</ei-ms-id>
      <id>73247</id>
      <intensity>539.0</intensity>
      <mass-charge>137.0</mass-charge>
    </ei-ms-peak>
    <ei-ms-peak>
      <ei-ms-id>660</ei-ms-id>
      <id>73248</id>
      <intensity>70.0</intensity>
      <mass-charge>138.0</mass-charge>
    </ei-ms-peak>
    <ei-ms-peak>
      <ei-ms-id>660</ei-ms-id>
      <id>73249</id>
      <intensity>99.0</intensity>
      <mass-charge>139.0</mass-charge>
    </ei-ms-peak>
    <ei-ms-peak>
      <ei-ms-id>660</ei-ms-id>
      <id>73250</id>
      <intensity>20.0</intensity>
      <mass-charge>140.0</mass-charge>
    </ei-ms-peak>
    <ei-ms-peak>
      <ei-ms-id>660</ei-ms-id>
      <id>73251</id>
      <intensity>149.0</intensity>
      <mass-charge>141.0</mass-charge>
    </ei-ms-peak>
    <ei-ms-peak>
      <ei-ms-id>660</ei-ms-id>
      <id>73252</id>
      <intensity>109.0</intensity>
      <mass-charge>142.0</mass-charge>
    </ei-ms-peak>
    <ei-ms-peak>
      <ei-ms-id>660</ei-ms-id>
      <id>73253</id>
      <intensity>379.0</intensity>
      <mass-charge>143.0</mass-charge>
    </ei-ms-peak>
    <ei-ms-peak>
      <ei-ms-id>660</ei-ms-id>
      <id>73254</id>
      <intensity>149.0</intensity>
      <mass-charge>144.0</mass-charge>
    </ei-ms-peak>
    <ei-ms-peak>
      <ei-ms-id>660</ei-ms-id>
      <id>73255</id>
      <intensity>1059.0</intensity>
      <mass-charge>145.0</mass-charge>
    </ei-ms-peak>
    <ei-ms-peak>
      <ei-ms-id>660</ei-ms-id>
      <id>73256</id>
      <intensity>239.0</intensity>
      <mass-charge>146.0</mass-charge>
    </ei-ms-peak>
    <ei-ms-peak>
      <ei-ms-id>660</ei-ms-id>
      <id>73257</id>
      <intensity>2989.0</intensity>
      <mass-charge>147.0</mass-charge>
    </ei-ms-peak>
    <ei-ms-peak>
      <ei-ms-id>660</ei-ms-id>
      <id>73258</id>
      <intensity>489.0</intensity>
      <mass-charge>148.0</mass-charge>
    </ei-ms-peak>
    <ei-ms-peak>
      <ei-ms-id>660</ei-ms-id>
      <id>73259</id>
      <intensity>1539.0</intensity>
      <mass-charge>149.0</mass-charge>
    </ei-ms-peak>
    <ei-ms-peak>
      <ei-ms-id>660</ei-ms-id>
      <id>73260</id>
      <intensity>249.0</intensity>
      <mass-charge>150.0</mass-charge>
    </ei-ms-peak>
    <ei-ms-peak>
      <ei-ms-id>660</ei-ms-id>
      <id>73261</id>
      <intensity>70.0</intensity>
      <mass-charge>151.0</mass-charge>
    </ei-ms-peak>
    <ei-ms-peak>
      <ei-ms-id>660</ei-ms-id>
      <id>73262</id>
      <intensity>60.0</intensity>
      <mass-charge>152.0</mass-charge>
    </ei-ms-peak>
    <ei-ms-peak>
      <ei-ms-id>660</ei-ms-id>
      <id>73263</id>
      <intensity>70.0</intensity>
      <mass-charge>153.0</mass-charge>
    </ei-ms-peak>
    <ei-ms-peak>
      <ei-ms-id>660</ei-ms-id>
      <id>73264</id>
      <intensity>40.0</intensity>
      <mass-charge>154.0</mass-charge>
    </ei-ms-peak>
    <ei-ms-peak>
      <ei-ms-id>660</ei-ms-id>
      <id>73265</id>
      <intensity>129.0</intensity>
      <mass-charge>155.0</mass-charge>
    </ei-ms-peak>
    <ei-ms-peak>
      <ei-ms-id>660</ei-ms-id>
      <id>73266</id>
      <intensity>90.0</intensity>
      <mass-charge>156.0</mass-charge>
    </ei-ms-peak>
    <ei-ms-peak>
      <ei-ms-id>660</ei-ms-id>
      <id>73267</id>
      <intensity>519.0</intensity>
      <mass-charge>157.0</mass-charge>
    </ei-ms-peak>
    <ei-ms-peak>
      <ei-ms-id>660</ei-ms-id>
      <id>73268</id>
      <intensity>139.0</intensity>
      <mass-charge>158.0</mass-charge>
    </ei-ms-peak>
    <ei-ms-peak>
      <ei-ms-id>660</ei-ms-id>
      <id>73269</id>
      <intensity>739.0</intensity>
      <mass-charge>159.0</mass-charge>
    </ei-ms-peak>
    <ei-ms-peak>
      <ei-ms-id>660</ei-ms-id>
      <id>73270</id>
      <intensity>199.0</intensity>
      <mass-charge>160.0</mass-charge>
    </ei-ms-peak>
    <ei-ms-peak>
      <ei-ms-id>660</ei-ms-id>
      <id>73271</id>
      <intensity>1339.0</intensity>
      <mass-charge>161.0</mass-charge>
    </ei-ms-peak>
    <ei-ms-peak>
      <ei-ms-id>660</ei-ms-id>
      <id>73272</id>
      <intensity>219.0</intensity>
      <mass-charge>162.0</mass-charge>
    </ei-ms-peak>
    <ei-ms-peak>
      <ei-ms-id>660</ei-ms-id>
      <id>73273</id>
      <intensity>569.0</intensity>
      <mass-charge>163.0</mass-charge>
    </ei-ms-peak>
    <ei-ms-peak>
      <ei-ms-id>660</ei-ms-id>
      <id>73274</id>
      <intensity>139.0</intensity>
      <mass-charge>164.0</mass-charge>
    </ei-ms-peak>
    <ei-ms-peak>
      <ei-ms-id>660</ei-ms-id>
      <id>73275</id>
      <intensity>629.0</intensity>
      <mass-charge>165.0</mass-charge>
    </ei-ms-peak>
    <ei-ms-peak>
      <ei-ms-id>660</ei-ms-id>
      <id>73276</id>
      <intensity>479.0</intensity>
      <mass-charge>166.0</mass-charge>
    </ei-ms-peak>
    <ei-ms-peak>
      <ei-ms-id>660</ei-ms-id>
      <id>73277</id>
      <intensity>99.0</intensity>
      <mass-charge>167.0</mass-charge>
    </ei-ms-peak>
    <ei-ms-peak>
      <ei-ms-id>660</ei-ms-id>
      <id>73278</id>
      <intensity>30.0</intensity>
      <mass-charge>168.0</mass-charge>
    </ei-ms-peak>
    <ei-ms-peak>
      <ei-ms-id>660</ei-ms-id>
      <id>73279</id>
      <intensity>119.0</intensity>
      <mass-charge>169.0</mass-charge>
    </ei-ms-peak>
    <ei-ms-peak>
      <ei-ms-id>660</ei-ms-id>
      <id>73280</id>
      <intensity>70.0</intensity>
      <mass-charge>170.0</mass-charge>
    </ei-ms-peak>
    <ei-ms-peak>
      <ei-ms-id>660</ei-ms-id>
      <id>73281</id>
      <intensity>459.0</intensity>
      <mass-charge>171.0</mass-charge>
    </ei-ms-peak>
    <ei-ms-peak>
      <ei-ms-id>660</ei-ms-id>
      <id>73282</id>
      <intensity>199.0</intensity>
      <mass-charge>172.0</mass-charge>
    </ei-ms-peak>
    <ei-ms-peak>
      <ei-ms-id>660</ei-ms-id>
      <id>73283</id>
      <intensity>469.0</intensity>
      <mass-charge>173.0</mass-charge>
    </ei-ms-peak>
    <ei-ms-peak>
      <ei-ms-id>660</ei-ms-id>
      <id>73284</id>
      <intensity>139.0</intensity>
      <mass-charge>174.0</mass-charge>
    </ei-ms-peak>
    <ei-ms-peak>
      <ei-ms-id>660</ei-ms-id>
      <id>73285</id>
      <intensity>659.0</intensity>
      <mass-charge>175.0</mass-charge>
    </ei-ms-peak>
    <ei-ms-peak>
      <ei-ms-id>660</ei-ms-id>
      <id>73286</id>
      <intensity>159.0</intensity>
      <mass-charge>176.0</mass-charge>
    </ei-ms-peak>
    <ei-ms-peak>
      <ei-ms-id>660</ei-ms-id>
      <id>73287</id>
      <intensity>209.0</intensity>
      <mass-charge>177.0</mass-charge>
    </ei-ms-peak>
    <ei-ms-peak>
      <ei-ms-id>660</ei-ms-id>
      <id>73288</id>
      <intensity>129.0</intensity>
      <mass-charge>178.0</mass-charge>
    </ei-ms-peak>
    <ei-ms-peak>
      <ei-ms-id>660</ei-ms-id>
      <id>73289</id>
      <intensity>60.0</intensity>
      <mass-charge>179.0</mass-charge>
    </ei-ms-peak>
    <ei-ms-peak>
      <ei-ms-id>660</ei-ms-id>
      <id>73290</id>
      <intensity>30.0</intensity>
      <mass-charge>180.0</mass-charge>
    </ei-ms-peak>
    <ei-ms-peak>
      <ei-ms-id>660</ei-ms-id>
      <id>73291</id>
      <intensity>60.0</intensity>
      <mass-charge>181.0</mass-charge>
    </ei-ms-peak>
    <ei-ms-peak>
      <ei-ms-id>660</ei-ms-id>
      <id>73292</id>
      <intensity>40.0</intensity>
      <mass-charge>182.0</mass-charge>
    </ei-ms-peak>
    <ei-ms-peak>
      <ei-ms-id>660</ei-ms-id>
      <id>73293</id>
      <intensity>169.0</intensity>
      <mass-charge>183.0</mass-charge>
    </ei-ms-peak>
    <ei-ms-peak>
      <ei-ms-id>660</ei-ms-id>
      <id>73294</id>
      <intensity>60.0</intensity>
      <mass-charge>184.0</mass-charge>
    </ei-ms-peak>
    <ei-ms-peak>
      <ei-ms-id>660</ei-ms-id>
      <id>73295</id>
      <intensity>219.0</intensity>
      <mass-charge>185.0</mass-charge>
    </ei-ms-peak>
    <ei-ms-peak>
      <ei-ms-id>660</ei-ms-id>
      <id>73296</id>
      <intensity>90.0</intensity>
      <mass-charge>186.0</mass-charge>
    </ei-ms-peak>
    <ei-ms-peak>
      <ei-ms-id>660</ei-ms-id>
      <id>73297</id>
      <intensity>359.0</intensity>
      <mass-charge>187.0</mass-charge>
    </ei-ms-peak>
    <ei-ms-peak>
      <ei-ms-id>660</ei-ms-id>
      <id>73298</id>
      <intensity>129.0</intensity>
      <mass-charge>188.0</mass-charge>
    </ei-ms-peak>
    <ei-ms-peak>
      <ei-ms-id>660</ei-ms-id>
      <id>73299</id>
      <intensity>239.0</intensity>
      <mass-charge>189.0</mass-charge>
    </ei-ms-peak>
    <ei-ms-peak>
      <ei-ms-id>660</ei-ms-id>
      <id>73300</id>
      <intensity>50.0</intensity>
      <mass-charge>190.0</mass-charge>
    </ei-ms-peak>
    <ei-ms-peak>
      <ei-ms-id>660</ei-ms-id>
      <id>73301</id>
      <intensity>80.0</intensity>
      <mass-charge>191.0</mass-charge>
    </ei-ms-peak>
    <ei-ms-peak>
      <ei-ms-id>660</ei-ms-id>
      <id>73302</id>
      <intensity>30.0</intensity>
      <mass-charge>192.0</mass-charge>
    </ei-ms-peak>
    <ei-ms-peak>
      <ei-ms-id>660</ei-ms-id>
      <id>73303</id>
      <intensity>40.0</intensity>
      <mass-charge>193.0</mass-charge>
    </ei-ms-peak>
    <ei-ms-peak>
      <ei-ms-id>660</ei-ms-id>
      <id>73304</id>
      <intensity>20.0</intensity>
      <mass-charge>194.0</mass-charge>
    </ei-ms-peak>
    <ei-ms-peak>
      <ei-ms-id>660</ei-ms-id>
      <id>73305</id>
      <intensity>50.0</intensity>
      <mass-charge>195.0</mass-charge>
    </ei-ms-peak>
    <ei-ms-peak>
      <ei-ms-id>660</ei-ms-id>
      <id>73306</id>
      <intensity>229.0</intensity>
      <mass-charge>196.0</mass-charge>
    </ei-ms-peak>
    <ei-ms-peak>
      <ei-ms-id>660</ei-ms-id>
      <id>73307</id>
      <intensity>319.0</intensity>
      <mass-charge>197.0</mass-charge>
    </ei-ms-peak>
    <ei-ms-peak>
      <ei-ms-id>660</ei-ms-id>
      <id>73308</id>
      <intensity>99.0</intensity>
      <mass-charge>198.0</mass-charge>
    </ei-ms-peak>
    <ei-ms-peak>
      <ei-ms-id>660</ei-ms-id>
      <id>73309</id>
      <intensity>129.0</intensity>
      <mass-charge>199.0</mass-charge>
    </ei-ms-peak>
    <ei-ms-peak>
      <ei-ms-id>660</ei-ms-id>
      <id>73310</id>
      <intensity>109.0</intensity>
      <mass-charge>200.0</mass-charge>
    </ei-ms-peak>
    <ei-ms-peak>
      <ei-ms-id>660</ei-ms-id>
      <id>73311</id>
      <intensity>209.0</intensity>
      <mass-charge>201.0</mass-charge>
    </ei-ms-peak>
    <ei-ms-peak>
      <ei-ms-id>660</ei-ms-id>
      <id>73312</id>
      <intensity>80.0</intensity>
      <mass-charge>202.0</mass-charge>
    </ei-ms-peak>
    <ei-ms-peak>
      <ei-ms-id>660</ei-ms-id>
      <id>73313</id>
      <intensity>60.0</intensity>
      <mass-charge>203.0</mass-charge>
    </ei-ms-peak>
    <ei-ms-peak>
      <ei-ms-id>660</ei-ms-id>
      <id>73314</id>
      <intensity>20.0</intensity>
      <mass-charge>204.0</mass-charge>
    </ei-ms-peak>
    <ei-ms-peak>
      <ei-ms-id>660</ei-ms-id>
      <id>73315</id>
      <intensity>30.0</intensity>
      <mass-charge>205.0</mass-charge>
    </ei-ms-peak>
    <ei-ms-peak>
      <ei-ms-id>660</ei-ms-id>
      <id>73316</id>
      <intensity>20.0</intensity>
      <mass-charge>206.0</mass-charge>
    </ei-ms-peak>
    <ei-ms-peak>
      <ei-ms-id>660</ei-ms-id>
      <id>73317</id>
      <intensity>40.0</intensity>
      <mass-charge>207.0</mass-charge>
    </ei-ms-peak>
    <ei-ms-peak>
      <ei-ms-id>660</ei-ms-id>
      <id>73318</id>
      <intensity>10.0</intensity>
      <mass-charge>208.0</mass-charge>
    </ei-ms-peak>
    <ei-ms-peak>
      <ei-ms-id>660</ei-ms-id>
      <id>73319</id>
      <intensity>50.0</intensity>
      <mass-charge>209.0</mass-charge>
    </ei-ms-peak>
    <ei-ms-peak>
      <ei-ms-id>660</ei-ms-id>
      <id>73320</id>
      <intensity>40.0</intensity>
      <mass-charge>210.0</mass-charge>
    </ei-ms-peak>
    <ei-ms-peak>
      <ei-ms-id>660</ei-ms-id>
      <id>73321</id>
      <intensity>189.0</intensity>
      <mass-charge>211.0</mass-charge>
    </ei-ms-peak>
    <ei-ms-peak>
      <ei-ms-id>660</ei-ms-id>
      <id>73322</id>
      <intensity>60.0</intensity>
      <mass-charge>212.0</mass-charge>
    </ei-ms-peak>
    <ei-ms-peak>
      <ei-ms-id>660</ei-ms-id>
      <id>73323</id>
      <intensity>239.0</intensity>
      <mass-charge>213.0</mass-charge>
    </ei-ms-peak>
    <ei-ms-peak>
      <ei-ms-id>660</ei-ms-id>
      <id>73324</id>
      <intensity>70.0</intensity>
      <mass-charge>214.0</mass-charge>
    </ei-ms-peak>
    <ei-ms-peak>
      <ei-ms-id>660</ei-ms-id>
      <id>73325</id>
      <intensity>309.0</intensity>
      <mass-charge>215.0</mass-charge>
    </ei-ms-peak>
    <ei-ms-peak>
      <ei-ms-id>660</ei-ms-id>
      <id>73326</id>
      <intensity>80.0</intensity>
      <mass-charge>216.0</mass-charge>
    </ei-ms-peak>
    <ei-ms-peak>
      <ei-ms-id>660</ei-ms-id>
      <id>73327</id>
      <intensity>40.0</intensity>
      <mass-charge>217.0</mass-charge>
    </ei-ms-peak>
    <ei-ms-peak>
      <ei-ms-id>660</ei-ms-id>
      <id>73328</id>
      <intensity>20.0</intensity>
      <mass-charge>218.0</mass-charge>
    </ei-ms-peak>
    <ei-ms-peak>
      <ei-ms-id>660</ei-ms-id>
      <id>73329</id>
      <intensity>20.0</intensity>
      <mass-charge>219.0</mass-charge>
    </ei-ms-peak>
    <ei-ms-peak>
      <ei-ms-id>660</ei-ms-id>
      <id>73330</id>
      <intensity>20.0</intensity>
      <mass-charge>220.0</mass-charge>
    </ei-ms-peak>
    <ei-ms-peak>
      <ei-ms-id>660</ei-ms-id>
      <id>73331</id>
      <intensity>30.0</intensity>
      <mass-charge>221.0</mass-charge>
    </ei-ms-peak>
    <ei-ms-peak>
      <ei-ms-id>660</ei-ms-id>
      <id>73332</id>
      <intensity>10.0</intensity>
      <mass-charge>222.0</mass-charge>
    </ei-ms-peak>
    <ei-ms-peak>
      <ei-ms-id>660</ei-ms-id>
      <id>73333</id>
      <intensity>40.0</intensity>
      <mass-charge>223.0</mass-charge>
    </ei-ms-peak>
    <ei-ms-peak>
      <ei-ms-id>660</ei-ms-id>
      <id>73334</id>
      <intensity>30.0</intensity>
      <mass-charge>224.0</mass-charge>
    </ei-ms-peak>
    <ei-ms-peak>
      <ei-ms-id>660</ei-ms-id>
      <id>73335</id>
      <intensity>189.0</intensity>
      <mass-charge>225.0</mass-charge>
    </ei-ms-peak>
    <ei-ms-peak>
      <ei-ms-id>660</ei-ms-id>
      <id>73336</id>
      <intensity>60.0</intensity>
      <mass-charge>226.0</mass-charge>
    </ei-ms-peak>
    <ei-ms-peak>
      <ei-ms-id>660</ei-ms-id>
      <id>73337</id>
      <intensity>379.0</intensity>
      <mass-charge>227.0</mass-charge>
    </ei-ms-peak>
    <ei-ms-peak>
      <ei-ms-id>660</ei-ms-id>
      <id>73338</id>
      <intensity>139.0</intensity>
      <mass-charge>228.0</mass-charge>
    </ei-ms-peak>
    <ei-ms-peak>
      <ei-ms-id>660</ei-ms-id>
      <id>73339</id>
      <intensity>769.0</intensity>
      <mass-charge>229.0</mass-charge>
    </ei-ms-peak>
    <ei-ms-peak>
      <ei-ms-id>660</ei-ms-id>
      <id>73340</id>
      <intensity>179.0</intensity>
      <mass-charge>230.0</mass-charge>
    </ei-ms-peak>
    <ei-ms-peak>
      <ei-ms-id>660</ei-ms-id>
      <id>73341</id>
      <intensity>70.0</intensity>
      <mass-charge>231.0</mass-charge>
    </ei-ms-peak>
    <ei-ms-peak>
      <ei-ms-id>660</ei-ms-id>
      <id>73342</id>
      <intensity>10.0</intensity>
      <mass-charge>232.0</mass-charge>
    </ei-ms-peak>
    <ei-ms-peak>
      <ei-ms-id>660</ei-ms-id>
      <id>73343</id>
      <intensity>30.0</intensity>
      <mass-charge>233.0</mass-charge>
    </ei-ms-peak>
    <ei-ms-peak>
      <ei-ms-id>660</ei-ms-id>
      <id>73344</id>
      <intensity>20.0</intensity>
      <mass-charge>234.0</mass-charge>
    </ei-ms-peak>
    <ei-ms-peak>
      <ei-ms-id>660</ei-ms-id>
      <id>73345</id>
      <intensity>40.0</intensity>
      <mass-charge>235.0</mass-charge>
    </ei-ms-peak>
    <ei-ms-peak>
      <ei-ms-id>660</ei-ms-id>
      <id>73346</id>
      <intensity>30.0</intensity>
      <mass-charge>236.0</mass-charge>
    </ei-ms-peak>
    <ei-ms-peak>
      <ei-ms-id>660</ei-ms-id>
      <id>73347</id>
      <intensity>60.0</intensity>
      <mass-charge>237.0</mass-charge>
    </ei-ms-peak>
    <ei-ms-peak>
      <ei-ms-id>660</ei-ms-id>
      <id>73348</id>
      <intensity>50.0</intensity>
      <mass-charge>238.0</mass-charge>
    </ei-ms-peak>
    <ei-ms-peak>
      <ei-ms-id>660</ei-ms-id>
      <id>73349</id>
      <intensity>80.0</intensity>
      <mass-charge>239.0</mass-charge>
    </ei-ms-peak>
    <ei-ms-peak>
      <ei-ms-id>660</ei-ms-id>
      <id>73350</id>
      <intensity>20.0</intensity>
      <mass-charge>240.0</mass-charge>
    </ei-ms-peak>
    <ei-ms-peak>
      <ei-ms-id>660</ei-ms-id>
      <id>73351</id>
      <intensity>80.0</intensity>
      <mass-charge>241.0</mass-charge>
    </ei-ms-peak>
    <ei-ms-peak>
      <ei-ms-id>660</ei-ms-id>
      <id>73352</id>
      <intensity>50.0</intensity>
      <mass-charge>242.0</mass-charge>
    </ei-ms-peak>
    <ei-ms-peak>
      <ei-ms-id>660</ei-ms-id>
      <id>73353</id>
      <intensity>319.0</intensity>
      <mass-charge>243.0</mass-charge>
    </ei-ms-peak>
    <ei-ms-peak>
      <ei-ms-id>660</ei-ms-id>
      <id>73354</id>
      <intensity>229.0</intensity>
      <mass-charge>244.0</mass-charge>
    </ei-ms-peak>
    <ei-ms-peak>
      <ei-ms-id>660</ei-ms-id>
      <id>73355</id>
      <intensity>99.0</intensity>
      <mass-charge>245.0</mass-charge>
    </ei-ms-peak>
    <ei-ms-peak>
      <ei-ms-id>660</ei-ms-id>
      <id>73356</id>
      <intensity>90.0</intensity>
      <mass-charge>246.0</mass-charge>
    </ei-ms-peak>
    <ei-ms-peak>
      <ei-ms-id>660</ei-ms-id>
      <id>73357</id>
      <intensity>40.0</intensity>
      <mass-charge>247.0</mass-charge>
    </ei-ms-peak>
    <ei-ms-peak>
      <ei-ms-id>660</ei-ms-id>
      <id>73358</id>
      <intensity>30.0</intensity>
      <mass-charge>248.0</mass-charge>
    </ei-ms-peak>
    <ei-ms-peak>
      <ei-ms-id>660</ei-ms-id>
      <id>73359</id>
      <intensity>40.0</intensity>
      <mass-charge>249.0</mass-charge>
    </ei-ms-peak>
    <ei-ms-peak>
      <ei-ms-id>660</ei-ms-id>
      <id>73360</id>
      <intensity>20.0</intensity>
      <mass-charge>250.0</mass-charge>
    </ei-ms-peak>
    <ei-ms-peak>
      <ei-ms-id>660</ei-ms-id>
      <id>73361</id>
      <intensity>60.0</intensity>
      <mass-charge>251.0</mass-charge>
    </ei-ms-peak>
    <ei-ms-peak>
      <ei-ms-id>660</ei-ms-id>
      <id>73362</id>
      <intensity>40.0</intensity>
      <mass-charge>252.0</mass-charge>
    </ei-ms-peak>
    <ei-ms-peak>
      <ei-ms-id>660</ei-ms-id>
      <id>73363</id>
      <intensity>3379.0</intensity>
      <mass-charge>253.0</mass-charge>
    </ei-ms-peak>
    <ei-ms-peak>
      <ei-ms-id>660</ei-ms-id>
      <id>73364</id>
      <intensity>709.0</intensity>
      <mass-charge>254.0</mass-charge>
    </ei-ms-peak>
    <ei-ms-peak>
      <ei-ms-id>660</ei-ms-id>
      <id>73365</id>
      <intensity>169.0</intensity>
      <mass-charge>255.0</mass-charge>
    </ei-ms-peak>
    <ei-ms-peak>
      <ei-ms-id>660</ei-ms-id>
      <id>73366</id>
      <intensity>70.0</intensity>
      <mass-charge>256.0</mass-charge>
    </ei-ms-peak>
    <ei-ms-peak>
      <ei-ms-id>660</ei-ms-id>
      <id>73367</id>
      <intensity>70.0</intensity>
      <mass-charge>257.0</mass-charge>
    </ei-ms-peak>
    <ei-ms-peak>
      <ei-ms-id>660</ei-ms-id>
      <id>73368</id>
      <intensity>70.0</intensity>
      <mass-charge>258.0</mass-charge>
    </ei-ms-peak>
    <ei-ms-peak>
      <ei-ms-id>660</ei-ms-id>
      <id>73369</id>
      <intensity>30.0</intensity>
      <mass-charge>259.0</mass-charge>
    </ei-ms-peak>
    <ei-ms-peak>
      <ei-ms-id>660</ei-ms-id>
      <id>73370</id>
      <intensity>30.0</intensity>
      <mass-charge>260.0</mass-charge>
    </ei-ms-peak>
    <ei-ms-peak>
      <ei-ms-id>660</ei-ms-id>
      <id>73371</id>
      <intensity>20.0</intensity>
      <mass-charge>261.0</mass-charge>
    </ei-ms-peak>
    <ei-ms-peak>
      <ei-ms-id>660</ei-ms-id>
      <id>73372</id>
      <intensity>20.0</intensity>
      <mass-charge>262.0</mass-charge>
    </ei-ms-peak>
    <ei-ms-peak>
      <ei-ms-id>660</ei-ms-id>
      <id>73373</id>
      <intensity>30.0</intensity>
      <mass-charge>263.0</mass-charge>
    </ei-ms-peak>
    <ei-ms-peak>
      <ei-ms-id>660</ei-ms-id>
      <id>73374</id>
      <intensity>20.0</intensity>
      <mass-charge>264.0</mass-charge>
    </ei-ms-peak>
    <ei-ms-peak>
      <ei-ms-id>660</ei-ms-id>
      <id>73375</id>
      <intensity>40.0</intensity>
      <mass-charge>265.0</mass-charge>
    </ei-ms-peak>
    <ei-ms-peak>
      <ei-ms-id>660</ei-ms-id>
      <id>73376</id>
      <intensity>40.0</intensity>
      <mass-charge>266.0</mass-charge>
    </ei-ms-peak>
    <ei-ms-peak>
      <ei-ms-id>660</ei-ms-id>
      <id>73377</id>
      <intensity>40.0</intensity>
      <mass-charge>267.0</mass-charge>
    </ei-ms-peak>
    <ei-ms-peak>
      <ei-ms-id>660</ei-ms-id>
      <id>73378</id>
      <intensity>60.0</intensity>
      <mass-charge>268.0</mass-charge>
    </ei-ms-peak>
    <ei-ms-peak>
      <ei-ms-id>660</ei-ms-id>
      <id>73379</id>
      <intensity>299.0</intensity>
      <mass-charge>269.0</mass-charge>
    </ei-ms-peak>
    <ei-ms-peak>
      <ei-ms-id>660</ei-ms-id>
      <id>73380</id>
      <intensity>219.0</intensity>
      <mass-charge>270.0</mass-charge>
    </ei-ms-peak>
    <ei-ms-peak>
      <ei-ms-id>660</ei-ms-id>
      <id>73381</id>
      <intensity>5259.0</intensity>
      <mass-charge>271.0</mass-charge>
    </ei-ms-peak>
    <ei-ms-peak>
      <ei-ms-id>660</ei-ms-id>
      <id>73382</id>
      <intensity>1119.0</intensity>
      <mass-charge>272.0</mass-charge>
    </ei-ms-peak>
    <ei-ms-peak>
      <ei-ms-id>660</ei-ms-id>
      <id>73383</id>
      <intensity>169.0</intensity>
      <mass-charge>273.0</mass-charge>
    </ei-ms-peak>
    <ei-ms-peak>
      <ei-ms-id>660</ei-ms-id>
      <id>73384</id>
      <intensity>60.0</intensity>
      <mass-charge>274.0</mass-charge>
    </ei-ms-peak>
    <ei-ms-peak>
      <ei-ms-id>660</ei-ms-id>
      <id>73385</id>
      <intensity>20.0</intensity>
      <mass-charge>275.0</mass-charge>
    </ei-ms-peak>
    <ei-ms-peak>
      <ei-ms-id>660</ei-ms-id>
      <id>73386</id>
      <intensity>30.0</intensity>
      <mass-charge>276.0</mass-charge>
    </ei-ms-peak>
    <ei-ms-peak>
      <ei-ms-id>660</ei-ms-id>
      <id>73387</id>
      <intensity>10.0</intensity>
      <mass-charge>277.0</mass-charge>
    </ei-ms-peak>
    <ei-ms-peak>
      <ei-ms-id>660</ei-ms-id>
      <id>73388</id>
      <intensity>20.0</intensity>
      <mass-charge>278.0</mass-charge>
    </ei-ms-peak>
    <ei-ms-peak>
      <ei-ms-id>660</ei-ms-id>
      <id>73389</id>
      <intensity>60.0</intensity>
      <mass-charge>279.0</mass-charge>
    </ei-ms-peak>
    <ei-ms-peak>
      <ei-ms-id>660</ei-ms-id>
      <id>73390</id>
      <intensity>20.0</intensity>
      <mass-charge>280.0</mass-charge>
    </ei-ms-peak>
    <ei-ms-peak>
      <ei-ms-id>660</ei-ms-id>
      <id>73391</id>
      <intensity>60.0</intensity>
      <mass-charge>281.0</mass-charge>
    </ei-ms-peak>
    <ei-ms-peak>
      <ei-ms-id>660</ei-ms-id>
      <id>73392</id>
      <intensity>30.0</intensity>
      <mass-charge>282.0</mass-charge>
    </ei-ms-peak>
    <ei-ms-peak>
      <ei-ms-id>660</ei-ms-id>
      <id>73393</id>
      <intensity>90.0</intensity>
      <mass-charge>283.0</mass-charge>
    </ei-ms-peak>
    <ei-ms-peak>
      <ei-ms-id>660</ei-ms-id>
      <id>73394</id>
      <intensity>40.0</intensity>
      <mass-charge>284.0</mass-charge>
    </ei-ms-peak>
    <ei-ms-peak>
      <ei-ms-id>660</ei-ms-id>
      <id>73395</id>
      <intensity>30.0</intensity>
      <mass-charge>285.0</mass-charge>
    </ei-ms-peak>
    <ei-ms-peak>
      <ei-ms-id>660</ei-ms-id>
      <id>73396</id>
      <intensity>20.0</intensity>
      <mass-charge>286.0</mass-charge>
    </ei-ms-peak>
    <ei-ms-peak>
      <ei-ms-id>660</ei-ms-id>
      <id>73397</id>
      <intensity>30.0</intensity>
      <mass-charge>287.0</mass-charge>
    </ei-ms-peak>
    <ei-ms-peak>
      <ei-ms-id>660</ei-ms-id>
      <id>73398</id>
      <intensity>40.0</intensity>
      <mass-charge>288.0</mass-charge>
    </ei-ms-peak>
    <ei-ms-peak>
      <ei-ms-id>660</ei-ms-id>
      <id>73399</id>
      <intensity>20.0</intensity>
      <mass-charge>289.0</mass-charge>
    </ei-ms-peak>
    <ei-ms-peak>
      <ei-ms-id>660</ei-ms-id>
      <id>73400</id>
      <intensity>10.0</intensity>
      <mass-charge>290.0</mass-charge>
    </ei-ms-peak>
    <ei-ms-peak>
      <ei-ms-id>660</ei-ms-id>
      <id>73401</id>
      <intensity>10.0</intensity>
      <mass-charge>291.0</mass-charge>
    </ei-ms-peak>
    <ei-ms-peak>
      <ei-ms-id>660</ei-ms-id>
      <id>73402</id>
      <intensity>10.0</intensity>
      <mass-charge>292.0</mass-charge>
    </ei-ms-peak>
    <ei-ms-peak>
      <ei-ms-id>660</ei-ms-id>
      <id>73403</id>
      <intensity>20.0</intensity>
      <mass-charge>293.0</mass-charge>
    </ei-ms-peak>
    <ei-ms-peak>
      <ei-ms-id>660</ei-ms-id>
      <id>73404</id>
      <intensity>30.0</intensity>
      <mass-charge>294.0</mass-charge>
    </ei-ms-peak>
    <ei-ms-peak>
      <ei-ms-id>660</ei-ms-id>
      <id>73405</id>
      <intensity>40.0</intensity>
      <mass-charge>295.0</mass-charge>
    </ei-ms-peak>
    <ei-ms-peak>
      <ei-ms-id>660</ei-ms-id>
      <id>73406</id>
      <intensity>30.0</intensity>
      <mass-charge>296.0</mass-charge>
    </ei-ms-peak>
    <ei-ms-peak>
      <ei-ms-id>660</ei-ms-id>
      <id>73407</id>
      <intensity>209.0</intensity>
      <mass-charge>297.0</mass-charge>
    </ei-ms-peak>
    <ei-ms-peak>
      <ei-ms-id>660</ei-ms-id>
      <id>73408</id>
      <intensity>70.0</intensity>
      <mass-charge>298.0</mass-charge>
    </ei-ms-peak>
    <ei-ms-peak>
      <ei-ms-id>660</ei-ms-id>
      <id>73409</id>
      <intensity>9999.0</intensity>
      <mass-charge>299.0</mass-charge>
    </ei-ms-peak>
    <ei-ms-peak>
      <ei-ms-id>660</ei-ms-id>
      <id>73410</id>
      <intensity>2199.0</intensity>
      <mass-charge>300.0</mass-charge>
    </ei-ms-peak>
    <ei-ms-peak>
      <ei-ms-id>660</ei-ms-id>
      <id>73411</id>
      <intensity>429.0</intensity>
      <mass-charge>301.0</mass-charge>
    </ei-ms-peak>
    <ei-ms-peak>
      <ei-ms-id>660</ei-ms-id>
      <id>73412</id>
      <intensity>70.0</intensity>
      <mass-charge>302.0</mass-charge>
    </ei-ms-peak>
    <ei-ms-peak>
      <ei-ms-id>660</ei-ms-id>
      <id>73413</id>
      <intensity>20.0</intensity>
      <mass-charge>303.0</mass-charge>
    </ei-ms-peak>
    <ei-ms-peak>
      <ei-ms-id>660</ei-ms-id>
      <id>73414</id>
      <intensity>10.0</intensity>
      <mass-charge>310.0</mass-charge>
    </ei-ms-peak>
    <ei-ms-peak>
      <ei-ms-id>660</ei-ms-id>
      <id>73415</id>
      <intensity>20.0</intensity>
      <mass-charge>311.0</mass-charge>
    </ei-ms-peak>
    <ei-ms-peak>
      <ei-ms-id>660</ei-ms-id>
      <id>73416</id>
      <intensity>169.0</intensity>
      <mass-charge>312.0</mass-charge>
    </ei-ms-peak>
    <ei-ms-peak>
      <ei-ms-id>660</ei-ms-id>
      <id>73417</id>
      <intensity>80.0</intensity>
      <mass-charge>313.0</mass-charge>
    </ei-ms-peak>
    <ei-ms-peak>
      <ei-ms-id>660</ei-ms-id>
      <id>73418</id>
      <intensity>80.0</intensity>
      <mass-charge>314.0</mass-charge>
    </ei-ms-peak>
    <ei-ms-peak>
      <ei-ms-id>660</ei-ms-id>
      <id>73419</id>
      <intensity>129.0</intensity>
      <mass-charge>315.0</mass-charge>
    </ei-ms-peak>
    <ei-ms-peak>
      <ei-ms-id>660</ei-ms-id>
      <id>73420</id>
      <intensity>40.0</intensity>
      <mass-charge>316.0</mass-charge>
    </ei-ms-peak>
    <ei-ms-peak>
      <ei-ms-id>660</ei-ms-id>
      <id>73421</id>
      <intensity>20.0</intensity>
      <mass-charge>317.0</mass-charge>
    </ei-ms-peak>
    <ei-ms-peak>
      <ei-ms-id>660</ei-ms-id>
      <id>73422</id>
      <intensity>10.0</intensity>
      <mass-charge>326.0</mass-charge>
    </ei-ms-peak>
    <ei-ms-peak>
      <ei-ms-id>660</ei-ms-id>
      <id>73423</id>
      <intensity>70.0</intensity>
      <mass-charge>328.0</mass-charge>
    </ei-ms-peak>
    <ei-ms-peak>
      <ei-ms-id>660</ei-ms-id>
      <id>73424</id>
      <intensity>60.0</intensity>
      <mass-charge>329.0</mass-charge>
    </ei-ms-peak>
    <ei-ms-peak>
      <ei-ms-id>660</ei-ms-id>
      <id>73425</id>
      <intensity>529.0</intensity>
      <mass-charge>330.0</mass-charge>
    </ei-ms-peak>
    <ei-ms-peak>
      <ei-ms-id>660</ei-ms-id>
      <id>73426</id>
      <intensity>129.0</intensity>
      <mass-charge>331.0</mass-charge>
    </ei-ms-peak>
    <ei-ms-peak>
      <ei-ms-id>660</ei-ms-id>
      <id>73427</id>
      <intensity>20.0</intensity>
      <mass-charge>332.0</mass-charge>
    </ei-ms-peak>
  </ei-ms-peaks>
</ei-ms>
