<?xml version="1.0" encoding="UTF-8"?>
<ei-ms>
  <collection-date nil="true"/>
  <created-at>2014-09-20T16:41:21Z</created-at>
  <database-id>HMDB14457</database-id>
  <id>989</id>
  <inchi-key>WEXRUCMBJFQVBZ-UHFFFAOYSA-N</inchi-key>
  <instrument-type nil="true"/>
  <molecule-id nil="true"/>
  <notes nil="true"/>
  <peak-counter>106</peak-counter>
  <sample-assessment nil="true"/>
  <sample-concentration nil="true"/>
  <sample-concentration-units nil="true"/>
  <sample-mass nil="true"/>
  <sample-mass-units nil="true"/>
  <sample-source nil="true"/>
  <solvent nil="true"/>
  <spectra-assessment nil="true"/>
  <updated-at>2014-09-20T16:41:21Z</updated-at>
  <references>
    <reference>
      <database>NIST</database>
      <database-id>76-74-4</database-id>
      <id>15861</id>
      <pubmed-id nil="true"/>
      <ref-text>NIST Mass Spec Data Center, S.E. Stein, director, "Mass Spectra" in NIST Chemistry WebBook, NIST Standard Reference Database Number 69, Eds. P.J. Linstrom and W.G. Mallard, National Institute of Standards and Technology, Gaithersburg MD, 20899, http://webbook.nist.gov, (retrieved September 6, 2014).</ref-text>
      <spectra-id>989</spectra-id>
      <spectra-type>EiMs</spectra-type>
    </reference>
  </references>
  <ei-ms-peaks>
    <ei-ms-peak>
      <ei-ms-id>989</ei-ms-id>
      <id>107472</id>
      <intensity>10.0</intensity>
      <mass-charge>15.0</mass-charge>
    </ei-ms-peak>
    <ei-ms-peak>
      <ei-ms-id>989</ei-ms-id>
      <id>107473</id>
      <intensity>40.0</intensity>
      <mass-charge>26.0</mass-charge>
    </ei-ms-peak>
    <ei-ms-peak>
      <ei-ms-id>989</ei-ms-id>
      <id>107474</id>
      <intensity>530.0</intensity>
      <mass-charge>27.0</mass-charge>
    </ei-ms-peak>
    <ei-ms-peak>
      <ei-ms-id>989</ei-ms-id>
      <id>107475</id>
      <intensity>140.0</intensity>
      <mass-charge>28.0</mass-charge>
    </ei-ms-peak>
    <ei-ms-peak>
      <ei-ms-id>989</ei-ms-id>
      <id>107476</id>
      <intensity>701.0</intensity>
      <mass-charge>29.0</mass-charge>
    </ei-ms-peak>
    <ei-ms-peak>
      <ei-ms-id>989</ei-ms-id>
      <id>107477</id>
      <intensity>40.0</intensity>
      <mass-charge>30.0</mass-charge>
    </ei-ms-peak>
    <ei-ms-peak>
      <ei-ms-id>989</ei-ms-id>
      <id>107478</id>
      <intensity>10.0</intensity>
      <mass-charge>31.0</mass-charge>
    </ei-ms-peak>
    <ei-ms-peak>
      <ei-ms-id>989</ei-ms-id>
      <id>107479</id>
      <intensity>10.0</intensity>
      <mass-charge>37.0</mass-charge>
    </ei-ms-peak>
    <ei-ms-peak>
      <ei-ms-id>989</ei-ms-id>
      <id>107480</id>
      <intensity>40.0</intensity>
      <mass-charge>38.0</mass-charge>
    </ei-ms-peak>
    <ei-ms-peak>
      <ei-ms-id>989</ei-ms-id>
      <id>107481</id>
      <intensity>851.0</intensity>
      <mass-charge>39.0</mass-charge>
    </ei-ms-peak>
    <ei-ms-peak>
      <ei-ms-id>989</ei-ms-id>
      <id>107482</id>
      <intensity>210.0</intensity>
      <mass-charge>40.0</mass-charge>
    </ei-ms-peak>
    <ei-ms-peak>
      <ei-ms-id>989</ei-ms-id>
      <id>107483</id>
      <intensity>2492.0</intensity>
      <mass-charge>41.0</mass-charge>
    </ei-ms-peak>
    <ei-ms-peak>
      <ei-ms-id>989</ei-ms-id>
      <id>107484</id>
      <intensity>520.0</intensity>
      <mass-charge>42.0</mass-charge>
    </ei-ms-peak>
    <ei-ms-peak>
      <ei-ms-id>989</ei-ms-id>
      <id>107485</id>
      <intensity>2973.0</intensity>
      <mass-charge>43.0</mass-charge>
    </ei-ms-peak>
    <ei-ms-peak>
      <ei-ms-id>989</ei-ms-id>
      <id>107486</id>
      <intensity>520.0</intensity>
      <mass-charge>44.0</mass-charge>
    </ei-ms-peak>
    <ei-ms-peak>
      <ei-ms-id>989</ei-ms-id>
      <id>107487</id>
      <intensity>40.0</intensity>
      <mass-charge>45.0</mass-charge>
    </ei-ms-peak>
    <ei-ms-peak>
      <ei-ms-id>989</ei-ms-id>
      <id>107488</id>
      <intensity>10.0</intensity>
      <mass-charge>46.0</mass-charge>
    </ei-ms-peak>
    <ei-ms-peak>
      <ei-ms-id>989</ei-ms-id>
      <id>107489</id>
      <intensity>20.0</intensity>
      <mass-charge>50.0</mass-charge>
    </ei-ms-peak>
    <ei-ms-peak>
      <ei-ms-id>989</ei-ms-id>
      <id>107490</id>
      <intensity>90.0</intensity>
      <mass-charge>51.0</mass-charge>
    </ei-ms-peak>
    <ei-ms-peak>
      <ei-ms-id>989</ei-ms-id>
      <id>107491</id>
      <intensity>110.0</intensity>
      <mass-charge>52.0</mass-charge>
    </ei-ms-peak>
    <ei-ms-peak>
      <ei-ms-id>989</ei-ms-id>
      <id>107492</id>
      <intensity>561.0</intensity>
      <mass-charge>53.0</mass-charge>
    </ei-ms-peak>
    <ei-ms-peak>
      <ei-ms-id>989</ei-ms-id>
      <id>107493</id>
      <intensity>270.0</intensity>
      <mass-charge>54.0</mass-charge>
    </ei-ms-peak>
    <ei-ms-peak>
      <ei-ms-id>989</ei-ms-id>
      <id>107494</id>
      <intensity>1461.0</intensity>
      <mass-charge>55.0</mass-charge>
    </ei-ms-peak>
    <ei-ms-peak>
      <ei-ms-id>989</ei-ms-id>
      <id>107495</id>
      <intensity>210.0</intensity>
      <mass-charge>56.0</mass-charge>
    </ei-ms-peak>
    <ei-ms-peak>
      <ei-ms-id>989</ei-ms-id>
      <id>107496</id>
      <intensity>90.0</intensity>
      <mass-charge>57.0</mass-charge>
    </ei-ms-peak>
    <ei-ms-peak>
      <ei-ms-id>989</ei-ms-id>
      <id>107497</id>
      <intensity>50.0</intensity>
      <mass-charge>58.0</mass-charge>
    </ei-ms-peak>
    <ei-ms-peak>
      <ei-ms-id>989</ei-ms-id>
      <id>107498</id>
      <intensity>10.0</intensity>
      <mass-charge>59.0</mass-charge>
    </ei-ms-peak>
    <ei-ms-peak>
      <ei-ms-id>989</ei-ms-id>
      <id>107499</id>
      <intensity>10.0</intensity>
      <mass-charge>61.0</mass-charge>
    </ei-ms-peak>
    <ei-ms-peak>
      <ei-ms-id>989</ei-ms-id>
      <id>107500</id>
      <intensity>10.0</intensity>
      <mass-charge>62.0</mass-charge>
    </ei-ms-peak>
    <ei-ms-peak>
      <ei-ms-id>989</ei-ms-id>
      <id>107501</id>
      <intensity>20.0</intensity>
      <mass-charge>63.0</mass-charge>
    </ei-ms-peak>
    <ei-ms-peak>
      <ei-ms-id>989</ei-ms-id>
      <id>107502</id>
      <intensity>10.0</intensity>
      <mass-charge>64.0</mass-charge>
    </ei-ms-peak>
    <ei-ms-peak>
      <ei-ms-id>989</ei-ms-id>
      <id>107503</id>
      <intensity>120.0</intensity>
      <mass-charge>65.0</mass-charge>
    </ei-ms-peak>
    <ei-ms-peak>
      <ei-ms-id>989</ei-ms-id>
      <id>107504</id>
      <intensity>120.0</intensity>
      <mass-charge>66.0</mass-charge>
    </ei-ms-peak>
    <ei-ms-peak>
      <ei-ms-id>989</ei-ms-id>
      <id>107505</id>
      <intensity>440.0</intensity>
      <mass-charge>67.0</mass-charge>
    </ei-ms-peak>
    <ei-ms-peak>
      <ei-ms-id>989</ei-ms-id>
      <id>107506</id>
      <intensity>220.0</intensity>
      <mass-charge>68.0</mass-charge>
    </ei-ms-peak>
    <ei-ms-peak>
      <ei-ms-id>989</ei-ms-id>
      <id>107507</id>
      <intensity>971.0</intensity>
      <mass-charge>69.0</mass-charge>
    </ei-ms-peak>
    <ei-ms-peak>
      <ei-ms-id>989</ei-ms-id>
      <id>107508</id>
      <intensity>561.0</intensity>
      <mass-charge>70.0</mass-charge>
    </ei-ms-peak>
    <ei-ms-peak>
      <ei-ms-id>989</ei-ms-id>
      <id>107509</id>
      <intensity>661.0</intensity>
      <mass-charge>71.0</mass-charge>
    </ei-ms-peak>
    <ei-ms-peak>
      <ei-ms-id>989</ei-ms-id>
      <id>107510</id>
      <intensity>50.0</intensity>
      <mass-charge>72.0</mass-charge>
    </ei-ms-peak>
    <ei-ms-peak>
      <ei-ms-id>989</ei-ms-id>
      <id>107511</id>
      <intensity>20.0</intensity>
      <mass-charge>73.0</mass-charge>
    </ei-ms-peak>
    <ei-ms-peak>
      <ei-ms-id>989</ei-ms-id>
      <id>107512</id>
      <intensity>80.0</intensity>
      <mass-charge>77.0</mass-charge>
    </ei-ms-peak>
    <ei-ms-peak>
      <ei-ms-id>989</ei-ms-id>
      <id>107513</id>
      <intensity>20.0</intensity>
      <mass-charge>78.0</mass-charge>
    </ei-ms-peak>
    <ei-ms-peak>
      <ei-ms-id>989</ei-ms-id>
      <id>107514</id>
      <intensity>90.0</intensity>
      <mass-charge>79.0</mass-charge>
    </ei-ms-peak>
    <ei-ms-peak>
      <ei-ms-id>989</ei-ms-id>
      <id>107515</id>
      <intensity>200.0</intensity>
      <mass-charge>80.0</mass-charge>
    </ei-ms-peak>
    <ei-ms-peak>
      <ei-ms-id>989</ei-ms-id>
      <id>107516</id>
      <intensity>130.0</intensity>
      <mass-charge>81.0</mass-charge>
    </ei-ms-peak>
    <ei-ms-peak>
      <ei-ms-id>989</ei-ms-id>
      <id>107517</id>
      <intensity>90.0</intensity>
      <mass-charge>82.0</mass-charge>
    </ei-ms-peak>
    <ei-ms-peak>
      <ei-ms-id>989</ei-ms-id>
      <id>107518</id>
      <intensity>220.0</intensity>
      <mass-charge>83.0</mass-charge>
    </ei-ms-peak>
    <ei-ms-peak>
      <ei-ms-id>989</ei-ms-id>
      <id>107519</id>
      <intensity>100.0</intensity>
      <mass-charge>84.0</mass-charge>
    </ei-ms-peak>
    <ei-ms-peak>
      <ei-ms-id>989</ei-ms-id>
      <id>107520</id>
      <intensity>280.0</intensity>
      <mass-charge>85.0</mass-charge>
    </ei-ms-peak>
    <ei-ms-peak>
      <ei-ms-id>989</ei-ms-id>
      <id>107521</id>
      <intensity>50.0</intensity>
      <mass-charge>86.0</mass-charge>
    </ei-ms-peak>
    <ei-ms-peak>
      <ei-ms-id>989</ei-ms-id>
      <id>107522</id>
      <intensity>30.0</intensity>
      <mass-charge>87.0</mass-charge>
    </ei-ms-peak>
    <ei-ms-peak>
      <ei-ms-id>989</ei-ms-id>
      <id>107523</id>
      <intensity>30.0</intensity>
      <mass-charge>91.0</mass-charge>
    </ei-ms-peak>
    <ei-ms-peak>
      <ei-ms-id>989</ei-ms-id>
      <id>107524</id>
      <intensity>10.0</intensity>
      <mass-charge>92.0</mass-charge>
    </ei-ms-peak>
    <ei-ms-peak>
      <ei-ms-id>989</ei-ms-id>
      <id>107525</id>
      <intensity>30.0</intensity>
      <mass-charge>93.0</mass-charge>
    </ei-ms-peak>
    <ei-ms-peak>
      <ei-ms-id>989</ei-ms-id>
      <id>107526</id>
      <intensity>180.0</intensity>
      <mass-charge>94.0</mass-charge>
    </ei-ms-peak>
    <ei-ms-peak>
      <ei-ms-id>989</ei-ms-id>
      <id>107527</id>
      <intensity>140.0</intensity>
      <mass-charge>95.0</mass-charge>
    </ei-ms-peak>
    <ei-ms-peak>
      <ei-ms-id>989</ei-ms-id>
      <id>107528</id>
      <intensity>150.0</intensity>
      <mass-charge>96.0</mass-charge>
    </ei-ms-peak>
    <ei-ms-peak>
      <ei-ms-id>989</ei-ms-id>
      <id>107529</id>
      <intensity>480.0</intensity>
      <mass-charge>97.0</mass-charge>
    </ei-ms-peak>
    <ei-ms-peak>
      <ei-ms-id>989</ei-ms-id>
      <id>107530</id>
      <intensity>1001.0</intensity>
      <mass-charge>98.0</mass-charge>
    </ei-ms-peak>
    <ei-ms-peak>
      <ei-ms-id>989</ei-ms-id>
      <id>107531</id>
      <intensity>50.0</intensity>
      <mass-charge>99.0</mass-charge>
    </ei-ms-peak>
    <ei-ms-peak>
      <ei-ms-id>989</ei-ms-id>
      <id>107532</id>
      <intensity>10.0</intensity>
      <mass-charge>100.0</mass-charge>
    </ei-ms-peak>
    <ei-ms-peak>
      <ei-ms-id>989</ei-ms-id>
      <id>107533</id>
      <intensity>10.0</intensity>
      <mass-charge>106.0</mass-charge>
    </ei-ms-peak>
    <ei-ms-peak>
      <ei-ms-id>989</ei-ms-id>
      <id>107534</id>
      <intensity>10.0</intensity>
      <mass-charge>107.0</mass-charge>
    </ei-ms-peak>
    <ei-ms-peak>
      <ei-ms-id>989</ei-ms-id>
      <id>107535</id>
      <intensity>20.0</intensity>
      <mass-charge>108.0</mass-charge>
    </ei-ms-peak>
    <ei-ms-peak>
      <ei-ms-id>989</ei-ms-id>
      <id>107536</id>
      <intensity>90.0</intensity>
      <mass-charge>109.0</mass-charge>
    </ei-ms-peak>
    <ei-ms-peak>
      <ei-ms-id>989</ei-ms-id>
      <id>107537</id>
      <intensity>80.0</intensity>
      <mass-charge>110.0</mass-charge>
    </ei-ms-peak>
    <ei-ms-peak>
      <ei-ms-id>989</ei-ms-id>
      <id>107538</id>
      <intensity>50.0</intensity>
      <mass-charge>111.0</mass-charge>
    </ei-ms-peak>
    <ei-ms-peak>
      <ei-ms-id>989</ei-ms-id>
      <id>107539</id>
      <intensity>550.0</intensity>
      <mass-charge>112.0</mass-charge>
    </ei-ms-peak>
    <ei-ms-peak>
      <ei-ms-id>989</ei-ms-id>
      <id>107540</id>
      <intensity>170.0</intensity>
      <mass-charge>113.0</mass-charge>
    </ei-ms-peak>
    <ei-ms-peak>
      <ei-ms-id>989</ei-ms-id>
      <id>107541</id>
      <intensity>110.0</intensity>
      <mass-charge>114.0</mass-charge>
    </ei-ms-peak>
    <ei-ms-peak>
      <ei-ms-id>989</ei-ms-id>
      <id>107542</id>
      <intensity>10.0</intensity>
      <mass-charge>115.0</mass-charge>
    </ei-ms-peak>
    <ei-ms-peak>
      <ei-ms-id>989</ei-ms-id>
      <id>107543</id>
      <intensity>10.0</intensity>
      <mass-charge>120.0</mass-charge>
    </ei-ms-peak>
    <ei-ms-peak>
      <ei-ms-id>989</ei-ms-id>
      <id>107544</id>
      <intensity>10.0</intensity>
      <mass-charge>121.0</mass-charge>
    </ei-ms-peak>
    <ei-ms-peak>
      <ei-ms-id>989</ei-ms-id>
      <id>107545</id>
      <intensity>30.0</intensity>
      <mass-charge>122.0</mass-charge>
    </ei-ms-peak>
    <ei-ms-peak>
      <ei-ms-id>989</ei-ms-id>
      <id>107546</id>
      <intensity>40.0</intensity>
      <mass-charge>123.0</mass-charge>
    </ei-ms-peak>
    <ei-ms-peak>
      <ei-ms-id>989</ei-ms-id>
      <id>107547</id>
      <intensity>50.0</intensity>
      <mass-charge>124.0</mass-charge>
    </ei-ms-peak>
    <ei-ms-peak>
      <ei-ms-id>989</ei-ms-id>
      <id>107548</id>
      <intensity>20.0</intensity>
      <mass-charge>125.0</mass-charge>
    </ei-ms-peak>
    <ei-ms-peak>
      <ei-ms-id>989</ei-ms-id>
      <id>107549</id>
      <intensity>60.0</intensity>
      <mass-charge>126.0</mass-charge>
    </ei-ms-peak>
    <ei-ms-peak>
      <ei-ms-id>989</ei-ms-id>
      <id>107550</id>
      <intensity>30.0</intensity>
      <mass-charge>127.0</mass-charge>
    </ei-ms-peak>
    <ei-ms-peak>
      <ei-ms-id>989</ei-ms-id>
      <id>107551</id>
      <intensity>60.0</intensity>
      <mass-charge>128.0</mass-charge>
    </ei-ms-peak>
    <ei-ms-peak>
      <ei-ms-id>989</ei-ms-id>
      <id>107552</id>
      <intensity>50.0</intensity>
      <mass-charge>129.0</mass-charge>
    </ei-ms-peak>
    <ei-ms-peak>
      <ei-ms-id>989</ei-ms-id>
      <id>107553</id>
      <intensity>10.0</intensity>
      <mass-charge>135.0</mass-charge>
    </ei-ms-peak>
    <ei-ms-peak>
      <ei-ms-id>989</ei-ms-id>
      <id>107554</id>
      <intensity>10.0</intensity>
      <mass-charge>136.0</mass-charge>
    </ei-ms-peak>
    <ei-ms-peak>
      <ei-ms-id>989</ei-ms-id>
      <id>107555</id>
      <intensity>30.0</intensity>
      <mass-charge>137.0</mass-charge>
    </ei-ms-peak>
    <ei-ms-peak>
      <ei-ms-id>989</ei-ms-id>
      <id>107556</id>
      <intensity>40.0</intensity>
      <mass-charge>138.0</mass-charge>
    </ei-ms-peak>
    <ei-ms-peak>
      <ei-ms-id>989</ei-ms-id>
      <id>107557</id>
      <intensity>50.0</intensity>
      <mass-charge>139.0</mass-charge>
    </ei-ms-peak>
    <ei-ms-peak>
      <ei-ms-id>989</ei-ms-id>
      <id>107558</id>
      <intensity>8898.0</intensity>
      <mass-charge>141.0</mass-charge>
    </ei-ms-peak>
    <ei-ms-peak>
      <ei-ms-id>989</ei-ms-id>
      <id>107559</id>
      <intensity>561.0</intensity>
      <mass-charge>142.0</mass-charge>
    </ei-ms-peak>
    <ei-ms-peak>
      <ei-ms-id>989</ei-ms-id>
      <id>107560</id>
      <intensity>70.0</intensity>
      <mass-charge>143.0</mass-charge>
    </ei-ms-peak>
    <ei-ms-peak>
      <ei-ms-id>989</ei-ms-id>
      <id>107561</id>
      <intensity>10.0</intensity>
      <mass-charge>152.0</mass-charge>
    </ei-ms-peak>
    <ei-ms-peak>
      <ei-ms-id>989</ei-ms-id>
      <id>107562</id>
      <intensity>30.0</intensity>
      <mass-charge>153.0</mass-charge>
    </ei-ms-peak>
    <ei-ms-peak>
      <ei-ms-id>989</ei-ms-id>
      <id>107563</id>
      <intensity>50.0</intensity>
      <mass-charge>154.0</mass-charge>
    </ei-ms-peak>
    <ei-ms-peak>
      <ei-ms-id>989</ei-ms-id>
      <id>107564</id>
      <intensity>1031.0</intensity>
      <mass-charge>155.0</mass-charge>
    </ei-ms-peak>
    <ei-ms-peak>
      <ei-ms-id>989</ei-ms-id>
      <id>107565</id>
      <intensity>9999.0</intensity>
      <mass-charge>156.0</mass-charge>
    </ei-ms-peak>
    <ei-ms-peak>
      <ei-ms-id>989</ei-ms-id>
      <id>107566</id>
      <intensity>2102.0</intensity>
      <mass-charge>157.0</mass-charge>
    </ei-ms-peak>
    <ei-ms-peak>
      <ei-ms-id>989</ei-ms-id>
      <id>107567</id>
      <intensity>180.0</intensity>
      <mass-charge>158.0</mass-charge>
    </ei-ms-peak>
    <ei-ms-peak>
      <ei-ms-id>989</ei-ms-id>
      <id>107568</id>
      <intensity>20.0</intensity>
      <mass-charge>159.0</mass-charge>
    </ei-ms-peak>
    <ei-ms-peak>
      <ei-ms-id>989</ei-ms-id>
      <id>107569</id>
      <intensity>20.0</intensity>
      <mass-charge>167.0</mass-charge>
    </ei-ms-peak>
    <ei-ms-peak>
      <ei-ms-id>989</ei-ms-id>
      <id>107570</id>
      <intensity>10.0</intensity>
      <mass-charge>168.0</mass-charge>
    </ei-ms-peak>
    <ei-ms-peak>
      <ei-ms-id>989</ei-ms-id>
      <id>107571</id>
      <intensity>30.0</intensity>
      <mass-charge>169.0</mass-charge>
    </ei-ms-peak>
    <ei-ms-peak>
      <ei-ms-id>989</ei-ms-id>
      <id>107572</id>
      <intensity>20.0</intensity>
      <mass-charge>181.0</mass-charge>
    </ei-ms-peak>
    <ei-ms-peak>
      <ei-ms-id>989</ei-ms-id>
      <id>107573</id>
      <intensity>30.0</intensity>
      <mass-charge>183.0</mass-charge>
    </ei-ms-peak>
    <ei-ms-peak>
      <ei-ms-id>989</ei-ms-id>
      <id>107574</id>
      <intensity>10.0</intensity>
      <mass-charge>195.0</mass-charge>
    </ei-ms-peak>
    <ei-ms-peak>
      <ei-ms-id>989</ei-ms-id>
      <id>107575</id>
      <intensity>470.0</intensity>
      <mass-charge>197.0</mass-charge>
    </ei-ms-peak>
    <ei-ms-peak>
      <ei-ms-id>989</ei-ms-id>
      <id>107576</id>
      <intensity>70.0</intensity>
      <mass-charge>198.0</mass-charge>
    </ei-ms-peak>
    <ei-ms-peak>
      <ei-ms-id>989</ei-ms-id>
      <id>107577</id>
      <intensity>10.0</intensity>
      <mass-charge>199.0</mass-charge>
    </ei-ms-peak>
  </ei-ms-peaks>
</ei-ms>
