<?xml version="1.0" encoding="UTF-8"?>
<ei-ms>
  <collection-date nil="true"/>
  <created-at>2014-09-20T16:31:27Z</created-at>
  <database-id>HMDB14956</database-id>
  <id>574</id>
  <inchi-key>OLBCVFGFOZPWHH-UHFFFAOYSA-N</inchi-key>
  <instrument-type nil="true"/>
  <molecule-id nil="true"/>
  <notes nil="true"/>
  <peak-counter>106</peak-counter>
  <sample-assessment nil="true"/>
  <sample-concentration nil="true"/>
  <sample-concentration-units nil="true"/>
  <sample-mass nil="true"/>
  <sample-mass-units nil="true"/>
  <sample-source nil="true"/>
  <solvent nil="true"/>
  <spectra-assessment nil="true"/>
  <updated-at>2014-09-20T16:31:27Z</updated-at>
  <references>
    <reference>
      <database>NIST</database>
      <database-id>2078-54-8</database-id>
      <id>15446</id>
      <pubmed-id nil="true"/>
      <ref-text>NIST Mass Spec Data Center, S.E. Stein, director, "Mass Spectra" in NIST Chemistry WebBook, NIST Standard Reference Database Number 69, Eds. P.J. Linstrom and W.G. Mallard, National Institute of Standards and Technology, Gaithersburg MD, 20899, http://webbook.nist.gov, (retrieved September 6, 2014).</ref-text>
      <spectra-id>574</spectra-id>
      <spectra-type>EiMs</spectra-type>
    </reference>
  </references>
  <ei-ms-peaks>
    <ei-ms-peak>
      <ei-ms-id>574</ei-ms-id>
      <id>64485</id>
      <intensity>50.0</intensity>
      <mass-charge>15.0</mass-charge>
    </ei-ms-peak>
    <ei-ms-peak>
      <ei-ms-id>574</ei-ms-id>
      <id>64486</id>
      <intensity>10.0</intensity>
      <mass-charge>17.0</mass-charge>
    </ei-ms-peak>
    <ei-ms-peak>
      <ei-ms-id>574</ei-ms-id>
      <id>64487</id>
      <intensity>30.0</intensity>
      <mass-charge>18.0</mass-charge>
    </ei-ms-peak>
    <ei-ms-peak>
      <ei-ms-id>574</ei-ms-id>
      <id>64488</id>
      <intensity>10.0</intensity>
      <mass-charge>26.0</mass-charge>
    </ei-ms-peak>
    <ei-ms-peak>
      <ei-ms-id>574</ei-ms-id>
      <id>64489</id>
      <intensity>339.0</intensity>
      <mass-charge>27.0</mass-charge>
    </ei-ms-peak>
    <ei-ms-peak>
      <ei-ms-id>574</ei-ms-id>
      <id>64490</id>
      <intensity>30.0</intensity>
      <mass-charge>28.0</mass-charge>
    </ei-ms-peak>
    <ei-ms-peak>
      <ei-ms-id>574</ei-ms-id>
      <id>64491</id>
      <intensity>80.0</intensity>
      <mass-charge>29.0</mass-charge>
    </ei-ms-peak>
    <ei-ms-peak>
      <ei-ms-id>574</ei-ms-id>
      <id>64492</id>
      <intensity>30.0</intensity>
      <mass-charge>38.0</mass-charge>
    </ei-ms-peak>
    <ei-ms-peak>
      <ei-ms-id>574</ei-ms-id>
      <id>64493</id>
      <intensity>419.0</intensity>
      <mass-charge>39.0</mass-charge>
    </ei-ms-peak>
    <ei-ms-peak>
      <ei-ms-id>574</ei-ms-id>
      <id>64494</id>
      <intensity>60.0</intensity>
      <mass-charge>40.0</mass-charge>
    </ei-ms-peak>
    <ei-ms-peak>
      <ei-ms-id>574</ei-ms-id>
      <id>64495</id>
      <intensity>709.0</intensity>
      <mass-charge>41.0</mass-charge>
    </ei-ms-peak>
    <ei-ms-peak>
      <ei-ms-id>574</ei-ms-id>
      <id>64496</id>
      <intensity>30.0</intensity>
      <mass-charge>42.0</mass-charge>
    </ei-ms-peak>
    <ei-ms-peak>
      <ei-ms-id>574</ei-ms-id>
      <id>64497</id>
      <intensity>679.0</intensity>
      <mass-charge>43.0</mass-charge>
    </ei-ms-peak>
    <ei-ms-peak>
      <ei-ms-id>574</ei-ms-id>
      <id>64498</id>
      <intensity>20.0</intensity>
      <mass-charge>44.0</mass-charge>
    </ei-ms-peak>
    <ei-ms-peak>
      <ei-ms-id>574</ei-ms-id>
      <id>64499</id>
      <intensity>10.0</intensity>
      <mass-charge>45.0</mass-charge>
    </ei-ms-peak>
    <ei-ms-peak>
      <ei-ms-id>574</ei-ms-id>
      <id>64500</id>
      <intensity>70.0</intensity>
      <mass-charge>50.0</mass-charge>
    </ei-ms-peak>
    <ei-ms-peak>
      <ei-ms-id>574</ei-ms-id>
      <id>64501</id>
      <intensity>279.0</intensity>
      <mass-charge>51.0</mass-charge>
    </ei-ms-peak>
    <ei-ms-peak>
      <ei-ms-id>574</ei-ms-id>
      <id>64502</id>
      <intensity>99.0</intensity>
      <mass-charge>52.0</mass-charge>
    </ei-ms-peak>
    <ei-ms-peak>
      <ei-ms-id>574</ei-ms-id>
      <id>64503</id>
      <intensity>179.0</intensity>
      <mass-charge>53.0</mass-charge>
    </ei-ms-peak>
    <ei-ms-peak>
      <ei-ms-id>574</ei-ms-id>
      <id>64504</id>
      <intensity>10.0</intensity>
      <mass-charge>54.0</mass-charge>
    </ei-ms-peak>
    <ei-ms-peak>
      <ei-ms-id>574</ei-ms-id>
      <id>64505</id>
      <intensity>70.0</intensity>
      <mass-charge>55.0</mass-charge>
    </ei-ms-peak>
    <ei-ms-peak>
      <ei-ms-id>574</ei-ms-id>
      <id>64506</id>
      <intensity>50.0</intensity>
      <mass-charge>57.0</mass-charge>
    </ei-ms-peak>
    <ei-ms-peak>
      <ei-ms-id>574</ei-ms-id>
      <id>64507</id>
      <intensity>90.0</intensity>
      <mass-charge>58.0</mass-charge>
    </ei-ms-peak>
    <ei-ms-peak>
      <ei-ms-id>574</ei-ms-id>
      <id>64508</id>
      <intensity>90.0</intensity>
      <mass-charge>59.0</mass-charge>
    </ei-ms-peak>
    <ei-ms-peak>
      <ei-ms-id>574</ei-ms-id>
      <id>64509</id>
      <intensity>30.0</intensity>
      <mass-charge>60.0</mass-charge>
    </ei-ms-peak>
    <ei-ms-peak>
      <ei-ms-id>574</ei-ms-id>
      <id>64510</id>
      <intensity>40.0</intensity>
      <mass-charge>62.0</mass-charge>
    </ei-ms-peak>
    <ei-ms-peak>
      <ei-ms-id>574</ei-ms-id>
      <id>64511</id>
      <intensity>169.0</intensity>
      <mass-charge>63.0</mass-charge>
    </ei-ms-peak>
    <ei-ms-peak>
      <ei-ms-id>574</ei-ms-id>
      <id>64512</id>
      <intensity>90.0</intensity>
      <mass-charge>64.0</mass-charge>
    </ei-ms-peak>
    <ei-ms-peak>
      <ei-ms-id>574</ei-ms-id>
      <id>64513</id>
      <intensity>289.0</intensity>
      <mass-charge>65.0</mass-charge>
    </ei-ms-peak>
    <ei-ms-peak>
      <ei-ms-id>574</ei-ms-id>
      <id>64514</id>
      <intensity>70.0</intensity>
      <mass-charge>66.0</mass-charge>
    </ei-ms-peak>
    <ei-ms-peak>
      <ei-ms-id>574</ei-ms-id>
      <id>64515</id>
      <intensity>129.0</intensity>
      <mass-charge>67.0</mass-charge>
    </ei-ms-peak>
    <ei-ms-peak>
      <ei-ms-id>574</ei-ms-id>
      <id>64516</id>
      <intensity>10.0</intensity>
      <mass-charge>68.0</mass-charge>
    </ei-ms-peak>
    <ei-ms-peak>
      <ei-ms-id>574</ei-ms-id>
      <id>64517</id>
      <intensity>20.0</intensity>
      <mass-charge>69.0</mass-charge>
    </ei-ms-peak>
    <ei-ms-peak>
      <ei-ms-id>574</ei-ms-id>
      <id>64518</id>
      <intensity>10.0</intensity>
      <mass-charge>70.0</mass-charge>
    </ei-ms-peak>
    <ei-ms-peak>
      <ei-ms-id>574</ei-ms-id>
      <id>64519</id>
      <intensity>10.0</intensity>
      <mass-charge>71.0</mass-charge>
    </ei-ms-peak>
    <ei-ms-peak>
      <ei-ms-id>574</ei-ms-id>
      <id>64520</id>
      <intensity>20.0</intensity>
      <mass-charge>72.0</mass-charge>
    </ei-ms-peak>
    <ei-ms-peak>
      <ei-ms-id>574</ei-ms-id>
      <id>64521</id>
      <intensity>129.0</intensity>
      <mass-charge>73.0</mass-charge>
    </ei-ms-peak>
    <ei-ms-peak>
      <ei-ms-id>574</ei-ms-id>
      <id>64522</id>
      <intensity>449.0</intensity>
      <mass-charge>74.0</mass-charge>
    </ei-ms-peak>
    <ei-ms-peak>
      <ei-ms-id>574</ei-ms-id>
      <id>64523</id>
      <intensity>50.0</intensity>
      <mass-charge>75.0</mass-charge>
    </ei-ms-peak>
    <ei-ms-peak>
      <ei-ms-id>574</ei-ms-id>
      <id>64524</id>
      <intensity>40.0</intensity>
      <mass-charge>76.0</mass-charge>
    </ei-ms-peak>
    <ei-ms-peak>
      <ei-ms-id>574</ei-ms-id>
      <id>64525</id>
      <intensity>569.0</intensity>
      <mass-charge>77.0</mass-charge>
    </ei-ms-peak>
    <ei-ms-peak>
      <ei-ms-id>574</ei-ms-id>
      <id>64526</id>
      <intensity>129.0</intensity>
      <mass-charge>78.0</mass-charge>
    </ei-ms-peak>
    <ei-ms-peak>
      <ei-ms-id>574</ei-ms-id>
      <id>64527</id>
      <intensity>209.0</intensity>
      <mass-charge>79.0</mass-charge>
    </ei-ms-peak>
    <ei-ms-peak>
      <ei-ms-id>574</ei-ms-id>
      <id>64528</id>
      <intensity>20.0</intensity>
      <mass-charge>80.0</mass-charge>
    </ei-ms-peak>
    <ei-ms-peak>
      <ei-ms-id>574</ei-ms-id>
      <id>64529</id>
      <intensity>50.0</intensity>
      <mass-charge>81.0</mass-charge>
    </ei-ms-peak>
    <ei-ms-peak>
      <ei-ms-id>574</ei-ms-id>
      <id>64530</id>
      <intensity>10.0</intensity>
      <mass-charge>83.0</mass-charge>
    </ei-ms-peak>
    <ei-ms-peak>
      <ei-ms-id>574</ei-ms-id>
      <id>64531</id>
      <intensity>20.0</intensity>
      <mass-charge>87.0</mass-charge>
    </ei-ms-peak>
    <ei-ms-peak>
      <ei-ms-id>574</ei-ms-id>
      <id>64532</id>
      <intensity>80.0</intensity>
      <mass-charge>89.0</mass-charge>
    </ei-ms-peak>
    <ei-ms-peak>
      <ei-ms-id>574</ei-ms-id>
      <id>64533</id>
      <intensity>30.0</intensity>
      <mass-charge>90.0</mass-charge>
    </ei-ms-peak>
    <ei-ms-peak>
      <ei-ms-id>574</ei-ms-id>
      <id>64534</id>
      <intensity>1039.0</intensity>
      <mass-charge>91.0</mass-charge>
    </ei-ms-peak>
    <ei-ms-peak>
      <ei-ms-id>574</ei-ms-id>
      <id>64535</id>
      <intensity>99.0</intensity>
      <mass-charge>92.0</mass-charge>
    </ei-ms-peak>
    <ei-ms-peak>
      <ei-ms-id>574</ei-ms-id>
      <id>64536</id>
      <intensity>119.0</intensity>
      <mass-charge>93.0</mass-charge>
    </ei-ms-peak>
    <ei-ms-peak>
      <ei-ms-id>574</ei-ms-id>
      <id>64537</id>
      <intensity>50.0</intensity>
      <mass-charge>94.0</mass-charge>
    </ei-ms-peak>
    <ei-ms-peak>
      <ei-ms-id>574</ei-ms-id>
      <id>64538</id>
      <intensity>70.0</intensity>
      <mass-charge>95.0</mass-charge>
    </ei-ms-peak>
    <ei-ms-peak>
      <ei-ms-id>574</ei-ms-id>
      <id>64539</id>
      <intensity>10.0</intensity>
      <mass-charge>96.0</mass-charge>
    </ei-ms-peak>
    <ei-ms-peak>
      <ei-ms-id>574</ei-ms-id>
      <id>64540</id>
      <intensity>20.0</intensity>
      <mass-charge>101.0</mass-charge>
    </ei-ms-peak>
    <ei-ms-peak>
      <ei-ms-id>574</ei-ms-id>
      <id>64541</id>
      <intensity>80.0</intensity>
      <mass-charge>102.0</mass-charge>
    </ei-ms-peak>
    <ei-ms-peak>
      <ei-ms-id>574</ei-ms-id>
      <id>64542</id>
      <intensity>409.0</intensity>
      <mass-charge>103.0</mass-charge>
    </ei-ms-peak>
    <ei-ms-peak>
      <ei-ms-id>574</ei-ms-id>
      <id>64543</id>
      <intensity>90.0</intensity>
      <mass-charge>104.0</mass-charge>
    </ei-ms-peak>
    <ei-ms-peak>
      <ei-ms-id>574</ei-ms-id>
      <id>64544</id>
      <intensity>379.0</intensity>
      <mass-charge>105.0</mass-charge>
    </ei-ms-peak>
    <ei-ms-peak>
      <ei-ms-id>574</ei-ms-id>
      <id>64545</id>
      <intensity>40.0</intensity>
      <mass-charge>106.0</mass-charge>
    </ei-ms-peak>
    <ei-ms-peak>
      <ei-ms-id>574</ei-ms-id>
      <id>64546</id>
      <intensity>559.0</intensity>
      <mass-charge>107.0</mass-charge>
    </ei-ms-peak>
    <ei-ms-peak>
      <ei-ms-id>574</ei-ms-id>
      <id>64547</id>
      <intensity>50.0</intensity>
      <mass-charge>108.0</mass-charge>
    </ei-ms-peak>
    <ei-ms-peak>
      <ei-ms-id>574</ei-ms-id>
      <id>64548</id>
      <intensity>10.0</intensity>
      <mass-charge>109.0</mass-charge>
    </ei-ms-peak>
    <ei-ms-peak>
      <ei-ms-id>574</ei-ms-id>
      <id>64549</id>
      <intensity>449.0</intensity>
      <mass-charge>115.0</mass-charge>
    </ei-ms-peak>
    <ei-ms-peak>
      <ei-ms-id>574</ei-ms-id>
      <id>64550</id>
      <intensity>129.0</intensity>
      <mass-charge>116.0</mass-charge>
    </ei-ms-peak>
    <ei-ms-peak>
      <ei-ms-id>574</ei-ms-id>
      <id>64551</id>
      <intensity>1649.0</intensity>
      <mass-charge>117.0</mass-charge>
    </ei-ms-peak>
    <ei-ms-peak>
      <ei-ms-id>574</ei-ms-id>
      <id>64552</id>
      <intensity>169.0</intensity>
      <mass-charge>118.0</mass-charge>
    </ei-ms-peak>
    <ei-ms-peak>
      <ei-ms-id>574</ei-ms-id>
      <id>64553</id>
      <intensity>139.0</intensity>
      <mass-charge>119.0</mass-charge>
    </ei-ms-peak>
    <ei-ms-peak>
      <ei-ms-id>574</ei-ms-id>
      <id>64554</id>
      <intensity>50.0</intensity>
      <mass-charge>120.0</mass-charge>
    </ei-ms-peak>
    <ei-ms-peak>
      <ei-ms-id>574</ei-ms-id>
      <id>64555</id>
      <intensity>1499.0</intensity>
      <mass-charge>121.0</mass-charge>
    </ei-ms-peak>
    <ei-ms-peak>
      <ei-ms-id>574</ei-ms-id>
      <id>64556</id>
      <intensity>139.0</intensity>
      <mass-charge>122.0</mass-charge>
    </ei-ms-peak>
    <ei-ms-peak>
      <ei-ms-id>574</ei-ms-id>
      <id>64557</id>
      <intensity>30.0</intensity>
      <mass-charge>123.0</mass-charge>
    </ei-ms-peak>
    <ei-ms-peak>
      <ei-ms-id>574</ei-ms-id>
      <id>64558</id>
      <intensity>10.0</intensity>
      <mass-charge>126.0</mass-charge>
    </ei-ms-peak>
    <ei-ms-peak>
      <ei-ms-id>574</ei-ms-id>
      <id>64559</id>
      <intensity>109.0</intensity>
      <mass-charge>127.0</mass-charge>
    </ei-ms-peak>
    <ei-ms-peak>
      <ei-ms-id>574</ei-ms-id>
      <id>64560</id>
      <intensity>329.0</intensity>
      <mass-charge>128.0</mass-charge>
    </ei-ms-peak>
    <ei-ms-peak>
      <ei-ms-id>574</ei-ms-id>
      <id>64561</id>
      <intensity>209.0</intensity>
      <mass-charge>129.0</mass-charge>
    </ei-ms-peak>
    <ei-ms-peak>
      <ei-ms-id>574</ei-ms-id>
      <id>64562</id>
      <intensity>229.0</intensity>
      <mass-charge>130.0</mass-charge>
    </ei-ms-peak>
    <ei-ms-peak>
      <ei-ms-id>574</ei-ms-id>
      <id>64563</id>
      <intensity>109.0</intensity>
      <mass-charge>131.0</mass-charge>
    </ei-ms-peak>
    <ei-ms-peak>
      <ei-ms-id>574</ei-ms-id>
      <id>64564</id>
      <intensity>30.0</intensity>
      <mass-charge>132.0</mass-charge>
    </ei-ms-peak>
    <ei-ms-peak>
      <ei-ms-id>574</ei-ms-id>
      <id>64565</id>
      <intensity>189.0</intensity>
      <mass-charge>133.0</mass-charge>
    </ei-ms-peak>
    <ei-ms-peak>
      <ei-ms-id>574</ei-ms-id>
      <id>64566</id>
      <intensity>60.0</intensity>
      <mass-charge>134.0</mass-charge>
    </ei-ms-peak>
    <ei-ms-peak>
      <ei-ms-id>574</ei-ms-id>
      <id>64567</id>
      <intensity>609.0</intensity>
      <mass-charge>135.0</mass-charge>
    </ei-ms-peak>
    <ei-ms-peak>
      <ei-ms-id>574</ei-ms-id>
      <id>64568</id>
      <intensity>259.0</intensity>
      <mass-charge>136.0</mass-charge>
    </ei-ms-peak>
    <ei-ms-peak>
      <ei-ms-id>574</ei-ms-id>
      <id>64569</id>
      <intensity>30.0</intensity>
      <mass-charge>137.0</mass-charge>
    </ei-ms-peak>
    <ei-ms-peak>
      <ei-ms-id>574</ei-ms-id>
      <id>64570</id>
      <intensity>40.0</intensity>
      <mass-charge>141.0</mass-charge>
    </ei-ms-peak>
    <ei-ms-peak>
      <ei-ms-id>574</ei-ms-id>
      <id>64571</id>
      <intensity>20.0</intensity>
      <mass-charge>142.0</mass-charge>
    </ei-ms-peak>
    <ei-ms-peak>
      <ei-ms-id>574</ei-ms-id>
      <id>64572</id>
      <intensity>50.0</intensity>
      <mass-charge>143.0</mass-charge>
    </ei-ms-peak>
    <ei-ms-peak>
      <ei-ms-id>574</ei-ms-id>
      <id>64573</id>
      <intensity>20.0</intensity>
      <mass-charge>144.0</mass-charge>
    </ei-ms-peak>
    <ei-ms-peak>
      <ei-ms-id>574</ei-ms-id>
      <id>64574</id>
      <intensity>109.0</intensity>
      <mass-charge>145.0</mass-charge>
    </ei-ms-peak>
    <ei-ms-peak>
      <ei-ms-id>574</ei-ms-id>
      <id>64575</id>
      <intensity>30.0</intensity>
      <mass-charge>146.0</mass-charge>
    </ei-ms-peak>
    <ei-ms-peak>
      <ei-ms-id>574</ei-ms-id>
      <id>64576</id>
      <intensity>339.0</intensity>
      <mass-charge>147.0</mass-charge>
    </ei-ms-peak>
    <ei-ms-peak>
      <ei-ms-id>574</ei-ms-id>
      <id>64577</id>
      <intensity>80.0</intensity>
      <mass-charge>148.0</mass-charge>
    </ei-ms-peak>
    <ei-ms-peak>
      <ei-ms-id>574</ei-ms-id>
      <id>64578</id>
      <intensity>129.0</intensity>
      <mass-charge>149.0</mass-charge>
    </ei-ms-peak>
    <ei-ms-peak>
      <ei-ms-id>574</ei-ms-id>
      <id>64579</id>
      <intensity>10.0</intensity>
      <mass-charge>150.0</mass-charge>
    </ei-ms-peak>
    <ei-ms-peak>
      <ei-ms-id>574</ei-ms-id>
      <id>64580</id>
      <intensity>20.0</intensity>
      <mass-charge>159.0</mass-charge>
    </ei-ms-peak>
    <ei-ms-peak>
      <ei-ms-id>574</ei-ms-id>
      <id>64581</id>
      <intensity>129.0</intensity>
      <mass-charge>161.0</mass-charge>
    </ei-ms-peak>
    <ei-ms-peak>
      <ei-ms-id>574</ei-ms-id>
      <id>64582</id>
      <intensity>50.0</intensity>
      <mass-charge>162.0</mass-charge>
    </ei-ms-peak>
    <ei-ms-peak>
      <ei-ms-id>574</ei-ms-id>
      <id>64583</id>
      <intensity>9999.0</intensity>
      <mass-charge>163.0</mass-charge>
    </ei-ms-peak>
    <ei-ms-peak>
      <ei-ms-id>574</ei-ms-id>
      <id>64584</id>
      <intensity>1209.0</intensity>
      <mass-charge>164.0</mass-charge>
    </ei-ms-peak>
    <ei-ms-peak>
      <ei-ms-id>574</ei-ms-id>
      <id>64585</id>
      <intensity>90.0</intensity>
      <mass-charge>165.0</mass-charge>
    </ei-ms-peak>
    <ei-ms-peak>
      <ei-ms-id>574</ei-ms-id>
      <id>64586</id>
      <intensity>20.0</intensity>
      <mass-charge>176.0</mass-charge>
    </ei-ms-peak>
    <ei-ms-peak>
      <ei-ms-id>574</ei-ms-id>
      <id>64587</id>
      <intensity>50.0</intensity>
      <mass-charge>177.0</mass-charge>
    </ei-ms-peak>
    <ei-ms-peak>
      <ei-ms-id>574</ei-ms-id>
      <id>64588</id>
      <intensity>2939.0</intensity>
      <mass-charge>178.0</mass-charge>
    </ei-ms-peak>
    <ei-ms-peak>
      <ei-ms-id>574</ei-ms-id>
      <id>64589</id>
      <intensity>399.0</intensity>
      <mass-charge>179.0</mass-charge>
    </ei-ms-peak>
    <ei-ms-peak>
      <ei-ms-id>574</ei-ms-id>
      <id>64590</id>
      <intensity>30.0</intensity>
      <mass-charge>180.0</mass-charge>
    </ei-ms-peak>
  </ei-ms-peaks>
</ei-ms>
