<?xml version="1.0" encoding="UTF-8"?>
<ei-ms>
  <collection-date nil="true"/>
  <created-at>2014-09-20T16:19:53Z</created-at>
  <database-id>HMDB02356</database-id>
  <id>107</id>
  <inchi-key>XMHIUKTWLZUKEX-UHFFFAOYSA-N</inchi-key>
  <instrument-type nil="true"/>
  <molecule-id nil="true"/>
  <notes nil="true"/>
  <peak-counter>308</peak-counter>
  <sample-assessment nil="true"/>
  <sample-concentration nil="true"/>
  <sample-concentration-units nil="true"/>
  <sample-mass nil="true"/>
  <sample-mass-units nil="true"/>
  <sample-source nil="true"/>
  <solvent nil="true"/>
  <spectra-assessment nil="true"/>
  <updated-at>2014-09-20T16:19:53Z</updated-at>
  <references>
    <reference>
      <database>NIST</database>
      <database-id>506-46-7</database-id>
      <id>14979</id>
      <pubmed-id nil="true"/>
      <ref-text>NIST Mass Spec Data Center, S.E. Stein, director, "Mass Spectra" in NIST Chemistry WebBook, NIST Standard Reference Database Number 69, Eds. P.J. Linstrom and W.G. Mallard, National Institute of Standards and Technology, Gaithersburg MD, 20899, http://webbook.nist.gov, (retrieved September 6, 2014).</ref-text>
      <spectra-id>107</spectra-id>
      <spectra-type>EiMs</spectra-type>
    </reference>
  </references>
  <ei-ms-peaks>
    <ei-ms-peak>
      <ei-ms-id>107</ei-ms-id>
      <id>11750</id>
      <intensity>20.0</intensity>
      <mass-charge>15.0</mass-charge>
    </ei-ms-peak>
    <ei-ms-peak>
      <ei-ms-id>107</ei-ms-id>
      <id>11751</id>
      <intensity>20.0</intensity>
      <mass-charge>16.0</mass-charge>
    </ei-ms-peak>
    <ei-ms-peak>
      <ei-ms-id>107</ei-ms-id>
      <id>11752</id>
      <intensity>30.0</intensity>
      <mass-charge>17.0</mass-charge>
    </ei-ms-peak>
    <ei-ms-peak>
      <ei-ms-id>107</ei-ms-id>
      <id>11753</id>
      <intensity>99.0</intensity>
      <mass-charge>18.0</mass-charge>
    </ei-ms-peak>
    <ei-ms-peak>
      <ei-ms-id>107</ei-ms-id>
      <id>11754</id>
      <intensity>40.0</intensity>
      <mass-charge>26.0</mass-charge>
    </ei-ms-peak>
    <ei-ms-peak>
      <ei-ms-id>107</ei-ms-id>
      <id>11755</id>
      <intensity>799.0</intensity>
      <mass-charge>27.0</mass-charge>
    </ei-ms-peak>
    <ei-ms-peak>
      <ei-ms-id>107</ei-ms-id>
      <id>11756</id>
      <intensity>249.0</intensity>
      <mass-charge>28.0</mass-charge>
    </ei-ms-peak>
    <ei-ms-peak>
      <ei-ms-id>107</ei-ms-id>
      <id>11757</id>
      <intensity>2329.0</intensity>
      <mass-charge>29.0</mass-charge>
    </ei-ms-peak>
    <ei-ms-peak>
      <ei-ms-id>107</ei-ms-id>
      <id>11758</id>
      <intensity>80.0</intensity>
      <mass-charge>30.0</mass-charge>
    </ei-ms-peak>
    <ei-ms-peak>
      <ei-ms-id>107</ei-ms-id>
      <id>11759</id>
      <intensity>70.0</intensity>
      <mass-charge>31.0</mass-charge>
    </ei-ms-peak>
    <ei-ms-peak>
      <ei-ms-id>107</ei-ms-id>
      <id>11760</id>
      <intensity>10.0</intensity>
      <mass-charge>33.0</mass-charge>
    </ei-ms-peak>
    <ei-ms-peak>
      <ei-ms-id>107</ei-ms-id>
      <id>11761</id>
      <intensity>10.0</intensity>
      <mass-charge>37.0</mass-charge>
    </ei-ms-peak>
    <ei-ms-peak>
      <ei-ms-id>107</ei-ms-id>
      <id>11762</id>
      <intensity>10.0</intensity>
      <mass-charge>38.0</mass-charge>
    </ei-ms-peak>
    <ei-ms-peak>
      <ei-ms-id>107</ei-ms-id>
      <id>11763</id>
      <intensity>569.0</intensity>
      <mass-charge>39.0</mass-charge>
    </ei-ms-peak>
    <ei-ms-peak>
      <ei-ms-id>107</ei-ms-id>
      <id>11764</id>
      <intensity>129.0</intensity>
      <mass-charge>40.0</mass-charge>
    </ei-ms-peak>
    <ei-ms-peak>
      <ei-ms-id>107</ei-ms-id>
      <id>11765</id>
      <intensity>5479.0</intensity>
      <mass-charge>41.0</mass-charge>
    </ei-ms-peak>
    <ei-ms-peak>
      <ei-ms-id>107</ei-ms-id>
      <id>11766</id>
      <intensity>1199.0</intensity>
      <mass-charge>42.0</mass-charge>
    </ei-ms-peak>
    <ei-ms-peak>
      <ei-ms-id>107</ei-ms-id>
      <id>11767</id>
      <intensity>9999.0</intensity>
      <mass-charge>43.0</mass-charge>
    </ei-ms-peak>
    <ei-ms-peak>
      <ei-ms-id>107</ei-ms-id>
      <id>11768</id>
      <intensity>329.0</intensity>
      <mass-charge>44.0</mass-charge>
    </ei-ms-peak>
    <ei-ms-peak>
      <ei-ms-id>107</ei-ms-id>
      <id>11769</id>
      <intensity>329.0</intensity>
      <mass-charge>45.0</mass-charge>
    </ei-ms-peak>
    <ei-ms-peak>
      <ei-ms-id>107</ei-ms-id>
      <id>11770</id>
      <intensity>10.0</intensity>
      <mass-charge>46.0</mass-charge>
    </ei-ms-peak>
    <ei-ms-peak>
      <ei-ms-id>107</ei-ms-id>
      <id>11771</id>
      <intensity>10.0</intensity>
      <mass-charge>47.0</mass-charge>
    </ei-ms-peak>
    <ei-ms-peak>
      <ei-ms-id>107</ei-ms-id>
      <id>11772</id>
      <intensity>10.0</intensity>
      <mass-charge>49.0</mass-charge>
    </ei-ms-peak>
    <ei-ms-peak>
      <ei-ms-id>107</ei-ms-id>
      <id>11773</id>
      <intensity>10.0</intensity>
      <mass-charge>50.0</mass-charge>
    </ei-ms-peak>
    <ei-ms-peak>
      <ei-ms-id>107</ei-ms-id>
      <id>11774</id>
      <intensity>30.0</intensity>
      <mass-charge>51.0</mass-charge>
    </ei-ms-peak>
    <ei-ms-peak>
      <ei-ms-id>107</ei-ms-id>
      <id>11775</id>
      <intensity>20.0</intensity>
      <mass-charge>52.0</mass-charge>
    </ei-ms-peak>
    <ei-ms-peak>
      <ei-ms-id>107</ei-ms-id>
      <id>11776</id>
      <intensity>319.0</intensity>
      <mass-charge>53.0</mass-charge>
    </ei-ms-peak>
    <ei-ms-peak>
      <ei-ms-id>107</ei-ms-id>
      <id>11777</id>
      <intensity>579.0</intensity>
      <mass-charge>54.0</mass-charge>
    </ei-ms-peak>
    <ei-ms-peak>
      <ei-ms-id>107</ei-ms-id>
      <id>11778</id>
      <intensity>6179.0</intensity>
      <mass-charge>55.0</mass-charge>
    </ei-ms-peak>
    <ei-ms-peak>
      <ei-ms-id>107</ei-ms-id>
      <id>11779</id>
      <intensity>1789.0</intensity>
      <mass-charge>56.0</mass-charge>
    </ei-ms-peak>
    <ei-ms-peak>
      <ei-ms-id>107</ei-ms-id>
      <id>11780</id>
      <intensity>8149.0</intensity>
      <mass-charge>57.0</mass-charge>
    </ei-ms-peak>
    <ei-ms-peak>
      <ei-ms-id>107</ei-ms-id>
      <id>11781</id>
      <intensity>419.0</intensity>
      <mass-charge>58.0</mass-charge>
    </ei-ms-peak>
    <ei-ms-peak>
      <ei-ms-id>107</ei-ms-id>
      <id>11782</id>
      <intensity>269.0</intensity>
      <mass-charge>59.0</mass-charge>
    </ei-ms-peak>
    <ei-ms-peak>
      <ei-ms-id>107</ei-ms-id>
      <id>11783</id>
      <intensity>3969.0</intensity>
      <mass-charge>60.0</mass-charge>
    </ei-ms-peak>
    <ei-ms-peak>
      <ei-ms-id>107</ei-ms-id>
      <id>11784</id>
      <intensity>1889.0</intensity>
      <mass-charge>61.0</mass-charge>
    </ei-ms-peak>
    <ei-ms-peak>
      <ei-ms-id>107</ei-ms-id>
      <id>11785</id>
      <intensity>90.0</intensity>
      <mass-charge>62.0</mass-charge>
    </ei-ms-peak>
    <ei-ms-peak>
      <ei-ms-id>107</ei-ms-id>
      <id>11786</id>
      <intensity>20.0</intensity>
      <mass-charge>63.0</mass-charge>
    </ei-ms-peak>
    <ei-ms-peak>
      <ei-ms-id>107</ei-ms-id>
      <id>11787</id>
      <intensity>60.0</intensity>
      <mass-charge>65.0</mass-charge>
    </ei-ms-peak>
    <ei-ms-peak>
      <ei-ms-id>107</ei-ms-id>
      <id>11788</id>
      <intensity>70.0</intensity>
      <mass-charge>66.0</mass-charge>
    </ei-ms-peak>
    <ei-ms-peak>
      <ei-ms-id>107</ei-ms-id>
      <id>11789</id>
      <intensity>819.0</intensity>
      <mass-charge>67.0</mass-charge>
    </ei-ms-peak>
    <ei-ms-peak>
      <ei-ms-id>107</ei-ms-id>
      <id>11790</id>
      <intensity>709.0</intensity>
      <mass-charge>68.0</mass-charge>
    </ei-ms-peak>
    <ei-ms-peak>
      <ei-ms-id>107</ei-ms-id>
      <id>11791</id>
      <intensity>3919.0</intensity>
      <mass-charge>69.0</mass-charge>
    </ei-ms-peak>
    <ei-ms-peak>
      <ei-ms-id>107</ei-ms-id>
      <id>11792</id>
      <intensity>1239.0</intensity>
      <mass-charge>70.0</mass-charge>
    </ei-ms-peak>
    <ei-ms-peak>
      <ei-ms-id>107</ei-ms-id>
      <id>11793</id>
      <intensity>4149.0</intensity>
      <mass-charge>71.0</mass-charge>
    </ei-ms-peak>
    <ei-ms-peak>
      <ei-ms-id>107</ei-ms-id>
      <id>11794</id>
      <intensity>259.0</intensity>
      <mass-charge>72.0</mass-charge>
    </ei-ms-peak>
    <ei-ms-peak>
      <ei-ms-id>107</ei-ms-id>
      <id>11795</id>
      <intensity>4589.0</intensity>
      <mass-charge>73.0</mass-charge>
    </ei-ms-peak>
    <ei-ms-peak>
      <ei-ms-id>107</ei-ms-id>
      <id>11796</id>
      <intensity>529.0</intensity>
      <mass-charge>74.0</mass-charge>
    </ei-ms-peak>
    <ei-ms-peak>
      <ei-ms-id>107</ei-ms-id>
      <id>11797</id>
      <intensity>40.0</intensity>
      <mass-charge>75.0</mass-charge>
    </ei-ms-peak>
    <ei-ms-peak>
      <ei-ms-id>107</ei-ms-id>
      <id>11798</id>
      <intensity>20.0</intensity>
      <mass-charge>76.0</mass-charge>
    </ei-ms-peak>
    <ei-ms-peak>
      <ei-ms-id>107</ei-ms-id>
      <id>11799</id>
      <intensity>70.0</intensity>
      <mass-charge>77.0</mass-charge>
    </ei-ms-peak>
    <ei-ms-peak>
      <ei-ms-id>107</ei-ms-id>
      <id>11800</id>
      <intensity>40.0</intensity>
      <mass-charge>78.0</mass-charge>
    </ei-ms-peak>
    <ei-ms-peak>
      <ei-ms-id>107</ei-ms-id>
      <id>11801</id>
      <intensity>189.0</intensity>
      <mass-charge>79.0</mass-charge>
    </ei-ms-peak>
    <ei-ms-peak>
      <ei-ms-id>107</ei-ms-id>
      <id>11802</id>
      <intensity>139.0</intensity>
      <mass-charge>80.0</mass-charge>
    </ei-ms-peak>
    <ei-ms-peak>
      <ei-ms-id>107</ei-ms-id>
      <id>11803</id>
      <intensity>769.0</intensity>
      <mass-charge>81.0</mass-charge>
    </ei-ms-peak>
    <ei-ms-peak>
      <ei-ms-id>107</ei-ms-id>
      <id>11804</id>
      <intensity>849.0</intensity>
      <mass-charge>82.0</mass-charge>
    </ei-ms-peak>
    <ei-ms-peak>
      <ei-ms-id>107</ei-ms-id>
      <id>11805</id>
      <intensity>3009.0</intensity>
      <mass-charge>83.0</mass-charge>
    </ei-ms-peak>
    <ei-ms-peak>
      <ei-ms-id>107</ei-ms-id>
      <id>11806</id>
      <intensity>1019.0</intensity>
      <mass-charge>84.0</mass-charge>
    </ei-ms-peak>
    <ei-ms-peak>
      <ei-ms-id>107</ei-ms-id>
      <id>11807</id>
      <intensity>2509.0</intensity>
      <mass-charge>85.0</mass-charge>
    </ei-ms-peak>
    <ei-ms-peak>
      <ei-ms-id>107</ei-ms-id>
      <id>11808</id>
      <intensity>199.0</intensity>
      <mass-charge>86.0</mass-charge>
    </ei-ms-peak>
    <ei-ms-peak>
      <ei-ms-id>107</ei-ms-id>
      <id>11809</id>
      <intensity>1199.0</intensity>
      <mass-charge>87.0</mass-charge>
    </ei-ms-peak>
    <ei-ms-peak>
      <ei-ms-id>107</ei-ms-id>
      <id>11810</id>
      <intensity>119.0</intensity>
      <mass-charge>88.0</mass-charge>
    </ei-ms-peak>
    <ei-ms-peak>
      <ei-ms-id>107</ei-ms-id>
      <id>11811</id>
      <intensity>20.0</intensity>
      <mass-charge>89.0</mass-charge>
    </ei-ms-peak>
    <ei-ms-peak>
      <ei-ms-id>107</ei-ms-id>
      <id>11812</id>
      <intensity>50.0</intensity>
      <mass-charge>91.0</mass-charge>
    </ei-ms-peak>
    <ei-ms-peak>
      <ei-ms-id>107</ei-ms-id>
      <id>11813</id>
      <intensity>40.0</intensity>
      <mass-charge>92.0</mass-charge>
    </ei-ms-peak>
    <ei-ms-peak>
      <ei-ms-id>107</ei-ms-id>
      <id>11814</id>
      <intensity>129.0</intensity>
      <mass-charge>93.0</mass-charge>
    </ei-ms-peak>
    <ei-ms-peak>
      <ei-ms-id>107</ei-ms-id>
      <id>11815</id>
      <intensity>119.0</intensity>
      <mass-charge>94.0</mass-charge>
    </ei-ms-peak>
    <ei-ms-peak>
      <ei-ms-id>107</ei-ms-id>
      <id>11816</id>
      <intensity>569.0</intensity>
      <mass-charge>95.0</mass-charge>
    </ei-ms-peak>
    <ei-ms-peak>
      <ei-ms-id>107</ei-ms-id>
      <id>11817</id>
      <intensity>709.0</intensity>
      <mass-charge>96.0</mass-charge>
    </ei-ms-peak>
    <ei-ms-peak>
      <ei-ms-id>107</ei-ms-id>
      <id>11818</id>
      <intensity>2509.0</intensity>
      <mass-charge>97.0</mass-charge>
    </ei-ms-peak>
    <ei-ms-peak>
      <ei-ms-id>107</ei-ms-id>
      <id>11819</id>
      <intensity>1619.0</intensity>
      <mass-charge>98.0</mass-charge>
    </ei-ms-peak>
    <ei-ms-peak>
      <ei-ms-id>107</ei-ms-id>
      <id>11820</id>
      <intensity>809.0</intensity>
      <mass-charge>99.0</mass-charge>
    </ei-ms-peak>
    <ei-ms-peak>
      <ei-ms-id>107</ei-ms-id>
      <id>11821</id>
      <intensity>99.0</intensity>
      <mass-charge>100.0</mass-charge>
    </ei-ms-peak>
    <ei-ms-peak>
      <ei-ms-id>107</ei-ms-id>
      <id>11822</id>
      <intensity>529.0</intensity>
      <mass-charge>101.0</mass-charge>
    </ei-ms-peak>
    <ei-ms-peak>
      <ei-ms-id>107</ei-ms-id>
      <id>11823</id>
      <intensity>249.0</intensity>
      <mass-charge>102.0</mass-charge>
    </ei-ms-peak>
    <ei-ms-peak>
      <ei-ms-id>107</ei-ms-id>
      <id>11824</id>
      <intensity>30.0</intensity>
      <mass-charge>103.0</mass-charge>
    </ei-ms-peak>
    <ei-ms-peak>
      <ei-ms-id>107</ei-ms-id>
      <id>11825</id>
      <intensity>20.0</intensity>
      <mass-charge>104.0</mass-charge>
    </ei-ms-peak>
    <ei-ms-peak>
      <ei-ms-id>107</ei-ms-id>
      <id>11826</id>
      <intensity>30.0</intensity>
      <mass-charge>105.0</mass-charge>
    </ei-ms-peak>
    <ei-ms-peak>
      <ei-ms-id>107</ei-ms-id>
      <id>11827</id>
      <intensity>30.0</intensity>
      <mass-charge>106.0</mass-charge>
    </ei-ms-peak>
    <ei-ms-peak>
      <ei-ms-id>107</ei-ms-id>
      <id>11828</id>
      <intensity>119.0</intensity>
      <mass-charge>107.0</mass-charge>
    </ei-ms-peak>
    <ei-ms-peak>
      <ei-ms-id>107</ei-ms-id>
      <id>11829</id>
      <intensity>70.0</intensity>
      <mass-charge>108.0</mass-charge>
    </ei-ms-peak>
    <ei-ms-peak>
      <ei-ms-id>107</ei-ms-id>
      <id>11830</id>
      <intensity>339.0</intensity>
      <mass-charge>109.0</mass-charge>
    </ei-ms-peak>
    <ei-ms-peak>
      <ei-ms-id>107</ei-ms-id>
      <id>11831</id>
      <intensity>329.0</intensity>
      <mass-charge>110.0</mass-charge>
    </ei-ms-peak>
    <ei-ms-peak>
      <ei-ms-id>107</ei-ms-id>
      <id>11832</id>
      <intensity>1309.0</intensity>
      <mass-charge>111.0</mass-charge>
    </ei-ms-peak>
    <ei-ms-peak>
      <ei-ms-id>107</ei-ms-id>
      <id>11833</id>
      <intensity>509.0</intensity>
      <mass-charge>112.0</mass-charge>
    </ei-ms-peak>
    <ei-ms-peak>
      <ei-ms-id>107</ei-ms-id>
      <id>11834</id>
      <intensity>569.0</intensity>
      <mass-charge>113.0</mass-charge>
    </ei-ms-peak>
    <ei-ms-peak>
      <ei-ms-id>107</ei-ms-id>
      <id>11835</id>
      <intensity>90.0</intensity>
      <mass-charge>114.0</mass-charge>
    </ei-ms-peak>
    <ei-ms-peak>
      <ei-ms-id>107</ei-ms-id>
      <id>11836</id>
      <intensity>819.0</intensity>
      <mass-charge>115.0</mass-charge>
    </ei-ms-peak>
    <ei-ms-peak>
      <ei-ms-id>107</ei-ms-id>
      <id>11837</id>
      <intensity>859.0</intensity>
      <mass-charge>116.0</mass-charge>
    </ei-ms-peak>
    <ei-ms-peak>
      <ei-ms-id>107</ei-ms-id>
      <id>11838</id>
      <intensity>80.0</intensity>
      <mass-charge>117.0</mass-charge>
    </ei-ms-peak>
    <ei-ms-peak>
      <ei-ms-id>107</ei-ms-id>
      <id>11839</id>
      <intensity>20.0</intensity>
      <mass-charge>118.0</mass-charge>
    </ei-ms-peak>
    <ei-ms-peak>
      <ei-ms-id>107</ei-ms-id>
      <id>11840</id>
      <intensity>30.0</intensity>
      <mass-charge>119.0</mass-charge>
    </ei-ms-peak>
    <ei-ms-peak>
      <ei-ms-id>107</ei-ms-id>
      <id>11841</id>
      <intensity>20.0</intensity>
      <mass-charge>120.0</mass-charge>
    </ei-ms-peak>
    <ei-ms-peak>
      <ei-ms-id>107</ei-ms-id>
      <id>11842</id>
      <intensity>189.0</intensity>
      <mass-charge>121.0</mass-charge>
    </ei-ms-peak>
    <ei-ms-peak>
      <ei-ms-id>107</ei-ms-id>
      <id>11843</id>
      <intensity>80.0</intensity>
      <mass-charge>122.0</mass-charge>
    </ei-ms-peak>
    <ei-ms-peak>
      <ei-ms-id>107</ei-ms-id>
      <id>11844</id>
      <intensity>199.0</intensity>
      <mass-charge>123.0</mass-charge>
    </ei-ms-peak>
    <ei-ms-peak>
      <ei-ms-id>107</ei-ms-id>
      <id>11845</id>
      <intensity>199.0</intensity>
      <mass-charge>124.0</mass-charge>
    </ei-ms-peak>
    <ei-ms-peak>
      <ei-ms-id>107</ei-ms-id>
      <id>11846</id>
      <intensity>729.0</intensity>
      <mass-charge>125.0</mass-charge>
    </ei-ms-peak>
    <ei-ms-peak>
      <ei-ms-id>107</ei-ms-id>
      <id>11847</id>
      <intensity>249.0</intensity>
      <mass-charge>126.0</mass-charge>
    </ei-ms-peak>
    <ei-ms-peak>
      <ei-ms-id>107</ei-ms-id>
      <id>11848</id>
      <intensity>369.0</intensity>
      <mass-charge>127.0</mass-charge>
    </ei-ms-peak>
    <ei-ms-peak>
      <ei-ms-id>107</ei-ms-id>
      <id>11849</id>
      <intensity>50.0</intensity>
      <mass-charge>128.0</mass-charge>
    </ei-ms-peak>
    <ei-ms-peak>
      <ei-ms-id>107</ei-ms-id>
      <id>11850</id>
      <intensity>3029.0</intensity>
      <mass-charge>129.0</mass-charge>
    </ei-ms-peak>
    <ei-ms-peak>
      <ei-ms-id>107</ei-ms-id>
      <id>11851</id>
      <intensity>379.0</intensity>
      <mass-charge>130.0</mass-charge>
    </ei-ms-peak>
    <ei-ms-peak>
      <ei-ms-id>107</ei-ms-id>
      <id>11852</id>
      <intensity>50.0</intensity>
      <mass-charge>131.0</mass-charge>
    </ei-ms-peak>
    <ei-ms-peak>
      <ei-ms-id>107</ei-ms-id>
      <id>11853</id>
      <intensity>10.0</intensity>
      <mass-charge>132.0</mass-charge>
    </ei-ms-peak>
    <ei-ms-peak>
      <ei-ms-id>107</ei-ms-id>
      <id>11854</id>
      <intensity>30.0</intensity>
      <mass-charge>133.0</mass-charge>
    </ei-ms-peak>
    <ei-ms-peak>
      <ei-ms-id>107</ei-ms-id>
      <id>11855</id>
      <intensity>20.0</intensity>
      <mass-charge>134.0</mass-charge>
    </ei-ms-peak>
    <ei-ms-peak>
      <ei-ms-id>107</ei-ms-id>
      <id>11856</id>
      <intensity>179.0</intensity>
      <mass-charge>135.0</mass-charge>
    </ei-ms-peak>
    <ei-ms-peak>
      <ei-ms-id>107</ei-ms-id>
      <id>11857</id>
      <intensity>60.0</intensity>
      <mass-charge>136.0</mass-charge>
    </ei-ms-peak>
    <ei-ms-peak>
      <ei-ms-id>107</ei-ms-id>
      <id>11858</id>
      <intensity>119.0</intensity>
      <mass-charge>137.0</mass-charge>
    </ei-ms-peak>
    <ei-ms-peak>
      <ei-ms-id>107</ei-ms-id>
      <id>11859</id>
      <intensity>129.0</intensity>
      <mass-charge>138.0</mass-charge>
    </ei-ms-peak>
    <ei-ms-peak>
      <ei-ms-id>107</ei-ms-id>
      <id>11860</id>
      <intensity>509.0</intensity>
      <mass-charge>139.0</mass-charge>
    </ei-ms-peak>
    <ei-ms-peak>
      <ei-ms-id>107</ei-ms-id>
      <id>11861</id>
      <intensity>219.0</intensity>
      <mass-charge>140.0</mass-charge>
    </ei-ms-peak>
    <ei-ms-peak>
      <ei-ms-id>107</ei-ms-id>
      <id>11862</id>
      <intensity>289.0</intensity>
      <mass-charge>141.0</mass-charge>
    </ei-ms-peak>
    <ei-ms-peak>
      <ei-ms-id>107</ei-ms-id>
      <id>11863</id>
      <intensity>40.0</intensity>
      <mass-charge>142.0</mass-charge>
    </ei-ms-peak>
    <ei-ms-peak>
      <ei-ms-id>107</ei-ms-id>
      <id>11864</id>
      <intensity>429.0</intensity>
      <mass-charge>143.0</mass-charge>
    </ei-ms-peak>
    <ei-ms-peak>
      <ei-ms-id>107</ei-ms-id>
      <id>11865</id>
      <intensity>90.0</intensity>
      <mass-charge>144.0</mass-charge>
    </ei-ms-peak>
    <ei-ms-peak>
      <ei-ms-id>107</ei-ms-id>
      <id>11866</id>
      <intensity>10.0</intensity>
      <mass-charge>145.0</mass-charge>
    </ei-ms-peak>
    <ei-ms-peak>
      <ei-ms-id>107</ei-ms-id>
      <id>11867</id>
      <intensity>20.0</intensity>
      <mass-charge>147.0</mass-charge>
    </ei-ms-peak>
    <ei-ms-peak>
      <ei-ms-id>107</ei-ms-id>
      <id>11868</id>
      <intensity>10.0</intensity>
      <mass-charge>148.0</mass-charge>
    </ei-ms-peak>
    <ei-ms-peak>
      <ei-ms-id>107</ei-ms-id>
      <id>11869</id>
      <intensity>109.0</intensity>
      <mass-charge>149.0</mass-charge>
    </ei-ms-peak>
    <ei-ms-peak>
      <ei-ms-id>107</ei-ms-id>
      <id>11870</id>
      <intensity>40.0</intensity>
      <mass-charge>150.0</mass-charge>
    </ei-ms-peak>
    <ei-ms-peak>
      <ei-ms-id>107</ei-ms-id>
      <id>11871</id>
      <intensity>60.0</intensity>
      <mass-charge>151.0</mass-charge>
    </ei-ms-peak>
    <ei-ms-peak>
      <ei-ms-id>107</ei-ms-id>
      <id>11872</id>
      <intensity>109.0</intensity>
      <mass-charge>152.0</mass-charge>
    </ei-ms-peak>
    <ei-ms-peak>
      <ei-ms-id>107</ei-ms-id>
      <id>11873</id>
      <intensity>319.0</intensity>
      <mass-charge>153.0</mass-charge>
    </ei-ms-peak>
    <ei-ms-peak>
      <ei-ms-id>107</ei-ms-id>
      <id>11874</id>
      <intensity>159.0</intensity>
      <mass-charge>154.0</mass-charge>
    </ei-ms-peak>
    <ei-ms-peak>
      <ei-ms-id>107</ei-ms-id>
      <id>11875</id>
      <intensity>229.0</intensity>
      <mass-charge>155.0</mass-charge>
    </ei-ms-peak>
    <ei-ms-peak>
      <ei-ms-id>107</ei-ms-id>
      <id>11876</id>
      <intensity>50.0</intensity>
      <mass-charge>156.0</mass-charge>
    </ei-ms-peak>
    <ei-ms-peak>
      <ei-ms-id>107</ei-ms-id>
      <id>11877</id>
      <intensity>189.0</intensity>
      <mass-charge>157.0</mass-charge>
    </ei-ms-peak>
    <ei-ms-peak>
      <ei-ms-id>107</ei-ms-id>
      <id>11878</id>
      <intensity>139.0</intensity>
      <mass-charge>158.0</mass-charge>
    </ei-ms-peak>
    <ei-ms-peak>
      <ei-ms-id>107</ei-ms-id>
      <id>11879</id>
      <intensity>20.0</intensity>
      <mass-charge>159.0</mass-charge>
    </ei-ms-peak>
    <ei-ms-peak>
      <ei-ms-id>107</ei-ms-id>
      <id>11880</id>
      <intensity>10.0</intensity>
      <mass-charge>161.0</mass-charge>
    </ei-ms-peak>
    <ei-ms-peak>
      <ei-ms-id>107</ei-ms-id>
      <id>11881</id>
      <intensity>10.0</intensity>
      <mass-charge>162.0</mass-charge>
    </ei-ms-peak>
    <ei-ms-peak>
      <ei-ms-id>107</ei-ms-id>
      <id>11882</id>
      <intensity>70.0</intensity>
      <mass-charge>163.0</mass-charge>
    </ei-ms-peak>
    <ei-ms-peak>
      <ei-ms-id>107</ei-ms-id>
      <id>11883</id>
      <intensity>30.0</intensity>
      <mass-charge>164.0</mass-charge>
    </ei-ms-peak>
    <ei-ms-peak>
      <ei-ms-id>107</ei-ms-id>
      <id>11884</id>
      <intensity>30.0</intensity>
      <mass-charge>165.0</mass-charge>
    </ei-ms-peak>
    <ei-ms-peak>
      <ei-ms-id>107</ei-ms-id>
      <id>11885</id>
      <intensity>90.0</intensity>
      <mass-charge>166.0</mass-charge>
    </ei-ms-peak>
    <ei-ms-peak>
      <ei-ms-id>107</ei-ms-id>
      <id>11886</id>
      <intensity>209.0</intensity>
      <mass-charge>167.0</mass-charge>
    </ei-ms-peak>
    <ei-ms-peak>
      <ei-ms-id>107</ei-ms-id>
      <id>11887</id>
      <intensity>129.0</intensity>
      <mass-charge>168.0</mass-charge>
    </ei-ms-peak>
    <ei-ms-peak>
      <ei-ms-id>107</ei-ms-id>
      <id>11888</id>
      <intensity>179.0</intensity>
      <mass-charge>169.0</mass-charge>
    </ei-ms-peak>
    <ei-ms-peak>
      <ei-ms-id>107</ei-ms-id>
      <id>11889</id>
      <intensity>40.0</intensity>
      <mass-charge>170.0</mass-charge>
    </ei-ms-peak>
    <ei-ms-peak>
      <ei-ms-id>107</ei-ms-id>
      <id>11890</id>
      <intensity>549.0</intensity>
      <mass-charge>171.0</mass-charge>
    </ei-ms-peak>
    <ei-ms-peak>
      <ei-ms-id>107</ei-ms-id>
      <id>11891</id>
      <intensity>219.0</intensity>
      <mass-charge>172.0</mass-charge>
    </ei-ms-peak>
    <ei-ms-peak>
      <ei-ms-id>107</ei-ms-id>
      <id>11892</id>
      <intensity>30.0</intensity>
      <mass-charge>173.0</mass-charge>
    </ei-ms-peak>
    <ei-ms-peak>
      <ei-ms-id>107</ei-ms-id>
      <id>11893</id>
      <intensity>50.0</intensity>
      <mass-charge>177.0</mass-charge>
    </ei-ms-peak>
    <ei-ms-peak>
      <ei-ms-id>107</ei-ms-id>
      <id>11894</id>
      <intensity>10.0</intensity>
      <mass-charge>178.0</mass-charge>
    </ei-ms-peak>
    <ei-ms-peak>
      <ei-ms-id>107</ei-ms-id>
      <id>11895</id>
      <intensity>30.0</intensity>
      <mass-charge>179.0</mass-charge>
    </ei-ms-peak>
    <ei-ms-peak>
      <ei-ms-id>107</ei-ms-id>
      <id>11896</id>
      <intensity>70.0</intensity>
      <mass-charge>180.0</mass-charge>
    </ei-ms-peak>
    <ei-ms-peak>
      <ei-ms-id>107</ei-ms-id>
      <id>11897</id>
      <intensity>159.0</intensity>
      <mass-charge>181.0</mass-charge>
    </ei-ms-peak>
    <ei-ms-peak>
      <ei-ms-id>107</ei-ms-id>
      <id>11898</id>
      <intensity>119.0</intensity>
      <mass-charge>182.0</mass-charge>
    </ei-ms-peak>
    <ei-ms-peak>
      <ei-ms-id>107</ei-ms-id>
      <id>11899</id>
      <intensity>149.0</intensity>
      <mass-charge>183.0</mass-charge>
    </ei-ms-peak>
    <ei-ms-peak>
      <ei-ms-id>107</ei-ms-id>
      <id>11900</id>
      <intensity>30.0</intensity>
      <mass-charge>184.0</mass-charge>
    </ei-ms-peak>
    <ei-ms-peak>
      <ei-ms-id>107</ei-ms-id>
      <id>11901</id>
      <intensity>999.0</intensity>
      <mass-charge>185.0</mass-charge>
    </ei-ms-peak>
    <ei-ms-peak>
      <ei-ms-id>107</ei-ms-id>
      <id>11902</id>
      <intensity>189.0</intensity>
      <mass-charge>186.0</mass-charge>
    </ei-ms-peak>
    <ei-ms-peak>
      <ei-ms-id>107</ei-ms-id>
      <id>11903</id>
      <intensity>20.0</intensity>
      <mass-charge>187.0</mass-charge>
    </ei-ms-peak>
    <ei-ms-peak>
      <ei-ms-id>107</ei-ms-id>
      <id>11904</id>
      <intensity>40.0</intensity>
      <mass-charge>191.0</mass-charge>
    </ei-ms-peak>
    <ei-ms-peak>
      <ei-ms-id>107</ei-ms-id>
      <id>11905</id>
      <intensity>10.0</intensity>
      <mass-charge>192.0</mass-charge>
    </ei-ms-peak>
    <ei-ms-peak>
      <ei-ms-id>107</ei-ms-id>
      <id>11906</id>
      <intensity>10.0</intensity>
      <mass-charge>193.0</mass-charge>
    </ei-ms-peak>
    <ei-ms-peak>
      <ei-ms-id>107</ei-ms-id>
      <id>11907</id>
      <intensity>70.0</intensity>
      <mass-charge>194.0</mass-charge>
    </ei-ms-peak>
    <ei-ms-peak>
      <ei-ms-id>107</ei-ms-id>
      <id>11908</id>
      <intensity>119.0</intensity>
      <mass-charge>195.0</mass-charge>
    </ei-ms-peak>
    <ei-ms-peak>
      <ei-ms-id>107</ei-ms-id>
      <id>11909</id>
      <intensity>99.0</intensity>
      <mass-charge>196.0</mass-charge>
    </ei-ms-peak>
    <ei-ms-peak>
      <ei-ms-id>107</ei-ms-id>
      <id>11910</id>
      <intensity>119.0</intensity>
      <mass-charge>197.0</mass-charge>
    </ei-ms-peak>
    <ei-ms-peak>
      <ei-ms-id>107</ei-ms-id>
      <id>11911</id>
      <intensity>30.0</intensity>
      <mass-charge>198.0</mass-charge>
    </ei-ms-peak>
    <ei-ms-peak>
      <ei-ms-id>107</ei-ms-id>
      <id>11912</id>
      <intensity>209.0</intensity>
      <mass-charge>199.0</mass-charge>
    </ei-ms-peak>
    <ei-ms-peak>
      <ei-ms-id>107</ei-ms-id>
      <id>11913</id>
      <intensity>60.0</intensity>
      <mass-charge>200.0</mass-charge>
    </ei-ms-peak>
    <ei-ms-peak>
      <ei-ms-id>107</ei-ms-id>
      <id>11914</id>
      <intensity>10.0</intensity>
      <mass-charge>201.0</mass-charge>
    </ei-ms-peak>
    <ei-ms-peak>
      <ei-ms-id>107</ei-ms-id>
      <id>11915</id>
      <intensity>10.0</intensity>
      <mass-charge>203.0</mass-charge>
    </ei-ms-peak>
    <ei-ms-peak>
      <ei-ms-id>107</ei-ms-id>
      <id>11916</id>
      <intensity>10.0</intensity>
      <mass-charge>204.0</mass-charge>
    </ei-ms-peak>
    <ei-ms-peak>
      <ei-ms-id>107</ei-ms-id>
      <id>11917</id>
      <intensity>30.0</intensity>
      <mass-charge>205.0</mass-charge>
    </ei-ms-peak>
    <ei-ms-peak>
      <ei-ms-id>107</ei-ms-id>
      <id>11918</id>
      <intensity>20.0</intensity>
      <mass-charge>206.0</mass-charge>
    </ei-ms-peak>
    <ei-ms-peak>
      <ei-ms-id>107</ei-ms-id>
      <id>11919</id>
      <intensity>20.0</intensity>
      <mass-charge>207.0</mass-charge>
    </ei-ms-peak>
    <ei-ms-peak>
      <ei-ms-id>107</ei-ms-id>
      <id>11920</id>
      <intensity>60.0</intensity>
      <mass-charge>208.0</mass-charge>
    </ei-ms-peak>
    <ei-ms-peak>
      <ei-ms-id>107</ei-ms-id>
      <id>11921</id>
      <intensity>119.0</intensity>
      <mass-charge>209.0</mass-charge>
    </ei-ms-peak>
    <ei-ms-peak>
      <ei-ms-id>107</ei-ms-id>
      <id>11922</id>
      <intensity>99.0</intensity>
      <mass-charge>210.0</mass-charge>
    </ei-ms-peak>
    <ei-ms-peak>
      <ei-ms-id>107</ei-ms-id>
      <id>11923</id>
      <intensity>119.0</intensity>
      <mass-charge>211.0</mass-charge>
    </ei-ms-peak>
    <ei-ms-peak>
      <ei-ms-id>107</ei-ms-id>
      <id>11924</id>
      <intensity>30.0</intensity>
      <mass-charge>212.0</mass-charge>
    </ei-ms-peak>
    <ei-ms-peak>
      <ei-ms-id>107</ei-ms-id>
      <id>11925</id>
      <intensity>129.0</intensity>
      <mass-charge>213.0</mass-charge>
    </ei-ms-peak>
    <ei-ms-peak>
      <ei-ms-id>107</ei-ms-id>
      <id>11926</id>
      <intensity>60.0</intensity>
      <mass-charge>214.0</mass-charge>
    </ei-ms-peak>
    <ei-ms-peak>
      <ei-ms-id>107</ei-ms-id>
      <id>11927</id>
      <intensity>10.0</intensity>
      <mass-charge>215.0</mass-charge>
    </ei-ms-peak>
    <ei-ms-peak>
      <ei-ms-id>107</ei-ms-id>
      <id>11928</id>
      <intensity>30.0</intensity>
      <mass-charge>219.0</mass-charge>
    </ei-ms-peak>
    <ei-ms-peak>
      <ei-ms-id>107</ei-ms-id>
      <id>11929</id>
      <intensity>10.0</intensity>
      <mass-charge>220.0</mass-charge>
    </ei-ms-peak>
    <ei-ms-peak>
      <ei-ms-id>107</ei-ms-id>
      <id>11930</id>
      <intensity>20.0</intensity>
      <mass-charge>221.0</mass-charge>
    </ei-ms-peak>
    <ei-ms-peak>
      <ei-ms-id>107</ei-ms-id>
      <id>11931</id>
      <intensity>60.0</intensity>
      <mass-charge>222.0</mass-charge>
    </ei-ms-peak>
    <ei-ms-peak>
      <ei-ms-id>107</ei-ms-id>
      <id>11932</id>
      <intensity>99.0</intensity>
      <mass-charge>223.0</mass-charge>
    </ei-ms-peak>
    <ei-ms-peak>
      <ei-ms-id>107</ei-ms-id>
      <id>11933</id>
      <intensity>90.0</intensity>
      <mass-charge>224.0</mass-charge>
    </ei-ms-peak>
    <ei-ms-peak>
      <ei-ms-id>107</ei-ms-id>
      <id>11934</id>
      <intensity>90.0</intensity>
      <mass-charge>225.0</mass-charge>
    </ei-ms-peak>
    <ei-ms-peak>
      <ei-ms-id>107</ei-ms-id>
      <id>11935</id>
      <intensity>20.0</intensity>
      <mass-charge>226.0</mass-charge>
    </ei-ms-peak>
    <ei-ms-peak>
      <ei-ms-id>107</ei-ms-id>
      <id>11936</id>
      <intensity>239.0</intensity>
      <mass-charge>227.0</mass-charge>
    </ei-ms-peak>
    <ei-ms-peak>
      <ei-ms-id>107</ei-ms-id>
      <id>11937</id>
      <intensity>90.0</intensity>
      <mass-charge>228.0</mass-charge>
    </ei-ms-peak>
    <ei-ms-peak>
      <ei-ms-id>107</ei-ms-id>
      <id>11938</id>
      <intensity>20.0</intensity>
      <mass-charge>229.0</mass-charge>
    </ei-ms-peak>
    <ei-ms-peak>
      <ei-ms-id>107</ei-ms-id>
      <id>11939</id>
      <intensity>10.0</intensity>
      <mass-charge>233.0</mass-charge>
    </ei-ms-peak>
    <ei-ms-peak>
      <ei-ms-id>107</ei-ms-id>
      <id>11940</id>
      <intensity>20.0</intensity>
      <mass-charge>234.0</mass-charge>
    </ei-ms-peak>
    <ei-ms-peak>
      <ei-ms-id>107</ei-ms-id>
      <id>11941</id>
      <intensity>10.0</intensity>
      <mass-charge>235.0</mass-charge>
    </ei-ms-peak>
    <ei-ms-peak>
      <ei-ms-id>107</ei-ms-id>
      <id>11942</id>
      <intensity>50.0</intensity>
      <mass-charge>236.0</mass-charge>
    </ei-ms-peak>
    <ei-ms-peak>
      <ei-ms-id>107</ei-ms-id>
      <id>11943</id>
      <intensity>90.0</intensity>
      <mass-charge>237.0</mass-charge>
    </ei-ms-peak>
    <ei-ms-peak>
      <ei-ms-id>107</ei-ms-id>
      <id>11944</id>
      <intensity>99.0</intensity>
      <mass-charge>238.0</mass-charge>
    </ei-ms-peak>
    <ei-ms-peak>
      <ei-ms-id>107</ei-ms-id>
      <id>11945</id>
      <intensity>80.0</intensity>
      <mass-charge>239.0</mass-charge>
    </ei-ms-peak>
    <ei-ms-peak>
      <ei-ms-id>107</ei-ms-id>
      <id>11946</id>
      <intensity>20.0</intensity>
      <mass-charge>240.0</mass-charge>
    </ei-ms-peak>
    <ei-ms-peak>
      <ei-ms-id>107</ei-ms-id>
      <id>11947</id>
      <intensity>419.0</intensity>
      <mass-charge>241.0</mass-charge>
    </ei-ms-peak>
    <ei-ms-peak>
      <ei-ms-id>107</ei-ms-id>
      <id>11948</id>
      <intensity>109.0</intensity>
      <mass-charge>242.0</mass-charge>
    </ei-ms-peak>
    <ei-ms-peak>
      <ei-ms-id>107</ei-ms-id>
      <id>11949</id>
      <intensity>20.0</intensity>
      <mass-charge>243.0</mass-charge>
    </ei-ms-peak>
    <ei-ms-peak>
      <ei-ms-id>107</ei-ms-id>
      <id>11950</id>
      <intensity>10.0</intensity>
      <mass-charge>245.0</mass-charge>
    </ei-ms-peak>
    <ei-ms-peak>
      <ei-ms-id>107</ei-ms-id>
      <id>11951</id>
      <intensity>10.0</intensity>
      <mass-charge>247.0</mass-charge>
    </ei-ms-peak>
    <ei-ms-peak>
      <ei-ms-id>107</ei-ms-id>
      <id>11952</id>
      <intensity>10.0</intensity>
      <mass-charge>248.0</mass-charge>
    </ei-ms-peak>
    <ei-ms-peak>
      <ei-ms-id>107</ei-ms-id>
      <id>11953</id>
      <intensity>10.0</intensity>
      <mass-charge>249.0</mass-charge>
    </ei-ms-peak>
    <ei-ms-peak>
      <ei-ms-id>107</ei-ms-id>
      <id>11954</id>
      <intensity>50.0</intensity>
      <mass-charge>250.0</mass-charge>
    </ei-ms-peak>
    <ei-ms-peak>
      <ei-ms-id>107</ei-ms-id>
      <id>11955</id>
      <intensity>60.0</intensity>
      <mass-charge>251.0</mass-charge>
    </ei-ms-peak>
    <ei-ms-peak>
      <ei-ms-id>107</ei-ms-id>
      <id>11956</id>
      <intensity>90.0</intensity>
      <mass-charge>252.0</mass-charge>
    </ei-ms-peak>
    <ei-ms-peak>
      <ei-ms-id>107</ei-ms-id>
      <id>11957</id>
      <intensity>50.0</intensity>
      <mass-charge>253.0</mass-charge>
    </ei-ms-peak>
    <ei-ms-peak>
      <ei-ms-id>107</ei-ms-id>
      <id>11958</id>
      <intensity>10.0</intensity>
      <mass-charge>254.0</mass-charge>
    </ei-ms-peak>
    <ei-ms-peak>
      <ei-ms-id>107</ei-ms-id>
      <id>11959</id>
      <intensity>159.0</intensity>
      <mass-charge>255.0</mass-charge>
    </ei-ms-peak>
    <ei-ms-peak>
      <ei-ms-id>107</ei-ms-id>
      <id>11960</id>
      <intensity>50.0</intensity>
      <mass-charge>256.0</mass-charge>
    </ei-ms-peak>
    <ei-ms-peak>
      <ei-ms-id>107</ei-ms-id>
      <id>11961</id>
      <intensity>10.0</intensity>
      <mass-charge>257.0</mass-charge>
    </ei-ms-peak>
    <ei-ms-peak>
      <ei-ms-id>107</ei-ms-id>
      <id>11962</id>
      <intensity>10.0</intensity>
      <mass-charge>261.0</mass-charge>
    </ei-ms-peak>
    <ei-ms-peak>
      <ei-ms-id>107</ei-ms-id>
      <id>11963</id>
      <intensity>10.0</intensity>
      <mass-charge>263.0</mass-charge>
    </ei-ms-peak>
    <ei-ms-peak>
      <ei-ms-id>107</ei-ms-id>
      <id>11964</id>
      <intensity>40.0</intensity>
      <mass-charge>264.0</mass-charge>
    </ei-ms-peak>
    <ei-ms-peak>
      <ei-ms-id>107</ei-ms-id>
      <id>11965</id>
      <intensity>50.0</intensity>
      <mass-charge>265.0</mass-charge>
    </ei-ms-peak>
    <ei-ms-peak>
      <ei-ms-id>107</ei-ms-id>
      <id>11966</id>
      <intensity>90.0</intensity>
      <mass-charge>266.0</mass-charge>
    </ei-ms-peak>
    <ei-ms-peak>
      <ei-ms-id>107</ei-ms-id>
      <id>11967</id>
      <intensity>40.0</intensity>
      <mass-charge>267.0</mass-charge>
    </ei-ms-peak>
    <ei-ms-peak>
      <ei-ms-id>107</ei-ms-id>
      <id>11968</id>
      <intensity>20.0</intensity>
      <mass-charge>268.0</mass-charge>
    </ei-ms-peak>
    <ei-ms-peak>
      <ei-ms-id>107</ei-ms-id>
      <id>11969</id>
      <intensity>90.0</intensity>
      <mass-charge>269.0</mass-charge>
    </ei-ms-peak>
    <ei-ms-peak>
      <ei-ms-id>107</ei-ms-id>
      <id>11970</id>
      <intensity>40.0</intensity>
      <mass-charge>270.0</mass-charge>
    </ei-ms-peak>
    <ei-ms-peak>
      <ei-ms-id>107</ei-ms-id>
      <id>11971</id>
      <intensity>10.0</intensity>
      <mass-charge>271.0</mass-charge>
    </ei-ms-peak>
    <ei-ms-peak>
      <ei-ms-id>107</ei-ms-id>
      <id>11972</id>
      <intensity>10.0</intensity>
      <mass-charge>275.0</mass-charge>
    </ei-ms-peak>
    <ei-ms-peak>
      <ei-ms-id>107</ei-ms-id>
      <id>11973</id>
      <intensity>10.0</intensity>
      <mass-charge>276.0</mass-charge>
    </ei-ms-peak>
    <ei-ms-peak>
      <ei-ms-id>107</ei-ms-id>
      <id>11974</id>
      <intensity>10.0</intensity>
      <mass-charge>277.0</mass-charge>
    </ei-ms-peak>
    <ei-ms-peak>
      <ei-ms-id>107</ei-ms-id>
      <id>11975</id>
      <intensity>40.0</intensity>
      <mass-charge>278.0</mass-charge>
    </ei-ms-peak>
    <ei-ms-peak>
      <ei-ms-id>107</ei-ms-id>
      <id>11976</id>
      <intensity>40.0</intensity>
      <mass-charge>279.0</mass-charge>
    </ei-ms-peak>
    <ei-ms-peak>
      <ei-ms-id>107</ei-ms-id>
      <id>11977</id>
      <intensity>70.0</intensity>
      <mass-charge>280.0</mass-charge>
    </ei-ms-peak>
    <ei-ms-peak>
      <ei-ms-id>107</ei-ms-id>
      <id>11978</id>
      <intensity>30.0</intensity>
      <mass-charge>281.0</mass-charge>
    </ei-ms-peak>
    <ei-ms-peak>
      <ei-ms-id>107</ei-ms-id>
      <id>11979</id>
      <intensity>20.0</intensity>
      <mass-charge>282.0</mass-charge>
    </ei-ms-peak>
    <ei-ms-peak>
      <ei-ms-id>107</ei-ms-id>
      <id>11980</id>
      <intensity>139.0</intensity>
      <mass-charge>283.0</mass-charge>
    </ei-ms-peak>
    <ei-ms-peak>
      <ei-ms-id>107</ei-ms-id>
      <id>11981</id>
      <intensity>60.0</intensity>
      <mass-charge>284.0</mass-charge>
    </ei-ms-peak>
    <ei-ms-peak>
      <ei-ms-id>107</ei-ms-id>
      <id>11982</id>
      <intensity>10.0</intensity>
      <mass-charge>285.0</mass-charge>
    </ei-ms-peak>
    <ei-ms-peak>
      <ei-ms-id>107</ei-ms-id>
      <id>11983</id>
      <intensity>10.0</intensity>
      <mass-charge>291.0</mass-charge>
    </ei-ms-peak>
    <ei-ms-peak>
      <ei-ms-id>107</ei-ms-id>
      <id>11984</id>
      <intensity>60.0</intensity>
      <mass-charge>292.0</mass-charge>
    </ei-ms-peak>
    <ei-ms-peak>
      <ei-ms-id>107</ei-ms-id>
      <id>11985</id>
      <intensity>50.0</intensity>
      <mass-charge>293.0</mass-charge>
    </ei-ms-peak>
    <ei-ms-peak>
      <ei-ms-id>107</ei-ms-id>
      <id>11986</id>
      <intensity>60.0</intensity>
      <mass-charge>294.0</mass-charge>
    </ei-ms-peak>
    <ei-ms-peak>
      <ei-ms-id>107</ei-ms-id>
      <id>11987</id>
      <intensity>40.0</intensity>
      <mass-charge>295.0</mass-charge>
    </ei-ms-peak>
    <ei-ms-peak>
      <ei-ms-id>107</ei-ms-id>
      <id>11988</id>
      <intensity>10.0</intensity>
      <mass-charge>296.0</mass-charge>
    </ei-ms-peak>
    <ei-ms-peak>
      <ei-ms-id>107</ei-ms-id>
      <id>11989</id>
      <intensity>459.0</intensity>
      <mass-charge>297.0</mass-charge>
    </ei-ms-peak>
    <ei-ms-peak>
      <ei-ms-id>107</ei-ms-id>
      <id>11990</id>
      <intensity>129.0</intensity>
      <mass-charge>298.0</mass-charge>
    </ei-ms-peak>
    <ei-ms-peak>
      <ei-ms-id>107</ei-ms-id>
      <id>11991</id>
      <intensity>30.0</intensity>
      <mass-charge>299.0</mass-charge>
    </ei-ms-peak>
    <ei-ms-peak>
      <ei-ms-id>107</ei-ms-id>
      <id>11992</id>
      <intensity>10.0</intensity>
      <mass-charge>303.0</mass-charge>
    </ei-ms-peak>
    <ei-ms-peak>
      <ei-ms-id>107</ei-ms-id>
      <id>11993</id>
      <intensity>10.0</intensity>
      <mass-charge>304.0</mass-charge>
    </ei-ms-peak>
    <ei-ms-peak>
      <ei-ms-id>107</ei-ms-id>
      <id>11994</id>
      <intensity>10.0</intensity>
      <mass-charge>305.0</mass-charge>
    </ei-ms-peak>
    <ei-ms-peak>
      <ei-ms-id>107</ei-ms-id>
      <id>11995</id>
      <intensity>20.0</intensity>
      <mass-charge>306.0</mass-charge>
    </ei-ms-peak>
    <ei-ms-peak>
      <ei-ms-id>107</ei-ms-id>
      <id>11996</id>
      <intensity>30.0</intensity>
      <mass-charge>307.0</mass-charge>
    </ei-ms-peak>
    <ei-ms-peak>
      <ei-ms-id>107</ei-ms-id>
      <id>11997</id>
      <intensity>70.0</intensity>
      <mass-charge>308.0</mass-charge>
    </ei-ms-peak>
    <ei-ms-peak>
      <ei-ms-id>107</ei-ms-id>
      <id>11998</id>
      <intensity>30.0</intensity>
      <mass-charge>309.0</mass-charge>
    </ei-ms-peak>
    <ei-ms-peak>
      <ei-ms-id>107</ei-ms-id>
      <id>11999</id>
      <intensity>20.0</intensity>
      <mass-charge>310.0</mass-charge>
    </ei-ms-peak>
    <ei-ms-peak>
      <ei-ms-id>107</ei-ms-id>
      <id>12000</id>
      <intensity>219.0</intensity>
      <mass-charge>311.0</mass-charge>
    </ei-ms-peak>
    <ei-ms-peak>
      <ei-ms-id>107</ei-ms-id>
      <id>12001</id>
      <intensity>70.0</intensity>
      <mass-charge>312.0</mass-charge>
    </ei-ms-peak>
    <ei-ms-peak>
      <ei-ms-id>107</ei-ms-id>
      <id>12002</id>
      <intensity>20.0</intensity>
      <mass-charge>313.0</mass-charge>
    </ei-ms-peak>
    <ei-ms-peak>
      <ei-ms-id>107</ei-ms-id>
      <id>12003</id>
      <intensity>10.0</intensity>
      <mass-charge>315.0</mass-charge>
    </ei-ms-peak>
    <ei-ms-peak>
      <ei-ms-id>107</ei-ms-id>
      <id>12004</id>
      <intensity>10.0</intensity>
      <mass-charge>317.0</mass-charge>
    </ei-ms-peak>
    <ei-ms-peak>
      <ei-ms-id>107</ei-ms-id>
      <id>12005</id>
      <intensity>10.0</intensity>
      <mass-charge>319.0</mass-charge>
    </ei-ms-peak>
    <ei-ms-peak>
      <ei-ms-id>107</ei-ms-id>
      <id>12006</id>
      <intensity>10.0</intensity>
      <mass-charge>320.0</mass-charge>
    </ei-ms-peak>
    <ei-ms-peak>
      <ei-ms-id>107</ei-ms-id>
      <id>12007</id>
      <intensity>20.0</intensity>
      <mass-charge>321.0</mass-charge>
    </ei-ms-peak>
    <ei-ms-peak>
      <ei-ms-id>107</ei-ms-id>
      <id>12008</id>
      <intensity>40.0</intensity>
      <mass-charge>322.0</mass-charge>
    </ei-ms-peak>
    <ei-ms-peak>
      <ei-ms-id>107</ei-ms-id>
      <id>12009</id>
      <intensity>20.0</intensity>
      <mass-charge>323.0</mass-charge>
    </ei-ms-peak>
    <ei-ms-peak>
      <ei-ms-id>107</ei-ms-id>
      <id>12010</id>
      <intensity>70.0</intensity>
      <mass-charge>325.0</mass-charge>
    </ei-ms-peak>
    <ei-ms-peak>
      <ei-ms-id>107</ei-ms-id>
      <id>12011</id>
      <intensity>20.0</intensity>
      <mass-charge>326.0</mass-charge>
    </ei-ms-peak>
    <ei-ms-peak>
      <ei-ms-id>107</ei-ms-id>
      <id>12012</id>
      <intensity>10.0</intensity>
      <mass-charge>332.0</mass-charge>
    </ei-ms-peak>
    <ei-ms-peak>
      <ei-ms-id>107</ei-ms-id>
      <id>12013</id>
      <intensity>109.0</intensity>
      <mass-charge>334.0</mass-charge>
    </ei-ms-peak>
    <ei-ms-peak>
      <ei-ms-id>107</ei-ms-id>
      <id>12014</id>
      <intensity>50.0</intensity>
      <mass-charge>335.0</mass-charge>
    </ei-ms-peak>
    <ei-ms-peak>
      <ei-ms-id>107</ei-ms-id>
      <id>12015</id>
      <intensity>179.0</intensity>
      <mass-charge>336.0</mass-charge>
    </ei-ms-peak>
    <ei-ms-peak>
      <ei-ms-id>107</ei-ms-id>
      <id>12016</id>
      <intensity>109.0</intensity>
      <mass-charge>337.0</mass-charge>
    </ei-ms-peak>
    <ei-ms-peak>
      <ei-ms-id>107</ei-ms-id>
      <id>12017</id>
      <intensity>30.0</intensity>
      <mass-charge>338.0</mass-charge>
    </ei-ms-peak>
    <ei-ms-peak>
      <ei-ms-id>107</ei-ms-id>
      <id>12018</id>
      <intensity>119.0</intensity>
      <mass-charge>339.0</mass-charge>
    </ei-ms-peak>
    <ei-ms-peak>
      <ei-ms-id>107</ei-ms-id>
      <id>12019</id>
      <intensity>50.0</intensity>
      <mass-charge>340.0</mass-charge>
    </ei-ms-peak>
    <ei-ms-peak>
      <ei-ms-id>107</ei-ms-id>
      <id>12020</id>
      <intensity>10.0</intensity>
      <mass-charge>341.0</mass-charge>
    </ei-ms-peak>
    <ei-ms-peak>
      <ei-ms-id>107</ei-ms-id>
      <id>12021</id>
      <intensity>10.0</intensity>
      <mass-charge>342.0</mass-charge>
    </ei-ms-peak>
    <ei-ms-peak>
      <ei-ms-id>107</ei-ms-id>
      <id>12022</id>
      <intensity>20.0</intensity>
      <mass-charge>348.0</mass-charge>
    </ei-ms-peak>
    <ei-ms-peak>
      <ei-ms-id>107</ei-ms-id>
      <id>12023</id>
      <intensity>20.0</intensity>
      <mass-charge>349.0</mass-charge>
    </ei-ms-peak>
    <ei-ms-peak>
      <ei-ms-id>107</ei-ms-id>
      <id>12024</id>
      <intensity>90.0</intensity>
      <mass-charge>350.0</mass-charge>
    </ei-ms-peak>
    <ei-ms-peak>
      <ei-ms-id>107</ei-ms-id>
      <id>12025</id>
      <intensity>20.0</intensity>
      <mass-charge>351.0</mass-charge>
    </ei-ms-peak>
    <ei-ms-peak>
      <ei-ms-id>107</ei-ms-id>
      <id>12026</id>
      <intensity>30.0</intensity>
      <mass-charge>352.0</mass-charge>
    </ei-ms-peak>
    <ei-ms-peak>
      <ei-ms-id>107</ei-ms-id>
      <id>12027</id>
      <intensity>739.0</intensity>
      <mass-charge>353.0</mass-charge>
    </ei-ms-peak>
    <ei-ms-peak>
      <ei-ms-id>107</ei-ms-id>
      <id>12028</id>
      <intensity>199.0</intensity>
      <mass-charge>354.0</mass-charge>
    </ei-ms-peak>
    <ei-ms-peak>
      <ei-ms-id>107</ei-ms-id>
      <id>12029</id>
      <intensity>30.0</intensity>
      <mass-charge>355.0</mass-charge>
    </ei-ms-peak>
    <ei-ms-peak>
      <ei-ms-id>107</ei-ms-id>
      <id>12030</id>
      <intensity>10.0</intensity>
      <mass-charge>358.0</mass-charge>
    </ei-ms-peak>
    <ei-ms-peak>
      <ei-ms-id>107</ei-ms-id>
      <id>12031</id>
      <intensity>10.0</intensity>
      <mass-charge>359.0</mass-charge>
    </ei-ms-peak>
    <ei-ms-peak>
      <ei-ms-id>107</ei-ms-id>
      <id>12032</id>
      <intensity>90.0</intensity>
      <mass-charge>360.0</mass-charge>
    </ei-ms-peak>
    <ei-ms-peak>
      <ei-ms-id>107</ei-ms-id>
      <id>12033</id>
      <intensity>30.0</intensity>
      <mass-charge>361.0</mass-charge>
    </ei-ms-peak>
    <ei-ms-peak>
      <ei-ms-id>107</ei-ms-id>
      <id>12034</id>
      <intensity>10.0</intensity>
      <mass-charge>362.0</mass-charge>
    </ei-ms-peak>
    <ei-ms-peak>
      <ei-ms-id>107</ei-ms-id>
      <id>12035</id>
      <intensity>10.0</intensity>
      <mass-charge>363.0</mass-charge>
    </ei-ms-peak>
    <ei-ms-peak>
      <ei-ms-id>107</ei-ms-id>
      <id>12036</id>
      <intensity>10.0</intensity>
      <mass-charge>364.0</mass-charge>
    </ei-ms-peak>
    <ei-ms-peak>
      <ei-ms-id>107</ei-ms-id>
      <id>12037</id>
      <intensity>119.0</intensity>
      <mass-charge>367.0</mass-charge>
    </ei-ms-peak>
    <ei-ms-peak>
      <ei-ms-id>107</ei-ms-id>
      <id>12038</id>
      <intensity>50.0</intensity>
      <mass-charge>368.0</mass-charge>
    </ei-ms-peak>
    <ei-ms-peak>
      <ei-ms-id>107</ei-ms-id>
      <id>12039</id>
      <intensity>10.0</intensity>
      <mass-charge>369.0</mass-charge>
    </ei-ms-peak>
    <ei-ms-peak>
      <ei-ms-id>107</ei-ms-id>
      <id>12040</id>
      <intensity>10.0</intensity>
      <mass-charge>374.0</mass-charge>
    </ei-ms-peak>
    <ei-ms-peak>
      <ei-ms-id>107</ei-ms-id>
      <id>12041</id>
      <intensity>10.0</intensity>
      <mass-charge>375.0</mass-charge>
    </ei-ms-peak>
    <ei-ms-peak>
      <ei-ms-id>107</ei-ms-id>
      <id>12042</id>
      <intensity>60.0</intensity>
      <mass-charge>376.0</mass-charge>
    </ei-ms-peak>
    <ei-ms-peak>
      <ei-ms-id>107</ei-ms-id>
      <id>12043</id>
      <intensity>50.0</intensity>
      <mass-charge>377.0</mass-charge>
    </ei-ms-peak>
    <ei-ms-peak>
      <ei-ms-id>107</ei-ms-id>
      <id>12044</id>
      <intensity>129.0</intensity>
      <mass-charge>378.0</mass-charge>
    </ei-ms-peak>
    <ei-ms-peak>
      <ei-ms-id>107</ei-ms-id>
      <id>12045</id>
      <intensity>70.0</intensity>
      <mass-charge>379.0</mass-charge>
    </ei-ms-peak>
    <ei-ms-peak>
      <ei-ms-id>107</ei-ms-id>
      <id>12046</id>
      <intensity>20.0</intensity>
      <mass-charge>380.0</mass-charge>
    </ei-ms-peak>
    <ei-ms-peak>
      <ei-ms-id>107</ei-ms-id>
      <id>12047</id>
      <intensity>20.0</intensity>
      <mass-charge>381.0</mass-charge>
    </ei-ms-peak>
    <ei-ms-peak>
      <ei-ms-id>107</ei-ms-id>
      <id>12048</id>
      <intensity>20.0</intensity>
      <mass-charge>382.0</mass-charge>
    </ei-ms-peak>
    <ei-ms-peak>
      <ei-ms-id>107</ei-ms-id>
      <id>12049</id>
      <intensity>10.0</intensity>
      <mass-charge>383.0</mass-charge>
    </ei-ms-peak>
    <ei-ms-peak>
      <ei-ms-id>107</ei-ms-id>
      <id>12050</id>
      <intensity>10.0</intensity>
      <mass-charge>392.0</mass-charge>
    </ei-ms-peak>
    <ei-ms-peak>
      <ei-ms-id>107</ei-ms-id>
      <id>12051</id>
      <intensity>10.0</intensity>
      <mass-charge>393.0</mass-charge>
    </ei-ms-peak>
    <ei-ms-peak>
      <ei-ms-id>107</ei-ms-id>
      <id>12052</id>
      <intensity>10.0</intensity>
      <mass-charge>394.0</mass-charge>
    </ei-ms-peak>
    <ei-ms-peak>
      <ei-ms-id>107</ei-ms-id>
      <id>12053</id>
      <intensity>50.0</intensity>
      <mass-charge>395.0</mass-charge>
    </ei-ms-peak>
    <ei-ms-peak>
      <ei-ms-id>107</ei-ms-id>
      <id>12054</id>
      <intensity>9839.0</intensity>
      <mass-charge>396.0</mass-charge>
    </ei-ms-peak>
    <ei-ms-peak>
      <ei-ms-id>107</ei-ms-id>
      <id>12055</id>
      <intensity>2919.0</intensity>
      <mass-charge>397.0</mass-charge>
    </ei-ms-peak>
    <ei-ms-peak>
      <ei-ms-id>107</ei-ms-id>
      <id>12056</id>
      <intensity>479.0</intensity>
      <mass-charge>398.0</mass-charge>
    </ei-ms-peak>
    <ei-ms-peak>
      <ei-ms-id>107</ei-ms-id>
      <id>12057</id>
      <intensity>50.0</intensity>
      <mass-charge>399.0</mass-charge>
    </ei-ms-peak>
  </ei-ms-peaks>
</ei-ms>
