<?xml version="1.0" encoding="UTF-8"?>
<ei-ms>
  <collection-date nil="true"/>
  <created-at>2014-09-20T16:44:04Z</created-at>
  <database-id>HMDB01927</database-id>
  <id>1106</id>
  <inchi-key>ZZVUWRFHKOJYTH-UHFFFAOYSA-N</inchi-key>
  <instrument-type nil="true"/>
  <molecule-id nil="true"/>
  <notes nil="true"/>
  <peak-counter>131</peak-counter>
  <sample-assessment nil="true"/>
  <sample-concentration nil="true"/>
  <sample-concentration-units nil="true"/>
  <sample-mass nil="true"/>
  <sample-mass-units nil="true"/>
  <sample-source nil="true"/>
  <solvent nil="true"/>
  <spectra-assessment nil="true"/>
  <updated-at>2014-09-20T16:44:04Z</updated-at>
  <references>
    <reference>
      <database>NIST</database>
      <database-id>58-73-1</database-id>
      <id>15978</id>
      <pubmed-id nil="true"/>
      <ref-text>NIST Mass Spec Data Center, S.E. Stein, director, "Mass Spectra" in NIST Chemistry WebBook, NIST Standard Reference Database Number 69, Eds. P.J. Linstrom and W.G. Mallard, National Institute of Standards and Technology, Gaithersburg MD, 20899, http://webbook.nist.gov, (retrieved September 6, 2014).</ref-text>
      <spectra-id>1106</spectra-id>
      <spectra-type>EiMs</spectra-type>
    </reference>
  </references>
  <ei-ms-peaks>
    <ei-ms-peak>
      <ei-ms-id>1106</ei-ms-id>
      <id>118973</id>
      <intensity>10.0</intensity>
      <mass-charge>14.0</mass-charge>
    </ei-ms-peak>
    <ei-ms-peak>
      <ei-ms-id>1106</ei-ms-id>
      <id>118974</id>
      <intensity>60.0</intensity>
      <mass-charge>15.0</mass-charge>
    </ei-ms-peak>
    <ei-ms-peak>
      <ei-ms-id>1106</ei-ms-id>
      <id>118975</id>
      <intensity>10.0</intensity>
      <mass-charge>16.0</mass-charge>
    </ei-ms-peak>
    <ei-ms-peak>
      <ei-ms-id>1106</ei-ms-id>
      <id>118976</id>
      <intensity>10.0</intensity>
      <mass-charge>19.0</mass-charge>
    </ei-ms-peak>
    <ei-ms-peak>
      <ei-ms-id>1106</ei-ms-id>
      <id>118977</id>
      <intensity>10.0</intensity>
      <mass-charge>25.0</mass-charge>
    </ei-ms-peak>
    <ei-ms-peak>
      <ei-ms-id>1106</ei-ms-id>
      <id>118978</id>
      <intensity>10.0</intensity>
      <mass-charge>26.0</mass-charge>
    </ei-ms-peak>
    <ei-ms-peak>
      <ei-ms-id>1106</ei-ms-id>
      <id>118979</id>
      <intensity>40.0</intensity>
      <mass-charge>27.0</mass-charge>
    </ei-ms-peak>
    <ei-ms-peak>
      <ei-ms-id>1106</ei-ms-id>
      <id>118980</id>
      <intensity>30.0</intensity>
      <mass-charge>28.0</mass-charge>
    </ei-ms-peak>
    <ei-ms-peak>
      <ei-ms-id>1106</ei-ms-id>
      <id>118981</id>
      <intensity>90.0</intensity>
      <mass-charge>29.0</mass-charge>
    </ei-ms-peak>
    <ei-ms-peak>
      <ei-ms-id>1106</ei-ms-id>
      <id>118982</id>
      <intensity>260.0</intensity>
      <mass-charge>30.0</mass-charge>
    </ei-ms-peak>
    <ei-ms-peak>
      <ei-ms-id>1106</ei-ms-id>
      <id>118983</id>
      <intensity>10.0</intensity>
      <mass-charge>31.0</mass-charge>
    </ei-ms-peak>
    <ei-ms-peak>
      <ei-ms-id>1106</ei-ms-id>
      <id>118984</id>
      <intensity>10.0</intensity>
      <mass-charge>37.0</mass-charge>
    </ei-ms-peak>
    <ei-ms-peak>
      <ei-ms-id>1106</ei-ms-id>
      <id>118985</id>
      <intensity>10.0</intensity>
      <mass-charge>38.0</mass-charge>
    </ei-ms-peak>
    <ei-ms-peak>
      <ei-ms-id>1106</ei-ms-id>
      <id>118986</id>
      <intensity>100.0</intensity>
      <mass-charge>39.0</mass-charge>
    </ei-ms-peak>
    <ei-ms-peak>
      <ei-ms-id>1106</ei-ms-id>
      <id>118987</id>
      <intensity>10.0</intensity>
      <mass-charge>40.0</mass-charge>
    </ei-ms-peak>
    <ei-ms-peak>
      <ei-ms-id>1106</ei-ms-id>
      <id>118988</id>
      <intensity>690.0</intensity>
      <mass-charge>42.0</mass-charge>
    </ei-ms-peak>
    <ei-ms-peak>
      <ei-ms-id>1106</ei-ms-id>
      <id>118989</id>
      <intensity>180.0</intensity>
      <mass-charge>43.0</mass-charge>
    </ei-ms-peak>
    <ei-ms-peak>
      <ei-ms-id>1106</ei-ms-id>
      <id>118990</id>
      <intensity>350.0</intensity>
      <mass-charge>44.0</mass-charge>
    </ei-ms-peak>
    <ei-ms-peak>
      <ei-ms-id>1106</ei-ms-id>
      <id>118991</id>
      <intensity>630.0</intensity>
      <mass-charge>45.0</mass-charge>
    </ei-ms-peak>
    <ei-ms-peak>
      <ei-ms-id>1106</ei-ms-id>
      <id>118992</id>
      <intensity>10.0</intensity>
      <mass-charge>46.0</mass-charge>
    </ei-ms-peak>
    <ei-ms-peak>
      <ei-ms-id>1106</ei-ms-id>
      <id>118993</id>
      <intensity>70.0</intensity>
      <mass-charge>50.0</mass-charge>
    </ei-ms-peak>
    <ei-ms-peak>
      <ei-ms-id>1106</ei-ms-id>
      <id>118994</id>
      <intensity>230.0</intensity>
      <mass-charge>51.0</mass-charge>
    </ei-ms-peak>
    <ei-ms-peak>
      <ei-ms-id>1106</ei-ms-id>
      <id>118995</id>
      <intensity>30.0</intensity>
      <mass-charge>52.0</mass-charge>
    </ei-ms-peak>
    <ei-ms-peak>
      <ei-ms-id>1106</ei-ms-id>
      <id>118996</id>
      <intensity>10.0</intensity>
      <mass-charge>53.0</mass-charge>
    </ei-ms-peak>
    <ei-ms-peak>
      <ei-ms-id>1106</ei-ms-id>
      <id>118997</id>
      <intensity>10.0</intensity>
      <mass-charge>54.0</mass-charge>
    </ei-ms-peak>
    <ei-ms-peak>
      <ei-ms-id>1106</ei-ms-id>
      <id>118998</id>
      <intensity>20.0</intensity>
      <mass-charge>55.0</mass-charge>
    </ei-ms-peak>
    <ei-ms-peak>
      <ei-ms-id>1106</ei-ms-id>
      <id>118999</id>
      <intensity>180.0</intensity>
      <mass-charge>56.0</mass-charge>
    </ei-ms-peak>
    <ei-ms-peak>
      <ei-ms-id>1106</ei-ms-id>
      <id>119000</id>
      <intensity>9999.0</intensity>
      <mass-charge>58.0</mass-charge>
    </ei-ms-peak>
    <ei-ms-peak>
      <ei-ms-id>1106</ei-ms-id>
      <id>119001</id>
      <intensity>370.0</intensity>
      <mass-charge>59.0</mass-charge>
    </ei-ms-peak>
    <ei-ms-peak>
      <ei-ms-id>1106</ei-ms-id>
      <id>119002</id>
      <intensity>10.0</intensity>
      <mass-charge>60.0</mass-charge>
    </ei-ms-peak>
    <ei-ms-peak>
      <ei-ms-id>1106</ei-ms-id>
      <id>119003</id>
      <intensity>10.0</intensity>
      <mass-charge>61.0</mass-charge>
    </ei-ms-peak>
    <ei-ms-peak>
      <ei-ms-id>1106</ei-ms-id>
      <id>119004</id>
      <intensity>30.0</intensity>
      <mass-charge>62.0</mass-charge>
    </ei-ms-peak>
    <ei-ms-peak>
      <ei-ms-id>1106</ei-ms-id>
      <id>119005</id>
      <intensity>100.0</intensity>
      <mass-charge>63.0</mass-charge>
    </ei-ms-peak>
    <ei-ms-peak>
      <ei-ms-id>1106</ei-ms-id>
      <id>119006</id>
      <intensity>20.0</intensity>
      <mass-charge>64.0</mass-charge>
    </ei-ms-peak>
    <ei-ms-peak>
      <ei-ms-id>1106</ei-ms-id>
      <id>119007</id>
      <intensity>60.0</intensity>
      <mass-charge>65.0</mass-charge>
    </ei-ms-peak>
    <ei-ms-peak>
      <ei-ms-id>1106</ei-ms-id>
      <id>119008</id>
      <intensity>10.0</intensity>
      <mass-charge>66.0</mass-charge>
    </ei-ms-peak>
    <ei-ms-peak>
      <ei-ms-id>1106</ei-ms-id>
      <id>119009</id>
      <intensity>10.0</intensity>
      <mass-charge>68.0</mass-charge>
    </ei-ms-peak>
    <ei-ms-peak>
      <ei-ms-id>1106</ei-ms-id>
      <id>119010</id>
      <intensity>60.0</intensity>
      <mass-charge>70.0</mass-charge>
    </ei-ms-peak>
    <ei-ms-peak>
      <ei-ms-id>1106</ei-ms-id>
      <id>119011</id>
      <intensity>60.0</intensity>
      <mass-charge>71.0</mass-charge>
    </ei-ms-peak>
    <ei-ms-peak>
      <ei-ms-id>1106</ei-ms-id>
      <id>119012</id>
      <intensity>1701.0</intensity>
      <mass-charge>73.0</mass-charge>
    </ei-ms-peak>
    <ei-ms-peak>
      <ei-ms-id>1106</ei-ms-id>
      <id>119013</id>
      <intensity>110.0</intensity>
      <mass-charge>74.0</mass-charge>
    </ei-ms-peak>
    <ei-ms-peak>
      <ei-ms-id>1106</ei-ms-id>
      <id>119014</id>
      <intensity>30.0</intensity>
      <mass-charge>75.0</mass-charge>
    </ei-ms-peak>
    <ei-ms-peak>
      <ei-ms-id>1106</ei-ms-id>
      <id>119015</id>
      <intensity>50.0</intensity>
      <mass-charge>76.0</mass-charge>
    </ei-ms-peak>
    <ei-ms-peak>
      <ei-ms-id>1106</ei-ms-id>
      <id>119016</id>
      <intensity>370.0</intensity>
      <mass-charge>77.0</mass-charge>
    </ei-ms-peak>
    <ei-ms-peak>
      <ei-ms-id>1106</ei-ms-id>
      <id>119017</id>
      <intensity>60.0</intensity>
      <mass-charge>78.0</mass-charge>
    </ei-ms-peak>
    <ei-ms-peak>
      <ei-ms-id>1106</ei-ms-id>
      <id>119018</id>
      <intensity>10.0</intensity>
      <mass-charge>79.0</mass-charge>
    </ei-ms-peak>
    <ei-ms-peak>
      <ei-ms-id>1106</ei-ms-id>
      <id>119019</id>
      <intensity>10.0</intensity>
      <mass-charge>80.0</mass-charge>
    </ei-ms-peak>
    <ei-ms-peak>
      <ei-ms-id>1106</ei-ms-id>
      <id>119020</id>
      <intensity>30.0</intensity>
      <mass-charge>82.0</mass-charge>
    </ei-ms-peak>
    <ei-ms-peak>
      <ei-ms-id>1106</ei-ms-id>
      <id>119021</id>
      <intensity>30.0</intensity>
      <mass-charge>83.0</mass-charge>
    </ei-ms-peak>
    <ei-ms-peak>
      <ei-ms-id>1106</ei-ms-id>
      <id>119022</id>
      <intensity>40.0</intensity>
      <mass-charge>86.0</mass-charge>
    </ei-ms-peak>
    <ei-ms-peak>
      <ei-ms-id>1106</ei-ms-id>
      <id>119023</id>
      <intensity>20.0</intensity>
      <mass-charge>87.0</mass-charge>
    </ei-ms-peak>
    <ei-ms-peak>
      <ei-ms-id>1106</ei-ms-id>
      <id>119024</id>
      <intensity>40.0</intensity>
      <mass-charge>88.0</mass-charge>
    </ei-ms-peak>
    <ei-ms-peak>
      <ei-ms-id>1106</ei-ms-id>
      <id>119025</id>
      <intensity>110.0</intensity>
      <mass-charge>89.0</mass-charge>
    </ei-ms-peak>
    <ei-ms-peak>
      <ei-ms-id>1106</ei-ms-id>
      <id>119026</id>
      <intensity>30.0</intensity>
      <mass-charge>90.0</mass-charge>
    </ei-ms-peak>
    <ei-ms-peak>
      <ei-ms-id>1106</ei-ms-id>
      <id>119027</id>
      <intensity>50.0</intensity>
      <mass-charge>91.0</mass-charge>
    </ei-ms-peak>
    <ei-ms-peak>
      <ei-ms-id>1106</ei-ms-id>
      <id>119028</id>
      <intensity>10.0</intensity>
      <mass-charge>92.0</mass-charge>
    </ei-ms-peak>
    <ei-ms-peak>
      <ei-ms-id>1106</ei-ms-id>
      <id>119029</id>
      <intensity>10.0</intensity>
      <mass-charge>93.0</mass-charge>
    </ei-ms-peak>
    <ei-ms-peak>
      <ei-ms-id>1106</ei-ms-id>
      <id>119030</id>
      <intensity>10.0</intensity>
      <mass-charge>98.0</mass-charge>
    </ei-ms-peak>
    <ei-ms-peak>
      <ei-ms-id>1106</ei-ms-id>
      <id>119031</id>
      <intensity>10.0</intensity>
      <mass-charge>99.0</mass-charge>
    </ei-ms-peak>
    <ei-ms-peak>
      <ei-ms-id>1106</ei-ms-id>
      <id>119032</id>
      <intensity>10.0</intensity>
      <mass-charge>100.0</mass-charge>
    </ei-ms-peak>
    <ei-ms-peak>
      <ei-ms-id>1106</ei-ms-id>
      <id>119033</id>
      <intensity>10.0</intensity>
      <mass-charge>101.0</mass-charge>
    </ei-ms-peak>
    <ei-ms-peak>
      <ei-ms-id>1106</ei-ms-id>
      <id>119034</id>
      <intensity>30.0</intensity>
      <mass-charge>102.0</mass-charge>
    </ei-ms-peak>
    <ei-ms-peak>
      <ei-ms-id>1106</ei-ms-id>
      <id>119035</id>
      <intensity>10.0</intensity>
      <mass-charge>103.0</mass-charge>
    </ei-ms-peak>
    <ei-ms-peak>
      <ei-ms-id>1106</ei-ms-id>
      <id>119036</id>
      <intensity>130.0</intensity>
      <mass-charge>105.0</mass-charge>
    </ei-ms-peak>
    <ei-ms-peak>
      <ei-ms-id>1106</ei-ms-id>
      <id>119037</id>
      <intensity>10.0</intensity>
      <mass-charge>106.0</mass-charge>
    </ei-ms-peak>
    <ei-ms-peak>
      <ei-ms-id>1106</ei-ms-id>
      <id>119038</id>
      <intensity>10.0</intensity>
      <mass-charge>107.0</mass-charge>
    </ei-ms-peak>
    <ei-ms-peak>
      <ei-ms-id>1106</ei-ms-id>
      <id>119039</id>
      <intensity>10.0</intensity>
      <mass-charge>109.0</mass-charge>
    </ei-ms-peak>
    <ei-ms-peak>
      <ei-ms-id>1106</ei-ms-id>
      <id>119040</id>
      <intensity>10.0</intensity>
      <mass-charge>110.0</mass-charge>
    </ei-ms-peak>
    <ei-ms-peak>
      <ei-ms-id>1106</ei-ms-id>
      <id>119041</id>
      <intensity>10.0</intensity>
      <mass-charge>111.0</mass-charge>
    </ei-ms-peak>
    <ei-ms-peak>
      <ei-ms-id>1106</ei-ms-id>
      <id>119042</id>
      <intensity>10.0</intensity>
      <mass-charge>112.0</mass-charge>
    </ei-ms-peak>
    <ei-ms-peak>
      <ei-ms-id>1106</ei-ms-id>
      <id>119043</id>
      <intensity>20.0</intensity>
      <mass-charge>113.0</mass-charge>
    </ei-ms-peak>
    <ei-ms-peak>
      <ei-ms-id>1106</ei-ms-id>
      <id>119044</id>
      <intensity>170.0</intensity>
      <mass-charge>115.0</mass-charge>
    </ei-ms-peak>
    <ei-ms-peak>
      <ei-ms-id>1106</ei-ms-id>
      <id>119045</id>
      <intensity>10.0</intensity>
      <mass-charge>116.0</mass-charge>
    </ei-ms-peak>
    <ei-ms-peak>
      <ei-ms-id>1106</ei-ms-id>
      <id>119046</id>
      <intensity>10.0</intensity>
      <mass-charge>117.0</mass-charge>
    </ei-ms-peak>
    <ei-ms-peak>
      <ei-ms-id>1106</ei-ms-id>
      <id>119047</id>
      <intensity>10.0</intensity>
      <mass-charge>118.0</mass-charge>
    </ei-ms-peak>
    <ei-ms-peak>
      <ei-ms-id>1106</ei-ms-id>
      <id>119048</id>
      <intensity>10.0</intensity>
      <mass-charge>119.0</mass-charge>
    </ei-ms-peak>
    <ei-ms-peak>
      <ei-ms-id>1106</ei-ms-id>
      <id>119049</id>
      <intensity>10.0</intensity>
      <mass-charge>120.0</mass-charge>
    </ei-ms-peak>
    <ei-ms-peak>
      <ei-ms-id>1106</ei-ms-id>
      <id>119050</id>
      <intensity>10.0</intensity>
      <mass-charge>121.0</mass-charge>
    </ei-ms-peak>
    <ei-ms-peak>
      <ei-ms-id>1106</ei-ms-id>
      <id>119051</id>
      <intensity>10.0</intensity>
      <mass-charge>122.0</mass-charge>
    </ei-ms-peak>
    <ei-ms-peak>
      <ei-ms-id>1106</ei-ms-id>
      <id>119052</id>
      <intensity>10.0</intensity>
      <mass-charge>123.0</mass-charge>
    </ei-ms-peak>
    <ei-ms-peak>
      <ei-ms-id>1106</ei-ms-id>
      <id>119053</id>
      <intensity>30.0</intensity>
      <mass-charge>126.0</mass-charge>
    </ei-ms-peak>
    <ei-ms-peak>
      <ei-ms-id>1106</ei-ms-id>
      <id>119054</id>
      <intensity>20.0</intensity>
      <mass-charge>127.0</mass-charge>
    </ei-ms-peak>
    <ei-ms-peak>
      <ei-ms-id>1106</ei-ms-id>
      <id>119055</id>
      <intensity>80.0</intensity>
      <mass-charge>128.0</mass-charge>
    </ei-ms-peak>
    <ei-ms-peak>
      <ei-ms-id>1106</ei-ms-id>
      <id>119056</id>
      <intensity>10.0</intensity>
      <mass-charge>129.0</mass-charge>
    </ei-ms-peak>
    <ei-ms-peak>
      <ei-ms-id>1106</ei-ms-id>
      <id>119057</id>
      <intensity>10.0</intensity>
      <mass-charge>130.0</mass-charge>
    </ei-ms-peak>
    <ei-ms-peak>
      <ei-ms-id>1106</ei-ms-id>
      <id>119058</id>
      <intensity>10.0</intensity>
      <mass-charge>131.0</mass-charge>
    </ei-ms-peak>
    <ei-ms-peak>
      <ei-ms-id>1106</ei-ms-id>
      <id>119059</id>
      <intensity>10.0</intensity>
      <mass-charge>132.0</mass-charge>
    </ei-ms-peak>
    <ei-ms-peak>
      <ei-ms-id>1106</ei-ms-id>
      <id>119060</id>
      <intensity>10.0</intensity>
      <mass-charge>133.0</mass-charge>
    </ei-ms-peak>
    <ei-ms-peak>
      <ei-ms-id>1106</ei-ms-id>
      <id>119061</id>
      <intensity>10.0</intensity>
      <mass-charge>134.0</mass-charge>
    </ei-ms-peak>
    <ei-ms-peak>
      <ei-ms-id>1106</ei-ms-id>
      <id>119062</id>
      <intensity>10.0</intensity>
      <mass-charge>135.0</mass-charge>
    </ei-ms-peak>
    <ei-ms-peak>
      <ei-ms-id>1106</ei-ms-id>
      <id>119063</id>
      <intensity>10.0</intensity>
      <mass-charge>137.0</mass-charge>
    </ei-ms-peak>
    <ei-ms-peak>
      <ei-ms-id>1106</ei-ms-id>
      <id>119064</id>
      <intensity>130.0</intensity>
      <mass-charge>139.0</mass-charge>
    </ei-ms-peak>
    <ei-ms-peak>
      <ei-ms-id>1106</ei-ms-id>
      <id>119065</id>
      <intensity>10.0</intensity>
      <mass-charge>140.0</mass-charge>
    </ei-ms-peak>
    <ei-ms-peak>
      <ei-ms-id>1106</ei-ms-id>
      <id>119066</id>
      <intensity>30.0</intensity>
      <mass-charge>141.0</mass-charge>
    </ei-ms-peak>
    <ei-ms-peak>
      <ei-ms-id>1106</ei-ms-id>
      <id>119067</id>
      <intensity>10.0</intensity>
      <mass-charge>142.0</mass-charge>
    </ei-ms-peak>
    <ei-ms-peak>
      <ei-ms-id>1106</ei-ms-id>
      <id>119068</id>
      <intensity>10.0</intensity>
      <mass-charge>146.0</mass-charge>
    </ei-ms-peak>
    <ei-ms-peak>
      <ei-ms-id>1106</ei-ms-id>
      <id>119069</id>
      <intensity>10.0</intensity>
      <mass-charge>147.0</mass-charge>
    </ei-ms-peak>
    <ei-ms-peak>
      <ei-ms-id>1106</ei-ms-id>
      <id>119070</id>
      <intensity>10.0</intensity>
      <mass-charge>148.0</mass-charge>
    </ei-ms-peak>
    <ei-ms-peak>
      <ei-ms-id>1106</ei-ms-id>
      <id>119071</id>
      <intensity>10.0</intensity>
      <mass-charge>150.0</mass-charge>
    </ei-ms-peak>
    <ei-ms-peak>
      <ei-ms-id>1106</ei-ms-id>
      <id>119072</id>
      <intensity>580.0</intensity>
      <mass-charge>152.0</mass-charge>
    </ei-ms-peak>
    <ei-ms-peak>
      <ei-ms-id>1106</ei-ms-id>
      <id>119073</id>
      <intensity>90.0</intensity>
      <mass-charge>153.0</mass-charge>
    </ei-ms-peak>
    <ei-ms-peak>
      <ei-ms-id>1106</ei-ms-id>
      <id>119074</id>
      <intensity>10.0</intensity>
      <mass-charge>154.0</mass-charge>
    </ei-ms-peak>
    <ei-ms-peak>
      <ei-ms-id>1106</ei-ms-id>
      <id>119075</id>
      <intensity>10.0</intensity>
      <mass-charge>155.0</mass-charge>
    </ei-ms-peak>
    <ei-ms-peak>
      <ei-ms-id>1106</ei-ms-id>
      <id>119076</id>
      <intensity>10.0</intensity>
      <mass-charge>156.0</mass-charge>
    </ei-ms-peak>
    <ei-ms-peak>
      <ei-ms-id>1106</ei-ms-id>
      <id>119077</id>
      <intensity>10.0</intensity>
      <mass-charge>159.0</mass-charge>
    </ei-ms-peak>
    <ei-ms-peak>
      <ei-ms-id>1106</ei-ms-id>
      <id>119078</id>
      <intensity>10.0</intensity>
      <mass-charge>161.0</mass-charge>
    </ei-ms-peak>
    <ei-ms-peak>
      <ei-ms-id>1106</ei-ms-id>
      <id>119079</id>
      <intensity>110.0</intensity>
      <mass-charge>163.0</mass-charge>
    </ei-ms-peak>
    <ei-ms-peak>
      <ei-ms-id>1106</ei-ms-id>
      <id>119080</id>
      <intensity>1521.0</intensity>
      <mass-charge>165.0</mass-charge>
    </ei-ms-peak>
    <ei-ms-peak>
      <ei-ms-id>1106</ei-ms-id>
      <id>119081</id>
      <intensity>550.0</intensity>
      <mass-charge>166.0</mass-charge>
    </ei-ms-peak>
    <ei-ms-peak>
      <ei-ms-id>1106</ei-ms-id>
      <id>119082</id>
      <intensity>620.0</intensity>
      <mass-charge>167.0</mass-charge>
    </ei-ms-peak>
    <ei-ms-peak>
      <ei-ms-id>1106</ei-ms-id>
      <id>119083</id>
      <intensity>90.0</intensity>
      <mass-charge>168.0</mass-charge>
    </ei-ms-peak>
    <ei-ms-peak>
      <ei-ms-id>1106</ei-ms-id>
      <id>119084</id>
      <intensity>10.0</intensity>
      <mass-charge>169.0</mass-charge>
    </ei-ms-peak>
    <ei-ms-peak>
      <ei-ms-id>1106</ei-ms-id>
      <id>119085</id>
      <intensity>10.0</intensity>
      <mass-charge>176.0</mass-charge>
    </ei-ms-peak>
    <ei-ms-peak>
      <ei-ms-id>1106</ei-ms-id>
      <id>119086</id>
      <intensity>10.0</intensity>
      <mass-charge>177.0</mass-charge>
    </ei-ms-peak>
    <ei-ms-peak>
      <ei-ms-id>1106</ei-ms-id>
      <id>119087</id>
      <intensity>10.0</intensity>
      <mass-charge>178.0</mass-charge>
    </ei-ms-peak>
    <ei-ms-peak>
      <ei-ms-id>1106</ei-ms-id>
      <id>119088</id>
      <intensity>10.0</intensity>
      <mass-charge>179.0</mass-charge>
    </ei-ms-peak>
    <ei-ms-peak>
      <ei-ms-id>1106</ei-ms-id>
      <id>119089</id>
      <intensity>10.0</intensity>
      <mass-charge>180.0</mass-charge>
    </ei-ms-peak>
    <ei-ms-peak>
      <ei-ms-id>1106</ei-ms-id>
      <id>119090</id>
      <intensity>10.0</intensity>
      <mass-charge>181.0</mass-charge>
    </ei-ms-peak>
    <ei-ms-peak>
      <ei-ms-id>1106</ei-ms-id>
      <id>119091</id>
      <intensity>10.0</intensity>
      <mass-charge>182.0</mass-charge>
    </ei-ms-peak>
    <ei-ms-peak>
      <ei-ms-id>1106</ei-ms-id>
      <id>119092</id>
      <intensity>10.0</intensity>
      <mass-charge>183.0</mass-charge>
    </ei-ms-peak>
    <ei-ms-peak>
      <ei-ms-id>1106</ei-ms-id>
      <id>119093</id>
      <intensity>10.0</intensity>
      <mass-charge>184.0</mass-charge>
    </ei-ms-peak>
    <ei-ms-peak>
      <ei-ms-id>1106</ei-ms-id>
      <id>119094</id>
      <intensity>10.0</intensity>
      <mass-charge>195.0</mass-charge>
    </ei-ms-peak>
    <ei-ms-peak>
      <ei-ms-id>1106</ei-ms-id>
      <id>119095</id>
      <intensity>10.0</intensity>
      <mass-charge>196.0</mass-charge>
    </ei-ms-peak>
    <ei-ms-peak>
      <ei-ms-id>1106</ei-ms-id>
      <id>119096</id>
      <intensity>10.0</intensity>
      <mass-charge>208.0</mass-charge>
    </ei-ms-peak>
    <ei-ms-peak>
      <ei-ms-id>1106</ei-ms-id>
      <id>119097</id>
      <intensity>10.0</intensity>
      <mass-charge>209.0</mass-charge>
    </ei-ms-peak>
    <ei-ms-peak>
      <ei-ms-id>1106</ei-ms-id>
      <id>119098</id>
      <intensity>10.0</intensity>
      <mass-charge>223.0</mass-charge>
    </ei-ms-peak>
    <ei-ms-peak>
      <ei-ms-id>1106</ei-ms-id>
      <id>119099</id>
      <intensity>10.0</intensity>
      <mass-charge>224.0</mass-charge>
    </ei-ms-peak>
    <ei-ms-peak>
      <ei-ms-id>1106</ei-ms-id>
      <id>119100</id>
      <intensity>40.0</intensity>
      <mass-charge>227.0</mass-charge>
    </ei-ms-peak>
    <ei-ms-peak>
      <ei-ms-id>1106</ei-ms-id>
      <id>119101</id>
      <intensity>10.0</intensity>
      <mass-charge>228.0</mass-charge>
    </ei-ms-peak>
    <ei-ms-peak>
      <ei-ms-id>1106</ei-ms-id>
      <id>119102</id>
      <intensity>10.0</intensity>
      <mass-charge>255.0</mass-charge>
    </ei-ms-peak>
    <ei-ms-peak>
      <ei-ms-id>1106</ei-ms-id>
      <id>119103</id>
      <intensity>10.0</intensity>
      <mass-charge>256.0</mass-charge>
    </ei-ms-peak>
  </ei-ms-peaks>
</ei-ms>
