<?xml version="1.0" encoding="UTF-8"?>
<ei-ms>
  <collection-date nil="true"/>
  <created-at>2014-09-20T16:40:22Z</created-at>
  <database-id>HMDB15292</database-id>
  <id>955</id>
  <inchi-key>VDANGULDQQJODZ-UHFFFAOYSA-N</inchi-key>
  <instrument-type nil="true"/>
  <molecule-id nil="true"/>
  <notes nil="true"/>
  <peak-counter>62</peak-counter>
  <sample-assessment nil="true"/>
  <sample-concentration nil="true"/>
  <sample-concentration-units nil="true"/>
  <sample-mass nil="true"/>
  <sample-mass-units nil="true"/>
  <sample-source nil="true"/>
  <solvent nil="true"/>
  <spectra-assessment nil="true"/>
  <updated-at>2014-09-20T16:40:22Z</updated-at>
  <references>
    <reference>
      <database>NIST</database>
      <database-id>133-16-4</database-id>
      <id>15827</id>
      <pubmed-id nil="true"/>
      <ref-text>NIST Mass Spec Data Center, S.E. Stein, director, "Mass Spectra" in NIST Chemistry WebBook, NIST Standard Reference Database Number 69, Eds. P.J. Linstrom and W.G. Mallard, National Institute of Standards and Technology, Gaithersburg MD, 20899, http://webbook.nist.gov, (retrieved September 6, 2014).</ref-text>
      <spectra-id>955</spectra-id>
      <spectra-type>EiMs</spectra-type>
    </reference>
  </references>
  <ei-ms-peaks>
    <ei-ms-peak>
      <ei-ms-id>955</ei-ms-id>
      <id>103227</id>
      <intensity>22.0</intensity>
      <mass-charge>46.0</mass-charge>
    </ei-ms-peak>
    <ei-ms-peak>
      <ei-ms-id>955</ei-ms-id>
      <id>103228</id>
      <intensity>34.0</intensity>
      <mass-charge>50.0</mass-charge>
    </ei-ms-peak>
    <ei-ms-peak>
      <ei-ms-id>955</ei-ms-id>
      <id>103229</id>
      <intensity>41.0</intensity>
      <mass-charge>51.0</mass-charge>
    </ei-ms-peak>
    <ei-ms-peak>
      <ei-ms-id>955</ei-ms-id>
      <id>103230</id>
      <intensity>72.0</intensity>
      <mass-charge>52.0</mass-charge>
    </ei-ms-peak>
    <ei-ms-peak>
      <ei-ms-id>955</ei-ms-id>
      <id>103231</id>
      <intensity>33.0</intensity>
      <mass-charge>53.0</mass-charge>
    </ei-ms-peak>
    <ei-ms-peak>
      <ei-ms-id>955</ei-ms-id>
      <id>103232</id>
      <intensity>81.0</intensity>
      <mass-charge>54.0</mass-charge>
    </ei-ms-peak>
    <ei-ms-peak>
      <ei-ms-id>955</ei-ms-id>
      <id>103233</id>
      <intensity>74.0</intensity>
      <mass-charge>55.0</mass-charge>
    </ei-ms-peak>
    <ei-ms-peak>
      <ei-ms-id>955</ei-ms-id>
      <id>103234</id>
      <intensity>525.0</intensity>
      <mass-charge>56.0</mass-charge>
    </ei-ms-peak>
    <ei-ms-peak>
      <ei-ms-id>955</ei-ms-id>
      <id>103235</id>
      <intensity>157.0</intensity>
      <mass-charge>57.0</mass-charge>
    </ei-ms-peak>
    <ei-ms-peak>
      <ei-ms-id>955</ei-ms-id>
      <id>103236</id>
      <intensity>972.0</intensity>
      <mass-charge>58.0</mass-charge>
    </ei-ms-peak>
    <ei-ms-peak>
      <ei-ms-id>955</ei-ms-id>
      <id>103237</id>
      <intensity>27.0</intensity>
      <mass-charge>59.0</mass-charge>
    </ei-ms-peak>
    <ei-ms-peak>
      <ei-ms-id>955</ei-ms-id>
      <id>103238</id>
      <intensity>11.0</intensity>
      <mass-charge>61.0</mass-charge>
    </ei-ms-peak>
    <ei-ms-peak>
      <ei-ms-id>955</ei-ms-id>
      <id>103239</id>
      <intensity>53.0</intensity>
      <mass-charge>62.0</mass-charge>
    </ei-ms-peak>
    <ei-ms-peak>
      <ei-ms-id>955</ei-ms-id>
      <id>103240</id>
      <intensity>268.0</intensity>
      <mass-charge>63.0</mass-charge>
    </ei-ms-peak>
    <ei-ms-peak>
      <ei-ms-id>955</ei-ms-id>
      <id>103241</id>
      <intensity>86.0</intensity>
      <mass-charge>64.0</mass-charge>
    </ei-ms-peak>
    <ei-ms-peak>
      <ei-ms-id>955</ei-ms-id>
      <id>103242</id>
      <intensity>91.0</intensity>
      <mass-charge>65.0</mass-charge>
    </ei-ms-peak>
    <ei-ms-peak>
      <ei-ms-id>955</ei-ms-id>
      <id>103243</id>
      <intensity>35.0</intensity>
      <mass-charge>66.0</mass-charge>
    </ei-ms-peak>
    <ei-ms-peak>
      <ei-ms-id>955</ei-ms-id>
      <id>103244</id>
      <intensity>23.0</intensity>
      <mass-charge>68.0</mass-charge>
    </ei-ms-peak>
    <ei-ms-peak>
      <ei-ms-id>955</ei-ms-id>
      <id>103245</id>
      <intensity>22.0</intensity>
      <mass-charge>69.0</mass-charge>
    </ei-ms-peak>
    <ei-ms-peak>
      <ei-ms-id>955</ei-ms-id>
      <id>103246</id>
      <intensity>167.0</intensity>
      <mass-charge>70.0</mass-charge>
    </ei-ms-peak>
    <ei-ms-peak>
      <ei-ms-id>955</ei-ms-id>
      <id>103247</id>
      <intensity>380.0</intensity>
      <mass-charge>71.0</mass-charge>
    </ei-ms-peak>
    <ei-ms-peak>
      <ei-ms-id>955</ei-ms-id>
      <id>103248</id>
      <intensity>106.0</intensity>
      <mass-charge>72.0</mass-charge>
    </ei-ms-peak>
    <ei-ms-peak>
      <ei-ms-id>955</ei-ms-id>
      <id>103249</id>
      <intensity>57.0</intensity>
      <mass-charge>73.0</mass-charge>
    </ei-ms-peak>
    <ei-ms-peak>
      <ei-ms-id>955</ei-ms-id>
      <id>103250</id>
      <intensity>28.0</intensity>
      <mass-charge>74.0</mass-charge>
    </ei-ms-peak>
    <ei-ms-peak>
      <ei-ms-id>955</ei-ms-id>
      <id>103251</id>
      <intensity>44.0</intensity>
      <mass-charge>75.0</mass-charge>
    </ei-ms-peak>
    <ei-ms-peak>
      <ei-ms-id>955</ei-ms-id>
      <id>103252</id>
      <intensity>14.0</intensity>
      <mass-charge>76.0</mass-charge>
    </ei-ms-peak>
    <ei-ms-peak>
      <ei-ms-id>955</ei-ms-id>
      <id>103253</id>
      <intensity>22.0</intensity>
      <mass-charge>77.0</mass-charge>
    </ei-ms-peak>
    <ei-ms-peak>
      <ei-ms-id>955</ei-ms-id>
      <id>103254</id>
      <intensity>21.0</intensity>
      <mass-charge>79.0</mass-charge>
    </ei-ms-peak>
    <ei-ms-peak>
      <ei-ms-id>955</ei-ms-id>
      <id>103255</id>
      <intensity>15.0</intensity>
      <mass-charge>81.0</mass-charge>
    </ei-ms-peak>
    <ei-ms-peak>
      <ei-ms-id>955</ei-ms-id>
      <id>103256</id>
      <intensity>21.0</intensity>
      <mass-charge>82.0</mass-charge>
    </ei-ms-peak>
    <ei-ms-peak>
      <ei-ms-id>955</ei-ms-id>
      <id>103257</id>
      <intensity>307.0</intensity>
      <mass-charge>84.0</mass-charge>
    </ei-ms-peak>
    <ei-ms-peak>
      <ei-ms-id>955</ei-ms-id>
      <id>103258</id>
      <intensity>9999.0</intensity>
      <mass-charge>86.0</mass-charge>
    </ei-ms-peak>
    <ei-ms-peak>
      <ei-ms-id>955</ei-ms-id>
      <id>103259</id>
      <intensity>577.0</intensity>
      <mass-charge>87.0</mass-charge>
    </ei-ms-peak>
    <ei-ms-peak>
      <ei-ms-id>955</ei-ms-id>
      <id>103260</id>
      <intensity>41.0</intensity>
      <mass-charge>88.0</mass-charge>
    </ei-ms-peak>
    <ei-ms-peak>
      <ei-ms-id>955</ei-ms-id>
      <id>103261</id>
      <intensity>48.0</intensity>
      <mass-charge>89.0</mass-charge>
    </ei-ms-peak>
    <ei-ms-peak>
      <ei-ms-id>955</ei-ms-id>
      <id>103262</id>
      <intensity>273.0</intensity>
      <mass-charge>90.0</mass-charge>
    </ei-ms-peak>
    <ei-ms-peak>
      <ei-ms-id>955</ei-ms-id>
      <id>103263</id>
      <intensity>103.0</intensity>
      <mass-charge>91.0</mass-charge>
    </ei-ms-peak>
    <ei-ms-peak>
      <ei-ms-id>955</ei-ms-id>
      <id>103264</id>
      <intensity>60.0</intensity>
      <mass-charge>92.0</mass-charge>
    </ei-ms-peak>
    <ei-ms-peak>
      <ei-ms-id>955</ei-ms-id>
      <id>103265</id>
      <intensity>3.0</intensity>
      <mass-charge>96.0</mass-charge>
    </ei-ms-peak>
    <ei-ms-peak>
      <ei-ms-id>955</ei-ms-id>
      <id>103266</id>
      <intensity>37.0</intensity>
      <mass-charge>97.0</mass-charge>
    </ei-ms-peak>
    <ei-ms-peak>
      <ei-ms-id>955</ei-ms-id>
      <id>103267</id>
      <intensity>2616.0</intensity>
      <mass-charge>99.0</mass-charge>
    </ei-ms-peak>
    <ei-ms-peak>
      <ei-ms-id>955</ei-ms-id>
      <id>103268</id>
      <intensity>227.0</intensity>
      <mass-charge>100.0</mass-charge>
    </ei-ms-peak>
    <ei-ms-peak>
      <ei-ms-id>955</ei-ms-id>
      <id>103269</id>
      <intensity>100.0</intensity>
      <mass-charge>101.0</mass-charge>
    </ei-ms-peak>
    <ei-ms-peak>
      <ei-ms-id>955</ei-ms-id>
      <id>103270</id>
      <intensity>21.0</intensity>
      <mass-charge>114.0</mass-charge>
    </ei-ms-peak>
    <ei-ms-peak>
      <ei-ms-id>955</ei-ms-id>
      <id>103271</id>
      <intensity>18.0</intensity>
      <mass-charge>118.0</mass-charge>
    </ei-ms-peak>
    <ei-ms-peak>
      <ei-ms-id>955</ei-ms-id>
      <id>103272</id>
      <intensity>8.0</intensity>
      <mass-charge>119.0</mass-charge>
    </ei-ms-peak>
    <ei-ms-peak>
      <ei-ms-id>955</ei-ms-id>
      <id>103273</id>
      <intensity>113.0</intensity>
      <mass-charge>120.0</mass-charge>
    </ei-ms-peak>
    <ei-ms-peak>
      <ei-ms-id>955</ei-ms-id>
      <id>103274</id>
      <intensity>48.0</intensity>
      <mass-charge>125.0</mass-charge>
    </ei-ms-peak>
    <ei-ms-peak>
      <ei-ms-id>955</ei-ms-id>
      <id>103275</id>
      <intensity>300.0</intensity>
      <mass-charge>126.0</mass-charge>
    </ei-ms-peak>
    <ei-ms-peak>
      <ei-ms-id>955</ei-ms-id>
      <id>103276</id>
      <intensity>146.0</intensity>
      <mass-charge>128.0</mass-charge>
    </ei-ms-peak>
    <ei-ms-peak>
      <ei-ms-id>955</ei-ms-id>
      <id>103277</id>
      <intensity>19.0</intensity>
      <mass-charge>140.0</mass-charge>
    </ei-ms-peak>
    <ei-ms-peak>
      <ei-ms-id>955</ei-ms-id>
      <id>103278</id>
      <intensity>14.0</intensity>
      <mass-charge>142.0</mass-charge>
    </ei-ms-peak>
    <ei-ms-peak>
      <ei-ms-id>955</ei-ms-id>
      <id>103279</id>
      <intensity>1474.0</intensity>
      <mass-charge>154.0</mass-charge>
    </ei-ms-peak>
    <ei-ms-peak>
      <ei-ms-id>955</ei-ms-id>
      <id>103280</id>
      <intensity>141.0</intensity>
      <mass-charge>155.0</mass-charge>
    </ei-ms-peak>
    <ei-ms-peak>
      <ei-ms-id>955</ei-ms-id>
      <id>103281</id>
      <intensity>452.0</intensity>
      <mass-charge>156.0</mass-charge>
    </ei-ms-peak>
    <ei-ms-peak>
      <ei-ms-id>955</ei-ms-id>
      <id>103282</id>
      <intensity>46.0</intensity>
      <mass-charge>157.0</mass-charge>
    </ei-ms-peak>
    <ei-ms-peak>
      <ei-ms-id>955</ei-ms-id>
      <id>103283</id>
      <intensity>56.0</intensity>
      <mass-charge>171.0</mass-charge>
    </ei-ms-peak>
    <ei-ms-peak>
      <ei-ms-id>955</ei-ms-id>
      <id>103284</id>
      <intensity>26.0</intensity>
      <mass-charge>173.0</mass-charge>
    </ei-ms-peak>
    <ei-ms-peak>
      <ei-ms-id>955</ei-ms-id>
      <id>103285</id>
      <intensity>259.0</intensity>
      <mass-charge>198.0</mass-charge>
    </ei-ms-peak>
    <ei-ms-peak>
      <ei-ms-id>955</ei-ms-id>
      <id>103286</id>
      <intensity>40.0</intensity>
      <mass-charge>199.0</mass-charge>
    </ei-ms-peak>
    <ei-ms-peak>
      <ei-ms-id>955</ei-ms-id>
      <id>103287</id>
      <intensity>108.0</intensity>
      <mass-charge>200.0</mass-charge>
    </ei-ms-peak>
    <ei-ms-peak>
      <ei-ms-id>955</ei-ms-id>
      <id>103288</id>
      <intensity>15.0</intensity>
      <mass-charge>255.0</mass-charge>
    </ei-ms-peak>
  </ei-ms-peaks>
</ei-ms>
