<?xml version="1.0" encoding="UTF-8"?>
<ei-ms>
  <collection-date nil="true"/>
  <created-at>2014-09-20T16:43:54Z</created-at>
  <database-id>HMDB32567</database-id>
  <id>1096</id>
  <inchi-key>WFJIVOKAWHGMBH-UHFFFAOYSA-N</inchi-key>
  <instrument-type nil="true"/>
  <molecule-id nil="true"/>
  <notes nil="true"/>
  <peak-counter>95</peak-counter>
  <sample-assessment nil="true"/>
  <sample-concentration nil="true"/>
  <sample-concentration-units nil="true"/>
  <sample-mass nil="true"/>
  <sample-mass-units nil="true"/>
  <sample-source nil="true"/>
  <solvent nil="true"/>
  <spectra-assessment nil="true"/>
  <updated-at>2014-09-20T16:43:54Z</updated-at>
  <references>
    <reference>
      <database>NIST</database>
      <database-id>136-77-6</database-id>
      <id>15968</id>
      <pubmed-id nil="true"/>
      <ref-text>NIST Mass Spec Data Center, S.E. Stein, director, "Mass Spectra" in NIST Chemistry WebBook, NIST Standard Reference Database Number 69, Eds. P.J. Linstrom and W.G. Mallard, National Institute of Standards and Technology, Gaithersburg MD, 20899, http://webbook.nist.gov, (retrieved September 6, 2014).</ref-text>
      <spectra-id>1096</spectra-id>
      <spectra-type>EiMs</spectra-type>
    </reference>
  </references>
  <ei-ms-peaks>
    <ei-ms-peak>
      <ei-ms-id>1096</ei-ms-id>
      <id>118384</id>
      <intensity>20.0</intensity>
      <mass-charge>14.0</mass-charge>
    </ei-ms-peak>
    <ei-ms-peak>
      <ei-ms-id>1096</ei-ms-id>
      <id>118385</id>
      <intensity>10.0</intensity>
      <mass-charge>15.0</mass-charge>
    </ei-ms-peak>
    <ei-ms-peak>
      <ei-ms-id>1096</ei-ms-id>
      <id>118386</id>
      <intensity>10.0</intensity>
      <mass-charge>16.0</mass-charge>
    </ei-ms-peak>
    <ei-ms-peak>
      <ei-ms-id>1096</ei-ms-id>
      <id>118387</id>
      <intensity>10.0</intensity>
      <mass-charge>18.0</mass-charge>
    </ei-ms-peak>
    <ei-ms-peak>
      <ei-ms-id>1096</ei-ms-id>
      <id>118388</id>
      <intensity>20.0</intensity>
      <mass-charge>26.0</mass-charge>
    </ei-ms-peak>
    <ei-ms-peak>
      <ei-ms-id>1096</ei-ms-id>
      <id>118389</id>
      <intensity>209.0</intensity>
      <mass-charge>27.0</mass-charge>
    </ei-ms-peak>
    <ei-ms-peak>
      <ei-ms-id>1096</ei-ms-id>
      <id>118390</id>
      <intensity>20.0</intensity>
      <mass-charge>28.0</mass-charge>
    </ei-ms-peak>
    <ei-ms-peak>
      <ei-ms-id>1096</ei-ms-id>
      <id>118391</id>
      <intensity>179.0</intensity>
      <mass-charge>29.0</mass-charge>
    </ei-ms-peak>
    <ei-ms-peak>
      <ei-ms-id>1096</ei-ms-id>
      <id>118392</id>
      <intensity>20.0</intensity>
      <mass-charge>38.0</mass-charge>
    </ei-ms-peak>
    <ei-ms-peak>
      <ei-ms-id>1096</ei-ms-id>
      <id>118393</id>
      <intensity>229.0</intensity>
      <mass-charge>39.0</mass-charge>
    </ei-ms-peak>
    <ei-ms-peak>
      <ei-ms-id>1096</ei-ms-id>
      <id>118394</id>
      <intensity>50.0</intensity>
      <mass-charge>40.0</mass-charge>
    </ei-ms-peak>
    <ei-ms-peak>
      <ei-ms-id>1096</ei-ms-id>
      <id>118395</id>
      <intensity>339.0</intensity>
      <mass-charge>41.0</mass-charge>
    </ei-ms-peak>
    <ei-ms-peak>
      <ei-ms-id>1096</ei-ms-id>
      <id>118396</id>
      <intensity>30.0</intensity>
      <mass-charge>42.0</mass-charge>
    </ei-ms-peak>
    <ei-ms-peak>
      <ei-ms-id>1096</ei-ms-id>
      <id>118397</id>
      <intensity>129.0</intensity>
      <mass-charge>43.0</mass-charge>
    </ei-ms-peak>
    <ei-ms-peak>
      <ei-ms-id>1096</ei-ms-id>
      <id>118398</id>
      <intensity>20.0</intensity>
      <mass-charge>44.0</mass-charge>
    </ei-ms-peak>
    <ei-ms-peak>
      <ei-ms-id>1096</ei-ms-id>
      <id>118399</id>
      <intensity>40.0</intensity>
      <mass-charge>50.0</mass-charge>
    </ei-ms-peak>
    <ei-ms-peak>
      <ei-ms-id>1096</ei-ms-id>
      <id>118400</id>
      <intensity>109.0</intensity>
      <mass-charge>51.0</mass-charge>
    </ei-ms-peak>
    <ei-ms-peak>
      <ei-ms-id>1096</ei-ms-id>
      <id>118401</id>
      <intensity>50.0</intensity>
      <mass-charge>52.0</mass-charge>
    </ei-ms-peak>
    <ei-ms-peak>
      <ei-ms-id>1096</ei-ms-id>
      <id>118402</id>
      <intensity>99.0</intensity>
      <mass-charge>53.0</mass-charge>
    </ei-ms-peak>
    <ei-ms-peak>
      <ei-ms-id>1096</ei-ms-id>
      <id>118403</id>
      <intensity>20.0</intensity>
      <mass-charge>54.0</mass-charge>
    </ei-ms-peak>
    <ei-ms-peak>
      <ei-ms-id>1096</ei-ms-id>
      <id>118404</id>
      <intensity>189.0</intensity>
      <mass-charge>55.0</mass-charge>
    </ei-ms-peak>
    <ei-ms-peak>
      <ei-ms-id>1096</ei-ms-id>
      <id>118405</id>
      <intensity>10.0</intensity>
      <mass-charge>56.0</mass-charge>
    </ei-ms-peak>
    <ei-ms-peak>
      <ei-ms-id>1096</ei-ms-id>
      <id>118406</id>
      <intensity>20.0</intensity>
      <mass-charge>57.0</mass-charge>
    </ei-ms-peak>
    <ei-ms-peak>
      <ei-ms-id>1096</ei-ms-id>
      <id>118407</id>
      <intensity>10.0</intensity>
      <mass-charge>62.0</mass-charge>
    </ei-ms-peak>
    <ei-ms-peak>
      <ei-ms-id>1096</ei-ms-id>
      <id>118408</id>
      <intensity>40.0</intensity>
      <mass-charge>63.0</mass-charge>
    </ei-ms-peak>
    <ei-ms-peak>
      <ei-ms-id>1096</ei-ms-id>
      <id>118409</id>
      <intensity>20.0</intensity>
      <mass-charge>64.0</mass-charge>
    </ei-ms-peak>
    <ei-ms-peak>
      <ei-ms-id>1096</ei-ms-id>
      <id>118410</id>
      <intensity>139.0</intensity>
      <mass-charge>65.0</mass-charge>
    </ei-ms-peak>
    <ei-ms-peak>
      <ei-ms-id>1096</ei-ms-id>
      <id>118411</id>
      <intensity>80.0</intensity>
      <mass-charge>66.0</mass-charge>
    </ei-ms-peak>
    <ei-ms-peak>
      <ei-ms-id>1096</ei-ms-id>
      <id>118412</id>
      <intensity>209.0</intensity>
      <mass-charge>67.0</mass-charge>
    </ei-ms-peak>
    <ei-ms-peak>
      <ei-ms-id>1096</ei-ms-id>
      <id>118413</id>
      <intensity>20.0</intensity>
      <mass-charge>68.0</mass-charge>
    </ei-ms-peak>
    <ei-ms-peak>
      <ei-ms-id>1096</ei-ms-id>
      <id>118414</id>
      <intensity>179.0</intensity>
      <mass-charge>69.0</mass-charge>
    </ei-ms-peak>
    <ei-ms-peak>
      <ei-ms-id>1096</ei-ms-id>
      <id>118415</id>
      <intensity>10.0</intensity>
      <mass-charge>70.0</mass-charge>
    </ei-ms-peak>
    <ei-ms-peak>
      <ei-ms-id>1096</ei-ms-id>
      <id>118416</id>
      <intensity>10.0</intensity>
      <mass-charge>71.0</mass-charge>
    </ei-ms-peak>
    <ei-ms-peak>
      <ei-ms-id>1096</ei-ms-id>
      <id>118417</id>
      <intensity>10.0</intensity>
      <mass-charge>74.0</mass-charge>
    </ei-ms-peak>
    <ei-ms-peak>
      <ei-ms-id>1096</ei-ms-id>
      <id>118418</id>
      <intensity>10.0</intensity>
      <mass-charge>75.0</mass-charge>
    </ei-ms-peak>
    <ei-ms-peak>
      <ei-ms-id>1096</ei-ms-id>
      <id>118419</id>
      <intensity>10.0</intensity>
      <mass-charge>76.0</mass-charge>
    </ei-ms-peak>
    <ei-ms-peak>
      <ei-ms-id>1096</ei-ms-id>
      <id>118420</id>
      <intensity>199.0</intensity>
      <mass-charge>77.0</mass-charge>
    </ei-ms-peak>
    <ei-ms-peak>
      <ei-ms-id>1096</ei-ms-id>
      <id>118421</id>
      <intensity>40.0</intensity>
      <mass-charge>78.0</mass-charge>
    </ei-ms-peak>
    <ei-ms-peak>
      <ei-ms-id>1096</ei-ms-id>
      <id>118422</id>
      <intensity>60.0</intensity>
      <mass-charge>79.0</mass-charge>
    </ei-ms-peak>
    <ei-ms-peak>
      <ei-ms-id>1096</ei-ms-id>
      <id>118423</id>
      <intensity>10.0</intensity>
      <mass-charge>80.0</mass-charge>
    </ei-ms-peak>
    <ei-ms-peak>
      <ei-ms-id>1096</ei-ms-id>
      <id>118424</id>
      <intensity>70.0</intensity>
      <mass-charge>81.0</mass-charge>
    </ei-ms-peak>
    <ei-ms-peak>
      <ei-ms-id>1096</ei-ms-id>
      <id>118425</id>
      <intensity>20.0</intensity>
      <mass-charge>82.0</mass-charge>
    </ei-ms-peak>
    <ei-ms-peak>
      <ei-ms-id>1096</ei-ms-id>
      <id>118426</id>
      <intensity>10.0</intensity>
      <mass-charge>83.0</mass-charge>
    </ei-ms-peak>
    <ei-ms-peak>
      <ei-ms-id>1096</ei-ms-id>
      <id>118427</id>
      <intensity>10.0</intensity>
      <mass-charge>84.0</mass-charge>
    </ei-ms-peak>
    <ei-ms-peak>
      <ei-ms-id>1096</ei-ms-id>
      <id>118428</id>
      <intensity>20.0</intensity>
      <mass-charge>89.0</mass-charge>
    </ei-ms-peak>
    <ei-ms-peak>
      <ei-ms-id>1096</ei-ms-id>
      <id>118429</id>
      <intensity>70.0</intensity>
      <mass-charge>91.0</mass-charge>
    </ei-ms-peak>
    <ei-ms-peak>
      <ei-ms-id>1096</ei-ms-id>
      <id>118430</id>
      <intensity>10.0</intensity>
      <mass-charge>92.0</mass-charge>
    </ei-ms-peak>
    <ei-ms-peak>
      <ei-ms-id>1096</ei-ms-id>
      <id>118431</id>
      <intensity>20.0</intensity>
      <mass-charge>93.0</mass-charge>
    </ei-ms-peak>
    <ei-ms-peak>
      <ei-ms-id>1096</ei-ms-id>
      <id>118432</id>
      <intensity>80.0</intensity>
      <mass-charge>94.0</mass-charge>
    </ei-ms-peak>
    <ei-ms-peak>
      <ei-ms-id>1096</ei-ms-id>
      <id>118433</id>
      <intensity>149.0</intensity>
      <mass-charge>95.0</mass-charge>
    </ei-ms-peak>
    <ei-ms-peak>
      <ei-ms-id>1096</ei-ms-id>
      <id>118434</id>
      <intensity>10.0</intensity>
      <mass-charge>96.0</mass-charge>
    </ei-ms-peak>
    <ei-ms-peak>
      <ei-ms-id>1096</ei-ms-id>
      <id>118435</id>
      <intensity>10.0</intensity>
      <mass-charge>102.0</mass-charge>
    </ei-ms-peak>
    <ei-ms-peak>
      <ei-ms-id>1096</ei-ms-id>
      <id>118436</id>
      <intensity>20.0</intensity>
      <mass-charge>103.0</mass-charge>
    </ei-ms-peak>
    <ei-ms-peak>
      <ei-ms-id>1096</ei-ms-id>
      <id>118437</id>
      <intensity>30.0</intensity>
      <mass-charge>105.0</mass-charge>
    </ei-ms-peak>
    <ei-ms-peak>
      <ei-ms-id>1096</ei-ms-id>
      <id>118438</id>
      <intensity>10.0</intensity>
      <mass-charge>106.0</mass-charge>
    </ei-ms-peak>
    <ei-ms-peak>
      <ei-ms-id>1096</ei-ms-id>
      <id>118439</id>
      <intensity>80.0</intensity>
      <mass-charge>107.0</mass-charge>
    </ei-ms-peak>
    <ei-ms-peak>
      <ei-ms-id>1096</ei-ms-id>
      <id>118440</id>
      <intensity>20.0</intensity>
      <mass-charge>108.0</mass-charge>
    </ei-ms-peak>
    <ei-ms-peak>
      <ei-ms-id>1096</ei-ms-id>
      <id>118441</id>
      <intensity>30.0</intensity>
      <mass-charge>109.0</mass-charge>
    </ei-ms-peak>
    <ei-ms-peak>
      <ei-ms-id>1096</ei-ms-id>
      <id>118442</id>
      <intensity>149.0</intensity>
      <mass-charge>110.0</mass-charge>
    </ei-ms-peak>
    <ei-ms-peak>
      <ei-ms-id>1096</ei-ms-id>
      <id>118443</id>
      <intensity>30.0</intensity>
      <mass-charge>111.0</mass-charge>
    </ei-ms-peak>
    <ei-ms-peak>
      <ei-ms-id>1096</ei-ms-id>
      <id>118444</id>
      <intensity>20.0</intensity>
      <mass-charge>112.0</mass-charge>
    </ei-ms-peak>
    <ei-ms-peak>
      <ei-ms-id>1096</ei-ms-id>
      <id>118445</id>
      <intensity>20.0</intensity>
      <mass-charge>115.0</mass-charge>
    </ei-ms-peak>
    <ei-ms-peak>
      <ei-ms-id>1096</ei-ms-id>
      <id>118446</id>
      <intensity>10.0</intensity>
      <mass-charge>118.0</mass-charge>
    </ei-ms-peak>
    <ei-ms-peak>
      <ei-ms-id>1096</ei-ms-id>
      <id>118447</id>
      <intensity>20.0</intensity>
      <mass-charge>119.0</mass-charge>
    </ei-ms-peak>
    <ei-ms-peak>
      <ei-ms-id>1096</ei-ms-id>
      <id>118448</id>
      <intensity>20.0</intensity>
      <mass-charge>120.0</mass-charge>
    </ei-ms-peak>
    <ei-ms-peak>
      <ei-ms-id>1096</ei-ms-id>
      <id>118449</id>
      <intensity>40.0</intensity>
      <mass-charge>121.0</mass-charge>
    </ei-ms-peak>
    <ei-ms-peak>
      <ei-ms-id>1096</ei-ms-id>
      <id>118450</id>
      <intensity>20.0</intensity>
      <mass-charge>122.0</mass-charge>
    </ei-ms-peak>
    <ei-ms-peak>
      <ei-ms-id>1096</ei-ms-id>
      <id>118451</id>
      <intensity>9999.0</intensity>
      <mass-charge>123.0</mass-charge>
    </ei-ms-peak>
    <ei-ms-peak>
      <ei-ms-id>1096</ei-ms-id>
      <id>118452</id>
      <intensity>799.0</intensity>
      <mass-charge>124.0</mass-charge>
    </ei-ms-peak>
    <ei-ms-peak>
      <ei-ms-id>1096</ei-ms-id>
      <id>118453</id>
      <intensity>80.0</intensity>
      <mass-charge>125.0</mass-charge>
    </ei-ms-peak>
    <ei-ms-peak>
      <ei-ms-id>1096</ei-ms-id>
      <id>118454</id>
      <intensity>10.0</intensity>
      <mass-charge>126.0</mass-charge>
    </ei-ms-peak>
    <ei-ms-peak>
      <ei-ms-id>1096</ei-ms-id>
      <id>118455</id>
      <intensity>10.0</intensity>
      <mass-charge>127.0</mass-charge>
    </ei-ms-peak>
    <ei-ms-peak>
      <ei-ms-id>1096</ei-ms-id>
      <id>118456</id>
      <intensity>10.0</intensity>
      <mass-charge>128.0</mass-charge>
    </ei-ms-peak>
    <ei-ms-peak>
      <ei-ms-id>1096</ei-ms-id>
      <id>118457</id>
      <intensity>20.0</intensity>
      <mass-charge>131.0</mass-charge>
    </ei-ms-peak>
    <ei-ms-peak>
      <ei-ms-id>1096</ei-ms-id>
      <id>118458</id>
      <intensity>10.0</intensity>
      <mass-charge>133.0</mass-charge>
    </ei-ms-peak>
    <ei-ms-peak>
      <ei-ms-id>1096</ei-ms-id>
      <id>118459</id>
      <intensity>10.0</intensity>
      <mass-charge>134.0</mass-charge>
    </ei-ms-peak>
    <ei-ms-peak>
      <ei-ms-id>1096</ei-ms-id>
      <id>118460</id>
      <intensity>20.0</intensity>
      <mass-charge>135.0</mass-charge>
    </ei-ms-peak>
    <ei-ms-peak>
      <ei-ms-id>1096</ei-ms-id>
      <id>118461</id>
      <intensity>60.0</intensity>
      <mass-charge>136.0</mass-charge>
    </ei-ms-peak>
    <ei-ms-peak>
      <ei-ms-id>1096</ei-ms-id>
      <id>118462</id>
      <intensity>60.0</intensity>
      <mass-charge>137.0</mass-charge>
    </ei-ms-peak>
    <ei-ms-peak>
      <ei-ms-id>1096</ei-ms-id>
      <id>118463</id>
      <intensity>10.0</intensity>
      <mass-charge>138.0</mass-charge>
    </ei-ms-peak>
    <ei-ms-peak>
      <ei-ms-id>1096</ei-ms-id>
      <id>118464</id>
      <intensity>30.0</intensity>
      <mass-charge>141.0</mass-charge>
    </ei-ms-peak>
    <ei-ms-peak>
      <ei-ms-id>1096</ei-ms-id>
      <id>118465</id>
      <intensity>10.0</intensity>
      <mass-charge>142.0</mass-charge>
    </ei-ms-peak>
    <ei-ms-peak>
      <ei-ms-id>1096</ei-ms-id>
      <id>118466</id>
      <intensity>50.0</intensity>
      <mass-charge>147.0</mass-charge>
    </ei-ms-peak>
    <ei-ms-peak>
      <ei-ms-id>1096</ei-ms-id>
      <id>118467</id>
      <intensity>10.0</intensity>
      <mass-charge>148.0</mass-charge>
    </ei-ms-peak>
    <ei-ms-peak>
      <ei-ms-id>1096</ei-ms-id>
      <id>118468</id>
      <intensity>70.0</intensity>
      <mass-charge>149.0</mass-charge>
    </ei-ms-peak>
    <ei-ms-peak>
      <ei-ms-id>1096</ei-ms-id>
      <id>118469</id>
      <intensity>20.0</intensity>
      <mass-charge>150.0</mass-charge>
    </ei-ms-peak>
    <ei-ms-peak>
      <ei-ms-id>1096</ei-ms-id>
      <id>118470</id>
      <intensity>10.0</intensity>
      <mass-charge>151.0</mass-charge>
    </ei-ms-peak>
    <ei-ms-peak>
      <ei-ms-id>1096</ei-ms-id>
      <id>118471</id>
      <intensity>10.0</intensity>
      <mass-charge>152.0</mass-charge>
    </ei-ms-peak>
    <ei-ms-peak>
      <ei-ms-id>1096</ei-ms-id>
      <id>118472</id>
      <intensity>10.0</intensity>
      <mass-charge>165.0</mass-charge>
    </ei-ms-peak>
    <ei-ms-peak>
      <ei-ms-id>1096</ei-ms-id>
      <id>118473</id>
      <intensity>10.0</intensity>
      <mass-charge>190.0</mass-charge>
    </ei-ms-peak>
    <ei-ms-peak>
      <ei-ms-id>1096</ei-ms-id>
      <id>118474</id>
      <intensity>20.0</intensity>
      <mass-charge>192.0</mass-charge>
    </ei-ms-peak>
    <ei-ms-peak>
      <ei-ms-id>1096</ei-ms-id>
      <id>118475</id>
      <intensity>10.0</intensity>
      <mass-charge>193.0</mass-charge>
    </ei-ms-peak>
    <ei-ms-peak>
      <ei-ms-id>1096</ei-ms-id>
      <id>118476</id>
      <intensity>1259.0</intensity>
      <mass-charge>194.0</mass-charge>
    </ei-ms-peak>
    <ei-ms-peak>
      <ei-ms-id>1096</ei-ms-id>
      <id>118477</id>
      <intensity>179.0</intensity>
      <mass-charge>195.0</mass-charge>
    </ei-ms-peak>
    <ei-ms-peak>
      <ei-ms-id>1096</ei-ms-id>
      <id>118478</id>
      <intensity>20.0</intensity>
      <mass-charge>196.0</mass-charge>
    </ei-ms-peak>
  </ei-ms-peaks>
</ei-ms>
