<?xml version="1.0" encoding="UTF-8"?>
<ei-ms>
  <collection-date nil="true"/>
  <created-at>2014-09-20T16:25:14Z</created-at>
  <database-id>HMDB32566</database-id>
  <id>317</id>
  <inchi-key>CKAPSXZOOQJIBF-UHFFFAOYSA-N</inchi-key>
  <instrument-type nil="true"/>
  <molecule-id nil="true"/>
  <notes nil="true"/>
  <peak-counter>111</peak-counter>
  <sample-assessment nil="true"/>
  <sample-concentration nil="true"/>
  <sample-concentration-units nil="true"/>
  <sample-mass nil="true"/>
  <sample-mass-units nil="true"/>
  <sample-source nil="true"/>
  <solvent nil="true"/>
  <spectra-assessment nil="true"/>
  <updated-at>2014-09-20T16:25:14Z</updated-at>
  <references>
    <reference>
      <database>NIST</database>
      <database-id>118-74-1</database-id>
      <id>15189</id>
      <pubmed-id nil="true"/>
      <ref-text>NIST Mass Spec Data Center, S.E. Stein, director, "Mass Spectra" in NIST Chemistry WebBook, NIST Standard Reference Database Number 69, Eds. P.J. Linstrom and W.G. Mallard, National Institute of Standards and Technology, Gaithersburg MD, 20899, http://webbook.nist.gov, (retrieved September 6, 2014).</ref-text>
      <spectra-id>317</spectra-id>
      <spectra-type>EiMs</spectra-type>
    </reference>
  </references>
  <ei-ms-peaks>
    <ei-ms-peak>
      <ei-ms-id>317</ei-ms-id>
      <id>35920</id>
      <intensity>10.0</intensity>
      <mass-charge>24.0</mass-charge>
    </ei-ms-peak>
    <ei-ms-peak>
      <ei-ms-id>317</ei-ms-id>
      <id>35921</id>
      <intensity>280.0</intensity>
      <mass-charge>35.0</mass-charge>
    </ei-ms-peak>
    <ei-ms-peak>
      <ei-ms-id>317</ei-ms-id>
      <id>35922</id>
      <intensity>40.0</intensity>
      <mass-charge>36.0</mass-charge>
    </ei-ms-peak>
    <ei-ms-peak>
      <ei-ms-id>317</ei-ms-id>
      <id>35923</id>
      <intensity>100.0</intensity>
      <mass-charge>37.0</mass-charge>
    </ei-ms-peak>
    <ei-ms-peak>
      <ei-ms-id>317</ei-ms-id>
      <id>35924</id>
      <intensity>10.0</intensity>
      <mass-charge>38.0</mass-charge>
    </ei-ms-peak>
    <ei-ms-peak>
      <ei-ms-id>317</ei-ms-id>
      <id>35925</id>
      <intensity>590.0</intensity>
      <mass-charge>47.0</mass-charge>
    </ei-ms-peak>
    <ei-ms-peak>
      <ei-ms-id>317</ei-ms-id>
      <id>35926</id>
      <intensity>120.0</intensity>
      <mass-charge>48.0</mass-charge>
    </ei-ms-peak>
    <ei-ms-peak>
      <ei-ms-id>317</ei-ms-id>
      <id>35927</id>
      <intensity>200.0</intensity>
      <mass-charge>49.0</mass-charge>
    </ei-ms-peak>
    <ei-ms-peak>
      <ei-ms-id>317</ei-ms-id>
      <id>35928</id>
      <intensity>10.0</intensity>
      <mass-charge>53.0</mass-charge>
    </ei-ms-peak>
    <ei-ms-peak>
      <ei-ms-id>317</ei-ms-id>
      <id>35929</id>
      <intensity>1230.0</intensity>
      <mass-charge>71.0</mass-charge>
    </ei-ms-peak>
    <ei-ms-peak>
      <ei-ms-id>317</ei-ms-id>
      <id>35930</id>
      <intensity>70.0</intensity>
      <mass-charge>72.0</mass-charge>
    </ei-ms-peak>
    <ei-ms-peak>
      <ei-ms-id>317</ei-ms-id>
      <id>35931</id>
      <intensity>370.0</intensity>
      <mass-charge>73.0</mass-charge>
    </ei-ms-peak>
    <ei-ms-peak>
      <ei-ms-id>317</ei-ms-id>
      <id>35932</id>
      <intensity>10.0</intensity>
      <mass-charge>74.0</mass-charge>
    </ei-ms-peak>
    <ei-ms-peak>
      <ei-ms-id>317</ei-ms-id>
      <id>35933</id>
      <intensity>100.0</intensity>
      <mass-charge>82.0</mass-charge>
    </ei-ms-peak>
    <ei-ms-peak>
      <ei-ms-id>317</ei-ms-id>
      <id>35934</id>
      <intensity>290.0</intensity>
      <mass-charge>83.0</mass-charge>
    </ei-ms-peak>
    <ei-ms-peak>
      <ei-ms-id>317</ei-ms-id>
      <id>35935</id>
      <intensity>80.0</intensity>
      <mass-charge>84.0</mass-charge>
    </ei-ms-peak>
    <ei-ms-peak>
      <ei-ms-id>317</ei-ms-id>
      <id>35936</id>
      <intensity>100.0</intensity>
      <mass-charge>85.0</mass-charge>
    </ei-ms-peak>
    <ei-ms-peak>
      <ei-ms-id>317</ei-ms-id>
      <id>35937</id>
      <intensity>10.0</intensity>
      <mass-charge>86.0</mass-charge>
    </ei-ms-peak>
    <ei-ms-peak>
      <ei-ms-id>317</ei-ms-id>
      <id>35938</id>
      <intensity>270.0</intensity>
      <mass-charge>88.0</mass-charge>
    </ei-ms-peak>
    <ei-ms-peak>
      <ei-ms-id>317</ei-ms-id>
      <id>35939</id>
      <intensity>270.0</intensity>
      <mass-charge>89.0</mass-charge>
    </ei-ms-peak>
    <ei-ms-peak>
      <ei-ms-id>317</ei-ms-id>
      <id>35940</id>
      <intensity>90.0</intensity>
      <mass-charge>90.0</mass-charge>
    </ei-ms-peak>
    <ei-ms-peak>
      <ei-ms-id>317</ei-ms-id>
      <id>35941</id>
      <intensity>10.0</intensity>
      <mass-charge>91.0</mass-charge>
    </ei-ms-peak>
    <ei-ms-peak>
      <ei-ms-id>317</ei-ms-id>
      <id>35942</id>
      <intensity>240.0</intensity>
      <mass-charge>94.0</mass-charge>
    </ei-ms-peak>
    <ei-ms-peak>
      <ei-ms-id>317</ei-ms-id>
      <id>35943</id>
      <intensity>730.0</intensity>
      <mass-charge>95.0</mass-charge>
    </ei-ms-peak>
    <ei-ms-peak>
      <ei-ms-id>317</ei-ms-id>
      <id>35944</id>
      <intensity>190.0</intensity>
      <mass-charge>96.0</mass-charge>
    </ei-ms-peak>
    <ei-ms-peak>
      <ei-ms-id>317</ei-ms-id>
      <id>35945</id>
      <intensity>240.0</intensity>
      <mass-charge>97.0</mass-charge>
    </ei-ms-peak>
    <ei-ms-peak>
      <ei-ms-id>317</ei-ms-id>
      <id>35946</id>
      <intensity>40.0</intensity>
      <mass-charge>98.0</mass-charge>
    </ei-ms-peak>
    <ei-ms-peak>
      <ei-ms-id>317</ei-ms-id>
      <id>35947</id>
      <intensity>1170.0</intensity>
      <mass-charge>106.0</mass-charge>
    </ei-ms-peak>
    <ei-ms-peak>
      <ei-ms-id>317</ei-ms-id>
      <id>35948</id>
      <intensity>2860.0</intensity>
      <mass-charge>107.0</mass-charge>
    </ei-ms-peak>
    <ei-ms-peak>
      <ei-ms-id>317</ei-ms-id>
      <id>35949</id>
      <intensity>870.0</intensity>
      <mass-charge>108.0</mass-charge>
    </ei-ms-peak>
    <ei-ms-peak>
      <ei-ms-id>317</ei-ms-id>
      <id>35950</id>
      <intensity>760.0</intensity>
      <mass-charge>109.0</mass-charge>
    </ei-ms-peak>
    <ei-ms-peak>
      <ei-ms-id>317</ei-ms-id>
      <id>35951</id>
      <intensity>100.0</intensity>
      <mass-charge>110.0</mass-charge>
    </ei-ms-peak>
    <ei-ms-peak>
      <ei-ms-id>317</ei-ms-id>
      <id>35952</id>
      <intensity>40.0</intensity>
      <mass-charge>117.0</mass-charge>
    </ei-ms-peak>
    <ei-ms-peak>
      <ei-ms-id>317</ei-ms-id>
      <id>35953</id>
      <intensity>1030.0</intensity>
      <mass-charge>118.0</mass-charge>
    </ei-ms-peak>
    <ei-ms-peak>
      <ei-ms-id>317</ei-ms-id>
      <id>35954</id>
      <intensity>80.0</intensity>
      <mass-charge>119.0</mass-charge>
    </ei-ms-peak>
    <ei-ms-peak>
      <ei-ms-id>317</ei-ms-id>
      <id>35955</id>
      <intensity>670.0</intensity>
      <mass-charge>120.0</mass-charge>
    </ei-ms-peak>
    <ei-ms-peak>
      <ei-ms-id>317</ei-ms-id>
      <id>35956</id>
      <intensity>40.0</intensity>
      <mass-charge>121.0</mass-charge>
    </ei-ms-peak>
    <ei-ms-peak>
      <ei-ms-id>317</ei-ms-id>
      <id>35957</id>
      <intensity>110.0</intensity>
      <mass-charge>122.0</mass-charge>
    </ei-ms-peak>
    <ei-ms-peak>
      <ei-ms-id>317</ei-ms-id>
      <id>35958</id>
      <intensity>140.0</intensity>
      <mass-charge>123.0</mass-charge>
    </ei-ms-peak>
    <ei-ms-peak>
      <ei-ms-id>317</ei-ms-id>
      <id>35959</id>
      <intensity>230.0</intensity>
      <mass-charge>124.0</mass-charge>
    </ei-ms-peak>
    <ei-ms-peak>
      <ei-ms-id>317</ei-ms-id>
      <id>35960</id>
      <intensity>150.0</intensity>
      <mass-charge>125.0</mass-charge>
    </ei-ms-peak>
    <ei-ms-peak>
      <ei-ms-id>317</ei-ms-id>
      <id>35961</id>
      <intensity>50.0</intensity>
      <mass-charge>126.0</mass-charge>
    </ei-ms-peak>
    <ei-ms-peak>
      <ei-ms-id>317</ei-ms-id>
      <id>35962</id>
      <intensity>10.0</intensity>
      <mass-charge>127.0</mass-charge>
    </ei-ms-peak>
    <ei-ms-peak>
      <ei-ms-id>317</ei-ms-id>
      <id>35963</id>
      <intensity>10.0</intensity>
      <mass-charge>129.0</mass-charge>
    </ei-ms-peak>
    <ei-ms-peak>
      <ei-ms-id>317</ei-ms-id>
      <id>35964</id>
      <intensity>360.0</intensity>
      <mass-charge>130.0</mass-charge>
    </ei-ms-peak>
    <ei-ms-peak>
      <ei-ms-id>317</ei-ms-id>
      <id>35965</id>
      <intensity>30.0</intensity>
      <mass-charge>131.0</mass-charge>
    </ei-ms-peak>
    <ei-ms-peak>
      <ei-ms-id>317</ei-ms-id>
      <id>35966</id>
      <intensity>230.0</intensity>
      <mass-charge>132.0</mass-charge>
    </ei-ms-peak>
    <ei-ms-peak>
      <ei-ms-id>317</ei-ms-id>
      <id>35967</id>
      <intensity>20.0</intensity>
      <mass-charge>133.0</mass-charge>
    </ei-ms-peak>
    <ei-ms-peak>
      <ei-ms-id>317</ei-ms-id>
      <id>35968</id>
      <intensity>40.0</intensity>
      <mass-charge>134.0</mass-charge>
    </ei-ms-peak>
    <ei-ms-peak>
      <ei-ms-id>317</ei-ms-id>
      <id>35969</id>
      <intensity>800.0</intensity>
      <mass-charge>141.0</mass-charge>
    </ei-ms-peak>
    <ei-ms-peak>
      <ei-ms-id>317</ei-ms-id>
      <id>35970</id>
      <intensity>4460.0</intensity>
      <mass-charge>142.0</mass-charge>
    </ei-ms-peak>
    <ei-ms-peak>
      <ei-ms-id>317</ei-ms-id>
      <id>35971</id>
      <intensity>1310.0</intensity>
      <mass-charge>143.0</mass-charge>
    </ei-ms-peak>
    <ei-ms-peak>
      <ei-ms-id>317</ei-ms-id>
      <id>35972</id>
      <intensity>2590.0</intensity>
      <mass-charge>144.0</mass-charge>
    </ei-ms-peak>
    <ei-ms-peak>
      <ei-ms-id>317</ei-ms-id>
      <id>35973</id>
      <intensity>310.0</intensity>
      <mass-charge>145.0</mass-charge>
    </ei-ms-peak>
    <ei-ms-peak>
      <ei-ms-id>317</ei-ms-id>
      <id>35974</id>
      <intensity>380.0</intensity>
      <mass-charge>146.0</mass-charge>
    </ei-ms-peak>
    <ei-ms-peak>
      <ei-ms-id>317</ei-ms-id>
      <id>35975</id>
      <intensity>30.0</intensity>
      <mass-charge>147.0</mass-charge>
    </ei-ms-peak>
    <ei-ms-peak>
      <ei-ms-id>317</ei-ms-id>
      <id>35976</id>
      <intensity>80.0</intensity>
      <mass-charge>153.0</mass-charge>
    </ei-ms-peak>
    <ei-ms-peak>
      <ei-ms-id>317</ei-ms-id>
      <id>35977</id>
      <intensity>80.0</intensity>
      <mass-charge>155.0</mass-charge>
    </ei-ms-peak>
    <ei-ms-peak>
      <ei-ms-id>317</ei-ms-id>
      <id>35978</id>
      <intensity>20.0</intensity>
      <mass-charge>157.0</mass-charge>
    </ei-ms-peak>
    <ei-ms-peak>
      <ei-ms-id>317</ei-ms-id>
      <id>35979</id>
      <intensity>10.0</intensity>
      <mass-charge>164.0</mass-charge>
    </ei-ms-peak>
    <ei-ms-peak>
      <ei-ms-id>317</ei-ms-id>
      <id>35980</id>
      <intensity>210.0</intensity>
      <mass-charge>165.0</mass-charge>
    </ei-ms-peak>
    <ei-ms-peak>
      <ei-ms-id>317</ei-ms-id>
      <id>35981</id>
      <intensity>20.0</intensity>
      <mass-charge>166.0</mass-charge>
    </ei-ms-peak>
    <ei-ms-peak>
      <ei-ms-id>317</ei-ms-id>
      <id>35982</id>
      <intensity>190.0</intensity>
      <mass-charge>167.0</mass-charge>
    </ei-ms-peak>
    <ei-ms-peak>
      <ei-ms-id>317</ei-ms-id>
      <id>35983</id>
      <intensity>20.0</intensity>
      <mass-charge>168.0</mass-charge>
    </ei-ms-peak>
    <ei-ms-peak>
      <ei-ms-id>317</ei-ms-id>
      <id>35984</id>
      <intensity>60.0</intensity>
      <mass-charge>169.0</mass-charge>
    </ei-ms-peak>
    <ei-ms-peak>
      <ei-ms-id>317</ei-ms-id>
      <id>35985</id>
      <intensity>10.0</intensity>
      <mass-charge>171.0</mass-charge>
    </ei-ms-peak>
    <ei-ms-peak>
      <ei-ms-id>317</ei-ms-id>
      <id>35986</id>
      <intensity>1250.0</intensity>
      <mass-charge>177.0</mass-charge>
    </ei-ms-peak>
    <ei-ms-peak>
      <ei-ms-id>317</ei-ms-id>
      <id>35987</id>
      <intensity>90.0</intensity>
      <mass-charge>178.0</mass-charge>
    </ei-ms-peak>
    <ei-ms-peak>
      <ei-ms-id>317</ei-ms-id>
      <id>35988</id>
      <intensity>1230.0</intensity>
      <mass-charge>179.0</mass-charge>
    </ei-ms-peak>
    <ei-ms-peak>
      <ei-ms-id>317</ei-ms-id>
      <id>35989</id>
      <intensity>80.0</intensity>
      <mass-charge>180.0</mass-charge>
    </ei-ms-peak>
    <ei-ms-peak>
      <ei-ms-id>317</ei-ms-id>
      <id>35990</id>
      <intensity>400.0</intensity>
      <mass-charge>181.0</mass-charge>
    </ei-ms-peak>
    <ei-ms-peak>
      <ei-ms-id>317</ei-ms-id>
      <id>35991</id>
      <intensity>30.0</intensity>
      <mass-charge>182.0</mass-charge>
    </ei-ms-peak>
    <ei-ms-peak>
      <ei-ms-id>317</ei-ms-id>
      <id>35992</id>
      <intensity>40.0</intensity>
      <mass-charge>183.0</mass-charge>
    </ei-ms-peak>
    <ei-ms-peak>
      <ei-ms-id>317</ei-ms-id>
      <id>35993</id>
      <intensity>100.0</intensity>
      <mass-charge>188.0</mass-charge>
    </ei-ms-peak>
    <ei-ms-peak>
      <ei-ms-id>317</ei-ms-id>
      <id>35994</id>
      <intensity>130.0</intensity>
      <mass-charge>190.0</mass-charge>
    </ei-ms-peak>
    <ei-ms-peak>
      <ei-ms-id>317</ei-ms-id>
      <id>35995</id>
      <intensity>10.0</intensity>
      <mass-charge>191.0</mass-charge>
    </ei-ms-peak>
    <ei-ms-peak>
      <ei-ms-id>317</ei-ms-id>
      <id>35996</id>
      <intensity>60.0</intensity>
      <mass-charge>192.0</mass-charge>
    </ei-ms-peak>
    <ei-ms-peak>
      <ei-ms-id>317</ei-ms-id>
      <id>35997</id>
      <intensity>10.0</intensity>
      <mass-charge>194.0</mass-charge>
    </ei-ms-peak>
    <ei-ms-peak>
      <ei-ms-id>317</ei-ms-id>
      <id>35998</id>
      <intensity>1580.0</intensity>
      <mass-charge>212.0</mass-charge>
    </ei-ms-peak>
    <ei-ms-peak>
      <ei-ms-id>317</ei-ms-id>
      <id>35999</id>
      <intensity>110.0</intensity>
      <mass-charge>213.0</mass-charge>
    </ei-ms-peak>
    <ei-ms-peak>
      <ei-ms-id>317</ei-ms-id>
      <id>36000</id>
      <intensity>2000.0</intensity>
      <mass-charge>214.0</mass-charge>
    </ei-ms-peak>
    <ei-ms-peak>
      <ei-ms-id>317</ei-ms-id>
      <id>36001</id>
      <intensity>130.0</intensity>
      <mass-charge>215.0</mass-charge>
    </ei-ms-peak>
    <ei-ms-peak>
      <ei-ms-id>317</ei-ms-id>
      <id>36002</id>
      <intensity>970.0</intensity>
      <mass-charge>216.0</mass-charge>
    </ei-ms-peak>
    <ei-ms-peak>
      <ei-ms-id>317</ei-ms-id>
      <id>36003</id>
      <intensity>70.0</intensity>
      <mass-charge>217.0</mass-charge>
    </ei-ms-peak>
    <ei-ms-peak>
      <ei-ms-id>317</ei-ms-id>
      <id>36004</id>
      <intensity>210.0</intensity>
      <mass-charge>218.0</mass-charge>
    </ei-ms-peak>
    <ei-ms-peak>
      <ei-ms-id>317</ei-ms-id>
      <id>36005</id>
      <intensity>10.0</intensity>
      <mass-charge>219.0</mass-charge>
    </ei-ms-peak>
    <ei-ms-peak>
      <ei-ms-id>317</ei-ms-id>
      <id>36006</id>
      <intensity>20.0</intensity>
      <mass-charge>220.0</mass-charge>
    </ei-ms-peak>
    <ei-ms-peak>
      <ei-ms-id>317</ei-ms-id>
      <id>36007</id>
      <intensity>40.0</intensity>
      <mass-charge>235.0</mass-charge>
    </ei-ms-peak>
    <ei-ms-peak>
      <ei-ms-id>317</ei-ms-id>
      <id>36008</id>
      <intensity>60.0</intensity>
      <mass-charge>237.0</mass-charge>
    </ei-ms-peak>
    <ei-ms-peak>
      <ei-ms-id>317</ei-ms-id>
      <id>36009</id>
      <intensity>40.0</intensity>
      <mass-charge>239.0</mass-charge>
    </ei-ms-peak>
    <ei-ms-peak>
      <ei-ms-id>317</ei-ms-id>
      <id>36010</id>
      <intensity>10.0</intensity>
      <mass-charge>241.0</mass-charge>
    </ei-ms-peak>
    <ei-ms-peak>
      <ei-ms-id>317</ei-ms-id>
      <id>36011</id>
      <intensity>1800.0</intensity>
      <mass-charge>247.0</mass-charge>
    </ei-ms-peak>
    <ei-ms-peak>
      <ei-ms-id>317</ei-ms-id>
      <id>36012</id>
      <intensity>130.0</intensity>
      <mass-charge>248.0</mass-charge>
    </ei-ms-peak>
    <ei-ms-peak>
      <ei-ms-id>317</ei-ms-id>
      <id>36013</id>
      <intensity>2850.0</intensity>
      <mass-charge>249.0</mass-charge>
    </ei-ms-peak>
    <ei-ms-peak>
      <ei-ms-id>317</ei-ms-id>
      <id>36014</id>
      <intensity>200.0</intensity>
      <mass-charge>250.0</mass-charge>
    </ei-ms-peak>
    <ei-ms-peak>
      <ei-ms-id>317</ei-ms-id>
      <id>36015</id>
      <intensity>1830.0</intensity>
      <mass-charge>251.0</mass-charge>
    </ei-ms-peak>
    <ei-ms-peak>
      <ei-ms-id>317</ei-ms-id>
      <id>36016</id>
      <intensity>130.0</intensity>
      <mass-charge>252.0</mass-charge>
    </ei-ms-peak>
    <ei-ms-peak>
      <ei-ms-id>317</ei-ms-id>
      <id>36017</id>
      <intensity>580.0</intensity>
      <mass-charge>253.0</mass-charge>
    </ei-ms-peak>
    <ei-ms-peak>
      <ei-ms-id>317</ei-ms-id>
      <id>36018</id>
      <intensity>40.0</intensity>
      <mass-charge>254.0</mass-charge>
    </ei-ms-peak>
    <ei-ms-peak>
      <ei-ms-id>317</ei-ms-id>
      <id>36019</id>
      <intensity>100.0</intensity>
      <mass-charge>255.0</mass-charge>
    </ei-ms-peak>
    <ei-ms-peak>
      <ei-ms-id>317</ei-ms-id>
      <id>36020</id>
      <intensity>5339.0</intensity>
      <mass-charge>282.0</mass-charge>
    </ei-ms-peak>
    <ei-ms-peak>
      <ei-ms-id>317</ei-ms-id>
      <id>36021</id>
      <intensity>370.0</intensity>
      <mass-charge>283.0</mass-charge>
    </ei-ms-peak>
    <ei-ms-peak>
      <ei-ms-id>317</ei-ms-id>
      <id>36022</id>
      <intensity>9999.0</intensity>
      <mass-charge>284.0</mass-charge>
    </ei-ms-peak>
    <ei-ms-peak>
      <ei-ms-id>317</ei-ms-id>
      <id>36023</id>
      <intensity>670.0</intensity>
      <mass-charge>285.0</mass-charge>
    </ei-ms-peak>
    <ei-ms-peak>
      <ei-ms-id>317</ei-ms-id>
      <id>36024</id>
      <intensity>7949.0</intensity>
      <mass-charge>286.0</mass-charge>
    </ei-ms-peak>
    <ei-ms-peak>
      <ei-ms-id>317</ei-ms-id>
      <id>36025</id>
      <intensity>530.0</intensity>
      <mass-charge>287.0</mass-charge>
    </ei-ms-peak>
    <ei-ms-peak>
      <ei-ms-id>317</ei-ms-id>
      <id>36026</id>
      <intensity>3430.0</intensity>
      <mass-charge>288.0</mass-charge>
    </ei-ms-peak>
    <ei-ms-peak>
      <ei-ms-id>317</ei-ms-id>
      <id>36027</id>
      <intensity>230.0</intensity>
      <mass-charge>289.0</mass-charge>
    </ei-ms-peak>
    <ei-ms-peak>
      <ei-ms-id>317</ei-ms-id>
      <id>36028</id>
      <intensity>820.0</intensity>
      <mass-charge>290.0</mass-charge>
    </ei-ms-peak>
    <ei-ms-peak>
      <ei-ms-id>317</ei-ms-id>
      <id>36029</id>
      <intensity>50.0</intensity>
      <mass-charge>291.0</mass-charge>
    </ei-ms-peak>
    <ei-ms-peak>
      <ei-ms-id>317</ei-ms-id>
      <id>36030</id>
      <intensity>110.0</intensity>
      <mass-charge>292.0</mass-charge>
    </ei-ms-peak>
  </ei-ms-peaks>
</ei-ms>
