<?xml version="1.0" encoding="UTF-8"?>
<ei-ms>
  <collection-date nil="true"/>
  <created-at>2014-09-20T16:40:41Z</created-at>
  <database-id>HMDB01920</database-id>
  <id>968</id>
  <inchi-key>MKXZASYAUGDDCJ-NJAFHUGGSA-N</inchi-key>
  <instrument-type nil="true"/>
  <molecule-id nil="true"/>
  <notes nil="true"/>
  <peak-counter>201</peak-counter>
  <sample-assessment nil="true"/>
  <sample-concentration nil="true"/>
  <sample-concentration-units nil="true"/>
  <sample-mass nil="true"/>
  <sample-mass-units nil="true"/>
  <sample-source nil="true"/>
  <solvent nil="true"/>
  <spectra-assessment nil="true"/>
  <updated-at>2014-09-20T16:40:41Z</updated-at>
  <references>
    <reference>
      <database>NIST</database>
      <database-id>125-71-3</database-id>
      <id>15840</id>
      <pubmed-id nil="true"/>
      <ref-text>NIST Mass Spec Data Center, S.E. Stein, director, "Mass Spectra" in NIST Chemistry WebBook, NIST Standard Reference Database Number 69, Eds. P.J. Linstrom and W.G. Mallard, National Institute of Standards and Technology, Gaithersburg MD, 20899, http://webbook.nist.gov, (retrieved September 6, 2014).</ref-text>
      <spectra-id>968</spectra-id>
      <spectra-type>EiMs</spectra-type>
    </reference>
  </references>
  <ei-ms-peaks>
    <ei-ms-peak>
      <ei-ms-id>968</ei-ms-id>
      <id>104597</id>
      <intensity>50.0</intensity>
      <mass-charge>15.0</mass-charge>
    </ei-ms-peak>
    <ei-ms-peak>
      <ei-ms-id>968</ei-ms-id>
      <id>104598</id>
      <intensity>80.0</intensity>
      <mass-charge>27.0</mass-charge>
    </ei-ms-peak>
    <ei-ms-peak>
      <ei-ms-id>968</ei-ms-id>
      <id>104599</id>
      <intensity>80.0</intensity>
      <mass-charge>28.0</mass-charge>
    </ei-ms-peak>
    <ei-ms-peak>
      <ei-ms-id>968</ei-ms-id>
      <id>104600</id>
      <intensity>90.0</intensity>
      <mass-charge>29.0</mass-charge>
    </ei-ms-peak>
    <ei-ms-peak>
      <ei-ms-id>968</ei-ms-id>
      <id>104601</id>
      <intensity>749.0</intensity>
      <mass-charge>30.0</mass-charge>
    </ei-ms-peak>
    <ei-ms-peak>
      <ei-ms-id>968</ei-ms-id>
      <id>104602</id>
      <intensity>1369.0</intensity>
      <mass-charge>31.0</mass-charge>
    </ei-ms-peak>
    <ei-ms-peak>
      <ei-ms-id>968</ei-ms-id>
      <id>104603</id>
      <intensity>20.0</intensity>
      <mass-charge>32.0</mass-charge>
    </ei-ms-peak>
    <ei-ms-peak>
      <ei-ms-id>968</ei-ms-id>
      <id>104604</id>
      <intensity>139.0</intensity>
      <mass-charge>39.0</mass-charge>
    </ei-ms-peak>
    <ei-ms-peak>
      <ei-ms-id>968</ei-ms-id>
      <id>104605</id>
      <intensity>30.0</intensity>
      <mass-charge>40.0</mass-charge>
    </ei-ms-peak>
    <ei-ms-peak>
      <ei-ms-id>968</ei-ms-id>
      <id>104606</id>
      <intensity>319.0</intensity>
      <mass-charge>41.0</mass-charge>
    </ei-ms-peak>
    <ei-ms-peak>
      <ei-ms-id>968</ei-ms-id>
      <id>104607</id>
      <intensity>1029.0</intensity>
      <mass-charge>42.0</mass-charge>
    </ei-ms-peak>
    <ei-ms-peak>
      <ei-ms-id>968</ei-ms-id>
      <id>104608</id>
      <intensity>129.0</intensity>
      <mass-charge>43.0</mass-charge>
    </ei-ms-peak>
    <ei-ms-peak>
      <ei-ms-id>968</ei-ms-id>
      <id>104609</id>
      <intensity>849.0</intensity>
      <mass-charge>44.0</mass-charge>
    </ei-ms-peak>
    <ei-ms-peak>
      <ei-ms-id>968</ei-ms-id>
      <id>104610</id>
      <intensity>70.0</intensity>
      <mass-charge>45.0</mass-charge>
    </ei-ms-peak>
    <ei-ms-peak>
      <ei-ms-id>968</ei-ms-id>
      <id>104611</id>
      <intensity>20.0</intensity>
      <mass-charge>50.0</mass-charge>
    </ei-ms-peak>
    <ei-ms-peak>
      <ei-ms-id>968</ei-ms-id>
      <id>104612</id>
      <intensity>109.0</intensity>
      <mass-charge>51.0</mass-charge>
    </ei-ms-peak>
    <ei-ms-peak>
      <ei-ms-id>968</ei-ms-id>
      <id>104613</id>
      <intensity>40.0</intensity>
      <mass-charge>52.0</mass-charge>
    </ei-ms-peak>
    <ei-ms-peak>
      <ei-ms-id>968</ei-ms-id>
      <id>104614</id>
      <intensity>119.0</intensity>
      <mass-charge>53.0</mass-charge>
    </ei-ms-peak>
    <ei-ms-peak>
      <ei-ms-id>968</ei-ms-id>
      <id>104615</id>
      <intensity>40.0</intensity>
      <mass-charge>54.0</mass-charge>
    </ei-ms-peak>
    <ei-ms-peak>
      <ei-ms-id>968</ei-ms-id>
      <id>104616</id>
      <intensity>219.0</intensity>
      <mass-charge>55.0</mass-charge>
    </ei-ms-peak>
    <ei-ms-peak>
      <ei-ms-id>968</ei-ms-id>
      <id>104617</id>
      <intensity>109.0</intensity>
      <mass-charge>56.0</mass-charge>
    </ei-ms-peak>
    <ei-ms-peak>
      <ei-ms-id>968</ei-ms-id>
      <id>104618</id>
      <intensity>149.0</intensity>
      <mass-charge>57.0</mass-charge>
    </ei-ms-peak>
    <ei-ms-peak>
      <ei-ms-id>968</ei-ms-id>
      <id>104619</id>
      <intensity>629.0</intensity>
      <mass-charge>58.0</mass-charge>
    </ei-ms-peak>
    <ei-ms-peak>
      <ei-ms-id>968</ei-ms-id>
      <id>104620</id>
      <intensity>8969.0</intensity>
      <mass-charge>59.0</mass-charge>
    </ei-ms-peak>
    <ei-ms-peak>
      <ei-ms-id>968</ei-ms-id>
      <id>104621</id>
      <intensity>609.0</intensity>
      <mass-charge>60.0</mass-charge>
    </ei-ms-peak>
    <ei-ms-peak>
      <ei-ms-id>968</ei-ms-id>
      <id>104622</id>
      <intensity>10.0</intensity>
      <mass-charge>61.0</mass-charge>
    </ei-ms-peak>
    <ei-ms-peak>
      <ei-ms-id>968</ei-ms-id>
      <id>104623</id>
      <intensity>10.0</intensity>
      <mass-charge>62.0</mass-charge>
    </ei-ms-peak>
    <ei-ms-peak>
      <ei-ms-id>968</ei-ms-id>
      <id>104624</id>
      <intensity>80.0</intensity>
      <mass-charge>63.0</mass-charge>
    </ei-ms-peak>
    <ei-ms-peak>
      <ei-ms-id>968</ei-ms-id>
      <id>104625</id>
      <intensity>30.0</intensity>
      <mass-charge>64.0</mass-charge>
    </ei-ms-peak>
    <ei-ms-peak>
      <ei-ms-id>968</ei-ms-id>
      <id>104626</id>
      <intensity>139.0</intensity>
      <mass-charge>65.0</mass-charge>
    </ei-ms-peak>
    <ei-ms-peak>
      <ei-ms-id>968</ei-ms-id>
      <id>104627</id>
      <intensity>30.0</intensity>
      <mass-charge>66.0</mass-charge>
    </ei-ms-peak>
    <ei-ms-peak>
      <ei-ms-id>968</ei-ms-id>
      <id>104628</id>
      <intensity>189.0</intensity>
      <mass-charge>67.0</mass-charge>
    </ei-ms-peak>
    <ei-ms-peak>
      <ei-ms-id>968</ei-ms-id>
      <id>104629</id>
      <intensity>90.0</intensity>
      <mass-charge>68.0</mass-charge>
    </ei-ms-peak>
    <ei-ms-peak>
      <ei-ms-id>968</ei-ms-id>
      <id>104630</id>
      <intensity>50.0</intensity>
      <mass-charge>69.0</mass-charge>
    </ei-ms-peak>
    <ei-ms-peak>
      <ei-ms-id>968</ei-ms-id>
      <id>104631</id>
      <intensity>359.0</intensity>
      <mass-charge>70.0</mass-charge>
    </ei-ms-peak>
    <ei-ms-peak>
      <ei-ms-id>968</ei-ms-id>
      <id>104632</id>
      <intensity>80.0</intensity>
      <mass-charge>71.0</mass-charge>
    </ei-ms-peak>
    <ei-ms-peak>
      <ei-ms-id>968</ei-ms-id>
      <id>104633</id>
      <intensity>30.0</intensity>
      <mass-charge>72.0</mass-charge>
    </ei-ms-peak>
    <ei-ms-peak>
      <ei-ms-id>968</ei-ms-id>
      <id>104634</id>
      <intensity>20.0</intensity>
      <mass-charge>73.0</mass-charge>
    </ei-ms-peak>
    <ei-ms-peak>
      <ei-ms-id>968</ei-ms-id>
      <id>104635</id>
      <intensity>10.0</intensity>
      <mass-charge>74.0</mass-charge>
    </ei-ms-peak>
    <ei-ms-peak>
      <ei-ms-id>968</ei-ms-id>
      <id>104636</id>
      <intensity>30.0</intensity>
      <mass-charge>75.0</mass-charge>
    </ei-ms-peak>
    <ei-ms-peak>
      <ei-ms-id>968</ei-ms-id>
      <id>104637</id>
      <intensity>50.0</intensity>
      <mass-charge>76.0</mass-charge>
    </ei-ms-peak>
    <ei-ms-peak>
      <ei-ms-id>968</ei-ms-id>
      <id>104638</id>
      <intensity>309.0</intensity>
      <mass-charge>77.0</mass-charge>
    </ei-ms-peak>
    <ei-ms-peak>
      <ei-ms-id>968</ei-ms-id>
      <id>104639</id>
      <intensity>119.0</intensity>
      <mass-charge>78.0</mass-charge>
    </ei-ms-peak>
    <ei-ms-peak>
      <ei-ms-id>968</ei-ms-id>
      <id>104640</id>
      <intensity>159.0</intensity>
      <mass-charge>83.0</mass-charge>
    </ei-ms-peak>
    <ei-ms-peak>
      <ei-ms-id>968</ei-ms-id>
      <id>104641</id>
      <intensity>80.0</intensity>
      <mass-charge>84.0</mass-charge>
    </ei-ms-peak>
    <ei-ms-peak>
      <ei-ms-id>968</ei-ms-id>
      <id>104642</id>
      <intensity>40.0</intensity>
      <mass-charge>85.0</mass-charge>
    </ei-ms-peak>
    <ei-ms-peak>
      <ei-ms-id>968</ei-ms-id>
      <id>104643</id>
      <intensity>20.0</intensity>
      <mass-charge>86.0</mass-charge>
    </ei-ms-peak>
    <ei-ms-peak>
      <ei-ms-id>968</ei-ms-id>
      <id>104644</id>
      <intensity>10.0</intensity>
      <mass-charge>87.0</mass-charge>
    </ei-ms-peak>
    <ei-ms-peak>
      <ei-ms-id>968</ei-ms-id>
      <id>104645</id>
      <intensity>20.0</intensity>
      <mass-charge>88.0</mass-charge>
    </ei-ms-peak>
    <ei-ms-peak>
      <ei-ms-id>968</ei-ms-id>
      <id>104646</id>
      <intensity>90.0</intensity>
      <mass-charge>89.0</mass-charge>
    </ei-ms-peak>
    <ei-ms-peak>
      <ei-ms-id>968</ei-ms-id>
      <id>104647</id>
      <intensity>50.0</intensity>
      <mass-charge>90.0</mass-charge>
    </ei-ms-peak>
    <ei-ms-peak>
      <ei-ms-id>968</ei-ms-id>
      <id>104648</id>
      <intensity>399.0</intensity>
      <mass-charge>91.0</mass-charge>
    </ei-ms-peak>
    <ei-ms-peak>
      <ei-ms-id>968</ei-ms-id>
      <id>104649</id>
      <intensity>80.0</intensity>
      <mass-charge>92.0</mass-charge>
    </ei-ms-peak>
    <ei-ms-peak>
      <ei-ms-id>968</ei-ms-id>
      <id>104650</id>
      <intensity>90.0</intensity>
      <mass-charge>93.0</mass-charge>
    </ei-ms-peak>
    <ei-ms-peak>
      <ei-ms-id>968</ei-ms-id>
      <id>104651</id>
      <intensity>239.0</intensity>
      <mass-charge>94.0</mass-charge>
    </ei-ms-peak>
    <ei-ms-peak>
      <ei-ms-id>968</ei-ms-id>
      <id>104652</id>
      <intensity>139.0</intensity>
      <mass-charge>95.0</mass-charge>
    </ei-ms-peak>
    <ei-ms-peak>
      <ei-ms-id>968</ei-ms-id>
      <id>104653</id>
      <intensity>149.0</intensity>
      <mass-charge>96.0</mass-charge>
    </ei-ms-peak>
    <ei-ms-peak>
      <ei-ms-id>968</ei-ms-id>
      <id>104654</id>
      <intensity>50.0</intensity>
      <mass-charge>97.0</mass-charge>
    </ei-ms-peak>
    <ei-ms-peak>
      <ei-ms-id>968</ei-ms-id>
      <id>104655</id>
      <intensity>60.0</intensity>
      <mass-charge>98.0</mass-charge>
    </ei-ms-peak>
    <ei-ms-peak>
      <ei-ms-id>968</ei-ms-id>
      <id>104656</id>
      <intensity>60.0</intensity>
      <mass-charge>99.0</mass-charge>
    </ei-ms-peak>
    <ei-ms-peak>
      <ei-ms-id>968</ei-ms-id>
      <id>104657</id>
      <intensity>30.0</intensity>
      <mass-charge>100.0</mass-charge>
    </ei-ms-peak>
    <ei-ms-peak>
      <ei-ms-id>968</ei-ms-id>
      <id>104658</id>
      <intensity>40.0</intensity>
      <mass-charge>101.0</mass-charge>
    </ei-ms-peak>
    <ei-ms-peak>
      <ei-ms-id>968</ei-ms-id>
      <id>104659</id>
      <intensity>129.0</intensity>
      <mass-charge>102.0</mass-charge>
    </ei-ms-peak>
    <ei-ms-peak>
      <ei-ms-id>968</ei-ms-id>
      <id>104660</id>
      <intensity>149.0</intensity>
      <mass-charge>103.0</mass-charge>
    </ei-ms-peak>
    <ei-ms-peak>
      <ei-ms-id>968</ei-ms-id>
      <id>104661</id>
      <intensity>60.0</intensity>
      <mass-charge>104.0</mass-charge>
    </ei-ms-peak>
    <ei-ms-peak>
      <ei-ms-id>968</ei-ms-id>
      <id>104662</id>
      <intensity>129.0</intensity>
      <mass-charge>105.0</mass-charge>
    </ei-ms-peak>
    <ei-ms-peak>
      <ei-ms-id>968</ei-ms-id>
      <id>104663</id>
      <intensity>109.0</intensity>
      <mass-charge>106.0</mass-charge>
    </ei-ms-peak>
    <ei-ms-peak>
      <ei-ms-id>968</ei-ms-id>
      <id>104664</id>
      <intensity>179.0</intensity>
      <mass-charge>107.0</mass-charge>
    </ei-ms-peak>
    <ei-ms-peak>
      <ei-ms-id>968</ei-ms-id>
      <id>104665</id>
      <intensity>209.0</intensity>
      <mass-charge>108.0</mass-charge>
    </ei-ms-peak>
    <ei-ms-peak>
      <ei-ms-id>968</ei-ms-id>
      <id>104666</id>
      <intensity>90.0</intensity>
      <mass-charge>109.0</mass-charge>
    </ei-ms-peak>
    <ei-ms-peak>
      <ei-ms-id>968</ei-ms-id>
      <id>104667</id>
      <intensity>70.0</intensity>
      <mass-charge>110.0</mass-charge>
    </ei-ms-peak>
    <ei-ms-peak>
      <ei-ms-id>968</ei-ms-id>
      <id>104668</id>
      <intensity>10.0</intensity>
      <mass-charge>111.0</mass-charge>
    </ei-ms-peak>
    <ei-ms-peak>
      <ei-ms-id>968</ei-ms-id>
      <id>104669</id>
      <intensity>30.0</intensity>
      <mass-charge>112.0</mass-charge>
    </ei-ms-peak>
    <ei-ms-peak>
      <ei-ms-id>968</ei-ms-id>
      <id>104670</id>
      <intensity>129.0</intensity>
      <mass-charge>113.0</mass-charge>
    </ei-ms-peak>
    <ei-ms-peak>
      <ei-ms-id>968</ei-ms-id>
      <id>104671</id>
      <intensity>119.0</intensity>
      <mass-charge>114.0</mass-charge>
    </ei-ms-peak>
    <ei-ms-peak>
      <ei-ms-id>968</ei-ms-id>
      <id>104672</id>
      <intensity>739.0</intensity>
      <mass-charge>115.0</mass-charge>
    </ei-ms-peak>
    <ei-ms-peak>
      <ei-ms-id>968</ei-ms-id>
      <id>104673</id>
      <intensity>209.0</intensity>
      <mass-charge>116.0</mass-charge>
    </ei-ms-peak>
    <ei-ms-peak>
      <ei-ms-id>968</ei-ms-id>
      <id>104674</id>
      <intensity>149.0</intensity>
      <mass-charge>117.0</mass-charge>
    </ei-ms-peak>
    <ei-ms-peak>
      <ei-ms-id>968</ei-ms-id>
      <id>104675</id>
      <intensity>60.0</intensity>
      <mass-charge>118.0</mass-charge>
    </ei-ms-peak>
    <ei-ms-peak>
      <ei-ms-id>968</ei-ms-id>
      <id>104676</id>
      <intensity>80.0</intensity>
      <mass-charge>119.0</mass-charge>
    </ei-ms-peak>
    <ei-ms-peak>
      <ei-ms-id>968</ei-ms-id>
      <id>104677</id>
      <intensity>119.0</intensity>
      <mass-charge>120.0</mass-charge>
    </ei-ms-peak>
    <ei-ms-peak>
      <ei-ms-id>968</ei-ms-id>
      <id>104678</id>
      <intensity>419.0</intensity>
      <mass-charge>121.0</mass-charge>
    </ei-ms-peak>
    <ei-ms-peak>
      <ei-ms-id>968</ei-ms-id>
      <id>104679</id>
      <intensity>289.0</intensity>
      <mass-charge>122.0</mass-charge>
    </ei-ms-peak>
    <ei-ms-peak>
      <ei-ms-id>968</ei-ms-id>
      <id>104680</id>
      <intensity>229.0</intensity>
      <mass-charge>123.0</mass-charge>
    </ei-ms-peak>
    <ei-ms-peak>
      <ei-ms-id>968</ei-ms-id>
      <id>104681</id>
      <intensity>119.0</intensity>
      <mass-charge>124.0</mass-charge>
    </ei-ms-peak>
    <ei-ms-peak>
      <ei-ms-id>968</ei-ms-id>
      <id>104682</id>
      <intensity>20.0</intensity>
      <mass-charge>125.0</mass-charge>
    </ei-ms-peak>
    <ei-ms-peak>
      <ei-ms-id>968</ei-ms-id>
      <id>104683</id>
      <intensity>40.0</intensity>
      <mass-charge>126.0</mass-charge>
    </ei-ms-peak>
    <ei-ms-peak>
      <ei-ms-id>968</ei-ms-id>
      <id>104684</id>
      <intensity>289.0</intensity>
      <mass-charge>127.0</mass-charge>
    </ei-ms-peak>
    <ei-ms-peak>
      <ei-ms-id>968</ei-ms-id>
      <id>104685</id>
      <intensity>839.0</intensity>
      <mass-charge>128.0</mass-charge>
    </ei-ms-peak>
    <ei-ms-peak>
      <ei-ms-id>968</ei-ms-id>
      <id>104686</id>
      <intensity>479.0</intensity>
      <mass-charge>129.0</mass-charge>
    </ei-ms-peak>
    <ei-ms-peak>
      <ei-ms-id>968</ei-ms-id>
      <id>104687</id>
      <intensity>129.0</intensity>
      <mass-charge>130.0</mass-charge>
    </ei-ms-peak>
    <ei-ms-peak>
      <ei-ms-id>968</ei-ms-id>
      <id>104688</id>
      <intensity>199.0</intensity>
      <mass-charge>131.0</mass-charge>
    </ei-ms-peak>
    <ei-ms-peak>
      <ei-ms-id>968</ei-ms-id>
      <id>104689</id>
      <intensity>90.0</intensity>
      <mass-charge>132.0</mass-charge>
    </ei-ms-peak>
    <ei-ms-peak>
      <ei-ms-id>968</ei-ms-id>
      <id>104690</id>
      <intensity>60.0</intensity>
      <mass-charge>133.0</mass-charge>
    </ei-ms-peak>
    <ei-ms-peak>
      <ei-ms-id>968</ei-ms-id>
      <id>104691</id>
      <intensity>129.0</intensity>
      <mass-charge>134.0</mass-charge>
    </ei-ms-peak>
    <ei-ms-peak>
      <ei-ms-id>968</ei-ms-id>
      <id>104692</id>
      <intensity>569.0</intensity>
      <mass-charge>135.0</mass-charge>
    </ei-ms-peak>
    <ei-ms-peak>
      <ei-ms-id>968</ei-ms-id>
      <id>104693</id>
      <intensity>269.0</intensity>
      <mass-charge>136.0</mass-charge>
    </ei-ms-peak>
    <ei-ms-peak>
      <ei-ms-id>968</ei-ms-id>
      <id>104694</id>
      <intensity>40.0</intensity>
      <mass-charge>137.0</mass-charge>
    </ei-ms-peak>
    <ei-ms-peak>
      <ei-ms-id>968</ei-ms-id>
      <id>104695</id>
      <intensity>10.0</intensity>
      <mass-charge>138.0</mass-charge>
    </ei-ms-peak>
    <ei-ms-peak>
      <ei-ms-id>968</ei-ms-id>
      <id>104696</id>
      <intensity>109.0</intensity>
      <mass-charge>139.0</mass-charge>
    </ei-ms-peak>
    <ei-ms-peak>
      <ei-ms-id>968</ei-ms-id>
      <id>104697</id>
      <intensity>60.0</intensity>
      <mass-charge>140.0</mass-charge>
    </ei-ms-peak>
    <ei-ms-peak>
      <ei-ms-id>968</ei-ms-id>
      <id>104698</id>
      <intensity>549.0</intensity>
      <mass-charge>141.0</mass-charge>
    </ei-ms-peak>
    <ei-ms-peak>
      <ei-ms-id>968</ei-ms-id>
      <id>104699</id>
      <intensity>219.0</intensity>
      <mass-charge>142.0</mass-charge>
    </ei-ms-peak>
    <ei-ms-peak>
      <ei-ms-id>968</ei-ms-id>
      <id>104700</id>
      <intensity>189.0</intensity>
      <mass-charge>143.0</mass-charge>
    </ei-ms-peak>
    <ei-ms-peak>
      <ei-ms-id>968</ei-ms-id>
      <id>104701</id>
      <intensity>289.0</intensity>
      <mass-charge>144.0</mass-charge>
    </ei-ms-peak>
    <ei-ms-peak>
      <ei-ms-id>968</ei-ms-id>
      <id>104702</id>
      <intensity>279.0</intensity>
      <mass-charge>145.0</mass-charge>
    </ei-ms-peak>
    <ei-ms-peak>
      <ei-ms-id>968</ei-ms-id>
      <id>104703</id>
      <intensity>339.0</intensity>
      <mass-charge>146.0</mass-charge>
    </ei-ms-peak>
    <ei-ms-peak>
      <ei-ms-id>968</ei-ms-id>
      <id>104704</id>
      <intensity>299.0</intensity>
      <mass-charge>147.0</mass-charge>
    </ei-ms-peak>
    <ei-ms-peak>
      <ei-ms-id>968</ei-ms-id>
      <id>104705</id>
      <intensity>519.0</intensity>
      <mass-charge>148.0</mass-charge>
    </ei-ms-peak>
    <ei-ms-peak>
      <ei-ms-id>968</ei-ms-id>
      <id>104706</id>
      <intensity>119.0</intensity>
      <mass-charge>149.0</mass-charge>
    </ei-ms-peak>
    <ei-ms-peak>
      <ei-ms-id>968</ei-ms-id>
      <id>104707</id>
      <intensity>5049.0</intensity>
      <mass-charge>150.0</mass-charge>
    </ei-ms-peak>
    <ei-ms-peak>
      <ei-ms-id>968</ei-ms-id>
      <id>104708</id>
      <intensity>619.0</intensity>
      <mass-charge>151.0</mass-charge>
    </ei-ms-peak>
    <ei-ms-peak>
      <ei-ms-id>968</ei-ms-id>
      <id>104709</id>
      <intensity>219.0</intensity>
      <mass-charge>152.0</mass-charge>
    </ei-ms-peak>
    <ei-ms-peak>
      <ei-ms-id>968</ei-ms-id>
      <id>104710</id>
      <intensity>289.0</intensity>
      <mass-charge>153.0</mass-charge>
    </ei-ms-peak>
    <ei-ms-peak>
      <ei-ms-id>968</ei-ms-id>
      <id>104711</id>
      <intensity>189.0</intensity>
      <mass-charge>154.0</mass-charge>
    </ei-ms-peak>
    <ei-ms-peak>
      <ei-ms-id>968</ei-ms-id>
      <id>104712</id>
      <intensity>209.0</intensity>
      <mass-charge>155.0</mass-charge>
    </ei-ms-peak>
    <ei-ms-peak>
      <ei-ms-id>968</ei-ms-id>
      <id>104713</id>
      <intensity>139.0</intensity>
      <mass-charge>156.0</mass-charge>
    </ei-ms-peak>
    <ei-ms-peak>
      <ei-ms-id>968</ei-ms-id>
      <id>104714</id>
      <intensity>239.0</intensity>
      <mass-charge>157.0</mass-charge>
    </ei-ms-peak>
    <ei-ms-peak>
      <ei-ms-id>968</ei-ms-id>
      <id>104715</id>
      <intensity>329.0</intensity>
      <mass-charge>158.0</mass-charge>
    </ei-ms-peak>
    <ei-ms-peak>
      <ei-ms-id>968</ei-ms-id>
      <id>104716</id>
      <intensity>479.0</intensity>
      <mass-charge>159.0</mass-charge>
    </ei-ms-peak>
    <ei-ms-peak>
      <ei-ms-id>968</ei-ms-id>
      <id>104717</id>
      <intensity>299.0</intensity>
      <mass-charge>160.0</mass-charge>
    </ei-ms-peak>
    <ei-ms-peak>
      <ei-ms-id>968</ei-ms-id>
      <id>104718</id>
      <intensity>399.0</intensity>
      <mass-charge>161.0</mass-charge>
    </ei-ms-peak>
    <ei-ms-peak>
      <ei-ms-id>968</ei-ms-id>
      <id>104719</id>
      <intensity>559.0</intensity>
      <mass-charge>162.0</mass-charge>
    </ei-ms-peak>
    <ei-ms-peak>
      <ei-ms-id>968</ei-ms-id>
      <id>104720</id>
      <intensity>109.0</intensity>
      <mass-charge>163.0</mass-charge>
    </ei-ms-peak>
    <ei-ms-peak>
      <ei-ms-id>968</ei-ms-id>
      <id>104721</id>
      <intensity>60.0</intensity>
      <mass-charge>164.0</mass-charge>
    </ei-ms-peak>
    <ei-ms-peak>
      <ei-ms-id>968</ei-ms-id>
      <id>104722</id>
      <intensity>189.0</intensity>
      <mass-charge>165.0</mass-charge>
    </ei-ms-peak>
    <ei-ms-peak>
      <ei-ms-id>968</ei-ms-id>
      <id>104723</id>
      <intensity>99.0</intensity>
      <mass-charge>166.0</mass-charge>
    </ei-ms-peak>
    <ei-ms-peak>
      <ei-ms-id>968</ei-ms-id>
      <id>104724</id>
      <intensity>139.0</intensity>
      <mass-charge>167.0</mass-charge>
    </ei-ms-peak>
    <ei-ms-peak>
      <ei-ms-id>968</ei-ms-id>
      <id>104725</id>
      <intensity>99.0</intensity>
      <mass-charge>168.0</mass-charge>
    </ei-ms-peak>
    <ei-ms-peak>
      <ei-ms-id>968</ei-ms-id>
      <id>104726</id>
      <intensity>179.0</intensity>
      <mass-charge>169.0</mass-charge>
    </ei-ms-peak>
    <ei-ms-peak>
      <ei-ms-id>968</ei-ms-id>
      <id>104727</id>
      <intensity>189.0</intensity>
      <mass-charge>170.0</mass-charge>
    </ei-ms-peak>
    <ei-ms-peak>
      <ei-ms-id>968</ei-ms-id>
      <id>104728</id>
      <intensity>1879.0</intensity>
      <mass-charge>171.0</mass-charge>
    </ei-ms-peak>
    <ei-ms-peak>
      <ei-ms-id>968</ei-ms-id>
      <id>104729</id>
      <intensity>829.0</intensity>
      <mass-charge>172.0</mass-charge>
    </ei-ms-peak>
    <ei-ms-peak>
      <ei-ms-id>968</ei-ms-id>
      <id>104730</id>
      <intensity>289.0</intensity>
      <mass-charge>173.0</mass-charge>
    </ei-ms-peak>
    <ei-ms-peak>
      <ei-ms-id>968</ei-ms-id>
      <id>104731</id>
      <intensity>769.0</intensity>
      <mass-charge>174.0</mass-charge>
    </ei-ms-peak>
    <ei-ms-peak>
      <ei-ms-id>968</ei-ms-id>
      <id>104732</id>
      <intensity>449.0</intensity>
      <mass-charge>175.0</mass-charge>
    </ei-ms-peak>
    <ei-ms-peak>
      <ei-ms-id>968</ei-ms-id>
      <id>104733</id>
      <intensity>169.0</intensity>
      <mass-charge>176.0</mass-charge>
    </ei-ms-peak>
    <ei-ms-peak>
      <ei-ms-id>968</ei-ms-id>
      <id>104734</id>
      <intensity>30.0</intensity>
      <mass-charge>177.0</mass-charge>
    </ei-ms-peak>
    <ei-ms-peak>
      <ei-ms-id>968</ei-ms-id>
      <id>104735</id>
      <intensity>40.0</intensity>
      <mass-charge>178.0</mass-charge>
    </ei-ms-peak>
    <ei-ms-peak>
      <ei-ms-id>968</ei-ms-id>
      <id>104736</id>
      <intensity>60.0</intensity>
      <mass-charge>179.0</mass-charge>
    </ei-ms-peak>
    <ei-ms-peak>
      <ei-ms-id>968</ei-ms-id>
      <id>104737</id>
      <intensity>40.0</intensity>
      <mass-charge>180.0</mass-charge>
    </ei-ms-peak>
    <ei-ms-peak>
      <ei-ms-id>968</ei-ms-id>
      <id>104738</id>
      <intensity>149.0</intensity>
      <mass-charge>181.0</mass-charge>
    </ei-ms-peak>
    <ei-ms-peak>
      <ei-ms-id>968</ei-ms-id>
      <id>104739</id>
      <intensity>109.0</intensity>
      <mass-charge>182.0</mass-charge>
    </ei-ms-peak>
    <ei-ms-peak>
      <ei-ms-id>968</ei-ms-id>
      <id>104740</id>
      <intensity>209.0</intensity>
      <mass-charge>183.0</mass-charge>
    </ei-ms-peak>
    <ei-ms-peak>
      <ei-ms-id>968</ei-ms-id>
      <id>104741</id>
      <intensity>379.0</intensity>
      <mass-charge>184.0</mass-charge>
    </ei-ms-peak>
    <ei-ms-peak>
      <ei-ms-id>968</ei-ms-id>
      <id>104742</id>
      <intensity>449.0</intensity>
      <mass-charge>185.0</mass-charge>
    </ei-ms-peak>
    <ei-ms-peak>
      <ei-ms-id>968</ei-ms-id>
      <id>104743</id>
      <intensity>229.0</intensity>
      <mass-charge>186.0</mass-charge>
    </ei-ms-peak>
    <ei-ms-peak>
      <ei-ms-id>968</ei-ms-id>
      <id>104744</id>
      <intensity>109.0</intensity>
      <mass-charge>187.0</mass-charge>
    </ei-ms-peak>
    <ei-ms-peak>
      <ei-ms-id>968</ei-ms-id>
      <id>104745</id>
      <intensity>189.0</intensity>
      <mass-charge>188.0</mass-charge>
    </ei-ms-peak>
    <ei-ms-peak>
      <ei-ms-id>968</ei-ms-id>
      <id>104746</id>
      <intensity>50.0</intensity>
      <mass-charge>189.0</mass-charge>
    </ei-ms-peak>
    <ei-ms-peak>
      <ei-ms-id>968</ei-ms-id>
      <id>104747</id>
      <intensity>20.0</intensity>
      <mass-charge>190.0</mass-charge>
    </ei-ms-peak>
    <ei-ms-peak>
      <ei-ms-id>968</ei-ms-id>
      <id>104748</id>
      <intensity>10.0</intensity>
      <mass-charge>191.0</mass-charge>
    </ei-ms-peak>
    <ei-ms-peak>
      <ei-ms-id>968</ei-ms-id>
      <id>104749</id>
      <intensity>10.0</intensity>
      <mass-charge>193.0</mass-charge>
    </ei-ms-peak>
    <ei-ms-peak>
      <ei-ms-id>968</ei-ms-id>
      <id>104750</id>
      <intensity>20.0</intensity>
      <mass-charge>194.0</mass-charge>
    </ei-ms-peak>
    <ei-ms-peak>
      <ei-ms-id>968</ei-ms-id>
      <id>104751</id>
      <intensity>40.0</intensity>
      <mass-charge>195.0</mass-charge>
    </ei-ms-peak>
    <ei-ms-peak>
      <ei-ms-id>968</ei-ms-id>
      <id>104752</id>
      <intensity>80.0</intensity>
      <mass-charge>196.0</mass-charge>
    </ei-ms-peak>
    <ei-ms-peak>
      <ei-ms-id>968</ei-ms-id>
      <id>104753</id>
      <intensity>219.0</intensity>
      <mass-charge>197.0</mass-charge>
    </ei-ms-peak>
    <ei-ms-peak>
      <ei-ms-id>968</ei-ms-id>
      <id>104754</id>
      <intensity>279.0</intensity>
      <mass-charge>198.0</mass-charge>
    </ei-ms-peak>
    <ei-ms-peak>
      <ei-ms-id>968</ei-ms-id>
      <id>104755</id>
      <intensity>259.0</intensity>
      <mass-charge>199.0</mass-charge>
    </ei-ms-peak>
    <ei-ms-peak>
      <ei-ms-id>968</ei-ms-id>
      <id>104756</id>
      <intensity>199.0</intensity>
      <mass-charge>200.0</mass-charge>
    </ei-ms-peak>
    <ei-ms-peak>
      <ei-ms-id>968</ei-ms-id>
      <id>104757</id>
      <intensity>109.0</intensity>
      <mass-charge>201.0</mass-charge>
    </ei-ms-peak>
    <ei-ms-peak>
      <ei-ms-id>968</ei-ms-id>
      <id>104758</id>
      <intensity>209.0</intensity>
      <mass-charge>202.0</mass-charge>
    </ei-ms-peak>
    <ei-ms-peak>
      <ei-ms-id>968</ei-ms-id>
      <id>104759</id>
      <intensity>1369.0</intensity>
      <mass-charge>203.0</mass-charge>
    </ei-ms-peak>
    <ei-ms-peak>
      <ei-ms-id>968</ei-ms-id>
      <id>104760</id>
      <intensity>209.0</intensity>
      <mass-charge>204.0</mass-charge>
    </ei-ms-peak>
    <ei-ms-peak>
      <ei-ms-id>968</ei-ms-id>
      <id>104761</id>
      <intensity>20.0</intensity>
      <mass-charge>205.0</mass-charge>
    </ei-ms-peak>
    <ei-ms-peak>
      <ei-ms-id>968</ei-ms-id>
      <id>104762</id>
      <intensity>10.0</intensity>
      <mass-charge>208.0</mass-charge>
    </ei-ms-peak>
    <ei-ms-peak>
      <ei-ms-id>968</ei-ms-id>
      <id>104763</id>
      <intensity>20.0</intensity>
      <mass-charge>209.0</mass-charge>
    </ei-ms-peak>
    <ei-ms-peak>
      <ei-ms-id>968</ei-ms-id>
      <id>104764</id>
      <intensity>50.0</intensity>
      <mass-charge>210.0</mass-charge>
    </ei-ms-peak>
    <ei-ms-peak>
      <ei-ms-id>968</ei-ms-id>
      <id>104765</id>
      <intensity>139.0</intensity>
      <mass-charge>211.0</mass-charge>
    </ei-ms-peak>
    <ei-ms-peak>
      <ei-ms-id>968</ei-ms-id>
      <id>104766</id>
      <intensity>1749.0</intensity>
      <mass-charge>212.0</mass-charge>
    </ei-ms-peak>
    <ei-ms-peak>
      <ei-ms-id>968</ei-ms-id>
      <id>104767</id>
      <intensity>1539.0</intensity>
      <mass-charge>213.0</mass-charge>
    </ei-ms-peak>
    <ei-ms-peak>
      <ei-ms-id>968</ei-ms-id>
      <id>104768</id>
      <intensity>3649.0</intensity>
      <mass-charge>214.0</mass-charge>
    </ei-ms-peak>
    <ei-ms-peak>
      <ei-ms-id>968</ei-ms-id>
      <id>104769</id>
      <intensity>669.0</intensity>
      <mass-charge>215.0</mass-charge>
    </ei-ms-peak>
    <ei-ms-peak>
      <ei-ms-id>968</ei-ms-id>
      <id>104770</id>
      <intensity>129.0</intensity>
      <mass-charge>216.0</mass-charge>
    </ei-ms-peak>
    <ei-ms-peak>
      <ei-ms-id>968</ei-ms-id>
      <id>104771</id>
      <intensity>20.0</intensity>
      <mass-charge>217.0</mass-charge>
    </ei-ms-peak>
    <ei-ms-peak>
      <ei-ms-id>968</ei-ms-id>
      <id>104772</id>
      <intensity>20.0</intensity>
      <mass-charge>224.0</mass-charge>
    </ei-ms-peak>
    <ei-ms-peak>
      <ei-ms-id>968</ei-ms-id>
      <id>104773</id>
      <intensity>40.0</intensity>
      <mass-charge>225.0</mass-charge>
    </ei-ms-peak>
    <ei-ms-peak>
      <ei-ms-id>968</ei-ms-id>
      <id>104774</id>
      <intensity>99.0</intensity>
      <mass-charge>226.0</mass-charge>
    </ei-ms-peak>
    <ei-ms-peak>
      <ei-ms-id>968</ei-ms-id>
      <id>104775</id>
      <intensity>159.0</intensity>
      <mass-charge>227.0</mass-charge>
    </ei-ms-peak>
    <ei-ms-peak>
      <ei-ms-id>968</ei-ms-id>
      <id>104776</id>
      <intensity>539.0</intensity>
      <mass-charge>228.0</mass-charge>
    </ei-ms-peak>
    <ei-ms-peak>
      <ei-ms-id>968</ei-ms-id>
      <id>104777</id>
      <intensity>169.0</intensity>
      <mass-charge>229.0</mass-charge>
    </ei-ms-peak>
    <ei-ms-peak>
      <ei-ms-id>968</ei-ms-id>
      <id>104778</id>
      <intensity>50.0</intensity>
      <mass-charge>230.0</mass-charge>
    </ei-ms-peak>
    <ei-ms-peak>
      <ei-ms-id>968</ei-ms-id>
      <id>104779</id>
      <intensity>20.0</intensity>
      <mass-charge>238.0</mass-charge>
    </ei-ms-peak>
    <ei-ms-peak>
      <ei-ms-id>968</ei-ms-id>
      <id>104780</id>
      <intensity>40.0</intensity>
      <mass-charge>239.0</mass-charge>
    </ei-ms-peak>
    <ei-ms-peak>
      <ei-ms-id>968</ei-ms-id>
      <id>104781</id>
      <intensity>149.0</intensity>
      <mass-charge>240.0</mass-charge>
    </ei-ms-peak>
    <ei-ms-peak>
      <ei-ms-id>968</ei-ms-id>
      <id>104782</id>
      <intensity>40.0</intensity>
      <mass-charge>241.0</mass-charge>
    </ei-ms-peak>
    <ei-ms-peak>
      <ei-ms-id>968</ei-ms-id>
      <id>104783</id>
      <intensity>689.0</intensity>
      <mass-charge>242.0</mass-charge>
    </ei-ms-peak>
    <ei-ms-peak>
      <ei-ms-id>968</ei-ms-id>
      <id>104784</id>
      <intensity>189.0</intensity>
      <mass-charge>243.0</mass-charge>
    </ei-ms-peak>
    <ei-ms-peak>
      <ei-ms-id>968</ei-ms-id>
      <id>104785</id>
      <intensity>20.0</intensity>
      <mass-charge>244.0</mass-charge>
    </ei-ms-peak>
    <ei-ms-peak>
      <ei-ms-id>968</ei-ms-id>
      <id>104786</id>
      <intensity>40.0</intensity>
      <mass-charge>254.0</mass-charge>
    </ei-ms-peak>
    <ei-ms-peak>
      <ei-ms-id>968</ei-ms-id>
      <id>104787</id>
      <intensity>60.0</intensity>
      <mass-charge>255.0</mass-charge>
    </ei-ms-peak>
    <ei-ms-peak>
      <ei-ms-id>968</ei-ms-id>
      <id>104788</id>
      <intensity>759.0</intensity>
      <mass-charge>256.0</mass-charge>
    </ei-ms-peak>
    <ei-ms-peak>
      <ei-ms-id>968</ei-ms-id>
      <id>104789</id>
      <intensity>169.0</intensity>
      <mass-charge>257.0</mass-charge>
    </ei-ms-peak>
    <ei-ms-peak>
      <ei-ms-id>968</ei-ms-id>
      <id>104790</id>
      <intensity>20.0</intensity>
      <mass-charge>258.0</mass-charge>
    </ei-ms-peak>
    <ei-ms-peak>
      <ei-ms-id>968</ei-ms-id>
      <id>104791</id>
      <intensity>60.0</intensity>
      <mass-charge>268.0</mass-charge>
    </ei-ms-peak>
    <ei-ms-peak>
      <ei-ms-id>968</ei-ms-id>
      <id>104792</id>
      <intensity>179.0</intensity>
      <mass-charge>269.0</mass-charge>
    </ei-ms-peak>
    <ei-ms-peak>
      <ei-ms-id>968</ei-ms-id>
      <id>104793</id>
      <intensity>4839.0</intensity>
      <mass-charge>270.0</mass-charge>
    </ei-ms-peak>
    <ei-ms-peak>
      <ei-ms-id>968</ei-ms-id>
      <id>104794</id>
      <intensity>9999.0</intensity>
      <mass-charge>271.0</mass-charge>
    </ei-ms-peak>
    <ei-ms-peak>
      <ei-ms-id>968</ei-ms-id>
      <id>104795</id>
      <intensity>1999.0</intensity>
      <mass-charge>272.0</mass-charge>
    </ei-ms-peak>
    <ei-ms-peak>
      <ei-ms-id>968</ei-ms-id>
      <id>104796</id>
      <intensity>219.0</intensity>
      <mass-charge>273.0</mass-charge>
    </ei-ms-peak>
    <ei-ms-peak>
      <ei-ms-id>968</ei-ms-id>
      <id>104797</id>
      <intensity>10.0</intensity>
      <mass-charge>274.0</mass-charge>
    </ei-ms-peak>
  </ei-ms-peaks>
</ei-ms>
