<?xml version="1.0" encoding="UTF-8"?>
<ei-ms>
  <collection-date nil="true"/>
  <created-at>2014-09-20T16:45:04Z</created-at>
  <database-id>HMDB00039</database-id>
  <id>1145</id>
  <inchi-key>FERIUCNNQQJTOY-UHFFFAOYSA-N</inchi-key>
  <instrument-type nil="true"/>
  <molecule-id nil="true"/>
  <notes nil="true"/>
  <peak-counter>44</peak-counter>
  <sample-assessment nil="true"/>
  <sample-concentration nil="true"/>
  <sample-concentration-units nil="true"/>
  <sample-mass nil="true"/>
  <sample-mass-units nil="true"/>
  <sample-source nil="true"/>
  <solvent nil="true"/>
  <spectra-assessment nil="true"/>
  <updated-at>2014-09-20T16:45:04Z</updated-at>
  <references>
    <reference>
      <database>NIST</database>
      <database-id>107-92-6</database-id>
      <id>16017</id>
      <pubmed-id nil="true"/>
      <ref-text>NIST Mass Spec Data Center, S.E. Stein, director, "Mass Spectra" in NIST Chemistry WebBook, NIST Standard Reference Database Number 69, Eds. P.J. Linstrom and W.G. Mallard, National Institute of Standards and Technology, Gaithersburg MD, 20899, http://webbook.nist.gov, (retrieved September 6, 2014).</ref-text>
      <spectra-id>1145</spectra-id>
      <spectra-type>EiMs</spectra-type>
    </reference>
  </references>
  <ei-ms-peaks>
    <ei-ms-peak>
      <ei-ms-id>1145</ei-ms-id>
      <id>123565</id>
      <intensity>30.0</intensity>
      <mass-charge>14.0</mass-charge>
    </ei-ms-peak>
    <ei-ms-peak>
      <ei-ms-id>1145</ei-ms-id>
      <id>123566</id>
      <intensity>80.0</intensity>
      <mass-charge>15.0</mass-charge>
    </ei-ms-peak>
    <ei-ms-peak>
      <ei-ms-id>1145</ei-ms-id>
      <id>123567</id>
      <intensity>10.0</intensity>
      <mass-charge>16.0</mass-charge>
    </ei-ms-peak>
    <ei-ms-peak>
      <ei-ms-id>1145</ei-ms-id>
      <id>123568</id>
      <intensity>10.0</intensity>
      <mass-charge>17.0</mass-charge>
    </ei-ms-peak>
    <ei-ms-peak>
      <ei-ms-id>1145</ei-ms-id>
      <id>123569</id>
      <intensity>40.0</intensity>
      <mass-charge>18.0</mass-charge>
    </ei-ms-peak>
    <ei-ms-peak>
      <ei-ms-id>1145</ei-ms-id>
      <id>123570</id>
      <intensity>10.0</intensity>
      <mass-charge>25.0</mass-charge>
    </ei-ms-peak>
    <ei-ms-peak>
      <ei-ms-id>1145</ei-ms-id>
      <id>123571</id>
      <intensity>149.0</intensity>
      <mass-charge>26.0</mass-charge>
    </ei-ms-peak>
    <ei-ms-peak>
      <ei-ms-id>1145</ei-ms-id>
      <id>123572</id>
      <intensity>1359.0</intensity>
      <mass-charge>27.0</mass-charge>
    </ei-ms-peak>
    <ei-ms-peak>
      <ei-ms-id>1145</ei-ms-id>
      <id>123573</id>
      <intensity>409.0</intensity>
      <mass-charge>28.0</mass-charge>
    </ei-ms-peak>
    <ei-ms-peak>
      <ei-ms-id>1145</ei-ms-id>
      <id>123574</id>
      <intensity>809.0</intensity>
      <mass-charge>29.0</mass-charge>
    </ei-ms-peak>
    <ei-ms-peak>
      <ei-ms-id>1145</ei-ms-id>
      <id>123575</id>
      <intensity>20.0</intensity>
      <mass-charge>30.0</mass-charge>
    </ei-ms-peak>
    <ei-ms-peak>
      <ei-ms-id>1145</ei-ms-id>
      <id>123576</id>
      <intensity>80.0</intensity>
      <mass-charge>31.0</mass-charge>
    </ei-ms-peak>
    <ei-ms-peak>
      <ei-ms-id>1145</ei-ms-id>
      <id>123577</id>
      <intensity>40.0</intensity>
      <mass-charge>32.0</mass-charge>
    </ei-ms-peak>
    <ei-ms-peak>
      <ei-ms-id>1145</ei-ms-id>
      <id>123578</id>
      <intensity>10.0</intensity>
      <mass-charge>34.0</mass-charge>
    </ei-ms-peak>
    <ei-ms-peak>
      <ei-ms-id>1145</ei-ms-id>
      <id>123579</id>
      <intensity>60.0</intensity>
      <mass-charge>37.0</mass-charge>
    </ei-ms-peak>
    <ei-ms-peak>
      <ei-ms-id>1145</ei-ms-id>
      <id>123580</id>
      <intensity>109.0</intensity>
      <mass-charge>38.0</mass-charge>
    </ei-ms-peak>
    <ei-ms-peak>
      <ei-ms-id>1145</ei-ms-id>
      <id>123581</id>
      <intensity>659.0</intensity>
      <mass-charge>39.0</mass-charge>
    </ei-ms-peak>
    <ei-ms-peak>
      <ei-ms-id>1145</ei-ms-id>
      <id>123582</id>
      <intensity>119.0</intensity>
      <mass-charge>40.0</mass-charge>
    </ei-ms-peak>
    <ei-ms-peak>
      <ei-ms-id>1145</ei-ms-id>
      <id>123583</id>
      <intensity>1629.0</intensity>
      <mass-charge>41.0</mass-charge>
    </ei-ms-peak>
    <ei-ms-peak>
      <ei-ms-id>1145</ei-ms-id>
      <id>123584</id>
      <intensity>1399.0</intensity>
      <mass-charge>42.0</mass-charge>
    </ei-ms-peak>
    <ei-ms-peak>
      <ei-ms-id>1145</ei-ms-id>
      <id>123585</id>
      <intensity>1409.0</intensity>
      <mass-charge>43.0</mass-charge>
    </ei-ms-peak>
    <ei-ms-peak>
      <ei-ms-id>1145</ei-ms-id>
      <id>123586</id>
      <intensity>60.0</intensity>
      <mass-charge>44.0</mass-charge>
    </ei-ms-peak>
    <ei-ms-peak>
      <ei-ms-id>1145</ei-ms-id>
      <id>123587</id>
      <intensity>989.0</intensity>
      <mass-charge>45.0</mass-charge>
    </ei-ms-peak>
    <ei-ms-peak>
      <ei-ms-id>1145</ei-ms-id>
      <id>123588</id>
      <intensity>40.0</intensity>
      <mass-charge>46.0</mass-charge>
    </ei-ms-peak>
    <ei-ms-peak>
      <ei-ms-id>1145</ei-ms-id>
      <id>123589</id>
      <intensity>40.0</intensity>
      <mass-charge>47.0</mass-charge>
    </ei-ms-peak>
    <ei-ms-peak>
      <ei-ms-id>1145</ei-ms-id>
      <id>123590</id>
      <intensity>20.0</intensity>
      <mass-charge>53.0</mass-charge>
    </ei-ms-peak>
    <ei-ms-peak>
      <ei-ms-id>1145</ei-ms-id>
      <id>123591</id>
      <intensity>669.0</intensity>
      <mass-charge>55.0</mass-charge>
    </ei-ms-peak>
    <ei-ms-peak>
      <ei-ms-id>1145</ei-ms-id>
      <id>123592</id>
      <intensity>30.0</intensity>
      <mass-charge>56.0</mass-charge>
    </ei-ms-peak>
    <ei-ms-peak>
      <ei-ms-id>1145</ei-ms-id>
      <id>123593</id>
      <intensity>20.0</intensity>
      <mass-charge>57.0</mass-charge>
    </ei-ms-peak>
    <ei-ms-peak>
      <ei-ms-id>1145</ei-ms-id>
      <id>123594</id>
      <intensity>10.0</intensity>
      <mass-charge>59.0</mass-charge>
    </ei-ms-peak>
    <ei-ms-peak>
      <ei-ms-id>1145</ei-ms-id>
      <id>123595</id>
      <intensity>9999.0</intensity>
      <mass-charge>60.0</mass-charge>
    </ei-ms-peak>
    <ei-ms-peak>
      <ei-ms-id>1145</ei-ms-id>
      <id>123596</id>
      <intensity>269.0</intensity>
      <mass-charge>61.0</mass-charge>
    </ei-ms-peak>
    <ei-ms-peak>
      <ei-ms-id>1145</ei-ms-id>
      <id>123597</id>
      <intensity>40.0</intensity>
      <mass-charge>62.0</mass-charge>
    </ei-ms-peak>
    <ei-ms-peak>
      <ei-ms-id>1145</ei-ms-id>
      <id>123598</id>
      <intensity>10.0</intensity>
      <mass-charge>68.0</mass-charge>
    </ei-ms-peak>
    <ei-ms-peak>
      <ei-ms-id>1145</ei-ms-id>
      <id>123599</id>
      <intensity>129.0</intensity>
      <mass-charge>69.0</mass-charge>
    </ei-ms-peak>
    <ei-ms-peak>
      <ei-ms-id>1145</ei-ms-id>
      <id>123600</id>
      <intensity>149.0</intensity>
      <mass-charge>70.0</mass-charge>
    </ei-ms-peak>
    <ei-ms-peak>
      <ei-ms-id>1145</ei-ms-id>
      <id>123601</id>
      <intensity>289.0</intensity>
      <mass-charge>71.0</mass-charge>
    </ei-ms-peak>
    <ei-ms-peak>
      <ei-ms-id>1145</ei-ms-id>
      <id>123602</id>
      <intensity>10.0</intensity>
      <mass-charge>72.0</mass-charge>
    </ei-ms-peak>
    <ei-ms-peak>
      <ei-ms-id>1145</ei-ms-id>
      <id>123603</id>
      <intensity>3249.0</intensity>
      <mass-charge>73.0</mass-charge>
    </ei-ms-peak>
    <ei-ms-peak>
      <ei-ms-id>1145</ei-ms-id>
      <id>123604</id>
      <intensity>119.0</intensity>
      <mass-charge>74.0</mass-charge>
    </ei-ms-peak>
    <ei-ms-peak>
      <ei-ms-id>1145</ei-ms-id>
      <id>123605</id>
      <intensity>10.0</intensity>
      <mass-charge>75.0</mass-charge>
    </ei-ms-peak>
    <ei-ms-peak>
      <ei-ms-id>1145</ei-ms-id>
      <id>123606</id>
      <intensity>189.0</intensity>
      <mass-charge>87.0</mass-charge>
    </ei-ms-peak>
    <ei-ms-peak>
      <ei-ms-id>1145</ei-ms-id>
      <id>123607</id>
      <intensity>259.0</intensity>
      <mass-charge>88.0</mass-charge>
    </ei-ms-peak>
    <ei-ms-peak>
      <ei-ms-id>1145</ei-ms-id>
      <id>123608</id>
      <intensity>169.0</intensity>
      <mass-charge>89.0</mass-charge>
    </ei-ms-peak>
  </ei-ms-peaks>
</ei-ms>
