<?xml version="1.0" encoding="UTF-8"?>
<ei-ms>
  <collection-date nil="true"/>
  <created-at>2014-09-20T16:18:37Z</created-at>
  <database-id>HMDB04992</database-id>
  <id>59</id>
  <inchi-key>BLFLLBZGZJTVJG-UHFFFAOYSA-N</inchi-key>
  <instrument-type nil="true"/>
  <molecule-id nil="true"/>
  <notes nil="true"/>
  <peak-counter>31</peak-counter>
  <sample-assessment nil="true"/>
  <sample-concentration nil="true"/>
  <sample-concentration-units nil="true"/>
  <sample-mass nil="true"/>
  <sample-mass-units nil="true"/>
  <sample-source nil="true"/>
  <solvent nil="true"/>
  <spectra-assessment nil="true"/>
  <updated-at>2014-09-20T16:18:37Z</updated-at>
  <references>
    <reference>
      <database>NIST</database>
      <database-id>94-09-7</database-id>
      <id>14931</id>
      <pubmed-id nil="true"/>
      <ref-text>NIST Mass Spec Data Center, S.E. Stein, director, "Mass Spectra" in NIST Chemistry WebBook, NIST Standard Reference Database Number 69, Eds. P.J. Linstrom and W.G. Mallard, National Institute of Standards and Technology, Gaithersburg MD, 20899, http://webbook.nist.gov, (retrieved September 6, 2014).</ref-text>
      <spectra-id>59</spectra-id>
      <spectra-type>EiMs</spectra-type>
    </reference>
  </references>
  <ei-ms-peaks>
    <ei-ms-peak>
      <ei-ms-id>59</ei-ms-id>
      <id>5969</id>
      <intensity>112.0</intensity>
      <mass-charge>26.0</mass-charge>
    </ei-ms-peak>
    <ei-ms-peak>
      <ei-ms-id>59</ei-ms-id>
      <id>5970</id>
      <intensity>320.0</intensity>
      <mass-charge>27.0</mass-charge>
    </ei-ms-peak>
    <ei-ms-peak>
      <ei-ms-id>59</ei-ms-id>
      <id>5971</id>
      <intensity>324.0</intensity>
      <mass-charge>28.0</mass-charge>
    </ei-ms-peak>
    <ei-ms-peak>
      <ei-ms-id>59</ei-ms-id>
      <id>5972</id>
      <intensity>368.0</intensity>
      <mass-charge>29.0</mass-charge>
    </ei-ms-peak>
    <ei-ms-peak>
      <ei-ms-id>59</ei-ms-id>
      <id>5973</id>
      <intensity>220.0</intensity>
      <mass-charge>38.0</mass-charge>
    </ei-ms-peak>
    <ei-ms-peak>
      <ei-ms-id>59</ei-ms-id>
      <id>5974</id>
      <intensity>738.0</intensity>
      <mass-charge>39.0</mass-charge>
    </ei-ms-peak>
    <ei-ms-peak>
      <ei-ms-id>59</ei-ms-id>
      <id>5975</id>
      <intensity>254.0</intensity>
      <mass-charge>41.0</mass-charge>
    </ei-ms-peak>
    <ei-ms-peak>
      <ei-ms-id>59</ei-ms-id>
      <id>5976</id>
      <intensity>102.0</intensity>
      <mass-charge>42.0</mass-charge>
    </ei-ms-peak>
    <ei-ms-peak>
      <ei-ms-id>59</ei-ms-id>
      <id>5977</id>
      <intensity>95.0</intensity>
      <mass-charge>46.0</mass-charge>
    </ei-ms-peak>
    <ei-ms-peak>
      <ei-ms-id>59</ei-ms-id>
      <id>5978</id>
      <intensity>115.0</intensity>
      <mass-charge>50.0</mass-charge>
    </ei-ms-peak>
    <ei-ms-peak>
      <ei-ms-id>59</ei-ms-id>
      <id>5979</id>
      <intensity>106.0</intensity>
      <mass-charge>51.0</mass-charge>
    </ei-ms-peak>
    <ei-ms-peak>
      <ei-ms-id>59</ei-ms-id>
      <id>5980</id>
      <intensity>278.0</intensity>
      <mass-charge>52.0</mass-charge>
    </ei-ms-peak>
    <ei-ms-peak>
      <ei-ms-id>59</ei-ms-id>
      <id>5981</id>
      <intensity>103.0</intensity>
      <mass-charge>53.0</mass-charge>
    </ei-ms-peak>
    <ei-ms-peak>
      <ei-ms-id>59</ei-ms-id>
      <id>5982</id>
      <intensity>94.0</intensity>
      <mass-charge>60.0</mass-charge>
    </ei-ms-peak>
    <ei-ms-peak>
      <ei-ms-id>59</ei-ms-id>
      <id>5983</id>
      <intensity>192.0</intensity>
      <mass-charge>62.0</mass-charge>
    </ei-ms-peak>
    <ei-ms-peak>
      <ei-ms-id>59</ei-ms-id>
      <id>5984</id>
      <intensity>563.0</intensity>
      <mass-charge>63.0</mass-charge>
    </ei-ms-peak>
    <ei-ms-peak>
      <ei-ms-id>59</ei-ms-id>
      <id>5985</id>
      <intensity>520.0</intensity>
      <mass-charge>64.0</mass-charge>
    </ei-ms-peak>
    <ei-ms-peak>
      <ei-ms-id>59</ei-ms-id>
      <id>5986</id>
      <intensity>2714.0</intensity>
      <mass-charge>65.0</mass-charge>
    </ei-ms-peak>
    <ei-ms-peak>
      <ei-ms-id>59</ei-ms-id>
      <id>5987</id>
      <intensity>360.0</intensity>
      <mass-charge>66.0</mass-charge>
    </ei-ms-peak>
    <ei-ms-peak>
      <ei-ms-id>59</ei-ms-id>
      <id>5988</id>
      <intensity>136.0</intensity>
      <mass-charge>90.0</mass-charge>
    </ei-ms-peak>
    <ei-ms-peak>
      <ei-ms-id>59</ei-ms-id>
      <id>5989</id>
      <intensity>411.0</intensity>
      <mass-charge>91.0</mass-charge>
    </ei-ms-peak>
    <ei-ms-peak>
      <ei-ms-id>59</ei-ms-id>
      <id>5990</id>
      <intensity>2953.0</intensity>
      <mass-charge>92.0</mass-charge>
    </ei-ms-peak>
    <ei-ms-peak>
      <ei-ms-id>59</ei-ms-id>
      <id>5991</id>
      <intensity>517.0</intensity>
      <mass-charge>93.0</mass-charge>
    </ei-ms-peak>
    <ei-ms-peak>
      <ei-ms-id>59</ei-ms-id>
      <id>5992</id>
      <intensity>235.0</intensity>
      <mass-charge>108.0</mass-charge>
    </ei-ms-peak>
    <ei-ms-peak>
      <ei-ms-id>59</ei-ms-id>
      <id>5993</id>
      <intensity>9999.0</intensity>
      <mass-charge>120.0</mass-charge>
    </ei-ms-peak>
    <ei-ms-peak>
      <ei-ms-id>59</ei-ms-id>
      <id>5994</id>
      <intensity>1028.0</intensity>
      <mass-charge>121.0</mass-charge>
    </ei-ms-peak>
    <ei-ms-peak>
      <ei-ms-id>59</ei-ms-id>
      <id>5995</id>
      <intensity>1918.0</intensity>
      <mass-charge>137.0</mass-charge>
    </ei-ms-peak>
    <ei-ms-peak>
      <ei-ms-id>59</ei-ms-id>
      <id>5996</id>
      <intensity>159.0</intensity>
      <mass-charge>138.0</mass-charge>
    </ei-ms-peak>
    <ei-ms-peak>
      <ei-ms-id>59</ei-ms-id>
      <id>5997</id>
      <intensity>217.0</intensity>
      <mass-charge>150.0</mass-charge>
    </ei-ms-peak>
    <ei-ms-peak>
      <ei-ms-id>59</ei-ms-id>
      <id>5998</id>
      <intensity>2969.0</intensity>
      <mass-charge>165.0</mass-charge>
    </ei-ms-peak>
    <ei-ms-peak>
      <ei-ms-id>59</ei-ms-id>
      <id>5999</id>
      <intensity>323.0</intensity>
      <mass-charge>166.0</mass-charge>
    </ei-ms-peak>
  </ei-ms-peaks>
</ei-ms>
