<?xml version="1.0" encoding="UTF-8"?>
<ei-ms>
  <collection-date nil="true"/>
  <created-at>2014-09-20T16:22:01Z</created-at>
  <database-id>HMDB15655</database-id>
  <id>187</id>
  <inchi-key>GCKMFJBGXUYNAG-HLXURNFRSA-N</inchi-key>
  <instrument-type nil="true"/>
  <molecule-id nil="true"/>
  <notes nil="true"/>
  <peak-counter>227</peak-counter>
  <sample-assessment nil="true"/>
  <sample-concentration nil="true"/>
  <sample-concentration-units nil="true"/>
  <sample-mass nil="true"/>
  <sample-mass-units nil="true"/>
  <sample-source nil="true"/>
  <solvent nil="true"/>
  <spectra-assessment nil="true"/>
  <updated-at>2014-09-20T16:22:01Z</updated-at>
  <references>
    <reference>
      <database>NIST</database>
      <database-id>58-18-4</database-id>
      <id>15059</id>
      <pubmed-id nil="true"/>
      <ref-text>NIST Mass Spec Data Center, S.E. Stein, director, "Mass Spectra" in NIST Chemistry WebBook, NIST Standard Reference Database Number 69, Eds. P.J. Linstrom and W.G. Mallard, National Institute of Standards and Technology, Gaithersburg MD, 20899, http://webbook.nist.gov, (retrieved September 6, 2014).</ref-text>
      <spectra-id>187</spectra-id>
      <spectra-type>EiMs</spectra-type>
    </reference>
  </references>
  <ei-ms-peaks>
    <ei-ms-peak>
      <ei-ms-id>187</ei-ms-id>
      <id>21741</id>
      <intensity>30.0</intensity>
      <mass-charge>15.0</mass-charge>
    </ei-ms-peak>
    <ei-ms-peak>
      <ei-ms-id>187</ei-ms-id>
      <id>21742</id>
      <intensity>20.0</intensity>
      <mass-charge>26.0</mass-charge>
    </ei-ms-peak>
    <ei-ms-peak>
      <ei-ms-id>187</ei-ms-id>
      <id>21743</id>
      <intensity>520.0</intensity>
      <mass-charge>27.0</mass-charge>
    </ei-ms-peak>
    <ei-ms-peak>
      <ei-ms-id>187</ei-ms-id>
      <id>21744</id>
      <intensity>1000.0</intensity>
      <mass-charge>29.0</mass-charge>
    </ei-ms-peak>
    <ei-ms-peak>
      <ei-ms-id>187</ei-ms-id>
      <id>21745</id>
      <intensity>20.0</intensity>
      <mass-charge>30.0</mass-charge>
    </ei-ms-peak>
    <ei-ms-peak>
      <ei-ms-id>187</ei-ms-id>
      <id>21746</id>
      <intensity>120.0</intensity>
      <mass-charge>31.0</mass-charge>
    </ei-ms-peak>
    <ei-ms-peak>
      <ei-ms-id>187</ei-ms-id>
      <id>21747</id>
      <intensity>30.0</intensity>
      <mass-charge>38.0</mass-charge>
    </ei-ms-peak>
    <ei-ms-peak>
      <ei-ms-id>187</ei-ms-id>
      <id>21748</id>
      <intensity>1330.0</intensity>
      <mass-charge>39.0</mass-charge>
    </ei-ms-peak>
    <ei-ms-peak>
      <ei-ms-id>187</ei-ms-id>
      <id>21749</id>
      <intensity>340.0</intensity>
      <mass-charge>40.0</mass-charge>
    </ei-ms-peak>
    <ei-ms-peak>
      <ei-ms-id>187</ei-ms-id>
      <id>21750</id>
      <intensity>4490.0</intensity>
      <mass-charge>41.0</mass-charge>
    </ei-ms-peak>
    <ei-ms-peak>
      <ei-ms-id>187</ei-ms-id>
      <id>21751</id>
      <intensity>360.0</intensity>
      <mass-charge>42.0</mass-charge>
    </ei-ms-peak>
    <ei-ms-peak>
      <ei-ms-id>187</ei-ms-id>
      <id>21752</id>
      <intensity>9999.0</intensity>
      <mass-charge>43.0</mass-charge>
    </ei-ms-peak>
    <ei-ms-peak>
      <ei-ms-id>187</ei-ms-id>
      <id>21753</id>
      <intensity>280.0</intensity>
      <mass-charge>44.0</mass-charge>
    </ei-ms-peak>
    <ei-ms-peak>
      <ei-ms-id>187</ei-ms-id>
      <id>21754</id>
      <intensity>430.0</intensity>
      <mass-charge>45.0</mass-charge>
    </ei-ms-peak>
    <ei-ms-peak>
      <ei-ms-id>187</ei-ms-id>
      <id>21755</id>
      <intensity>70.0</intensity>
      <mass-charge>50.0</mass-charge>
    </ei-ms-peak>
    <ei-ms-peak>
      <ei-ms-id>187</ei-ms-id>
      <id>21756</id>
      <intensity>450.0</intensity>
      <mass-charge>51.0</mass-charge>
    </ei-ms-peak>
    <ei-ms-peak>
      <ei-ms-id>187</ei-ms-id>
      <id>21757</id>
      <intensity>330.0</intensity>
      <mass-charge>52.0</mass-charge>
    </ei-ms-peak>
    <ei-ms-peak>
      <ei-ms-id>187</ei-ms-id>
      <id>21758</id>
      <intensity>2320.0</intensity>
      <mass-charge>53.0</mass-charge>
    </ei-ms-peak>
    <ei-ms-peak>
      <ei-ms-id>187</ei-ms-id>
      <id>21759</id>
      <intensity>400.0</intensity>
      <mass-charge>54.0</mass-charge>
    </ei-ms-peak>
    <ei-ms-peak>
      <ei-ms-id>187</ei-ms-id>
      <id>21760</id>
      <intensity>4830.0</intensity>
      <mass-charge>55.0</mass-charge>
    </ei-ms-peak>
    <ei-ms-peak>
      <ei-ms-id>187</ei-ms-id>
      <id>21761</id>
      <intensity>280.0</intensity>
      <mass-charge>56.0</mass-charge>
    </ei-ms-peak>
    <ei-ms-peak>
      <ei-ms-id>187</ei-ms-id>
      <id>21762</id>
      <intensity>1490.0</intensity>
      <mass-charge>57.0</mass-charge>
    </ei-ms-peak>
    <ei-ms-peak>
      <ei-ms-id>187</ei-ms-id>
      <id>21763</id>
      <intensity>1300.0</intensity>
      <mass-charge>58.0</mass-charge>
    </ei-ms-peak>
    <ei-ms-peak>
      <ei-ms-id>187</ei-ms-id>
      <id>21764</id>
      <intensity>360.0</intensity>
      <mass-charge>59.0</mass-charge>
    </ei-ms-peak>
    <ei-ms-peak>
      <ei-ms-id>187</ei-ms-id>
      <id>21765</id>
      <intensity>120.0</intensity>
      <mass-charge>63.0</mass-charge>
    </ei-ms-peak>
    <ei-ms-peak>
      <ei-ms-id>187</ei-ms-id>
      <id>21766</id>
      <intensity>110.0</intensity>
      <mass-charge>64.0</mass-charge>
    </ei-ms-peak>
    <ei-ms-peak>
      <ei-ms-id>187</ei-ms-id>
      <id>21767</id>
      <intensity>1460.0</intensity>
      <mass-charge>65.0</mass-charge>
    </ei-ms-peak>
    <ei-ms-peak>
      <ei-ms-id>187</ei-ms-id>
      <id>21768</id>
      <intensity>590.0</intensity>
      <mass-charge>66.0</mass-charge>
    </ei-ms-peak>
    <ei-ms-peak>
      <ei-ms-id>187</ei-ms-id>
      <id>21769</id>
      <intensity>4460.0</intensity>
      <mass-charge>67.0</mass-charge>
    </ei-ms-peak>
    <ei-ms-peak>
      <ei-ms-id>187</ei-ms-id>
      <id>21770</id>
      <intensity>660.0</intensity>
      <mass-charge>68.0</mass-charge>
    </ei-ms-peak>
    <ei-ms-peak>
      <ei-ms-id>187</ei-ms-id>
      <id>21771</id>
      <intensity>1240.0</intensity>
      <mass-charge>69.0</mass-charge>
    </ei-ms-peak>
    <ei-ms-peak>
      <ei-ms-id>187</ei-ms-id>
      <id>21772</id>
      <intensity>140.0</intensity>
      <mass-charge>70.0</mass-charge>
    </ei-ms-peak>
    <ei-ms-peak>
      <ei-ms-id>187</ei-ms-id>
      <id>21773</id>
      <intensity>4270.0</intensity>
      <mass-charge>71.0</mass-charge>
    </ei-ms-peak>
    <ei-ms-peak>
      <ei-ms-id>187</ei-ms-id>
      <id>21774</id>
      <intensity>740.0</intensity>
      <mass-charge>72.0</mass-charge>
    </ei-ms-peak>
    <ei-ms-peak>
      <ei-ms-id>187</ei-ms-id>
      <id>21775</id>
      <intensity>60.0</intensity>
      <mass-charge>73.0</mass-charge>
    </ei-ms-peak>
    <ei-ms-peak>
      <ei-ms-id>187</ei-ms-id>
      <id>21776</id>
      <intensity>30.0</intensity>
      <mass-charge>74.0</mass-charge>
    </ei-ms-peak>
    <ei-ms-peak>
      <ei-ms-id>187</ei-ms-id>
      <id>21777</id>
      <intensity>40.0</intensity>
      <mass-charge>76.0</mass-charge>
    </ei-ms-peak>
    <ei-ms-peak>
      <ei-ms-id>187</ei-ms-id>
      <id>21778</id>
      <intensity>4280.0</intensity>
      <mass-charge>77.0</mass-charge>
    </ei-ms-peak>
    <ei-ms-peak>
      <ei-ms-id>187</ei-ms-id>
      <id>21779</id>
      <intensity>970.0</intensity>
      <mass-charge>78.0</mass-charge>
    </ei-ms-peak>
    <ei-ms-peak>
      <ei-ms-id>187</ei-ms-id>
      <id>21780</id>
      <intensity>6359.0</intensity>
      <mass-charge>79.0</mass-charge>
    </ei-ms-peak>
    <ei-ms-peak>
      <ei-ms-id>187</ei-ms-id>
      <id>21781</id>
      <intensity>920.0</intensity>
      <mass-charge>80.0</mass-charge>
    </ei-ms-peak>
    <ei-ms-peak>
      <ei-ms-id>187</ei-ms-id>
      <id>21782</id>
      <intensity>3150.0</intensity>
      <mass-charge>81.0</mass-charge>
    </ei-ms-peak>
    <ei-ms-peak>
      <ei-ms-id>187</ei-ms-id>
      <id>21783</id>
      <intensity>400.0</intensity>
      <mass-charge>82.0</mass-charge>
    </ei-ms-peak>
    <ei-ms-peak>
      <ei-ms-id>187</ei-ms-id>
      <id>21784</id>
      <intensity>960.0</intensity>
      <mass-charge>83.0</mass-charge>
    </ei-ms-peak>
    <ei-ms-peak>
      <ei-ms-id>187</ei-ms-id>
      <id>21785</id>
      <intensity>100.0</intensity>
      <mass-charge>84.0</mass-charge>
    </ei-ms-peak>
    <ei-ms-peak>
      <ei-ms-id>187</ei-ms-id>
      <id>21786</id>
      <intensity>390.0</intensity>
      <mass-charge>85.0</mass-charge>
    </ei-ms-peak>
    <ei-ms-peak>
      <ei-ms-id>187</ei-ms-id>
      <id>21787</id>
      <intensity>100.0</intensity>
      <mass-charge>86.0</mass-charge>
    </ei-ms-peak>
    <ei-ms-peak>
      <ei-ms-id>187</ei-ms-id>
      <id>21788</id>
      <intensity>140.0</intensity>
      <mass-charge>87.0</mass-charge>
    </ei-ms-peak>
    <ei-ms-peak>
      <ei-ms-id>187</ei-ms-id>
      <id>21789</id>
      <intensity>20.0</intensity>
      <mass-charge>88.0</mass-charge>
    </ei-ms-peak>
    <ei-ms-peak>
      <ei-ms-id>187</ei-ms-id>
      <id>21790</id>
      <intensity>100.0</intensity>
      <mass-charge>89.0</mass-charge>
    </ei-ms-peak>
    <ei-ms-peak>
      <ei-ms-id>187</ei-ms-id>
      <id>21791</id>
      <intensity>50.0</intensity>
      <mass-charge>90.0</mass-charge>
    </ei-ms-peak>
    <ei-ms-peak>
      <ei-ms-id>187</ei-ms-id>
      <id>21792</id>
      <intensity>7139.0</intensity>
      <mass-charge>91.0</mass-charge>
    </ei-ms-peak>
    <ei-ms-peak>
      <ei-ms-id>187</ei-ms-id>
      <id>21793</id>
      <intensity>1180.0</intensity>
      <mass-charge>92.0</mass-charge>
    </ei-ms-peak>
    <ei-ms-peak>
      <ei-ms-id>187</ei-ms-id>
      <id>21794</id>
      <intensity>4330.0</intensity>
      <mass-charge>93.0</mass-charge>
    </ei-ms-peak>
    <ei-ms-peak>
      <ei-ms-id>187</ei-ms-id>
      <id>21795</id>
      <intensity>1120.0</intensity>
      <mass-charge>94.0</mass-charge>
    </ei-ms-peak>
    <ei-ms-peak>
      <ei-ms-id>187</ei-ms-id>
      <id>21796</id>
      <intensity>3510.0</intensity>
      <mass-charge>95.0</mass-charge>
    </ei-ms-peak>
    <ei-ms-peak>
      <ei-ms-id>187</ei-ms-id>
      <id>21797</id>
      <intensity>770.0</intensity>
      <mass-charge>96.0</mass-charge>
    </ei-ms-peak>
    <ei-ms-peak>
      <ei-ms-id>187</ei-ms-id>
      <id>21798</id>
      <intensity>1390.0</intensity>
      <mass-charge>97.0</mass-charge>
    </ei-ms-peak>
    <ei-ms-peak>
      <ei-ms-id>187</ei-ms-id>
      <id>21799</id>
      <intensity>150.0</intensity>
      <mass-charge>98.0</mass-charge>
    </ei-ms-peak>
    <ei-ms-peak>
      <ei-ms-id>187</ei-ms-id>
      <id>21800</id>
      <intensity>210.0</intensity>
      <mass-charge>99.0</mass-charge>
    </ei-ms-peak>
    <ei-ms-peak>
      <ei-ms-id>187</ei-ms-id>
      <id>21801</id>
      <intensity>70.0</intensity>
      <mass-charge>100.0</mass-charge>
    </ei-ms-peak>
    <ei-ms-peak>
      <ei-ms-id>187</ei-ms-id>
      <id>21802</id>
      <intensity>70.0</intensity>
      <mass-charge>101.0</mass-charge>
    </ei-ms-peak>
    <ei-ms-peak>
      <ei-ms-id>187</ei-ms-id>
      <id>21803</id>
      <intensity>100.0</intensity>
      <mass-charge>102.0</mass-charge>
    </ei-ms-peak>
    <ei-ms-peak>
      <ei-ms-id>187</ei-ms-id>
      <id>21804</id>
      <intensity>730.0</intensity>
      <mass-charge>103.0</mass-charge>
    </ei-ms-peak>
    <ei-ms-peak>
      <ei-ms-id>187</ei-ms-id>
      <id>21805</id>
      <intensity>430.0</intensity>
      <mass-charge>104.0</mass-charge>
    </ei-ms-peak>
    <ei-ms-peak>
      <ei-ms-id>187</ei-ms-id>
      <id>21806</id>
      <intensity>5009.0</intensity>
      <mass-charge>105.0</mass-charge>
    </ei-ms-peak>
    <ei-ms-peak>
      <ei-ms-id>187</ei-ms-id>
      <id>21807</id>
      <intensity>1370.0</intensity>
      <mass-charge>106.0</mass-charge>
    </ei-ms-peak>
    <ei-ms-peak>
      <ei-ms-id>187</ei-ms-id>
      <id>21808</id>
      <intensity>4460.0</intensity>
      <mass-charge>107.0</mass-charge>
    </ei-ms-peak>
    <ei-ms-peak>
      <ei-ms-id>187</ei-ms-id>
      <id>21809</id>
      <intensity>2090.0</intensity>
      <mass-charge>108.0</mass-charge>
    </ei-ms-peak>
    <ei-ms-peak>
      <ei-ms-id>187</ei-ms-id>
      <id>21810</id>
      <intensity>3830.0</intensity>
      <mass-charge>109.0</mass-charge>
    </ei-ms-peak>
    <ei-ms-peak>
      <ei-ms-id>187</ei-ms-id>
      <id>21811</id>
      <intensity>630.0</intensity>
      <mass-charge>110.0</mass-charge>
    </ei-ms-peak>
    <ei-ms-peak>
      <ei-ms-id>187</ei-ms-id>
      <id>21812</id>
      <intensity>820.0</intensity>
      <mass-charge>111.0</mass-charge>
    </ei-ms-peak>
    <ei-ms-peak>
      <ei-ms-id>187</ei-ms-id>
      <id>21813</id>
      <intensity>100.0</intensity>
      <mass-charge>112.0</mass-charge>
    </ei-ms-peak>
    <ei-ms-peak>
      <ei-ms-id>187</ei-ms-id>
      <id>21814</id>
      <intensity>240.0</intensity>
      <mass-charge>113.0</mass-charge>
    </ei-ms-peak>
    <ei-ms-peak>
      <ei-ms-id>187</ei-ms-id>
      <id>21815</id>
      <intensity>50.0</intensity>
      <mass-charge>114.0</mass-charge>
    </ei-ms-peak>
    <ei-ms-peak>
      <ei-ms-id>187</ei-ms-id>
      <id>21816</id>
      <intensity>1010.0</intensity>
      <mass-charge>115.0</mass-charge>
    </ei-ms-peak>
    <ei-ms-peak>
      <ei-ms-id>187</ei-ms-id>
      <id>21817</id>
      <intensity>450.0</intensity>
      <mass-charge>116.0</mass-charge>
    </ei-ms-peak>
    <ei-ms-peak>
      <ei-ms-id>187</ei-ms-id>
      <id>21818</id>
      <intensity>1720.0</intensity>
      <mass-charge>117.0</mass-charge>
    </ei-ms-peak>
    <ei-ms-peak>
      <ei-ms-id>187</ei-ms-id>
      <id>21819</id>
      <intensity>600.0</intensity>
      <mass-charge>118.0</mass-charge>
    </ei-ms-peak>
    <ei-ms-peak>
      <ei-ms-id>187</ei-ms-id>
      <id>21820</id>
      <intensity>3460.0</intensity>
      <mass-charge>119.0</mass-charge>
    </ei-ms-peak>
    <ei-ms-peak>
      <ei-ms-id>187</ei-ms-id>
      <id>21821</id>
      <intensity>2030.0</intensity>
      <mass-charge>120.0</mass-charge>
    </ei-ms-peak>
    <ei-ms-peak>
      <ei-ms-id>187</ei-ms-id>
      <id>21822</id>
      <intensity>4910.0</intensity>
      <mass-charge>121.0</mass-charge>
    </ei-ms-peak>
    <ei-ms-peak>
      <ei-ms-id>187</ei-ms-id>
      <id>21823</id>
      <intensity>4110.0</intensity>
      <mass-charge>122.0</mass-charge>
    </ei-ms-peak>
    <ei-ms-peak>
      <ei-ms-id>187</ei-ms-id>
      <id>21824</id>
      <intensity>3420.0</intensity>
      <mass-charge>123.0</mass-charge>
    </ei-ms-peak>
    <ei-ms-peak>
      <ei-ms-id>187</ei-ms-id>
      <id>21825</id>
      <intensity>8389.0</intensity>
      <mass-charge>124.0</mass-charge>
    </ei-ms-peak>
    <ei-ms-peak>
      <ei-ms-id>187</ei-ms-id>
      <id>21826</id>
      <intensity>1030.0</intensity>
      <mass-charge>125.0</mass-charge>
    </ei-ms-peak>
    <ei-ms-peak>
      <ei-ms-id>187</ei-ms-id>
      <id>21827</id>
      <intensity>90.0</intensity>
      <mass-charge>126.0</mass-charge>
    </ei-ms-peak>
    <ei-ms-peak>
      <ei-ms-id>187</ei-ms-id>
      <id>21828</id>
      <intensity>230.0</intensity>
      <mass-charge>127.0</mass-charge>
    </ei-ms-peak>
    <ei-ms-peak>
      <ei-ms-id>187</ei-ms-id>
      <id>21829</id>
      <intensity>690.0</intensity>
      <mass-charge>128.0</mass-charge>
    </ei-ms-peak>
    <ei-ms-peak>
      <ei-ms-id>187</ei-ms-id>
      <id>21830</id>
      <intensity>890.0</intensity>
      <mass-charge>129.0</mass-charge>
    </ei-ms-peak>
    <ei-ms-peak>
      <ei-ms-id>187</ei-ms-id>
      <id>21831</id>
      <intensity>400.0</intensity>
      <mass-charge>130.0</mass-charge>
    </ei-ms-peak>
    <ei-ms-peak>
      <ei-ms-id>187</ei-ms-id>
      <id>21832</id>
      <intensity>1900.0</intensity>
      <mass-charge>131.0</mass-charge>
    </ei-ms-peak>
    <ei-ms-peak>
      <ei-ms-id>187</ei-ms-id>
      <id>21833</id>
      <intensity>640.0</intensity>
      <mass-charge>132.0</mass-charge>
    </ei-ms-peak>
    <ei-ms-peak>
      <ei-ms-id>187</ei-ms-id>
      <id>21834</id>
      <intensity>2390.0</intensity>
      <mass-charge>133.0</mass-charge>
    </ei-ms-peak>
    <ei-ms-peak>
      <ei-ms-id>187</ei-ms-id>
      <id>21835</id>
      <intensity>1600.0</intensity>
      <mass-charge>134.0</mass-charge>
    </ei-ms-peak>
    <ei-ms-peak>
      <ei-ms-id>187</ei-ms-id>
      <id>21836</id>
      <intensity>1730.0</intensity>
      <mass-charge>135.0</mass-charge>
    </ei-ms-peak>
    <ei-ms-peak>
      <ei-ms-id>187</ei-ms-id>
      <id>21837</id>
      <intensity>1050.0</intensity>
      <mass-charge>136.0</mass-charge>
    </ei-ms-peak>
    <ei-ms-peak>
      <ei-ms-id>187</ei-ms-id>
      <id>21838</id>
      <intensity>2040.0</intensity>
      <mass-charge>137.0</mass-charge>
    </ei-ms-peak>
    <ei-ms-peak>
      <ei-ms-id>187</ei-ms-id>
      <id>21839</id>
      <intensity>450.0</intensity>
      <mass-charge>138.0</mass-charge>
    </ei-ms-peak>
    <ei-ms-peak>
      <ei-ms-id>187</ei-ms-id>
      <id>21840</id>
      <intensity>70.0</intensity>
      <mass-charge>139.0</mass-charge>
    </ei-ms-peak>
    <ei-ms-peak>
      <ei-ms-id>187</ei-ms-id>
      <id>21841</id>
      <intensity>70.0</intensity>
      <mass-charge>140.0</mass-charge>
    </ei-ms-peak>
    <ei-ms-peak>
      <ei-ms-id>187</ei-ms-id>
      <id>21842</id>
      <intensity>320.0</intensity>
      <mass-charge>141.0</mass-charge>
    </ei-ms-peak>
    <ei-ms-peak>
      <ei-ms-id>187</ei-ms-id>
      <id>21843</id>
      <intensity>320.0</intensity>
      <mass-charge>142.0</mass-charge>
    </ei-ms-peak>
    <ei-ms-peak>
      <ei-ms-id>187</ei-ms-id>
      <id>21844</id>
      <intensity>830.0</intensity>
      <mass-charge>143.0</mass-charge>
    </ei-ms-peak>
    <ei-ms-peak>
      <ei-ms-id>187</ei-ms-id>
      <id>21845</id>
      <intensity>440.0</intensity>
      <mass-charge>144.0</mass-charge>
    </ei-ms-peak>
    <ei-ms-peak>
      <ei-ms-id>187</ei-ms-id>
      <id>21846</id>
      <intensity>1820.0</intensity>
      <mass-charge>145.0</mass-charge>
    </ei-ms-peak>
    <ei-ms-peak>
      <ei-ms-id>187</ei-ms-id>
      <id>21847</id>
      <intensity>760.0</intensity>
      <mass-charge>146.0</mass-charge>
    </ei-ms-peak>
    <ei-ms-peak>
      <ei-ms-id>187</ei-ms-id>
      <id>21848</id>
      <intensity>2100.0</intensity>
      <mass-charge>147.0</mass-charge>
    </ei-ms-peak>
    <ei-ms-peak>
      <ei-ms-id>187</ei-ms-id>
      <id>21849</id>
      <intensity>1830.0</intensity>
      <mass-charge>148.0</mass-charge>
    </ei-ms-peak>
    <ei-ms-peak>
      <ei-ms-id>187</ei-ms-id>
      <id>21850</id>
      <intensity>2460.0</intensity>
      <mass-charge>149.0</mass-charge>
    </ei-ms-peak>
    <ei-ms-peak>
      <ei-ms-id>187</ei-ms-id>
      <id>21851</id>
      <intensity>470.0</intensity>
      <mass-charge>150.0</mass-charge>
    </ei-ms-peak>
    <ei-ms-peak>
      <ei-ms-id>187</ei-ms-id>
      <id>21852</id>
      <intensity>220.0</intensity>
      <mass-charge>151.0</mass-charge>
    </ei-ms-peak>
    <ei-ms-peak>
      <ei-ms-id>187</ei-ms-id>
      <id>21853</id>
      <intensity>100.0</intensity>
      <mass-charge>152.0</mass-charge>
    </ei-ms-peak>
    <ei-ms-peak>
      <ei-ms-id>187</ei-ms-id>
      <id>21854</id>
      <intensity>110.0</intensity>
      <mass-charge>153.0</mass-charge>
    </ei-ms-peak>
    <ei-ms-peak>
      <ei-ms-id>187</ei-ms-id>
      <id>21855</id>
      <intensity>90.0</intensity>
      <mass-charge>154.0</mass-charge>
    </ei-ms-peak>
    <ei-ms-peak>
      <ei-ms-id>187</ei-ms-id>
      <id>21856</id>
      <intensity>270.0</intensity>
      <mass-charge>155.0</mass-charge>
    </ei-ms-peak>
    <ei-ms-peak>
      <ei-ms-id>187</ei-ms-id>
      <id>21857</id>
      <intensity>230.0</intensity>
      <mass-charge>156.0</mass-charge>
    </ei-ms-peak>
    <ei-ms-peak>
      <ei-ms-id>187</ei-ms-id>
      <id>21858</id>
      <intensity>780.0</intensity>
      <mass-charge>157.0</mass-charge>
    </ei-ms-peak>
    <ei-ms-peak>
      <ei-ms-id>187</ei-ms-id>
      <id>21859</id>
      <intensity>460.0</intensity>
      <mass-charge>158.0</mass-charge>
    </ei-ms-peak>
    <ei-ms-peak>
      <ei-ms-id>187</ei-ms-id>
      <id>21860</id>
      <intensity>1570.0</intensity>
      <mass-charge>159.0</mass-charge>
    </ei-ms-peak>
    <ei-ms-peak>
      <ei-ms-id>187</ei-ms-id>
      <id>21861</id>
      <intensity>1020.0</intensity>
      <mass-charge>160.0</mass-charge>
    </ei-ms-peak>
    <ei-ms-peak>
      <ei-ms-id>187</ei-ms-id>
      <id>21862</id>
      <intensity>3240.0</intensity>
      <mass-charge>161.0</mass-charge>
    </ei-ms-peak>
    <ei-ms-peak>
      <ei-ms-id>187</ei-ms-id>
      <id>21863</id>
      <intensity>1060.0</intensity>
      <mass-charge>162.0</mass-charge>
    </ei-ms-peak>
    <ei-ms-peak>
      <ei-ms-id>187</ei-ms-id>
      <id>21864</id>
      <intensity>930.0</intensity>
      <mass-charge>163.0</mass-charge>
    </ei-ms-peak>
    <ei-ms-peak>
      <ei-ms-id>187</ei-ms-id>
      <id>21865</id>
      <intensity>170.0</intensity>
      <mass-charge>164.0</mass-charge>
    </ei-ms-peak>
    <ei-ms-peak>
      <ei-ms-id>187</ei-ms-id>
      <id>21866</id>
      <intensity>280.0</intensity>
      <mass-charge>165.0</mass-charge>
    </ei-ms-peak>
    <ei-ms-peak>
      <ei-ms-id>187</ei-ms-id>
      <id>21867</id>
      <intensity>120.0</intensity>
      <mass-charge>166.0</mass-charge>
    </ei-ms-peak>
    <ei-ms-peak>
      <ei-ms-id>187</ei-ms-id>
      <id>21868</id>
      <intensity>110.0</intensity>
      <mass-charge>167.0</mass-charge>
    </ei-ms-peak>
    <ei-ms-peak>
      <ei-ms-id>187</ei-ms-id>
      <id>21869</id>
      <intensity>70.0</intensity>
      <mass-charge>168.0</mass-charge>
    </ei-ms-peak>
    <ei-ms-peak>
      <ei-ms-id>187</ei-ms-id>
      <id>21870</id>
      <intensity>250.0</intensity>
      <mass-charge>169.0</mass-charge>
    </ei-ms-peak>
    <ei-ms-peak>
      <ei-ms-id>187</ei-ms-id>
      <id>21871</id>
      <intensity>200.0</intensity>
      <mass-charge>170.0</mass-charge>
    </ei-ms-peak>
    <ei-ms-peak>
      <ei-ms-id>187</ei-ms-id>
      <id>21872</id>
      <intensity>640.0</intensity>
      <mass-charge>171.0</mass-charge>
    </ei-ms-peak>
    <ei-ms-peak>
      <ei-ms-id>187</ei-ms-id>
      <id>21873</id>
      <intensity>310.0</intensity>
      <mass-charge>172.0</mass-charge>
    </ei-ms-peak>
    <ei-ms-peak>
      <ei-ms-id>187</ei-ms-id>
      <id>21874</id>
      <intensity>960.0</intensity>
      <mass-charge>173.0</mass-charge>
    </ei-ms-peak>
    <ei-ms-peak>
      <ei-ms-id>187</ei-ms-id>
      <id>21875</id>
      <intensity>820.0</intensity>
      <mass-charge>174.0</mass-charge>
    </ei-ms-peak>
    <ei-ms-peak>
      <ei-ms-id>187</ei-ms-id>
      <id>21876</id>
      <intensity>790.0</intensity>
      <mass-charge>175.0</mass-charge>
    </ei-ms-peak>
    <ei-ms-peak>
      <ei-ms-id>187</ei-ms-id>
      <id>21877</id>
      <intensity>380.0</intensity>
      <mass-charge>176.0</mass-charge>
    </ei-ms-peak>
    <ei-ms-peak>
      <ei-ms-id>187</ei-ms-id>
      <id>21878</id>
      <intensity>220.0</intensity>
      <mass-charge>177.0</mass-charge>
    </ei-ms-peak>
    <ei-ms-peak>
      <ei-ms-id>187</ei-ms-id>
      <id>21879</id>
      <intensity>210.0</intensity>
      <mass-charge>178.0</mass-charge>
    </ei-ms-peak>
    <ei-ms-peak>
      <ei-ms-id>187</ei-ms-id>
      <id>21880</id>
      <intensity>1270.0</intensity>
      <mass-charge>179.0</mass-charge>
    </ei-ms-peak>
    <ei-ms-peak>
      <ei-ms-id>187</ei-ms-id>
      <id>21881</id>
      <intensity>190.0</intensity>
      <mass-charge>180.0</mass-charge>
    </ei-ms-peak>
    <ei-ms-peak>
      <ei-ms-id>187</ei-ms-id>
      <id>21882</id>
      <intensity>120.0</intensity>
      <mass-charge>181.0</mass-charge>
    </ei-ms-peak>
    <ei-ms-peak>
      <ei-ms-id>187</ei-ms-id>
      <id>21883</id>
      <intensity>60.0</intensity>
      <mass-charge>182.0</mass-charge>
    </ei-ms-peak>
    <ei-ms-peak>
      <ei-ms-id>187</ei-ms-id>
      <id>21884</id>
      <intensity>230.0</intensity>
      <mass-charge>183.0</mass-charge>
    </ei-ms-peak>
    <ei-ms-peak>
      <ei-ms-id>187</ei-ms-id>
      <id>21885</id>
      <intensity>200.0</intensity>
      <mass-charge>184.0</mass-charge>
    </ei-ms-peak>
    <ei-ms-peak>
      <ei-ms-id>187</ei-ms-id>
      <id>21886</id>
      <intensity>700.0</intensity>
      <mass-charge>185.0</mass-charge>
    </ei-ms-peak>
    <ei-ms-peak>
      <ei-ms-id>187</ei-ms-id>
      <id>21887</id>
      <intensity>410.0</intensity>
      <mass-charge>186.0</mass-charge>
    </ei-ms-peak>
    <ei-ms-peak>
      <ei-ms-id>187</ei-ms-id>
      <id>21888</id>
      <intensity>1890.0</intensity>
      <mass-charge>187.0</mass-charge>
    </ei-ms-peak>
    <ei-ms-peak>
      <ei-ms-id>187</ei-ms-id>
      <id>21889</id>
      <intensity>580.0</intensity>
      <mass-charge>188.0</mass-charge>
    </ei-ms-peak>
    <ei-ms-peak>
      <ei-ms-id>187</ei-ms-id>
      <id>21890</id>
      <intensity>1040.0</intensity>
      <mass-charge>189.0</mass-charge>
    </ei-ms-peak>
    <ei-ms-peak>
      <ei-ms-id>187</ei-ms-id>
      <id>21891</id>
      <intensity>350.0</intensity>
      <mass-charge>190.0</mass-charge>
    </ei-ms-peak>
    <ei-ms-peak>
      <ei-ms-id>187</ei-ms-id>
      <id>21892</id>
      <intensity>90.0</intensity>
      <mass-charge>191.0</mass-charge>
    </ei-ms-peak>
    <ei-ms-peak>
      <ei-ms-id>187</ei-ms-id>
      <id>21893</id>
      <intensity>20.0</intensity>
      <mass-charge>192.0</mass-charge>
    </ei-ms-peak>
    <ei-ms-peak>
      <ei-ms-id>187</ei-ms-id>
      <id>21894</id>
      <intensity>20.0</intensity>
      <mass-charge>194.0</mass-charge>
    </ei-ms-peak>
    <ei-ms-peak>
      <ei-ms-id>187</ei-ms-id>
      <id>21895</id>
      <intensity>90.0</intensity>
      <mass-charge>195.0</mass-charge>
    </ei-ms-peak>
    <ei-ms-peak>
      <ei-ms-id>187</ei-ms-id>
      <id>21896</id>
      <intensity>60.0</intensity>
      <mass-charge>196.0</mass-charge>
    </ei-ms-peak>
    <ei-ms-peak>
      <ei-ms-id>187</ei-ms-id>
      <id>21897</id>
      <intensity>210.0</intensity>
      <mass-charge>197.0</mass-charge>
    </ei-ms-peak>
    <ei-ms-peak>
      <ei-ms-id>187</ei-ms-id>
      <id>21898</id>
      <intensity>490.0</intensity>
      <mass-charge>198.0</mass-charge>
    </ei-ms-peak>
    <ei-ms-peak>
      <ei-ms-id>187</ei-ms-id>
      <id>21899</id>
      <intensity>1330.0</intensity>
      <mass-charge>199.0</mass-charge>
    </ei-ms-peak>
    <ei-ms-peak>
      <ei-ms-id>187</ei-ms-id>
      <id>21900</id>
      <intensity>960.0</intensity>
      <mass-charge>200.0</mass-charge>
    </ei-ms-peak>
    <ei-ms-peak>
      <ei-ms-id>187</ei-ms-id>
      <id>21901</id>
      <intensity>800.0</intensity>
      <mass-charge>201.0</mass-charge>
    </ei-ms-peak>
    <ei-ms-peak>
      <ei-ms-id>187</ei-ms-id>
      <id>21902</id>
      <intensity>2730.0</intensity>
      <mass-charge>202.0</mass-charge>
    </ei-ms-peak>
    <ei-ms-peak>
      <ei-ms-id>187</ei-ms-id>
      <id>21903</id>
      <intensity>730.0</intensity>
      <mass-charge>203.0</mass-charge>
    </ei-ms-peak>
    <ei-ms-peak>
      <ei-ms-id>187</ei-ms-id>
      <id>21904</id>
      <intensity>280.0</intensity>
      <mass-charge>204.0</mass-charge>
    </ei-ms-peak>
    <ei-ms-peak>
      <ei-ms-id>187</ei-ms-id>
      <id>21905</id>
      <intensity>50.0</intensity>
      <mass-charge>205.0</mass-charge>
    </ei-ms-peak>
    <ei-ms-peak>
      <ei-ms-id>187</ei-ms-id>
      <id>21906</id>
      <intensity>200.0</intensity>
      <mass-charge>209.0</mass-charge>
    </ei-ms-peak>
    <ei-ms-peak>
      <ei-ms-id>187</ei-ms-id>
      <id>21907</id>
      <intensity>100.0</intensity>
      <mass-charge>210.0</mass-charge>
    </ei-ms-peak>
    <ei-ms-peak>
      <ei-ms-id>187</ei-ms-id>
      <id>21908</id>
      <intensity>800.0</intensity>
      <mass-charge>211.0</mass-charge>
    </ei-ms-peak>
    <ei-ms-peak>
      <ei-ms-id>187</ei-ms-id>
      <id>21909</id>
      <intensity>180.0</intensity>
      <mass-charge>212.0</mass-charge>
    </ei-ms-peak>
    <ei-ms-peak>
      <ei-ms-id>187</ei-ms-id>
      <id>21910</id>
      <intensity>970.0</intensity>
      <mass-charge>213.0</mass-charge>
    </ei-ms-peak>
    <ei-ms-peak>
      <ei-ms-id>187</ei-ms-id>
      <id>21911</id>
      <intensity>320.0</intensity>
      <mass-charge>214.0</mass-charge>
    </ei-ms-peak>
    <ei-ms-peak>
      <ei-ms-id>187</ei-ms-id>
      <id>21912</id>
      <intensity>310.0</intensity>
      <mass-charge>215.0</mass-charge>
    </ei-ms-peak>
    <ei-ms-peak>
      <ei-ms-id>187</ei-ms-id>
      <id>21913</id>
      <intensity>230.0</intensity>
      <mass-charge>216.0</mass-charge>
    </ei-ms-peak>
    <ei-ms-peak>
      <ei-ms-id>187</ei-ms-id>
      <id>21914</id>
      <intensity>1390.0</intensity>
      <mass-charge>217.0</mass-charge>
    </ei-ms-peak>
    <ei-ms-peak>
      <ei-ms-id>187</ei-ms-id>
      <id>21915</id>
      <intensity>240.0</intensity>
      <mass-charge>218.0</mass-charge>
    </ei-ms-peak>
    <ei-ms-peak>
      <ei-ms-id>187</ei-ms-id>
      <id>21916</id>
      <intensity>30.0</intensity>
      <mass-charge>219.0</mass-charge>
    </ei-ms-peak>
    <ei-ms-peak>
      <ei-ms-id>187</ei-ms-id>
      <id>21917</id>
      <intensity>10.0</intensity>
      <mass-charge>220.0</mass-charge>
    </ei-ms-peak>
    <ei-ms-peak>
      <ei-ms-id>187</ei-ms-id>
      <id>21918</id>
      <intensity>70.0</intensity>
      <mass-charge>223.0</mass-charge>
    </ei-ms-peak>
    <ei-ms-peak>
      <ei-ms-id>187</ei-ms-id>
      <id>21919</id>
      <intensity>110.0</intensity>
      <mass-charge>224.0</mass-charge>
    </ei-ms-peak>
    <ei-ms-peak>
      <ei-ms-id>187</ei-ms-id>
      <id>21920</id>
      <intensity>160.0</intensity>
      <mass-charge>225.0</mass-charge>
    </ei-ms-peak>
    <ei-ms-peak>
      <ei-ms-id>187</ei-ms-id>
      <id>21921</id>
      <intensity>690.0</intensity>
      <mass-charge>226.0</mass-charge>
    </ei-ms-peak>
    <ei-ms-peak>
      <ei-ms-id>187</ei-ms-id>
      <id>21922</id>
      <intensity>1370.0</intensity>
      <mass-charge>227.0</mass-charge>
    </ei-ms-peak>
    <ei-ms-peak>
      <ei-ms-id>187</ei-ms-id>
      <id>21923</id>
      <intensity>650.0</intensity>
      <mass-charge>228.0</mass-charge>
    </ei-ms-peak>
    <ei-ms-peak>
      <ei-ms-id>187</ei-ms-id>
      <id>21924</id>
      <intensity>4220.0</intensity>
      <mass-charge>229.0</mass-charge>
    </ei-ms-peak>
    <ei-ms-peak>
      <ei-ms-id>187</ei-ms-id>
      <id>21925</id>
      <intensity>800.0</intensity>
      <mass-charge>230.0</mass-charge>
    </ei-ms-peak>
    <ei-ms-peak>
      <ei-ms-id>187</ei-ms-id>
      <id>21926</id>
      <intensity>630.0</intensity>
      <mass-charge>231.0</mass-charge>
    </ei-ms-peak>
    <ei-ms-peak>
      <ei-ms-id>187</ei-ms-id>
      <id>21927</id>
      <intensity>470.0</intensity>
      <mass-charge>232.0</mass-charge>
    </ei-ms-peak>
    <ei-ms-peak>
      <ei-ms-id>187</ei-ms-id>
      <id>21928</id>
      <intensity>80.0</intensity>
      <mass-charge>233.0</mass-charge>
    </ei-ms-peak>
    <ei-ms-peak>
      <ei-ms-id>187</ei-ms-id>
      <id>21929</id>
      <intensity>40.0</intensity>
      <mass-charge>237.0</mass-charge>
    </ei-ms-peak>
    <ei-ms-peak>
      <ei-ms-id>187</ei-ms-id>
      <id>21930</id>
      <intensity>30.0</intensity>
      <mass-charge>238.0</mass-charge>
    </ei-ms-peak>
    <ei-ms-peak>
      <ei-ms-id>187</ei-ms-id>
      <id>21931</id>
      <intensity>50.0</intensity>
      <mass-charge>239.0</mass-charge>
    </ei-ms-peak>
    <ei-ms-peak>
      <ei-ms-id>187</ei-ms-id>
      <id>21932</id>
      <intensity>630.0</intensity>
      <mass-charge>240.0</mass-charge>
    </ei-ms-peak>
    <ei-ms-peak>
      <ei-ms-id>187</ei-ms-id>
      <id>21933</id>
      <intensity>760.0</intensity>
      <mass-charge>241.0</mass-charge>
    </ei-ms-peak>
    <ei-ms-peak>
      <ei-ms-id>187</ei-ms-id>
      <id>21934</id>
      <intensity>1180.0</intensity>
      <mass-charge>242.0</mass-charge>
    </ei-ms-peak>
    <ei-ms-peak>
      <ei-ms-id>187</ei-ms-id>
      <id>21935</id>
      <intensity>310.0</intensity>
      <mass-charge>243.0</mass-charge>
    </ei-ms-peak>
    <ei-ms-peak>
      <ei-ms-id>187</ei-ms-id>
      <id>21936</id>
      <intensity>770.0</intensity>
      <mass-charge>244.0</mass-charge>
    </ei-ms-peak>
    <ei-ms-peak>
      <ei-ms-id>187</ei-ms-id>
      <id>21937</id>
      <intensity>2950.0</intensity>
      <mass-charge>245.0</mass-charge>
    </ei-ms-peak>
    <ei-ms-peak>
      <ei-ms-id>187</ei-ms-id>
      <id>21938</id>
      <intensity>570.0</intensity>
      <mass-charge>246.0</mass-charge>
    </ei-ms-peak>
    <ei-ms-peak>
      <ei-ms-id>187</ei-ms-id>
      <id>21939</id>
      <intensity>60.0</intensity>
      <mass-charge>247.0</mass-charge>
    </ei-ms-peak>
    <ei-ms-peak>
      <ei-ms-id>187</ei-ms-id>
      <id>21940</id>
      <intensity>210.0</intensity>
      <mass-charge>251.0</mass-charge>
    </ei-ms-peak>
    <ei-ms-peak>
      <ei-ms-id>187</ei-ms-id>
      <id>21941</id>
      <intensity>60.0</intensity>
      <mass-charge>252.0</mass-charge>
    </ei-ms-peak>
    <ei-ms-peak>
      <ei-ms-id>187</ei-ms-id>
      <id>21942</id>
      <intensity>90.0</intensity>
      <mass-charge>255.0</mass-charge>
    </ei-ms-peak>
    <ei-ms-peak>
      <ei-ms-id>187</ei-ms-id>
      <id>21943</id>
      <intensity>70.0</intensity>
      <mass-charge>256.0</mass-charge>
    </ei-ms-peak>
    <ei-ms-peak>
      <ei-ms-id>187</ei-ms-id>
      <id>21944</id>
      <intensity>60.0</intensity>
      <mass-charge>258.0</mass-charge>
    </ei-ms-peak>
    <ei-ms-peak>
      <ei-ms-id>187</ei-ms-id>
      <id>21945</id>
      <intensity>80.0</intensity>
      <mass-charge>259.0</mass-charge>
    </ei-ms-peak>
    <ei-ms-peak>
      <ei-ms-id>187</ei-ms-id>
      <id>21946</id>
      <intensity>590.0</intensity>
      <mass-charge>260.0</mass-charge>
    </ei-ms-peak>
    <ei-ms-peak>
      <ei-ms-id>187</ei-ms-id>
      <id>21947</id>
      <intensity>100.0</intensity>
      <mass-charge>261.0</mass-charge>
    </ei-ms-peak>
    <ei-ms-peak>
      <ei-ms-id>187</ei-ms-id>
      <id>21948</id>
      <intensity>180.0</intensity>
      <mass-charge>266.0</mass-charge>
    </ei-ms-peak>
    <ei-ms-peak>
      <ei-ms-id>187</ei-ms-id>
      <id>21949</id>
      <intensity>100.0</intensity>
      <mass-charge>267.0</mass-charge>
    </ei-ms-peak>
    <ei-ms-peak>
      <ei-ms-id>187</ei-ms-id>
      <id>21950</id>
      <intensity>30.0</intensity>
      <mass-charge>268.0</mass-charge>
    </ei-ms-peak>
    <ei-ms-peak>
      <ei-ms-id>187</ei-ms-id>
      <id>21951</id>
      <intensity>980.0</intensity>
      <mass-charge>269.0</mass-charge>
    </ei-ms-peak>
    <ei-ms-peak>
      <ei-ms-id>187</ei-ms-id>
      <id>21952</id>
      <intensity>210.0</intensity>
      <mass-charge>270.0</mass-charge>
    </ei-ms-peak>
    <ei-ms-peak>
      <ei-ms-id>187</ei-ms-id>
      <id>21953</id>
      <intensity>30.0</intensity>
      <mass-charge>271.0</mass-charge>
    </ei-ms-peak>
    <ei-ms-peak>
      <ei-ms-id>187</ei-ms-id>
      <id>21954</id>
      <intensity>40.0</intensity>
      <mass-charge>273.0</mass-charge>
    </ei-ms-peak>
    <ei-ms-peak>
      <ei-ms-id>187</ei-ms-id>
      <id>21955</id>
      <intensity>50.0</intensity>
      <mass-charge>274.0</mass-charge>
    </ei-ms-peak>
    <ei-ms-peak>
      <ei-ms-id>187</ei-ms-id>
      <id>21956</id>
      <intensity>20.0</intensity>
      <mass-charge>282.0</mass-charge>
    </ei-ms-peak>
    <ei-ms-peak>
      <ei-ms-id>187</ei-ms-id>
      <id>21957</id>
      <intensity>50.0</intensity>
      <mass-charge>283.0</mass-charge>
    </ei-ms-peak>
    <ei-ms-peak>
      <ei-ms-id>187</ei-ms-id>
      <id>21958</id>
      <intensity>1510.0</intensity>
      <mass-charge>284.0</mass-charge>
    </ei-ms-peak>
    <ei-ms-peak>
      <ei-ms-id>187</ei-ms-id>
      <id>21959</id>
      <intensity>400.0</intensity>
      <mass-charge>285.0</mass-charge>
    </ei-ms-peak>
    <ei-ms-peak>
      <ei-ms-id>187</ei-ms-id>
      <id>21960</id>
      <intensity>80.0</intensity>
      <mass-charge>286.0</mass-charge>
    </ei-ms-peak>
    <ei-ms-peak>
      <ei-ms-id>187</ei-ms-id>
      <id>21961</id>
      <intensity>1260.0</intensity>
      <mass-charge>287.0</mass-charge>
    </ei-ms-peak>
    <ei-ms-peak>
      <ei-ms-id>187</ei-ms-id>
      <id>21962</id>
      <intensity>240.0</intensity>
      <mass-charge>288.0</mass-charge>
    </ei-ms-peak>
    <ei-ms-peak>
      <ei-ms-id>187</ei-ms-id>
      <id>21963</id>
      <intensity>30.0</intensity>
      <mass-charge>289.0</mass-charge>
    </ei-ms-peak>
    <ei-ms-peak>
      <ei-ms-id>187</ei-ms-id>
      <id>21964</id>
      <intensity>9909.0</intensity>
      <mass-charge>302.0</mass-charge>
    </ei-ms-peak>
    <ei-ms-peak>
      <ei-ms-id>187</ei-ms-id>
      <id>21965</id>
      <intensity>2220.0</intensity>
      <mass-charge>303.0</mass-charge>
    </ei-ms-peak>
    <ei-ms-peak>
      <ei-ms-id>187</ei-ms-id>
      <id>21966</id>
      <intensity>270.0</intensity>
      <mass-charge>304.0</mass-charge>
    </ei-ms-peak>
    <ei-ms-peak>
      <ei-ms-id>187</ei-ms-id>
      <id>21967</id>
      <intensity>30.0</intensity>
      <mass-charge>305.0</mass-charge>
    </ei-ms-peak>
  </ei-ms-peaks>
</ei-ms>
