<?xml version="1.0" encoding="UTF-8"?>
<ei-ms>
  <collection-date nil="true"/>
  <created-at>2014-09-20T16:28:15Z</created-at>
  <database-id>HMDB01924</database-id>
  <id>447</id>
  <inchi-key>METKIMKYRPQLGS-UHFFFAOYSA-N</inchi-key>
  <instrument-type nil="true"/>
  <molecule-id nil="true"/>
  <notes nil="true"/>
  <peak-counter>55</peak-counter>
  <sample-assessment nil="true"/>
  <sample-concentration nil="true"/>
  <sample-concentration-units nil="true"/>
  <sample-mass nil="true"/>
  <sample-mass-units nil="true"/>
  <sample-source nil="true"/>
  <solvent nil="true"/>
  <spectra-assessment nil="true"/>
  <updated-at>2014-09-20T16:28:15Z</updated-at>
  <references>
    <reference>
      <database>NIST</database>
      <database-id>29122-68-7</database-id>
      <id>15319</id>
      <pubmed-id nil="true"/>
      <ref-text>NIST Mass Spec Data Center, S.E. Stein, director, "Mass Spectra" in NIST Chemistry WebBook, NIST Standard Reference Database Number 69, Eds. P.J. Linstrom and W.G. Mallard, National Institute of Standards and Technology, Gaithersburg MD, 20899, http://webbook.nist.gov, (retrieved September 6, 2014).</ref-text>
      <spectra-id>447</spectra-id>
      <spectra-type>EiMs</spectra-type>
    </reference>
  </references>
  <ei-ms-peaks>
    <ei-ms-peak>
      <ei-ms-id>447</ei-ms-id>
      <id>49572</id>
      <intensity>430.0</intensity>
      <mass-charge>27.0</mass-charge>
    </ei-ms-peak>
    <ei-ms-peak>
      <ei-ms-id>447</ei-ms-id>
      <id>49573</id>
      <intensity>200.0</intensity>
      <mass-charge>29.0</mass-charge>
    </ei-ms-peak>
    <ei-ms-peak>
      <ei-ms-id>447</ei-ms-id>
      <id>49574</id>
      <intensity>5680.0</intensity>
      <mass-charge>30.0</mass-charge>
    </ei-ms-peak>
    <ei-ms-peak>
      <ei-ms-id>447</ei-ms-id>
      <id>49575</id>
      <intensity>160.0</intensity>
      <mass-charge>31.0</mass-charge>
    </ei-ms-peak>
    <ei-ms-peak>
      <ei-ms-id>447</ei-ms-id>
      <id>49576</id>
      <intensity>610.0</intensity>
      <mass-charge>32.0</mass-charge>
    </ei-ms-peak>
    <ei-ms-peak>
      <ei-ms-id>447</ei-ms-id>
      <id>49577</id>
      <intensity>250.0</intensity>
      <mass-charge>39.0</mass-charge>
    </ei-ms-peak>
    <ei-ms-peak>
      <ei-ms-id>447</ei-ms-id>
      <id>49578</id>
      <intensity>180.0</intensity>
      <mass-charge>40.0</mass-charge>
    </ei-ms-peak>
    <ei-ms-peak>
      <ei-ms-id>447</ei-ms-id>
      <id>49579</id>
      <intensity>730.0</intensity>
      <mass-charge>41.0</mass-charge>
    </ei-ms-peak>
    <ei-ms-peak>
      <ei-ms-id>447</ei-ms-id>
      <id>49580</id>
      <intensity>340.0</intensity>
      <mass-charge>42.0</mass-charge>
    </ei-ms-peak>
    <ei-ms-peak>
      <ei-ms-id>447</ei-ms-id>
      <id>49581</id>
      <intensity>1000.0</intensity>
      <mass-charge>43.0</mass-charge>
    </ei-ms-peak>
    <ei-ms-peak>
      <ei-ms-id>447</ei-ms-id>
      <id>49582</id>
      <intensity>520.0</intensity>
      <mass-charge>44.0</mass-charge>
    </ei-ms-peak>
    <ei-ms-peak>
      <ei-ms-id>447</ei-ms-id>
      <id>49583</id>
      <intensity>150.0</intensity>
      <mass-charge>45.0</mass-charge>
    </ei-ms-peak>
    <ei-ms-peak>
      <ei-ms-id>447</ei-ms-id>
      <id>49584</id>
      <intensity>130.0</intensity>
      <mass-charge>51.0</mass-charge>
    </ei-ms-peak>
    <ei-ms-peak>
      <ei-ms-id>447</ei-ms-id>
      <id>49585</id>
      <intensity>90.0</intensity>
      <mass-charge>52.0</mass-charge>
    </ei-ms-peak>
    <ei-ms-peak>
      <ei-ms-id>447</ei-ms-id>
      <id>49586</id>
      <intensity>60.0</intensity>
      <mass-charge>53.0</mass-charge>
    </ei-ms-peak>
    <ei-ms-peak>
      <ei-ms-id>447</ei-ms-id>
      <id>49587</id>
      <intensity>60.0</intensity>
      <mass-charge>54.0</mass-charge>
    </ei-ms-peak>
    <ei-ms-peak>
      <ei-ms-id>447</ei-ms-id>
      <id>49588</id>
      <intensity>180.0</intensity>
      <mass-charge>55.0</mass-charge>
    </ei-ms-peak>
    <ei-ms-peak>
      <ei-ms-id>447</ei-ms-id>
      <id>49589</id>
      <intensity>920.0</intensity>
      <mass-charge>56.0</mass-charge>
    </ei-ms-peak>
    <ei-ms-peak>
      <ei-ms-id>447</ei-ms-id>
      <id>49590</id>
      <intensity>640.0</intensity>
      <mass-charge>57.0</mass-charge>
    </ei-ms-peak>
    <ei-ms-peak>
      <ei-ms-id>447</ei-ms-id>
      <id>49591</id>
      <intensity>270.0</intensity>
      <mass-charge>58.0</mass-charge>
    </ei-ms-peak>
    <ei-ms-peak>
      <ei-ms-id>447</ei-ms-id>
      <id>49592</id>
      <intensity>220.0</intensity>
      <mass-charge>60.0</mass-charge>
    </ei-ms-peak>
    <ei-ms-peak>
      <ei-ms-id>447</ei-ms-id>
      <id>49593</id>
      <intensity>50.0</intensity>
      <mass-charge>63.0</mass-charge>
    </ei-ms-peak>
    <ei-ms-peak>
      <ei-ms-id>447</ei-ms-id>
      <id>49594</id>
      <intensity>80.0</intensity>
      <mass-charge>65.0</mass-charge>
    </ei-ms-peak>
    <ei-ms-peak>
      <ei-ms-id>447</ei-ms-id>
      <id>49595</id>
      <intensity>50.0</intensity>
      <mass-charge>69.0</mass-charge>
    </ei-ms-peak>
    <ei-ms-peak>
      <ei-ms-id>447</ei-ms-id>
      <id>49596</id>
      <intensity>140.0</intensity>
      <mass-charge>70.0</mass-charge>
    </ei-ms-peak>
    <ei-ms-peak>
      <ei-ms-id>447</ei-ms-id>
      <id>49597</id>
      <intensity>220.0</intensity>
      <mass-charge>71.0</mass-charge>
    </ei-ms-peak>
    <ei-ms-peak>
      <ei-ms-id>447</ei-ms-id>
      <id>49598</id>
      <intensity>9999.0</intensity>
      <mass-charge>72.0</mass-charge>
    </ei-ms-peak>
    <ei-ms-peak>
      <ei-ms-id>447</ei-ms-id>
      <id>49599</id>
      <intensity>530.0</intensity>
      <mass-charge>73.0</mass-charge>
    </ei-ms-peak>
    <ei-ms-peak>
      <ei-ms-id>447</ei-ms-id>
      <id>49600</id>
      <intensity>80.0</intensity>
      <mass-charge>74.0</mass-charge>
    </ei-ms-peak>
    <ei-ms-peak>
      <ei-ms-id>447</ei-ms-id>
      <id>49601</id>
      <intensity>250.0</intensity>
      <mass-charge>77.0</mass-charge>
    </ei-ms-peak>
    <ei-ms-peak>
      <ei-ms-id>447</ei-ms-id>
      <id>49602</id>
      <intensity>180.0</intensity>
      <mass-charge>78.0</mass-charge>
    </ei-ms-peak>
    <ei-ms-peak>
      <ei-ms-id>447</ei-ms-id>
      <id>49603</id>
      <intensity>110.0</intensity>
      <mass-charge>79.0</mass-charge>
    </ei-ms-peak>
    <ei-ms-peak>
      <ei-ms-id>447</ei-ms-id>
      <id>49604</id>
      <intensity>70.0</intensity>
      <mass-charge>84.0</mass-charge>
    </ei-ms-peak>
    <ei-ms-peak>
      <ei-ms-id>447</ei-ms-id>
      <id>49605</id>
      <intensity>80.0</intensity>
      <mass-charge>86.0</mass-charge>
    </ei-ms-peak>
    <ei-ms-peak>
      <ei-ms-id>447</ei-ms-id>
      <id>49606</id>
      <intensity>120.0</intensity>
      <mass-charge>89.0</mass-charge>
    </ei-ms-peak>
    <ei-ms-peak>
      <ei-ms-id>447</ei-ms-id>
      <id>49607</id>
      <intensity>100.0</intensity>
      <mass-charge>90.0</mass-charge>
    </ei-ms-peak>
    <ei-ms-peak>
      <ei-ms-id>447</ei-ms-id>
      <id>49608</id>
      <intensity>120.0</intensity>
      <mass-charge>91.0</mass-charge>
    </ei-ms-peak>
    <ei-ms-peak>
      <ei-ms-id>447</ei-ms-id>
      <id>49609</id>
      <intensity>130.0</intensity>
      <mass-charge>98.0</mass-charge>
    </ei-ms-peak>
    <ei-ms-peak>
      <ei-ms-id>447</ei-ms-id>
      <id>49610</id>
      <intensity>220.0</intensity>
      <mass-charge>100.0</mass-charge>
    </ei-ms-peak>
    <ei-ms-peak>
      <ei-ms-id>447</ei-ms-id>
      <id>49611</id>
      <intensity>150.0</intensity>
      <mass-charge>102.0</mass-charge>
    </ei-ms-peak>
    <ei-ms-peak>
      <ei-ms-id>447</ei-ms-id>
      <id>49612</id>
      <intensity>60.0</intensity>
      <mass-charge>104.0</mass-charge>
    </ei-ms-peak>
    <ei-ms-peak>
      <ei-ms-id>447</ei-ms-id>
      <id>49613</id>
      <intensity>80.0</intensity>
      <mass-charge>106.0</mass-charge>
    </ei-ms-peak>
    <ei-ms-peak>
      <ei-ms-id>447</ei-ms-id>
      <id>49614</id>
      <intensity>570.0</intensity>
      <mass-charge>107.0</mass-charge>
    </ei-ms-peak>
    <ei-ms-peak>
      <ei-ms-id>447</ei-ms-id>
      <id>49615</id>
      <intensity>70.0</intensity>
      <mass-charge>108.0</mass-charge>
    </ei-ms-peak>
    <ei-ms-peak>
      <ei-ms-id>447</ei-ms-id>
      <id>49616</id>
      <intensity>160.0</intensity>
      <mass-charge>116.0</mass-charge>
    </ei-ms-peak>
    <ei-ms-peak>
      <ei-ms-id>447</ei-ms-id>
      <id>49617</id>
      <intensity>50.0</intensity>
      <mass-charge>121.0</mass-charge>
    </ei-ms-peak>
    <ei-ms-peak>
      <ei-ms-id>447</ei-ms-id>
      <id>49618</id>
      <intensity>60.0</intensity>
      <mass-charge>131.0</mass-charge>
    </ei-ms-peak>
    <ei-ms-peak>
      <ei-ms-id>447</ei-ms-id>
      <id>49619</id>
      <intensity>70.0</intensity>
      <mass-charge>145.0</mass-charge>
    </ei-ms-peak>
    <ei-ms-peak>
      <ei-ms-id>447</ei-ms-id>
      <id>49620</id>
      <intensity>160.0</intensity>
      <mass-charge>149.0</mass-charge>
    </ei-ms-peak>
    <ei-ms-peak>
      <ei-ms-id>447</ei-ms-id>
      <id>49621</id>
      <intensity>60.0</intensity>
      <mass-charge>151.0</mass-charge>
    </ei-ms-peak>
    <ei-ms-peak>
      <ei-ms-id>447</ei-ms-id>
      <id>49622</id>
      <intensity>50.0</intensity>
      <mass-charge>164.0</mass-charge>
    </ei-ms-peak>
    <ei-ms-peak>
      <ei-ms-id>447</ei-ms-id>
      <id>49623</id>
      <intensity>60.0</intensity>
      <mass-charge>190.0</mass-charge>
    </ei-ms-peak>
    <ei-ms-peak>
      <ei-ms-id>447</ei-ms-id>
      <id>49624</id>
      <intensity>260.0</intensity>
      <mass-charge>222.0</mass-charge>
    </ei-ms-peak>
    <ei-ms-peak>
      <ei-ms-id>447</ei-ms-id>
      <id>49625</id>
      <intensity>50.0</intensity>
      <mass-charge>223.0</mass-charge>
    </ei-ms-peak>
    <ei-ms-peak>
      <ei-ms-id>447</ei-ms-id>
      <id>49626</id>
      <intensity>140.0</intensity>
      <mass-charge>251.0</mass-charge>
    </ei-ms-peak>
  </ei-ms-peaks>
</ei-ms>
