<?xml version="1.0" encoding="UTF-8"?>
<ei-ms>
  <collection-date nil="true"/>
  <created-at>2014-09-20T16:18:10Z</created-at>
  <database-id>HMDB01547</database-id>
  <id>37</id>
  <inchi-key>OMFXVFTZEKFJBZ-HJTSIMOOSA-N</inchi-key>
  <instrument-type nil="true"/>
  <molecule-id nil="true"/>
  <notes nil="true"/>
  <peak-counter>272</peak-counter>
  <sample-assessment nil="true"/>
  <sample-concentration nil="true"/>
  <sample-concentration-units nil="true"/>
  <sample-mass nil="true"/>
  <sample-mass-units nil="true"/>
  <sample-source nil="true"/>
  <solvent nil="true"/>
  <spectra-assessment nil="true"/>
  <updated-at>2014-09-20T16:18:10Z</updated-at>
  <references>
    <reference>
      <database>NIST</database>
      <database-id>50-22-6</database-id>
      <id>14909</id>
      <pubmed-id nil="true"/>
      <ref-text>NIST Mass Spec Data Center, S.E. Stein, director, "Mass Spectra" in NIST Chemistry WebBook, NIST Standard Reference Database Number 69, Eds. P.J. Linstrom and W.G. Mallard, National Institute of Standards and Technology, Gaithersburg MD, 20899, http://webbook.nist.gov, (retrieved September 6, 2014).</ref-text>
      <spectra-id>37</spectra-id>
      <spectra-type>EiMs</spectra-type>
    </reference>
  </references>
  <ei-ms-peaks>
    <ei-ms-peak>
      <ei-ms-id>37</ei-ms-id>
      <id>3838</id>
      <intensity>714.0</intensity>
      <mass-charge>27.0</mass-charge>
    </ei-ms-peak>
    <ei-ms-peak>
      <ei-ms-id>37</ei-ms-id>
      <id>3839</id>
      <intensity>259.0</intensity>
      <mass-charge>28.0</mass-charge>
    </ei-ms-peak>
    <ei-ms-peak>
      <ei-ms-id>37</ei-ms-id>
      <id>3840</id>
      <intensity>892.0</intensity>
      <mass-charge>29.0</mass-charge>
    </ei-ms-peak>
    <ei-ms-peak>
      <ei-ms-id>37</ei-ms-id>
      <id>3841</id>
      <intensity>1655.0</intensity>
      <mass-charge>31.0</mass-charge>
    </ei-ms-peak>
    <ei-ms-peak>
      <ei-ms-id>37</ei-ms-id>
      <id>3842</id>
      <intensity>668.0</intensity>
      <mass-charge>39.0</mass-charge>
    </ei-ms-peak>
    <ei-ms-peak>
      <ei-ms-id>37</ei-ms-id>
      <id>3843</id>
      <intensity>44.0</intensity>
      <mass-charge>40.0</mass-charge>
    </ei-ms-peak>
    <ei-ms-peak>
      <ei-ms-id>37</ei-ms-id>
      <id>3844</id>
      <intensity>2485.0</intensity>
      <mass-charge>41.0</mass-charge>
    </ei-ms-peak>
    <ei-ms-peak>
      <ei-ms-id>37</ei-ms-id>
      <id>3845</id>
      <intensity>159.0</intensity>
      <mass-charge>42.0</mass-charge>
    </ei-ms-peak>
    <ei-ms-peak>
      <ei-ms-id>37</ei-ms-id>
      <id>3846</id>
      <intensity>1166.0</intensity>
      <mass-charge>43.0</mass-charge>
    </ei-ms-peak>
    <ei-ms-peak>
      <ei-ms-id>37</ei-ms-id>
      <id>3847</id>
      <intensity>103.0</intensity>
      <mass-charge>45.0</mass-charge>
    </ei-ms-peak>
    <ei-ms-peak>
      <ei-ms-id>37</ei-ms-id>
      <id>3848</id>
      <intensity>154.0</intensity>
      <mass-charge>51.0</mass-charge>
    </ei-ms-peak>
    <ei-ms-peak>
      <ei-ms-id>37</ei-ms-id>
      <id>3849</id>
      <intensity>98.0</intensity>
      <mass-charge>52.0</mass-charge>
    </ei-ms-peak>
    <ei-ms-peak>
      <ei-ms-id>37</ei-ms-id>
      <id>3850</id>
      <intensity>994.0</intensity>
      <mass-charge>53.0</mass-charge>
    </ei-ms-peak>
    <ei-ms-peak>
      <ei-ms-id>37</ei-ms-id>
      <id>3851</id>
      <intensity>128.0</intensity>
      <mass-charge>54.0</mass-charge>
    </ei-ms-peak>
    <ei-ms-peak>
      <ei-ms-id>37</ei-ms-id>
      <id>3852</id>
      <intensity>2968.0</intensity>
      <mass-charge>55.0</mass-charge>
    </ei-ms-peak>
    <ei-ms-peak>
      <ei-ms-id>37</ei-ms-id>
      <id>3853</id>
      <intensity>145.0</intensity>
      <mass-charge>56.0</mass-charge>
    </ei-ms-peak>
    <ei-ms-peak>
      <ei-ms-id>37</ei-ms-id>
      <id>3854</id>
      <intensity>342.0</intensity>
      <mass-charge>57.0</mass-charge>
    </ei-ms-peak>
    <ei-ms-peak>
      <ei-ms-id>37</ei-ms-id>
      <id>3855</id>
      <intensity>512.0</intensity>
      <mass-charge>65.0</mass-charge>
    </ei-ms-peak>
    <ei-ms-peak>
      <ei-ms-id>37</ei-ms-id>
      <id>3856</id>
      <intensity>213.0</intensity>
      <mass-charge>66.0</mass-charge>
    </ei-ms-peak>
    <ei-ms-peak>
      <ei-ms-id>37</ei-ms-id>
      <id>3857</id>
      <intensity>1386.0</intensity>
      <mass-charge>67.0</mass-charge>
    </ei-ms-peak>
    <ei-ms-peak>
      <ei-ms-id>37</ei-ms-id>
      <id>3858</id>
      <intensity>196.0</intensity>
      <mass-charge>68.0</mass-charge>
    </ei-ms-peak>
    <ei-ms-peak>
      <ei-ms-id>37</ei-ms-id>
      <id>3859</id>
      <intensity>756.0</intensity>
      <mass-charge>69.0</mass-charge>
    </ei-ms-peak>
    <ei-ms-peak>
      <ei-ms-id>37</ei-ms-id>
      <id>3860</id>
      <intensity>107.0</intensity>
      <mass-charge>70.0</mass-charge>
    </ei-ms-peak>
    <ei-ms-peak>
      <ei-ms-id>37</ei-ms-id>
      <id>3861</id>
      <intensity>241.0</intensity>
      <mass-charge>71.0</mass-charge>
    </ei-ms-peak>
    <ei-ms-peak>
      <ei-ms-id>37</ei-ms-id>
      <id>3862</id>
      <intensity>1353.0</intensity>
      <mass-charge>77.0</mass-charge>
    </ei-ms-peak>
    <ei-ms-peak>
      <ei-ms-id>37</ei-ms-id>
      <id>3863</id>
      <intensity>364.0</intensity>
      <mass-charge>78.0</mass-charge>
    </ei-ms-peak>
    <ei-ms-peak>
      <ei-ms-id>37</ei-ms-id>
      <id>3864</id>
      <intensity>1998.0</intensity>
      <mass-charge>79.0</mass-charge>
    </ei-ms-peak>
    <ei-ms-peak>
      <ei-ms-id>37</ei-ms-id>
      <id>3865</id>
      <intensity>355.0</intensity>
      <mass-charge>80.0</mass-charge>
    </ei-ms-peak>
    <ei-ms-peak>
      <ei-ms-id>37</ei-ms-id>
      <id>3866</id>
      <intensity>1745.0</intensity>
      <mass-charge>81.0</mass-charge>
    </ei-ms-peak>
    <ei-ms-peak>
      <ei-ms-id>37</ei-ms-id>
      <id>3867</id>
      <intensity>193.0</intensity>
      <mass-charge>82.0</mass-charge>
    </ei-ms-peak>
    <ei-ms-peak>
      <ei-ms-id>37</ei-ms-id>
      <id>3868</id>
      <intensity>396.0</intensity>
      <mass-charge>83.0</mass-charge>
    </ei-ms-peak>
    <ei-ms-peak>
      <ei-ms-id>37</ei-ms-id>
      <id>3869</id>
      <intensity>56.0</intensity>
      <mass-charge>84.0</mass-charge>
    </ei-ms-peak>
    <ei-ms-peak>
      <ei-ms-id>37</ei-ms-id>
      <id>3870</id>
      <intensity>183.0</intensity>
      <mass-charge>85.0</mass-charge>
    </ei-ms-peak>
    <ei-ms-peak>
      <ei-ms-id>37</ei-ms-id>
      <id>3871</id>
      <intensity>46.0</intensity>
      <mass-charge>86.0</mass-charge>
    </ei-ms-peak>
    <ei-ms-peak>
      <ei-ms-id>37</ei-ms-id>
      <id>3872</id>
      <intensity>120.0</intensity>
      <mass-charge>87.0</mass-charge>
    </ei-ms-peak>
    <ei-ms-peak>
      <ei-ms-id>37</ei-ms-id>
      <id>3873</id>
      <intensity>48.0</intensity>
      <mass-charge>89.0</mass-charge>
    </ei-ms-peak>
    <ei-ms-peak>
      <ei-ms-id>37</ei-ms-id>
      <id>3874</id>
      <intensity>51.0</intensity>
      <mass-charge>90.0</mass-charge>
    </ei-ms-peak>
    <ei-ms-peak>
      <ei-ms-id>37</ei-ms-id>
      <id>3875</id>
      <intensity>2308.0</intensity>
      <mass-charge>91.0</mass-charge>
    </ei-ms-peak>
    <ei-ms-peak>
      <ei-ms-id>37</ei-ms-id>
      <id>3876</id>
      <intensity>481.0</intensity>
      <mass-charge>92.0</mass-charge>
    </ei-ms-peak>
    <ei-ms-peak>
      <ei-ms-id>37</ei-ms-id>
      <id>3877</id>
      <intensity>1483.0</intensity>
      <mass-charge>93.0</mass-charge>
    </ei-ms-peak>
    <ei-ms-peak>
      <ei-ms-id>37</ei-ms-id>
      <id>3878</id>
      <intensity>311.0</intensity>
      <mass-charge>94.0</mass-charge>
    </ei-ms-peak>
    <ei-ms-peak>
      <ei-ms-id>37</ei-ms-id>
      <id>3879</id>
      <intensity>1457.0</intensity>
      <mass-charge>95.0</mass-charge>
    </ei-ms-peak>
    <ei-ms-peak>
      <ei-ms-id>37</ei-ms-id>
      <id>3880</id>
      <intensity>206.0</intensity>
      <mass-charge>96.0</mass-charge>
    </ei-ms-peak>
    <ei-ms-peak>
      <ei-ms-id>37</ei-ms-id>
      <id>3881</id>
      <intensity>514.0</intensity>
      <mass-charge>97.0</mass-charge>
    </ei-ms-peak>
    <ei-ms-peak>
      <ei-ms-id>37</ei-ms-id>
      <id>3882</id>
      <intensity>75.0</intensity>
      <mass-charge>98.0</mass-charge>
    </ei-ms-peak>
    <ei-ms-peak>
      <ei-ms-id>37</ei-ms-id>
      <id>3883</id>
      <intensity>214.0</intensity>
      <mass-charge>99.0</mass-charge>
    </ei-ms-peak>
    <ei-ms-peak>
      <ei-ms-id>37</ei-ms-id>
      <id>3884</id>
      <intensity>80.0</intensity>
      <mass-charge>100.0</mass-charge>
    </ei-ms-peak>
    <ei-ms-peak>
      <ei-ms-id>37</ei-ms-id>
      <id>3885</id>
      <intensity>63.0</intensity>
      <mass-charge>101.0</mass-charge>
    </ei-ms-peak>
    <ei-ms-peak>
      <ei-ms-id>37</ei-ms-id>
      <id>3886</id>
      <intensity>31.0</intensity>
      <mass-charge>102.0</mass-charge>
    </ei-ms-peak>
    <ei-ms-peak>
      <ei-ms-id>37</ei-ms-id>
      <id>3887</id>
      <intensity>215.0</intensity>
      <mass-charge>103.0</mass-charge>
    </ei-ms-peak>
    <ei-ms-peak>
      <ei-ms-id>37</ei-ms-id>
      <id>3888</id>
      <intensity>123.0</intensity>
      <mass-charge>104.0</mass-charge>
    </ei-ms-peak>
    <ei-ms-peak>
      <ei-ms-id>37</ei-ms-id>
      <id>3889</id>
      <intensity>1477.0</intensity>
      <mass-charge>105.0</mass-charge>
    </ei-ms-peak>
    <ei-ms-peak>
      <ei-ms-id>37</ei-ms-id>
      <id>3890</id>
      <intensity>428.0</intensity>
      <mass-charge>106.0</mass-charge>
    </ei-ms-peak>
    <ei-ms-peak>
      <ei-ms-id>37</ei-ms-id>
      <id>3891</id>
      <intensity>1388.0</intensity>
      <mass-charge>107.0</mass-charge>
    </ei-ms-peak>
    <ei-ms-peak>
      <ei-ms-id>37</ei-ms-id>
      <id>3892</id>
      <intensity>295.0</intensity>
      <mass-charge>108.0</mass-charge>
    </ei-ms-peak>
    <ei-ms-peak>
      <ei-ms-id>37</ei-ms-id>
      <id>3893</id>
      <intensity>831.0</intensity>
      <mass-charge>109.0</mass-charge>
    </ei-ms-peak>
    <ei-ms-peak>
      <ei-ms-id>37</ei-ms-id>
      <id>3894</id>
      <intensity>122.0</intensity>
      <mass-charge>110.0</mass-charge>
    </ei-ms-peak>
    <ei-ms-peak>
      <ei-ms-id>37</ei-ms-id>
      <id>3895</id>
      <intensity>242.0</intensity>
      <mass-charge>111.0</mass-charge>
    </ei-ms-peak>
    <ei-ms-peak>
      <ei-ms-id>37</ei-ms-id>
      <id>3896</id>
      <intensity>42.0</intensity>
      <mass-charge>112.0</mass-charge>
    </ei-ms-peak>
    <ei-ms-peak>
      <ei-ms-id>37</ei-ms-id>
      <id>3897</id>
      <intensity>343.0</intensity>
      <mass-charge>113.0</mass-charge>
    </ei-ms-peak>
    <ei-ms-peak>
      <ei-ms-id>37</ei-ms-id>
      <id>3898</id>
      <intensity>70.0</intensity>
      <mass-charge>114.0</mass-charge>
    </ei-ms-peak>
    <ei-ms-peak>
      <ei-ms-id>37</ei-ms-id>
      <id>3899</id>
      <intensity>334.0</intensity>
      <mass-charge>115.0</mass-charge>
    </ei-ms-peak>
    <ei-ms-peak>
      <ei-ms-id>37</ei-ms-id>
      <id>3900</id>
      <intensity>153.0</intensity>
      <mass-charge>116.0</mass-charge>
    </ei-ms-peak>
    <ei-ms-peak>
      <ei-ms-id>37</ei-ms-id>
      <id>3901</id>
      <intensity>567.0</intensity>
      <mass-charge>117.0</mass-charge>
    </ei-ms-peak>
    <ei-ms-peak>
      <ei-ms-id>37</ei-ms-id>
      <id>3902</id>
      <intensity>164.0</intensity>
      <mass-charge>118.0</mass-charge>
    </ei-ms-peak>
    <ei-ms-peak>
      <ei-ms-id>37</ei-ms-id>
      <id>3903</id>
      <intensity>865.0</intensity>
      <mass-charge>119.0</mass-charge>
    </ei-ms-peak>
    <ei-ms-peak>
      <ei-ms-id>37</ei-ms-id>
      <id>3904</id>
      <intensity>1453.0</intensity>
      <mass-charge>121.0</mass-charge>
    </ei-ms-peak>
    <ei-ms-peak>
      <ei-ms-id>37</ei-ms-id>
      <id>3905</id>
      <intensity>468.0</intensity>
      <mass-charge>122.0</mass-charge>
    </ei-ms-peak>
    <ei-ms-peak>
      <ei-ms-id>37</ei-ms-id>
      <id>3906</id>
      <intensity>817.0</intensity>
      <mass-charge>123.0</mass-charge>
    </ei-ms-peak>
    <ei-ms-peak>
      <ei-ms-id>37</ei-ms-id>
      <id>3907</id>
      <intensity>475.0</intensity>
      <mass-charge>124.0</mass-charge>
    </ei-ms-peak>
    <ei-ms-peak>
      <ei-ms-id>37</ei-ms-id>
      <id>3908</id>
      <intensity>163.0</intensity>
      <mass-charge>125.0</mass-charge>
    </ei-ms-peak>
    <ei-ms-peak>
      <ei-ms-id>37</ei-ms-id>
      <id>3909</id>
      <intensity>21.0</intensity>
      <mass-charge>126.0</mass-charge>
    </ei-ms-peak>
    <ei-ms-peak>
      <ei-ms-id>37</ei-ms-id>
      <id>3910</id>
      <intensity>139.0</intensity>
      <mass-charge>127.0</mass-charge>
    </ei-ms-peak>
    <ei-ms-peak>
      <ei-ms-id>37</ei-ms-id>
      <id>3911</id>
      <intensity>244.0</intensity>
      <mass-charge>128.0</mass-charge>
    </ei-ms-peak>
    <ei-ms-peak>
      <ei-ms-id>37</ei-ms-id>
      <id>3912</id>
      <intensity>440.0</intensity>
      <mass-charge>129.0</mass-charge>
    </ei-ms-peak>
    <ei-ms-peak>
      <ei-ms-id>37</ei-ms-id>
      <id>3913</id>
      <intensity>175.0</intensity>
      <mass-charge>130.0</mass-charge>
    </ei-ms-peak>
    <ei-ms-peak>
      <ei-ms-id>37</ei-ms-id>
      <id>3914</id>
      <intensity>776.0</intensity>
      <mass-charge>131.0</mass-charge>
    </ei-ms-peak>
    <ei-ms-peak>
      <ei-ms-id>37</ei-ms-id>
      <id>3915</id>
      <intensity>176.0</intensity>
      <mass-charge>132.0</mass-charge>
    </ei-ms-peak>
    <ei-ms-peak>
      <ei-ms-id>37</ei-ms-id>
      <id>3916</id>
      <intensity>931.0</intensity>
      <mass-charge>133.0</mass-charge>
    </ei-ms-peak>
    <ei-ms-peak>
      <ei-ms-id>37</ei-ms-id>
      <id>3917</id>
      <intensity>337.0</intensity>
      <mass-charge>134.0</mass-charge>
    </ei-ms-peak>
    <ei-ms-peak>
      <ei-ms-id>37</ei-ms-id>
      <id>3918</id>
      <intensity>787.0</intensity>
      <mass-charge>135.0</mass-charge>
    </ei-ms-peak>
    <ei-ms-peak>
      <ei-ms-id>37</ei-ms-id>
      <id>3919</id>
      <intensity>191.0</intensity>
      <mass-charge>136.0</mass-charge>
    </ei-ms-peak>
    <ei-ms-peak>
      <ei-ms-id>37</ei-ms-id>
      <id>3920</id>
      <intensity>396.0</intensity>
      <mass-charge>137.0</mass-charge>
    </ei-ms-peak>
    <ei-ms-peak>
      <ei-ms-id>37</ei-ms-id>
      <id>3921</id>
      <intensity>55.0</intensity>
      <mass-charge>138.0</mass-charge>
    </ei-ms-peak>
    <ei-ms-peak>
      <ei-ms-id>37</ei-ms-id>
      <id>3922</id>
      <intensity>51.0</intensity>
      <mass-charge>139.0</mass-charge>
    </ei-ms-peak>
    <ei-ms-peak>
      <ei-ms-id>37</ei-ms-id>
      <id>3923</id>
      <intensity>23.0</intensity>
      <mass-charge>140.0</mass-charge>
    </ei-ms-peak>
    <ei-ms-peak>
      <ei-ms-id>37</ei-ms-id>
      <id>3924</id>
      <intensity>182.0</intensity>
      <mass-charge>141.0</mass-charge>
    </ei-ms-peak>
    <ei-ms-peak>
      <ei-ms-id>37</ei-ms-id>
      <id>3925</id>
      <intensity>146.0</intensity>
      <mass-charge>142.0</mass-charge>
    </ei-ms-peak>
    <ei-ms-peak>
      <ei-ms-id>37</ei-ms-id>
      <id>3926</id>
      <intensity>466.0</intensity>
      <mass-charge>143.0</mass-charge>
    </ei-ms-peak>
    <ei-ms-peak>
      <ei-ms-id>37</ei-ms-id>
      <id>3927</id>
      <intensity>158.0</intensity>
      <mass-charge>144.0</mass-charge>
    </ei-ms-peak>
    <ei-ms-peak>
      <ei-ms-id>37</ei-ms-id>
      <id>3928</id>
      <intensity>2129.0</intensity>
      <mass-charge>145.0</mass-charge>
    </ei-ms-peak>
    <ei-ms-peak>
      <ei-ms-id>37</ei-ms-id>
      <id>3929</id>
      <intensity>377.0</intensity>
      <mass-charge>146.0</mass-charge>
    </ei-ms-peak>
    <ei-ms-peak>
      <ei-ms-id>37</ei-ms-id>
      <id>3930</id>
      <intensity>1221.0</intensity>
      <mass-charge>147.0</mass-charge>
    </ei-ms-peak>
    <ei-ms-peak>
      <ei-ms-id>37</ei-ms-id>
      <id>3931</id>
      <intensity>281.0</intensity>
      <mass-charge>148.0</mass-charge>
    </ei-ms-peak>
    <ei-ms-peak>
      <ei-ms-id>37</ei-ms-id>
      <id>3932</id>
      <intensity>502.0</intensity>
      <mass-charge>149.0</mass-charge>
    </ei-ms-peak>
    <ei-ms-peak>
      <ei-ms-id>37</ei-ms-id>
      <id>3933</id>
      <intensity>72.0</intensity>
      <mass-charge>150.0</mass-charge>
    </ei-ms-peak>
    <ei-ms-peak>
      <ei-ms-id>37</ei-ms-id>
      <id>3934</id>
      <intensity>73.0</intensity>
      <mass-charge>151.0</mass-charge>
    </ei-ms-peak>
    <ei-ms-peak>
      <ei-ms-id>37</ei-ms-id>
      <id>3935</id>
      <intensity>54.0</intensity>
      <mass-charge>152.0</mass-charge>
    </ei-ms-peak>
    <ei-ms-peak>
      <ei-ms-id>37</ei-ms-id>
      <id>3936</id>
      <intensity>81.0</intensity>
      <mass-charge>153.0</mass-charge>
    </ei-ms-peak>
    <ei-ms-peak>
      <ei-ms-id>37</ei-ms-id>
      <id>3937</id>
      <intensity>56.0</intensity>
      <mass-charge>154.0</mass-charge>
    </ei-ms-peak>
    <ei-ms-peak>
      <ei-ms-id>37</ei-ms-id>
      <id>3938</id>
      <intensity>272.0</intensity>
      <mass-charge>155.0</mass-charge>
    </ei-ms-peak>
    <ei-ms-peak>
      <ei-ms-id>37</ei-ms-id>
      <id>3939</id>
      <intensity>86.0</intensity>
      <mass-charge>156.0</mass-charge>
    </ei-ms-peak>
    <ei-ms-peak>
      <ei-ms-id>37</ei-ms-id>
      <id>3940</id>
      <intensity>418.0</intensity>
      <mass-charge>157.0</mass-charge>
    </ei-ms-peak>
    <ei-ms-peak>
      <ei-ms-id>37</ei-ms-id>
      <id>3941</id>
      <intensity>123.0</intensity>
      <mass-charge>158.0</mass-charge>
    </ei-ms-peak>
    <ei-ms-peak>
      <ei-ms-id>37</ei-ms-id>
      <id>3942</id>
      <intensity>687.0</intensity>
      <mass-charge>159.0</mass-charge>
    </ei-ms-peak>
    <ei-ms-peak>
      <ei-ms-id>37</ei-ms-id>
      <id>3943</id>
      <intensity>208.0</intensity>
      <mass-charge>160.0</mass-charge>
    </ei-ms-peak>
    <ei-ms-peak>
      <ei-ms-id>37</ei-ms-id>
      <id>3944</id>
      <intensity>1410.0</intensity>
      <mass-charge>161.0</mass-charge>
    </ei-ms-peak>
    <ei-ms-peak>
      <ei-ms-id>37</ei-ms-id>
      <id>3945</id>
      <intensity>293.0</intensity>
      <mass-charge>162.0</mass-charge>
    </ei-ms-peak>
    <ei-ms-peak>
      <ei-ms-id>37</ei-ms-id>
      <id>3946</id>
      <intensity>565.0</intensity>
      <mass-charge>163.0</mass-charge>
    </ei-ms-peak>
    <ei-ms-peak>
      <ei-ms-id>37</ei-ms-id>
      <id>3947</id>
      <intensity>89.0</intensity>
      <mass-charge>164.0</mass-charge>
    </ei-ms-peak>
    <ei-ms-peak>
      <ei-ms-id>37</ei-ms-id>
      <id>3948</id>
      <intensity>82.0</intensity>
      <mass-charge>165.0</mass-charge>
    </ei-ms-peak>
    <ei-ms-peak>
      <ei-ms-id>37</ei-ms-id>
      <id>3949</id>
      <intensity>46.0</intensity>
      <mass-charge>166.0</mass-charge>
    </ei-ms-peak>
    <ei-ms-peak>
      <ei-ms-id>37</ei-ms-id>
      <id>3950</id>
      <intensity>76.0</intensity>
      <mass-charge>167.0</mass-charge>
    </ei-ms-peak>
    <ei-ms-peak>
      <ei-ms-id>37</ei-ms-id>
      <id>3951</id>
      <intensity>43.0</intensity>
      <mass-charge>168.0</mass-charge>
    </ei-ms-peak>
    <ei-ms-peak>
      <ei-ms-id>37</ei-ms-id>
      <id>3952</id>
      <intensity>224.0</intensity>
      <mass-charge>169.0</mass-charge>
    </ei-ms-peak>
    <ei-ms-peak>
      <ei-ms-id>37</ei-ms-id>
      <id>3953</id>
      <intensity>87.0</intensity>
      <mass-charge>170.0</mass-charge>
    </ei-ms-peak>
    <ei-ms-peak>
      <ei-ms-id>37</ei-ms-id>
      <id>3954</id>
      <intensity>389.0</intensity>
      <mass-charge>171.0</mass-charge>
    </ei-ms-peak>
    <ei-ms-peak>
      <ei-ms-id>37</ei-ms-id>
      <id>3955</id>
      <intensity>110.0</intensity>
      <mass-charge>172.0</mass-charge>
    </ei-ms-peak>
    <ei-ms-peak>
      <ei-ms-id>37</ei-ms-id>
      <id>3956</id>
      <intensity>795.0</intensity>
      <mass-charge>173.0</mass-charge>
    </ei-ms-peak>
    <ei-ms-peak>
      <ei-ms-id>37</ei-ms-id>
      <id>3957</id>
      <intensity>181.0</intensity>
      <mass-charge>174.0</mass-charge>
    </ei-ms-peak>
    <ei-ms-peak>
      <ei-ms-id>37</ei-ms-id>
      <id>3958</id>
      <intensity>765.0</intensity>
      <mass-charge>175.0</mass-charge>
    </ei-ms-peak>
    <ei-ms-peak>
      <ei-ms-id>37</ei-ms-id>
      <id>3959</id>
      <intensity>142.0</intensity>
      <mass-charge>176.0</mass-charge>
    </ei-ms-peak>
    <ei-ms-peak>
      <ei-ms-id>37</ei-ms-id>
      <id>3960</id>
      <intensity>117.0</intensity>
      <mass-charge>177.0</mass-charge>
    </ei-ms-peak>
    <ei-ms-peak>
      <ei-ms-id>37</ei-ms-id>
      <id>3961</id>
      <intensity>26.0</intensity>
      <mass-charge>178.0</mass-charge>
    </ei-ms-peak>
    <ei-ms-peak>
      <ei-ms-id>37</ei-ms-id>
      <id>3962</id>
      <intensity>73.0</intensity>
      <mass-charge>179.0</mass-charge>
    </ei-ms-peak>
    <ei-ms-peak>
      <ei-ms-id>37</ei-ms-id>
      <id>3963</id>
      <intensity>25.0</intensity>
      <mass-charge>180.0</mass-charge>
    </ei-ms-peak>
    <ei-ms-peak>
      <ei-ms-id>37</ei-ms-id>
      <id>3964</id>
      <intensity>100.0</intensity>
      <mass-charge>181.0</mass-charge>
    </ei-ms-peak>
    <ei-ms-peak>
      <ei-ms-id>37</ei-ms-id>
      <id>3965</id>
      <intensity>44.0</intensity>
      <mass-charge>182.0</mass-charge>
    </ei-ms-peak>
    <ei-ms-peak>
      <ei-ms-id>37</ei-ms-id>
      <id>3966</id>
      <intensity>181.0</intensity>
      <mass-charge>183.0</mass-charge>
    </ei-ms-peak>
    <ei-ms-peak>
      <ei-ms-id>37</ei-ms-id>
      <id>3967</id>
      <intensity>95.0</intensity>
      <mass-charge>184.0</mass-charge>
    </ei-ms-peak>
    <ei-ms-peak>
      <ei-ms-id>37</ei-ms-id>
      <id>3968</id>
      <intensity>332.0</intensity>
      <mass-charge>185.0</mass-charge>
    </ei-ms-peak>
    <ei-ms-peak>
      <ei-ms-id>37</ei-ms-id>
      <id>3969</id>
      <intensity>144.0</intensity>
      <mass-charge>186.0</mass-charge>
    </ei-ms-peak>
    <ei-ms-peak>
      <ei-ms-id>37</ei-ms-id>
      <id>3970</id>
      <intensity>318.0</intensity>
      <mass-charge>187.0</mass-charge>
    </ei-ms-peak>
    <ei-ms-peak>
      <ei-ms-id>37</ei-ms-id>
      <id>3971</id>
      <intensity>78.0</intensity>
      <mass-charge>188.0</mass-charge>
    </ei-ms-peak>
    <ei-ms-peak>
      <ei-ms-id>37</ei-ms-id>
      <id>3972</id>
      <intensity>267.0</intensity>
      <mass-charge>189.0</mass-charge>
    </ei-ms-peak>
    <ei-ms-peak>
      <ei-ms-id>37</ei-ms-id>
      <id>3973</id>
      <intensity>54.0</intensity>
      <mass-charge>190.0</mass-charge>
    </ei-ms-peak>
    <ei-ms-peak>
      <ei-ms-id>37</ei-ms-id>
      <id>3974</id>
      <intensity>93.0</intensity>
      <mass-charge>191.0</mass-charge>
    </ei-ms-peak>
    <ei-ms-peak>
      <ei-ms-id>37</ei-ms-id>
      <id>3975</id>
      <intensity>49.0</intensity>
      <mass-charge>192.0</mass-charge>
    </ei-ms-peak>
    <ei-ms-peak>
      <ei-ms-id>37</ei-ms-id>
      <id>3976</id>
      <intensity>53.0</intensity>
      <mass-charge>193.0</mass-charge>
    </ei-ms-peak>
    <ei-ms-peak>
      <ei-ms-id>37</ei-ms-id>
      <id>3977</id>
      <intensity>27.0</intensity>
      <mass-charge>194.0</mass-charge>
    </ei-ms-peak>
    <ei-ms-peak>
      <ei-ms-id>37</ei-ms-id>
      <id>3978</id>
      <intensity>158.0</intensity>
      <mass-charge>195.0</mass-charge>
    </ei-ms-peak>
    <ei-ms-peak>
      <ei-ms-id>37</ei-ms-id>
      <id>3979</id>
      <intensity>63.0</intensity>
      <mass-charge>196.0</mass-charge>
    </ei-ms-peak>
    <ei-ms-peak>
      <ei-ms-id>37</ei-ms-id>
      <id>3980</id>
      <intensity>135.0</intensity>
      <mass-charge>197.0</mass-charge>
    </ei-ms-peak>
    <ei-ms-peak>
      <ei-ms-id>37</ei-ms-id>
      <id>3981</id>
      <intensity>100.0</intensity>
      <mass-charge>198.0</mass-charge>
    </ei-ms-peak>
    <ei-ms-peak>
      <ei-ms-id>37</ei-ms-id>
      <id>3982</id>
      <intensity>350.0</intensity>
      <mass-charge>199.0</mass-charge>
    </ei-ms-peak>
    <ei-ms-peak>
      <ei-ms-id>37</ei-ms-id>
      <id>3983</id>
      <intensity>105.0</intensity>
      <mass-charge>200.0</mass-charge>
    </ei-ms-peak>
    <ei-ms-peak>
      <ei-ms-id>37</ei-ms-id>
      <id>3984</id>
      <intensity>265.0</intensity>
      <mass-charge>201.0</mass-charge>
    </ei-ms-peak>
    <ei-ms-peak>
      <ei-ms-id>37</ei-ms-id>
      <id>3985</id>
      <intensity>56.0</intensity>
      <mass-charge>202.0</mass-charge>
    </ei-ms-peak>
    <ei-ms-peak>
      <ei-ms-id>37</ei-ms-id>
      <id>3986</id>
      <intensity>47.0</intensity>
      <mass-charge>203.0</mass-charge>
    </ei-ms-peak>
    <ei-ms-peak>
      <ei-ms-id>37</ei-ms-id>
      <id>3987</id>
      <intensity>18.0</intensity>
      <mass-charge>204.0</mass-charge>
    </ei-ms-peak>
    <ei-ms-peak>
      <ei-ms-id>37</ei-ms-id>
      <id>3988</id>
      <intensity>44.0</intensity>
      <mass-charge>205.0</mass-charge>
    </ei-ms-peak>
    <ei-ms-peak>
      <ei-ms-id>37</ei-ms-id>
      <id>3989</id>
      <intensity>29.0</intensity>
      <mass-charge>206.0</mass-charge>
    </ei-ms-peak>
    <ei-ms-peak>
      <ei-ms-id>37</ei-ms-id>
      <id>3990</id>
      <intensity>42.0</intensity>
      <mass-charge>207.0</mass-charge>
    </ei-ms-peak>
    <ei-ms-peak>
      <ei-ms-id>37</ei-ms-id>
      <id>3991</id>
      <intensity>27.0</intensity>
      <mass-charge>208.0</mass-charge>
    </ei-ms-peak>
    <ei-ms-peak>
      <ei-ms-id>37</ei-ms-id>
      <id>3992</id>
      <intensity>198.0</intensity>
      <mass-charge>209.0</mass-charge>
    </ei-ms-peak>
    <ei-ms-peak>
      <ei-ms-id>37</ei-ms-id>
      <id>3993</id>
      <intensity>54.0</intensity>
      <mass-charge>210.0</mass-charge>
    </ei-ms-peak>
    <ei-ms-peak>
      <ei-ms-id>37</ei-ms-id>
      <id>3994</id>
      <intensity>317.0</intensity>
      <mass-charge>211.0</mass-charge>
    </ei-ms-peak>
    <ei-ms-peak>
      <ei-ms-id>37</ei-ms-id>
      <id>3995</id>
      <intensity>92.0</intensity>
      <mass-charge>212.0</mass-charge>
    </ei-ms-peak>
    <ei-ms-peak>
      <ei-ms-id>37</ei-ms-id>
      <id>3996</id>
      <intensity>518.0</intensity>
      <mass-charge>213.0</mass-charge>
    </ei-ms-peak>
    <ei-ms-peak>
      <ei-ms-id>37</ei-ms-id>
      <id>3997</id>
      <intensity>125.0</intensity>
      <mass-charge>214.0</mass-charge>
    </ei-ms-peak>
    <ei-ms-peak>
      <ei-ms-id>37</ei-ms-id>
      <id>3998</id>
      <intensity>135.0</intensity>
      <mass-charge>215.0</mass-charge>
    </ei-ms-peak>
    <ei-ms-peak>
      <ei-ms-id>37</ei-ms-id>
      <id>3999</id>
      <intensity>32.0</intensity>
      <mass-charge>216.0</mass-charge>
    </ei-ms-peak>
    <ei-ms-peak>
      <ei-ms-id>37</ei-ms-id>
      <id>4000</id>
      <intensity>62.0</intensity>
      <mass-charge>217.0</mass-charge>
    </ei-ms-peak>
    <ei-ms-peak>
      <ei-ms-id>37</ei-ms-id>
      <id>4001</id>
      <intensity>14.0</intensity>
      <mass-charge>218.0</mass-charge>
    </ei-ms-peak>
    <ei-ms-peak>
      <ei-ms-id>37</ei-ms-id>
      <id>4002</id>
      <intensity>30.0</intensity>
      <mass-charge>219.0</mass-charge>
    </ei-ms-peak>
    <ei-ms-peak>
      <ei-ms-id>37</ei-ms-id>
      <id>4003</id>
      <intensity>13.0</intensity>
      <mass-charge>220.0</mass-charge>
    </ei-ms-peak>
    <ei-ms-peak>
      <ei-ms-id>37</ei-ms-id>
      <id>4004</id>
      <intensity>35.0</intensity>
      <mass-charge>221.0</mass-charge>
    </ei-ms-peak>
    <ei-ms-peak>
      <ei-ms-id>37</ei-ms-id>
      <id>4005</id>
      <intensity>62.0</intensity>
      <mass-charge>222.0</mass-charge>
    </ei-ms-peak>
    <ei-ms-peak>
      <ei-ms-id>37</ei-ms-id>
      <id>4006</id>
      <intensity>124.0</intensity>
      <mass-charge>223.0</mass-charge>
    </ei-ms-peak>
    <ei-ms-peak>
      <ei-ms-id>37</ei-ms-id>
      <id>4007</id>
      <intensity>40.0</intensity>
      <mass-charge>224.0</mass-charge>
    </ei-ms-peak>
    <ei-ms-peak>
      <ei-ms-id>37</ei-ms-id>
      <id>4008</id>
      <intensity>185.0</intensity>
      <mass-charge>225.0</mass-charge>
    </ei-ms-peak>
    <ei-ms-peak>
      <ei-ms-id>37</ei-ms-id>
      <id>4009</id>
      <intensity>80.0</intensity>
      <mass-charge>226.0</mass-charge>
    </ei-ms-peak>
    <ei-ms-peak>
      <ei-ms-id>37</ei-ms-id>
      <id>4010</id>
      <intensity>2003.0</intensity>
      <mass-charge>227.0</mass-charge>
    </ei-ms-peak>
    <ei-ms-peak>
      <ei-ms-id>37</ei-ms-id>
      <id>4011</id>
      <intensity>372.0</intensity>
      <mass-charge>228.0</mass-charge>
    </ei-ms-peak>
    <ei-ms-peak>
      <ei-ms-id>37</ei-ms-id>
      <id>4012</id>
      <intensity>203.0</intensity>
      <mass-charge>229.0</mass-charge>
    </ei-ms-peak>
    <ei-ms-peak>
      <ei-ms-id>37</ei-ms-id>
      <id>4013</id>
      <intensity>172.0</intensity>
      <mass-charge>230.0</mass-charge>
    </ei-ms-peak>
    <ei-ms-peak>
      <ei-ms-id>37</ei-ms-id>
      <id>4014</id>
      <intensity>92.0</intensity>
      <mass-charge>231.0</mass-charge>
    </ei-ms-peak>
    <ei-ms-peak>
      <ei-ms-id>37</ei-ms-id>
      <id>4015</id>
      <intensity>29.0</intensity>
      <mass-charge>232.0</mass-charge>
    </ei-ms-peak>
    <ei-ms-peak>
      <ei-ms-id>37</ei-ms-id>
      <id>4016</id>
      <intensity>33.0</intensity>
      <mass-charge>233.0</mass-charge>
    </ei-ms-peak>
    <ei-ms-peak>
      <ei-ms-id>37</ei-ms-id>
      <id>4017</id>
      <intensity>70.0</intensity>
      <mass-charge>235.0</mass-charge>
    </ei-ms-peak>
    <ei-ms-peak>
      <ei-ms-id>37</ei-ms-id>
      <id>4018</id>
      <intensity>42.0</intensity>
      <mass-charge>236.0</mass-charge>
    </ei-ms-peak>
    <ei-ms-peak>
      <ei-ms-id>37</ei-ms-id>
      <id>4019</id>
      <intensity>79.0</intensity>
      <mass-charge>237.0</mass-charge>
    </ei-ms-peak>
    <ei-ms-peak>
      <ei-ms-id>37</ei-ms-id>
      <id>4020</id>
      <intensity>25.0</intensity>
      <mass-charge>238.0</mass-charge>
    </ei-ms-peak>
    <ei-ms-peak>
      <ei-ms-id>37</ei-ms-id>
      <id>4021</id>
      <intensity>111.0</intensity>
      <mass-charge>239.0</mass-charge>
    </ei-ms-peak>
    <ei-ms-peak>
      <ei-ms-id>37</ei-ms-id>
      <id>4022</id>
      <intensity>53.0</intensity>
      <mass-charge>240.0</mass-charge>
    </ei-ms-peak>
    <ei-ms-peak>
      <ei-ms-id>37</ei-ms-id>
      <id>4023</id>
      <intensity>304.0</intensity>
      <mass-charge>241.0</mass-charge>
    </ei-ms-peak>
    <ei-ms-peak>
      <ei-ms-id>37</ei-ms-id>
      <id>4024</id>
      <intensity>121.0</intensity>
      <mass-charge>242.0</mass-charge>
    </ei-ms-peak>
    <ei-ms-peak>
      <ei-ms-id>37</ei-ms-id>
      <id>4025</id>
      <intensity>213.0</intensity>
      <mass-charge>243.0</mass-charge>
    </ei-ms-peak>
    <ei-ms-peak>
      <ei-ms-id>37</ei-ms-id>
      <id>4026</id>
      <intensity>47.0</intensity>
      <mass-charge>244.0</mass-charge>
    </ei-ms-peak>
    <ei-ms-peak>
      <ei-ms-id>37</ei-ms-id>
      <id>4027</id>
      <intensity>54.0</intensity>
      <mass-charge>245.0</mass-charge>
    </ei-ms-peak>
    <ei-ms-peak>
      <ei-ms-id>37</ei-ms-id>
      <id>4028</id>
      <intensity>20.0</intensity>
      <mass-charge>246.0</mass-charge>
    </ei-ms-peak>
    <ei-ms-peak>
      <ei-ms-id>37</ei-ms-id>
      <id>4029</id>
      <intensity>21.0</intensity>
      <mass-charge>247.0</mass-charge>
    </ei-ms-peak>
    <ei-ms-peak>
      <ei-ms-id>37</ei-ms-id>
      <id>4030</id>
      <intensity>15.0</intensity>
      <mass-charge>248.0</mass-charge>
    </ei-ms-peak>
    <ei-ms-peak>
      <ei-ms-id>37</ei-ms-id>
      <id>4031</id>
      <intensity>30.0</intensity>
      <mass-charge>249.0</mass-charge>
    </ei-ms-peak>
    <ei-ms-peak>
      <ei-ms-id>37</ei-ms-id>
      <id>4032</id>
      <intensity>22.0</intensity>
      <mass-charge>250.0</mass-charge>
    </ei-ms-peak>
    <ei-ms-peak>
      <ei-ms-id>37</ei-ms-id>
      <id>4033</id>
      <intensity>821.0</intensity>
      <mass-charge>251.0</mass-charge>
    </ei-ms-peak>
    <ei-ms-peak>
      <ei-ms-id>37</ei-ms-id>
      <id>4034</id>
      <intensity>197.0</intensity>
      <mass-charge>252.0</mass-charge>
    </ei-ms-peak>
    <ei-ms-peak>
      <ei-ms-id>37</ei-ms-id>
      <id>4035</id>
      <intensity>83.0</intensity>
      <mass-charge>253.0</mass-charge>
    </ei-ms-peak>
    <ei-ms-peak>
      <ei-ms-id>37</ei-ms-id>
      <id>4036</id>
      <intensity>70.0</intensity>
      <mass-charge>254.0</mass-charge>
    </ei-ms-peak>
    <ei-ms-peak>
      <ei-ms-id>37</ei-ms-id>
      <id>4037</id>
      <intensity>127.0</intensity>
      <mass-charge>255.0</mass-charge>
    </ei-ms-peak>
    <ei-ms-peak>
      <ei-ms-id>37</ei-ms-id>
      <id>4038</id>
      <intensity>32.0</intensity>
      <mass-charge>256.0</mass-charge>
    </ei-ms-peak>
    <ei-ms-peak>
      <ei-ms-id>37</ei-ms-id>
      <id>4039</id>
      <intensity>33.0</intensity>
      <mass-charge>257.0</mass-charge>
    </ei-ms-peak>
    <ei-ms-peak>
      <ei-ms-id>37</ei-ms-id>
      <id>4040</id>
      <intensity>12.0</intensity>
      <mass-charge>258.0</mass-charge>
    </ei-ms-peak>
    <ei-ms-peak>
      <ei-ms-id>37</ei-ms-id>
      <id>4041</id>
      <intensity>30.0</intensity>
      <mass-charge>259.0</mass-charge>
    </ei-ms-peak>
    <ei-ms-peak>
      <ei-ms-id>37</ei-ms-id>
      <id>4042</id>
      <intensity>71.0</intensity>
      <mass-charge>260.0</mass-charge>
    </ei-ms-peak>
    <ei-ms-peak>
      <ei-ms-id>37</ei-ms-id>
      <id>4043</id>
      <intensity>59.0</intensity>
      <mass-charge>261.0</mass-charge>
    </ei-ms-peak>
    <ei-ms-peak>
      <ei-ms-id>37</ei-ms-id>
      <id>4044</id>
      <intensity>21.0</intensity>
      <mass-charge>263.0</mass-charge>
    </ei-ms-peak>
    <ei-ms-peak>
      <ei-ms-id>37</ei-ms-id>
      <id>4045</id>
      <intensity>22.0</intensity>
      <mass-charge>264.0</mass-charge>
    </ei-ms-peak>
    <ei-ms-peak>
      <ei-ms-id>37</ei-ms-id>
      <id>4046</id>
      <intensity>23.0</intensity>
      <mass-charge>265.0</mass-charge>
    </ei-ms-peak>
    <ei-ms-peak>
      <ei-ms-id>37</ei-ms-id>
      <id>4047</id>
      <intensity>92.0</intensity>
      <mass-charge>267.0</mass-charge>
    </ei-ms-peak>
    <ei-ms-peak>
      <ei-ms-id>37</ei-ms-id>
      <id>4048</id>
      <intensity>76.0</intensity>
      <mass-charge>268.0</mass-charge>
    </ei-ms-peak>
    <ei-ms-peak>
      <ei-ms-id>37</ei-ms-id>
      <id>4049</id>
      <intensity>6575.0</intensity>
      <mass-charge>269.0</mass-charge>
    </ei-ms-peak>
    <ei-ms-peak>
      <ei-ms-id>37</ei-ms-id>
      <id>4050</id>
      <intensity>1386.0</intensity>
      <mass-charge>270.0</mass-charge>
    </ei-ms-peak>
    <ei-ms-peak>
      <ei-ms-id>37</ei-ms-id>
      <id>4051</id>
      <intensity>196.0</intensity>
      <mass-charge>271.0</mass-charge>
    </ei-ms-peak>
    <ei-ms-peak>
      <ei-ms-id>37</ei-ms-id>
      <id>4052</id>
      <intensity>36.0</intensity>
      <mass-charge>272.0</mass-charge>
    </ei-ms-peak>
    <ei-ms-peak>
      <ei-ms-id>37</ei-ms-id>
      <id>4053</id>
      <intensity>44.0</intensity>
      <mass-charge>273.0</mass-charge>
    </ei-ms-peak>
    <ei-ms-peak>
      <ei-ms-id>37</ei-ms-id>
      <id>4054</id>
      <intensity>13.0</intensity>
      <mass-charge>274.0</mass-charge>
    </ei-ms-peak>
    <ei-ms-peak>
      <ei-ms-id>37</ei-ms-id>
      <id>4055</id>
      <intensity>5.0</intensity>
      <mass-charge>276.0</mass-charge>
    </ei-ms-peak>
    <ei-ms-peak>
      <ei-ms-id>37</ei-ms-id>
      <id>4056</id>
      <intensity>19.0</intensity>
      <mass-charge>277.0</mass-charge>
    </ei-ms-peak>
    <ei-ms-peak>
      <ei-ms-id>37</ei-ms-id>
      <id>4057</id>
      <intensity>7.0</intensity>
      <mass-charge>278.0</mass-charge>
    </ei-ms-peak>
    <ei-ms-peak>
      <ei-ms-id>37</ei-ms-id>
      <id>4058</id>
      <intensity>107.0</intensity>
      <mass-charge>279.0</mass-charge>
    </ei-ms-peak>
    <ei-ms-peak>
      <ei-ms-id>37</ei-ms-id>
      <id>4059</id>
      <intensity>41.0</intensity>
      <mass-charge>280.0</mass-charge>
    </ei-ms-peak>
    <ei-ms-peak>
      <ei-ms-id>37</ei-ms-id>
      <id>4060</id>
      <intensity>35.0</intensity>
      <mass-charge>281.0</mass-charge>
    </ei-ms-peak>
    <ei-ms-peak>
      <ei-ms-id>37</ei-ms-id>
      <id>4061</id>
      <intensity>17.0</intensity>
      <mass-charge>282.0</mass-charge>
    </ei-ms-peak>
    <ei-ms-peak>
      <ei-ms-id>37</ei-ms-id>
      <id>4062</id>
      <intensity>12.0</intensity>
      <mass-charge>283.0</mass-charge>
    </ei-ms-peak>
    <ei-ms-peak>
      <ei-ms-id>37</ei-ms-id>
      <id>4063</id>
      <intensity>10.0</intensity>
      <mass-charge>284.0</mass-charge>
    </ei-ms-peak>
    <ei-ms-peak>
      <ei-ms-id>37</ei-ms-id>
      <id>4064</id>
      <intensity>35.0</intensity>
      <mass-charge>285.0</mass-charge>
    </ei-ms-peak>
    <ei-ms-peak>
      <ei-ms-id>37</ei-ms-id>
      <id>4065</id>
      <intensity>29.0</intensity>
      <mass-charge>286.0</mass-charge>
    </ei-ms-peak>
    <ei-ms-peak>
      <ei-ms-id>37</ei-ms-id>
      <id>4066</id>
      <intensity>328.0</intensity>
      <mass-charge>287.0</mass-charge>
    </ei-ms-peak>
    <ei-ms-peak>
      <ei-ms-id>37</ei-ms-id>
      <id>4067</id>
      <intensity>67.0</intensity>
      <mass-charge>288.0</mass-charge>
    </ei-ms-peak>
    <ei-ms-peak>
      <ei-ms-id>37</ei-ms-id>
      <id>4068</id>
      <intensity>25.0</intensity>
      <mass-charge>289.0</mass-charge>
    </ei-ms-peak>
    <ei-ms-peak>
      <ei-ms-id>37</ei-ms-id>
      <id>4069</id>
      <intensity>9.0</intensity>
      <mass-charge>290.0</mass-charge>
    </ei-ms-peak>
    <ei-ms-peak>
      <ei-ms-id>37</ei-ms-id>
      <id>4070</id>
      <intensity>3.0</intensity>
      <mass-charge>291.0</mass-charge>
    </ei-ms-peak>
    <ei-ms-peak>
      <ei-ms-id>37</ei-ms-id>
      <id>4071</id>
      <intensity>4.0</intensity>
      <mass-charge>292.0</mass-charge>
    </ei-ms-peak>
    <ei-ms-peak>
      <ei-ms-id>37</ei-ms-id>
      <id>4072</id>
      <intensity>9.0</intensity>
      <mass-charge>294.0</mass-charge>
    </ei-ms-peak>
    <ei-ms-peak>
      <ei-ms-id>37</ei-ms-id>
      <id>4073</id>
      <intensity>30.0</intensity>
      <mass-charge>295.0</mass-charge>
    </ei-ms-peak>
    <ei-ms-peak>
      <ei-ms-id>37</ei-ms-id>
      <id>4074</id>
      <intensity>10.0</intensity>
      <mass-charge>296.0</mass-charge>
    </ei-ms-peak>
    <ei-ms-peak>
      <ei-ms-id>37</ei-ms-id>
      <id>4075</id>
      <intensity>281.0</intensity>
      <mass-charge>297.0</mass-charge>
    </ei-ms-peak>
    <ei-ms-peak>
      <ei-ms-id>37</ei-ms-id>
      <id>4076</id>
      <intensity>75.0</intensity>
      <mass-charge>298.0</mass-charge>
    </ei-ms-peak>
    <ei-ms-peak>
      <ei-ms-id>37</ei-ms-id>
      <id>4077</id>
      <intensity>56.0</intensity>
      <mass-charge>299.0</mass-charge>
    </ei-ms-peak>
    <ei-ms-peak>
      <ei-ms-id>37</ei-ms-id>
      <id>4078</id>
      <intensity>38.0</intensity>
      <mass-charge>300.0</mass-charge>
    </ei-ms-peak>
    <ei-ms-peak>
      <ei-ms-id>37</ei-ms-id>
      <id>4079</id>
      <intensity>27.0</intensity>
      <mass-charge>301.0</mass-charge>
    </ei-ms-peak>
    <ei-ms-peak>
      <ei-ms-id>37</ei-ms-id>
      <id>4080</id>
      <intensity>13.0</intensity>
      <mass-charge>302.0</mass-charge>
    </ei-ms-peak>
    <ei-ms-peak>
      <ei-ms-id>37</ei-ms-id>
      <id>4081</id>
      <intensity>5.0</intensity>
      <mass-charge>303.0</mass-charge>
    </ei-ms-peak>
    <ei-ms-peak>
      <ei-ms-id>37</ei-ms-id>
      <id>4082</id>
      <intensity>9.0</intensity>
      <mass-charge>304.0</mass-charge>
    </ei-ms-peak>
    <ei-ms-peak>
      <ei-ms-id>37</ei-ms-id>
      <id>4083</id>
      <intensity>3.0</intensity>
      <mass-charge>305.0</mass-charge>
    </ei-ms-peak>
    <ei-ms-peak>
      <ei-ms-id>37</ei-ms-id>
      <id>4084</id>
      <intensity>3.0</intensity>
      <mass-charge>306.0</mass-charge>
    </ei-ms-peak>
    <ei-ms-peak>
      <ei-ms-id>37</ei-ms-id>
      <id>4085</id>
      <intensity>7.0</intensity>
      <mass-charge>309.0</mass-charge>
    </ei-ms-peak>
    <ei-ms-peak>
      <ei-ms-id>37</ei-ms-id>
      <id>4086</id>
      <intensity>31.0</intensity>
      <mass-charge>310.0</mass-charge>
    </ei-ms-peak>
    <ei-ms-peak>
      <ei-ms-id>37</ei-ms-id>
      <id>4087</id>
      <intensity>54.0</intensity>
      <mass-charge>311.0</mass-charge>
    </ei-ms-peak>
    <ei-ms-peak>
      <ei-ms-id>37</ei-ms-id>
      <id>4088</id>
      <intensity>31.0</intensity>
      <mass-charge>312.0</mass-charge>
    </ei-ms-peak>
    <ei-ms-peak>
      <ei-ms-id>37</ei-ms-id>
      <id>4089</id>
      <intensity>146.0</intensity>
      <mass-charge>313.0</mass-charge>
    </ei-ms-peak>
    <ei-ms-peak>
      <ei-ms-id>37</ei-ms-id>
      <id>4090</id>
      <intensity>48.0</intensity>
      <mass-charge>314.0</mass-charge>
    </ei-ms-peak>
    <ei-ms-peak>
      <ei-ms-id>37</ei-ms-id>
      <id>4091</id>
      <intensity>9999.0</intensity>
      <mass-charge>315.0</mass-charge>
    </ei-ms-peak>
    <ei-ms-peak>
      <ei-ms-id>37</ei-ms-id>
      <id>4092</id>
      <intensity>2130.0</intensity>
      <mass-charge>316.0</mass-charge>
    </ei-ms-peak>
    <ei-ms-peak>
      <ei-ms-id>37</ei-ms-id>
      <id>4093</id>
      <intensity>346.0</intensity>
      <mass-charge>317.0</mass-charge>
    </ei-ms-peak>
    <ei-ms-peak>
      <ei-ms-id>37</ei-ms-id>
      <id>4094</id>
      <intensity>60.0</intensity>
      <mass-charge>318.0</mass-charge>
    </ei-ms-peak>
    <ei-ms-peak>
      <ei-ms-id>37</ei-ms-id>
      <id>4095</id>
      <intensity>13.0</intensity>
      <mass-charge>319.0</mass-charge>
    </ei-ms-peak>
    <ei-ms-peak>
      <ei-ms-id>37</ei-ms-id>
      <id>4096</id>
      <intensity>3.0</intensity>
      <mass-charge>325.0</mass-charge>
    </ei-ms-peak>
    <ei-ms-peak>
      <ei-ms-id>37</ei-ms-id>
      <id>4097</id>
      <intensity>9.0</intensity>
      <mass-charge>326.0</mass-charge>
    </ei-ms-peak>
    <ei-ms-peak>
      <ei-ms-id>37</ei-ms-id>
      <id>4098</id>
      <intensity>16.0</intensity>
      <mass-charge>327.0</mass-charge>
    </ei-ms-peak>
    <ei-ms-peak>
      <ei-ms-id>37</ei-ms-id>
      <id>4099</id>
      <intensity>585.0</intensity>
      <mass-charge>328.0</mass-charge>
    </ei-ms-peak>
    <ei-ms-peak>
      <ei-ms-id>37</ei-ms-id>
      <id>4100</id>
      <intensity>147.0</intensity>
      <mass-charge>329.0</mass-charge>
    </ei-ms-peak>
    <ei-ms-peak>
      <ei-ms-id>37</ei-ms-id>
      <id>4101</id>
      <intensity>33.0</intensity>
      <mass-charge>330.0</mass-charge>
    </ei-ms-peak>
    <ei-ms-peak>
      <ei-ms-id>37</ei-ms-id>
      <id>4102</id>
      <intensity>19.0</intensity>
      <mass-charge>331.0</mass-charge>
    </ei-ms-peak>
    <ei-ms-peak>
      <ei-ms-id>37</ei-ms-id>
      <id>4103</id>
      <intensity>6.0</intensity>
      <mass-charge>332.0</mass-charge>
    </ei-ms-peak>
    <ei-ms-peak>
      <ei-ms-id>37</ei-ms-id>
      <id>4104</id>
      <intensity>9.0</intensity>
      <mass-charge>333.0</mass-charge>
    </ei-ms-peak>
    <ei-ms-peak>
      <ei-ms-id>37</ei-ms-id>
      <id>4105</id>
      <intensity>14.0</intensity>
      <mass-charge>344.0</mass-charge>
    </ei-ms-peak>
    <ei-ms-peak>
      <ei-ms-id>37</ei-ms-id>
      <id>4106</id>
      <intensity>12.0</intensity>
      <mass-charge>345.0</mass-charge>
    </ei-ms-peak>
    <ei-ms-peak>
      <ei-ms-id>37</ei-ms-id>
      <id>4107</id>
      <intensity>164.0</intensity>
      <mass-charge>346.0</mass-charge>
    </ei-ms-peak>
    <ei-ms-peak>
      <ei-ms-id>37</ei-ms-id>
      <id>4108</id>
      <intensity>55.0</intensity>
      <mass-charge>347.0</mass-charge>
    </ei-ms-peak>
    <ei-ms-peak>
      <ei-ms-id>37</ei-ms-id>
      <id>4109</id>
      <intensity>7.0</intensity>
      <mass-charge>348.0</mass-charge>
    </ei-ms-peak>
  </ei-ms-peaks>
</ei-ms>
