<?xml version="1.0" encoding="UTF-8"?>
<ei-ms>
  <collection-date nil="true"/>
  <created-at>2014-09-20T16:27:32Z</created-at>
  <database-id>HMDB01218</database-id>
  <id>414</id>
  <inchi-key>ZYGHJZDHTFUPRJ-UHFFFAOYSA-N</inchi-key>
  <instrument-type nil="true"/>
  <molecule-id nil="true"/>
  <notes nil="true"/>
  <peak-counter>54</peak-counter>
  <sample-assessment nil="true"/>
  <sample-concentration nil="true"/>
  <sample-concentration-units nil="true"/>
  <sample-mass nil="true"/>
  <sample-mass-units nil="true"/>
  <sample-source nil="true"/>
  <solvent nil="true"/>
  <spectra-assessment nil="true"/>
  <updated-at>2014-09-20T16:27:32Z</updated-at>
  <references>
    <reference>
      <database>NIST</database>
      <database-id>91-64-5</database-id>
      <id>15286</id>
      <pubmed-id nil="true"/>
      <ref-text>NIST Mass Spec Data Center, S.E. Stein, director, "Mass Spectra" in NIST Chemistry WebBook, NIST Standard Reference Database Number 69, Eds. P.J. Linstrom and W.G. Mallard, National Institute of Standards and Technology, Gaithersburg MD, 20899, http://webbook.nist.gov, (retrieved September 6, 2014).</ref-text>
      <spectra-id>414</spectra-id>
      <spectra-type>EiMs</spectra-type>
    </reference>
  </references>
  <ei-ms-peaks>
    <ei-ms-peak>
      <ei-ms-id>414</ei-ms-id>
      <id>46161</id>
      <intensity>42.0</intensity>
      <mass-charge>25.0</mass-charge>
    </ei-ms-peak>
    <ei-ms-peak>
      <ei-ms-id>414</ei-ms-id>
      <id>46162</id>
      <intensity>250.0</intensity>
      <mass-charge>26.0</mass-charge>
    </ei-ms-peak>
    <ei-ms-peak>
      <ei-ms-id>414</ei-ms-id>
      <id>46163</id>
      <intensity>402.0</intensity>
      <mass-charge>27.0</mass-charge>
    </ei-ms-peak>
    <ei-ms-peak>
      <ei-ms-id>414</ei-ms-id>
      <id>46164</id>
      <intensity>19.0</intensity>
      <mass-charge>30.0</mass-charge>
    </ei-ms-peak>
    <ei-ms-peak>
      <ei-ms-id>414</ei-ms-id>
      <id>46165</id>
      <intensity>22.0</intensity>
      <mass-charge>31.0</mass-charge>
    </ei-ms-peak>
    <ei-ms-peak>
      <ei-ms-id>414</ei-ms-id>
      <id>46166</id>
      <intensity>66.0</intensity>
      <mass-charge>33.0</mass-charge>
    </ei-ms-peak>
    <ei-ms-peak>
      <ei-ms-id>414</ei-ms-id>
      <id>46167</id>
      <intensity>119.0</intensity>
      <mass-charge>36.0</mass-charge>
    </ei-ms-peak>
    <ei-ms-peak>
      <ei-ms-id>414</ei-ms-id>
      <id>46168</id>
      <intensity>242.0</intensity>
      <mass-charge>37.0</mass-charge>
    </ei-ms-peak>
    <ei-ms-peak>
      <ei-ms-id>414</ei-ms-id>
      <id>46169</id>
      <intensity>821.0</intensity>
      <mass-charge>38.0</mass-charge>
    </ei-ms-peak>
    <ei-ms-peak>
      <ei-ms-id>414</ei-ms-id>
      <id>46170</id>
      <intensity>1178.0</intensity>
      <mass-charge>39.0</mass-charge>
    </ei-ms-peak>
    <ei-ms-peak>
      <ei-ms-id>414</ei-ms-id>
      <id>46171</id>
      <intensity>44.0</intensity>
      <mass-charge>41.0</mass-charge>
    </ei-ms-peak>
    <ei-ms-peak>
      <ei-ms-id>414</ei-ms-id>
      <id>46172</id>
      <intensity>116.0</intensity>
      <mass-charge>43.0</mass-charge>
    </ei-ms-peak>
    <ei-ms-peak>
      <ei-ms-id>414</ei-ms-id>
      <id>46173</id>
      <intensity>494.0</intensity>
      <mass-charge>44.0</mass-charge>
    </ei-ms-peak>
    <ei-ms-peak>
      <ei-ms-id>414</ei-ms-id>
      <id>46174</id>
      <intensity>787.0</intensity>
      <mass-charge>45.0</mass-charge>
    </ei-ms-peak>
    <ei-ms-peak>
      <ei-ms-id>414</ei-ms-id>
      <id>46175</id>
      <intensity>72.0</intensity>
      <mass-charge>46.0</mass-charge>
    </ei-ms-peak>
    <ei-ms-peak>
      <ei-ms-id>414</ei-ms-id>
      <id>46176</id>
      <intensity>83.0</intensity>
      <mass-charge>49.0</mass-charge>
    </ei-ms-peak>
    <ei-ms-peak>
      <ei-ms-id>414</ei-ms-id>
      <id>46177</id>
      <intensity>905.0</intensity>
      <mass-charge>50.0</mass-charge>
    </ei-ms-peak>
    <ei-ms-peak>
      <ei-ms-id>414</ei-ms-id>
      <id>46178</id>
      <intensity>970.0</intensity>
      <mass-charge>51.0</mass-charge>
    </ei-ms-peak>
    <ei-ms-peak>
      <ei-ms-id>414</ei-ms-id>
      <id>46179</id>
      <intensity>26.0</intensity>
      <mass-charge>52.0</mass-charge>
    </ei-ms-peak>
    <ei-ms-peak>
      <ei-ms-id>414</ei-ms-id>
      <id>46180</id>
      <intensity>250.0</intensity>
      <mass-charge>53.0</mass-charge>
    </ei-ms-peak>
    <ei-ms-peak>
      <ei-ms-id>414</ei-ms-id>
      <id>46181</id>
      <intensity>69.0</intensity>
      <mass-charge>55.0</mass-charge>
    </ei-ms-peak>
    <ei-ms-peak>
      <ei-ms-id>414</ei-ms-id>
      <id>46182</id>
      <intensity>19.0</intensity>
      <mass-charge>57.0</mass-charge>
    </ei-ms-peak>
    <ei-ms-peak>
      <ei-ms-id>414</ei-ms-id>
      <id>46183</id>
      <intensity>958.0</intensity>
      <mass-charge>59.0</mass-charge>
    </ei-ms-peak>
    <ei-ms-peak>
      <ei-ms-id>414</ei-ms-id>
      <id>46184</id>
      <intensity>26.0</intensity>
      <mass-charge>60.0</mass-charge>
    </ei-ms-peak>
    <ei-ms-peak>
      <ei-ms-id>414</ei-ms-id>
      <id>46185</id>
      <intensity>489.0</intensity>
      <mass-charge>61.0</mass-charge>
    </ei-ms-peak>
    <ei-ms-peak>
      <ei-ms-id>414</ei-ms-id>
      <id>46186</id>
      <intensity>946.0</intensity>
      <mass-charge>62.0</mass-charge>
    </ei-ms-peak>
    <ei-ms-peak>
      <ei-ms-id>414</ei-ms-id>
      <id>46187</id>
      <intensity>2866.0</intensity>
      <mass-charge>63.0</mass-charge>
    </ei-ms-peak>
    <ei-ms-peak>
      <ei-ms-id>414</ei-ms-id>
      <id>46188</id>
      <intensity>850.0</intensity>
      <mass-charge>64.0</mass-charge>
    </ei-ms-peak>
    <ei-ms-peak>
      <ei-ms-id>414</ei-ms-id>
      <id>46189</id>
      <intensity>66.0</intensity>
      <mass-charge>65.0</mass-charge>
    </ei-ms-peak>
    <ei-ms-peak>
      <ei-ms-id>414</ei-ms-id>
      <id>46190</id>
      <intensity>20.0</intensity>
      <mass-charge>69.0</mass-charge>
    </ei-ms-peak>
    <ei-ms-peak>
      <ei-ms-id>414</ei-ms-id>
      <id>46191</id>
      <intensity>37.0</intensity>
      <mass-charge>70.0</mass-charge>
    </ei-ms-peak>
    <ei-ms-peak>
      <ei-ms-id>414</ei-ms-id>
      <id>46192</id>
      <intensity>216.0</intensity>
      <mass-charge>73.0</mass-charge>
    </ei-ms-peak>
    <ei-ms-peak>
      <ei-ms-id>414</ei-ms-id>
      <id>46193</id>
      <intensity>272.0</intensity>
      <mass-charge>74.0</mass-charge>
    </ei-ms-peak>
    <ei-ms-peak>
      <ei-ms-id>414</ei-ms-id>
      <id>46194</id>
      <intensity>232.0</intensity>
      <mass-charge>75.0</mass-charge>
    </ei-ms-peak>
    <ei-ms-peak>
      <ei-ms-id>414</ei-ms-id>
      <id>46195</id>
      <intensity>103.0</intensity>
      <mass-charge>76.0</mass-charge>
    </ei-ms-peak>
    <ei-ms-peak>
      <ei-ms-id>414</ei-ms-id>
      <id>46196</id>
      <intensity>70.0</intensity>
      <mass-charge>77.0</mass-charge>
    </ei-ms-peak>
    <ei-ms-peak>
      <ei-ms-id>414</ei-ms-id>
      <id>46197</id>
      <intensity>41.0</intensity>
      <mass-charge>84.0</mass-charge>
    </ei-ms-peak>
    <ei-ms-peak>
      <ei-ms-id>414</ei-ms-id>
      <id>46198</id>
      <intensity>77.0</intensity>
      <mass-charge>85.0</mass-charge>
    </ei-ms-peak>
    <ei-ms-peak>
      <ei-ms-id>414</ei-ms-id>
      <id>46199</id>
      <intensity>118.0</intensity>
      <mass-charge>86.0</mass-charge>
    </ei-ms-peak>
    <ei-ms-peak>
      <ei-ms-id>414</ei-ms-id>
      <id>46200</id>
      <intensity>94.0</intensity>
      <mass-charge>87.0</mass-charge>
    </ei-ms-peak>
    <ei-ms-peak>
      <ei-ms-id>414</ei-ms-id>
      <id>46201</id>
      <intensity>103.0</intensity>
      <mass-charge>88.0</mass-charge>
    </ei-ms-peak>
    <ei-ms-peak>
      <ei-ms-id>414</ei-ms-id>
      <id>46202</id>
      <intensity>2758.0</intensity>
      <mass-charge>89.0</mass-charge>
    </ei-ms-peak>
    <ei-ms-peak>
      <ei-ms-id>414</ei-ms-id>
      <id>46203</id>
      <intensity>3173.0</intensity>
      <mass-charge>90.0</mass-charge>
    </ei-ms-peak>
    <ei-ms-peak>
      <ei-ms-id>414</ei-ms-id>
      <id>46204</id>
      <intensity>291.0</intensity>
      <mass-charge>91.0</mass-charge>
    </ei-ms-peak>
    <ei-ms-peak>
      <ei-ms-id>414</ei-ms-id>
      <id>46205</id>
      <intensity>215.0</intensity>
      <mass-charge>92.0</mass-charge>
    </ei-ms-peak>
    <ei-ms-peak>
      <ei-ms-id>414</ei-ms-id>
      <id>46206</id>
      <intensity>25.0</intensity>
      <mass-charge>98.0</mass-charge>
    </ei-ms-peak>
    <ei-ms-peak>
      <ei-ms-id>414</ei-ms-id>
      <id>46207</id>
      <intensity>39.0</intensity>
      <mass-charge>101.0</mass-charge>
    </ei-ms-peak>
    <ei-ms-peak>
      <ei-ms-id>414</ei-ms-id>
      <id>46208</id>
      <intensity>24.0</intensity>
      <mass-charge>106.0</mass-charge>
    </ei-ms-peak>
    <ei-ms-peak>
      <ei-ms-id>414</ei-ms-id>
      <id>46209</id>
      <intensity>5944.0</intensity>
      <mass-charge>118.0</mass-charge>
    </ei-ms-peak>
    <ei-ms-peak>
      <ei-ms-id>414</ei-ms-id>
      <id>46210</id>
      <intensity>487.0</intensity>
      <mass-charge>119.0</mass-charge>
    </ei-ms-peak>
    <ei-ms-peak>
      <ei-ms-id>414</ei-ms-id>
      <id>46211</id>
      <intensity>45.0</intensity>
      <mass-charge>120.0</mass-charge>
    </ei-ms-peak>
    <ei-ms-peak>
      <ei-ms-id>414</ei-ms-id>
      <id>46212</id>
      <intensity>9999.0</intensity>
      <mass-charge>146.0</mass-charge>
    </ei-ms-peak>
    <ei-ms-peak>
      <ei-ms-id>414</ei-ms-id>
      <id>46213</id>
      <intensity>803.0</intensity>
      <mass-charge>147.0</mass-charge>
    </ei-ms-peak>
    <ei-ms-peak>
      <ei-ms-id>414</ei-ms-id>
      <id>46214</id>
      <intensity>72.0</intensity>
      <mass-charge>148.0</mass-charge>
    </ei-ms-peak>
  </ei-ms-peaks>
</ei-ms>
