<?xml version="1.0" encoding="UTF-8"?>
<ei-ms>
  <collection-date nil="true"/>
  <created-at>2014-09-20T16:27:43Z</created-at>
  <database-id>HMDB15444</database-id>
  <id>422</id>
  <inchi-key>UYXAWHWODHRRMR-UHFFFAOYSA-N</inchi-key>
  <instrument-type nil="true"/>
  <molecule-id nil="true"/>
  <notes nil="true"/>
  <peak-counter>152</peak-counter>
  <sample-assessment nil="true"/>
  <sample-concentration nil="true"/>
  <sample-concentration-units nil="true"/>
  <sample-mass nil="true"/>
  <sample-mass-units nil="true"/>
  <sample-source nil="true"/>
  <solvent nil="true"/>
  <spectra-assessment nil="true"/>
  <updated-at>2014-09-20T16:27:43Z</updated-at>
  <references>
    <reference>
      <database>NIST</database>
      <database-id>56-29-1</database-id>
      <id>15294</id>
      <pubmed-id nil="true"/>
      <ref-text>NIST Mass Spec Data Center, S.E. Stein, director, "Mass Spectra" in NIST Chemistry WebBook, NIST Standard Reference Database Number 69, Eds. P.J. Linstrom and W.G. Mallard, National Institute of Standards and Technology, Gaithersburg MD, 20899, http://webbook.nist.gov, (retrieved September 6, 2014).</ref-text>
      <spectra-id>422</spectra-id>
      <spectra-type>EiMs</spectra-type>
    </reference>
  </references>
  <ei-ms-peaks>
    <ei-ms-peak>
      <ei-ms-id>422</ei-ms-id>
      <id>47097</id>
      <intensity>41.0</intensity>
      <mass-charge>12.0</mass-charge>
    </ei-ms-peak>
    <ei-ms-peak>
      <ei-ms-id>422</ei-ms-id>
      <id>47098</id>
      <intensity>41.0</intensity>
      <mass-charge>14.0</mass-charge>
    </ei-ms-peak>
    <ei-ms-peak>
      <ei-ms-id>422</ei-ms-id>
      <id>47099</id>
      <intensity>676.0</intensity>
      <mass-charge>15.0</mass-charge>
    </ei-ms-peak>
    <ei-ms-peak>
      <ei-ms-id>422</ei-ms-id>
      <id>47100</id>
      <intensity>71.0</intensity>
      <mass-charge>16.0</mass-charge>
    </ei-ms-peak>
    <ei-ms-peak>
      <ei-ms-id>422</ei-ms-id>
      <id>47101</id>
      <intensity>117.0</intensity>
      <mass-charge>17.0</mass-charge>
    </ei-ms-peak>
    <ei-ms-peak>
      <ei-ms-id>422</ei-ms-id>
      <id>47102</id>
      <intensity>259.0</intensity>
      <mass-charge>18.0</mass-charge>
    </ei-ms-peak>
    <ei-ms-peak>
      <ei-ms-id>422</ei-ms-id>
      <id>47103</id>
      <intensity>254.0</intensity>
      <mass-charge>26.0</mass-charge>
    </ei-ms-peak>
    <ei-ms-peak>
      <ei-ms-id>422</ei-ms-id>
      <id>47104</id>
      <intensity>2119.0</intensity>
      <mass-charge>27.0</mass-charge>
    </ei-ms-peak>
    <ei-ms-peak>
      <ei-ms-id>422</ei-ms-id>
      <id>47105</id>
      <intensity>1331.0</intensity>
      <mass-charge>28.0</mass-charge>
    </ei-ms-peak>
    <ei-ms-peak>
      <ei-ms-id>422</ei-ms-id>
      <id>47106</id>
      <intensity>1275.0</intensity>
      <mass-charge>29.0</mass-charge>
    </ei-ms-peak>
    <ei-ms-peak>
      <ei-ms-id>422</ei-ms-id>
      <id>47107</id>
      <intensity>295.0</intensity>
      <mass-charge>30.0</mass-charge>
    </ei-ms-peak>
    <ei-ms-peak>
      <ei-ms-id>422</ei-ms-id>
      <id>47108</id>
      <intensity>183.0</intensity>
      <mass-charge>31.0</mass-charge>
    </ei-ms-peak>
    <ei-ms-peak>
      <ei-ms-id>422</ei-ms-id>
      <id>47109</id>
      <intensity>56.0</intensity>
      <mass-charge>32.0</mass-charge>
    </ei-ms-peak>
    <ei-ms-peak>
      <ei-ms-id>422</ei-ms-id>
      <id>47110</id>
      <intensity>61.0</intensity>
      <mass-charge>37.0</mass-charge>
    </ei-ms-peak>
    <ei-ms-peak>
      <ei-ms-id>422</ei-ms-id>
      <id>47111</id>
      <intensity>142.0</intensity>
      <mass-charge>38.0</mass-charge>
    </ei-ms-peak>
    <ei-ms-peak>
      <ei-ms-id>422</ei-ms-id>
      <id>47112</id>
      <intensity>3038.0</intensity>
      <mass-charge>39.0</mass-charge>
    </ei-ms-peak>
    <ei-ms-peak>
      <ei-ms-id>422</ei-ms-id>
      <id>47113</id>
      <intensity>671.0</intensity>
      <mass-charge>40.0</mass-charge>
    </ei-ms-peak>
    <ei-ms-peak>
      <ei-ms-id>422</ei-ms-id>
      <id>47114</id>
      <intensity>2805.0</intensity>
      <mass-charge>41.0</mass-charge>
    </ei-ms-peak>
    <ei-ms-peak>
      <ei-ms-id>422</ei-ms-id>
      <id>47115</id>
      <intensity>721.0</intensity>
      <mass-charge>42.0</mass-charge>
    </ei-ms-peak>
    <ei-ms-peak>
      <ei-ms-id>422</ei-ms-id>
      <id>47116</id>
      <intensity>574.0</intensity>
      <mass-charge>43.0</mass-charge>
    </ei-ms-peak>
    <ei-ms-peak>
      <ei-ms-id>422</ei-ms-id>
      <id>47117</id>
      <intensity>584.0</intensity>
      <mass-charge>44.0</mass-charge>
    </ei-ms-peak>
    <ei-ms-peak>
      <ei-ms-id>422</ei-ms-id>
      <id>47118</id>
      <intensity>107.0</intensity>
      <mass-charge>45.0</mass-charge>
    </ei-ms-peak>
    <ei-ms-peak>
      <ei-ms-id>422</ei-ms-id>
      <id>47119</id>
      <intensity>381.0</intensity>
      <mass-charge>50.0</mass-charge>
    </ei-ms-peak>
    <ei-ms-peak>
      <ei-ms-id>422</ei-ms-id>
      <id>47120</id>
      <intensity>1275.0</intensity>
      <mass-charge>51.0</mass-charge>
    </ei-ms-peak>
    <ei-ms-peak>
      <ei-ms-id>422</ei-ms-id>
      <id>47121</id>
      <intensity>1067.0</intensity>
      <mass-charge>52.0</mass-charge>
    </ei-ms-peak>
    <ei-ms-peak>
      <ei-ms-id>422</ei-ms-id>
      <id>47122</id>
      <intensity>2205.0</intensity>
      <mass-charge>53.0</mass-charge>
    </ei-ms-peak>
    <ei-ms-peak>
      <ei-ms-id>422</ei-ms-id>
      <id>47123</id>
      <intensity>533.0</intensity>
      <mass-charge>54.0</mass-charge>
    </ei-ms-peak>
    <ei-ms-peak>
      <ei-ms-id>422</ei-ms-id>
      <id>47124</id>
      <intensity>1036.0</intensity>
      <mass-charge>55.0</mass-charge>
    </ei-ms-peak>
    <ei-ms-peak>
      <ei-ms-id>422</ei-ms-id>
      <id>47125</id>
      <intensity>772.0</intensity>
      <mass-charge>56.0</mass-charge>
    </ei-ms-peak>
    <ei-ms-peak>
      <ei-ms-id>422</ei-ms-id>
      <id>47126</id>
      <intensity>432.0</intensity>
      <mass-charge>57.0</mass-charge>
    </ei-ms-peak>
    <ei-ms-peak>
      <ei-ms-id>422</ei-ms-id>
      <id>47127</id>
      <intensity>904.0</intensity>
      <mass-charge>58.0</mass-charge>
    </ei-ms-peak>
    <ei-ms-peak>
      <ei-ms-id>422</ei-ms-id>
      <id>47128</id>
      <intensity>46.0</intensity>
      <mass-charge>59.0</mass-charge>
    </ei-ms-peak>
    <ei-ms-peak>
      <ei-ms-id>422</ei-ms-id>
      <id>47129</id>
      <intensity>86.0</intensity>
      <mass-charge>62.0</mass-charge>
    </ei-ms-peak>
    <ei-ms-peak>
      <ei-ms-id>422</ei-ms-id>
      <id>47130</id>
      <intensity>401.0</intensity>
      <mass-charge>63.0</mass-charge>
    </ei-ms-peak>
    <ei-ms-peak>
      <ei-ms-id>422</ei-ms-id>
      <id>47131</id>
      <intensity>142.0</intensity>
      <mass-charge>64.0</mass-charge>
    </ei-ms-peak>
    <ei-ms-peak>
      <ei-ms-id>422</ei-ms-id>
      <id>47132</id>
      <intensity>1743.0</intensity>
      <mass-charge>65.0</mass-charge>
    </ei-ms-peak>
    <ei-ms-peak>
      <ei-ms-id>422</ei-ms-id>
      <id>47133</id>
      <intensity>737.0</intensity>
      <mass-charge>66.0</mass-charge>
    </ei-ms-peak>
    <ei-ms-peak>
      <ei-ms-id>422</ei-ms-id>
      <id>47134</id>
      <intensity>1748.0</intensity>
      <mass-charge>67.0</mass-charge>
    </ei-ms-peak>
    <ei-ms-peak>
      <ei-ms-id>422</ei-ms-id>
      <id>47135</id>
      <intensity>320.0</intensity>
      <mass-charge>68.0</mass-charge>
    </ei-ms-peak>
    <ei-ms-peak>
      <ei-ms-id>422</ei-ms-id>
      <id>47136</id>
      <intensity>163.0</intensity>
      <mass-charge>69.0</mass-charge>
    </ei-ms-peak>
    <ei-ms-peak>
      <ei-ms-id>422</ei-ms-id>
      <id>47137</id>
      <intensity>376.0</intensity>
      <mass-charge>70.0</mass-charge>
    </ei-ms-peak>
    <ei-ms-peak>
      <ei-ms-id>422</ei-ms-id>
      <id>47138</id>
      <intensity>300.0</intensity>
      <mass-charge>71.0</mass-charge>
    </ei-ms-peak>
    <ei-ms-peak>
      <ei-ms-id>422</ei-ms-id>
      <id>47139</id>
      <intensity>76.0</intensity>
      <mass-charge>72.0</mass-charge>
    </ei-ms-peak>
    <ei-ms-peak>
      <ei-ms-id>422</ei-ms-id>
      <id>47140</id>
      <intensity>36.0</intensity>
      <mass-charge>73.0</mass-charge>
    </ei-ms-peak>
    <ei-ms-peak>
      <ei-ms-id>422</ei-ms-id>
      <id>47141</id>
      <intensity>46.0</intensity>
      <mass-charge>74.0</mass-charge>
    </ei-ms-peak>
    <ei-ms-peak>
      <ei-ms-id>422</ei-ms-id>
      <id>47142</id>
      <intensity>91.0</intensity>
      <mass-charge>75.0</mass-charge>
    </ei-ms-peak>
    <ei-ms-peak>
      <ei-ms-id>422</ei-ms-id>
      <id>47143</id>
      <intensity>2967.0</intensity>
      <mass-charge>77.0</mass-charge>
    </ei-ms-peak>
    <ei-ms-peak>
      <ei-ms-id>422</ei-ms-id>
      <id>47144</id>
      <intensity>737.0</intensity>
      <mass-charge>78.0</mass-charge>
    </ei-ms-peak>
    <ei-ms-peak>
      <ei-ms-id>422</ei-ms-id>
      <id>47145</id>
      <intensity>5020.0</intensity>
      <mass-charge>79.0</mass-charge>
    </ei-ms-peak>
    <ei-ms-peak>
      <ei-ms-id>422</ei-ms-id>
      <id>47146</id>
      <intensity>3404.0</intensity>
      <mass-charge>80.0</mass-charge>
    </ei-ms-peak>
    <ei-ms-peak>
      <ei-ms-id>422</ei-ms-id>
      <id>47147</id>
      <intensity>6869.0</intensity>
      <mass-charge>81.0</mass-charge>
    </ei-ms-peak>
    <ei-ms-peak>
      <ei-ms-id>422</ei-ms-id>
      <id>47148</id>
      <intensity>615.0</intensity>
      <mass-charge>82.0</mass-charge>
    </ei-ms-peak>
    <ei-ms-peak>
      <ei-ms-id>422</ei-ms-id>
      <id>47149</id>
      <intensity>737.0</intensity>
      <mass-charge>83.0</mass-charge>
    </ei-ms-peak>
    <ei-ms-peak>
      <ei-ms-id>422</ei-ms-id>
      <id>47150</id>
      <intensity>208.0</intensity>
      <mass-charge>84.0</mass-charge>
    </ei-ms-peak>
    <ei-ms-peak>
      <ei-ms-id>422</ei-ms-id>
      <id>47151</id>
      <intensity>188.0</intensity>
      <mass-charge>85.0</mass-charge>
    </ei-ms-peak>
    <ei-ms-peak>
      <ei-ms-id>422</ei-ms-id>
      <id>47152</id>
      <intensity>71.0</intensity>
      <mass-charge>86.0</mass-charge>
    </ei-ms-peak>
    <ei-ms-peak>
      <ei-ms-id>422</ei-ms-id>
      <id>47153</id>
      <intensity>117.0</intensity>
      <mass-charge>89.0</mass-charge>
    </ei-ms-peak>
    <ei-ms-peak>
      <ei-ms-id>422</ei-ms-id>
      <id>47154</id>
      <intensity>71.0</intensity>
      <mass-charge>90.0</mass-charge>
    </ei-ms-peak>
    <ei-ms-peak>
      <ei-ms-id>422</ei-ms-id>
      <id>47155</id>
      <intensity>2703.0</intensity>
      <mass-charge>91.0</mass-charge>
    </ei-ms-peak>
    <ei-ms-peak>
      <ei-ms-id>422</ei-ms-id>
      <id>47156</id>
      <intensity>432.0</intensity>
      <mass-charge>92.0</mass-charge>
    </ei-ms-peak>
    <ei-ms-peak>
      <ei-ms-id>422</ei-ms-id>
      <id>47157</id>
      <intensity>1677.0</intensity>
      <mass-charge>93.0</mass-charge>
    </ei-ms-peak>
    <ei-ms-peak>
      <ei-ms-id>422</ei-ms-id>
      <id>47158</id>
      <intensity>589.0</intensity>
      <mass-charge>94.0</mass-charge>
    </ei-ms-peak>
    <ei-ms-peak>
      <ei-ms-id>422</ei-ms-id>
      <id>47159</id>
      <intensity>427.0</intensity>
      <mass-charge>95.0</mass-charge>
    </ei-ms-peak>
    <ei-ms-peak>
      <ei-ms-id>422</ei-ms-id>
      <id>47160</id>
      <intensity>340.0</intensity>
      <mass-charge>96.0</mass-charge>
    </ei-ms-peak>
    <ei-ms-peak>
      <ei-ms-id>422</ei-ms-id>
      <id>47161</id>
      <intensity>66.0</intensity>
      <mass-charge>97.0</mass-charge>
    </ei-ms-peak>
    <ei-ms-peak>
      <ei-ms-id>422</ei-ms-id>
      <id>47162</id>
      <intensity>335.0</intensity>
      <mass-charge>98.0</mass-charge>
    </ei-ms-peak>
    <ei-ms-peak>
      <ei-ms-id>422</ei-ms-id>
      <id>47163</id>
      <intensity>208.0</intensity>
      <mass-charge>99.0</mass-charge>
    </ei-ms-peak>
    <ei-ms-peak>
      <ei-ms-id>422</ei-ms-id>
      <id>47164</id>
      <intensity>300.0</intensity>
      <mass-charge>100.0</mass-charge>
    </ei-ms-peak>
    <ei-ms-peak>
      <ei-ms-id>422</ei-ms-id>
      <id>47165</id>
      <intensity>46.0</intensity>
      <mass-charge>101.0</mass-charge>
    </ei-ms-peak>
    <ei-ms-peak>
      <ei-ms-id>422</ei-ms-id>
      <id>47166</id>
      <intensity>51.0</intensity>
      <mass-charge>102.0</mass-charge>
    </ei-ms-peak>
    <ei-ms-peak>
      <ei-ms-id>422</ei-ms-id>
      <id>47167</id>
      <intensity>239.0</intensity>
      <mass-charge>103.0</mass-charge>
    </ei-ms-peak>
    <ei-ms-peak>
      <ei-ms-id>422</ei-ms-id>
      <id>47168</id>
      <intensity>122.0</intensity>
      <mass-charge>104.0</mass-charge>
    </ei-ms-peak>
    <ei-ms-peak>
      <ei-ms-id>422</ei-ms-id>
      <id>47169</id>
      <intensity>559.0</intensity>
      <mass-charge>105.0</mass-charge>
    </ei-ms-peak>
    <ei-ms-peak>
      <ei-ms-id>422</ei-ms-id>
      <id>47170</id>
      <intensity>335.0</intensity>
      <mass-charge>106.0</mass-charge>
    </ei-ms-peak>
    <ei-ms-peak>
      <ei-ms-id>422</ei-ms-id>
      <id>47171</id>
      <intensity>671.0</intensity>
      <mass-charge>107.0</mass-charge>
    </ei-ms-peak>
    <ei-ms-peak>
      <ei-ms-id>422</ei-ms-id>
      <id>47172</id>
      <intensity>1433.0</intensity>
      <mass-charge>108.0</mass-charge>
    </ei-ms-peak>
    <ei-ms-peak>
      <ei-ms-id>422</ei-ms-id>
      <id>47173</id>
      <intensity>269.0</intensity>
      <mass-charge>109.0</mass-charge>
    </ei-ms-peak>
    <ei-ms-peak>
      <ei-ms-id>422</ei-ms-id>
      <id>47174</id>
      <intensity>183.0</intensity>
      <mass-charge>110.0</mass-charge>
    </ei-ms-peak>
    <ei-ms-peak>
      <ei-ms-id>422</ei-ms-id>
      <id>47175</id>
      <intensity>56.0</intensity>
      <mass-charge>111.0</mass-charge>
    </ei-ms-peak>
    <ei-ms-peak>
      <ei-ms-id>422</ei-ms-id>
      <id>47176</id>
      <intensity>305.0</intensity>
      <mass-charge>112.0</mass-charge>
    </ei-ms-peak>
    <ei-ms-peak>
      <ei-ms-id>422</ei-ms-id>
      <id>47177</id>
      <intensity>188.0</intensity>
      <mass-charge>113.0</mass-charge>
    </ei-ms-peak>
    <ei-ms-peak>
      <ei-ms-id>422</ei-ms-id>
      <id>47178</id>
      <intensity>97.0</intensity>
      <mass-charge>114.0</mass-charge>
    </ei-ms-peak>
    <ei-ms-peak>
      <ei-ms-id>422</ei-ms-id>
      <id>47179</id>
      <intensity>61.0</intensity>
      <mass-charge>115.0</mass-charge>
    </ei-ms-peak>
    <ei-ms-peak>
      <ei-ms-id>422</ei-ms-id>
      <id>47180</id>
      <intensity>51.0</intensity>
      <mass-charge>116.0</mass-charge>
    </ei-ms-peak>
    <ei-ms-peak>
      <ei-ms-id>422</ei-ms-id>
      <id>47181</id>
      <intensity>122.0</intensity>
      <mass-charge>117.0</mass-charge>
    </ei-ms-peak>
    <ei-ms-peak>
      <ei-ms-id>422</ei-ms-id>
      <id>47182</id>
      <intensity>168.0</intensity>
      <mass-charge>118.0</mass-charge>
    </ei-ms-peak>
    <ei-ms-peak>
      <ei-ms-id>422</ei-ms-id>
      <id>47183</id>
      <intensity>183.0</intensity>
      <mass-charge>119.0</mass-charge>
    </ei-ms-peak>
    <ei-ms-peak>
      <ei-ms-id>422</ei-ms-id>
      <id>47184</id>
      <intensity>142.0</intensity>
      <mass-charge>120.0</mass-charge>
    </ei-ms-peak>
    <ei-ms-peak>
      <ei-ms-id>422</ei-ms-id>
      <id>47185</id>
      <intensity>625.0</intensity>
      <mass-charge>121.0</mass-charge>
    </ei-ms-peak>
    <ei-ms-peak>
      <ei-ms-id>422</ei-ms-id>
      <id>47186</id>
      <intensity>569.0</intensity>
      <mass-charge>122.0</mass-charge>
    </ei-ms-peak>
    <ei-ms-peak>
      <ei-ms-id>422</ei-ms-id>
      <id>47187</id>
      <intensity>1133.0</intensity>
      <mass-charge>123.0</mass-charge>
    </ei-ms-peak>
    <ei-ms-peak>
      <ei-ms-id>422</ei-ms-id>
      <id>47188</id>
      <intensity>203.0</intensity>
      <mass-charge>124.0</mass-charge>
    </ei-ms-peak>
    <ei-ms-peak>
      <ei-ms-id>422</ei-ms-id>
      <id>47189</id>
      <intensity>41.0</intensity>
      <mass-charge>125.0</mass-charge>
    </ei-ms-peak>
    <ei-ms-peak>
      <ei-ms-id>422</ei-ms-id>
      <id>47190</id>
      <intensity>41.0</intensity>
      <mass-charge>126.0</mass-charge>
    </ei-ms-peak>
    <ei-ms-peak>
      <ei-ms-id>422</ei-ms-id>
      <id>47191</id>
      <intensity>76.0</intensity>
      <mass-charge>127.0</mass-charge>
    </ei-ms-peak>
    <ei-ms-peak>
      <ei-ms-id>422</ei-ms-id>
      <id>47192</id>
      <intensity>391.0</intensity>
      <mass-charge>128.0</mass-charge>
    </ei-ms-peak>
    <ei-ms-peak>
      <ei-ms-id>422</ei-ms-id>
      <id>47193</id>
      <intensity>198.0</intensity>
      <mass-charge>129.0</mass-charge>
    </ei-ms-peak>
    <ei-ms-peak>
      <ei-ms-id>422</ei-ms-id>
      <id>47194</id>
      <intensity>61.0</intensity>
      <mass-charge>130.0</mass-charge>
    </ei-ms-peak>
    <ei-ms-peak>
      <ei-ms-id>422</ei-ms-id>
      <id>47195</id>
      <intensity>25.0</intensity>
      <mass-charge>131.0</mass-charge>
    </ei-ms-peak>
    <ei-ms-peak>
      <ei-ms-id>422</ei-ms-id>
      <id>47196</id>
      <intensity>137.0</intensity>
      <mass-charge>132.0</mass-charge>
    </ei-ms-peak>
    <ei-ms-peak>
      <ei-ms-id>422</ei-ms-id>
      <id>47197</id>
      <intensity>152.0</intensity>
      <mass-charge>133.0</mass-charge>
    </ei-ms-peak>
    <ei-ms-peak>
      <ei-ms-id>422</ei-ms-id>
      <id>47198</id>
      <intensity>290.0</intensity>
      <mass-charge>134.0</mass-charge>
    </ei-ms-peak>
    <ei-ms-peak>
      <ei-ms-id>422</ei-ms-id>
      <id>47199</id>
      <intensity>417.0</intensity>
      <mass-charge>135.0</mass-charge>
    </ei-ms-peak>
    <ei-ms-peak>
      <ei-ms-id>422</ei-ms-id>
      <id>47200</id>
      <intensity>716.0</intensity>
      <mass-charge>136.0</mass-charge>
    </ei-ms-peak>
    <ei-ms-peak>
      <ei-ms-id>422</ei-ms-id>
      <id>47201</id>
      <intensity>462.0</intensity>
      <mass-charge>137.0</mass-charge>
    </ei-ms-peak>
    <ei-ms-peak>
      <ei-ms-id>422</ei-ms-id>
      <id>47202</id>
      <intensity>61.0</intensity>
      <mass-charge>138.0</mass-charge>
    </ei-ms-peak>
    <ei-ms-peak>
      <ei-ms-id>422</ei-ms-id>
      <id>47203</id>
      <intensity>36.0</intensity>
      <mass-charge>139.0</mass-charge>
    </ei-ms-peak>
    <ei-ms-peak>
      <ei-ms-id>422</ei-ms-id>
      <id>47204</id>
      <intensity>97.0</intensity>
      <mass-charge>140.0</mass-charge>
    </ei-ms-peak>
    <ei-ms-peak>
      <ei-ms-id>422</ei-ms-id>
      <id>47205</id>
      <intensity>46.0</intensity>
      <mass-charge>141.0</mass-charge>
    </ei-ms-peak>
    <ei-ms-peak>
      <ei-ms-id>422</ei-ms-id>
      <id>47206</id>
      <intensity>41.0</intensity>
      <mass-charge>143.0</mass-charge>
    </ei-ms-peak>
    <ei-ms-peak>
      <ei-ms-id>422</ei-ms-id>
      <id>47207</id>
      <intensity>25.0</intensity>
      <mass-charge>145.0</mass-charge>
    </ei-ms-peak>
    <ei-ms-peak>
      <ei-ms-id>422</ei-ms-id>
      <id>47208</id>
      <intensity>112.0</intensity>
      <mass-charge>146.0</mass-charge>
    </ei-ms-peak>
    <ei-ms-peak>
      <ei-ms-id>422</ei-ms-id>
      <id>47209</id>
      <intensity>473.0</intensity>
      <mass-charge>147.0</mass-charge>
    </ei-ms-peak>
    <ei-ms-peak>
      <ei-ms-id>422</ei-ms-id>
      <id>47210</id>
      <intensity>122.0</intensity>
      <mass-charge>148.0</mass-charge>
    </ei-ms-peak>
    <ei-ms-peak>
      <ei-ms-id>422</ei-ms-id>
      <id>47211</id>
      <intensity>122.0</intensity>
      <mass-charge>149.0</mass-charge>
    </ei-ms-peak>
    <ei-ms-peak>
      <ei-ms-id>422</ei-ms-id>
      <id>47212</id>
      <intensity>356.0</intensity>
      <mass-charge>150.0</mass-charge>
    </ei-ms-peak>
    <ei-ms-peak>
      <ei-ms-id>422</ei-ms-id>
      <id>47213</id>
      <intensity>544.0</intensity>
      <mass-charge>151.0</mass-charge>
    </ei-ms-peak>
    <ei-ms-peak>
      <ei-ms-id>422</ei-ms-id>
      <id>47214</id>
      <intensity>81.0</intensity>
      <mass-charge>152.0</mass-charge>
    </ei-ms-peak>
    <ei-ms-peak>
      <ei-ms-id>422</ei-ms-id>
      <id>47215</id>
      <intensity>61.0</intensity>
      <mass-charge>153.0</mass-charge>
    </ei-ms-peak>
    <ei-ms-peak>
      <ei-ms-id>422</ei-ms-id>
      <id>47216</id>
      <intensity>3282.0</intensity>
      <mass-charge>155.0</mass-charge>
    </ei-ms-peak>
    <ei-ms-peak>
      <ei-ms-id>422</ei-ms-id>
      <id>47217</id>
      <intensity>899.0</intensity>
      <mass-charge>156.0</mass-charge>
    </ei-ms-peak>
    <ei-ms-peak>
      <ei-ms-id>422</ei-ms-id>
      <id>47218</id>
      <intensity>3689.0</intensity>
      <mass-charge>157.0</mass-charge>
    </ei-ms-peak>
    <ei-ms-peak>
      <ei-ms-id>422</ei-ms-id>
      <id>47219</id>
      <intensity>239.0</intensity>
      <mass-charge>158.0</mass-charge>
    </ei-ms-peak>
    <ei-ms-peak>
      <ei-ms-id>422</ei-ms-id>
      <id>47220</id>
      <intensity>41.0</intensity>
      <mass-charge>159.0</mass-charge>
    </ei-ms-peak>
    <ei-ms-peak>
      <ei-ms-id>422</ei-ms-id>
      <id>47221</id>
      <intensity>41.0</intensity>
      <mass-charge>160.0</mass-charge>
    </ei-ms-peak>
    <ei-ms-peak>
      <ei-ms-id>422</ei-ms-id>
      <id>47222</id>
      <intensity>46.0</intensity>
      <mass-charge>162.0</mass-charge>
    </ei-ms-peak>
    <ei-ms-peak>
      <ei-ms-id>422</ei-ms-id>
      <id>47223</id>
      <intensity>30.0</intensity>
      <mass-charge>163.0</mass-charge>
    </ei-ms-peak>
    <ei-ms-peak>
      <ei-ms-id>422</ei-ms-id>
      <id>47224</id>
      <intensity>457.0</intensity>
      <mass-charge>164.0</mass-charge>
    </ei-ms-peak>
    <ei-ms-peak>
      <ei-ms-id>422</ei-ms-id>
      <id>47225</id>
      <intensity>269.0</intensity>
      <mass-charge>165.0</mass-charge>
    </ei-ms-peak>
    <ei-ms-peak>
      <ei-ms-id>422</ei-ms-id>
      <id>47226</id>
      <intensity>25.0</intensity>
      <mass-charge>166.0</mass-charge>
    </ei-ms-peak>
    <ei-ms-peak>
      <ei-ms-id>422</ei-ms-id>
      <id>47227</id>
      <intensity>41.0</intensity>
      <mass-charge>167.0</mass-charge>
    </ei-ms-peak>
    <ei-ms-peak>
      <ei-ms-id>422</ei-ms-id>
      <id>47228</id>
      <intensity>30.0</intensity>
      <mass-charge>177.0</mass-charge>
    </ei-ms-peak>
    <ei-ms-peak>
      <ei-ms-id>422</ei-ms-id>
      <id>47229</id>
      <intensity>325.0</intensity>
      <mass-charge>178.0</mass-charge>
    </ei-ms-peak>
    <ei-ms-peak>
      <ei-ms-id>422</ei-ms-id>
      <id>47230</id>
      <intensity>102.0</intensity>
      <mass-charge>179.0</mass-charge>
    </ei-ms-peak>
    <ei-ms-peak>
      <ei-ms-id>422</ei-ms-id>
      <id>47231</id>
      <intensity>30.0</intensity>
      <mass-charge>180.0</mass-charge>
    </ei-ms-peak>
    <ei-ms-peak>
      <ei-ms-id>422</ei-ms-id>
      <id>47232</id>
      <intensity>56.0</intensity>
      <mass-charge>190.0</mass-charge>
    </ei-ms-peak>
    <ei-ms-peak>
      <ei-ms-id>422</ei-ms-id>
      <id>47233</id>
      <intensity>30.0</intensity>
      <mass-charge>191.0</mass-charge>
    </ei-ms-peak>
    <ei-ms-peak>
      <ei-ms-id>422</ei-ms-id>
      <id>47234</id>
      <intensity>36.0</intensity>
      <mass-charge>192.0</mass-charge>
    </ei-ms-peak>
    <ei-ms-peak>
      <ei-ms-id>422</ei-ms-id>
      <id>47235</id>
      <intensity>234.0</intensity>
      <mass-charge>193.0</mass-charge>
    </ei-ms-peak>
    <ei-ms-peak>
      <ei-ms-id>422</ei-ms-id>
      <id>47236</id>
      <intensity>30.0</intensity>
      <mass-charge>194.0</mass-charge>
    </ei-ms-peak>
    <ei-ms-peak>
      <ei-ms-id>422</ei-ms-id>
      <id>47237</id>
      <intensity>25.0</intensity>
      <mass-charge>203.0</mass-charge>
    </ei-ms-peak>
    <ei-ms-peak>
      <ei-ms-id>422</ei-ms-id>
      <id>47238</id>
      <intensity>20.0</intensity>
      <mass-charge>207.0</mass-charge>
    </ei-ms-peak>
    <ei-ms-peak>
      <ei-ms-id>422</ei-ms-id>
      <id>47239</id>
      <intensity>41.0</intensity>
      <mass-charge>208.0</mass-charge>
    </ei-ms-peak>
    <ei-ms-peak>
      <ei-ms-id>422</ei-ms-id>
      <id>47240</id>
      <intensity>36.0</intensity>
      <mass-charge>217.0</mass-charge>
    </ei-ms-peak>
    <ei-ms-peak>
      <ei-ms-id>422</ei-ms-id>
      <id>47241</id>
      <intensity>36.0</intensity>
      <mass-charge>218.0</mass-charge>
    </ei-ms-peak>
    <ei-ms-peak>
      <ei-ms-id>422</ei-ms-id>
      <id>47242</id>
      <intensity>41.0</intensity>
      <mass-charge>219.0</mass-charge>
    </ei-ms-peak>
    <ei-ms-peak>
      <ei-ms-id>422</ei-ms-id>
      <id>47243</id>
      <intensity>9999.0</intensity>
      <mass-charge>221.0</mass-charge>
    </ei-ms-peak>
    <ei-ms-peak>
      <ei-ms-id>422</ei-ms-id>
      <id>47244</id>
      <intensity>1219.0</intensity>
      <mass-charge>222.0</mass-charge>
    </ei-ms-peak>
    <ei-ms-peak>
      <ei-ms-id>422</ei-ms-id>
      <id>47245</id>
      <intensity>142.0</intensity>
      <mass-charge>223.0</mass-charge>
    </ei-ms-peak>
    <ei-ms-peak>
      <ei-ms-id>422</ei-ms-id>
      <id>47246</id>
      <intensity>615.0</intensity>
      <mass-charge>236.0</mass-charge>
    </ei-ms-peak>
    <ei-ms-peak>
      <ei-ms-id>422</ei-ms-id>
      <id>47247</id>
      <intensity>91.0</intensity>
      <mass-charge>237.0</mass-charge>
    </ei-ms-peak>
    <ei-ms-peak>
      <ei-ms-id>422</ei-ms-id>
      <id>47248</id>
      <intensity>10.0</intensity>
      <mass-charge>238.0</mass-charge>
    </ei-ms-peak>
  </ei-ms-peaks>
</ei-ms>
