<?xml version="1.0" encoding="UTF-8"?>
<ei-ms>
  <collection-date nil="true"/>
  <created-at>2014-09-20T16:22:09Z</created-at>
  <database-id>HMDB15068</database-id>
  <id>193</id>
  <inchi-key>SLVMESMUVMCQIY-UHFFFAOYSA-N</inchi-key>
  <instrument-type nil="true"/>
  <molecule-id nil="true"/>
  <notes nil="true"/>
  <peak-counter>190</peak-counter>
  <sample-assessment nil="true"/>
  <sample-concentration nil="true"/>
  <sample-concentration-units nil="true"/>
  <sample-mass nil="true"/>
  <sample-mass-units nil="true"/>
  <sample-source nil="true"/>
  <solvent nil="true"/>
  <spectra-assessment nil="true"/>
  <updated-at>2014-09-20T16:22:09Z</updated-at>
  <references>
    <reference>
      <database>NIST</database>
      <database-id>5588-33-0</database-id>
      <id>15065</id>
      <pubmed-id nil="true"/>
      <ref-text>NIST Mass Spec Data Center, S.E. Stein, director, "Mass Spectra" in NIST Chemistry WebBook, NIST Standard Reference Database Number 69, Eds. P.J. Linstrom and W.G. Mallard, National Institute of Standards and Technology, Gaithersburg MD, 20899, http://webbook.nist.gov, (retrieved September 6, 2014).</ref-text>
      <spectra-id>193</spectra-id>
      <spectra-type>EiMs</spectra-type>
    </reference>
  </references>
  <ei-ms-peaks>
    <ei-ms-peak>
      <ei-ms-id>193</ei-ms-id>
      <id>22381</id>
      <intensity>80.0</intensity>
      <mass-charge>30.0</mass-charge>
    </ei-ms-peak>
    <ei-ms-peak>
      <ei-ms-id>193</ei-ms-id>
      <id>22382</id>
      <intensity>10.0</intensity>
      <mass-charge>31.0</mass-charge>
    </ei-ms-peak>
    <ei-ms-peak>
      <ei-ms-id>193</ei-ms-id>
      <id>22383</id>
      <intensity>20.0</intensity>
      <mass-charge>32.0</mass-charge>
    </ei-ms-peak>
    <ei-ms-peak>
      <ei-ms-id>193</ei-ms-id>
      <id>22384</id>
      <intensity>50.0</intensity>
      <mass-charge>37.0</mass-charge>
    </ei-ms-peak>
    <ei-ms-peak>
      <ei-ms-id>193</ei-ms-id>
      <id>22385</id>
      <intensity>90.0</intensity>
      <mass-charge>39.0</mass-charge>
    </ei-ms-peak>
    <ei-ms-peak>
      <ei-ms-id>193</ei-ms-id>
      <id>22386</id>
      <intensity>10.0</intensity>
      <mass-charge>40.0</mass-charge>
    </ei-ms-peak>
    <ei-ms-peak>
      <ei-ms-id>193</ei-ms-id>
      <id>22387</id>
      <intensity>240.0</intensity>
      <mass-charge>41.0</mass-charge>
    </ei-ms-peak>
    <ei-ms-peak>
      <ei-ms-id>193</ei-ms-id>
      <id>22388</id>
      <intensity>960.0</intensity>
      <mass-charge>42.0</mass-charge>
    </ei-ms-peak>
    <ei-ms-peak>
      <ei-ms-id>193</ei-ms-id>
      <id>22389</id>
      <intensity>110.0</intensity>
      <mass-charge>43.0</mass-charge>
    </ei-ms-peak>
    <ei-ms-peak>
      <ei-ms-id>193</ei-ms-id>
      <id>22390</id>
      <intensity>230.0</intensity>
      <mass-charge>44.0</mass-charge>
    </ei-ms-peak>
    <ei-ms-peak>
      <ei-ms-id>193</ei-ms-id>
      <id>22391</id>
      <intensity>70.0</intensity>
      <mass-charge>45.0</mass-charge>
    </ei-ms-peak>
    <ei-ms-peak>
      <ei-ms-id>193</ei-ms-id>
      <id>22392</id>
      <intensity>30.0</intensity>
      <mass-charge>46.0</mass-charge>
    </ei-ms-peak>
    <ei-ms-peak>
      <ei-ms-id>193</ei-ms-id>
      <id>22393</id>
      <intensity>30.0</intensity>
      <mass-charge>47.0</mass-charge>
    </ei-ms-peak>
    <ei-ms-peak>
      <ei-ms-id>193</ei-ms-id>
      <id>22394</id>
      <intensity>10.0</intensity>
      <mass-charge>49.0</mass-charge>
    </ei-ms-peak>
    <ei-ms-peak>
      <ei-ms-id>193</ei-ms-id>
      <id>22395</id>
      <intensity>20.0</intensity>
      <mass-charge>50.0</mass-charge>
    </ei-ms-peak>
    <ei-ms-peak>
      <ei-ms-id>193</ei-ms-id>
      <id>22396</id>
      <intensity>40.0</intensity>
      <mass-charge>53.0</mass-charge>
    </ei-ms-peak>
    <ei-ms-peak>
      <ei-ms-id>193</ei-ms-id>
      <id>22397</id>
      <intensity>60.0</intensity>
      <mass-charge>54.0</mass-charge>
    </ei-ms-peak>
    <ei-ms-peak>
      <ei-ms-id>193</ei-ms-id>
      <id>22398</id>
      <intensity>160.0</intensity>
      <mass-charge>55.0</mass-charge>
    </ei-ms-peak>
    <ei-ms-peak>
      <ei-ms-id>193</ei-ms-id>
      <id>22399</id>
      <intensity>70.0</intensity>
      <mass-charge>56.0</mass-charge>
    </ei-ms-peak>
    <ei-ms-peak>
      <ei-ms-id>193</ei-ms-id>
      <id>22400</id>
      <intensity>120.0</intensity>
      <mass-charge>57.0</mass-charge>
    </ei-ms-peak>
    <ei-ms-peak>
      <ei-ms-id>193</ei-ms-id>
      <id>22401</id>
      <intensity>110.0</intensity>
      <mass-charge>58.0</mass-charge>
    </ei-ms-peak>
    <ei-ms-peak>
      <ei-ms-id>193</ei-ms-id>
      <id>22402</id>
      <intensity>10.0</intensity>
      <mass-charge>59.0</mass-charge>
    </ei-ms-peak>
    <ei-ms-peak>
      <ei-ms-id>193</ei-ms-id>
      <id>22403</id>
      <intensity>20.0</intensity>
      <mass-charge>61.0</mass-charge>
    </ei-ms-peak>
    <ei-ms-peak>
      <ei-ms-id>193</ei-ms-id>
      <id>22404</id>
      <intensity>10.0</intensity>
      <mass-charge>62.0</mass-charge>
    </ei-ms-peak>
    <ei-ms-peak>
      <ei-ms-id>193</ei-ms-id>
      <id>22405</id>
      <intensity>60.0</intensity>
      <mass-charge>63.0</mass-charge>
    </ei-ms-peak>
    <ei-ms-peak>
      <ei-ms-id>193</ei-ms-id>
      <id>22406</id>
      <intensity>20.0</intensity>
      <mass-charge>64.0</mass-charge>
    </ei-ms-peak>
    <ei-ms-peak>
      <ei-ms-id>193</ei-ms-id>
      <id>22407</id>
      <intensity>30.0</intensity>
      <mass-charge>65.0</mass-charge>
    </ei-ms-peak>
    <ei-ms-peak>
      <ei-ms-id>193</ei-ms-id>
      <id>22408</id>
      <intensity>90.0</intensity>
      <mass-charge>67.0</mass-charge>
    </ei-ms-peak>
    <ei-ms-peak>
      <ei-ms-id>193</ei-ms-id>
      <id>22409</id>
      <intensity>230.0</intensity>
      <mass-charge>68.0</mass-charge>
    </ei-ms-peak>
    <ei-ms-peak>
      <ei-ms-id>193</ei-ms-id>
      <id>22410</id>
      <intensity>160.0</intensity>
      <mass-charge>69.0</mass-charge>
    </ei-ms-peak>
    <ei-ms-peak>
      <ei-ms-id>193</ei-ms-id>
      <id>22411</id>
      <intensity>1651.0</intensity>
      <mass-charge>70.0</mass-charge>
    </ei-ms-peak>
    <ei-ms-peak>
      <ei-ms-id>193</ei-ms-id>
      <id>22412</id>
      <intensity>110.0</intensity>
      <mass-charge>71.0</mass-charge>
    </ei-ms-peak>
    <ei-ms-peak>
      <ei-ms-id>193</ei-ms-id>
      <id>22413</id>
      <intensity>10.0</intensity>
      <mass-charge>73.0</mass-charge>
    </ei-ms-peak>
    <ei-ms-peak>
      <ei-ms-id>193</ei-ms-id>
      <id>22414</id>
      <intensity>50.0</intensity>
      <mass-charge>75.0</mass-charge>
    </ei-ms-peak>
    <ei-ms-peak>
      <ei-ms-id>193</ei-ms-id>
      <id>22415</id>
      <intensity>20.0</intensity>
      <mass-charge>76.0</mass-charge>
    </ei-ms-peak>
    <ei-ms-peak>
      <ei-ms-id>193</ei-ms-id>
      <id>22416</id>
      <intensity>60.0</intensity>
      <mass-charge>77.0</mass-charge>
    </ei-ms-peak>
    <ei-ms-peak>
      <ei-ms-id>193</ei-ms-id>
      <id>22417</id>
      <intensity>30.0</intensity>
      <mass-charge>79.0</mass-charge>
    </ei-ms-peak>
    <ei-ms-peak>
      <ei-ms-id>193</ei-ms-id>
      <id>22418</id>
      <intensity>40.0</intensity>
      <mass-charge>80.0</mass-charge>
    </ei-ms-peak>
    <ei-ms-peak>
      <ei-ms-id>193</ei-ms-id>
      <id>22419</id>
      <intensity>30.0</intensity>
      <mass-charge>81.0</mass-charge>
    </ei-ms-peak>
    <ei-ms-peak>
      <ei-ms-id>193</ei-ms-id>
      <id>22420</id>
      <intensity>160.0</intensity>
      <mass-charge>82.0</mass-charge>
    </ei-ms-peak>
    <ei-ms-peak>
      <ei-ms-id>193</ei-ms-id>
      <id>22421</id>
      <intensity>70.0</intensity>
      <mass-charge>83.0</mass-charge>
    </ei-ms-peak>
    <ei-ms-peak>
      <ei-ms-id>193</ei-ms-id>
      <id>22422</id>
      <intensity>100.0</intensity>
      <mass-charge>84.0</mass-charge>
    </ei-ms-peak>
    <ei-ms-peak>
      <ei-ms-id>193</ei-ms-id>
      <id>22423</id>
      <intensity>30.0</intensity>
      <mass-charge>86.0</mass-charge>
    </ei-ms-peak>
    <ei-ms-peak>
      <ei-ms-id>193</ei-ms-id>
      <id>22424</id>
      <intensity>10.0</intensity>
      <mass-charge>88.0</mass-charge>
    </ei-ms-peak>
    <ei-ms-peak>
      <ei-ms-id>193</ei-ms-id>
      <id>22425</id>
      <intensity>20.0</intensity>
      <mass-charge>89.0</mass-charge>
    </ei-ms-peak>
    <ei-ms-peak>
      <ei-ms-id>193</ei-ms-id>
      <id>22426</id>
      <intensity>20.0</intensity>
      <mass-charge>90.0</mass-charge>
    </ei-ms-peak>
    <ei-ms-peak>
      <ei-ms-id>193</ei-ms-id>
      <id>22427</id>
      <intensity>20.0</intensity>
      <mass-charge>91.0</mass-charge>
    </ei-ms-peak>
    <ei-ms-peak>
      <ei-ms-id>193</ei-ms-id>
      <id>22428</id>
      <intensity>10.0</intensity>
      <mass-charge>92.0</mass-charge>
    </ei-ms-peak>
    <ei-ms-peak>
      <ei-ms-id>193</ei-ms-id>
      <id>22429</id>
      <intensity>60.0</intensity>
      <mass-charge>93.0</mass-charge>
    </ei-ms-peak>
    <ei-ms-peak>
      <ei-ms-id>193</ei-ms-id>
      <id>22430</id>
      <intensity>100.0</intensity>
      <mass-charge>94.0</mass-charge>
    </ei-ms-peak>
    <ei-ms-peak>
      <ei-ms-id>193</ei-ms-id>
      <id>22431</id>
      <intensity>100.0</intensity>
      <mass-charge>95.0</mass-charge>
    </ei-ms-peak>
    <ei-ms-peak>
      <ei-ms-id>193</ei-ms-id>
      <id>22432</id>
      <intensity>390.0</intensity>
      <mass-charge>96.0</mass-charge>
    </ei-ms-peak>
    <ei-ms-peak>
      <ei-ms-id>193</ei-ms-id>
      <id>22433</id>
      <intensity>9999.0</intensity>
      <mass-charge>98.0</mass-charge>
    </ei-ms-peak>
    <ei-ms-peak>
      <ei-ms-id>193</ei-ms-id>
      <id>22434</id>
      <intensity>660.0</intensity>
      <mass-charge>99.0</mass-charge>
    </ei-ms-peak>
    <ei-ms-peak>
      <ei-ms-id>193</ei-ms-id>
      <id>22435</id>
      <intensity>20.0</intensity>
      <mass-charge>100.0</mass-charge>
    </ei-ms-peak>
    <ei-ms-peak>
      <ei-ms-id>193</ei-ms-id>
      <id>22436</id>
      <intensity>10.0</intensity>
      <mass-charge>101.0</mass-charge>
    </ei-ms-peak>
    <ei-ms-peak>
      <ei-ms-id>193</ei-ms-id>
      <id>22437</id>
      <intensity>20.0</intensity>
      <mass-charge>102.0</mass-charge>
    </ei-ms-peak>
    <ei-ms-peak>
      <ei-ms-id>193</ei-ms-id>
      <id>22438</id>
      <intensity>10.0</intensity>
      <mass-charge>103.0</mass-charge>
    </ei-ms-peak>
    <ei-ms-peak>
      <ei-ms-id>193</ei-ms-id>
      <id>22439</id>
      <intensity>50.0</intensity>
      <mass-charge>105.0</mass-charge>
    </ei-ms-peak>
    <ei-ms-peak>
      <ei-ms-id>193</ei-ms-id>
      <id>22440</id>
      <intensity>20.0</intensity>
      <mass-charge>106.0</mass-charge>
    </ei-ms-peak>
    <ei-ms-peak>
      <ei-ms-id>193</ei-ms-id>
      <id>22441</id>
      <intensity>80.0</intensity>
      <mass-charge>108.0</mass-charge>
    </ei-ms-peak>
    <ei-ms-peak>
      <ei-ms-id>193</ei-ms-id>
      <id>22442</id>
      <intensity>80.0</intensity>
      <mass-charge>109.0</mass-charge>
    </ei-ms-peak>
    <ei-ms-peak>
      <ei-ms-id>193</ei-ms-id>
      <id>22443</id>
      <intensity>90.0</intensity>
      <mass-charge>110.0</mass-charge>
    </ei-ms-peak>
    <ei-ms-peak>
      <ei-ms-id>193</ei-ms-id>
      <id>22444</id>
      <intensity>110.0</intensity>
      <mass-charge>111.0</mass-charge>
    </ei-ms-peak>
    <ei-ms-peak>
      <ei-ms-id>193</ei-ms-id>
      <id>22445</id>
      <intensity>170.0</intensity>
      <mass-charge>112.0</mass-charge>
    </ei-ms-peak>
    <ei-ms-peak>
      <ei-ms-id>193</ei-ms-id>
      <id>22446</id>
      <intensity>80.0</intensity>
      <mass-charge>114.0</mass-charge>
    </ei-ms-peak>
    <ei-ms-peak>
      <ei-ms-id>193</ei-ms-id>
      <id>22447</id>
      <intensity>40.0</intensity>
      <mass-charge>115.0</mass-charge>
    </ei-ms-peak>
    <ei-ms-peak>
      <ei-ms-id>193</ei-ms-id>
      <id>22448</id>
      <intensity>20.0</intensity>
      <mass-charge>117.0</mass-charge>
    </ei-ms-peak>
    <ei-ms-peak>
      <ei-ms-id>193</ei-ms-id>
      <id>22449</id>
      <intensity>30.0</intensity>
      <mass-charge>119.0</mass-charge>
    </ei-ms-peak>
    <ei-ms-peak>
      <ei-ms-id>193</ei-ms-id>
      <id>22450</id>
      <intensity>40.0</intensity>
      <mass-charge>120.0</mass-charge>
    </ei-ms-peak>
    <ei-ms-peak>
      <ei-ms-id>193</ei-ms-id>
      <id>22451</id>
      <intensity>90.0</intensity>
      <mass-charge>122.0</mass-charge>
    </ei-ms-peak>
    <ei-ms-peak>
      <ei-ms-id>193</ei-ms-id>
      <id>22452</id>
      <intensity>10.0</intensity>
      <mass-charge>123.0</mass-charge>
    </ei-ms-peak>
    <ei-ms-peak>
      <ei-ms-id>193</ei-ms-id>
      <id>22453</id>
      <intensity>210.0</intensity>
      <mass-charge>124.0</mass-charge>
    </ei-ms-peak>
    <ei-ms-peak>
      <ei-ms-id>193</ei-ms-id>
      <id>22454</id>
      <intensity>180.0</intensity>
      <mass-charge>125.0</mass-charge>
    </ei-ms-peak>
    <ei-ms-peak>
      <ei-ms-id>193</ei-ms-id>
      <id>22455</id>
      <intensity>730.0</intensity>
      <mass-charge>126.0</mass-charge>
    </ei-ms-peak>
    <ei-ms-peak>
      <ei-ms-id>193</ei-ms-id>
      <id>22456</id>
      <intensity>90.0</intensity>
      <mass-charge>127.0</mass-charge>
    </ei-ms-peak>
    <ei-ms-peak>
      <ei-ms-id>193</ei-ms-id>
      <id>22457</id>
      <intensity>20.0</intensity>
      <mass-charge>128.0</mass-charge>
    </ei-ms-peak>
    <ei-ms-peak>
      <ei-ms-id>193</ei-ms-id>
      <id>22458</id>
      <intensity>30.0</intensity>
      <mass-charge>136.0</mass-charge>
    </ei-ms-peak>
    <ei-ms-peak>
      <ei-ms-id>193</ei-ms-id>
      <id>22459</id>
      <intensity>30.0</intensity>
      <mass-charge>138.0</mass-charge>
    </ei-ms-peak>
    <ei-ms-peak>
      <ei-ms-id>193</ei-ms-id>
      <id>22460</id>
      <intensity>100.0</intensity>
      <mass-charge>139.0</mass-charge>
    </ei-ms-peak>
    <ei-ms-peak>
      <ei-ms-id>193</ei-ms-id>
      <id>22461</id>
      <intensity>70.0</intensity>
      <mass-charge>140.0</mass-charge>
    </ei-ms-peak>
    <ei-ms-peak>
      <ei-ms-id>193</ei-ms-id>
      <id>22462</id>
      <intensity>40.0</intensity>
      <mass-charge>141.0</mass-charge>
    </ei-ms-peak>
    <ei-ms-peak>
      <ei-ms-id>193</ei-ms-id>
      <id>22463</id>
      <intensity>40.0</intensity>
      <mass-charge>142.0</mass-charge>
    </ei-ms-peak>
    <ei-ms-peak>
      <ei-ms-id>193</ei-ms-id>
      <id>22464</id>
      <intensity>30.0</intensity>
      <mass-charge>143.0</mass-charge>
    </ei-ms-peak>
    <ei-ms-peak>
      <ei-ms-id>193</ei-ms-id>
      <id>22465</id>
      <intensity>40.0</intensity>
      <mass-charge>145.0</mass-charge>
    </ei-ms-peak>
    <ei-ms-peak>
      <ei-ms-id>193</ei-ms-id>
      <id>22466</id>
      <intensity>30.0</intensity>
      <mass-charge>146.0</mass-charge>
    </ei-ms-peak>
    <ei-ms-peak>
      <ei-ms-id>193</ei-ms-id>
      <id>22467</id>
      <intensity>30.0</intensity>
      <mass-charge>147.0</mass-charge>
    </ei-ms-peak>
    <ei-ms-peak>
      <ei-ms-id>193</ei-ms-id>
      <id>22468</id>
      <intensity>30.0</intensity>
      <mass-charge>149.0</mass-charge>
    </ei-ms-peak>
    <ei-ms-peak>
      <ei-ms-id>193</ei-ms-id>
      <id>22469</id>
      <intensity>70.0</intensity>
      <mass-charge>151.0</mass-charge>
    </ei-ms-peak>
    <ei-ms-peak>
      <ei-ms-id>193</ei-ms-id>
      <id>22470</id>
      <intensity>100.0</intensity>
      <mass-charge>152.0</mass-charge>
    </ei-ms-peak>
    <ei-ms-peak>
      <ei-ms-id>193</ei-ms-id>
      <id>22471</id>
      <intensity>180.0</intensity>
      <mass-charge>153.0</mass-charge>
    </ei-ms-peak>
    <ei-ms-peak>
      <ei-ms-id>193</ei-ms-id>
      <id>22472</id>
      <intensity>50.0</intensity>
      <mass-charge>154.0</mass-charge>
    </ei-ms-peak>
    <ei-ms-peak>
      <ei-ms-id>193</ei-ms-id>
      <id>22473</id>
      <intensity>10.0</intensity>
      <mass-charge>155.0</mass-charge>
    </ei-ms-peak>
    <ei-ms-peak>
      <ei-ms-id>193</ei-ms-id>
      <id>22474</id>
      <intensity>30.0</intensity>
      <mass-charge>158.0</mass-charge>
    </ei-ms-peak>
    <ei-ms-peak>
      <ei-ms-id>193</ei-ms-id>
      <id>22475</id>
      <intensity>40.0</intensity>
      <mass-charge>159.0</mass-charge>
    </ei-ms-peak>
    <ei-ms-peak>
      <ei-ms-id>193</ei-ms-id>
      <id>22476</id>
      <intensity>20.0</intensity>
      <mass-charge>160.0</mass-charge>
    </ei-ms-peak>
    <ei-ms-peak>
      <ei-ms-id>193</ei-ms-id>
      <id>22477</id>
      <intensity>20.0</intensity>
      <mass-charge>162.0</mass-charge>
    </ei-ms-peak>
    <ei-ms-peak>
      <ei-ms-id>193</ei-ms-id>
      <id>22478</id>
      <intensity>60.0</intensity>
      <mass-charge>164.0</mass-charge>
    </ei-ms-peak>
    <ei-ms-peak>
      <ei-ms-id>193</ei-ms-id>
      <id>22479</id>
      <intensity>40.0</intensity>
      <mass-charge>165.0</mass-charge>
    </ei-ms-peak>
    <ei-ms-peak>
      <ei-ms-id>193</ei-ms-id>
      <id>22480</id>
      <intensity>50.0</intensity>
      <mass-charge>166.0</mass-charge>
    </ei-ms-peak>
    <ei-ms-peak>
      <ei-ms-id>193</ei-ms-id>
      <id>22481</id>
      <intensity>190.0</intensity>
      <mass-charge>167.0</mass-charge>
    </ei-ms-peak>
    <ei-ms-peak>
      <ei-ms-id>193</ei-ms-id>
      <id>22482</id>
      <intensity>30.0</intensity>
      <mass-charge>168.0</mass-charge>
    </ei-ms-peak>
    <ei-ms-peak>
      <ei-ms-id>193</ei-ms-id>
      <id>22483</id>
      <intensity>60.0</intensity>
      <mass-charge>169.0</mass-charge>
    </ei-ms-peak>
    <ei-ms-peak>
      <ei-ms-id>193</ei-ms-id>
      <id>22484</id>
      <intensity>100.0</intensity>
      <mass-charge>170.0</mass-charge>
    </ei-ms-peak>
    <ei-ms-peak>
      <ei-ms-id>193</ei-ms-id>
      <id>22485</id>
      <intensity>110.0</intensity>
      <mass-charge>171.0</mass-charge>
    </ei-ms-peak>
    <ei-ms-peak>
      <ei-ms-id>193</ei-ms-id>
      <id>22486</id>
      <intensity>40.0</intensity>
      <mass-charge>172.0</mass-charge>
    </ei-ms-peak>
    <ei-ms-peak>
      <ei-ms-id>193</ei-ms-id>
      <id>22487</id>
      <intensity>10.0</intensity>
      <mass-charge>173.0</mass-charge>
    </ei-ms-peak>
    <ei-ms-peak>
      <ei-ms-id>193</ei-ms-id>
      <id>22488</id>
      <intensity>40.0</intensity>
      <mass-charge>177.0</mass-charge>
    </ei-ms-peak>
    <ei-ms-peak>
      <ei-ms-id>193</ei-ms-id>
      <id>22489</id>
      <intensity>120.0</intensity>
      <mass-charge>178.0</mass-charge>
    </ei-ms-peak>
    <ei-ms-peak>
      <ei-ms-id>193</ei-ms-id>
      <id>22490</id>
      <intensity>330.0</intensity>
      <mass-charge>179.0</mass-charge>
    </ei-ms-peak>
    <ei-ms-peak>
      <ei-ms-id>193</ei-ms-id>
      <id>22491</id>
      <intensity>100.0</intensity>
      <mass-charge>180.0</mass-charge>
    </ei-ms-peak>
    <ei-ms-peak>
      <ei-ms-id>193</ei-ms-id>
      <id>22492</id>
      <intensity>10.0</intensity>
      <mass-charge>181.0</mass-charge>
    </ei-ms-peak>
    <ei-ms-peak>
      <ei-ms-id>193</ei-ms-id>
      <id>22493</id>
      <intensity>30.0</intensity>
      <mass-charge>182.0</mass-charge>
    </ei-ms-peak>
    <ei-ms-peak>
      <ei-ms-id>193</ei-ms-id>
      <id>22494</id>
      <intensity>50.0</intensity>
      <mass-charge>183.0</mass-charge>
    </ei-ms-peak>
    <ei-ms-peak>
      <ei-ms-id>193</ei-ms-id>
      <id>22495</id>
      <intensity>100.0</intensity>
      <mass-charge>184.0</mass-charge>
    </ei-ms-peak>
    <ei-ms-peak>
      <ei-ms-id>193</ei-ms-id>
      <id>22496</id>
      <intensity>350.0</intensity>
      <mass-charge>185.0</mass-charge>
    </ei-ms-peak>
    <ei-ms-peak>
      <ei-ms-id>193</ei-ms-id>
      <id>22497</id>
      <intensity>100.0</intensity>
      <mass-charge>186.0</mass-charge>
    </ei-ms-peak>
    <ei-ms-peak>
      <ei-ms-id>193</ei-ms-id>
      <id>22498</id>
      <intensity>30.0</intensity>
      <mass-charge>187.0</mass-charge>
    </ei-ms-peak>
    <ei-ms-peak>
      <ei-ms-id>193</ei-ms-id>
      <id>22499</id>
      <intensity>30.0</intensity>
      <mass-charge>190.0</mass-charge>
    </ei-ms-peak>
    <ei-ms-peak>
      <ei-ms-id>193</ei-ms-id>
      <id>22500</id>
      <intensity>80.0</intensity>
      <mass-charge>191.0</mass-charge>
    </ei-ms-peak>
    <ei-ms-peak>
      <ei-ms-id>193</ei-ms-id>
      <id>22501</id>
      <intensity>50.0</intensity>
      <mass-charge>192.0</mass-charge>
    </ei-ms-peak>
    <ei-ms-peak>
      <ei-ms-id>193</ei-ms-id>
      <id>22502</id>
      <intensity>70.0</intensity>
      <mass-charge>193.0</mass-charge>
    </ei-ms-peak>
    <ei-ms-peak>
      <ei-ms-id>193</ei-ms-id>
      <id>22503</id>
      <intensity>10.0</intensity>
      <mass-charge>194.0</mass-charge>
    </ei-ms-peak>
    <ei-ms-peak>
      <ei-ms-id>193</ei-ms-id>
      <id>22504</id>
      <intensity>60.0</intensity>
      <mass-charge>195.0</mass-charge>
    </ei-ms-peak>
    <ei-ms-peak>
      <ei-ms-id>193</ei-ms-id>
      <id>22505</id>
      <intensity>550.0</intensity>
      <mass-charge>196.0</mass-charge>
    </ei-ms-peak>
    <ei-ms-peak>
      <ei-ms-id>193</ei-ms-id>
      <id>22506</id>
      <intensity>620.0</intensity>
      <mass-charge>197.0</mass-charge>
    </ei-ms-peak>
    <ei-ms-peak>
      <ei-ms-id>193</ei-ms-id>
      <id>22507</id>
      <intensity>260.0</intensity>
      <mass-charge>198.0</mass-charge>
    </ei-ms-peak>
    <ei-ms-peak>
      <ei-ms-id>193</ei-ms-id>
      <id>22508</id>
      <intensity>100.0</intensity>
      <mass-charge>199.0</mass-charge>
    </ei-ms-peak>
    <ei-ms-peak>
      <ei-ms-id>193</ei-ms-id>
      <id>22509</id>
      <intensity>30.0</intensity>
      <mass-charge>200.0</mass-charge>
    </ei-ms-peak>
    <ei-ms-peak>
      <ei-ms-id>193</ei-ms-id>
      <id>22510</id>
      <intensity>20.0</intensity>
      <mass-charge>201.0</mass-charge>
    </ei-ms-peak>
    <ei-ms-peak>
      <ei-ms-id>193</ei-ms-id>
      <id>22511</id>
      <intensity>20.0</intensity>
      <mass-charge>203.0</mass-charge>
    </ei-ms-peak>
    <ei-ms-peak>
      <ei-ms-id>193</ei-ms-id>
      <id>22512</id>
      <intensity>90.0</intensity>
      <mass-charge>209.0</mass-charge>
    </ei-ms-peak>
    <ei-ms-peak>
      <ei-ms-id>193</ei-ms-id>
      <id>22513</id>
      <intensity>320.0</intensity>
      <mass-charge>210.0</mass-charge>
    </ei-ms-peak>
    <ei-ms-peak>
      <ei-ms-id>193</ei-ms-id>
      <id>22514</id>
      <intensity>350.0</intensity>
      <mass-charge>211.0</mass-charge>
    </ei-ms-peak>
    <ei-ms-peak>
      <ei-ms-id>193</ei-ms-id>
      <id>22515</id>
      <intensity>170.0</intensity>
      <mass-charge>212.0</mass-charge>
    </ei-ms-peak>
    <ei-ms-peak>
      <ei-ms-id>193</ei-ms-id>
      <id>22516</id>
      <intensity>40.0</intensity>
      <mass-charge>213.0</mass-charge>
    </ei-ms-peak>
    <ei-ms-peak>
      <ei-ms-id>193</ei-ms-id>
      <id>22517</id>
      <intensity>10.0</intensity>
      <mass-charge>214.0</mass-charge>
    </ei-ms-peak>
    <ei-ms-peak>
      <ei-ms-id>193</ei-ms-id>
      <id>22518</id>
      <intensity>60.0</intensity>
      <mass-charge>222.0</mass-charge>
    </ei-ms-peak>
    <ei-ms-peak>
      <ei-ms-id>193</ei-ms-id>
      <id>22519</id>
      <intensity>240.0</intensity>
      <mass-charge>223.0</mass-charge>
    </ei-ms-peak>
    <ei-ms-peak>
      <ei-ms-id>193</ei-ms-id>
      <id>22520</id>
      <intensity>190.0</intensity>
      <mass-charge>224.0</mass-charge>
    </ei-ms-peak>
    <ei-ms-peak>
      <ei-ms-id>193</ei-ms-id>
      <id>22521</id>
      <intensity>180.0</intensity>
      <mass-charge>225.0</mass-charge>
    </ei-ms-peak>
    <ei-ms-peak>
      <ei-ms-id>193</ei-ms-id>
      <id>22522</id>
      <intensity>110.0</intensity>
      <mass-charge>226.0</mass-charge>
    </ei-ms-peak>
    <ei-ms-peak>
      <ei-ms-id>193</ei-ms-id>
      <id>22523</id>
      <intensity>120.0</intensity>
      <mass-charge>227.0</mass-charge>
    </ei-ms-peak>
    <ei-ms-peak>
      <ei-ms-id>193</ei-ms-id>
      <id>22524</id>
      <intensity>80.0</intensity>
      <mass-charge>228.0</mass-charge>
    </ei-ms-peak>
    <ei-ms-peak>
      <ei-ms-id>193</ei-ms-id>
      <id>22525</id>
      <intensity>130.0</intensity>
      <mass-charge>229.0</mass-charge>
    </ei-ms-peak>
    <ei-ms-peak>
      <ei-ms-id>193</ei-ms-id>
      <id>22526</id>
      <intensity>70.0</intensity>
      <mass-charge>230.0</mass-charge>
    </ei-ms-peak>
    <ei-ms-peak>
      <ei-ms-id>193</ei-ms-id>
      <id>22527</id>
      <intensity>10.0</intensity>
      <mass-charge>232.0</mass-charge>
    </ei-ms-peak>
    <ei-ms-peak>
      <ei-ms-id>193</ei-ms-id>
      <id>22528</id>
      <intensity>20.0</intensity>
      <mass-charge>236.0</mass-charge>
    </ei-ms-peak>
    <ei-ms-peak>
      <ei-ms-id>193</ei-ms-id>
      <id>22529</id>
      <intensity>20.0</intensity>
      <mass-charge>239.0</mass-charge>
    </ei-ms-peak>
    <ei-ms-peak>
      <ei-ms-id>193</ei-ms-id>
      <id>22530</id>
      <intensity>90.0</intensity>
      <mass-charge>241.0</mass-charge>
    </ei-ms-peak>
    <ei-ms-peak>
      <ei-ms-id>193</ei-ms-id>
      <id>22531</id>
      <intensity>170.0</intensity>
      <mass-charge>243.0</mass-charge>
    </ei-ms-peak>
    <ei-ms-peak>
      <ei-ms-id>193</ei-ms-id>
      <id>22532</id>
      <intensity>570.0</intensity>
      <mass-charge>245.0</mass-charge>
    </ei-ms-peak>
    <ei-ms-peak>
      <ei-ms-id>193</ei-ms-id>
      <id>22533</id>
      <intensity>200.0</intensity>
      <mass-charge>246.0</mass-charge>
    </ei-ms-peak>
    <ei-ms-peak>
      <ei-ms-id>193</ei-ms-id>
      <id>22534</id>
      <intensity>20.0</intensity>
      <mass-charge>248.0</mass-charge>
    </ei-ms-peak>
    <ei-ms-peak>
      <ei-ms-id>193</ei-ms-id>
      <id>22535</id>
      <intensity>10.0</intensity>
      <mass-charge>252.0</mass-charge>
    </ei-ms-peak>
    <ei-ms-peak>
      <ei-ms-id>193</ei-ms-id>
      <id>22536</id>
      <intensity>60.0</intensity>
      <mass-charge>254.0</mass-charge>
    </ei-ms-peak>
    <ei-ms-peak>
      <ei-ms-id>193</ei-ms-id>
      <id>22537</id>
      <intensity>90.0</intensity>
      <mass-charge>256.0</mass-charge>
    </ei-ms-peak>
    <ei-ms-peak>
      <ei-ms-id>193</ei-ms-id>
      <id>22538</id>
      <intensity>170.0</intensity>
      <mass-charge>258.0</mass-charge>
    </ei-ms-peak>
    <ei-ms-peak>
      <ei-ms-id>193</ei-ms-id>
      <id>22539</id>
      <intensity>470.0</intensity>
      <mass-charge>259.0</mass-charge>
    </ei-ms-peak>
    <ei-ms-peak>
      <ei-ms-id>193</ei-ms-id>
      <id>22540</id>
      <intensity>230.0</intensity>
      <mass-charge>260.0</mass-charge>
    </ei-ms-peak>
    <ei-ms-peak>
      <ei-ms-id>193</ei-ms-id>
      <id>22541</id>
      <intensity>170.0</intensity>
      <mass-charge>261.0</mass-charge>
    </ei-ms-peak>
    <ei-ms-peak>
      <ei-ms-id>193</ei-ms-id>
      <id>22542</id>
      <intensity>10.0</intensity>
      <mass-charge>263.0</mass-charge>
    </ei-ms-peak>
    <ei-ms-peak>
      <ei-ms-id>193</ei-ms-id>
      <id>22543</id>
      <intensity>140.0</intensity>
      <mass-charge>270.0</mass-charge>
    </ei-ms-peak>
    <ei-ms-peak>
      <ei-ms-id>193</ei-ms-id>
      <id>22544</id>
      <intensity>130.0</intensity>
      <mass-charge>272.0</mass-charge>
    </ei-ms-peak>
    <ei-ms-peak>
      <ei-ms-id>193</ei-ms-id>
      <id>22545</id>
      <intensity>260.0</intensity>
      <mass-charge>273.0</mass-charge>
    </ei-ms-peak>
    <ei-ms-peak>
      <ei-ms-id>193</ei-ms-id>
      <id>22546</id>
      <intensity>280.0</intensity>
      <mass-charge>274.0</mass-charge>
    </ei-ms-peak>
    <ei-ms-peak>
      <ei-ms-id>193</ei-ms-id>
      <id>22547</id>
      <intensity>260.0</intensity>
      <mass-charge>275.0</mass-charge>
    </ei-ms-peak>
    <ei-ms-peak>
      <ei-ms-id>193</ei-ms-id>
      <id>22548</id>
      <intensity>10.0</intensity>
      <mass-charge>276.0</mass-charge>
    </ei-ms-peak>
    <ei-ms-peak>
      <ei-ms-id>193</ei-ms-id>
      <id>22549</id>
      <intensity>200.0</intensity>
      <mass-charge>287.0</mass-charge>
    </ei-ms-peak>
    <ei-ms-peak>
      <ei-ms-id>193</ei-ms-id>
      <id>22550</id>
      <intensity>40.0</intensity>
      <mass-charge>288.0</mass-charge>
    </ei-ms-peak>
    <ei-ms-peak>
      <ei-ms-id>193</ei-ms-id>
      <id>22551</id>
      <intensity>10.0</intensity>
      <mass-charge>290.0</mass-charge>
    </ei-ms-peak>
    <ei-ms-peak>
      <ei-ms-id>193</ei-ms-id>
      <id>22552</id>
      <intensity>20.0</intensity>
      <mass-charge>302.0</mass-charge>
    </ei-ms-peak>
    <ei-ms-peak>
      <ei-ms-id>193</ei-ms-id>
      <id>22553</id>
      <intensity>40.0</intensity>
      <mass-charge>315.0</mass-charge>
    </ei-ms-peak>
    <ei-ms-peak>
      <ei-ms-id>193</ei-ms-id>
      <id>22554</id>
      <intensity>10.0</intensity>
      <mass-charge>318.0</mass-charge>
    </ei-ms-peak>
    <ei-ms-peak>
      <ei-ms-id>193</ei-ms-id>
      <id>22555</id>
      <intensity>20.0</intensity>
      <mass-charge>323.0</mass-charge>
    </ei-ms-peak>
    <ei-ms-peak>
      <ei-ms-id>193</ei-ms-id>
      <id>22556</id>
      <intensity>10.0</intensity>
      <mass-charge>327.0</mass-charge>
    </ei-ms-peak>
    <ei-ms-peak>
      <ei-ms-id>193</ei-ms-id>
      <id>22557</id>
      <intensity>30.0</intensity>
      <mass-charge>356.0</mass-charge>
    </ei-ms-peak>
    <ei-ms-peak>
      <ei-ms-id>193</ei-ms-id>
      <id>22558</id>
      <intensity>10.0</intensity>
      <mass-charge>360.0</mass-charge>
    </ei-ms-peak>
    <ei-ms-peak>
      <ei-ms-id>193</ei-ms-id>
      <id>22559</id>
      <intensity>30.0</intensity>
      <mass-charge>367.0</mass-charge>
    </ei-ms-peak>
    <ei-ms-peak>
      <ei-ms-id>193</ei-ms-id>
      <id>22560</id>
      <intensity>170.0</intensity>
      <mass-charge>369.0</mass-charge>
    </ei-ms-peak>
    <ei-ms-peak>
      <ei-ms-id>193</ei-ms-id>
      <id>22561</id>
      <intensity>190.0</intensity>
      <mass-charge>370.0</mass-charge>
    </ei-ms-peak>
    <ei-ms-peak>
      <ei-ms-id>193</ei-ms-id>
      <id>22562</id>
      <intensity>90.0</intensity>
      <mass-charge>371.0</mass-charge>
    </ei-ms-peak>
    <ei-ms-peak>
      <ei-ms-id>193</ei-ms-id>
      <id>22563</id>
      <intensity>30.0</intensity>
      <mass-charge>372.0</mass-charge>
    </ei-ms-peak>
    <ei-ms-peak>
      <ei-ms-id>193</ei-ms-id>
      <id>22564</id>
      <intensity>30.0</intensity>
      <mass-charge>384.0</mass-charge>
    </ei-ms-peak>
    <ei-ms-peak>
      <ei-ms-id>193</ei-ms-id>
      <id>22565</id>
      <intensity>1090.0</intensity>
      <mass-charge>386.0</mass-charge>
    </ei-ms-peak>
    <ei-ms-peak>
      <ei-ms-id>193</ei-ms-id>
      <id>22566</id>
      <intensity>300.0</intensity>
      <mass-charge>387.0</mass-charge>
    </ei-ms-peak>
    <ei-ms-peak>
      <ei-ms-id>193</ei-ms-id>
      <id>22567</id>
      <intensity>130.0</intensity>
      <mass-charge>388.0</mass-charge>
    </ei-ms-peak>
    <ei-ms-peak>
      <ei-ms-id>193</ei-ms-id>
      <id>22568</id>
      <intensity>30.0</intensity>
      <mass-charge>389.0</mass-charge>
    </ei-ms-peak>
    <ei-ms-peak>
      <ei-ms-id>193</ei-ms-id>
      <id>22569</id>
      <intensity>10.0</intensity>
      <mass-charge>390.0</mass-charge>
    </ei-ms-peak>
    <ei-ms-peak>
      <ei-ms-id>193</ei-ms-id>
      <id>22570</id>
      <intensity>10.0</intensity>
      <mass-charge>391.0</mass-charge>
    </ei-ms-peak>
  </ei-ms-peaks>
</ei-ms>
