<?xml version="1.0" encoding="UTF-8"?>
<ei-ms>
  <collection-date nil="true"/>
  <created-at>2014-09-20T16:41:01Z</created-at>
  <database-id>HMDB14996</database-id>
  <id>980</id>
  <inchi-key>IKXILDNPCZPPRV-RFMGOVQKSA-N</inchi-key>
  <instrument-type nil="true"/>
  <molecule-id nil="true"/>
  <notes nil="true"/>
  <peak-counter>245</peak-counter>
  <sample-assessment nil="true"/>
  <sample-concentration nil="true"/>
  <sample-concentration-units nil="true"/>
  <sample-mass nil="true"/>
  <sample-mass-units nil="true"/>
  <sample-source nil="true"/>
  <solvent nil="true"/>
  <spectra-assessment nil="true"/>
  <updated-at>2014-09-20T16:41:01Z</updated-at>
  <references>
    <reference>
      <database>NIST</database>
      <database-id>58-19-5</database-id>
      <id>15852</id>
      <pubmed-id nil="true"/>
      <ref-text>NIST Mass Spec Data Center, S.E. Stein, director, "Mass Spectra" in NIST Chemistry WebBook, NIST Standard Reference Database Number 69, Eds. P.J. Linstrom and W.G. Mallard, National Institute of Standards and Technology, Gaithersburg MD, 20899, http://webbook.nist.gov, (retrieved September 6, 2014).</ref-text>
      <spectra-id>980</spectra-id>
      <spectra-type>EiMs</spectra-type>
    </reference>
  </references>
  <ei-ms-peaks>
    <ei-ms-peak>
      <ei-ms-id>980</ei-ms-id>
      <id>106061</id>
      <intensity>10.0</intensity>
      <mass-charge>15.0</mass-charge>
    </ei-ms-peak>
    <ei-ms-peak>
      <ei-ms-id>980</ei-ms-id>
      <id>106062</id>
      <intensity>10.0</intensity>
      <mass-charge>19.0</mass-charge>
    </ei-ms-peak>
    <ei-ms-peak>
      <ei-ms-id>980</ei-ms-id>
      <id>106063</id>
      <intensity>20.0</intensity>
      <mass-charge>26.0</mass-charge>
    </ei-ms-peak>
    <ei-ms-peak>
      <ei-ms-id>980</ei-ms-id>
      <id>106064</id>
      <intensity>380.0</intensity>
      <mass-charge>27.0</mass-charge>
    </ei-ms-peak>
    <ei-ms-peak>
      <ei-ms-id>980</ei-ms-id>
      <id>106065</id>
      <intensity>110.0</intensity>
      <mass-charge>28.0</mass-charge>
    </ei-ms-peak>
    <ei-ms-peak>
      <ei-ms-id>980</ei-ms-id>
      <id>106066</id>
      <intensity>1031.0</intensity>
      <mass-charge>29.0</mass-charge>
    </ei-ms-peak>
    <ei-ms-peak>
      <ei-ms-id>980</ei-ms-id>
      <id>106067</id>
      <intensity>70.0</intensity>
      <mass-charge>30.0</mass-charge>
    </ei-ms-peak>
    <ei-ms-peak>
      <ei-ms-id>980</ei-ms-id>
      <id>106068</id>
      <intensity>140.0</intensity>
      <mass-charge>31.0</mass-charge>
    </ei-ms-peak>
    <ei-ms-peak>
      <ei-ms-id>980</ei-ms-id>
      <id>106069</id>
      <intensity>10.0</intensity>
      <mass-charge>37.0</mass-charge>
    </ei-ms-peak>
    <ei-ms-peak>
      <ei-ms-id>980</ei-ms-id>
      <id>106070</id>
      <intensity>901.0</intensity>
      <mass-charge>39.0</mass-charge>
    </ei-ms-peak>
    <ei-ms-peak>
      <ei-ms-id>980</ei-ms-id>
      <id>106071</id>
      <intensity>300.0</intensity>
      <mass-charge>40.0</mass-charge>
    </ei-ms-peak>
    <ei-ms-peak>
      <ei-ms-id>980</ei-ms-id>
      <id>106072</id>
      <intensity>5415.0</intensity>
      <mass-charge>41.0</mass-charge>
    </ei-ms-peak>
    <ei-ms-peak>
      <ei-ms-id>980</ei-ms-id>
      <id>106073</id>
      <intensity>631.0</intensity>
      <mass-charge>42.0</mass-charge>
    </ei-ms-peak>
    <ei-ms-peak>
      <ei-ms-id>980</ei-ms-id>
      <id>106074</id>
      <intensity>2983.0</intensity>
      <mass-charge>43.0</mass-charge>
    </ei-ms-peak>
    <ei-ms-peak>
      <ei-ms-id>980</ei-ms-id>
      <id>106075</id>
      <intensity>470.0</intensity>
      <mass-charge>44.0</mass-charge>
    </ei-ms-peak>
    <ei-ms-peak>
      <ei-ms-id>980</ei-ms-id>
      <id>106076</id>
      <intensity>190.0</intensity>
      <mass-charge>45.0</mass-charge>
    </ei-ms-peak>
    <ei-ms-peak>
      <ei-ms-id>980</ei-ms-id>
      <id>106077</id>
      <intensity>20.0</intensity>
      <mass-charge>50.0</mass-charge>
    </ei-ms-peak>
    <ei-ms-peak>
      <ei-ms-id>980</ei-ms-id>
      <id>106078</id>
      <intensity>180.0</intensity>
      <mass-charge>51.0</mass-charge>
    </ei-ms-peak>
    <ei-ms-peak>
      <ei-ms-id>980</ei-ms-id>
      <id>106079</id>
      <intensity>130.0</intensity>
      <mass-charge>52.0</mass-charge>
    </ei-ms-peak>
    <ei-ms-peak>
      <ei-ms-id>980</ei-ms-id>
      <id>106080</id>
      <intensity>2252.0</intensity>
      <mass-charge>53.0</mass-charge>
    </ei-ms-peak>
    <ei-ms-peak>
      <ei-ms-id>980</ei-ms-id>
      <id>106081</id>
      <intensity>561.0</intensity>
      <mass-charge>54.0</mass-charge>
    </ei-ms-peak>
    <ei-ms-peak>
      <ei-ms-id>980</ei-ms-id>
      <id>106082</id>
      <intensity>7146.0</intensity>
      <mass-charge>55.0</mass-charge>
    </ei-ms-peak>
    <ei-ms-peak>
      <ei-ms-id>980</ei-ms-id>
      <id>106083</id>
      <intensity>721.0</intensity>
      <mass-charge>56.0</mass-charge>
    </ei-ms-peak>
    <ei-ms-peak>
      <ei-ms-id>980</ei-ms-id>
      <id>106084</id>
      <intensity>2022.0</intensity>
      <mass-charge>57.0</mass-charge>
    </ei-ms-peak>
    <ei-ms-peak>
      <ei-ms-id>980</ei-ms-id>
      <id>106085</id>
      <intensity>240.0</intensity>
      <mass-charge>58.0</mass-charge>
    </ei-ms-peak>
    <ei-ms-peak>
      <ei-ms-id>980</ei-ms-id>
      <id>106086</id>
      <intensity>80.0</intensity>
      <mass-charge>59.0</mass-charge>
    </ei-ms-peak>
    <ei-ms-peak>
      <ei-ms-id>980</ei-ms-id>
      <id>106087</id>
      <intensity>60.0</intensity>
      <mass-charge>60.0</mass-charge>
    </ei-ms-peak>
    <ei-ms-peak>
      <ei-ms-id>980</ei-ms-id>
      <id>106088</id>
      <intensity>20.0</intensity>
      <mass-charge>61.0</mass-charge>
    </ei-ms-peak>
    <ei-ms-peak>
      <ei-ms-id>980</ei-ms-id>
      <id>106089</id>
      <intensity>10.0</intensity>
      <mass-charge>62.0</mass-charge>
    </ei-ms-peak>
    <ei-ms-peak>
      <ei-ms-id>980</ei-ms-id>
      <id>106090</id>
      <intensity>40.0</intensity>
      <mass-charge>63.0</mass-charge>
    </ei-ms-peak>
    <ei-ms-peak>
      <ei-ms-id>980</ei-ms-id>
      <id>106091</id>
      <intensity>30.0</intensity>
      <mass-charge>64.0</mass-charge>
    </ei-ms-peak>
    <ei-ms-peak>
      <ei-ms-id>980</ei-ms-id>
      <id>106092</id>
      <intensity>1001.0</intensity>
      <mass-charge>65.0</mass-charge>
    </ei-ms-peak>
    <ei-ms-peak>
      <ei-ms-id>980</ei-ms-id>
      <id>106093</id>
      <intensity>420.0</intensity>
      <mass-charge>66.0</mass-charge>
    </ei-ms-peak>
    <ei-ms-peak>
      <ei-ms-id>980</ei-ms-id>
      <id>106094</id>
      <intensity>5735.0</intensity>
      <mass-charge>67.0</mass-charge>
    </ei-ms-peak>
    <ei-ms-peak>
      <ei-ms-id>980</ei-ms-id>
      <id>106095</id>
      <intensity>2422.0</intensity>
      <mass-charge>68.0</mass-charge>
    </ei-ms-peak>
    <ei-ms-peak>
      <ei-ms-id>980</ei-ms-id>
      <id>106096</id>
      <intensity>3193.0</intensity>
      <mass-charge>69.0</mass-charge>
    </ei-ms-peak>
    <ei-ms-peak>
      <ei-ms-id>980</ei-ms-id>
      <id>106097</id>
      <intensity>300.0</intensity>
      <mass-charge>70.0</mass-charge>
    </ei-ms-peak>
    <ei-ms-peak>
      <ei-ms-id>980</ei-ms-id>
      <id>106098</id>
      <intensity>1001.0</intensity>
      <mass-charge>71.0</mass-charge>
    </ei-ms-peak>
    <ei-ms-peak>
      <ei-ms-id>980</ei-ms-id>
      <id>106099</id>
      <intensity>120.0</intensity>
      <mass-charge>72.0</mass-charge>
    </ei-ms-peak>
    <ei-ms-peak>
      <ei-ms-id>980</ei-ms-id>
      <id>106100</id>
      <intensity>50.0</intensity>
      <mass-charge>73.0</mass-charge>
    </ei-ms-peak>
    <ei-ms-peak>
      <ei-ms-id>980</ei-ms-id>
      <id>106101</id>
      <intensity>220.0</intensity>
      <mass-charge>74.0</mass-charge>
    </ei-ms-peak>
    <ei-ms-peak>
      <ei-ms-id>980</ei-ms-id>
      <id>106102</id>
      <intensity>2512.0</intensity>
      <mass-charge>77.0</mass-charge>
    </ei-ms-peak>
    <ei-ms-peak>
      <ei-ms-id>980</ei-ms-id>
      <id>106103</id>
      <intensity>561.0</intensity>
      <mass-charge>78.0</mass-charge>
    </ei-ms-peak>
    <ei-ms-peak>
      <ei-ms-id>980</ei-ms-id>
      <id>106104</id>
      <intensity>5525.0</intensity>
      <mass-charge>79.0</mass-charge>
    </ei-ms-peak>
    <ei-ms-peak>
      <ei-ms-id>980</ei-ms-id>
      <id>106105</id>
      <intensity>1141.0</intensity>
      <mass-charge>80.0</mass-charge>
    </ei-ms-peak>
    <ei-ms-peak>
      <ei-ms-id>980</ei-ms-id>
      <id>106106</id>
      <intensity>5905.0</intensity>
      <mass-charge>81.0</mass-charge>
    </ei-ms-peak>
    <ei-ms-peak>
      <ei-ms-id>980</ei-ms-id>
      <id>106107</id>
      <intensity>1061.0</intensity>
      <mass-charge>82.0</mass-charge>
    </ei-ms-peak>
    <ei-ms-peak>
      <ei-ms-id>980</ei-ms-id>
      <id>106108</id>
      <intensity>1091.0</intensity>
      <mass-charge>83.0</mass-charge>
    </ei-ms-peak>
    <ei-ms-peak>
      <ei-ms-id>980</ei-ms-id>
      <id>106109</id>
      <intensity>360.0</intensity>
      <mass-charge>84.0</mass-charge>
    </ei-ms-peak>
    <ei-ms-peak>
      <ei-ms-id>980</ei-ms-id>
      <id>106110</id>
      <intensity>320.0</intensity>
      <mass-charge>85.0</mass-charge>
    </ei-ms-peak>
    <ei-ms-peak>
      <ei-ms-id>980</ei-ms-id>
      <id>106111</id>
      <intensity>60.0</intensity>
      <mass-charge>86.0</mass-charge>
    </ei-ms-peak>
    <ei-ms-peak>
      <ei-ms-id>980</ei-ms-id>
      <id>106112</id>
      <intensity>110.0</intensity>
      <mass-charge>87.0</mass-charge>
    </ei-ms-peak>
    <ei-ms-peak>
      <ei-ms-id>980</ei-ms-id>
      <id>106113</id>
      <intensity>40.0</intensity>
      <mass-charge>88.0</mass-charge>
    </ei-ms-peak>
    <ei-ms-peak>
      <ei-ms-id>980</ei-ms-id>
      <id>106114</id>
      <intensity>50.0</intensity>
      <mass-charge>89.0</mass-charge>
    </ei-ms-peak>
    <ei-ms-peak>
      <ei-ms-id>980</ei-ms-id>
      <id>106115</id>
      <intensity>4704.0</intensity>
      <mass-charge>91.0</mass-charge>
    </ei-ms-peak>
    <ei-ms-peak>
      <ei-ms-id>980</ei-ms-id>
      <id>106116</id>
      <intensity>831.0</intensity>
      <mass-charge>92.0</mass-charge>
    </ei-ms-peak>
    <ei-ms-peak>
      <ei-ms-id>980</ei-ms-id>
      <id>106117</id>
      <intensity>5395.0</intensity>
      <mass-charge>93.0</mass-charge>
    </ei-ms-peak>
    <ei-ms-peak>
      <ei-ms-id>980</ei-ms-id>
      <id>106118</id>
      <intensity>2092.0</intensity>
      <mass-charge>94.0</mass-charge>
    </ei-ms-peak>
    <ei-ms-peak>
      <ei-ms-id>980</ei-ms-id>
      <id>106119</id>
      <intensity>5555.0</intensity>
      <mass-charge>95.0</mass-charge>
    </ei-ms-peak>
    <ei-ms-peak>
      <ei-ms-id>980</ei-ms-id>
      <id>106120</id>
      <intensity>1091.0</intensity>
      <mass-charge>96.0</mass-charge>
    </ei-ms-peak>
    <ei-ms-peak>
      <ei-ms-id>980</ei-ms-id>
      <id>106121</id>
      <intensity>1421.0</intensity>
      <mass-charge>97.0</mass-charge>
    </ei-ms-peak>
    <ei-ms-peak>
      <ei-ms-id>980</ei-ms-id>
      <id>106122</id>
      <intensity>190.0</intensity>
      <mass-charge>98.0</mass-charge>
    </ei-ms-peak>
    <ei-ms-peak>
      <ei-ms-id>980</ei-ms-id>
      <id>106123</id>
      <intensity>100.0</intensity>
      <mass-charge>99.0</mass-charge>
    </ei-ms-peak>
    <ei-ms-peak>
      <ei-ms-id>980</ei-ms-id>
      <id>106124</id>
      <intensity>10.0</intensity>
      <mass-charge>100.0</mass-charge>
    </ei-ms-peak>
    <ei-ms-peak>
      <ei-ms-id>980</ei-ms-id>
      <id>106125</id>
      <intensity>60.0</intensity>
      <mass-charge>102.0</mass-charge>
    </ei-ms-peak>
    <ei-ms-peak>
      <ei-ms-id>980</ei-ms-id>
      <id>106126</id>
      <intensity>300.0</intensity>
      <mass-charge>103.0</mass-charge>
    </ei-ms-peak>
    <ei-ms-peak>
      <ei-ms-id>980</ei-ms-id>
      <id>106127</id>
      <intensity>210.0</intensity>
      <mass-charge>104.0</mass-charge>
    </ei-ms-peak>
    <ei-ms-peak>
      <ei-ms-id>980</ei-ms-id>
      <id>106128</id>
      <intensity>3713.0</intensity>
      <mass-charge>105.0</mass-charge>
    </ei-ms-peak>
    <ei-ms-peak>
      <ei-ms-id>980</ei-ms-id>
      <id>106129</id>
      <intensity>1031.0</intensity>
      <mass-charge>106.0</mass-charge>
    </ei-ms-peak>
    <ei-ms-peak>
      <ei-ms-id>980</ei-ms-id>
      <id>106130</id>
      <intensity>4454.0</intensity>
      <mass-charge>107.0</mass-charge>
    </ei-ms-peak>
    <ei-ms-peak>
      <ei-ms-id>980</ei-ms-id>
      <id>106131</id>
      <intensity>1802.0</intensity>
      <mass-charge>108.0</mass-charge>
    </ei-ms-peak>
    <ei-ms-peak>
      <ei-ms-id>980</ei-ms-id>
      <id>106132</id>
      <intensity>3253.0</intensity>
      <mass-charge>109.0</mass-charge>
    </ei-ms-peak>
    <ei-ms-peak>
      <ei-ms-id>980</ei-ms-id>
      <id>106133</id>
      <intensity>711.0</intensity>
      <mass-charge>110.0</mass-charge>
    </ei-ms-peak>
    <ei-ms-peak>
      <ei-ms-id>980</ei-ms-id>
      <id>106134</id>
      <intensity>1201.0</intensity>
      <mass-charge>111.0</mass-charge>
    </ei-ms-peak>
    <ei-ms-peak>
      <ei-ms-id>980</ei-ms-id>
      <id>106135</id>
      <intensity>170.0</intensity>
      <mass-charge>112.0</mass-charge>
    </ei-ms-peak>
    <ei-ms-peak>
      <ei-ms-id>980</ei-ms-id>
      <id>106136</id>
      <intensity>110.0</intensity>
      <mass-charge>113.0</mass-charge>
    </ei-ms-peak>
    <ei-ms-peak>
      <ei-ms-id>980</ei-ms-id>
      <id>106137</id>
      <intensity>30.0</intensity>
      <mass-charge>114.0</mass-charge>
    </ei-ms-peak>
    <ei-ms-peak>
      <ei-ms-id>980</ei-ms-id>
      <id>106138</id>
      <intensity>370.0</intensity>
      <mass-charge>115.0</mass-charge>
    </ei-ms-peak>
    <ei-ms-peak>
      <ei-ms-id>980</ei-ms-id>
      <id>106139</id>
      <intensity>170.0</intensity>
      <mass-charge>116.0</mass-charge>
    </ei-ms-peak>
    <ei-ms-peak>
      <ei-ms-id>980</ei-ms-id>
      <id>106140</id>
      <intensity>781.0</intensity>
      <mass-charge>117.0</mass-charge>
    </ei-ms-peak>
    <ei-ms-peak>
      <ei-ms-id>980</ei-ms-id>
      <id>106141</id>
      <intensity>671.0</intensity>
      <mass-charge>118.0</mass-charge>
    </ei-ms-peak>
    <ei-ms-peak>
      <ei-ms-id>980</ei-ms-id>
      <id>106142</id>
      <intensity>2863.0</intensity>
      <mass-charge>119.0</mass-charge>
    </ei-ms-peak>
    <ei-ms-peak>
      <ei-ms-id>980</ei-ms-id>
      <id>106143</id>
      <intensity>1181.0</intensity>
      <mass-charge>120.0</mass-charge>
    </ei-ms-peak>
    <ei-ms-peak>
      <ei-ms-id>980</ei-ms-id>
      <id>106144</id>
      <intensity>4384.0</intensity>
      <mass-charge>121.0</mass-charge>
    </ei-ms-peak>
    <ei-ms-peak>
      <ei-ms-id>980</ei-ms-id>
      <id>106145</id>
      <intensity>1932.0</intensity>
      <mass-charge>122.0</mass-charge>
    </ei-ms-peak>
    <ei-ms-peak>
      <ei-ms-id>980</ei-ms-id>
      <id>106146</id>
      <intensity>4354.0</intensity>
      <mass-charge>123.0</mass-charge>
    </ei-ms-peak>
    <ei-ms-peak>
      <ei-ms-id>980</ei-ms-id>
      <id>106147</id>
      <intensity>1451.0</intensity>
      <mass-charge>124.0</mass-charge>
    </ei-ms-peak>
    <ei-ms-peak>
      <ei-ms-id>980</ei-ms-id>
      <id>106148</id>
      <intensity>791.0</intensity>
      <mass-charge>125.0</mass-charge>
    </ei-ms-peak>
    <ei-ms-peak>
      <ei-ms-id>980</ei-ms-id>
      <id>106149</id>
      <intensity>90.0</intensity>
      <mass-charge>126.0</mass-charge>
    </ei-ms-peak>
    <ei-ms-peak>
      <ei-ms-id>980</ei-ms-id>
      <id>106150</id>
      <intensity>120.0</intensity>
      <mass-charge>127.0</mass-charge>
    </ei-ms-peak>
    <ei-ms-peak>
      <ei-ms-id>980</ei-ms-id>
      <id>106151</id>
      <intensity>230.0</intensity>
      <mass-charge>128.0</mass-charge>
    </ei-ms-peak>
    <ei-ms-peak>
      <ei-ms-id>980</ei-ms-id>
      <id>106152</id>
      <intensity>330.0</intensity>
      <mass-charge>129.0</mass-charge>
    </ei-ms-peak>
    <ei-ms-peak>
      <ei-ms-id>980</ei-ms-id>
      <id>106153</id>
      <intensity>160.0</intensity>
      <mass-charge>130.0</mass-charge>
    </ei-ms-peak>
    <ei-ms-peak>
      <ei-ms-id>980</ei-ms-id>
      <id>106154</id>
      <intensity>1081.0</intensity>
      <mass-charge>131.0</mass-charge>
    </ei-ms-peak>
    <ei-ms-peak>
      <ei-ms-id>980</ei-ms-id>
      <id>106155</id>
      <intensity>450.0</intensity>
      <mass-charge>132.0</mass-charge>
    </ei-ms-peak>
    <ei-ms-peak>
      <ei-ms-id>980</ei-ms-id>
      <id>106156</id>
      <intensity>1902.0</intensity>
      <mass-charge>133.0</mass-charge>
    </ei-ms-peak>
    <ei-ms-peak>
      <ei-ms-id>980</ei-ms-id>
      <id>106157</id>
      <intensity>751.0</intensity>
      <mass-charge>134.0</mass-charge>
    </ei-ms-peak>
    <ei-ms-peak>
      <ei-ms-id>980</ei-ms-id>
      <id>106158</id>
      <intensity>1902.0</intensity>
      <mass-charge>135.0</mass-charge>
    </ei-ms-peak>
    <ei-ms-peak>
      <ei-ms-id>980</ei-ms-id>
      <id>106159</id>
      <intensity>1852.0</intensity>
      <mass-charge>136.0</mass-charge>
    </ei-ms-peak>
    <ei-ms-peak>
      <ei-ms-id>980</ei-ms-id>
      <id>106160</id>
      <intensity>1441.0</intensity>
      <mass-charge>137.0</mass-charge>
    </ei-ms-peak>
    <ei-ms-peak>
      <ei-ms-id>980</ei-ms-id>
      <id>106161</id>
      <intensity>3393.0</intensity>
      <mass-charge>138.0</mass-charge>
    </ei-ms-peak>
    <ei-ms-peak>
      <ei-ms-id>980</ei-ms-id>
      <id>106162</id>
      <intensity>490.0</intensity>
      <mass-charge>139.0</mass-charge>
    </ei-ms-peak>
    <ei-ms-peak>
      <ei-ms-id>980</ei-ms-id>
      <id>106163</id>
      <intensity>50.0</intensity>
      <mass-charge>140.0</mass-charge>
    </ei-ms-peak>
    <ei-ms-peak>
      <ei-ms-id>980</ei-ms-id>
      <id>106164</id>
      <intensity>90.0</intensity>
      <mass-charge>141.0</mass-charge>
    </ei-ms-peak>
    <ei-ms-peak>
      <ei-ms-id>980</ei-ms-id>
      <id>106165</id>
      <intensity>60.0</intensity>
      <mass-charge>142.0</mass-charge>
    </ei-ms-peak>
    <ei-ms-peak>
      <ei-ms-id>980</ei-ms-id>
      <id>106166</id>
      <intensity>310.0</intensity>
      <mass-charge>143.0</mass-charge>
    </ei-ms-peak>
    <ei-ms-peak>
      <ei-ms-id>980</ei-ms-id>
      <id>106167</id>
      <intensity>200.0</intensity>
      <mass-charge>144.0</mass-charge>
    </ei-ms-peak>
    <ei-ms-peak>
      <ei-ms-id>980</ei-ms-id>
      <id>106168</id>
      <intensity>1181.0</intensity>
      <mass-charge>145.0</mass-charge>
    </ei-ms-peak>
    <ei-ms-peak>
      <ei-ms-id>980</ei-ms-id>
      <id>106169</id>
      <intensity>460.0</intensity>
      <mass-charge>146.0</mass-charge>
    </ei-ms-peak>
    <ei-ms-peak>
      <ei-ms-id>980</ei-ms-id>
      <id>106170</id>
      <intensity>1742.0</intensity>
      <mass-charge>147.0</mass-charge>
    </ei-ms-peak>
    <ei-ms-peak>
      <ei-ms-id>980</ei-ms-id>
      <id>106171</id>
      <intensity>881.0</intensity>
      <mass-charge>148.0</mass-charge>
    </ei-ms-peak>
    <ei-ms-peak>
      <ei-ms-id>980</ei-ms-id>
      <id>106172</id>
      <intensity>2472.0</intensity>
      <mass-charge>149.0</mass-charge>
    </ei-ms-peak>
    <ei-ms-peak>
      <ei-ms-id>980</ei-ms-id>
      <id>106173</id>
      <intensity>901.0</intensity>
      <mass-charge>150.0</mass-charge>
    </ei-ms-peak>
    <ei-ms-peak>
      <ei-ms-id>980</ei-ms-id>
      <id>106174</id>
      <intensity>1121.0</intensity>
      <mass-charge>151.0</mass-charge>
    </ei-ms-peak>
    <ei-ms-peak>
      <ei-ms-id>980</ei-ms-id>
      <id>106175</id>
      <intensity>200.0</intensity>
      <mass-charge>152.0</mass-charge>
    </ei-ms-peak>
    <ei-ms-peak>
      <ei-ms-id>980</ei-ms-id>
      <id>106176</id>
      <intensity>80.0</intensity>
      <mass-charge>153.0</mass-charge>
    </ei-ms-peak>
    <ei-ms-peak>
      <ei-ms-id>980</ei-ms-id>
      <id>106177</id>
      <intensity>80.0</intensity>
      <mass-charge>154.0</mass-charge>
    </ei-ms-peak>
    <ei-ms-peak>
      <ei-ms-id>980</ei-ms-id>
      <id>106178</id>
      <intensity>100.0</intensity>
      <mass-charge>155.0</mass-charge>
    </ei-ms-peak>
    <ei-ms-peak>
      <ei-ms-id>980</ei-ms-id>
      <id>106179</id>
      <intensity>50.0</intensity>
      <mass-charge>156.0</mass-charge>
    </ei-ms-peak>
    <ei-ms-peak>
      <ei-ms-id>980</ei-ms-id>
      <id>106180</id>
      <intensity>470.0</intensity>
      <mass-charge>157.0</mass-charge>
    </ei-ms-peak>
    <ei-ms-peak>
      <ei-ms-id>980</ei-ms-id>
      <id>106181</id>
      <intensity>210.0</intensity>
      <mass-charge>158.0</mass-charge>
    </ei-ms-peak>
    <ei-ms-peak>
      <ei-ms-id>980</ei-ms-id>
      <id>106182</id>
      <intensity>1281.0</intensity>
      <mass-charge>159.0</mass-charge>
    </ei-ms-peak>
    <ei-ms-peak>
      <ei-ms-id>980</ei-ms-id>
      <id>106183</id>
      <intensity>380.0</intensity>
      <mass-charge>160.0</mass-charge>
    </ei-ms-peak>
    <ei-ms-peak>
      <ei-ms-id>980</ei-ms-id>
      <id>106184</id>
      <intensity>1661.0</intensity>
      <mass-charge>161.0</mass-charge>
    </ei-ms-peak>
    <ei-ms-peak>
      <ei-ms-id>980</ei-ms-id>
      <id>106185</id>
      <intensity>651.0</intensity>
      <mass-charge>162.0</mass-charge>
    </ei-ms-peak>
    <ei-ms-peak>
      <ei-ms-id>980</ei-ms-id>
      <id>106186</id>
      <intensity>1191.0</intensity>
      <mass-charge>163.0</mass-charge>
    </ei-ms-peak>
    <ei-ms-peak>
      <ei-ms-id>980</ei-ms-id>
      <id>106187</id>
      <intensity>360.0</intensity>
      <mass-charge>164.0</mass-charge>
    </ei-ms-peak>
    <ei-ms-peak>
      <ei-ms-id>980</ei-ms-id>
      <id>106188</id>
      <intensity>250.0</intensity>
      <mass-charge>165.0</mass-charge>
    </ei-ms-peak>
    <ei-ms-peak>
      <ei-ms-id>980</ei-ms-id>
      <id>106189</id>
      <intensity>230.0</intensity>
      <mass-charge>166.0</mass-charge>
    </ei-ms-peak>
    <ei-ms-peak>
      <ei-ms-id>980</ei-ms-id>
      <id>106190</id>
      <intensity>571.0</intensity>
      <mass-charge>167.0</mass-charge>
    </ei-ms-peak>
    <ei-ms-peak>
      <ei-ms-id>980</ei-ms-id>
      <id>106191</id>
      <intensity>80.0</intensity>
      <mass-charge>168.0</mass-charge>
    </ei-ms-peak>
    <ei-ms-peak>
      <ei-ms-id>980</ei-ms-id>
      <id>106192</id>
      <intensity>60.0</intensity>
      <mass-charge>169.0</mass-charge>
    </ei-ms-peak>
    <ei-ms-peak>
      <ei-ms-id>980</ei-ms-id>
      <id>106193</id>
      <intensity>20.0</intensity>
      <mass-charge>170.0</mass-charge>
    </ei-ms-peak>
    <ei-ms-peak>
      <ei-ms-id>980</ei-ms-id>
      <id>106194</id>
      <intensity>450.0</intensity>
      <mass-charge>171.0</mass-charge>
    </ei-ms-peak>
    <ei-ms-peak>
      <ei-ms-id>980</ei-ms-id>
      <id>106195</id>
      <intensity>200.0</intensity>
      <mass-charge>172.0</mass-charge>
    </ei-ms-peak>
    <ei-ms-peak>
      <ei-ms-id>980</ei-ms-id>
      <id>106196</id>
      <intensity>1121.0</intensity>
      <mass-charge>173.0</mass-charge>
    </ei-ms-peak>
    <ei-ms-peak>
      <ei-ms-id>980</ei-ms-id>
      <id>106197</id>
      <intensity>621.0</intensity>
      <mass-charge>174.0</mass-charge>
    </ei-ms-peak>
    <ei-ms-peak>
      <ei-ms-id>980</ei-ms-id>
      <id>106198</id>
      <intensity>1321.0</intensity>
      <mass-charge>175.0</mass-charge>
    </ei-ms-peak>
    <ei-ms-peak>
      <ei-ms-id>980</ei-ms-id>
      <id>106199</id>
      <intensity>981.0</intensity>
      <mass-charge>176.0</mass-charge>
    </ei-ms-peak>
    <ei-ms-peak>
      <ei-ms-id>980</ei-ms-id>
      <id>106200</id>
      <intensity>3463.0</intensity>
      <mass-charge>177.0</mass-charge>
    </ei-ms-peak>
    <ei-ms-peak>
      <ei-ms-id>980</ei-ms-id>
      <id>106201</id>
      <intensity>891.0</intensity>
      <mass-charge>178.0</mass-charge>
    </ei-ms-peak>
    <ei-ms-peak>
      <ei-ms-id>980</ei-ms-id>
      <id>106202</id>
      <intensity>581.0</intensity>
      <mass-charge>179.0</mass-charge>
    </ei-ms-peak>
    <ei-ms-peak>
      <ei-ms-id>980</ei-ms-id>
      <id>106203</id>
      <intensity>110.0</intensity>
      <mass-charge>180.0</mass-charge>
    </ei-ms-peak>
    <ei-ms-peak>
      <ei-ms-id>980</ei-ms-id>
      <id>106204</id>
      <intensity>20.0</intensity>
      <mass-charge>181.0</mass-charge>
    </ei-ms-peak>
    <ei-ms-peak>
      <ei-ms-id>980</ei-ms-id>
      <id>106205</id>
      <intensity>10.0</intensity>
      <mass-charge>182.0</mass-charge>
    </ei-ms-peak>
    <ei-ms-peak>
      <ei-ms-id>980</ei-ms-id>
      <id>106206</id>
      <intensity>60.0</intensity>
      <mass-charge>183.0</mass-charge>
    </ei-ms-peak>
    <ei-ms-peak>
      <ei-ms-id>980</ei-ms-id>
      <id>106207</id>
      <intensity>20.0</intensity>
      <mass-charge>184.0</mass-charge>
    </ei-ms-peak>
    <ei-ms-peak>
      <ei-ms-id>980</ei-ms-id>
      <id>106208</id>
      <intensity>330.0</intensity>
      <mass-charge>185.0</mass-charge>
    </ei-ms-peak>
    <ei-ms-peak>
      <ei-ms-id>980</ei-ms-id>
      <id>106209</id>
      <intensity>100.0</intensity>
      <mass-charge>186.0</mass-charge>
    </ei-ms-peak>
    <ei-ms-peak>
      <ei-ms-id>980</ei-ms-id>
      <id>106210</id>
      <intensity>510.0</intensity>
      <mass-charge>187.0</mass-charge>
    </ei-ms-peak>
    <ei-ms-peak>
      <ei-ms-id>980</ei-ms-id>
      <id>106211</id>
      <intensity>240.0</intensity>
      <mass-charge>188.0</mass-charge>
    </ei-ms-peak>
    <ei-ms-peak>
      <ei-ms-id>980</ei-ms-id>
      <id>106212</id>
      <intensity>831.0</intensity>
      <mass-charge>189.0</mass-charge>
    </ei-ms-peak>
    <ei-ms-peak>
      <ei-ms-id>980</ei-ms-id>
      <id>106213</id>
      <intensity>571.0</intensity>
      <mass-charge>190.0</mass-charge>
    </ei-ms-peak>
    <ei-ms-peak>
      <ei-ms-id>980</ei-ms-id>
      <id>106214</id>
      <intensity>310.0</intensity>
      <mass-charge>191.0</mass-charge>
    </ei-ms-peak>
    <ei-ms-peak>
      <ei-ms-id>980</ei-ms-id>
      <id>106215</id>
      <intensity>220.0</intensity>
      <mass-charge>192.0</mass-charge>
    </ei-ms-peak>
    <ei-ms-peak>
      <ei-ms-id>980</ei-ms-id>
      <id>106216</id>
      <intensity>280.0</intensity>
      <mass-charge>193.0</mass-charge>
    </ei-ms-peak>
    <ei-ms-peak>
      <ei-ms-id>980</ei-ms-id>
      <id>106217</id>
      <intensity>40.0</intensity>
      <mass-charge>194.0</mass-charge>
    </ei-ms-peak>
    <ei-ms-peak>
      <ei-ms-id>980</ei-ms-id>
      <id>106218</id>
      <intensity>10.0</intensity>
      <mass-charge>195.0</mass-charge>
    </ei-ms-peak>
    <ei-ms-peak>
      <ei-ms-id>980</ei-ms-id>
      <id>106219</id>
      <intensity>10.0</intensity>
      <mass-charge>196.0</mass-charge>
    </ei-ms-peak>
    <ei-ms-peak>
      <ei-ms-id>980</ei-ms-id>
      <id>106220</id>
      <intensity>90.0</intensity>
      <mass-charge>197.0</mass-charge>
    </ei-ms-peak>
    <ei-ms-peak>
      <ei-ms-id>980</ei-ms-id>
      <id>106221</id>
      <intensity>40.0</intensity>
      <mass-charge>198.0</mass-charge>
    </ei-ms-peak>
    <ei-ms-peak>
      <ei-ms-id>980</ei-ms-id>
      <id>106222</id>
      <intensity>1631.0</intensity>
      <mass-charge>199.0</mass-charge>
    </ei-ms-peak>
    <ei-ms-peak>
      <ei-ms-id>980</ei-ms-id>
      <id>106223</id>
      <intensity>591.0</intensity>
      <mass-charge>200.0</mass-charge>
    </ei-ms-peak>
    <ei-ms-peak>
      <ei-ms-id>980</ei-ms-id>
      <id>106224</id>
      <intensity>621.0</intensity>
      <mass-charge>201.0</mass-charge>
    </ei-ms-peak>
    <ei-ms-peak>
      <ei-ms-id>980</ei-ms-id>
      <id>106225</id>
      <intensity>210.0</intensity>
      <mass-charge>202.0</mass-charge>
    </ei-ms-peak>
    <ei-ms-peak>
      <ei-ms-id>980</ei-ms-id>
      <id>106226</id>
      <intensity>510.0</intensity>
      <mass-charge>203.0</mass-charge>
    </ei-ms-peak>
    <ei-ms-peak>
      <ei-ms-id>980</ei-ms-id>
      <id>106227</id>
      <intensity>290.0</intensity>
      <mass-charge>204.0</mass-charge>
    </ei-ms-peak>
    <ei-ms-peak>
      <ei-ms-id>980</ei-ms-id>
      <id>106228</id>
      <intensity>180.0</intensity>
      <mass-charge>205.0</mass-charge>
    </ei-ms-peak>
    <ei-ms-peak>
      <ei-ms-id>980</ei-ms-id>
      <id>106229</id>
      <intensity>90.0</intensity>
      <mass-charge>206.0</mass-charge>
    </ei-ms-peak>
    <ei-ms-peak>
      <ei-ms-id>980</ei-ms-id>
      <id>106230</id>
      <intensity>20.0</intensity>
      <mass-charge>207.0</mass-charge>
    </ei-ms-peak>
    <ei-ms-peak>
      <ei-ms-id>980</ei-ms-id>
      <id>106231</id>
      <intensity>10.0</intensity>
      <mass-charge>209.0</mass-charge>
    </ei-ms-peak>
    <ei-ms-peak>
      <ei-ms-id>980</ei-ms-id>
      <id>106232</id>
      <intensity>60.0</intensity>
      <mass-charge>211.0</mass-charge>
    </ei-ms-peak>
    <ei-ms-peak>
      <ei-ms-id>980</ei-ms-id>
      <id>106233</id>
      <intensity>20.0</intensity>
      <mass-charge>212.0</mass-charge>
    </ei-ms-peak>
    <ei-ms-peak>
      <ei-ms-id>980</ei-ms-id>
      <id>106234</id>
      <intensity>130.0</intensity>
      <mass-charge>213.0</mass-charge>
    </ei-ms-peak>
    <ei-ms-peak>
      <ei-ms-id>980</ei-ms-id>
      <id>106235</id>
      <intensity>80.0</intensity>
      <mass-charge>214.0</mass-charge>
    </ei-ms-peak>
    <ei-ms-peak>
      <ei-ms-id>980</ei-ms-id>
      <id>106236</id>
      <intensity>240.0</intensity>
      <mass-charge>215.0</mass-charge>
    </ei-ms-peak>
    <ei-ms-peak>
      <ei-ms-id>980</ei-ms-id>
      <id>106237</id>
      <intensity>110.0</intensity>
      <mass-charge>216.0</mass-charge>
    </ei-ms-peak>
    <ei-ms-peak>
      <ei-ms-id>980</ei-ms-id>
      <id>106238</id>
      <intensity>601.0</intensity>
      <mass-charge>217.0</mass-charge>
    </ei-ms-peak>
    <ei-ms-peak>
      <ei-ms-id>980</ei-ms-id>
      <id>106239</id>
      <intensity>871.0</intensity>
      <mass-charge>218.0</mass-charge>
    </ei-ms-peak>
    <ei-ms-peak>
      <ei-ms-id>980</ei-ms-id>
      <id>106240</id>
      <intensity>300.0</intensity>
      <mass-charge>219.0</mass-charge>
    </ei-ms-peak>
    <ei-ms-peak>
      <ei-ms-id>980</ei-ms-id>
      <id>106241</id>
      <intensity>160.0</intensity>
      <mass-charge>220.0</mass-charge>
    </ei-ms-peak>
    <ei-ms-peak>
      <ei-ms-id>980</ei-ms-id>
      <id>106242</id>
      <intensity>40.0</intensity>
      <mass-charge>221.0</mass-charge>
    </ei-ms-peak>
    <ei-ms-peak>
      <ei-ms-id>980</ei-ms-id>
      <id>106243</id>
      <intensity>10.0</intensity>
      <mass-charge>222.0</mass-charge>
    </ei-ms-peak>
    <ei-ms-peak>
      <ei-ms-id>980</ei-ms-id>
      <id>106244</id>
      <intensity>10.0</intensity>
      <mass-charge>223.0</mass-charge>
    </ei-ms-peak>
    <ei-ms-peak>
      <ei-ms-id>980</ei-ms-id>
      <id>106245</id>
      <intensity>50.0</intensity>
      <mass-charge>225.0</mass-charge>
    </ei-ms-peak>
    <ei-ms-peak>
      <ei-ms-id>980</ei-ms-id>
      <id>106246</id>
      <intensity>10.0</intensity>
      <mass-charge>226.0</mass-charge>
    </ei-ms-peak>
    <ei-ms-peak>
      <ei-ms-id>980</ei-ms-id>
      <id>106247</id>
      <intensity>530.0</intensity>
      <mass-charge>227.0</mass-charge>
    </ei-ms-peak>
    <ei-ms-peak>
      <ei-ms-id>980</ei-ms-id>
      <id>106248</id>
      <intensity>110.0</intensity>
      <mass-charge>228.0</mass-charge>
    </ei-ms-peak>
    <ei-ms-peak>
      <ei-ms-id>980</ei-ms-id>
      <id>106249</id>
      <intensity>1161.0</intensity>
      <mass-charge>229.0</mass-charge>
    </ei-ms-peak>
    <ei-ms-peak>
      <ei-ms-id>980</ei-ms-id>
      <id>106250</id>
      <intensity>240.0</intensity>
      <mass-charge>230.0</mass-charge>
    </ei-ms-peak>
    <ei-ms-peak>
      <ei-ms-id>980</ei-ms-id>
      <id>106251</id>
      <intensity>1001.0</intensity>
      <mass-charge>231.0</mass-charge>
    </ei-ms-peak>
    <ei-ms-peak>
      <ei-ms-id>980</ei-ms-id>
      <id>106252</id>
      <intensity>340.0</intensity>
      <mass-charge>232.0</mass-charge>
    </ei-ms-peak>
    <ei-ms-peak>
      <ei-ms-id>980</ei-ms-id>
      <id>106253</id>
      <intensity>250.0</intensity>
      <mass-charge>233.0</mass-charge>
    </ei-ms-peak>
    <ei-ms-peak>
      <ei-ms-id>980</ei-ms-id>
      <id>106254</id>
      <intensity>50.0</intensity>
      <mass-charge>234.0</mass-charge>
    </ei-ms-peak>
    <ei-ms-peak>
      <ei-ms-id>980</ei-ms-id>
      <id>106255</id>
      <intensity>20.0</intensity>
      <mass-charge>235.0</mass-charge>
    </ei-ms-peak>
    <ei-ms-peak>
      <ei-ms-id>980</ei-ms-id>
      <id>106256</id>
      <intensity>10.0</intensity>
      <mass-charge>236.0</mass-charge>
    </ei-ms-peak>
    <ei-ms-peak>
      <ei-ms-id>980</ei-ms-id>
      <id>106257</id>
      <intensity>10.0</intensity>
      <mass-charge>239.0</mass-charge>
    </ei-ms-peak>
    <ei-ms-peak>
      <ei-ms-id>980</ei-ms-id>
      <id>106258</id>
      <intensity>10.0</intensity>
      <mass-charge>240.0</mass-charge>
    </ei-ms-peak>
    <ei-ms-peak>
      <ei-ms-id>980</ei-ms-id>
      <id>106259</id>
      <intensity>30.0</intensity>
      <mass-charge>241.0</mass-charge>
    </ei-ms-peak>
    <ei-ms-peak>
      <ei-ms-id>980</ei-ms-id>
      <id>106260</id>
      <intensity>70.0</intensity>
      <mass-charge>242.0</mass-charge>
    </ei-ms-peak>
    <ei-ms-peak>
      <ei-ms-id>980</ei-ms-id>
      <id>106261</id>
      <intensity>250.0</intensity>
      <mass-charge>243.0</mass-charge>
    </ei-ms-peak>
    <ei-ms-peak>
      <ei-ms-id>980</ei-ms-id>
      <id>106262</id>
      <intensity>190.0</intensity>
      <mass-charge>244.0</mass-charge>
    </ei-ms-peak>
    <ei-ms-peak>
      <ei-ms-id>980</ei-ms-id>
      <id>106263</id>
      <intensity>9999.0</intensity>
      <mass-charge>245.0</mass-charge>
    </ei-ms-peak>
    <ei-ms-peak>
      <ei-ms-id>980</ei-ms-id>
      <id>106264</id>
      <intensity>2172.0</intensity>
      <mass-charge>246.0</mass-charge>
    </ei-ms-peak>
    <ei-ms-peak>
      <ei-ms-id>980</ei-ms-id>
      <id>106265</id>
      <intensity>1131.0</intensity>
      <mass-charge>247.0</mass-charge>
    </ei-ms-peak>
    <ei-ms-peak>
      <ei-ms-id>980</ei-ms-id>
      <id>106266</id>
      <intensity>230.0</intensity>
      <mass-charge>248.0</mass-charge>
    </ei-ms-peak>
    <ei-ms-peak>
      <ei-ms-id>980</ei-ms-id>
      <id>106267</id>
      <intensity>50.0</intensity>
      <mass-charge>249.0</mass-charge>
    </ei-ms-peak>
    <ei-ms-peak>
      <ei-ms-id>980</ei-ms-id>
      <id>106268</id>
      <intensity>10.0</intensity>
      <mass-charge>250.0</mass-charge>
    </ei-ms-peak>
    <ei-ms-peak>
      <ei-ms-id>980</ei-ms-id>
      <id>106269</id>
      <intensity>10.0</intensity>
      <mass-charge>251.0</mass-charge>
    </ei-ms-peak>
    <ei-ms-peak>
      <ei-ms-id>980</ei-ms-id>
      <id>106270</id>
      <intensity>150.0</intensity>
      <mass-charge>253.0</mass-charge>
    </ei-ms-peak>
    <ei-ms-peak>
      <ei-ms-id>980</ei-ms-id>
      <id>106271</id>
      <intensity>40.0</intensity>
      <mass-charge>254.0</mass-charge>
    </ei-ms-peak>
    <ei-ms-peak>
      <ei-ms-id>980</ei-ms-id>
      <id>106272</id>
      <intensity>20.0</intensity>
      <mass-charge>255.0</mass-charge>
    </ei-ms-peak>
    <ei-ms-peak>
      <ei-ms-id>980</ei-ms-id>
      <id>106273</id>
      <intensity>10.0</intensity>
      <mass-charge>256.0</mass-charge>
    </ei-ms-peak>
    <ei-ms-peak>
      <ei-ms-id>980</ei-ms-id>
      <id>106274</id>
      <intensity>40.0</intensity>
      <mass-charge>257.0</mass-charge>
    </ei-ms-peak>
    <ei-ms-peak>
      <ei-ms-id>980</ei-ms-id>
      <id>106275</id>
      <intensity>170.0</intensity>
      <mass-charge>258.0</mass-charge>
    </ei-ms-peak>
    <ei-ms-peak>
      <ei-ms-id>980</ei-ms-id>
      <id>106276</id>
      <intensity>60.0</intensity>
      <mass-charge>259.0</mass-charge>
    </ei-ms-peak>
    <ei-ms-peak>
      <ei-ms-id>980</ei-ms-id>
      <id>106277</id>
      <intensity>1421.0</intensity>
      <mass-charge>260.0</mass-charge>
    </ei-ms-peak>
    <ei-ms-peak>
      <ei-ms-id>980</ei-ms-id>
      <id>106278</id>
      <intensity>1081.0</intensity>
      <mass-charge>261.0</mass-charge>
    </ei-ms-peak>
    <ei-ms-peak>
      <ei-ms-id>980</ei-ms-id>
      <id>106279</id>
      <intensity>220.0</intensity>
      <mass-charge>262.0</mass-charge>
    </ei-ms-peak>
    <ei-ms-peak>
      <ei-ms-id>980</ei-ms-id>
      <id>106280</id>
      <intensity>30.0</intensity>
      <mass-charge>263.0</mass-charge>
    </ei-ms-peak>
    <ei-ms-peak>
      <ei-ms-id>980</ei-ms-id>
      <id>106281</id>
      <intensity>10.0</intensity>
      <mass-charge>267.0</mass-charge>
    </ei-ms-peak>
    <ei-ms-peak>
      <ei-ms-id>980</ei-ms-id>
      <id>106282</id>
      <intensity>30.0</intensity>
      <mass-charge>268.0</mass-charge>
    </ei-ms-peak>
    <ei-ms-peak>
      <ei-ms-id>980</ei-ms-id>
      <id>106283</id>
      <intensity>50.0</intensity>
      <mass-charge>269.0</mass-charge>
    </ei-ms-peak>
    <ei-ms-peak>
      <ei-ms-id>980</ei-ms-id>
      <id>106284</id>
      <intensity>10.0</intensity>
      <mass-charge>270.0</mass-charge>
    </ei-ms-peak>
    <ei-ms-peak>
      <ei-ms-id>980</ei-ms-id>
      <id>106285</id>
      <intensity>1041.0</intensity>
      <mass-charge>271.0</mass-charge>
    </ei-ms-peak>
    <ei-ms-peak>
      <ei-ms-id>980</ei-ms-id>
      <id>106286</id>
      <intensity>220.0</intensity>
      <mass-charge>272.0</mass-charge>
    </ei-ms-peak>
    <ei-ms-peak>
      <ei-ms-id>980</ei-ms-id>
      <id>106287</id>
      <intensity>40.0</intensity>
      <mass-charge>273.0</mass-charge>
    </ei-ms-peak>
    <ei-ms-peak>
      <ei-ms-id>980</ei-ms-id>
      <id>106288</id>
      <intensity>10.0</intensity>
      <mass-charge>274.0</mass-charge>
    </ei-ms-peak>
    <ei-ms-peak>
      <ei-ms-id>980</ei-ms-id>
      <id>106289</id>
      <intensity>120.0</intensity>
      <mass-charge>275.0</mass-charge>
    </ei-ms-peak>
    <ei-ms-peak>
      <ei-ms-id>980</ei-ms-id>
      <id>106290</id>
      <intensity>60.0</intensity>
      <mass-charge>276.0</mass-charge>
    </ei-ms-peak>
    <ei-ms-peak>
      <ei-ms-id>980</ei-ms-id>
      <id>106291</id>
      <intensity>10.0</intensity>
      <mass-charge>277.0</mass-charge>
    </ei-ms-peak>
    <ei-ms-peak>
      <ei-ms-id>980</ei-ms-id>
      <id>106292</id>
      <intensity>20.0</intensity>
      <mass-charge>284.0</mass-charge>
    </ei-ms-peak>
    <ei-ms-peak>
      <ei-ms-id>980</ei-ms-id>
      <id>106293</id>
      <intensity>50.0</intensity>
      <mass-charge>285.0</mass-charge>
    </ei-ms-peak>
    <ei-ms-peak>
      <ei-ms-id>980</ei-ms-id>
      <id>106294</id>
      <intensity>801.0</intensity>
      <mass-charge>286.0</mass-charge>
    </ei-ms-peak>
    <ei-ms-peak>
      <ei-ms-id>980</ei-ms-id>
      <id>106295</id>
      <intensity>200.0</intensity>
      <mass-charge>287.0</mass-charge>
    </ei-ms-peak>
    <ei-ms-peak>
      <ei-ms-id>980</ei-ms-id>
      <id>106296</id>
      <intensity>30.0</intensity>
      <mass-charge>288.0</mass-charge>
    </ei-ms-peak>
    <ei-ms-peak>
      <ei-ms-id>980</ei-ms-id>
      <id>106297</id>
      <intensity>751.0</intensity>
      <mass-charge>289.0</mass-charge>
    </ei-ms-peak>
    <ei-ms-peak>
      <ei-ms-id>980</ei-ms-id>
      <id>106298</id>
      <intensity>160.0</intensity>
      <mass-charge>290.0</mass-charge>
    </ei-ms-peak>
    <ei-ms-peak>
      <ei-ms-id>980</ei-ms-id>
      <id>106299</id>
      <intensity>20.0</intensity>
      <mass-charge>291.0</mass-charge>
    </ei-ms-peak>
    <ei-ms-peak>
      <ei-ms-id>980</ei-ms-id>
      <id>106300</id>
      <intensity>10.0</intensity>
      <mass-charge>300.0</mass-charge>
    </ei-ms-peak>
    <ei-ms-peak>
      <ei-ms-id>980</ei-ms-id>
      <id>106301</id>
      <intensity>150.0</intensity>
      <mass-charge>302.0</mass-charge>
    </ei-ms-peak>
    <ei-ms-peak>
      <ei-ms-id>980</ei-ms-id>
      <id>106302</id>
      <intensity>7947.0</intensity>
      <mass-charge>304.0</mass-charge>
    </ei-ms-peak>
    <ei-ms-peak>
      <ei-ms-id>980</ei-ms-id>
      <id>106303</id>
      <intensity>1732.0</intensity>
      <mass-charge>305.0</mass-charge>
    </ei-ms-peak>
    <ei-ms-peak>
      <ei-ms-id>980</ei-ms-id>
      <id>106304</id>
      <intensity>230.0</intensity>
      <mass-charge>306.0</mass-charge>
    </ei-ms-peak>
    <ei-ms-peak>
      <ei-ms-id>980</ei-ms-id>
      <id>106305</id>
      <intensity>20.0</intensity>
      <mass-charge>307.0</mass-charge>
    </ei-ms-peak>
  </ei-ms-peaks>
</ei-ms>
