<?xml version="1.0" encoding="UTF-8"?>
<ei-ms>
  <collection-date nil="true"/>
  <created-at>2014-09-20T16:18:22Z</created-at>
  <database-id>HMDB14395</database-id>
  <id>48</id>
  <inchi-key>MQJKPEGWNLWLTK-UHFFFAOYSA-N</inchi-key>
  <instrument-type nil="true"/>
  <molecule-id nil="true"/>
  <notes nil="true"/>
  <peak-counter>119</peak-counter>
  <sample-assessment nil="true"/>
  <sample-concentration nil="true"/>
  <sample-concentration-units nil="true"/>
  <sample-mass nil="true"/>
  <sample-mass-units nil="true"/>
  <sample-source nil="true"/>
  <solvent nil="true"/>
  <spectra-assessment nil="true"/>
  <updated-at>2014-09-20T16:18:22Z</updated-at>
  <references>
    <reference>
      <database>NIST</database>
      <database-id>80-08-0</database-id>
      <id>14920</id>
      <pubmed-id nil="true"/>
      <ref-text>NIST Mass Spec Data Center, S.E. Stein, director, "Mass Spectra" in NIST Chemistry WebBook, NIST Standard Reference Database Number 69, Eds. P.J. Linstrom and W.G. Mallard, National Institute of Standards and Technology, Gaithersburg MD, 20899, http://webbook.nist.gov, (retrieved September 6, 2014).</ref-text>
      <spectra-id>48</spectra-id>
      <spectra-type>EiMs</spectra-type>
    </reference>
  </references>
  <ei-ms-peaks>
    <ei-ms-peak>
      <ei-ms-id>48</ei-ms-id>
      <id>4857</id>
      <intensity>30.0</intensity>
      <mass-charge>12.0</mass-charge>
    </ei-ms-peak>
    <ei-ms-peak>
      <ei-ms-id>48</ei-ms-id>
      <id>4858</id>
      <intensity>10.0</intensity>
      <mass-charge>14.0</mass-charge>
    </ei-ms-peak>
    <ei-ms-peak>
      <ei-ms-id>48</ei-ms-id>
      <id>4859</id>
      <intensity>70.0</intensity>
      <mass-charge>15.0</mass-charge>
    </ei-ms-peak>
    <ei-ms-peak>
      <ei-ms-id>48</ei-ms-id>
      <id>4860</id>
      <intensity>100.0</intensity>
      <mass-charge>16.0</mass-charge>
    </ei-ms-peak>
    <ei-ms-peak>
      <ei-ms-id>48</ei-ms-id>
      <id>4861</id>
      <intensity>1250.0</intensity>
      <mass-charge>17.0</mass-charge>
    </ei-ms-peak>
    <ei-ms-peak>
      <ei-ms-id>48</ei-ms-id>
      <id>4862</id>
      <intensity>100.0</intensity>
      <mass-charge>26.0</mass-charge>
    </ei-ms-peak>
    <ei-ms-peak>
      <ei-ms-id>48</ei-ms-id>
      <id>4863</id>
      <intensity>600.0</intensity>
      <mass-charge>27.0</mass-charge>
    </ei-ms-peak>
    <ei-ms-peak>
      <ei-ms-id>48</ei-ms-id>
      <id>4864</id>
      <intensity>60.0</intensity>
      <mass-charge>29.0</mass-charge>
    </ei-ms-peak>
    <ei-ms-peak>
      <ei-ms-id>48</ei-ms-id>
      <id>4865</id>
      <intensity>40.0</intensity>
      <mass-charge>30.0</mass-charge>
    </ei-ms-peak>
    <ei-ms-peak>
      <ei-ms-id>48</ei-ms-id>
      <id>4866</id>
      <intensity>40.0</intensity>
      <mass-charge>33.0</mass-charge>
    </ei-ms-peak>
    <ei-ms-peak>
      <ei-ms-id>48</ei-ms-id>
      <id>4867</id>
      <intensity>130.0</intensity>
      <mass-charge>34.0</mass-charge>
    </ei-ms-peak>
    <ei-ms-peak>
      <ei-ms-id>48</ei-ms-id>
      <id>4868</id>
      <intensity>30.0</intensity>
      <mass-charge>37.0</mass-charge>
    </ei-ms-peak>
    <ei-ms-peak>
      <ei-ms-id>48</ei-ms-id>
      <id>4869</id>
      <intensity>210.0</intensity>
      <mass-charge>38.0</mass-charge>
    </ei-ms-peak>
    <ei-ms-peak>
      <ei-ms-id>48</ei-ms-id>
      <id>4870</id>
      <intensity>1840.0</intensity>
      <mass-charge>39.0</mass-charge>
    </ei-ms-peak>
    <ei-ms-peak>
      <ei-ms-id>48</ei-ms-id>
      <id>4871</id>
      <intensity>150.0</intensity>
      <mass-charge>40.0</mass-charge>
    </ei-ms-peak>
    <ei-ms-peak>
      <ei-ms-id>48</ei-ms-id>
      <id>4872</id>
      <intensity>580.0</intensity>
      <mass-charge>41.0</mass-charge>
    </ei-ms-peak>
    <ei-ms-peak>
      <ei-ms-id>48</ei-ms-id>
      <id>4873</id>
      <intensity>190.0</intensity>
      <mass-charge>42.0</mass-charge>
    </ei-ms-peak>
    <ei-ms-peak>
      <ei-ms-id>48</ei-ms-id>
      <id>4874</id>
      <intensity>130.0</intensity>
      <mass-charge>43.0</mass-charge>
    </ei-ms-peak>
    <ei-ms-peak>
      <ei-ms-id>48</ei-ms-id>
      <id>4875</id>
      <intensity>70.0</intensity>
      <mass-charge>45.0</mass-charge>
    </ei-ms-peak>
    <ei-ms-peak>
      <ei-ms-id>48</ei-ms-id>
      <id>4876</id>
      <intensity>70.0</intensity>
      <mass-charge>48.0</mass-charge>
    </ei-ms-peak>
    <ei-ms-peak>
      <ei-ms-id>48</ei-ms-id>
      <id>4877</id>
      <intensity>130.0</intensity>
      <mass-charge>50.0</mass-charge>
    </ei-ms-peak>
    <ei-ms-peak>
      <ei-ms-id>48</ei-ms-id>
      <id>4878</id>
      <intensity>230.0</intensity>
      <mass-charge>51.0</mass-charge>
    </ei-ms-peak>
    <ei-ms-peak>
      <ei-ms-id>48</ei-ms-id>
      <id>4879</id>
      <intensity>420.0</intensity>
      <mass-charge>52.0</mass-charge>
    </ei-ms-peak>
    <ei-ms-peak>
      <ei-ms-id>48</ei-ms-id>
      <id>4880</id>
      <intensity>470.0</intensity>
      <mass-charge>53.0</mass-charge>
    </ei-ms-peak>
    <ei-ms-peak>
      <ei-ms-id>48</ei-ms-id>
      <id>4881</id>
      <intensity>250.0</intensity>
      <mass-charge>54.0</mass-charge>
    </ei-ms-peak>
    <ei-ms-peak>
      <ei-ms-id>48</ei-ms-id>
      <id>4882</id>
      <intensity>120.0</intensity>
      <mass-charge>55.0</mass-charge>
    </ei-ms-peak>
    <ei-ms-peak>
      <ei-ms-id>48</ei-ms-id>
      <id>4883</id>
      <intensity>40.0</intensity>
      <mass-charge>56.0</mass-charge>
    </ei-ms-peak>
    <ei-ms-peak>
      <ei-ms-id>48</ei-ms-id>
      <id>4884</id>
      <intensity>140.0</intensity>
      <mass-charge>57.0</mass-charge>
    </ei-ms-peak>
    <ei-ms-peak>
      <ei-ms-id>48</ei-ms-id>
      <id>4885</id>
      <intensity>10.0</intensity>
      <mass-charge>58.0</mass-charge>
    </ei-ms-peak>
    <ei-ms-peak>
      <ei-ms-id>48</ei-ms-id>
      <id>4886</id>
      <intensity>20.0</intensity>
      <mass-charge>60.0</mass-charge>
    </ei-ms-peak>
    <ei-ms-peak>
      <ei-ms-id>48</ei-ms-id>
      <id>4887</id>
      <intensity>130.0</intensity>
      <mass-charge>62.0</mass-charge>
    </ei-ms-peak>
    <ei-ms-peak>
      <ei-ms-id>48</ei-ms-id>
      <id>4888</id>
      <intensity>630.0</intensity>
      <mass-charge>63.0</mass-charge>
    </ei-ms-peak>
    <ei-ms-peak>
      <ei-ms-id>48</ei-ms-id>
      <id>4889</id>
      <intensity>480.0</intensity>
      <mass-charge>64.0</mass-charge>
    </ei-ms-peak>
    <ei-ms-peak>
      <ei-ms-id>48</ei-ms-id>
      <id>4890</id>
      <intensity>4700.0</intensity>
      <mass-charge>65.0</mass-charge>
    </ei-ms-peak>
    <ei-ms-peak>
      <ei-ms-id>48</ei-ms-id>
      <id>4891</id>
      <intensity>840.0</intensity>
      <mass-charge>66.0</mass-charge>
    </ei-ms-peak>
    <ei-ms-peak>
      <ei-ms-id>48</ei-ms-id>
      <id>4892</id>
      <intensity>100.0</intensity>
      <mass-charge>67.0</mass-charge>
    </ei-ms-peak>
    <ei-ms-peak>
      <ei-ms-id>48</ei-ms-id>
      <id>4893</id>
      <intensity>50.0</intensity>
      <mass-charge>68.0</mass-charge>
    </ei-ms-peak>
    <ei-ms-peak>
      <ei-ms-id>48</ei-ms-id>
      <id>4894</id>
      <intensity>70.0</intensity>
      <mass-charge>69.0</mass-charge>
    </ei-ms-peak>
    <ei-ms-peak>
      <ei-ms-id>48</ei-ms-id>
      <id>4895</id>
      <intensity>20.0</intensity>
      <mass-charge>70.0</mass-charge>
    </ei-ms-peak>
    <ei-ms-peak>
      <ei-ms-id>48</ei-ms-id>
      <id>4896</id>
      <intensity>50.0</intensity>
      <mass-charge>71.0</mass-charge>
    </ei-ms-peak>
    <ei-ms-peak>
      <ei-ms-id>48</ei-ms-id>
      <id>4897</id>
      <intensity>40.0</intensity>
      <mass-charge>74.0</mass-charge>
    </ei-ms-peak>
    <ei-ms-peak>
      <ei-ms-id>48</ei-ms-id>
      <id>4898</id>
      <intensity>60.0</intensity>
      <mass-charge>75.0</mass-charge>
    </ei-ms-peak>
    <ei-ms-peak>
      <ei-ms-id>48</ei-ms-id>
      <id>4899</id>
      <intensity>90.0</intensity>
      <mass-charge>76.0</mass-charge>
    </ei-ms-peak>
    <ei-ms-peak>
      <ei-ms-id>48</ei-ms-id>
      <id>4900</id>
      <intensity>110.0</intensity>
      <mass-charge>77.0</mass-charge>
    </ei-ms-peak>
    <ei-ms-peak>
      <ei-ms-id>48</ei-ms-id>
      <id>4901</id>
      <intensity>180.0</intensity>
      <mass-charge>78.0</mass-charge>
    </ei-ms-peak>
    <ei-ms-peak>
      <ei-ms-id>48</ei-ms-id>
      <id>4902</id>
      <intensity>90.0</intensity>
      <mass-charge>79.0</mass-charge>
    </ei-ms-peak>
    <ei-ms-peak>
      <ei-ms-id>48</ei-ms-id>
      <id>4903</id>
      <intensity>1690.0</intensity>
      <mass-charge>80.0</mass-charge>
    </ei-ms-peak>
    <ei-ms-peak>
      <ei-ms-id>48</ei-ms-id>
      <id>4904</id>
      <intensity>170.0</intensity>
      <mass-charge>81.0</mass-charge>
    </ei-ms-peak>
    <ei-ms-peak>
      <ei-ms-id>48</ei-ms-id>
      <id>4905</id>
      <intensity>20.0</intensity>
      <mass-charge>82.0</mass-charge>
    </ei-ms-peak>
    <ei-ms-peak>
      <ei-ms-id>48</ei-ms-id>
      <id>4906</id>
      <intensity>30.0</intensity>
      <mass-charge>83.0</mass-charge>
    </ei-ms-peak>
    <ei-ms-peak>
      <ei-ms-id>48</ei-ms-id>
      <id>4907</id>
      <intensity>40.0</intensity>
      <mass-charge>85.0</mass-charge>
    </ei-ms-peak>
    <ei-ms-peak>
      <ei-ms-id>48</ei-ms-id>
      <id>4908</id>
      <intensity>50.0</intensity>
      <mass-charge>89.0</mass-charge>
    </ei-ms-peak>
    <ei-ms-peak>
      <ei-ms-id>48</ei-ms-id>
      <id>4909</id>
      <intensity>100.0</intensity>
      <mass-charge>90.0</mass-charge>
    </ei-ms-peak>
    <ei-ms-peak>
      <ei-ms-id>48</ei-ms-id>
      <id>4910</id>
      <intensity>430.0</intensity>
      <mass-charge>91.0</mass-charge>
    </ei-ms-peak>
    <ei-ms-peak>
      <ei-ms-id>48</ei-ms-id>
      <id>4911</id>
      <intensity>3350.0</intensity>
      <mass-charge>92.0</mass-charge>
    </ei-ms-peak>
    <ei-ms-peak>
      <ei-ms-id>48</ei-ms-id>
      <id>4912</id>
      <intensity>1320.0</intensity>
      <mass-charge>93.0</mass-charge>
    </ei-ms-peak>
    <ei-ms-peak>
      <ei-ms-id>48</ei-ms-id>
      <id>4913</id>
      <intensity>190.0</intensity>
      <mass-charge>94.0</mass-charge>
    </ei-ms-peak>
    <ei-ms-peak>
      <ei-ms-id>48</ei-ms-id>
      <id>4914</id>
      <intensity>20.0</intensity>
      <mass-charge>95.0</mass-charge>
    </ei-ms-peak>
    <ei-ms-peak>
      <ei-ms-id>48</ei-ms-id>
      <id>4915</id>
      <intensity>30.0</intensity>
      <mass-charge>96.0</mass-charge>
    </ei-ms-peak>
    <ei-ms-peak>
      <ei-ms-id>48</ei-ms-id>
      <id>4916</id>
      <intensity>40.0</intensity>
      <mass-charge>97.0</mass-charge>
    </ei-ms-peak>
    <ei-ms-peak>
      <ei-ms-id>48</ei-ms-id>
      <id>4917</id>
      <intensity>10.0</intensity>
      <mass-charge>98.0</mass-charge>
    </ei-ms-peak>
    <ei-ms-peak>
      <ei-ms-id>48</ei-ms-id>
      <id>4918</id>
      <intensity>10.0</intensity>
      <mass-charge>101.0</mass-charge>
    </ei-ms-peak>
    <ei-ms-peak>
      <ei-ms-id>48</ei-ms-id>
      <id>4919</id>
      <intensity>20.0</intensity>
      <mass-charge>102.0</mass-charge>
    </ei-ms-peak>
    <ei-ms-peak>
      <ei-ms-id>48</ei-ms-id>
      <id>4920</id>
      <intensity>60.0</intensity>
      <mass-charge>103.0</mass-charge>
    </ei-ms-peak>
    <ei-ms-peak>
      <ei-ms-id>48</ei-ms-id>
      <id>4921</id>
      <intensity>30.0</intensity>
      <mass-charge>104.0</mass-charge>
    </ei-ms-peak>
    <ei-ms-peak>
      <ei-ms-id>48</ei-ms-id>
      <id>4922</id>
      <intensity>10.0</intensity>
      <mass-charge>105.0</mass-charge>
    </ei-ms-peak>
    <ei-ms-peak>
      <ei-ms-id>48</ei-ms-id>
      <id>4923</id>
      <intensity>30.0</intensity>
      <mass-charge>106.0</mass-charge>
    </ei-ms-peak>
    <ei-ms-peak>
      <ei-ms-id>48</ei-ms-id>
      <id>4924</id>
      <intensity>20.0</intensity>
      <mass-charge>107.0</mass-charge>
    </ei-ms-peak>
    <ei-ms-peak>
      <ei-ms-id>48</ei-ms-id>
      <id>4925</id>
      <intensity>9999.0</intensity>
      <mass-charge>108.0</mass-charge>
    </ei-ms-peak>
    <ei-ms-peak>
      <ei-ms-id>48</ei-ms-id>
      <id>4926</id>
      <intensity>1560.0</intensity>
      <mass-charge>109.0</mass-charge>
    </ei-ms-peak>
    <ei-ms-peak>
      <ei-ms-id>48</ei-ms-id>
      <id>4927</id>
      <intensity>80.0</intensity>
      <mass-charge>110.0</mass-charge>
    </ei-ms-peak>
    <ei-ms-peak>
      <ei-ms-id>48</ei-ms-id>
      <id>4928</id>
      <intensity>150.0</intensity>
      <mass-charge>112.0</mass-charge>
    </ei-ms-peak>
    <ei-ms-peak>
      <ei-ms-id>48</ei-ms-id>
      <id>4929</id>
      <intensity>10.0</intensity>
      <mass-charge>114.0</mass-charge>
    </ei-ms-peak>
    <ei-ms-peak>
      <ei-ms-id>48</ei-ms-id>
      <id>4930</id>
      <intensity>80.0</intensity>
      <mass-charge>115.0</mass-charge>
    </ei-ms-peak>
    <ei-ms-peak>
      <ei-ms-id>48</ei-ms-id>
      <id>4931</id>
      <intensity>30.0</intensity>
      <mass-charge>116.0</mass-charge>
    </ei-ms-peak>
    <ei-ms-peak>
      <ei-ms-id>48</ei-ms-id>
      <id>4932</id>
      <intensity>90.0</intensity>
      <mass-charge>117.0</mass-charge>
    </ei-ms-peak>
    <ei-ms-peak>
      <ei-ms-id>48</ei-ms-id>
      <id>4933</id>
      <intensity>10.0</intensity>
      <mass-charge>118.0</mass-charge>
    </ei-ms-peak>
    <ei-ms-peak>
      <ei-ms-id>48</ei-ms-id>
      <id>4934</id>
      <intensity>10.0</intensity>
      <mass-charge>119.0</mass-charge>
    </ei-ms-peak>
    <ei-ms-peak>
      <ei-ms-id>48</ei-ms-id>
      <id>4935</id>
      <intensity>200.0</intensity>
      <mass-charge>123.0</mass-charge>
    </ei-ms-peak>
    <ei-ms-peak>
      <ei-ms-id>48</ei-ms-id>
      <id>4936</id>
      <intensity>540.0</intensity>
      <mass-charge>124.0</mass-charge>
    </ei-ms-peak>
    <ei-ms-peak>
      <ei-ms-id>48</ei-ms-id>
      <id>4937</id>
      <intensity>190.0</intensity>
      <mass-charge>125.0</mass-charge>
    </ei-ms-peak>
    <ei-ms-peak>
      <ei-ms-id>48</ei-ms-id>
      <id>4938</id>
      <intensity>30.0</intensity>
      <mass-charge>126.0</mass-charge>
    </ei-ms-peak>
    <ei-ms-peak>
      <ei-ms-id>48</ei-ms-id>
      <id>4939</id>
      <intensity>50.0</intensity>
      <mass-charge>127.0</mass-charge>
    </ei-ms-peak>
    <ei-ms-peak>
      <ei-ms-id>48</ei-ms-id>
      <id>4940</id>
      <intensity>90.0</intensity>
      <mass-charge>128.0</mass-charge>
    </ei-ms-peak>
    <ei-ms-peak>
      <ei-ms-id>48</ei-ms-id>
      <id>4941</id>
      <intensity>40.0</intensity>
      <mass-charge>129.0</mass-charge>
    </ei-ms-peak>
    <ei-ms-peak>
      <ei-ms-id>48</ei-ms-id>
      <id>4942</id>
      <intensity>90.0</intensity>
      <mass-charge>130.0</mass-charge>
    </ei-ms-peak>
    <ei-ms-peak>
      <ei-ms-id>48</ei-ms-id>
      <id>4943</id>
      <intensity>20.0</intensity>
      <mass-charge>131.0</mass-charge>
    </ei-ms-peak>
    <ei-ms-peak>
      <ei-ms-id>48</ei-ms-id>
      <id>4944</id>
      <intensity>90.0</intensity>
      <mass-charge>139.0</mass-charge>
    </ei-ms-peak>
    <ei-ms-peak>
      <ei-ms-id>48</ei-ms-id>
      <id>4945</id>
      <intensity>6150.0</intensity>
      <mass-charge>140.0</mass-charge>
    </ei-ms-peak>
    <ei-ms-peak>
      <ei-ms-id>48</ei-ms-id>
      <id>4946</id>
      <intensity>2320.0</intensity>
      <mass-charge>141.0</mass-charge>
    </ei-ms-peak>
    <ei-ms-peak>
      <ei-ms-id>48</ei-ms-id>
      <id>4947</id>
      <intensity>390.0</intensity>
      <mass-charge>142.0</mass-charge>
    </ei-ms-peak>
    <ei-ms-peak>
      <ei-ms-id>48</ei-ms-id>
      <id>4948</id>
      <intensity>120.0</intensity>
      <mass-charge>143.0</mass-charge>
    </ei-ms-peak>
    <ei-ms-peak>
      <ei-ms-id>48</ei-ms-id>
      <id>4949</id>
      <intensity>10.0</intensity>
      <mass-charge>144.0</mass-charge>
    </ei-ms-peak>
    <ei-ms-peak>
      <ei-ms-id>48</ei-ms-id>
      <id>4950</id>
      <intensity>40.0</intensity>
      <mass-charge>149.0</mass-charge>
    </ei-ms-peak>
    <ei-ms-peak>
      <ei-ms-id>48</ei-ms-id>
      <id>4951</id>
      <intensity>80.0</intensity>
      <mass-charge>154.0</mass-charge>
    </ei-ms-peak>
    <ei-ms-peak>
      <ei-ms-id>48</ei-ms-id>
      <id>4952</id>
      <intensity>30.0</intensity>
      <mass-charge>155.0</mass-charge>
    </ei-ms-peak>
    <ei-ms-peak>
      <ei-ms-id>48</ei-ms-id>
      <id>4953</id>
      <intensity>260.0</intensity>
      <mass-charge>156.0</mass-charge>
    </ei-ms-peak>
    <ei-ms-peak>
      <ei-ms-id>48</ei-ms-id>
      <id>4954</id>
      <intensity>40.0</intensity>
      <mass-charge>157.0</mass-charge>
    </ei-ms-peak>
    <ei-ms-peak>
      <ei-ms-id>48</ei-ms-id>
      <id>4955</id>
      <intensity>120.0</intensity>
      <mass-charge>166.0</mass-charge>
    </ei-ms-peak>
    <ei-ms-peak>
      <ei-ms-id>48</ei-ms-id>
      <id>4956</id>
      <intensity>200.0</intensity>
      <mass-charge>167.0</mass-charge>
    </ei-ms-peak>
    <ei-ms-peak>
      <ei-ms-id>48</ei-ms-id>
      <id>4957</id>
      <intensity>110.0</intensity>
      <mass-charge>168.0</mass-charge>
    </ei-ms-peak>
    <ei-ms-peak>
      <ei-ms-id>48</ei-ms-id>
      <id>4958</id>
      <intensity>70.0</intensity>
      <mass-charge>169.0</mass-charge>
    </ei-ms-peak>
    <ei-ms-peak>
      <ei-ms-id>48</ei-ms-id>
      <id>4959</id>
      <intensity>50.0</intensity>
      <mass-charge>181.0</mass-charge>
    </ei-ms-peak>
    <ei-ms-peak>
      <ei-ms-id>48</ei-ms-id>
      <id>4960</id>
      <intensity>170.0</intensity>
      <mass-charge>182.0</mass-charge>
    </ei-ms-peak>
    <ei-ms-peak>
      <ei-ms-id>48</ei-ms-id>
      <id>4961</id>
      <intensity>510.0</intensity>
      <mass-charge>183.0</mass-charge>
    </ei-ms-peak>
    <ei-ms-peak>
      <ei-ms-id>48</ei-ms-id>
      <id>4962</id>
      <intensity>710.0</intensity>
      <mass-charge>184.0</mass-charge>
    </ei-ms-peak>
    <ei-ms-peak>
      <ei-ms-id>48</ei-ms-id>
      <id>4963</id>
      <intensity>80.0</intensity>
      <mass-charge>185.0</mass-charge>
    </ei-ms-peak>
    <ei-ms-peak>
      <ei-ms-id>48</ei-ms-id>
      <id>4964</id>
      <intensity>10.0</intensity>
      <mass-charge>186.0</mass-charge>
    </ei-ms-peak>
    <ei-ms-peak>
      <ei-ms-id>48</ei-ms-id>
      <id>4965</id>
      <intensity>80.0</intensity>
      <mass-charge>198.0</mass-charge>
    </ei-ms-peak>
    <ei-ms-peak>
      <ei-ms-id>48</ei-ms-id>
      <id>4966</id>
      <intensity>30.0</intensity>
      <mass-charge>199.0</mass-charge>
    </ei-ms-peak>
    <ei-ms-peak>
      <ei-ms-id>48</ei-ms-id>
      <id>4967</id>
      <intensity>10.0</intensity>
      <mass-charge>201.0</mass-charge>
    </ei-ms-peak>
    <ei-ms-peak>
      <ei-ms-id>48</ei-ms-id>
      <id>4968</id>
      <intensity>30.0</intensity>
      <mass-charge>214.0</mass-charge>
    </ei-ms-peak>
    <ei-ms-peak>
      <ei-ms-id>48</ei-ms-id>
      <id>4969</id>
      <intensity>30.0</intensity>
      <mass-charge>216.0</mass-charge>
    </ei-ms-peak>
    <ei-ms-peak>
      <ei-ms-id>48</ei-ms-id>
      <id>4970</id>
      <intensity>10.0</intensity>
      <mass-charge>233.0</mass-charge>
    </ei-ms-peak>
    <ei-ms-peak>
      <ei-ms-id>48</ei-ms-id>
      <id>4971</id>
      <intensity>60.0</intensity>
      <mass-charge>247.0</mass-charge>
    </ei-ms-peak>
    <ei-ms-peak>
      <ei-ms-id>48</ei-ms-id>
      <id>4972</id>
      <intensity>8320.0</intensity>
      <mass-charge>248.0</mass-charge>
    </ei-ms-peak>
    <ei-ms-peak>
      <ei-ms-id>48</ei-ms-id>
      <id>4973</id>
      <intensity>1250.0</intensity>
      <mass-charge>249.0</mass-charge>
    </ei-ms-peak>
    <ei-ms-peak>
      <ei-ms-id>48</ei-ms-id>
      <id>4974</id>
      <intensity>440.0</intensity>
      <mass-charge>250.0</mass-charge>
    </ei-ms-peak>
    <ei-ms-peak>
      <ei-ms-id>48</ei-ms-id>
      <id>4975</id>
      <intensity>40.0</intensity>
      <mass-charge>251.0</mass-charge>
    </ei-ms-peak>
  </ei-ms-peaks>
</ei-ms>
