<?xml version="1.0" encoding="UTF-8"?>
<ei-ms>
  <collection-date nil="true"/>
  <created-at>2014-09-20T16:18:38Z</created-at>
  <database-id>HMDB14577</database-id>
  <id>60</id>
  <inchi-key>WIKYUJGCLQQFNW-UHFFFAOYSA-N</inchi-key>
  <instrument-type nil="true"/>
  <molecule-id nil="true"/>
  <notes nil="true"/>
  <peak-counter>263</peak-counter>
  <sample-assessment nil="true"/>
  <sample-concentration nil="true"/>
  <sample-concentration-units nil="true"/>
  <sample-mass nil="true"/>
  <sample-mass-units nil="true"/>
  <sample-source nil="true"/>
  <solvent nil="true"/>
  <spectra-assessment nil="true"/>
  <updated-at>2014-09-20T16:18:38Z</updated-at>
  <references>
    <reference>
      <database>NIST</database>
      <database-id>58-38-8</database-id>
      <id>14932</id>
      <pubmed-id nil="true"/>
      <ref-text>NIST Mass Spec Data Center, S.E. Stein, director, "Mass Spectra" in NIST Chemistry WebBook, NIST Standard Reference Database Number 69, Eds. P.J. Linstrom and W.G. Mallard, National Institute of Standards and Technology, Gaithersburg MD, 20899, http://webbook.nist.gov, (retrieved September 6, 2014).</ref-text>
      <spectra-id>60</spectra-id>
      <spectra-type>EiMs</spectra-type>
    </reference>
  </references>
  <ei-ms-peaks>
    <ei-ms-peak>
      <ei-ms-id>60</ei-ms-id>
      <id>6000</id>
      <intensity>50.0</intensity>
      <mass-charge>15.0</mass-charge>
    </ei-ms-peak>
    <ei-ms-peak>
      <ei-ms-id>60</ei-ms-id>
      <id>6001</id>
      <intensity>20.0</intensity>
      <mass-charge>26.0</mass-charge>
    </ei-ms-peak>
    <ei-ms-peak>
      <ei-ms-id>60</ei-ms-id>
      <id>6002</id>
      <intensity>100.0</intensity>
      <mass-charge>27.0</mass-charge>
    </ei-ms-peak>
    <ei-ms-peak>
      <ei-ms-id>60</ei-ms-id>
      <id>6003</id>
      <intensity>330.0</intensity>
      <mass-charge>28.0</mass-charge>
    </ei-ms-peak>
    <ei-ms-peak>
      <ei-ms-id>60</ei-ms-id>
      <id>6004</id>
      <intensity>200.0</intensity>
      <mass-charge>29.0</mass-charge>
    </ei-ms-peak>
    <ei-ms-peak>
      <ei-ms-id>60</ei-ms-id>
      <id>6005</id>
      <intensity>180.0</intensity>
      <mass-charge>30.0</mass-charge>
    </ei-ms-peak>
    <ei-ms-peak>
      <ei-ms-id>60</ei-ms-id>
      <id>6006</id>
      <intensity>10.0</intensity>
      <mass-charge>31.0</mass-charge>
    </ei-ms-peak>
    <ei-ms-peak>
      <ei-ms-id>60</ei-ms-id>
      <id>6007</id>
      <intensity>20.0</intensity>
      <mass-charge>36.0</mass-charge>
    </ei-ms-peak>
    <ei-ms-peak>
      <ei-ms-id>60</ei-ms-id>
      <id>6008</id>
      <intensity>10.0</intensity>
      <mass-charge>38.0</mass-charge>
    </ei-ms-peak>
    <ei-ms-peak>
      <ei-ms-id>60</ei-ms-id>
      <id>6009</id>
      <intensity>140.0</intensity>
      <mass-charge>39.0</mass-charge>
    </ei-ms-peak>
    <ei-ms-peak>
      <ei-ms-id>60</ei-ms-id>
      <id>6010</id>
      <intensity>30.0</intensity>
      <mass-charge>40.0</mass-charge>
    </ei-ms-peak>
    <ei-ms-peak>
      <ei-ms-id>60</ei-ms-id>
      <id>6011</id>
      <intensity>710.0</intensity>
      <mass-charge>41.0</mass-charge>
    </ei-ms-peak>
    <ei-ms-peak>
      <ei-ms-id>60</ei-ms-id>
      <id>6012</id>
      <intensity>3580.0</intensity>
      <mass-charge>42.0</mass-charge>
    </ei-ms-peak>
    <ei-ms-peak>
      <ei-ms-id>60</ei-ms-id>
      <id>6013</id>
      <intensity>3910.0</intensity>
      <mass-charge>43.0</mass-charge>
    </ei-ms-peak>
    <ei-ms-peak>
      <ei-ms-id>60</ei-ms-id>
      <id>6014</id>
      <intensity>1480.0</intensity>
      <mass-charge>44.0</mass-charge>
    </ei-ms-peak>
    <ei-ms-peak>
      <ei-ms-id>60</ei-ms-id>
      <id>6015</id>
      <intensity>210.0</intensity>
      <mass-charge>45.0</mass-charge>
    </ei-ms-peak>
    <ei-ms-peak>
      <ei-ms-id>60</ei-ms-id>
      <id>6016</id>
      <intensity>50.0</intensity>
      <mass-charge>50.0</mass-charge>
    </ei-ms-peak>
    <ei-ms-peak>
      <ei-ms-id>60</ei-ms-id>
      <id>6017</id>
      <intensity>110.0</intensity>
      <mass-charge>51.0</mass-charge>
    </ei-ms-peak>
    <ei-ms-peak>
      <ei-ms-id>60</ei-ms-id>
      <id>6018</id>
      <intensity>40.0</intensity>
      <mass-charge>52.0</mass-charge>
    </ei-ms-peak>
    <ei-ms-peak>
      <ei-ms-id>60</ei-ms-id>
      <id>6019</id>
      <intensity>30.0</intensity>
      <mass-charge>53.0</mass-charge>
    </ei-ms-peak>
    <ei-ms-peak>
      <ei-ms-id>60</ei-ms-id>
      <id>6020</id>
      <intensity>250.0</intensity>
      <mass-charge>54.0</mass-charge>
    </ei-ms-peak>
    <ei-ms-peak>
      <ei-ms-id>60</ei-ms-id>
      <id>6021</id>
      <intensity>410.0</intensity>
      <mass-charge>55.0</mass-charge>
    </ei-ms-peak>
    <ei-ms-peak>
      <ei-ms-id>60</ei-ms-id>
      <id>6022</id>
      <intensity>1950.0</intensity>
      <mass-charge>56.0</mass-charge>
    </ei-ms-peak>
    <ei-ms-peak>
      <ei-ms-id>60</ei-ms-id>
      <id>6023</id>
      <intensity>930.0</intensity>
      <mass-charge>57.0</mass-charge>
    </ei-ms-peak>
    <ei-ms-peak>
      <ei-ms-id>60</ei-ms-id>
      <id>6024</id>
      <intensity>1580.0</intensity>
      <mass-charge>58.0</mass-charge>
    </ei-ms-peak>
    <ei-ms-peak>
      <ei-ms-id>60</ei-ms-id>
      <id>6025</id>
      <intensity>130.0</intensity>
      <mass-charge>59.0</mass-charge>
    </ei-ms-peak>
    <ei-ms-peak>
      <ei-ms-id>60</ei-ms-id>
      <id>6026</id>
      <intensity>30.0</intensity>
      <mass-charge>62.0</mass-charge>
    </ei-ms-peak>
    <ei-ms-peak>
      <ei-ms-id>60</ei-ms-id>
      <id>6027</id>
      <intensity>160.0</intensity>
      <mass-charge>63.0</mass-charge>
    </ei-ms-peak>
    <ei-ms-peak>
      <ei-ms-id>60</ei-ms-id>
      <id>6028</id>
      <intensity>30.0</intensity>
      <mass-charge>64.0</mass-charge>
    </ei-ms-peak>
    <ei-ms-peak>
      <ei-ms-id>60</ei-ms-id>
      <id>6029</id>
      <intensity>80.0</intensity>
      <mass-charge>65.0</mass-charge>
    </ei-ms-peak>
    <ei-ms-peak>
      <ei-ms-id>60</ei-ms-id>
      <id>6030</id>
      <intensity>30.0</intensity>
      <mass-charge>67.0</mass-charge>
    </ei-ms-peak>
    <ei-ms-peak>
      <ei-ms-id>60</ei-ms-id>
      <id>6031</id>
      <intensity>210.0</intensity>
      <mass-charge>68.0</mass-charge>
    </ei-ms-peak>
    <ei-ms-peak>
      <ei-ms-id>60</ei-ms-id>
      <id>6032</id>
      <intensity>440.0</intensity>
      <mass-charge>69.0</mass-charge>
    </ei-ms-peak>
    <ei-ms-peak>
      <ei-ms-id>60</ei-ms-id>
      <id>6033</id>
      <intensity>8889.0</intensity>
      <mass-charge>70.0</mass-charge>
    </ei-ms-peak>
    <ei-ms-peak>
      <ei-ms-id>60</ei-ms-id>
      <id>6034</id>
      <intensity>2160.0</intensity>
      <mass-charge>71.0</mass-charge>
    </ei-ms-peak>
    <ei-ms-peak>
      <ei-ms-id>60</ei-ms-id>
      <id>6035</id>
      <intensity>520.0</intensity>
      <mass-charge>72.0</mass-charge>
    </ei-ms-peak>
    <ei-ms-peak>
      <ei-ms-id>60</ei-ms-id>
      <id>6036</id>
      <intensity>50.0</intensity>
      <mass-charge>73.0</mass-charge>
    </ei-ms-peak>
    <ei-ms-peak>
      <ei-ms-id>60</ei-ms-id>
      <id>6037</id>
      <intensity>30.0</intensity>
      <mass-charge>74.0</mass-charge>
    </ei-ms-peak>
    <ei-ms-peak>
      <ei-ms-id>60</ei-ms-id>
      <id>6038</id>
      <intensity>110.0</intensity>
      <mass-charge>75.0</mass-charge>
    </ei-ms-peak>
    <ei-ms-peak>
      <ei-ms-id>60</ei-ms-id>
      <id>6039</id>
      <intensity>70.0</intensity>
      <mass-charge>76.0</mass-charge>
    </ei-ms-peak>
    <ei-ms-peak>
      <ei-ms-id>60</ei-ms-id>
      <id>6040</id>
      <intensity>180.0</intensity>
      <mass-charge>77.0</mass-charge>
    </ei-ms-peak>
    <ei-ms-peak>
      <ei-ms-id>60</ei-ms-id>
      <id>6041</id>
      <intensity>40.0</intensity>
      <mass-charge>78.0</mass-charge>
    </ei-ms-peak>
    <ei-ms-peak>
      <ei-ms-id>60</ei-ms-id>
      <id>6042</id>
      <intensity>40.0</intensity>
      <mass-charge>79.0</mass-charge>
    </ei-ms-peak>
    <ei-ms-peak>
      <ei-ms-id>60</ei-ms-id>
      <id>6043</id>
      <intensity>40.0</intensity>
      <mass-charge>80.0</mass-charge>
    </ei-ms-peak>
    <ei-ms-peak>
      <ei-ms-id>60</ei-ms-id>
      <id>6044</id>
      <intensity>70.0</intensity>
      <mass-charge>81.0</mass-charge>
    </ei-ms-peak>
    <ei-ms-peak>
      <ei-ms-id>60</ei-ms-id>
      <id>6045</id>
      <intensity>400.0</intensity>
      <mass-charge>82.0</mass-charge>
    </ei-ms-peak>
    <ei-ms-peak>
      <ei-ms-id>60</ei-ms-id>
      <id>6046</id>
      <intensity>490.0</intensity>
      <mass-charge>83.0</mass-charge>
    </ei-ms-peak>
    <ei-ms-peak>
      <ei-ms-id>60</ei-ms-id>
      <id>6047</id>
      <intensity>760.0</intensity>
      <mass-charge>84.0</mass-charge>
    </ei-ms-peak>
    <ei-ms-peak>
      <ei-ms-id>60</ei-ms-id>
      <id>6048</id>
      <intensity>990.0</intensity>
      <mass-charge>85.0</mass-charge>
    </ei-ms-peak>
    <ei-ms-peak>
      <ei-ms-id>60</ei-ms-id>
      <id>6049</id>
      <intensity>150.0</intensity>
      <mass-charge>86.0</mass-charge>
    </ei-ms-peak>
    <ei-ms-peak>
      <ei-ms-id>60</ei-ms-id>
      <id>6050</id>
      <intensity>20.0</intensity>
      <mass-charge>87.0</mass-charge>
    </ei-ms-peak>
    <ei-ms-peak>
      <ei-ms-id>60</ei-ms-id>
      <id>6051</id>
      <intensity>20.0</intensity>
      <mass-charge>88.0</mass-charge>
    </ei-ms-peak>
    <ei-ms-peak>
      <ei-ms-id>60</ei-ms-id>
      <id>6052</id>
      <intensity>60.0</intensity>
      <mass-charge>89.0</mass-charge>
    </ei-ms-peak>
    <ei-ms-peak>
      <ei-ms-id>60</ei-ms-id>
      <id>6053</id>
      <intensity>30.0</intensity>
      <mass-charge>90.0</mass-charge>
    </ei-ms-peak>
    <ei-ms-peak>
      <ei-ms-id>60</ei-ms-id>
      <id>6054</id>
      <intensity>40.0</intensity>
      <mass-charge>91.0</mass-charge>
    </ei-ms-peak>
    <ei-ms-peak>
      <ei-ms-id>60</ei-ms-id>
      <id>6055</id>
      <intensity>20.0</intensity>
      <mass-charge>92.0</mass-charge>
    </ei-ms-peak>
    <ei-ms-peak>
      <ei-ms-id>60</ei-ms-id>
      <id>6056</id>
      <intensity>50.0</intensity>
      <mass-charge>93.0</mass-charge>
    </ei-ms-peak>
    <ei-ms-peak>
      <ei-ms-id>60</ei-ms-id>
      <id>6057</id>
      <intensity>50.0</intensity>
      <mass-charge>94.0</mass-charge>
    </ei-ms-peak>
    <ei-ms-peak>
      <ei-ms-id>60</ei-ms-id>
      <id>6058</id>
      <intensity>160.0</intensity>
      <mass-charge>95.0</mass-charge>
    </ei-ms-peak>
    <ei-ms-peak>
      <ei-ms-id>60</ei-ms-id>
      <id>6059</id>
      <intensity>350.0</intensity>
      <mass-charge>96.0</mass-charge>
    </ei-ms-peak>
    <ei-ms-peak>
      <ei-ms-id>60</ei-ms-id>
      <id>6060</id>
      <intensity>630.0</intensity>
      <mass-charge>97.0</mass-charge>
    </ei-ms-peak>
    <ei-ms-peak>
      <ei-ms-id>60</ei-ms-id>
      <id>6061</id>
      <intensity>1120.0</intensity>
      <mass-charge>98.0</mass-charge>
    </ei-ms-peak>
    <ei-ms-peak>
      <ei-ms-id>60</ei-ms-id>
      <id>6062</id>
      <intensity>880.0</intensity>
      <mass-charge>99.0</mass-charge>
    </ei-ms-peak>
    <ei-ms-peak>
      <ei-ms-id>60</ei-ms-id>
      <id>6063</id>
      <intensity>130.0</intensity>
      <mass-charge>100.0</mass-charge>
    </ei-ms-peak>
    <ei-ms-peak>
      <ei-ms-id>60</ei-ms-id>
      <id>6064</id>
      <intensity>90.0</intensity>
      <mass-charge>101.0</mass-charge>
    </ei-ms-peak>
    <ei-ms-peak>
      <ei-ms-id>60</ei-ms-id>
      <id>6065</id>
      <intensity>50.0</intensity>
      <mass-charge>102.0</mass-charge>
    </ei-ms-peak>
    <ei-ms-peak>
      <ei-ms-id>60</ei-ms-id>
      <id>6066</id>
      <intensity>40.0</intensity>
      <mass-charge>103.0</mass-charge>
    </ei-ms-peak>
    <ei-ms-peak>
      <ei-ms-id>60</ei-ms-id>
      <id>6067</id>
      <intensity>30.0</intensity>
      <mass-charge>104.0</mass-charge>
    </ei-ms-peak>
    <ei-ms-peak>
      <ei-ms-id>60</ei-ms-id>
      <id>6068</id>
      <intensity>60.0</intensity>
      <mass-charge>105.0</mass-charge>
    </ei-ms-peak>
    <ei-ms-peak>
      <ei-ms-id>60</ei-ms-id>
      <id>6069</id>
      <intensity>60.0</intensity>
      <mass-charge>107.0</mass-charge>
    </ei-ms-peak>
    <ei-ms-peak>
      <ei-ms-id>60</ei-ms-id>
      <id>6070</id>
      <intensity>160.0</intensity>
      <mass-charge>108.0</mass-charge>
    </ei-ms-peak>
    <ei-ms-peak>
      <ei-ms-id>60</ei-ms-id>
      <id>6071</id>
      <intensity>130.0</intensity>
      <mass-charge>109.0</mass-charge>
    </ei-ms-peak>
    <ei-ms-peak>
      <ei-ms-id>60</ei-ms-id>
      <id>6072</id>
      <intensity>50.0</intensity>
      <mass-charge>110.0</mass-charge>
    </ei-ms-peak>
    <ei-ms-peak>
      <ei-ms-id>60</ei-ms-id>
      <id>6073</id>
      <intensity>960.0</intensity>
      <mass-charge>111.0</mass-charge>
    </ei-ms-peak>
    <ei-ms-peak>
      <ei-ms-id>60</ei-ms-id>
      <id>6074</id>
      <intensity>250.0</intensity>
      <mass-charge>112.0</mass-charge>
    </ei-ms-peak>
    <ei-ms-peak>
      <ei-ms-id>60</ei-ms-id>
      <id>6075</id>
      <intensity>9999.0</intensity>
      <mass-charge>113.0</mass-charge>
    </ei-ms-peak>
    <ei-ms-peak>
      <ei-ms-id>60</ei-ms-id>
      <id>6076</id>
      <intensity>1050.0</intensity>
      <mass-charge>114.0</mass-charge>
    </ei-ms-peak>
    <ei-ms-peak>
      <ei-ms-id>60</ei-ms-id>
      <id>6077</id>
      <intensity>90.0</intensity>
      <mass-charge>115.0</mass-charge>
    </ei-ms-peak>
    <ei-ms-peak>
      <ei-ms-id>60</ei-ms-id>
      <id>6078</id>
      <intensity>30.0</intensity>
      <mass-charge>116.0</mass-charge>
    </ei-ms-peak>
    <ei-ms-peak>
      <ei-ms-id>60</ei-ms-id>
      <id>6079</id>
      <intensity>30.0</intensity>
      <mass-charge>117.0</mass-charge>
    </ei-ms-peak>
    <ei-ms-peak>
      <ei-ms-id>60</ei-ms-id>
      <id>6080</id>
      <intensity>20.0</intensity>
      <mass-charge>118.0</mass-charge>
    </ei-ms-peak>
    <ei-ms-peak>
      <ei-ms-id>60</ei-ms-id>
      <id>6081</id>
      <intensity>30.0</intensity>
      <mass-charge>119.0</mass-charge>
    </ei-ms-peak>
    <ei-ms-peak>
      <ei-ms-id>60</ei-ms-id>
      <id>6082</id>
      <intensity>40.0</intensity>
      <mass-charge>120.0</mass-charge>
    </ei-ms-peak>
    <ei-ms-peak>
      <ei-ms-id>60</ei-ms-id>
      <id>6083</id>
      <intensity>30.0</intensity>
      <mass-charge>121.0</mass-charge>
    </ei-ms-peak>
    <ei-ms-peak>
      <ei-ms-id>60</ei-ms-id>
      <id>6084</id>
      <intensity>20.0</intensity>
      <mass-charge>122.0</mass-charge>
    </ei-ms-peak>
    <ei-ms-peak>
      <ei-ms-id>60</ei-ms-id>
      <id>6085</id>
      <intensity>50.0</intensity>
      <mass-charge>123.0</mass-charge>
    </ei-ms-peak>
    <ei-ms-peak>
      <ei-ms-id>60</ei-ms-id>
      <id>6086</id>
      <intensity>60.0</intensity>
      <mass-charge>124.0</mass-charge>
    </ei-ms-peak>
    <ei-ms-peak>
      <ei-ms-id>60</ei-ms-id>
      <id>6087</id>
      <intensity>190.0</intensity>
      <mass-charge>125.0</mass-charge>
    </ei-ms-peak>
    <ei-ms-peak>
      <ei-ms-id>60</ei-ms-id>
      <id>6088</id>
      <intensity>150.0</intensity>
      <mass-charge>126.0</mass-charge>
    </ei-ms-peak>
    <ei-ms-peak>
      <ei-ms-id>60</ei-ms-id>
      <id>6089</id>
      <intensity>1950.0</intensity>
      <mass-charge>127.0</mass-charge>
    </ei-ms-peak>
    <ei-ms-peak>
      <ei-ms-id>60</ei-ms-id>
      <id>6090</id>
      <intensity>220.0</intensity>
      <mass-charge>128.0</mass-charge>
    </ei-ms-peak>
    <ei-ms-peak>
      <ei-ms-id>60</ei-ms-id>
      <id>6091</id>
      <intensity>30.0</intensity>
      <mass-charge>129.0</mass-charge>
    </ei-ms-peak>
    <ei-ms-peak>
      <ei-ms-id>60</ei-ms-id>
      <id>6092</id>
      <intensity>40.0</intensity>
      <mass-charge>130.0</mass-charge>
    </ei-ms-peak>
    <ei-ms-peak>
      <ei-ms-id>60</ei-ms-id>
      <id>6093</id>
      <intensity>10.0</intensity>
      <mass-charge>132.0</mass-charge>
    </ei-ms-peak>
    <ei-ms-peak>
      <ei-ms-id>60</ei-ms-id>
      <id>6094</id>
      <intensity>30.0</intensity>
      <mass-charge>133.0</mass-charge>
    </ei-ms-peak>
    <ei-ms-peak>
      <ei-ms-id>60</ei-ms-id>
      <id>6095</id>
      <intensity>40.0</intensity>
      <mass-charge>134.0</mass-charge>
    </ei-ms-peak>
    <ei-ms-peak>
      <ei-ms-id>60</ei-ms-id>
      <id>6096</id>
      <intensity>20.0</intensity>
      <mass-charge>135.0</mass-charge>
    </ei-ms-peak>
    <ei-ms-peak>
      <ei-ms-id>60</ei-ms-id>
      <id>6097</id>
      <intensity>40.0</intensity>
      <mass-charge>136.0</mass-charge>
    </ei-ms-peak>
    <ei-ms-peak>
      <ei-ms-id>60</ei-ms-id>
      <id>6098</id>
      <intensity>50.0</intensity>
      <mass-charge>137.0</mass-charge>
    </ei-ms-peak>
    <ei-ms-peak>
      <ei-ms-id>60</ei-ms-id>
      <id>6099</id>
      <intensity>80.0</intensity>
      <mass-charge>138.0</mass-charge>
    </ei-ms-peak>
    <ei-ms-peak>
      <ei-ms-id>60</ei-ms-id>
      <id>6100</id>
      <intensity>550.0</intensity>
      <mass-charge>139.0</mass-charge>
    </ei-ms-peak>
    <ei-ms-peak>
      <ei-ms-id>60</ei-ms-id>
      <id>6101</id>
      <intensity>190.0</intensity>
      <mass-charge>140.0</mass-charge>
    </ei-ms-peak>
    <ei-ms-peak>
      <ei-ms-id>60</ei-ms-id>
      <id>6102</id>
      <intensity>4700.0</intensity>
      <mass-charge>141.0</mass-charge>
    </ei-ms-peak>
    <ei-ms-peak>
      <ei-ms-id>60</ei-ms-id>
      <id>6103</id>
      <intensity>440.0</intensity>
      <mass-charge>142.0</mass-charge>
    </ei-ms-peak>
    <ei-ms-peak>
      <ei-ms-id>60</ei-ms-id>
      <id>6104</id>
      <intensity>40.0</intensity>
      <mass-charge>143.0</mass-charge>
    </ei-ms-peak>
    <ei-ms-peak>
      <ei-ms-id>60</ei-ms-id>
      <id>6105</id>
      <intensity>20.0</intensity>
      <mass-charge>144.0</mass-charge>
    </ei-ms-peak>
    <ei-ms-peak>
      <ei-ms-id>60</ei-ms-id>
      <id>6106</id>
      <intensity>40.0</intensity>
      <mass-charge>145.0</mass-charge>
    </ei-ms-peak>
    <ei-ms-peak>
      <ei-ms-id>60</ei-ms-id>
      <id>6107</id>
      <intensity>50.0</intensity>
      <mass-charge>146.0</mass-charge>
    </ei-ms-peak>
    <ei-ms-peak>
      <ei-ms-id>60</ei-ms-id>
      <id>6108</id>
      <intensity>20.0</intensity>
      <mass-charge>147.0</mass-charge>
    </ei-ms-peak>
    <ei-ms-peak>
      <ei-ms-id>60</ei-ms-id>
      <id>6109</id>
      <intensity>20.0</intensity>
      <mass-charge>148.0</mass-charge>
    </ei-ms-peak>
    <ei-ms-peak>
      <ei-ms-id>60</ei-ms-id>
      <id>6110</id>
      <intensity>30.0</intensity>
      <mass-charge>149.0</mass-charge>
    </ei-ms-peak>
    <ei-ms-peak>
      <ei-ms-id>60</ei-ms-id>
      <id>6111</id>
      <intensity>40.0</intensity>
      <mass-charge>150.0</mass-charge>
    </ei-ms-peak>
    <ei-ms-peak>
      <ei-ms-id>60</ei-ms-id>
      <id>6112</id>
      <intensity>160.0</intensity>
      <mass-charge>151.0</mass-charge>
    </ei-ms-peak>
    <ei-ms-peak>
      <ei-ms-id>60</ei-ms-id>
      <id>6113</id>
      <intensity>350.0</intensity>
      <mass-charge>152.0</mass-charge>
    </ei-ms-peak>
    <ei-ms-peak>
      <ei-ms-id>60</ei-ms-id>
      <id>6114</id>
      <intensity>260.0</intensity>
      <mass-charge>153.0</mass-charge>
    </ei-ms-peak>
    <ei-ms-peak>
      <ei-ms-id>60</ei-ms-id>
      <id>6115</id>
      <intensity>90.0</intensity>
      <mass-charge>154.0</mass-charge>
    </ei-ms-peak>
    <ei-ms-peak>
      <ei-ms-id>60</ei-ms-id>
      <id>6116</id>
      <intensity>20.0</intensity>
      <mass-charge>155.0</mass-charge>
    </ei-ms-peak>
    <ei-ms-peak>
      <ei-ms-id>60</ei-ms-id>
      <id>6117</id>
      <intensity>10.0</intensity>
      <mass-charge>157.0</mass-charge>
    </ei-ms-peak>
    <ei-ms-peak>
      <ei-ms-id>60</ei-ms-id>
      <id>6118</id>
      <intensity>30.0</intensity>
      <mass-charge>158.0</mass-charge>
    </ei-ms-peak>
    <ei-ms-peak>
      <ei-ms-id>60</ei-ms-id>
      <id>6119</id>
      <intensity>20.0</intensity>
      <mass-charge>159.0</mass-charge>
    </ei-ms-peak>
    <ei-ms-peak>
      <ei-ms-id>60</ei-ms-id>
      <id>6120</id>
      <intensity>20.0</intensity>
      <mass-charge>160.0</mass-charge>
    </ei-ms-peak>
    <ei-ms-peak>
      <ei-ms-id>60</ei-ms-id>
      <id>6121</id>
      <intensity>20.0</intensity>
      <mass-charge>161.0</mass-charge>
    </ei-ms-peak>
    <ei-ms-peak>
      <ei-ms-id>60</ei-ms-id>
      <id>6122</id>
      <intensity>50.0</intensity>
      <mass-charge>162.0</mass-charge>
    </ei-ms-peak>
    <ei-ms-peak>
      <ei-ms-id>60</ei-ms-id>
      <id>6123</id>
      <intensity>30.0</intensity>
      <mass-charge>163.0</mass-charge>
    </ei-ms-peak>
    <ei-ms-peak>
      <ei-ms-id>60</ei-ms-id>
      <id>6124</id>
      <intensity>190.0</intensity>
      <mass-charge>164.0</mass-charge>
    </ei-ms-peak>
    <ei-ms-peak>
      <ei-ms-id>60</ei-ms-id>
      <id>6125</id>
      <intensity>120.0</intensity>
      <mass-charge>165.0</mass-charge>
    </ei-ms-peak>
    <ei-ms-peak>
      <ei-ms-id>60</ei-ms-id>
      <id>6126</id>
      <intensity>160.0</intensity>
      <mass-charge>166.0</mass-charge>
    </ei-ms-peak>
    <ei-ms-peak>
      <ei-ms-id>60</ei-ms-id>
      <id>6127</id>
      <intensity>200.0</intensity>
      <mass-charge>167.0</mass-charge>
    </ei-ms-peak>
    <ei-ms-peak>
      <ei-ms-id>60</ei-ms-id>
      <id>6128</id>
      <intensity>50.0</intensity>
      <mass-charge>168.0</mass-charge>
    </ei-ms-peak>
    <ei-ms-peak>
      <ei-ms-id>60</ei-ms-id>
      <id>6129</id>
      <intensity>80.0</intensity>
      <mass-charge>169.0</mass-charge>
    </ei-ms-peak>
    <ei-ms-peak>
      <ei-ms-id>60</ei-ms-id>
      <id>6130</id>
      <intensity>110.0</intensity>
      <mass-charge>170.0</mass-charge>
    </ei-ms-peak>
    <ei-ms-peak>
      <ei-ms-id>60</ei-ms-id>
      <id>6131</id>
      <intensity>110.0</intensity>
      <mass-charge>171.0</mass-charge>
    </ei-ms-peak>
    <ei-ms-peak>
      <ei-ms-id>60</ei-ms-id>
      <id>6132</id>
      <intensity>40.0</intensity>
      <mass-charge>172.0</mass-charge>
    </ei-ms-peak>
    <ei-ms-peak>
      <ei-ms-id>60</ei-ms-id>
      <id>6133</id>
      <intensity>40.0</intensity>
      <mass-charge>173.0</mass-charge>
    </ei-ms-peak>
    <ei-ms-peak>
      <ei-ms-id>60</ei-ms-id>
      <id>6134</id>
      <intensity>30.0</intensity>
      <mass-charge>174.0</mass-charge>
    </ei-ms-peak>
    <ei-ms-peak>
      <ei-ms-id>60</ei-ms-id>
      <id>6135</id>
      <intensity>30.0</intensity>
      <mass-charge>175.0</mass-charge>
    </ei-ms-peak>
    <ei-ms-peak>
      <ei-ms-id>60</ei-ms-id>
      <id>6136</id>
      <intensity>40.0</intensity>
      <mass-charge>176.0</mass-charge>
    </ei-ms-peak>
    <ei-ms-peak>
      <ei-ms-id>60</ei-ms-id>
      <id>6137</id>
      <intensity>150.0</intensity>
      <mass-charge>177.0</mass-charge>
    </ei-ms-peak>
    <ei-ms-peak>
      <ei-ms-id>60</ei-ms-id>
      <id>6138</id>
      <intensity>210.0</intensity>
      <mass-charge>178.0</mass-charge>
    </ei-ms-peak>
    <ei-ms-peak>
      <ei-ms-id>60</ei-ms-id>
      <id>6139</id>
      <intensity>230.0</intensity>
      <mass-charge>179.0</mass-charge>
    </ei-ms-peak>
    <ei-ms-peak>
      <ei-ms-id>60</ei-ms-id>
      <id>6140</id>
      <intensity>110.0</intensity>
      <mass-charge>180.0</mass-charge>
    </ei-ms-peak>
    <ei-ms-peak>
      <ei-ms-id>60</ei-ms-id>
      <id>6141</id>
      <intensity>30.0</intensity>
      <mass-charge>181.0</mass-charge>
    </ei-ms-peak>
    <ei-ms-peak>
      <ei-ms-id>60</ei-ms-id>
      <id>6142</id>
      <intensity>50.0</intensity>
      <mass-charge>182.0</mass-charge>
    </ei-ms-peak>
    <ei-ms-peak>
      <ei-ms-id>60</ei-ms-id>
      <id>6143</id>
      <intensity>110.0</intensity>
      <mass-charge>183.0</mass-charge>
    </ei-ms-peak>
    <ei-ms-peak>
      <ei-ms-id>60</ei-ms-id>
      <id>6144</id>
      <intensity>150.0</intensity>
      <mass-charge>184.0</mass-charge>
    </ei-ms-peak>
    <ei-ms-peak>
      <ei-ms-id>60</ei-ms-id>
      <id>6145</id>
      <intensity>50.0</intensity>
      <mass-charge>185.0</mass-charge>
    </ei-ms-peak>
    <ei-ms-peak>
      <ei-ms-id>60</ei-ms-id>
      <id>6146</id>
      <intensity>40.0</intensity>
      <mass-charge>186.0</mass-charge>
    </ei-ms-peak>
    <ei-ms-peak>
      <ei-ms-id>60</ei-ms-id>
      <id>6147</id>
      <intensity>50.0</intensity>
      <mass-charge>187.0</mass-charge>
    </ei-ms-peak>
    <ei-ms-peak>
      <ei-ms-id>60</ei-ms-id>
      <id>6148</id>
      <intensity>230.0</intensity>
      <mass-charge>188.0</mass-charge>
    </ei-ms-peak>
    <ei-ms-peak>
      <ei-ms-id>60</ei-ms-id>
      <id>6149</id>
      <intensity>50.0</intensity>
      <mass-charge>189.0</mass-charge>
    </ei-ms-peak>
    <ei-ms-peak>
      <ei-ms-id>60</ei-ms-id>
      <id>6150</id>
      <intensity>90.0</intensity>
      <mass-charge>190.0</mass-charge>
    </ei-ms-peak>
    <ei-ms-peak>
      <ei-ms-id>60</ei-ms-id>
      <id>6151</id>
      <intensity>80.0</intensity>
      <mass-charge>191.0</mass-charge>
    </ei-ms-peak>
    <ei-ms-peak>
      <ei-ms-id>60</ei-ms-id>
      <id>6152</id>
      <intensity>40.0</intensity>
      <mass-charge>192.0</mass-charge>
    </ei-ms-peak>
    <ei-ms-peak>
      <ei-ms-id>60</ei-ms-id>
      <id>6153</id>
      <intensity>20.0</intensity>
      <mass-charge>193.0</mass-charge>
    </ei-ms-peak>
    <ei-ms-peak>
      <ei-ms-id>60</ei-ms-id>
      <id>6154</id>
      <intensity>30.0</intensity>
      <mass-charge>194.0</mass-charge>
    </ei-ms-peak>
    <ei-ms-peak>
      <ei-ms-id>60</ei-ms-id>
      <id>6155</id>
      <intensity>30.0</intensity>
      <mass-charge>195.0</mass-charge>
    </ei-ms-peak>
    <ei-ms-peak>
      <ei-ms-id>60</ei-ms-id>
      <id>6156</id>
      <intensity>600.0</intensity>
      <mass-charge>196.0</mass-charge>
    </ei-ms-peak>
    <ei-ms-peak>
      <ei-ms-id>60</ei-ms-id>
      <id>6157</id>
      <intensity>610.0</intensity>
      <mass-charge>197.0</mass-charge>
    </ei-ms-peak>
    <ei-ms-peak>
      <ei-ms-id>60</ei-ms-id>
      <id>6158</id>
      <intensity>400.0</intensity>
      <mass-charge>198.0</mass-charge>
    </ei-ms-peak>
    <ei-ms-peak>
      <ei-ms-id>60</ei-ms-id>
      <id>6159</id>
      <intensity>130.0</intensity>
      <mass-charge>199.0</mass-charge>
    </ei-ms-peak>
    <ei-ms-peak>
      <ei-ms-id>60</ei-ms-id>
      <id>6160</id>
      <intensity>200.0</intensity>
      <mass-charge>200.0</mass-charge>
    </ei-ms-peak>
    <ei-ms-peak>
      <ei-ms-id>60</ei-ms-id>
      <id>6161</id>
      <intensity>140.0</intensity>
      <mass-charge>201.0</mass-charge>
    </ei-ms-peak>
    <ei-ms-peak>
      <ei-ms-id>60</ei-ms-id>
      <id>6162</id>
      <intensity>80.0</intensity>
      <mass-charge>202.0</mass-charge>
    </ei-ms-peak>
    <ei-ms-peak>
      <ei-ms-id>60</ei-ms-id>
      <id>6163</id>
      <intensity>50.0</intensity>
      <mass-charge>203.0</mass-charge>
    </ei-ms-peak>
    <ei-ms-peak>
      <ei-ms-id>60</ei-ms-id>
      <id>6164</id>
      <intensity>100.0</intensity>
      <mass-charge>204.0</mass-charge>
    </ei-ms-peak>
    <ei-ms-peak>
      <ei-ms-id>60</ei-ms-id>
      <id>6165</id>
      <intensity>110.0</intensity>
      <mass-charge>205.0</mass-charge>
    </ei-ms-peak>
    <ei-ms-peak>
      <ei-ms-id>60</ei-ms-id>
      <id>6166</id>
      <intensity>70.0</intensity>
      <mass-charge>206.0</mass-charge>
    </ei-ms-peak>
    <ei-ms-peak>
      <ei-ms-id>60</ei-ms-id>
      <id>6167</id>
      <intensity>50.0</intensity>
      <mass-charge>207.0</mass-charge>
    </ei-ms-peak>
    <ei-ms-peak>
      <ei-ms-id>60</ei-ms-id>
      <id>6168</id>
      <intensity>40.0</intensity>
      <mass-charge>208.0</mass-charge>
    </ei-ms-peak>
    <ei-ms-peak>
      <ei-ms-id>60</ei-ms-id>
      <id>6169</id>
      <intensity>120.0</intensity>
      <mass-charge>209.0</mass-charge>
    </ei-ms-peak>
    <ei-ms-peak>
      <ei-ms-id>60</ei-ms-id>
      <id>6170</id>
      <intensity>290.0</intensity>
      <mass-charge>210.0</mass-charge>
    </ei-ms-peak>
    <ei-ms-peak>
      <ei-ms-id>60</ei-ms-id>
      <id>6171</id>
      <intensity>430.0</intensity>
      <mass-charge>211.0</mass-charge>
    </ei-ms-peak>
    <ei-ms-peak>
      <ei-ms-id>60</ei-ms-id>
      <id>6172</id>
      <intensity>650.0</intensity>
      <mass-charge>212.0</mass-charge>
    </ei-ms-peak>
    <ei-ms-peak>
      <ei-ms-id>60</ei-ms-id>
      <id>6173</id>
      <intensity>370.0</intensity>
      <mass-charge>213.0</mass-charge>
    </ei-ms-peak>
    <ei-ms-peak>
      <ei-ms-id>60</ei-ms-id>
      <id>6174</id>
      <intensity>1820.0</intensity>
      <mass-charge>214.0</mass-charge>
    </ei-ms-peak>
    <ei-ms-peak>
      <ei-ms-id>60</ei-ms-id>
      <id>6175</id>
      <intensity>350.0</intensity>
      <mass-charge>215.0</mass-charge>
    </ei-ms-peak>
    <ei-ms-peak>
      <ei-ms-id>60</ei-ms-id>
      <id>6176</id>
      <intensity>580.0</intensity>
      <mass-charge>216.0</mass-charge>
    </ei-ms-peak>
    <ei-ms-peak>
      <ei-ms-id>60</ei-ms-id>
      <id>6177</id>
      <intensity>90.0</intensity>
      <mass-charge>217.0</mass-charge>
    </ei-ms-peak>
    <ei-ms-peak>
      <ei-ms-id>60</ei-ms-id>
      <id>6178</id>
      <intensity>50.0</intensity>
      <mass-charge>218.0</mass-charge>
    </ei-ms-peak>
    <ei-ms-peak>
      <ei-ms-id>60</ei-ms-id>
      <id>6179</id>
      <intensity>20.0</intensity>
      <mass-charge>219.0</mass-charge>
    </ei-ms-peak>
    <ei-ms-peak>
      <ei-ms-id>60</ei-ms-id>
      <id>6180</id>
      <intensity>30.0</intensity>
      <mass-charge>220.0</mass-charge>
    </ei-ms-peak>
    <ei-ms-peak>
      <ei-ms-id>60</ei-ms-id>
      <id>6181</id>
      <intensity>10.0</intensity>
      <mass-charge>221.0</mass-charge>
    </ei-ms-peak>
    <ei-ms-peak>
      <ei-ms-id>60</ei-ms-id>
      <id>6182</id>
      <intensity>40.0</intensity>
      <mass-charge>222.0</mass-charge>
    </ei-ms-peak>
    <ei-ms-peak>
      <ei-ms-id>60</ei-ms-id>
      <id>6183</id>
      <intensity>300.0</intensity>
      <mass-charge>223.0</mass-charge>
    </ei-ms-peak>
    <ei-ms-peak>
      <ei-ms-id>60</ei-ms-id>
      <id>6184</id>
      <intensity>160.0</intensity>
      <mass-charge>224.0</mass-charge>
    </ei-ms-peak>
    <ei-ms-peak>
      <ei-ms-id>60</ei-ms-id>
      <id>6185</id>
      <intensity>150.0</intensity>
      <mass-charge>225.0</mass-charge>
    </ei-ms-peak>
    <ei-ms-peak>
      <ei-ms-id>60</ei-ms-id>
      <id>6186</id>
      <intensity>60.0</intensity>
      <mass-charge>226.0</mass-charge>
    </ei-ms-peak>
    <ei-ms-peak>
      <ei-ms-id>60</ei-ms-id>
      <id>6187</id>
      <intensity>50.0</intensity>
      <mass-charge>227.0</mass-charge>
    </ei-ms-peak>
    <ei-ms-peak>
      <ei-ms-id>60</ei-ms-id>
      <id>6188</id>
      <intensity>60.0</intensity>
      <mass-charge>228.0</mass-charge>
    </ei-ms-peak>
    <ei-ms-peak>
      <ei-ms-id>60</ei-ms-id>
      <id>6189</id>
      <intensity>20.0</intensity>
      <mass-charge>229.0</mass-charge>
    </ei-ms-peak>
    <ei-ms-peak>
      <ei-ms-id>60</ei-ms-id>
      <id>6190</id>
      <intensity>30.0</intensity>
      <mass-charge>230.0</mass-charge>
    </ei-ms-peak>
    <ei-ms-peak>
      <ei-ms-id>60</ei-ms-id>
      <id>6191</id>
      <intensity>90.0</intensity>
      <mass-charge>231.0</mass-charge>
    </ei-ms-peak>
    <ei-ms-peak>
      <ei-ms-id>60</ei-ms-id>
      <id>6192</id>
      <intensity>2210.0</intensity>
      <mass-charge>232.0</mass-charge>
    </ei-ms-peak>
    <ei-ms-peak>
      <ei-ms-id>60</ei-ms-id>
      <id>6193</id>
      <intensity>1230.0</intensity>
      <mass-charge>233.0</mass-charge>
    </ei-ms-peak>
    <ei-ms-peak>
      <ei-ms-id>60</ei-ms-id>
      <id>6194</id>
      <intensity>960.0</intensity>
      <mass-charge>234.0</mass-charge>
    </ei-ms-peak>
    <ei-ms-peak>
      <ei-ms-id>60</ei-ms-id>
      <id>6195</id>
      <intensity>440.0</intensity>
      <mass-charge>235.0</mass-charge>
    </ei-ms-peak>
    <ei-ms-peak>
      <ei-ms-id>60</ei-ms-id>
      <id>6196</id>
      <intensity>160.0</intensity>
      <mass-charge>236.0</mass-charge>
    </ei-ms-peak>
    <ei-ms-peak>
      <ei-ms-id>60</ei-ms-id>
      <id>6197</id>
      <intensity>100.0</intensity>
      <mass-charge>237.0</mass-charge>
    </ei-ms-peak>
    <ei-ms-peak>
      <ei-ms-id>60</ei-ms-id>
      <id>6198</id>
      <intensity>200.0</intensity>
      <mass-charge>238.0</mass-charge>
    </ei-ms-peak>
    <ei-ms-peak>
      <ei-ms-id>60</ei-ms-id>
      <id>6199</id>
      <intensity>170.0</intensity>
      <mass-charge>239.0</mass-charge>
    </ei-ms-peak>
    <ei-ms-peak>
      <ei-ms-id>60</ei-ms-id>
      <id>6200</id>
      <intensity>90.0</intensity>
      <mass-charge>240.0</mass-charge>
    </ei-ms-peak>
    <ei-ms-peak>
      <ei-ms-id>60</ei-ms-id>
      <id>6201</id>
      <intensity>50.0</intensity>
      <mass-charge>241.0</mass-charge>
    </ei-ms-peak>
    <ei-ms-peak>
      <ei-ms-id>60</ei-ms-id>
      <id>6202</id>
      <intensity>30.0</intensity>
      <mass-charge>242.0</mass-charge>
    </ei-ms-peak>
    <ei-ms-peak>
      <ei-ms-id>60</ei-ms-id>
      <id>6203</id>
      <intensity>10.0</intensity>
      <mass-charge>243.0</mass-charge>
    </ei-ms-peak>
    <ei-ms-peak>
      <ei-ms-id>60</ei-ms-id>
      <id>6204</id>
      <intensity>110.0</intensity>
      <mass-charge>244.0</mass-charge>
    </ei-ms-peak>
    <ei-ms-peak>
      <ei-ms-id>60</ei-ms-id>
      <id>6205</id>
      <intensity>80.0</intensity>
      <mass-charge>245.0</mass-charge>
    </ei-ms-peak>
    <ei-ms-peak>
      <ei-ms-id>60</ei-ms-id>
      <id>6206</id>
      <intensity>1240.0</intensity>
      <mass-charge>246.0</mass-charge>
    </ei-ms-peak>
    <ei-ms-peak>
      <ei-ms-id>60</ei-ms-id>
      <id>6207</id>
      <intensity>890.0</intensity>
      <mass-charge>247.0</mass-charge>
    </ei-ms-peak>
    <ei-ms-peak>
      <ei-ms-id>60</ei-ms-id>
      <id>6208</id>
      <intensity>560.0</intensity>
      <mass-charge>248.0</mass-charge>
    </ei-ms-peak>
    <ei-ms-peak>
      <ei-ms-id>60</ei-ms-id>
      <id>6209</id>
      <intensity>310.0</intensity>
      <mass-charge>249.0</mass-charge>
    </ei-ms-peak>
    <ei-ms-peak>
      <ei-ms-id>60</ei-ms-id>
      <id>6210</id>
      <intensity>60.0</intensity>
      <mass-charge>250.0</mass-charge>
    </ei-ms-peak>
    <ei-ms-peak>
      <ei-ms-id>60</ei-ms-id>
      <id>6211</id>
      <intensity>20.0</intensity>
      <mass-charge>251.0</mass-charge>
    </ei-ms-peak>
    <ei-ms-peak>
      <ei-ms-id>60</ei-ms-id>
      <id>6212</id>
      <intensity>10.0</intensity>
      <mass-charge>253.0</mass-charge>
    </ei-ms-peak>
    <ei-ms-peak>
      <ei-ms-id>60</ei-ms-id>
      <id>6213</id>
      <intensity>60.0</intensity>
      <mass-charge>257.0</mass-charge>
    </ei-ms-peak>
    <ei-ms-peak>
      <ei-ms-id>60</ei-ms-id>
      <id>6214</id>
      <intensity>280.0</intensity>
      <mass-charge>258.0</mass-charge>
    </ei-ms-peak>
    <ei-ms-peak>
      <ei-ms-id>60</ei-ms-id>
      <id>6215</id>
      <intensity>650.0</intensity>
      <mass-charge>259.0</mass-charge>
    </ei-ms-peak>
    <ei-ms-peak>
      <ei-ms-id>60</ei-ms-id>
      <id>6216</id>
      <intensity>810.0</intensity>
      <mass-charge>260.0</mass-charge>
    </ei-ms-peak>
    <ei-ms-peak>
      <ei-ms-id>60</ei-ms-id>
      <id>6217</id>
      <intensity>320.0</intensity>
      <mass-charge>261.0</mass-charge>
    </ei-ms-peak>
    <ei-ms-peak>
      <ei-ms-id>60</ei-ms-id>
      <id>6218</id>
      <intensity>270.0</intensity>
      <mass-charge>262.0</mass-charge>
    </ei-ms-peak>
    <ei-ms-peak>
      <ei-ms-id>60</ei-ms-id>
      <id>6219</id>
      <intensity>50.0</intensity>
      <mass-charge>263.0</mass-charge>
    </ei-ms-peak>
    <ei-ms-peak>
      <ei-ms-id>60</ei-ms-id>
      <id>6220</id>
      <intensity>10.0</intensity>
      <mass-charge>264.0</mass-charge>
    </ei-ms-peak>
    <ei-ms-peak>
      <ei-ms-id>60</ei-ms-id>
      <id>6221</id>
      <intensity>10.0</intensity>
      <mass-charge>266.0</mass-charge>
    </ei-ms-peak>
    <ei-ms-peak>
      <ei-ms-id>60</ei-ms-id>
      <id>6222</id>
      <intensity>30.0</intensity>
      <mass-charge>268.0</mass-charge>
    </ei-ms-peak>
    <ei-ms-peak>
      <ei-ms-id>60</ei-ms-id>
      <id>6223</id>
      <intensity>20.0</intensity>
      <mass-charge>270.0</mass-charge>
    </ei-ms-peak>
    <ei-ms-peak>
      <ei-ms-id>60</ei-ms-id>
      <id>6224</id>
      <intensity>20.0</intensity>
      <mass-charge>271.0</mass-charge>
    </ei-ms-peak>
    <ei-ms-peak>
      <ei-ms-id>60</ei-ms-id>
      <id>6225</id>
      <intensity>1770.0</intensity>
      <mass-charge>272.0</mass-charge>
    </ei-ms-peak>
    <ei-ms-peak>
      <ei-ms-id>60</ei-ms-id>
      <id>6226</id>
      <intensity>920.0</intensity>
      <mass-charge>273.0</mass-charge>
    </ei-ms-peak>
    <ei-ms-peak>
      <ei-ms-id>60</ei-ms-id>
      <id>6227</id>
      <intensity>780.0</intensity>
      <mass-charge>274.0</mass-charge>
    </ei-ms-peak>
    <ei-ms-peak>
      <ei-ms-id>60</ei-ms-id>
      <id>6228</id>
      <intensity>330.0</intensity>
      <mass-charge>275.0</mass-charge>
    </ei-ms-peak>
    <ei-ms-peak>
      <ei-ms-id>60</ei-ms-id>
      <id>6229</id>
      <intensity>60.0</intensity>
      <mass-charge>276.0</mass-charge>
    </ei-ms-peak>
    <ei-ms-peak>
      <ei-ms-id>60</ei-ms-id>
      <id>6230</id>
      <intensity>20.0</intensity>
      <mass-charge>277.0</mass-charge>
    </ei-ms-peak>
    <ei-ms-peak>
      <ei-ms-id>60</ei-ms-id>
      <id>6231</id>
      <intensity>20.0</intensity>
      <mass-charge>286.0</mass-charge>
    </ei-ms-peak>
    <ei-ms-peak>
      <ei-ms-id>60</ei-ms-id>
      <id>6232</id>
      <intensity>20.0</intensity>
      <mass-charge>287.0</mass-charge>
    </ei-ms-peak>
    <ei-ms-peak>
      <ei-ms-id>60</ei-ms-id>
      <id>6233</id>
      <intensity>10.0</intensity>
      <mass-charge>288.0</mass-charge>
    </ei-ms-peak>
    <ei-ms-peak>
      <ei-ms-id>60</ei-ms-id>
      <id>6234</id>
      <intensity>20.0</intensity>
      <mass-charge>301.0</mass-charge>
    </ei-ms-peak>
    <ei-ms-peak>
      <ei-ms-id>60</ei-ms-id>
      <id>6235</id>
      <intensity>90.0</intensity>
      <mass-charge>302.0</mass-charge>
    </ei-ms-peak>
    <ei-ms-peak>
      <ei-ms-id>60</ei-ms-id>
      <id>6236</id>
      <intensity>40.0</intensity>
      <mass-charge>303.0</mass-charge>
    </ei-ms-peak>
    <ei-ms-peak>
      <ei-ms-id>60</ei-ms-id>
      <id>6237</id>
      <intensity>40.0</intensity>
      <mass-charge>304.0</mass-charge>
    </ei-ms-peak>
    <ei-ms-peak>
      <ei-ms-id>60</ei-ms-id>
      <id>6238</id>
      <intensity>10.0</intensity>
      <mass-charge>305.0</mass-charge>
    </ei-ms-peak>
    <ei-ms-peak>
      <ei-ms-id>60</ei-ms-id>
      <id>6239</id>
      <intensity>20.0</intensity>
      <mass-charge>314.0</mass-charge>
    </ei-ms-peak>
    <ei-ms-peak>
      <ei-ms-id>60</ei-ms-id>
      <id>6240</id>
      <intensity>30.0</intensity>
      <mass-charge>315.0</mass-charge>
    </ei-ms-peak>
    <ei-ms-peak>
      <ei-ms-id>60</ei-ms-id>
      <id>6241</id>
      <intensity>210.0</intensity>
      <mass-charge>316.0</mass-charge>
    </ei-ms-peak>
    <ei-ms-peak>
      <ei-ms-id>60</ei-ms-id>
      <id>6242</id>
      <intensity>70.0</intensity>
      <mass-charge>317.0</mass-charge>
    </ei-ms-peak>
    <ei-ms-peak>
      <ei-ms-id>60</ei-ms-id>
      <id>6243</id>
      <intensity>70.0</intensity>
      <mass-charge>318.0</mass-charge>
    </ei-ms-peak>
    <ei-ms-peak>
      <ei-ms-id>60</ei-ms-id>
      <id>6244</id>
      <intensity>20.0</intensity>
      <mass-charge>319.0</mass-charge>
    </ei-ms-peak>
    <ei-ms-peak>
      <ei-ms-id>60</ei-ms-id>
      <id>6245</id>
      <intensity>190.0</intensity>
      <mass-charge>329.0</mass-charge>
    </ei-ms-peak>
    <ei-ms-peak>
      <ei-ms-id>60</ei-ms-id>
      <id>6246</id>
      <intensity>50.0</intensity>
      <mass-charge>330.0</mass-charge>
    </ei-ms-peak>
    <ei-ms-peak>
      <ei-ms-id>60</ei-ms-id>
      <id>6247</id>
      <intensity>70.0</intensity>
      <mass-charge>331.0</mass-charge>
    </ei-ms-peak>
    <ei-ms-peak>
      <ei-ms-id>60</ei-ms-id>
      <id>6248</id>
      <intensity>20.0</intensity>
      <mass-charge>332.0</mass-charge>
    </ei-ms-peak>
    <ei-ms-peak>
      <ei-ms-id>60</ei-ms-id>
      <id>6249</id>
      <intensity>20.0</intensity>
      <mass-charge>337.0</mass-charge>
    </ei-ms-peak>
    <ei-ms-peak>
      <ei-ms-id>60</ei-ms-id>
      <id>6250</id>
      <intensity>90.0</intensity>
      <mass-charge>338.0</mass-charge>
    </ei-ms-peak>
    <ei-ms-peak>
      <ei-ms-id>60</ei-ms-id>
      <id>6251</id>
      <intensity>30.0</intensity>
      <mass-charge>339.0</mass-charge>
    </ei-ms-peak>
    <ei-ms-peak>
      <ei-ms-id>60</ei-ms-id>
      <id>6252</id>
      <intensity>20.0</intensity>
      <mass-charge>344.0</mass-charge>
    </ei-ms-peak>
    <ei-ms-peak>
      <ei-ms-id>60</ei-ms-id>
      <id>6253</id>
      <intensity>40.0</intensity>
      <mass-charge>358.0</mass-charge>
    </ei-ms-peak>
    <ei-ms-peak>
      <ei-ms-id>60</ei-ms-id>
      <id>6254</id>
      <intensity>10.0</intensity>
      <mass-charge>360.0</mass-charge>
    </ei-ms-peak>
    <ei-ms-peak>
      <ei-ms-id>60</ei-ms-id>
      <id>6255</id>
      <intensity>50.0</intensity>
      <mass-charge>371.0</mass-charge>
    </ei-ms-peak>
    <ei-ms-peak>
      <ei-ms-id>60</ei-ms-id>
      <id>6256</id>
      <intensity>30.0</intensity>
      <mass-charge>372.0</mass-charge>
    </ei-ms-peak>
    <ei-ms-peak>
      <ei-ms-id>60</ei-ms-id>
      <id>6257</id>
      <intensity>3930.0</intensity>
      <mass-charge>373.0</mass-charge>
    </ei-ms-peak>
    <ei-ms-peak>
      <ei-ms-id>60</ei-ms-id>
      <id>6258</id>
      <intensity>920.0</intensity>
      <mass-charge>374.0</mass-charge>
    </ei-ms-peak>
    <ei-ms-peak>
      <ei-ms-id>60</ei-ms-id>
      <id>6259</id>
      <intensity>1670.0</intensity>
      <mass-charge>375.0</mass-charge>
    </ei-ms-peak>
    <ei-ms-peak>
      <ei-ms-id>60</ei-ms-id>
      <id>6260</id>
      <intensity>350.0</intensity>
      <mass-charge>376.0</mass-charge>
    </ei-ms-peak>
    <ei-ms-peak>
      <ei-ms-id>60</ei-ms-id>
      <id>6261</id>
      <intensity>100.0</intensity>
      <mass-charge>377.0</mass-charge>
    </ei-ms-peak>
    <ei-ms-peak>
      <ei-ms-id>60</ei-ms-id>
      <id>6262</id>
      <intensity>20.0</intensity>
      <mass-charge>378.0</mass-charge>
    </ei-ms-peak>
  </ei-ms-peaks>
</ei-ms>
