<?xml version="1.0" encoding="UTF-8"?>
<ei-ms>
  <collection-date nil="true"/>
  <created-at>2014-09-20T16:34:10Z</created-at>
  <database-id>HMDB05010</database-id>
  <id>684</id>
  <inchi-key>VGKDLMBJGBXTGI-SJCJKPOMSA-N</inchi-key>
  <instrument-type nil="true"/>
  <molecule-id nil="true"/>
  <notes nil="true"/>
  <peak-counter>241</peak-counter>
  <sample-assessment nil="true"/>
  <sample-concentration nil="true"/>
  <sample-concentration-units nil="true"/>
  <sample-mass nil="true"/>
  <sample-mass-units nil="true"/>
  <sample-source nil="true"/>
  <solvent nil="true"/>
  <spectra-assessment nil="true"/>
  <updated-at>2014-09-20T16:34:10Z</updated-at>
  <references>
    <reference>
      <database>NIST</database>
      <database-id>79617-96-2</database-id>
      <id>15556</id>
      <pubmed-id nil="true"/>
      <ref-text>NIST Mass Spec Data Center, S.E. Stein, director, "Mass Spectra" in NIST Chemistry WebBook, NIST Standard Reference Database Number 69, Eds. P.J. Linstrom and W.G. Mallard, National Institute of Standards and Technology, Gaithersburg MD, 20899, http://webbook.nist.gov, (retrieved September 6, 2014).</ref-text>
      <spectra-id>684</spectra-id>
      <spectra-type>EiMs</spectra-type>
    </reference>
  </references>
  <ei-ms-peaks>
    <ei-ms-peak>
      <ei-ms-id>684</ei-ms-id>
      <id>75938</id>
      <intensity>50.0</intensity>
      <mass-charge>36.0</mass-charge>
    </ei-ms-peak>
    <ei-ms-peak>
      <ei-ms-id>684</ei-ms-id>
      <id>75939</id>
      <intensity>20.0</intensity>
      <mass-charge>37.0</mass-charge>
    </ei-ms-peak>
    <ei-ms-peak>
      <ei-ms-id>684</ei-ms-id>
      <id>75940</id>
      <intensity>30.0</intensity>
      <mass-charge>38.0</mass-charge>
    </ei-ms-peak>
    <ei-ms-peak>
      <ei-ms-id>684</ei-ms-id>
      <id>75941</id>
      <intensity>380.0</intensity>
      <mass-charge>39.0</mass-charge>
    </ei-ms-peak>
    <ei-ms-peak>
      <ei-ms-id>684</ei-ms-id>
      <id>75942</id>
      <intensity>50.0</intensity>
      <mass-charge>40.0</mass-charge>
    </ei-ms-peak>
    <ei-ms-peak>
      <ei-ms-id>684</ei-ms-id>
      <id>75943</id>
      <intensity>210.0</intensity>
      <mass-charge>41.0</mass-charge>
    </ei-ms-peak>
    <ei-ms-peak>
      <ei-ms-id>684</ei-ms-id>
      <id>75944</id>
      <intensity>900.0</intensity>
      <mass-charge>42.0</mass-charge>
    </ei-ms-peak>
    <ei-ms-peak>
      <ei-ms-id>684</ei-ms-id>
      <id>75945</id>
      <intensity>90.0</intensity>
      <mass-charge>43.0</mass-charge>
    </ei-ms-peak>
    <ei-ms-peak>
      <ei-ms-id>684</ei-ms-id>
      <id>75946</id>
      <intensity>200.0</intensity>
      <mass-charge>44.0</mass-charge>
    </ei-ms-peak>
    <ei-ms-peak>
      <ei-ms-id>684</ei-ms-id>
      <id>75947</id>
      <intensity>10.0</intensity>
      <mass-charge>45.0</mass-charge>
    </ei-ms-peak>
    <ei-ms-peak>
      <ei-ms-id>684</ei-ms-id>
      <id>75948</id>
      <intensity>10.0</intensity>
      <mass-charge>46.0</mass-charge>
    </ei-ms-peak>
    <ei-ms-peak>
      <ei-ms-id>684</ei-ms-id>
      <id>75949</id>
      <intensity>10.0</intensity>
      <mass-charge>48.0</mass-charge>
    </ei-ms-peak>
    <ei-ms-peak>
      <ei-ms-id>684</ei-ms-id>
      <id>75950</id>
      <intensity>40.0</intensity>
      <mass-charge>49.0</mass-charge>
    </ei-ms-peak>
    <ei-ms-peak>
      <ei-ms-id>684</ei-ms-id>
      <id>75951</id>
      <intensity>190.0</intensity>
      <mass-charge>50.0</mass-charge>
    </ei-ms-peak>
    <ei-ms-peak>
      <ei-ms-id>684</ei-ms-id>
      <id>75952</id>
      <intensity>410.0</intensity>
      <mass-charge>51.0</mass-charge>
    </ei-ms-peak>
    <ei-ms-peak>
      <ei-ms-id>684</ei-ms-id>
      <id>75953</id>
      <intensity>120.0</intensity>
      <mass-charge>52.0</mass-charge>
    </ei-ms-peak>
    <ei-ms-peak>
      <ei-ms-id>684</ei-ms-id>
      <id>75954</id>
      <intensity>70.0</intensity>
      <mass-charge>53.0</mass-charge>
    </ei-ms-peak>
    <ei-ms-peak>
      <ei-ms-id>684</ei-ms-id>
      <id>75955</id>
      <intensity>70.0</intensity>
      <mass-charge>54.0</mass-charge>
    </ei-ms-peak>
    <ei-ms-peak>
      <ei-ms-id>684</ei-ms-id>
      <id>75956</id>
      <intensity>60.0</intensity>
      <mass-charge>55.0</mass-charge>
    </ei-ms-peak>
    <ei-ms-peak>
      <ei-ms-id>684</ei-ms-id>
      <id>75957</id>
      <intensity>230.0</intensity>
      <mass-charge>56.0</mass-charge>
    </ei-ms-peak>
    <ei-ms-peak>
      <ei-ms-id>684</ei-ms-id>
      <id>75958</id>
      <intensity>170.0</intensity>
      <mass-charge>57.0</mass-charge>
    </ei-ms-peak>
    <ei-ms-peak>
      <ei-ms-id>684</ei-ms-id>
      <id>75959</id>
      <intensity>10.0</intensity>
      <mass-charge>58.0</mass-charge>
    </ei-ms-peak>
    <ei-ms-peak>
      <ei-ms-id>684</ei-ms-id>
      <id>75960</id>
      <intensity>10.0</intensity>
      <mass-charge>59.0</mass-charge>
    </ei-ms-peak>
    <ei-ms-peak>
      <ei-ms-id>684</ei-ms-id>
      <id>75961</id>
      <intensity>20.0</intensity>
      <mass-charge>60.0</mass-charge>
    </ei-ms-peak>
    <ei-ms-peak>
      <ei-ms-id>684</ei-ms-id>
      <id>75962</id>
      <intensity>120.0</intensity>
      <mass-charge>62.0</mass-charge>
    </ei-ms-peak>
    <ei-ms-peak>
      <ei-ms-id>684</ei-ms-id>
      <id>75963</id>
      <intensity>440.0</intensity>
      <mass-charge>63.0</mass-charge>
    </ei-ms-peak>
    <ei-ms-peak>
      <ei-ms-id>684</ei-ms-id>
      <id>75964</id>
      <intensity>110.0</intensity>
      <mass-charge>64.0</mass-charge>
    </ei-ms-peak>
    <ei-ms-peak>
      <ei-ms-id>684</ei-ms-id>
      <id>75965</id>
      <intensity>250.0</intensity>
      <mass-charge>65.0</mass-charge>
    </ei-ms-peak>
    <ei-ms-peak>
      <ei-ms-id>684</ei-ms-id>
      <id>75966</id>
      <intensity>50.0</intensity>
      <mass-charge>66.0</mass-charge>
    </ei-ms-peak>
    <ei-ms-peak>
      <ei-ms-id>684</ei-ms-id>
      <id>75967</id>
      <intensity>20.0</intensity>
      <mass-charge>67.0</mass-charge>
    </ei-ms-peak>
    <ei-ms-peak>
      <ei-ms-id>684</ei-ms-id>
      <id>75968</id>
      <intensity>120.0</intensity>
      <mass-charge>68.0</mass-charge>
    </ei-ms-peak>
    <ei-ms-peak>
      <ei-ms-id>684</ei-ms-id>
      <id>75969</id>
      <intensity>40.0</intensity>
      <mass-charge>69.0</mass-charge>
    </ei-ms-peak>
    <ei-ms-peak>
      <ei-ms-id>684</ei-ms-id>
      <id>75970</id>
      <intensity>820.0</intensity>
      <mass-charge>70.0</mass-charge>
    </ei-ms-peak>
    <ei-ms-peak>
      <ei-ms-id>684</ei-ms-id>
      <id>75971</id>
      <intensity>50.0</intensity>
      <mass-charge>71.0</mass-charge>
    </ei-ms-peak>
    <ei-ms-peak>
      <ei-ms-id>684</ei-ms-id>
      <id>75972</id>
      <intensity>10.0</intensity>
      <mass-charge>72.0</mass-charge>
    </ei-ms-peak>
    <ei-ms-peak>
      <ei-ms-id>684</ei-ms-id>
      <id>75973</id>
      <intensity>130.0</intensity>
      <mass-charge>73.0</mass-charge>
    </ei-ms-peak>
    <ei-ms-peak>
      <ei-ms-id>684</ei-ms-id>
      <id>75974</id>
      <intensity>320.0</intensity>
      <mass-charge>74.0</mass-charge>
    </ei-ms-peak>
    <ei-ms-peak>
      <ei-ms-id>684</ei-ms-id>
      <id>75975</id>
      <intensity>520.0</intensity>
      <mass-charge>75.0</mass-charge>
    </ei-ms-peak>
    <ei-ms-peak>
      <ei-ms-id>684</ei-ms-id>
      <id>75976</id>
      <intensity>410.0</intensity>
      <mass-charge>76.0</mass-charge>
    </ei-ms-peak>
    <ei-ms-peak>
      <ei-ms-id>684</ei-ms-id>
      <id>75977</id>
      <intensity>710.0</intensity>
      <mass-charge>77.0</mass-charge>
    </ei-ms-peak>
    <ei-ms-peak>
      <ei-ms-id>684</ei-ms-id>
      <id>75978</id>
      <intensity>160.0</intensity>
      <mass-charge>78.0</mass-charge>
    </ei-ms-peak>
    <ei-ms-peak>
      <ei-ms-id>684</ei-ms-id>
      <id>75979</id>
      <intensity>90.0</intensity>
      <mass-charge>79.0</mass-charge>
    </ei-ms-peak>
    <ei-ms-peak>
      <ei-ms-id>684</ei-ms-id>
      <id>75980</id>
      <intensity>20.0</intensity>
      <mass-charge>80.0</mass-charge>
    </ei-ms-peak>
    <ei-ms-peak>
      <ei-ms-id>684</ei-ms-id>
      <id>75981</id>
      <intensity>20.0</intensity>
      <mass-charge>81.0</mass-charge>
    </ei-ms-peak>
    <ei-ms-peak>
      <ei-ms-id>684</ei-ms-id>
      <id>75982</id>
      <intensity>170.0</intensity>
      <mass-charge>82.0</mass-charge>
    </ei-ms-peak>
    <ei-ms-peak>
      <ei-ms-id>684</ei-ms-id>
      <id>75983</id>
      <intensity>40.0</intensity>
      <mass-charge>83.0</mass-charge>
    </ei-ms-peak>
    <ei-ms-peak>
      <ei-ms-id>684</ei-ms-id>
      <id>75984</id>
      <intensity>50.0</intensity>
      <mass-charge>84.0</mass-charge>
    </ei-ms-peak>
    <ei-ms-peak>
      <ei-ms-id>684</ei-ms-id>
      <id>75985</id>
      <intensity>70.0</intensity>
      <mass-charge>85.0</mass-charge>
    </ei-ms-peak>
    <ei-ms-peak>
      <ei-ms-id>684</ei-ms-id>
      <id>75986</id>
      <intensity>130.0</intensity>
      <mass-charge>86.0</mass-charge>
    </ei-ms-peak>
    <ei-ms-peak>
      <ei-ms-id>684</ei-ms-id>
      <id>75987</id>
      <intensity>300.0</intensity>
      <mass-charge>87.0</mass-charge>
    </ei-ms-peak>
    <ei-ms-peak>
      <ei-ms-id>684</ei-ms-id>
      <id>75988</id>
      <intensity>610.0</intensity>
      <mass-charge>88.0</mass-charge>
    </ei-ms-peak>
    <ei-ms-peak>
      <ei-ms-id>684</ei-ms-id>
      <id>75989</id>
      <intensity>1070.0</intensity>
      <mass-charge>89.0</mass-charge>
    </ei-ms-peak>
    <ei-ms-peak>
      <ei-ms-id>684</ei-ms-id>
      <id>75990</id>
      <intensity>300.0</intensity>
      <mass-charge>90.0</mass-charge>
    </ei-ms-peak>
    <ei-ms-peak>
      <ei-ms-id>684</ei-ms-id>
      <id>75991</id>
      <intensity>1010.0</intensity>
      <mass-charge>91.0</mass-charge>
    </ei-ms-peak>
    <ei-ms-peak>
      <ei-ms-id>684</ei-ms-id>
      <id>75992</id>
      <intensity>80.0</intensity>
      <mass-charge>92.0</mass-charge>
    </ei-ms-peak>
    <ei-ms-peak>
      <ei-ms-id>684</ei-ms-id>
      <id>75993</id>
      <intensity>150.0</intensity>
      <mass-charge>93.0</mass-charge>
    </ei-ms-peak>
    <ei-ms-peak>
      <ei-ms-id>684</ei-ms-id>
      <id>75994</id>
      <intensity>130.0</intensity>
      <mass-charge>94.0</mass-charge>
    </ei-ms-peak>
    <ei-ms-peak>
      <ei-ms-id>684</ei-ms-id>
      <id>75995</id>
      <intensity>290.0</intensity>
      <mass-charge>95.0</mass-charge>
    </ei-ms-peak>
    <ei-ms-peak>
      <ei-ms-id>684</ei-ms-id>
      <id>75996</id>
      <intensity>290.0</intensity>
      <mass-charge>96.0</mass-charge>
    </ei-ms-peak>
    <ei-ms-peak>
      <ei-ms-id>684</ei-ms-id>
      <id>75997</id>
      <intensity>70.0</intensity>
      <mass-charge>97.0</mass-charge>
    </ei-ms-peak>
    <ei-ms-peak>
      <ei-ms-id>684</ei-ms-id>
      <id>75998</id>
      <intensity>90.0</intensity>
      <mass-charge>98.0</mass-charge>
    </ei-ms-peak>
    <ei-ms-peak>
      <ei-ms-id>684</ei-ms-id>
      <id>75999</id>
      <intensity>250.0</intensity>
      <mass-charge>99.0</mass-charge>
    </ei-ms-peak>
    <ei-ms-peak>
      <ei-ms-id>684</ei-ms-id>
      <id>76000</id>
      <intensity>350.0</intensity>
      <mass-charge>100.0</mass-charge>
    </ei-ms-peak>
    <ei-ms-peak>
      <ei-ms-id>684</ei-ms-id>
      <id>76001</id>
      <intensity>1080.0</intensity>
      <mass-charge>101.0</mass-charge>
    </ei-ms-peak>
    <ei-ms-peak>
      <ei-ms-id>684</ei-ms-id>
      <id>76002</id>
      <intensity>1291.0</intensity>
      <mass-charge>102.0</mass-charge>
    </ei-ms-peak>
    <ei-ms-peak>
      <ei-ms-id>684</ei-ms-id>
      <id>76003</id>
      <intensity>2001.0</intensity>
      <mass-charge>104.0</mass-charge>
    </ei-ms-peak>
    <ei-ms-peak>
      <ei-ms-id>684</ei-ms-id>
      <id>76004</id>
      <intensity>100.0</intensity>
      <mass-charge>105.0</mass-charge>
    </ei-ms-peak>
    <ei-ms-peak>
      <ei-ms-id>684</ei-ms-id>
      <id>76005</id>
      <intensity>220.0</intensity>
      <mass-charge>106.0</mass-charge>
    </ei-ms-peak>
    <ei-ms-peak>
      <ei-ms-id>684</ei-ms-id>
      <id>76006</id>
      <intensity>100.0</intensity>
      <mass-charge>107.0</mass-charge>
    </ei-ms-peak>
    <ei-ms-peak>
      <ei-ms-id>684</ei-ms-id>
      <id>76007</id>
      <intensity>10.0</intensity>
      <mass-charge>108.0</mass-charge>
    </ei-ms-peak>
    <ei-ms-peak>
      <ei-ms-id>684</ei-ms-id>
      <id>76008</id>
      <intensity>240.0</intensity>
      <mass-charge>109.0</mass-charge>
    </ei-ms-peak>
    <ei-ms-peak>
      <ei-ms-id>684</ei-ms-id>
      <id>76009</id>
      <intensity>100.0</intensity>
      <mass-charge>110.0</mass-charge>
    </ei-ms-peak>
    <ei-ms-peak>
      <ei-ms-id>684</ei-ms-id>
      <id>76010</id>
      <intensity>230.0</intensity>
      <mass-charge>111.0</mass-charge>
    </ei-ms-peak>
    <ei-ms-peak>
      <ei-ms-id>684</ei-ms-id>
      <id>76011</id>
      <intensity>110.0</intensity>
      <mass-charge>112.0</mass-charge>
    </ei-ms-peak>
    <ei-ms-peak>
      <ei-ms-id>684</ei-ms-id>
      <id>76012</id>
      <intensity>210.0</intensity>
      <mass-charge>113.0</mass-charge>
    </ei-ms-peak>
    <ei-ms-peak>
      <ei-ms-id>684</ei-ms-id>
      <id>76013</id>
      <intensity>50.0</intensity>
      <mass-charge>114.0</mass-charge>
    </ei-ms-peak>
    <ei-ms-peak>
      <ei-ms-id>684</ei-ms-id>
      <id>76014</id>
      <intensity>1751.0</intensity>
      <mass-charge>115.0</mass-charge>
    </ei-ms-peak>
    <ei-ms-peak>
      <ei-ms-id>684</ei-ms-id>
      <id>76015</id>
      <intensity>1781.0</intensity>
      <mass-charge>116.0</mass-charge>
    </ei-ms-peak>
    <ei-ms-peak>
      <ei-ms-id>684</ei-ms-id>
      <id>76016</id>
      <intensity>730.0</intensity>
      <mass-charge>117.0</mass-charge>
    </ei-ms-peak>
    <ei-ms-peak>
      <ei-ms-id>684</ei-ms-id>
      <id>76017</id>
      <intensity>1090.0</intensity>
      <mass-charge>118.0</mass-charge>
    </ei-ms-peak>
    <ei-ms-peak>
      <ei-ms-id>684</ei-ms-id>
      <id>76018</id>
      <intensity>90.0</intensity>
      <mass-charge>119.0</mass-charge>
    </ei-ms-peak>
    <ei-ms-peak>
      <ei-ms-id>684</ei-ms-id>
      <id>76019</id>
      <intensity>10.0</intensity>
      <mass-charge>120.0</mass-charge>
    </ei-ms-peak>
    <ei-ms-peak>
      <ei-ms-id>684</ei-ms-id>
      <id>76020</id>
      <intensity>910.0</intensity>
      <mass-charge>121.0</mass-charge>
    </ei-ms-peak>
    <ei-ms-peak>
      <ei-ms-id>684</ei-ms-id>
      <id>76021</id>
      <intensity>200.0</intensity>
      <mass-charge>122.0</mass-charge>
    </ei-ms-peak>
    <ei-ms-peak>
      <ei-ms-id>684</ei-ms-id>
      <id>76022</id>
      <intensity>240.0</intensity>
      <mass-charge>123.0</mass-charge>
    </ei-ms-peak>
    <ei-ms-peak>
      <ei-ms-id>684</ei-ms-id>
      <id>76023</id>
      <intensity>110.0</intensity>
      <mass-charge>124.0</mass-charge>
    </ei-ms-peak>
    <ei-ms-peak>
      <ei-ms-id>684</ei-ms-id>
      <id>76024</id>
      <intensity>220.0</intensity>
      <mass-charge>125.0</mass-charge>
    </ei-ms-peak>
    <ei-ms-peak>
      <ei-ms-id>684</ei-ms-id>
      <id>76025</id>
      <intensity>230.0</intensity>
      <mass-charge>126.0</mass-charge>
    </ei-ms-peak>
    <ei-ms-peak>
      <ei-ms-id>684</ei-ms-id>
      <id>76026</id>
      <intensity>790.0</intensity>
      <mass-charge>127.0</mass-charge>
    </ei-ms-peak>
    <ei-ms-peak>
      <ei-ms-id>684</ei-ms-id>
      <id>76027</id>
      <intensity>1701.0</intensity>
      <mass-charge>128.0</mass-charge>
    </ei-ms-peak>
    <ei-ms-peak>
      <ei-ms-id>684</ei-ms-id>
      <id>76028</id>
      <intensity>1871.0</intensity>
      <mass-charge>129.0</mass-charge>
    </ei-ms-peak>
    <ei-ms-peak>
      <ei-ms-id>684</ei-ms-id>
      <id>76029</id>
      <intensity>1161.0</intensity>
      <mass-charge>130.0</mass-charge>
    </ei-ms-peak>
    <ei-ms-peak>
      <ei-ms-id>684</ei-ms-id>
      <id>76030</id>
      <intensity>570.0</intensity>
      <mass-charge>131.0</mass-charge>
    </ei-ms-peak>
    <ei-ms-peak>
      <ei-ms-id>684</ei-ms-id>
      <id>76031</id>
      <intensity>2031.0</intensity>
      <mass-charge>132.0</mass-charge>
    </ei-ms-peak>
    <ei-ms-peak>
      <ei-ms-id>684</ei-ms-id>
      <id>76032</id>
      <intensity>1891.0</intensity>
      <mass-charge>133.0</mass-charge>
    </ei-ms-peak>
    <ei-ms-peak>
      <ei-ms-id>684</ei-ms-id>
      <id>76033</id>
      <intensity>230.0</intensity>
      <mass-charge>134.0</mass-charge>
    </ei-ms-peak>
    <ei-ms-peak>
      <ei-ms-id>684</ei-ms-id>
      <id>76034</id>
      <intensity>140.0</intensity>
      <mass-charge>135.0</mass-charge>
    </ei-ms-peak>
    <ei-ms-peak>
      <ei-ms-id>684</ei-ms-id>
      <id>76035</id>
      <intensity>130.0</intensity>
      <mass-charge>136.0</mass-charge>
    </ei-ms-peak>
    <ei-ms-peak>
      <ei-ms-id>684</ei-ms-id>
      <id>76036</id>
      <intensity>200.0</intensity>
      <mass-charge>137.0</mass-charge>
    </ei-ms-peak>
    <ei-ms-peak>
      <ei-ms-id>684</ei-ms-id>
      <id>76037</id>
      <intensity>150.0</intensity>
      <mass-charge>138.0</mass-charge>
    </ei-ms-peak>
    <ei-ms-peak>
      <ei-ms-id>684</ei-ms-id>
      <id>76038</id>
      <intensity>160.0</intensity>
      <mass-charge>139.0</mass-charge>
    </ei-ms-peak>
    <ei-ms-peak>
      <ei-ms-id>684</ei-ms-id>
      <id>76039</id>
      <intensity>50.0</intensity>
      <mass-charge>140.0</mass-charge>
    </ei-ms-peak>
    <ei-ms-peak>
      <ei-ms-id>684</ei-ms-id>
      <id>76040</id>
      <intensity>70.0</intensity>
      <mass-charge>141.0</mass-charge>
    </ei-ms-peak>
    <ei-ms-peak>
      <ei-ms-id>684</ei-ms-id>
      <id>76041</id>
      <intensity>60.0</intensity>
      <mass-charge>142.0</mass-charge>
    </ei-ms-peak>
    <ei-ms-peak>
      <ei-ms-id>684</ei-ms-id>
      <id>76042</id>
      <intensity>340.0</intensity>
      <mass-charge>143.0</mass-charge>
    </ei-ms-peak>
    <ei-ms-peak>
      <ei-ms-id>684</ei-ms-id>
      <id>76043</id>
      <intensity>740.0</intensity>
      <mass-charge>144.0</mass-charge>
    </ei-ms-peak>
    <ei-ms-peak>
      <ei-ms-id>684</ei-ms-id>
      <id>76044</id>
      <intensity>240.0</intensity>
      <mass-charge>145.0</mass-charge>
    </ei-ms-peak>
    <ei-ms-peak>
      <ei-ms-id>684</ei-ms-id>
      <id>76045</id>
      <intensity>220.0</intensity>
      <mass-charge>146.0</mass-charge>
    </ei-ms-peak>
    <ei-ms-peak>
      <ei-ms-id>684</ei-ms-id>
      <id>76046</id>
      <intensity>80.0</intensity>
      <mass-charge>147.0</mass-charge>
    </ei-ms-peak>
    <ei-ms-peak>
      <ei-ms-id>684</ei-ms-id>
      <id>76047</id>
      <intensity>100.0</intensity>
      <mass-charge>148.0</mass-charge>
    </ei-ms-peak>
    <ei-ms-peak>
      <ei-ms-id>684</ei-ms-id>
      <id>76048</id>
      <intensity>150.0</intensity>
      <mass-charge>149.0</mass-charge>
    </ei-ms-peak>
    <ei-ms-peak>
      <ei-ms-id>684</ei-ms-id>
      <id>76049</id>
      <intensity>200.0</intensity>
      <mass-charge>150.0</mass-charge>
    </ei-ms-peak>
    <ei-ms-peak>
      <ei-ms-id>684</ei-ms-id>
      <id>76050</id>
      <intensity>270.0</intensity>
      <mass-charge>151.0</mass-charge>
    </ei-ms-peak>
    <ei-ms-peak>
      <ei-ms-id>684</ei-ms-id>
      <id>76051</id>
      <intensity>270.0</intensity>
      <mass-charge>152.0</mass-charge>
    </ei-ms-peak>
    <ei-ms-peak>
      <ei-ms-id>684</ei-ms-id>
      <id>76052</id>
      <intensity>100.0</intensity>
      <mass-charge>153.0</mass-charge>
    </ei-ms-peak>
    <ei-ms-peak>
      <ei-ms-id>684</ei-ms-id>
      <id>76053</id>
      <intensity>60.0</intensity>
      <mass-charge>154.0</mass-charge>
    </ei-ms-peak>
    <ei-ms-peak>
      <ei-ms-id>684</ei-ms-id>
      <id>76054</id>
      <intensity>10.0</intensity>
      <mass-charge>155.0</mass-charge>
    </ei-ms-peak>
    <ei-ms-peak>
      <ei-ms-id>684</ei-ms-id>
      <id>76055</id>
      <intensity>60.0</intensity>
      <mass-charge>156.0</mass-charge>
    </ei-ms-peak>
    <ei-ms-peak>
      <ei-ms-id>684</ei-ms-id>
      <id>76056</id>
      <intensity>40.0</intensity>
      <mass-charge>157.0</mass-charge>
    </ei-ms-peak>
    <ei-ms-peak>
      <ei-ms-id>684</ei-ms-id>
      <id>76057</id>
      <intensity>560.0</intensity>
      <mass-charge>158.0</mass-charge>
    </ei-ms-peak>
    <ei-ms-peak>
      <ei-ms-id>684</ei-ms-id>
      <id>76058</id>
      <intensity>4494.0</intensity>
      <mass-charge>159.0</mass-charge>
    </ei-ms-peak>
    <ei-ms-peak>
      <ei-ms-id>684</ei-ms-id>
      <id>76059</id>
      <intensity>490.0</intensity>
      <mass-charge>160.0</mass-charge>
    </ei-ms-peak>
    <ei-ms-peak>
      <ei-ms-id>684</ei-ms-id>
      <id>76060</id>
      <intensity>1771.0</intensity>
      <mass-charge>161.0</mass-charge>
    </ei-ms-peak>
    <ei-ms-peak>
      <ei-ms-id>684</ei-ms-id>
      <id>76061</id>
      <intensity>340.0</intensity>
      <mass-charge>162.0</mass-charge>
    </ei-ms-peak>
    <ei-ms-peak>
      <ei-ms-id>684</ei-ms-id>
      <id>76062</id>
      <intensity>850.0</intensity>
      <mass-charge>163.0</mass-charge>
    </ei-ms-peak>
    <ei-ms-peak>
      <ei-ms-id>684</ei-ms-id>
      <id>76063</id>
      <intensity>400.0</intensity>
      <mass-charge>164.0</mass-charge>
    </ei-ms-peak>
    <ei-ms-peak>
      <ei-ms-id>684</ei-ms-id>
      <id>76064</id>
      <intensity>710.0</intensity>
      <mass-charge>165.0</mass-charge>
    </ei-ms-peak>
    <ei-ms-peak>
      <ei-ms-id>684</ei-ms-id>
      <id>76065</id>
      <intensity>160.0</intensity>
      <mass-charge>166.0</mass-charge>
    </ei-ms-peak>
    <ei-ms-peak>
      <ei-ms-id>684</ei-ms-id>
      <id>76066</id>
      <intensity>20.0</intensity>
      <mass-charge>167.0</mass-charge>
    </ei-ms-peak>
    <ei-ms-peak>
      <ei-ms-id>684</ei-ms-id>
      <id>76067</id>
      <intensity>10.0</intensity>
      <mass-charge>168.0</mass-charge>
    </ei-ms-peak>
    <ei-ms-peak>
      <ei-ms-id>684</ei-ms-id>
      <id>76068</id>
      <intensity>10.0</intensity>
      <mass-charge>169.0</mass-charge>
    </ei-ms-peak>
    <ei-ms-peak>
      <ei-ms-id>684</ei-ms-id>
      <id>76069</id>
      <intensity>10.0</intensity>
      <mass-charge>170.0</mass-charge>
    </ei-ms-peak>
    <ei-ms-peak>
      <ei-ms-id>684</ei-ms-id>
      <id>76070</id>
      <intensity>30.0</intensity>
      <mass-charge>171.0</mass-charge>
    </ei-ms-peak>
    <ei-ms-peak>
      <ei-ms-id>684</ei-ms-id>
      <id>76071</id>
      <intensity>100.0</intensity>
      <mass-charge>172.0</mass-charge>
    </ei-ms-peak>
    <ei-ms-peak>
      <ei-ms-id>684</ei-ms-id>
      <id>76072</id>
      <intensity>80.0</intensity>
      <mass-charge>173.0</mass-charge>
    </ei-ms-peak>
    <ei-ms-peak>
      <ei-ms-id>684</ei-ms-id>
      <id>76073</id>
      <intensity>170.0</intensity>
      <mass-charge>174.0</mass-charge>
    </ei-ms-peak>
    <ei-ms-peak>
      <ei-ms-id>684</ei-ms-id>
      <id>76074</id>
      <intensity>190.0</intensity>
      <mass-charge>175.0</mass-charge>
    </ei-ms-peak>
    <ei-ms-peak>
      <ei-ms-id>684</ei-ms-id>
      <id>76075</id>
      <intensity>740.0</intensity>
      <mass-charge>176.0</mass-charge>
    </ei-ms-peak>
    <ei-ms-peak>
      <ei-ms-id>684</ei-ms-id>
      <id>76076</id>
      <intensity>280.0</intensity>
      <mass-charge>177.0</mass-charge>
    </ei-ms-peak>
    <ei-ms-peak>
      <ei-ms-id>684</ei-ms-id>
      <id>76077</id>
      <intensity>1161.0</intensity>
      <mass-charge>178.0</mass-charge>
    </ei-ms-peak>
    <ei-ms-peak>
      <ei-ms-id>684</ei-ms-id>
      <id>76078</id>
      <intensity>250.0</intensity>
      <mass-charge>179.0</mass-charge>
    </ei-ms-peak>
    <ei-ms-peak>
      <ei-ms-id>684</ei-ms-id>
      <id>76079</id>
      <intensity>20.0</intensity>
      <mass-charge>180.0</mass-charge>
    </ei-ms-peak>
    <ei-ms-peak>
      <ei-ms-id>684</ei-ms-id>
      <id>76080</id>
      <intensity>70.0</intensity>
      <mass-charge>183.0</mass-charge>
    </ei-ms-peak>
    <ei-ms-peak>
      <ei-ms-id>684</ei-ms-id>
      <id>76081</id>
      <intensity>10.0</intensity>
      <mass-charge>184.0</mass-charge>
    </ei-ms-peak>
    <ei-ms-peak>
      <ei-ms-id>684</ei-ms-id>
      <id>76082</id>
      <intensity>50.0</intensity>
      <mass-charge>185.0</mass-charge>
    </ei-ms-peak>
    <ei-ms-peak>
      <ei-ms-id>684</ei-ms-id>
      <id>76083</id>
      <intensity>100.0</intensity>
      <mass-charge>186.0</mass-charge>
    </ei-ms-peak>
    <ei-ms-peak>
      <ei-ms-id>684</ei-ms-id>
      <id>76084</id>
      <intensity>110.0</intensity>
      <mass-charge>187.0</mass-charge>
    </ei-ms-peak>
    <ei-ms-peak>
      <ei-ms-id>684</ei-ms-id>
      <id>76085</id>
      <intensity>170.0</intensity>
      <mass-charge>188.0</mass-charge>
    </ei-ms-peak>
    <ei-ms-peak>
      <ei-ms-id>684</ei-ms-id>
      <id>76086</id>
      <intensity>580.0</intensity>
      <mass-charge>189.0</mass-charge>
    </ei-ms-peak>
    <ei-ms-peak>
      <ei-ms-id>684</ei-ms-id>
      <id>76087</id>
      <intensity>500.0</intensity>
      <mass-charge>190.0</mass-charge>
    </ei-ms-peak>
    <ei-ms-peak>
      <ei-ms-id>684</ei-ms-id>
      <id>76088</id>
      <intensity>340.0</intensity>
      <mass-charge>191.0</mass-charge>
    </ei-ms-peak>
    <ei-ms-peak>
      <ei-ms-id>684</ei-ms-id>
      <id>76089</id>
      <intensity>140.0</intensity>
      <mass-charge>192.0</mass-charge>
    </ei-ms-peak>
    <ei-ms-peak>
      <ei-ms-id>684</ei-ms-id>
      <id>76090</id>
      <intensity>40.0</intensity>
      <mass-charge>193.0</mass-charge>
    </ei-ms-peak>
    <ei-ms-peak>
      <ei-ms-id>684</ei-ms-id>
      <id>76091</id>
      <intensity>30.0</intensity>
      <mass-charge>194.0</mass-charge>
    </ei-ms-peak>
    <ei-ms-peak>
      <ei-ms-id>684</ei-ms-id>
      <id>76092</id>
      <intensity>20.0</intensity>
      <mass-charge>196.0</mass-charge>
    </ei-ms-peak>
    <ei-ms-peak>
      <ei-ms-id>684</ei-ms-id>
      <id>76093</id>
      <intensity>90.0</intensity>
      <mass-charge>197.0</mass-charge>
    </ei-ms-peak>
    <ei-ms-peak>
      <ei-ms-id>684</ei-ms-id>
      <id>76094</id>
      <intensity>60.0</intensity>
      <mass-charge>198.0</mass-charge>
    </ei-ms-peak>
    <ei-ms-peak>
      <ei-ms-id>684</ei-ms-id>
      <id>76095</id>
      <intensity>540.0</intensity>
      <mass-charge>199.0</mass-charge>
    </ei-ms-peak>
    <ei-ms-peak>
      <ei-ms-id>684</ei-ms-id>
      <id>76096</id>
      <intensity>440.0</intensity>
      <mass-charge>200.0</mass-charge>
    </ei-ms-peak>
    <ei-ms-peak>
      <ei-ms-id>684</ei-ms-id>
      <id>76097</id>
      <intensity>410.0</intensity>
      <mass-charge>201.0</mass-charge>
    </ei-ms-peak>
    <ei-ms-peak>
      <ei-ms-id>684</ei-ms-id>
      <id>76098</id>
      <intensity>1151.0</intensity>
      <mass-charge>202.0</mass-charge>
    </ei-ms-peak>
    <ei-ms-peak>
      <ei-ms-id>684</ei-ms-id>
      <id>76099</id>
      <intensity>840.0</intensity>
      <mass-charge>203.0</mass-charge>
    </ei-ms-peak>
    <ei-ms-peak>
      <ei-ms-id>684</ei-ms-id>
      <id>76100</id>
      <intensity>690.0</intensity>
      <mass-charge>204.0</mass-charge>
    </ei-ms-peak>
    <ei-ms-peak>
      <ei-ms-id>684</ei-ms-id>
      <id>76101</id>
      <intensity>280.0</intensity>
      <mass-charge>205.0</mass-charge>
    </ei-ms-peak>
    <ei-ms-peak>
      <ei-ms-id>684</ei-ms-id>
      <id>76102</id>
      <intensity>160.0</intensity>
      <mass-charge>206.0</mass-charge>
    </ei-ms-peak>
    <ei-ms-peak>
      <ei-ms-id>684</ei-ms-id>
      <id>76103</id>
      <intensity>100.0</intensity>
      <mass-charge>207.0</mass-charge>
    </ei-ms-peak>
    <ei-ms-peak>
      <ei-ms-id>684</ei-ms-id>
      <id>76104</id>
      <intensity>10.0</intensity>
      <mass-charge>208.0</mass-charge>
    </ei-ms-peak>
    <ei-ms-peak>
      <ei-ms-id>684</ei-ms-id>
      <id>76105</id>
      <intensity>10.0</intensity>
      <mass-charge>209.0</mass-charge>
    </ei-ms-peak>
    <ei-ms-peak>
      <ei-ms-id>684</ei-ms-id>
      <id>76106</id>
      <intensity>30.0</intensity>
      <mass-charge>210.0</mass-charge>
    </ei-ms-peak>
    <ei-ms-peak>
      <ei-ms-id>684</ei-ms-id>
      <id>76107</id>
      <intensity>200.0</intensity>
      <mass-charge>211.0</mass-charge>
    </ei-ms-peak>
    <ei-ms-peak>
      <ei-ms-id>684</ei-ms-id>
      <id>76108</id>
      <intensity>920.0</intensity>
      <mass-charge>212.0</mass-charge>
    </ei-ms-peak>
    <ei-ms-peak>
      <ei-ms-id>684</ei-ms-id>
      <id>76109</id>
      <intensity>480.0</intensity>
      <mass-charge>213.0</mass-charge>
    </ei-ms-peak>
    <ei-ms-peak>
      <ei-ms-id>684</ei-ms-id>
      <id>76110</id>
      <intensity>340.0</intensity>
      <mass-charge>214.0</mass-charge>
    </ei-ms-peak>
    <ei-ms-peak>
      <ei-ms-id>684</ei-ms-id>
      <id>76111</id>
      <intensity>200.0</intensity>
      <mass-charge>215.0</mass-charge>
    </ei-ms-peak>
    <ei-ms-peak>
      <ei-ms-id>684</ei-ms-id>
      <id>76112</id>
      <intensity>50.0</intensity>
      <mass-charge>216.0</mass-charge>
    </ei-ms-peak>
    <ei-ms-peak>
      <ei-ms-id>684</ei-ms-id>
      <id>76113</id>
      <intensity>50.0</intensity>
      <mass-charge>217.0</mass-charge>
    </ei-ms-peak>
    <ei-ms-peak>
      <ei-ms-id>684</ei-ms-id>
      <id>76114</id>
      <intensity>20.0</intensity>
      <mass-charge>218.0</mass-charge>
    </ei-ms-peak>
    <ei-ms-peak>
      <ei-ms-id>684</ei-ms-id>
      <id>76115</id>
      <intensity>10.0</intensity>
      <mass-charge>219.0</mass-charge>
    </ei-ms-peak>
    <ei-ms-peak>
      <ei-ms-id>684</ei-ms-id>
      <id>76116</id>
      <intensity>30.0</intensity>
      <mass-charge>223.0</mass-charge>
    </ei-ms-peak>
    <ei-ms-peak>
      <ei-ms-id>684</ei-ms-id>
      <id>76117</id>
      <intensity>60.0</intensity>
      <mass-charge>224.0</mass-charge>
    </ei-ms-peak>
    <ei-ms-peak>
      <ei-ms-id>684</ei-ms-id>
      <id>76118</id>
      <intensity>180.0</intensity>
      <mass-charge>225.0</mass-charge>
    </ei-ms-peak>
    <ei-ms-peak>
      <ei-ms-id>684</ei-ms-id>
      <id>76119</id>
      <intensity>170.0</intensity>
      <mass-charge>226.0</mass-charge>
    </ei-ms-peak>
    <ei-ms-peak>
      <ei-ms-id>684</ei-ms-id>
      <id>76120</id>
      <intensity>220.0</intensity>
      <mass-charge>227.0</mass-charge>
    </ei-ms-peak>
    <ei-ms-peak>
      <ei-ms-id>684</ei-ms-id>
      <id>76121</id>
      <intensity>90.0</intensity>
      <mass-charge>228.0</mass-charge>
    </ei-ms-peak>
    <ei-ms-peak>
      <ei-ms-id>684</ei-ms-id>
      <id>76122</id>
      <intensity>60.0</intensity>
      <mass-charge>229.0</mass-charge>
    </ei-ms-peak>
    <ei-ms-peak>
      <ei-ms-id>684</ei-ms-id>
      <id>76123</id>
      <intensity>10.0</intensity>
      <mass-charge>230.0</mass-charge>
    </ei-ms-peak>
    <ei-ms-peak>
      <ei-ms-id>684</ei-ms-id>
      <id>76124</id>
      <intensity>120.0</intensity>
      <mass-charge>233.0</mass-charge>
    </ei-ms-peak>
    <ei-ms-peak>
      <ei-ms-id>684</ei-ms-id>
      <id>76125</id>
      <intensity>30.0</intensity>
      <mass-charge>234.0</mass-charge>
    </ei-ms-peak>
    <ei-ms-peak>
      <ei-ms-id>684</ei-ms-id>
      <id>76126</id>
      <intensity>70.0</intensity>
      <mass-charge>235.0</mass-charge>
    </ei-ms-peak>
    <ei-ms-peak>
      <ei-ms-id>684</ei-ms-id>
      <id>76127</id>
      <intensity>90.0</intensity>
      <mass-charge>236.0</mass-charge>
    </ei-ms-peak>
    <ei-ms-peak>
      <ei-ms-id>684</ei-ms-id>
      <id>76128</id>
      <intensity>50.0</intensity>
      <mass-charge>237.0</mass-charge>
    </ei-ms-peak>
    <ei-ms-peak>
      <ei-ms-id>684</ei-ms-id>
      <id>76129</id>
      <intensity>440.0</intensity>
      <mass-charge>238.0</mass-charge>
    </ei-ms-peak>
    <ei-ms-peak>
      <ei-ms-id>684</ei-ms-id>
      <id>76130</id>
      <intensity>1351.0</intensity>
      <mass-charge>239.0</mass-charge>
    </ei-ms-peak>
    <ei-ms-peak>
      <ei-ms-id>684</ei-ms-id>
      <id>76131</id>
      <intensity>460.0</intensity>
      <mass-charge>240.0</mass-charge>
    </ei-ms-peak>
    <ei-ms-peak>
      <ei-ms-id>684</ei-ms-id>
      <id>76132</id>
      <intensity>680.0</intensity>
      <mass-charge>241.0</mass-charge>
    </ei-ms-peak>
    <ei-ms-peak>
      <ei-ms-id>684</ei-ms-id>
      <id>76133</id>
      <intensity>370.0</intensity>
      <mass-charge>242.0</mass-charge>
    </ei-ms-peak>
    <ei-ms-peak>
      <ei-ms-id>684</ei-ms-id>
      <id>76134</id>
      <intensity>130.0</intensity>
      <mass-charge>243.0</mass-charge>
    </ei-ms-peak>
    <ei-ms-peak>
      <ei-ms-id>684</ei-ms-id>
      <id>76135</id>
      <intensity>120.0</intensity>
      <mass-charge>244.0</mass-charge>
    </ei-ms-peak>
    <ei-ms-peak>
      <ei-ms-id>684</ei-ms-id>
      <id>76136</id>
      <intensity>10.0</intensity>
      <mass-charge>245.0</mass-charge>
    </ei-ms-peak>
    <ei-ms-peak>
      <ei-ms-id>684</ei-ms-id>
      <id>76137</id>
      <intensity>830.0</intensity>
      <mass-charge>246.0</mass-charge>
    </ei-ms-peak>
    <ei-ms-peak>
      <ei-ms-id>684</ei-ms-id>
      <id>76138</id>
      <intensity>270.0</intensity>
      <mass-charge>247.0</mass-charge>
    </ei-ms-peak>
    <ei-ms-peak>
      <ei-ms-id>684</ei-ms-id>
      <id>76139</id>
      <intensity>600.0</intensity>
      <mass-charge>248.0</mass-charge>
    </ei-ms-peak>
    <ei-ms-peak>
      <ei-ms-id>684</ei-ms-id>
      <id>76140</id>
      <intensity>180.0</intensity>
      <mass-charge>249.0</mass-charge>
    </ei-ms-peak>
    <ei-ms-peak>
      <ei-ms-id>684</ei-ms-id>
      <id>76141</id>
      <intensity>120.0</intensity>
      <mass-charge>250.0</mass-charge>
    </ei-ms-peak>
    <ei-ms-peak>
      <ei-ms-id>684</ei-ms-id>
      <id>76142</id>
      <intensity>30.0</intensity>
      <mass-charge>251.0</mass-charge>
    </ei-ms-peak>
    <ei-ms-peak>
      <ei-ms-id>684</ei-ms-id>
      <id>76143</id>
      <intensity>10.0</intensity>
      <mass-charge>252.0</mass-charge>
    </ei-ms-peak>
    <ei-ms-peak>
      <ei-ms-id>684</ei-ms-id>
      <id>76144</id>
      <intensity>30.0</intensity>
      <mass-charge>253.0</mass-charge>
    </ei-ms-peak>
    <ei-ms-peak>
      <ei-ms-id>684</ei-ms-id>
      <id>76145</id>
      <intensity>10.0</intensity>
      <mass-charge>254.0</mass-charge>
    </ei-ms-peak>
    <ei-ms-peak>
      <ei-ms-id>684</ei-ms-id>
      <id>76146</id>
      <intensity>410.0</intensity>
      <mass-charge>259.0</mass-charge>
    </ei-ms-peak>
    <ei-ms-peak>
      <ei-ms-id>684</ei-ms-id>
      <id>76147</id>
      <intensity>160.0</intensity>
      <mass-charge>260.0</mass-charge>
    </ei-ms-peak>
    <ei-ms-peak>
      <ei-ms-id>684</ei-ms-id>
      <id>76148</id>
      <intensity>440.0</intensity>
      <mass-charge>261.0</mass-charge>
    </ei-ms-peak>
    <ei-ms-peak>
      <ei-ms-id>684</ei-ms-id>
      <id>76149</id>
      <intensity>3252.0</intensity>
      <mass-charge>262.0</mass-charge>
    </ei-ms-peak>
    <ei-ms-peak>
      <ei-ms-id>684</ei-ms-id>
      <id>76150</id>
      <intensity>610.0</intensity>
      <mass-charge>263.0</mass-charge>
    </ei-ms-peak>
    <ei-ms-peak>
      <ei-ms-id>684</ei-ms-id>
      <id>76151</id>
      <intensity>2031.0</intensity>
      <mass-charge>264.0</mass-charge>
    </ei-ms-peak>
    <ei-ms-peak>
      <ei-ms-id>684</ei-ms-id>
      <id>76152</id>
      <intensity>330.0</intensity>
      <mass-charge>265.0</mass-charge>
    </ei-ms-peak>
    <ei-ms-peak>
      <ei-ms-id>684</ei-ms-id>
      <id>76153</id>
      <intensity>330.0</intensity>
      <mass-charge>266.0</mass-charge>
    </ei-ms-peak>
    <ei-ms-peak>
      <ei-ms-id>684</ei-ms-id>
      <id>76154</id>
      <intensity>50.0</intensity>
      <mass-charge>267.0</mass-charge>
    </ei-ms-peak>
    <ei-ms-peak>
      <ei-ms-id>684</ei-ms-id>
      <id>76155</id>
      <intensity>10.0</intensity>
      <mass-charge>269.0</mass-charge>
    </ei-ms-peak>
    <ei-ms-peak>
      <ei-ms-id>684</ei-ms-id>
      <id>76156</id>
      <intensity>30.0</intensity>
      <mass-charge>270.0</mass-charge>
    </ei-ms-peak>
    <ei-ms-peak>
      <ei-ms-id>684</ei-ms-id>
      <id>76157</id>
      <intensity>30.0</intensity>
      <mass-charge>271.0</mass-charge>
    </ei-ms-peak>
    <ei-ms-peak>
      <ei-ms-id>684</ei-ms-id>
      <id>76158</id>
      <intensity>50.0</intensity>
      <mass-charge>272.0</mass-charge>
    </ei-ms-peak>
    <ei-ms-peak>
      <ei-ms-id>684</ei-ms-id>
      <id>76159</id>
      <intensity>50.0</intensity>
      <mass-charge>273.0</mass-charge>
    </ei-ms-peak>
    <ei-ms-peak>
      <ei-ms-id>684</ei-ms-id>
      <id>76160</id>
      <intensity>9999.0</intensity>
      <mass-charge>274.0</mass-charge>
    </ei-ms-peak>
    <ei-ms-peak>
      <ei-ms-id>684</ei-ms-id>
      <id>76161</id>
      <intensity>2081.0</intensity>
      <mass-charge>275.0</mass-charge>
    </ei-ms-peak>
    <ei-ms-peak>
      <ei-ms-id>684</ei-ms-id>
      <id>76162</id>
      <intensity>8677.0</intensity>
      <mass-charge>276.0</mass-charge>
    </ei-ms-peak>
    <ei-ms-peak>
      <ei-ms-id>684</ei-ms-id>
      <id>76163</id>
      <intensity>2101.0</intensity>
      <mass-charge>277.0</mass-charge>
    </ei-ms-peak>
    <ei-ms-peak>
      <ei-ms-id>684</ei-ms-id>
      <id>76164</id>
      <intensity>2422.0</intensity>
      <mass-charge>278.0</mass-charge>
    </ei-ms-peak>
    <ei-ms-peak>
      <ei-ms-id>684</ei-ms-id>
      <id>76165</id>
      <intensity>690.0</intensity>
      <mass-charge>279.0</mass-charge>
    </ei-ms-peak>
    <ei-ms-peak>
      <ei-ms-id>684</ei-ms-id>
      <id>76166</id>
      <intensity>240.0</intensity>
      <mass-charge>280.0</mass-charge>
    </ei-ms-peak>
    <ei-ms-peak>
      <ei-ms-id>684</ei-ms-id>
      <id>76167</id>
      <intensity>60.0</intensity>
      <mass-charge>281.0</mass-charge>
    </ei-ms-peak>
    <ei-ms-peak>
      <ei-ms-id>684</ei-ms-id>
      <id>76168</id>
      <intensity>30.0</intensity>
      <mass-charge>282.0</mass-charge>
    </ei-ms-peak>
    <ei-ms-peak>
      <ei-ms-id>684</ei-ms-id>
      <id>76169</id>
      <intensity>20.0</intensity>
      <mass-charge>288.0</mass-charge>
    </ei-ms-peak>
    <ei-ms-peak>
      <ei-ms-id>684</ei-ms-id>
      <id>76170</id>
      <intensity>100.0</intensity>
      <mass-charge>290.0</mass-charge>
    </ei-ms-peak>
    <ei-ms-peak>
      <ei-ms-id>684</ei-ms-id>
      <id>76171</id>
      <intensity>10.0</intensity>
      <mass-charge>291.0</mass-charge>
    </ei-ms-peak>
    <ei-ms-peak>
      <ei-ms-id>684</ei-ms-id>
      <id>76172</id>
      <intensity>60.0</intensity>
      <mass-charge>292.0</mass-charge>
    </ei-ms-peak>
    <ei-ms-peak>
      <ei-ms-id>684</ei-ms-id>
      <id>76173</id>
      <intensity>1281.0</intensity>
      <mass-charge>304.0</mass-charge>
    </ei-ms-peak>
    <ei-ms-peak>
      <ei-ms-id>684</ei-ms-id>
      <id>76174</id>
      <intensity>370.0</intensity>
      <mass-charge>305.0</mass-charge>
    </ei-ms-peak>
    <ei-ms-peak>
      <ei-ms-id>684</ei-ms-id>
      <id>76175</id>
      <intensity>790.0</intensity>
      <mass-charge>306.0</mass-charge>
    </ei-ms-peak>
    <ei-ms-peak>
      <ei-ms-id>684</ei-ms-id>
      <id>76176</id>
      <intensity>240.0</intensity>
      <mass-charge>307.0</mass-charge>
    </ei-ms-peak>
    <ei-ms-peak>
      <ei-ms-id>684</ei-ms-id>
      <id>76177</id>
      <intensity>140.0</intensity>
      <mass-charge>308.0</mass-charge>
    </ei-ms-peak>
    <ei-ms-peak>
      <ei-ms-id>684</ei-ms-id>
      <id>76178</id>
      <intensity>10.0</intensity>
      <mass-charge>309.0</mass-charge>
    </ei-ms-peak>
  </ei-ms-peaks>
</ei-ms>
