<?xml version="1.0" encoding="UTF-8"?>
<ei-ms>
  <collection-date nil="true"/>
  <created-at>2014-09-20T16:36:51Z</created-at>
  <database-id>HMDB14565</database-id>
  <id>802</id>
  <inchi-key>LXMSZDCAJNLERA-ZHYRCANASA-N</inchi-key>
  <instrument-type nil="true"/>
  <molecule-id nil="true"/>
  <notes nil="true"/>
  <peak-counter>279</peak-counter>
  <sample-assessment nil="true"/>
  <sample-concentration nil="true"/>
  <sample-concentration-units nil="true"/>
  <sample-mass nil="true"/>
  <sample-mass-units nil="true"/>
  <sample-source nil="true"/>
  <solvent nil="true"/>
  <spectra-assessment nil="true"/>
  <updated-at>2014-09-20T16:36:51Z</updated-at>
  <references>
    <reference>
      <database>NIST</database>
      <database-id>52-01-7</database-id>
      <id>15674</id>
      <pubmed-id nil="true"/>
      <ref-text>NIST Mass Spec Data Center, S.E. Stein, director, "Mass Spectra" in NIST Chemistry WebBook, NIST Standard Reference Database Number 69, Eds. P.J. Linstrom and W.G. Mallard, National Institute of Standards and Technology, Gaithersburg MD, 20899, http://webbook.nist.gov, (retrieved September 6, 2014).</ref-text>
      <spectra-id>802</spectra-id>
      <spectra-type>EiMs</spectra-type>
    </reference>
  </references>
  <ei-ms-peaks>
    <ei-ms-peak>
      <ei-ms-id>802</ei-ms-id>
      <id>88022</id>
      <intensity>910.0</intensity>
      <mass-charge>41.0</mass-charge>
    </ei-ms-peak>
    <ei-ms-peak>
      <ei-ms-id>802</ei-ms-id>
      <id>88023</id>
      <intensity>320.0</intensity>
      <mass-charge>42.0</mass-charge>
    </ei-ms-peak>
    <ei-ms-peak>
      <ei-ms-id>802</ei-ms-id>
      <id>88024</id>
      <intensity>3873.0</intensity>
      <mass-charge>43.0</mass-charge>
    </ei-ms-peak>
    <ei-ms-peak>
      <ei-ms-id>802</ei-ms-id>
      <id>88025</id>
      <intensity>620.0</intensity>
      <mass-charge>44.0</mass-charge>
    </ei-ms-peak>
    <ei-ms-peak>
      <ei-ms-id>802</ei-ms-id>
      <id>88026</id>
      <intensity>660.0</intensity>
      <mass-charge>45.0</mass-charge>
    </ei-ms-peak>
    <ei-ms-peak>
      <ei-ms-id>802</ei-ms-id>
      <id>88027</id>
      <intensity>40.0</intensity>
      <mass-charge>46.0</mass-charge>
    </ei-ms-peak>
    <ei-ms-peak>
      <ei-ms-id>802</ei-ms-id>
      <id>88028</id>
      <intensity>70.0</intensity>
      <mass-charge>47.0</mass-charge>
    </ei-ms-peak>
    <ei-ms-peak>
      <ei-ms-id>802</ei-ms-id>
      <id>88029</id>
      <intensity>50.0</intensity>
      <mass-charge>50.0</mass-charge>
    </ei-ms-peak>
    <ei-ms-peak>
      <ei-ms-id>802</ei-ms-id>
      <id>88030</id>
      <intensity>120.0</intensity>
      <mass-charge>51.0</mass-charge>
    </ei-ms-peak>
    <ei-ms-peak>
      <ei-ms-id>802</ei-ms-id>
      <id>88031</id>
      <intensity>80.0</intensity>
      <mass-charge>52.0</mass-charge>
    </ei-ms-peak>
    <ei-ms-peak>
      <ei-ms-id>802</ei-ms-id>
      <id>88032</id>
      <intensity>460.0</intensity>
      <mass-charge>53.0</mass-charge>
    </ei-ms-peak>
    <ei-ms-peak>
      <ei-ms-id>802</ei-ms-id>
      <id>88033</id>
      <intensity>190.0</intensity>
      <mass-charge>54.0</mass-charge>
    </ei-ms-peak>
    <ei-ms-peak>
      <ei-ms-id>802</ei-ms-id>
      <id>88034</id>
      <intensity>2622.0</intensity>
      <mass-charge>55.0</mass-charge>
    </ei-ms-peak>
    <ei-ms-peak>
      <ei-ms-id>802</ei-ms-id>
      <id>88035</id>
      <intensity>650.0</intensity>
      <mass-charge>56.0</mass-charge>
    </ei-ms-peak>
    <ei-ms-peak>
      <ei-ms-id>802</ei-ms-id>
      <id>88036</id>
      <intensity>810.0</intensity>
      <mass-charge>57.0</mass-charge>
    </ei-ms-peak>
    <ei-ms-peak>
      <ei-ms-id>802</ei-ms-id>
      <id>88037</id>
      <intensity>120.0</intensity>
      <mass-charge>58.0</mass-charge>
    </ei-ms-peak>
    <ei-ms-peak>
      <ei-ms-id>802</ei-ms-id>
      <id>88038</id>
      <intensity>570.0</intensity>
      <mass-charge>59.0</mass-charge>
    </ei-ms-peak>
    <ei-ms-peak>
      <ei-ms-id>802</ei-ms-id>
      <id>88039</id>
      <intensity>360.0</intensity>
      <mass-charge>60.0</mass-charge>
    </ei-ms-peak>
    <ei-ms-peak>
      <ei-ms-id>802</ei-ms-id>
      <id>88040</id>
      <intensity>160.0</intensity>
      <mass-charge>61.0</mass-charge>
    </ei-ms-peak>
    <ei-ms-peak>
      <ei-ms-id>802</ei-ms-id>
      <id>88041</id>
      <intensity>120.0</intensity>
      <mass-charge>63.0</mass-charge>
    </ei-ms-peak>
    <ei-ms-peak>
      <ei-ms-id>802</ei-ms-id>
      <id>88042</id>
      <intensity>90.0</intensity>
      <mass-charge>64.0</mass-charge>
    </ei-ms-peak>
    <ei-ms-peak>
      <ei-ms-id>802</ei-ms-id>
      <id>88043</id>
      <intensity>600.0</intensity>
      <mass-charge>65.0</mass-charge>
    </ei-ms-peak>
    <ei-ms-peak>
      <ei-ms-id>802</ei-ms-id>
      <id>88044</id>
      <intensity>200.0</intensity>
      <mass-charge>66.0</mass-charge>
    </ei-ms-peak>
    <ei-ms-peak>
      <ei-ms-id>802</ei-ms-id>
      <id>88045</id>
      <intensity>1351.0</intensity>
      <mass-charge>67.0</mass-charge>
    </ei-ms-peak>
    <ei-ms-peak>
      <ei-ms-id>802</ei-ms-id>
      <id>88046</id>
      <intensity>330.0</intensity>
      <mass-charge>68.0</mass-charge>
    </ei-ms-peak>
    <ei-ms-peak>
      <ei-ms-id>802</ei-ms-id>
      <id>88047</id>
      <intensity>1090.0</intensity>
      <mass-charge>69.0</mass-charge>
    </ei-ms-peak>
    <ei-ms-peak>
      <ei-ms-id>802</ei-ms-id>
      <id>88048</id>
      <intensity>370.0</intensity>
      <mass-charge>70.0</mass-charge>
    </ei-ms-peak>
    <ei-ms-peak>
      <ei-ms-id>802</ei-ms-id>
      <id>88049</id>
      <intensity>620.0</intensity>
      <mass-charge>71.0</mass-charge>
    </ei-ms-peak>
    <ei-ms-peak>
      <ei-ms-id>802</ei-ms-id>
      <id>88050</id>
      <intensity>80.0</intensity>
      <mass-charge>72.0</mass-charge>
    </ei-ms-peak>
    <ei-ms-peak>
      <ei-ms-id>802</ei-ms-id>
      <id>88051</id>
      <intensity>440.0</intensity>
      <mass-charge>73.0</mass-charge>
    </ei-ms-peak>
    <ei-ms-peak>
      <ei-ms-id>802</ei-ms-id>
      <id>88052</id>
      <intensity>70.0</intensity>
      <mass-charge>74.0</mass-charge>
    </ei-ms-peak>
    <ei-ms-peak>
      <ei-ms-id>802</ei-ms-id>
      <id>88053</id>
      <intensity>90.0</intensity>
      <mass-charge>76.0</mass-charge>
    </ei-ms-peak>
    <ei-ms-peak>
      <ei-ms-id>802</ei-ms-id>
      <id>88054</id>
      <intensity>1841.0</intensity>
      <mass-charge>77.0</mass-charge>
    </ei-ms-peak>
    <ei-ms-peak>
      <ei-ms-id>802</ei-ms-id>
      <id>88055</id>
      <intensity>450.0</intensity>
      <mass-charge>78.0</mass-charge>
    </ei-ms-peak>
    <ei-ms-peak>
      <ei-ms-id>802</ei-ms-id>
      <id>88056</id>
      <intensity>1541.0</intensity>
      <mass-charge>79.0</mass-charge>
    </ei-ms-peak>
    <ei-ms-peak>
      <ei-ms-id>802</ei-ms-id>
      <id>88057</id>
      <intensity>240.0</intensity>
      <mass-charge>80.0</mass-charge>
    </ei-ms-peak>
    <ei-ms-peak>
      <ei-ms-id>802</ei-ms-id>
      <id>88058</id>
      <intensity>980.0</intensity>
      <mass-charge>81.0</mass-charge>
    </ei-ms-peak>
    <ei-ms-peak>
      <ei-ms-id>802</ei-ms-id>
      <id>88059</id>
      <intensity>320.0</intensity>
      <mass-charge>82.0</mass-charge>
    </ei-ms-peak>
    <ei-ms-peak>
      <ei-ms-id>802</ei-ms-id>
      <id>88060</id>
      <intensity>910.0</intensity>
      <mass-charge>83.0</mass-charge>
    </ei-ms-peak>
    <ei-ms-peak>
      <ei-ms-id>802</ei-ms-id>
      <id>88061</id>
      <intensity>410.0</intensity>
      <mass-charge>84.0</mass-charge>
    </ei-ms-peak>
    <ei-ms-peak>
      <ei-ms-id>802</ei-ms-id>
      <id>88062</id>
      <intensity>630.0</intensity>
      <mass-charge>85.0</mass-charge>
    </ei-ms-peak>
    <ei-ms-peak>
      <ei-ms-id>802</ei-ms-id>
      <id>88063</id>
      <intensity>110.0</intensity>
      <mass-charge>86.0</mass-charge>
    </ei-ms-peak>
    <ei-ms-peak>
      <ei-ms-id>802</ei-ms-id>
      <id>88064</id>
      <intensity>200.0</intensity>
      <mass-charge>87.0</mass-charge>
    </ei-ms-peak>
    <ei-ms-peak>
      <ei-ms-id>802</ei-ms-id>
      <id>88065</id>
      <intensity>90.0</intensity>
      <mass-charge>89.0</mass-charge>
    </ei-ms-peak>
    <ei-ms-peak>
      <ei-ms-id>802</ei-ms-id>
      <id>88066</id>
      <intensity>90.0</intensity>
      <mass-charge>90.0</mass-charge>
    </ei-ms-peak>
    <ei-ms-peak>
      <ei-ms-id>802</ei-ms-id>
      <id>88067</id>
      <intensity>2051.0</intensity>
      <mass-charge>91.0</mass-charge>
    </ei-ms-peak>
    <ei-ms-peak>
      <ei-ms-id>802</ei-ms-id>
      <id>88068</id>
      <intensity>500.0</intensity>
      <mass-charge>92.0</mass-charge>
    </ei-ms-peak>
    <ei-ms-peak>
      <ei-ms-id>802</ei-ms-id>
      <id>88069</id>
      <intensity>950.0</intensity>
      <mass-charge>93.0</mass-charge>
    </ei-ms-peak>
    <ei-ms-peak>
      <ei-ms-id>802</ei-ms-id>
      <id>88070</id>
      <intensity>220.0</intensity>
      <mass-charge>94.0</mass-charge>
    </ei-ms-peak>
    <ei-ms-peak>
      <ei-ms-id>802</ei-ms-id>
      <id>88071</id>
      <intensity>840.0</intensity>
      <mass-charge>95.0</mass-charge>
    </ei-ms-peak>
    <ei-ms-peak>
      <ei-ms-id>802</ei-ms-id>
      <id>88072</id>
      <intensity>300.0</intensity>
      <mass-charge>96.0</mass-charge>
    </ei-ms-peak>
    <ei-ms-peak>
      <ei-ms-id>802</ei-ms-id>
      <id>88073</id>
      <intensity>1181.0</intensity>
      <mass-charge>97.0</mass-charge>
    </ei-ms-peak>
    <ei-ms-peak>
      <ei-ms-id>802</ei-ms-id>
      <id>88074</id>
      <intensity>350.0</intensity>
      <mass-charge>98.0</mass-charge>
    </ei-ms-peak>
    <ei-ms-peak>
      <ei-ms-id>802</ei-ms-id>
      <id>88075</id>
      <intensity>460.0</intensity>
      <mass-charge>99.0</mass-charge>
    </ei-ms-peak>
    <ei-ms-peak>
      <ei-ms-id>802</ei-ms-id>
      <id>88076</id>
      <intensity>110.0</intensity>
      <mass-charge>100.0</mass-charge>
    </ei-ms-peak>
    <ei-ms-peak>
      <ei-ms-id>802</ei-ms-id>
      <id>88077</id>
      <intensity>120.0</intensity>
      <mass-charge>101.0</mass-charge>
    </ei-ms-peak>
    <ei-ms-peak>
      <ei-ms-id>802</ei-ms-id>
      <id>88078</id>
      <intensity>60.0</intensity>
      <mass-charge>102.0</mass-charge>
    </ei-ms-peak>
    <ei-ms-peak>
      <ei-ms-id>802</ei-ms-id>
      <id>88079</id>
      <intensity>260.0</intensity>
      <mass-charge>103.0</mass-charge>
    </ei-ms-peak>
    <ei-ms-peak>
      <ei-ms-id>802</ei-ms-id>
      <id>88080</id>
      <intensity>160.0</intensity>
      <mass-charge>104.0</mass-charge>
    </ei-ms-peak>
    <ei-ms-peak>
      <ei-ms-id>802</ei-ms-id>
      <id>88081</id>
      <intensity>1411.0</intensity>
      <mass-charge>105.0</mass-charge>
    </ei-ms-peak>
    <ei-ms-peak>
      <ei-ms-id>802</ei-ms-id>
      <id>88082</id>
      <intensity>230.0</intensity>
      <mass-charge>106.0</mass-charge>
    </ei-ms-peak>
    <ei-ms-peak>
      <ei-ms-id>802</ei-ms-id>
      <id>88083</id>
      <intensity>930.0</intensity>
      <mass-charge>107.0</mass-charge>
    </ei-ms-peak>
    <ei-ms-peak>
      <ei-ms-id>802</ei-ms-id>
      <id>88084</id>
      <intensity>370.0</intensity>
      <mass-charge>108.0</mass-charge>
    </ei-ms-peak>
    <ei-ms-peak>
      <ei-ms-id>802</ei-ms-id>
      <id>88085</id>
      <intensity>560.0</intensity>
      <mass-charge>109.0</mass-charge>
    </ei-ms-peak>
    <ei-ms-peak>
      <ei-ms-id>802</ei-ms-id>
      <id>88086</id>
      <intensity>180.0</intensity>
      <mass-charge>110.0</mass-charge>
    </ei-ms-peak>
    <ei-ms-peak>
      <ei-ms-id>802</ei-ms-id>
      <id>88087</id>
      <intensity>1341.0</intensity>
      <mass-charge>111.0</mass-charge>
    </ei-ms-peak>
    <ei-ms-peak>
      <ei-ms-id>802</ei-ms-id>
      <id>88088</id>
      <intensity>310.0</intensity>
      <mass-charge>112.0</mass-charge>
    </ei-ms-peak>
    <ei-ms-peak>
      <ei-ms-id>802</ei-ms-id>
      <id>88089</id>
      <intensity>170.0</intensity>
      <mass-charge>113.0</mass-charge>
    </ei-ms-peak>
    <ei-ms-peak>
      <ei-ms-id>802</ei-ms-id>
      <id>88090</id>
      <intensity>60.0</intensity>
      <mass-charge>114.0</mass-charge>
    </ei-ms-peak>
    <ei-ms-peak>
      <ei-ms-id>802</ei-ms-id>
      <id>88091</id>
      <intensity>620.0</intensity>
      <mass-charge>115.0</mass-charge>
    </ei-ms-peak>
    <ei-ms-peak>
      <ei-ms-id>802</ei-ms-id>
      <id>88092</id>
      <intensity>250.0</intensity>
      <mass-charge>116.0</mass-charge>
    </ei-ms-peak>
    <ei-ms-peak>
      <ei-ms-id>802</ei-ms-id>
      <id>88093</id>
      <intensity>690.0</intensity>
      <mass-charge>117.0</mass-charge>
    </ei-ms-peak>
    <ei-ms-peak>
      <ei-ms-id>802</ei-ms-id>
      <id>88094</id>
      <intensity>260.0</intensity>
      <mass-charge>118.0</mass-charge>
    </ei-ms-peak>
    <ei-ms-peak>
      <ei-ms-id>802</ei-ms-id>
      <id>88095</id>
      <intensity>890.0</intensity>
      <mass-charge>119.0</mass-charge>
    </ei-ms-peak>
    <ei-ms-peak>
      <ei-ms-id>802</ei-ms-id>
      <id>88096</id>
      <intensity>150.0</intensity>
      <mass-charge>120.0</mass-charge>
    </ei-ms-peak>
    <ei-ms-peak>
      <ei-ms-id>802</ei-ms-id>
      <id>88097</id>
      <intensity>550.0</intensity>
      <mass-charge>121.0</mass-charge>
    </ei-ms-peak>
    <ei-ms-peak>
      <ei-ms-id>802</ei-ms-id>
      <id>88098</id>
      <intensity>250.0</intensity>
      <mass-charge>122.0</mass-charge>
    </ei-ms-peak>
    <ei-ms-peak>
      <ei-ms-id>802</ei-ms-id>
      <id>88099</id>
      <intensity>580.0</intensity>
      <mass-charge>123.0</mass-charge>
    </ei-ms-peak>
    <ei-ms-peak>
      <ei-ms-id>802</ei-ms-id>
      <id>88100</id>
      <intensity>560.0</intensity>
      <mass-charge>124.0</mass-charge>
    </ei-ms-peak>
    <ei-ms-peak>
      <ei-ms-id>802</ei-ms-id>
      <id>88101</id>
      <intensity>320.0</intensity>
      <mass-charge>125.0</mass-charge>
    </ei-ms-peak>
    <ei-ms-peak>
      <ei-ms-id>802</ei-ms-id>
      <id>88102</id>
      <intensity>100.0</intensity>
      <mass-charge>126.0</mass-charge>
    </ei-ms-peak>
    <ei-ms-peak>
      <ei-ms-id>802</ei-ms-id>
      <id>88103</id>
      <intensity>230.0</intensity>
      <mass-charge>127.0</mass-charge>
    </ei-ms-peak>
    <ei-ms-peak>
      <ei-ms-id>802</ei-ms-id>
      <id>88104</id>
      <intensity>430.0</intensity>
      <mass-charge>128.0</mass-charge>
    </ei-ms-peak>
    <ei-ms-peak>
      <ei-ms-id>802</ei-ms-id>
      <id>88105</id>
      <intensity>620.0</intensity>
      <mass-charge>129.0</mass-charge>
    </ei-ms-peak>
    <ei-ms-peak>
      <ei-ms-id>802</ei-ms-id>
      <id>88106</id>
      <intensity>250.0</intensity>
      <mass-charge>130.0</mass-charge>
    </ei-ms-peak>
    <ei-ms-peak>
      <ei-ms-id>802</ei-ms-id>
      <id>88107</id>
      <intensity>730.0</intensity>
      <mass-charge>131.0</mass-charge>
    </ei-ms-peak>
    <ei-ms-peak>
      <ei-ms-id>802</ei-ms-id>
      <id>88108</id>
      <intensity>190.0</intensity>
      <mass-charge>132.0</mass-charge>
    </ei-ms-peak>
    <ei-ms-peak>
      <ei-ms-id>802</ei-ms-id>
      <id>88109</id>
      <intensity>460.0</intensity>
      <mass-charge>133.0</mass-charge>
    </ei-ms-peak>
    <ei-ms-peak>
      <ei-ms-id>802</ei-ms-id>
      <id>88110</id>
      <intensity>210.0</intensity>
      <mass-charge>134.0</mass-charge>
    </ei-ms-peak>
    <ei-ms-peak>
      <ei-ms-id>802</ei-ms-id>
      <id>88111</id>
      <intensity>470.0</intensity>
      <mass-charge>135.0</mass-charge>
    </ei-ms-peak>
    <ei-ms-peak>
      <ei-ms-id>802</ei-ms-id>
      <id>88112</id>
      <intensity>350.0</intensity>
      <mass-charge>136.0</mass-charge>
    </ei-ms-peak>
    <ei-ms-peak>
      <ei-ms-id>802</ei-ms-id>
      <id>88113</id>
      <intensity>310.0</intensity>
      <mass-charge>137.0</mass-charge>
    </ei-ms-peak>
    <ei-ms-peak>
      <ei-ms-id>802</ei-ms-id>
      <id>88114</id>
      <intensity>120.0</intensity>
      <mass-charge>138.0</mass-charge>
    </ei-ms-peak>
    <ei-ms-peak>
      <ei-ms-id>802</ei-ms-id>
      <id>88115</id>
      <intensity>180.0</intensity>
      <mass-charge>139.0</mass-charge>
    </ei-ms-peak>
    <ei-ms-peak>
      <ei-ms-id>802</ei-ms-id>
      <id>88116</id>
      <intensity>110.0</intensity>
      <mass-charge>140.0</mass-charge>
    </ei-ms-peak>
    <ei-ms-peak>
      <ei-ms-id>802</ei-ms-id>
      <id>88117</id>
      <intensity>370.0</intensity>
      <mass-charge>141.0</mass-charge>
    </ei-ms-peak>
    <ei-ms-peak>
      <ei-ms-id>802</ei-ms-id>
      <id>88118</id>
      <intensity>290.0</intensity>
      <mass-charge>142.0</mass-charge>
    </ei-ms-peak>
    <ei-ms-peak>
      <ei-ms-id>802</ei-ms-id>
      <id>88119</id>
      <intensity>650.0</intensity>
      <mass-charge>143.0</mass-charge>
    </ei-ms-peak>
    <ei-ms-peak>
      <ei-ms-id>802</ei-ms-id>
      <id>88120</id>
      <intensity>200.0</intensity>
      <mass-charge>144.0</mass-charge>
    </ei-ms-peak>
    <ei-ms-peak>
      <ei-ms-id>802</ei-ms-id>
      <id>88121</id>
      <intensity>580.0</intensity>
      <mass-charge>145.0</mass-charge>
    </ei-ms-peak>
    <ei-ms-peak>
      <ei-ms-id>802</ei-ms-id>
      <id>88122</id>
      <intensity>150.0</intensity>
      <mass-charge>146.0</mass-charge>
    </ei-ms-peak>
    <ei-ms-peak>
      <ei-ms-id>802</ei-ms-id>
      <id>88123</id>
      <intensity>400.0</intensity>
      <mass-charge>147.0</mass-charge>
    </ei-ms-peak>
    <ei-ms-peak>
      <ei-ms-id>802</ei-ms-id>
      <id>88124</id>
      <intensity>130.0</intensity>
      <mass-charge>148.0</mass-charge>
    </ei-ms-peak>
    <ei-ms-peak>
      <ei-ms-id>802</ei-ms-id>
      <id>88125</id>
      <intensity>540.0</intensity>
      <mass-charge>149.0</mass-charge>
    </ei-ms-peak>
    <ei-ms-peak>
      <ei-ms-id>802</ei-ms-id>
      <id>88126</id>
      <intensity>110.0</intensity>
      <mass-charge>150.0</mass-charge>
    </ei-ms-peak>
    <ei-ms-peak>
      <ei-ms-id>802</ei-ms-id>
      <id>88127</id>
      <intensity>270.0</intensity>
      <mass-charge>151.0</mass-charge>
    </ei-ms-peak>
    <ei-ms-peak>
      <ei-ms-id>802</ei-ms-id>
      <id>88128</id>
      <intensity>160.0</intensity>
      <mass-charge>152.0</mass-charge>
    </ei-ms-peak>
    <ei-ms-peak>
      <ei-ms-id>802</ei-ms-id>
      <id>88129</id>
      <intensity>740.0</intensity>
      <mass-charge>153.0</mass-charge>
    </ei-ms-peak>
    <ei-ms-peak>
      <ei-ms-id>802</ei-ms-id>
      <id>88130</id>
      <intensity>190.0</intensity>
      <mass-charge>154.0</mass-charge>
    </ei-ms-peak>
    <ei-ms-peak>
      <ei-ms-id>802</ei-ms-id>
      <id>88131</id>
      <intensity>430.0</intensity>
      <mass-charge>155.0</mass-charge>
    </ei-ms-peak>
    <ei-ms-peak>
      <ei-ms-id>802</ei-ms-id>
      <id>88132</id>
      <intensity>340.0</intensity>
      <mass-charge>156.0</mass-charge>
    </ei-ms-peak>
    <ei-ms-peak>
      <ei-ms-id>802</ei-ms-id>
      <id>88133</id>
      <intensity>560.0</intensity>
      <mass-charge>157.0</mass-charge>
    </ei-ms-peak>
    <ei-ms-peak>
      <ei-ms-id>802</ei-ms-id>
      <id>88134</id>
      <intensity>180.0</intensity>
      <mass-charge>158.0</mass-charge>
    </ei-ms-peak>
    <ei-ms-peak>
      <ei-ms-id>802</ei-ms-id>
      <id>88135</id>
      <intensity>460.0</intensity>
      <mass-charge>159.0</mass-charge>
    </ei-ms-peak>
    <ei-ms-peak>
      <ei-ms-id>802</ei-ms-id>
      <id>88136</id>
      <intensity>250.0</intensity>
      <mass-charge>160.0</mass-charge>
    </ei-ms-peak>
    <ei-ms-peak>
      <ei-ms-id>802</ei-ms-id>
      <id>88137</id>
      <intensity>500.0</intensity>
      <mass-charge>161.0</mass-charge>
    </ei-ms-peak>
    <ei-ms-peak>
      <ei-ms-id>802</ei-ms-id>
      <id>88138</id>
      <intensity>120.0</intensity>
      <mass-charge>162.0</mass-charge>
    </ei-ms-peak>
    <ei-ms-peak>
      <ei-ms-id>802</ei-ms-id>
      <id>88139</id>
      <intensity>150.0</intensity>
      <mass-charge>163.0</mass-charge>
    </ei-ms-peak>
    <ei-ms-peak>
      <ei-ms-id>802</ei-ms-id>
      <id>88140</id>
      <intensity>60.0</intensity>
      <mass-charge>164.0</mass-charge>
    </ei-ms-peak>
    <ei-ms-peak>
      <ei-ms-id>802</ei-ms-id>
      <id>88141</id>
      <intensity>240.0</intensity>
      <mass-charge>165.0</mass-charge>
    </ei-ms-peak>
    <ei-ms-peak>
      <ei-ms-id>802</ei-ms-id>
      <id>88142</id>
      <intensity>180.0</intensity>
      <mass-charge>166.0</mass-charge>
    </ei-ms-peak>
    <ei-ms-peak>
      <ei-ms-id>802</ei-ms-id>
      <id>88143</id>
      <intensity>480.0</intensity>
      <mass-charge>167.0</mass-charge>
    </ei-ms-peak>
    <ei-ms-peak>
      <ei-ms-id>802</ei-ms-id>
      <id>88144</id>
      <intensity>160.0</intensity>
      <mass-charge>168.0</mass-charge>
    </ei-ms-peak>
    <ei-ms-peak>
      <ei-ms-id>802</ei-ms-id>
      <id>88145</id>
      <intensity>380.0</intensity>
      <mass-charge>169.0</mass-charge>
    </ei-ms-peak>
    <ei-ms-peak>
      <ei-ms-id>802</ei-ms-id>
      <id>88146</id>
      <intensity>110.0</intensity>
      <mass-charge>170.0</mass-charge>
    </ei-ms-peak>
    <ei-ms-peak>
      <ei-ms-id>802</ei-ms-id>
      <id>88147</id>
      <intensity>510.0</intensity>
      <mass-charge>171.0</mass-charge>
    </ei-ms-peak>
    <ei-ms-peak>
      <ei-ms-id>802</ei-ms-id>
      <id>88148</id>
      <intensity>210.0</intensity>
      <mass-charge>172.0</mass-charge>
    </ei-ms-peak>
    <ei-ms-peak>
      <ei-ms-id>802</ei-ms-id>
      <id>88149</id>
      <intensity>650.0</intensity>
      <mass-charge>173.0</mass-charge>
    </ei-ms-peak>
    <ei-ms-peak>
      <ei-ms-id>802</ei-ms-id>
      <id>88150</id>
      <intensity>230.0</intensity>
      <mass-charge>174.0</mass-charge>
    </ei-ms-peak>
    <ei-ms-peak>
      <ei-ms-id>802</ei-ms-id>
      <id>88151</id>
      <intensity>170.0</intensity>
      <mass-charge>175.0</mass-charge>
    </ei-ms-peak>
    <ei-ms-peak>
      <ei-ms-id>802</ei-ms-id>
      <id>88152</id>
      <intensity>70.0</intensity>
      <mass-charge>176.0</mass-charge>
    </ei-ms-peak>
    <ei-ms-peak>
      <ei-ms-id>802</ei-ms-id>
      <id>88153</id>
      <intensity>70.0</intensity>
      <mass-charge>178.0</mass-charge>
    </ei-ms-peak>
    <ei-ms-peak>
      <ei-ms-id>802</ei-ms-id>
      <id>88154</id>
      <intensity>230.0</intensity>
      <mass-charge>179.0</mass-charge>
    </ei-ms-peak>
    <ei-ms-peak>
      <ei-ms-id>802</ei-ms-id>
      <id>88155</id>
      <intensity>100.0</intensity>
      <mass-charge>180.0</mass-charge>
    </ei-ms-peak>
    <ei-ms-peak>
      <ei-ms-id>802</ei-ms-id>
      <id>88156</id>
      <intensity>210.0</intensity>
      <mass-charge>181.0</mass-charge>
    </ei-ms-peak>
    <ei-ms-peak>
      <ei-ms-id>802</ei-ms-id>
      <id>88157</id>
      <intensity>90.0</intensity>
      <mass-charge>182.0</mass-charge>
    </ei-ms-peak>
    <ei-ms-peak>
      <ei-ms-id>802</ei-ms-id>
      <id>88158</id>
      <intensity>280.0</intensity>
      <mass-charge>183.0</mass-charge>
    </ei-ms-peak>
    <ei-ms-peak>
      <ei-ms-id>802</ei-ms-id>
      <id>88159</id>
      <intensity>120.0</intensity>
      <mass-charge>184.0</mass-charge>
    </ei-ms-peak>
    <ei-ms-peak>
      <ei-ms-id>802</ei-ms-id>
      <id>88160</id>
      <intensity>470.0</intensity>
      <mass-charge>185.0</mass-charge>
    </ei-ms-peak>
    <ei-ms-peak>
      <ei-ms-id>802</ei-ms-id>
      <id>88161</id>
      <intensity>180.0</intensity>
      <mass-charge>186.0</mass-charge>
    </ei-ms-peak>
    <ei-ms-peak>
      <ei-ms-id>802</ei-ms-id>
      <id>88162</id>
      <intensity>300.0</intensity>
      <mass-charge>187.0</mass-charge>
    </ei-ms-peak>
    <ei-ms-peak>
      <ei-ms-id>802</ei-ms-id>
      <id>88163</id>
      <intensity>90.0</intensity>
      <mass-charge>188.0</mass-charge>
    </ei-ms-peak>
    <ei-ms-peak>
      <ei-ms-id>802</ei-ms-id>
      <id>88164</id>
      <intensity>100.0</intensity>
      <mass-charge>189.0</mass-charge>
    </ei-ms-peak>
    <ei-ms-peak>
      <ei-ms-id>802</ei-ms-id>
      <id>88165</id>
      <intensity>80.0</intensity>
      <mass-charge>191.0</mass-charge>
    </ei-ms-peak>
    <ei-ms-peak>
      <ei-ms-id>802</ei-ms-id>
      <id>88166</id>
      <intensity>60.0</intensity>
      <mass-charge>192.0</mass-charge>
    </ei-ms-peak>
    <ei-ms-peak>
      <ei-ms-id>802</ei-ms-id>
      <id>88167</id>
      <intensity>140.0</intensity>
      <mass-charge>193.0</mass-charge>
    </ei-ms-peak>
    <ei-ms-peak>
      <ei-ms-id>802</ei-ms-id>
      <id>88168</id>
      <intensity>120.0</intensity>
      <mass-charge>194.0</mass-charge>
    </ei-ms-peak>
    <ei-ms-peak>
      <ei-ms-id>802</ei-ms-id>
      <id>88169</id>
      <intensity>160.0</intensity>
      <mass-charge>195.0</mass-charge>
    </ei-ms-peak>
    <ei-ms-peak>
      <ei-ms-id>802</ei-ms-id>
      <id>88170</id>
      <intensity>80.0</intensity>
      <mass-charge>196.0</mass-charge>
    </ei-ms-peak>
    <ei-ms-peak>
      <ei-ms-id>802</ei-ms-id>
      <id>88171</id>
      <intensity>240.0</intensity>
      <mass-charge>197.0</mass-charge>
    </ei-ms-peak>
    <ei-ms-peak>
      <ei-ms-id>802</ei-ms-id>
      <id>88172</id>
      <intensity>220.0</intensity>
      <mass-charge>198.0</mass-charge>
    </ei-ms-peak>
    <ei-ms-peak>
      <ei-ms-id>802</ei-ms-id>
      <id>88173</id>
      <intensity>360.0</intensity>
      <mass-charge>199.0</mass-charge>
    </ei-ms-peak>
    <ei-ms-peak>
      <ei-ms-id>802</ei-ms-id>
      <id>88174</id>
      <intensity>130.0</intensity>
      <mass-charge>200.0</mass-charge>
    </ei-ms-peak>
    <ei-ms-peak>
      <ei-ms-id>802</ei-ms-id>
      <id>88175</id>
      <intensity>150.0</intensity>
      <mass-charge>201.0</mass-charge>
    </ei-ms-peak>
    <ei-ms-peak>
      <ei-ms-id>802</ei-ms-id>
      <id>88176</id>
      <intensity>50.0</intensity>
      <mass-charge>202.0</mass-charge>
    </ei-ms-peak>
    <ei-ms-peak>
      <ei-ms-id>802</ei-ms-id>
      <id>88177</id>
      <intensity>60.0</intensity>
      <mass-charge>203.0</mass-charge>
    </ei-ms-peak>
    <ei-ms-peak>
      <ei-ms-id>802</ei-ms-id>
      <id>88178</id>
      <intensity>150.0</intensity>
      <mass-charge>205.0</mass-charge>
    </ei-ms-peak>
    <ei-ms-peak>
      <ei-ms-id>802</ei-ms-id>
      <id>88179</id>
      <intensity>70.0</intensity>
      <mass-charge>206.0</mass-charge>
    </ei-ms-peak>
    <ei-ms-peak>
      <ei-ms-id>802</ei-ms-id>
      <id>88180</id>
      <intensity>150.0</intensity>
      <mass-charge>207.0</mass-charge>
    </ei-ms-peak>
    <ei-ms-peak>
      <ei-ms-id>802</ei-ms-id>
      <id>88181</id>
      <intensity>100.0</intensity>
      <mass-charge>208.0</mass-charge>
    </ei-ms-peak>
    <ei-ms-peak>
      <ei-ms-id>802</ei-ms-id>
      <id>88182</id>
      <intensity>250.0</intensity>
      <mass-charge>209.0</mass-charge>
    </ei-ms-peak>
    <ei-ms-peak>
      <ei-ms-id>802</ei-ms-id>
      <id>88183</id>
      <intensity>80.0</intensity>
      <mass-charge>210.0</mass-charge>
    </ei-ms-peak>
    <ei-ms-peak>
      <ei-ms-id>802</ei-ms-id>
      <id>88184</id>
      <intensity>210.0</intensity>
      <mass-charge>211.0</mass-charge>
    </ei-ms-peak>
    <ei-ms-peak>
      <ei-ms-id>802</ei-ms-id>
      <id>88185</id>
      <intensity>90.0</intensity>
      <mass-charge>212.0</mass-charge>
    </ei-ms-peak>
    <ei-ms-peak>
      <ei-ms-id>802</ei-ms-id>
      <id>88186</id>
      <intensity>260.0</intensity>
      <mass-charge>213.0</mass-charge>
    </ei-ms-peak>
    <ei-ms-peak>
      <ei-ms-id>802</ei-ms-id>
      <id>88187</id>
      <intensity>110.0</intensity>
      <mass-charge>214.0</mass-charge>
    </ei-ms-peak>
    <ei-ms-peak>
      <ei-ms-id>802</ei-ms-id>
      <id>88188</id>
      <intensity>180.0</intensity>
      <mass-charge>215.0</mass-charge>
    </ei-ms-peak>
    <ei-ms-peak>
      <ei-ms-id>802</ei-ms-id>
      <id>88189</id>
      <intensity>70.0</intensity>
      <mass-charge>216.0</mass-charge>
    </ei-ms-peak>
    <ei-ms-peak>
      <ei-ms-id>802</ei-ms-id>
      <id>88190</id>
      <intensity>210.0</intensity>
      <mass-charge>217.0</mass-charge>
    </ei-ms-peak>
    <ei-ms-peak>
      <ei-ms-id>802</ei-ms-id>
      <id>88191</id>
      <intensity>60.0</intensity>
      <mass-charge>218.0</mass-charge>
    </ei-ms-peak>
    <ei-ms-peak>
      <ei-ms-id>802</ei-ms-id>
      <id>88192</id>
      <intensity>120.0</intensity>
      <mass-charge>219.0</mass-charge>
    </ei-ms-peak>
    <ei-ms-peak>
      <ei-ms-id>802</ei-ms-id>
      <id>88193</id>
      <intensity>40.0</intensity>
      <mass-charge>220.0</mass-charge>
    </ei-ms-peak>
    <ei-ms-peak>
      <ei-ms-id>802</ei-ms-id>
      <id>88194</id>
      <intensity>100.0</intensity>
      <mass-charge>221.0</mass-charge>
    </ei-ms-peak>
    <ei-ms-peak>
      <ei-ms-id>802</ei-ms-id>
      <id>88195</id>
      <intensity>50.0</intensity>
      <mass-charge>222.0</mass-charge>
    </ei-ms-peak>
    <ei-ms-peak>
      <ei-ms-id>802</ei-ms-id>
      <id>88196</id>
      <intensity>260.0</intensity>
      <mass-charge>223.0</mass-charge>
    </ei-ms-peak>
    <ei-ms-peak>
      <ei-ms-id>802</ei-ms-id>
      <id>88197</id>
      <intensity>60.0</intensity>
      <mass-charge>224.0</mass-charge>
    </ei-ms-peak>
    <ei-ms-peak>
      <ei-ms-id>802</ei-ms-id>
      <id>88198</id>
      <intensity>220.0</intensity>
      <mass-charge>225.0</mass-charge>
    </ei-ms-peak>
    <ei-ms-peak>
      <ei-ms-id>802</ei-ms-id>
      <id>88199</id>
      <intensity>140.0</intensity>
      <mass-charge>226.0</mass-charge>
    </ei-ms-peak>
    <ei-ms-peak>
      <ei-ms-id>802</ei-ms-id>
      <id>88200</id>
      <intensity>450.0</intensity>
      <mass-charge>227.0</mass-charge>
    </ei-ms-peak>
    <ei-ms-peak>
      <ei-ms-id>802</ei-ms-id>
      <id>88201</id>
      <intensity>160.0</intensity>
      <mass-charge>228.0</mass-charge>
    </ei-ms-peak>
    <ei-ms-peak>
      <ei-ms-id>802</ei-ms-id>
      <id>88202</id>
      <intensity>650.0</intensity>
      <mass-charge>229.0</mass-charge>
    </ei-ms-peak>
    <ei-ms-peak>
      <ei-ms-id>802</ei-ms-id>
      <id>88203</id>
      <intensity>230.0</intensity>
      <mass-charge>230.0</mass-charge>
    </ei-ms-peak>
    <ei-ms-peak>
      <ei-ms-id>802</ei-ms-id>
      <id>88204</id>
      <intensity>70.0</intensity>
      <mass-charge>231.0</mass-charge>
    </ei-ms-peak>
    <ei-ms-peak>
      <ei-ms-id>802</ei-ms-id>
      <id>88205</id>
      <intensity>50.0</intensity>
      <mass-charge>232.0</mass-charge>
    </ei-ms-peak>
    <ei-ms-peak>
      <ei-ms-id>802</ei-ms-id>
      <id>88206</id>
      <intensity>70.0</intensity>
      <mass-charge>233.0</mass-charge>
    </ei-ms-peak>
    <ei-ms-peak>
      <ei-ms-id>802</ei-ms-id>
      <id>88207</id>
      <intensity>40.0</intensity>
      <mass-charge>234.0</mass-charge>
    </ei-ms-peak>
    <ei-ms-peak>
      <ei-ms-id>802</ei-ms-id>
      <id>88208</id>
      <intensity>160.0</intensity>
      <mass-charge>235.0</mass-charge>
    </ei-ms-peak>
    <ei-ms-peak>
      <ei-ms-id>802</ei-ms-id>
      <id>88209</id>
      <intensity>200.0</intensity>
      <mass-charge>236.0</mass-charge>
    </ei-ms-peak>
    <ei-ms-peak>
      <ei-ms-id>802</ei-ms-id>
      <id>88210</id>
      <intensity>110.0</intensity>
      <mass-charge>237.0</mass-charge>
    </ei-ms-peak>
    <ei-ms-peak>
      <ei-ms-id>802</ei-ms-id>
      <id>88211</id>
      <intensity>50.0</intensity>
      <mass-charge>238.0</mass-charge>
    </ei-ms-peak>
    <ei-ms-peak>
      <ei-ms-id>802</ei-ms-id>
      <id>88212</id>
      <intensity>140.0</intensity>
      <mass-charge>239.0</mass-charge>
    </ei-ms-peak>
    <ei-ms-peak>
      <ei-ms-id>802</ei-ms-id>
      <id>88213</id>
      <intensity>90.0</intensity>
      <mass-charge>240.0</mass-charge>
    </ei-ms-peak>
    <ei-ms-peak>
      <ei-ms-id>802</ei-ms-id>
      <id>88214</id>
      <intensity>200.0</intensity>
      <mass-charge>241.0</mass-charge>
    </ei-ms-peak>
    <ei-ms-peak>
      <ei-ms-id>802</ei-ms-id>
      <id>88215</id>
      <intensity>270.0</intensity>
      <mass-charge>242.0</mass-charge>
    </ei-ms-peak>
    <ei-ms-peak>
      <ei-ms-id>802</ei-ms-id>
      <id>88216</id>
      <intensity>360.0</intensity>
      <mass-charge>243.0</mass-charge>
    </ei-ms-peak>
    <ei-ms-peak>
      <ei-ms-id>802</ei-ms-id>
      <id>88217</id>
      <intensity>70.0</intensity>
      <mass-charge>244.0</mass-charge>
    </ei-ms-peak>
    <ei-ms-peak>
      <ei-ms-id>802</ei-ms-id>
      <id>88218</id>
      <intensity>80.0</intensity>
      <mass-charge>245.0</mass-charge>
    </ei-ms-peak>
    <ei-ms-peak>
      <ei-ms-id>802</ei-ms-id>
      <id>88219</id>
      <intensity>70.0</intensity>
      <mass-charge>247.0</mass-charge>
    </ei-ms-peak>
    <ei-ms-peak>
      <ei-ms-id>802</ei-ms-id>
      <id>88220</id>
      <intensity>30.0</intensity>
      <mass-charge>248.0</mass-charge>
    </ei-ms-peak>
    <ei-ms-peak>
      <ei-ms-id>802</ei-ms-id>
      <id>88221</id>
      <intensity>140.0</intensity>
      <mass-charge>249.0</mass-charge>
    </ei-ms-peak>
    <ei-ms-peak>
      <ei-ms-id>802</ei-ms-id>
      <id>88222</id>
      <intensity>90.0</intensity>
      <mass-charge>250.0</mass-charge>
    </ei-ms-peak>
    <ei-ms-peak>
      <ei-ms-id>802</ei-ms-id>
      <id>88223</id>
      <intensity>210.0</intensity>
      <mass-charge>251.0</mass-charge>
    </ei-ms-peak>
    <ei-ms-peak>
      <ei-ms-id>802</ei-ms-id>
      <id>88224</id>
      <intensity>80.0</intensity>
      <mass-charge>252.0</mass-charge>
    </ei-ms-peak>
    <ei-ms-peak>
      <ei-ms-id>802</ei-ms-id>
      <id>88225</id>
      <intensity>100.0</intensity>
      <mass-charge>253.0</mass-charge>
    </ei-ms-peak>
    <ei-ms-peak>
      <ei-ms-id>802</ei-ms-id>
      <id>88226</id>
      <intensity>90.0</intensity>
      <mass-charge>255.0</mass-charge>
    </ei-ms-peak>
    <ei-ms-peak>
      <ei-ms-id>802</ei-ms-id>
      <id>88227</id>
      <intensity>90.0</intensity>
      <mass-charge>256.0</mass-charge>
    </ei-ms-peak>
    <ei-ms-peak>
      <ei-ms-id>802</ei-ms-id>
      <id>88228</id>
      <intensity>130.0</intensity>
      <mass-charge>257.0</mass-charge>
    </ei-ms-peak>
    <ei-ms-peak>
      <ei-ms-id>802</ei-ms-id>
      <id>88229</id>
      <intensity>30.0</intensity>
      <mass-charge>258.0</mass-charge>
    </ei-ms-peak>
    <ei-ms-peak>
      <ei-ms-id>802</ei-ms-id>
      <id>88230</id>
      <intensity>110.0</intensity>
      <mass-charge>259.0</mass-charge>
    </ei-ms-peak>
    <ei-ms-peak>
      <ei-ms-id>802</ei-ms-id>
      <id>88231</id>
      <intensity>160.0</intensity>
      <mass-charge>261.0</mass-charge>
    </ei-ms-peak>
    <ei-ms-peak>
      <ei-ms-id>802</ei-ms-id>
      <id>88232</id>
      <intensity>40.0</intensity>
      <mass-charge>262.0</mass-charge>
    </ei-ms-peak>
    <ei-ms-peak>
      <ei-ms-id>802</ei-ms-id>
      <id>88233</id>
      <intensity>170.0</intensity>
      <mass-charge>263.0</mass-charge>
    </ei-ms-peak>
    <ei-ms-peak>
      <ei-ms-id>802</ei-ms-id>
      <id>88234</id>
      <intensity>60.0</intensity>
      <mass-charge>264.0</mass-charge>
    </ei-ms-peak>
    <ei-ms-peak>
      <ei-ms-id>802</ei-ms-id>
      <id>88235</id>
      <intensity>210.0</intensity>
      <mass-charge>265.0</mass-charge>
    </ei-ms-peak>
    <ei-ms-peak>
      <ei-ms-id>802</ei-ms-id>
      <id>88236</id>
      <intensity>80.0</intensity>
      <mass-charge>266.0</mass-charge>
    </ei-ms-peak>
    <ei-ms-peak>
      <ei-ms-id>802</ei-ms-id>
      <id>88237</id>
      <intensity>1070.0</intensity>
      <mass-charge>267.0</mass-charge>
    </ei-ms-peak>
    <ei-ms-peak>
      <ei-ms-id>802</ei-ms-id>
      <id>88238</id>
      <intensity>290.0</intensity>
      <mass-charge>268.0</mass-charge>
    </ei-ms-peak>
    <ei-ms-peak>
      <ei-ms-id>802</ei-ms-id>
      <id>88239</id>
      <intensity>120.0</intensity>
      <mass-charge>269.0</mass-charge>
    </ei-ms-peak>
    <ei-ms-peak>
      <ei-ms-id>802</ei-ms-id>
      <id>88240</id>
      <intensity>60.0</intensity>
      <mass-charge>270.0</mass-charge>
    </ei-ms-peak>
    <ei-ms-peak>
      <ei-ms-id>802</ei-ms-id>
      <id>88241</id>
      <intensity>60.0</intensity>
      <mass-charge>271.0</mass-charge>
    </ei-ms-peak>
    <ei-ms-peak>
      <ei-ms-id>802</ei-ms-id>
      <id>88242</id>
      <intensity>60.0</intensity>
      <mass-charge>273.0</mass-charge>
    </ei-ms-peak>
    <ei-ms-peak>
      <ei-ms-id>802</ei-ms-id>
      <id>88243</id>
      <intensity>80.0</intensity>
      <mass-charge>274.0</mass-charge>
    </ei-ms-peak>
    <ei-ms-peak>
      <ei-ms-id>802</ei-ms-id>
      <id>88244</id>
      <intensity>240.0</intensity>
      <mass-charge>275.0</mass-charge>
    </ei-ms-peak>
    <ei-ms-peak>
      <ei-ms-id>802</ei-ms-id>
      <id>88245</id>
      <intensity>280.0</intensity>
      <mass-charge>276.0</mass-charge>
    </ei-ms-peak>
    <ei-ms-peak>
      <ei-ms-id>802</ei-ms-id>
      <id>88246</id>
      <intensity>110.0</intensity>
      <mass-charge>277.0</mass-charge>
    </ei-ms-peak>
    <ei-ms-peak>
      <ei-ms-id>802</ei-ms-id>
      <id>88247</id>
      <intensity>50.0</intensity>
      <mass-charge>278.0</mass-charge>
    </ei-ms-peak>
    <ei-ms-peak>
      <ei-ms-id>802</ei-ms-id>
      <id>88248</id>
      <intensity>90.0</intensity>
      <mass-charge>279.0</mass-charge>
    </ei-ms-peak>
    <ei-ms-peak>
      <ei-ms-id>802</ei-ms-id>
      <id>88249</id>
      <intensity>50.0</intensity>
      <mass-charge>280.0</mass-charge>
    </ei-ms-peak>
    <ei-ms-peak>
      <ei-ms-id>802</ei-ms-id>
      <id>88250</id>
      <intensity>160.0</intensity>
      <mass-charge>281.0</mass-charge>
    </ei-ms-peak>
    <ei-ms-peak>
      <ei-ms-id>802</ei-ms-id>
      <id>88251</id>
      <intensity>60.0</intensity>
      <mass-charge>282.0</mass-charge>
    </ei-ms-peak>
    <ei-ms-peak>
      <ei-ms-id>802</ei-ms-id>
      <id>88252</id>
      <intensity>640.0</intensity>
      <mass-charge>283.0</mass-charge>
    </ei-ms-peak>
    <ei-ms-peak>
      <ei-ms-id>802</ei-ms-id>
      <id>88253</id>
      <intensity>150.0</intensity>
      <mass-charge>284.0</mass-charge>
    </ei-ms-peak>
    <ei-ms-peak>
      <ei-ms-id>802</ei-ms-id>
      <id>88254</id>
      <intensity>190.0</intensity>
      <mass-charge>285.0</mass-charge>
    </ei-ms-peak>
    <ei-ms-peak>
      <ei-ms-id>802</ei-ms-id>
      <id>88255</id>
      <intensity>50.0</intensity>
      <mass-charge>286.0</mass-charge>
    </ei-ms-peak>
    <ei-ms-peak>
      <ei-ms-id>802</ei-ms-id>
      <id>88256</id>
      <intensity>70.0</intensity>
      <mass-charge>289.0</mass-charge>
    </ei-ms-peak>
    <ei-ms-peak>
      <ei-ms-id>802</ei-ms-id>
      <id>88257</id>
      <intensity>40.0</intensity>
      <mass-charge>294.0</mass-charge>
    </ei-ms-peak>
    <ei-ms-peak>
      <ei-ms-id>802</ei-ms-id>
      <id>88258</id>
      <intensity>80.0</intensity>
      <mass-charge>295.0</mass-charge>
    </ei-ms-peak>
    <ei-ms-peak>
      <ei-ms-id>802</ei-ms-id>
      <id>88259</id>
      <intensity>130.0</intensity>
      <mass-charge>296.0</mass-charge>
    </ei-ms-peak>
    <ei-ms-peak>
      <ei-ms-id>802</ei-ms-id>
      <id>88260</id>
      <intensity>100.0</intensity>
      <mass-charge>297.0</mass-charge>
    </ei-ms-peak>
    <ei-ms-peak>
      <ei-ms-id>802</ei-ms-id>
      <id>88261</id>
      <intensity>70.0</intensity>
      <mass-charge>298.0</mass-charge>
    </ei-ms-peak>
    <ei-ms-peak>
      <ei-ms-id>802</ei-ms-id>
      <id>88262</id>
      <intensity>40.0</intensity>
      <mass-charge>299.0</mass-charge>
    </ei-ms-peak>
    <ei-ms-peak>
      <ei-ms-id>802</ei-ms-id>
      <id>88263</id>
      <intensity>710.0</intensity>
      <mass-charge>301.0</mass-charge>
    </ei-ms-peak>
    <ei-ms-peak>
      <ei-ms-id>802</ei-ms-id>
      <id>88264</id>
      <intensity>150.0</intensity>
      <mass-charge>302.0</mass-charge>
    </ei-ms-peak>
    <ei-ms-peak>
      <ei-ms-id>802</ei-ms-id>
      <id>88265</id>
      <intensity>90.0</intensity>
      <mass-charge>303.0</mass-charge>
    </ei-ms-peak>
    <ei-ms-peak>
      <ei-ms-id>802</ei-ms-id>
      <id>88266</id>
      <intensity>40.0</intensity>
      <mass-charge>304.0</mass-charge>
    </ei-ms-peak>
    <ei-ms-peak>
      <ei-ms-id>802</ei-ms-id>
      <id>88267</id>
      <intensity>160.0</intensity>
      <mass-charge>305.0</mass-charge>
    </ei-ms-peak>
    <ei-ms-peak>
      <ei-ms-id>802</ei-ms-id>
      <id>88268</id>
      <intensity>50.0</intensity>
      <mass-charge>306.0</mass-charge>
    </ei-ms-peak>
    <ei-ms-peak>
      <ei-ms-id>802</ei-ms-id>
      <id>88269</id>
      <intensity>200.0</intensity>
      <mass-charge>307.0</mass-charge>
    </ei-ms-peak>
    <ei-ms-peak>
      <ei-ms-id>802</ei-ms-id>
      <id>88270</id>
      <intensity>30.0</intensity>
      <mass-charge>308.0</mass-charge>
    </ei-ms-peak>
    <ei-ms-peak>
      <ei-ms-id>802</ei-ms-id>
      <id>88271</id>
      <intensity>40.0</intensity>
      <mass-charge>311.0</mass-charge>
    </ei-ms-peak>
    <ei-ms-peak>
      <ei-ms-id>802</ei-ms-id>
      <id>88272</id>
      <intensity>50.0</intensity>
      <mass-charge>312.0</mass-charge>
    </ei-ms-peak>
    <ei-ms-peak>
      <ei-ms-id>802</ei-ms-id>
      <id>88273</id>
      <intensity>70.0</intensity>
      <mass-charge>313.0</mass-charge>
    </ei-ms-peak>
    <ei-ms-peak>
      <ei-ms-id>802</ei-ms-id>
      <id>88274</id>
      <intensity>170.0</intensity>
      <mass-charge>322.0</mass-charge>
    </ei-ms-peak>
    <ei-ms-peak>
      <ei-ms-id>802</ei-ms-id>
      <id>88275</id>
      <intensity>520.0</intensity>
      <mass-charge>323.0</mass-charge>
    </ei-ms-peak>
    <ei-ms-peak>
      <ei-ms-id>802</ei-ms-id>
      <id>88276</id>
      <intensity>120.0</intensity>
      <mass-charge>324.0</mass-charge>
    </ei-ms-peak>
    <ei-ms-peak>
      <ei-ms-id>802</ei-ms-id>
      <id>88277</id>
      <intensity>660.0</intensity>
      <mass-charge>325.0</mass-charge>
    </ei-ms-peak>
    <ei-ms-peak>
      <ei-ms-id>802</ei-ms-id>
      <id>88278</id>
      <intensity>150.0</intensity>
      <mass-charge>326.0</mass-charge>
    </ei-ms-peak>
    <ei-ms-peak>
      <ei-ms-id>802</ei-ms-id>
      <id>88279</id>
      <intensity>50.0</intensity>
      <mass-charge>327.0</mass-charge>
    </ei-ms-peak>
    <ei-ms-peak>
      <ei-ms-id>802</ei-ms-id>
      <id>88280</id>
      <intensity>30.0</intensity>
      <mass-charge>328.0</mass-charge>
    </ei-ms-peak>
    <ei-ms-peak>
      <ei-ms-id>802</ei-ms-id>
      <id>88281</id>
      <intensity>2382.0</intensity>
      <mass-charge>340.0</mass-charge>
    </ei-ms-peak>
    <ei-ms-peak>
      <ei-ms-id>802</ei-ms-id>
      <id>88282</id>
      <intensity>9999.0</intensity>
      <mass-charge>341.0</mass-charge>
    </ei-ms-peak>
    <ei-ms-peak>
      <ei-ms-id>802</ei-ms-id>
      <id>88283</id>
      <intensity>2292.0</intensity>
      <mass-charge>342.0</mass-charge>
    </ei-ms-peak>
    <ei-ms-peak>
      <ei-ms-id>802</ei-ms-id>
      <id>88284</id>
      <intensity>430.0</intensity>
      <mass-charge>343.0</mass-charge>
    </ei-ms-peak>
    <ei-ms-peak>
      <ei-ms-id>802</ei-ms-id>
      <id>88285</id>
      <intensity>40.0</intensity>
      <mass-charge>344.0</mass-charge>
    </ei-ms-peak>
    <ei-ms-peak>
      <ei-ms-id>802</ei-ms-id>
      <id>88286</id>
      <intensity>40.0</intensity>
      <mass-charge>355.0</mass-charge>
    </ei-ms-peak>
    <ei-ms-peak>
      <ei-ms-id>802</ei-ms-id>
      <id>88287</id>
      <intensity>100.0</intensity>
      <mass-charge>356.0</mass-charge>
    </ei-ms-peak>
    <ei-ms-peak>
      <ei-ms-id>802</ei-ms-id>
      <id>88288</id>
      <intensity>40.0</intensity>
      <mass-charge>357.0</mass-charge>
    </ei-ms-peak>
    <ei-ms-peak>
      <ei-ms-id>802</ei-ms-id>
      <id>88289</id>
      <intensity>1431.0</intensity>
      <mass-charge>359.0</mass-charge>
    </ei-ms-peak>
    <ei-ms-peak>
      <ei-ms-id>802</ei-ms-id>
      <id>88290</id>
      <intensity>400.0</intensity>
      <mass-charge>360.0</mass-charge>
    </ei-ms-peak>
    <ei-ms-peak>
      <ei-ms-id>802</ei-ms-id>
      <id>88291</id>
      <intensity>120.0</intensity>
      <mass-charge>361.0</mass-charge>
    </ei-ms-peak>
    <ei-ms-peak>
      <ei-ms-id>802</ei-ms-id>
      <id>88292</id>
      <intensity>90.0</intensity>
      <mass-charge>373.0</mass-charge>
    </ei-ms-peak>
    <ei-ms-peak>
      <ei-ms-id>802</ei-ms-id>
      <id>88293</id>
      <intensity>2852.0</intensity>
      <mass-charge>374.0</mass-charge>
    </ei-ms-peak>
    <ei-ms-peak>
      <ei-ms-id>802</ei-ms-id>
      <id>88294</id>
      <intensity>670.0</intensity>
      <mass-charge>375.0</mass-charge>
    </ei-ms-peak>
    <ei-ms-peak>
      <ei-ms-id>802</ei-ms-id>
      <id>88295</id>
      <intensity>270.0</intensity>
      <mass-charge>376.0</mass-charge>
    </ei-ms-peak>
    <ei-ms-peak>
      <ei-ms-id>802</ei-ms-id>
      <id>88296</id>
      <intensity>40.0</intensity>
      <mass-charge>377.0</mass-charge>
    </ei-ms-peak>
    <ei-ms-peak>
      <ei-ms-id>802</ei-ms-id>
      <id>88297</id>
      <intensity>30.0</intensity>
      <mass-charge>382.0</mass-charge>
    </ei-ms-peak>
    <ei-ms-peak>
      <ei-ms-id>802</ei-ms-id>
      <id>88298</id>
      <intensity>190.0</intensity>
      <mass-charge>383.0</mass-charge>
    </ei-ms-peak>
    <ei-ms-peak>
      <ei-ms-id>802</ei-ms-id>
      <id>88299</id>
      <intensity>160.0</intensity>
      <mass-charge>416.0</mass-charge>
    </ei-ms-peak>
    <ei-ms-peak>
      <ei-ms-id>802</ei-ms-id>
      <id>88300</id>
      <intensity>50.0</intensity>
      <mass-charge>417.0</mass-charge>
    </ei-ms-peak>
  </ei-ms-peaks>
</ei-ms>
