<?xml version="1.0" encoding="UTF-8"?>
<ei-ms>
  <collection-date nil="true"/>
  <created-at>2014-09-20T16:27:17Z</created-at>
  <database-id>HMDB41797</database-id>
  <id>403</id>
  <inchi-key>OVSKIKFHRZPJSS-UHFFFAOYSA-N</inchi-key>
  <instrument-type nil="true"/>
  <molecule-id nil="true"/>
  <notes nil="true"/>
  <peak-counter>114</peak-counter>
  <sample-assessment nil="true"/>
  <sample-concentration nil="true"/>
  <sample-concentration-units nil="true"/>
  <sample-mass nil="true"/>
  <sample-mass-units nil="true"/>
  <sample-source nil="true"/>
  <solvent nil="true"/>
  <spectra-assessment nil="true"/>
  <updated-at>2014-09-20T16:27:17Z</updated-at>
  <references>
    <reference>
      <database>NIST</database>
      <database-id>94-75-7</database-id>
      <id>15275</id>
      <pubmed-id nil="true"/>
      <ref-text>NIST Mass Spec Data Center, S.E. Stein, director, "Mass Spectra" in NIST Chemistry WebBook, NIST Standard Reference Database Number 69, Eds. P.J. Linstrom and W.G. Mallard, National Institute of Standards and Technology, Gaithersburg MD, 20899, http://webbook.nist.gov, (retrieved September 6, 2014).</ref-text>
      <spectra-id>403</spectra-id>
      <spectra-type>EiMs</spectra-type>
    </reference>
  </references>
  <ei-ms-peaks>
    <ei-ms-peak>
      <ei-ms-id>403</ei-ms-id>
      <id>45067</id>
      <intensity>49.0</intensity>
      <mass-charge>26.0</mass-charge>
    </ei-ms-peak>
    <ei-ms-peak>
      <ei-ms-id>403</ei-ms-id>
      <id>45068</id>
      <intensity>53.0</intensity>
      <mass-charge>27.0</mass-charge>
    </ei-ms-peak>
    <ei-ms-peak>
      <ei-ms-id>403</ei-ms-id>
      <id>45069</id>
      <intensity>30.0</intensity>
      <mass-charge>28.0</mass-charge>
    </ei-ms-peak>
    <ei-ms-peak>
      <ei-ms-id>403</ei-ms-id>
      <id>45070</id>
      <intensity>265.0</intensity>
      <mass-charge>29.0</mass-charge>
    </ei-ms-peak>
    <ei-ms-peak>
      <ei-ms-id>403</ei-ms-id>
      <id>45071</id>
      <intensity>39.0</intensity>
      <mass-charge>30.0</mass-charge>
    </ei-ms-peak>
    <ei-ms-peak>
      <ei-ms-id>403</ei-ms-id>
      <id>45072</id>
      <intensity>480.0</intensity>
      <mass-charge>31.0</mass-charge>
    </ei-ms-peak>
    <ei-ms-peak>
      <ei-ms-id>403</ei-ms-id>
      <id>45073</id>
      <intensity>26.0</intensity>
      <mass-charge>35.0</mass-charge>
    </ei-ms-peak>
    <ei-ms-peak>
      <ei-ms-id>403</ei-ms-id>
      <id>45074</id>
      <intensity>121.0</intensity>
      <mass-charge>36.0</mass-charge>
    </ei-ms-peak>
    <ei-ms-peak>
      <ei-ms-id>403</ei-ms-id>
      <id>45075</id>
      <intensity>202.0</intensity>
      <mass-charge>37.0</mass-charge>
    </ei-ms-peak>
    <ei-ms-peak>
      <ei-ms-id>403</ei-ms-id>
      <id>45076</id>
      <intensity>235.0</intensity>
      <mass-charge>38.0</mass-charge>
    </ei-ms-peak>
    <ei-ms-peak>
      <ei-ms-id>403</ei-ms-id>
      <id>45077</id>
      <intensity>108.0</intensity>
      <mass-charge>39.0</mass-charge>
    </ei-ms-peak>
    <ei-ms-peak>
      <ei-ms-id>403</ei-ms-id>
      <id>45078</id>
      <intensity>26.0</intensity>
      <mass-charge>41.0</mass-charge>
    </ei-ms-peak>
    <ei-ms-peak>
      <ei-ms-id>403</ei-ms-id>
      <id>45079</id>
      <intensity>214.0</intensity>
      <mass-charge>42.0</mass-charge>
    </ei-ms-peak>
    <ei-ms-peak>
      <ei-ms-id>403</ei-ms-id>
      <id>45080</id>
      <intensity>72.0</intensity>
      <mass-charge>43.0</mass-charge>
    </ei-ms-peak>
    <ei-ms-peak>
      <ei-ms-id>403</ei-ms-id>
      <id>45081</id>
      <intensity>216.0</intensity>
      <mass-charge>44.0</mass-charge>
    </ei-ms-peak>
    <ei-ms-peak>
      <ei-ms-id>403</ei-ms-id>
      <id>45082</id>
      <intensity>251.0</intensity>
      <mass-charge>45.0</mass-charge>
    </ei-ms-peak>
    <ei-ms-peak>
      <ei-ms-id>403</ei-ms-id>
      <id>45083</id>
      <intensity>54.0</intensity>
      <mass-charge>47.0</mass-charge>
    </ei-ms-peak>
    <ei-ms-peak>
      <ei-ms-id>403</ei-ms-id>
      <id>45084</id>
      <intensity>36.0</intensity>
      <mass-charge>48.0</mass-charge>
    </ei-ms-peak>
    <ei-ms-peak>
      <ei-ms-id>403</ei-ms-id>
      <id>45085</id>
      <intensity>129.0</intensity>
      <mass-charge>49.0</mass-charge>
    </ei-ms-peak>
    <ei-ms-peak>
      <ei-ms-id>403</ei-ms-id>
      <id>45086</id>
      <intensity>472.0</intensity>
      <mass-charge>50.0</mass-charge>
    </ei-ms-peak>
    <ei-ms-peak>
      <ei-ms-id>403</ei-ms-id>
      <id>45087</id>
      <intensity>223.0</intensity>
      <mass-charge>51.0</mass-charge>
    </ei-ms-peak>
    <ei-ms-peak>
      <ei-ms-id>403</ei-ms-id>
      <id>45088</id>
      <intensity>46.0</intensity>
      <mass-charge>52.0</mass-charge>
    </ei-ms-peak>
    <ei-ms-peak>
      <ei-ms-id>403</ei-ms-id>
      <id>45089</id>
      <intensity>130.0</intensity>
      <mass-charge>53.0</mass-charge>
    </ei-ms-peak>
    <ei-ms-peak>
      <ei-ms-id>403</ei-ms-id>
      <id>45090</id>
      <intensity>49.0</intensity>
      <mass-charge>55.0</mass-charge>
    </ei-ms-peak>
    <ei-ms-peak>
      <ei-ms-id>403</ei-ms-id>
      <id>45091</id>
      <intensity>48.0</intensity>
      <mass-charge>56.0</mass-charge>
    </ei-ms-peak>
    <ei-ms-peak>
      <ei-ms-id>403</ei-ms-id>
      <id>45092</id>
      <intensity>159.0</intensity>
      <mass-charge>59.0</mass-charge>
    </ei-ms-peak>
    <ei-ms-peak>
      <ei-ms-id>403</ei-ms-id>
      <id>45093</id>
      <intensity>56.0</intensity>
      <mass-charge>60.0</mass-charge>
    </ei-ms-peak>
    <ei-ms-peak>
      <ei-ms-id>403</ei-ms-id>
      <id>45094</id>
      <intensity>223.0</intensity>
      <mass-charge>61.0</mass-charge>
    </ei-ms-peak>
    <ei-ms-peak>
      <ei-ms-id>403</ei-ms-id>
      <id>45095</id>
      <intensity>462.0</intensity>
      <mass-charge>62.0</mass-charge>
    </ei-ms-peak>
    <ei-ms-peak>
      <ei-ms-id>403</ei-ms-id>
      <id>45096</id>
      <intensity>1269.0</intensity>
      <mass-charge>63.0</mass-charge>
    </ei-ms-peak>
    <ei-ms-peak>
      <ei-ms-id>403</ei-ms-id>
      <id>45097</id>
      <intensity>108.0</intensity>
      <mass-charge>64.0</mass-charge>
    </ei-ms-peak>
    <ei-ms-peak>
      <ei-ms-id>403</ei-ms-id>
      <id>45098</id>
      <intensity>73.0</intensity>
      <mass-charge>65.0</mass-charge>
    </ei-ms-peak>
    <ei-ms-peak>
      <ei-ms-id>403</ei-ms-id>
      <id>45099</id>
      <intensity>24.0</intensity>
      <mass-charge>70.0</mass-charge>
    </ei-ms-peak>
    <ei-ms-peak>
      <ei-ms-id>403</ei-ms-id>
      <id>45100</id>
      <intensity>42.0</intensity>
      <mass-charge>71.0</mass-charge>
    </ei-ms-peak>
    <ei-ms-peak>
      <ei-ms-id>403</ei-ms-id>
      <id>45101</id>
      <intensity>159.0</intensity>
      <mass-charge>72.0</mass-charge>
    </ei-ms-peak>
    <ei-ms-peak>
      <ei-ms-id>403</ei-ms-id>
      <id>45102</id>
      <intensity>771.0</intensity>
      <mass-charge>73.0</mass-charge>
    </ei-ms-peak>
    <ei-ms-peak>
      <ei-ms-id>403</ei-ms-id>
      <id>45103</id>
      <intensity>837.0</intensity>
      <mass-charge>74.0</mass-charge>
    </ei-ms-peak>
    <ei-ms-peak>
      <ei-ms-id>403</ei-ms-id>
      <id>45104</id>
      <intensity>1105.0</intensity>
      <mass-charge>75.0</mass-charge>
    </ei-ms-peak>
    <ei-ms-peak>
      <ei-ms-id>403</ei-ms-id>
      <id>45105</id>
      <intensity>133.0</intensity>
      <mass-charge>76.0</mass-charge>
    </ei-ms-peak>
    <ei-ms-peak>
      <ei-ms-id>403</ei-ms-id>
      <id>45106</id>
      <intensity>296.0</intensity>
      <mass-charge>77.0</mass-charge>
    </ei-ms-peak>
    <ei-ms-peak>
      <ei-ms-id>403</ei-ms-id>
      <id>45107</id>
      <intensity>52.0</intensity>
      <mass-charge>78.0</mass-charge>
    </ei-ms-peak>
    <ei-ms-peak>
      <ei-ms-id>403</ei-ms-id>
      <id>45108</id>
      <intensity>199.0</intensity>
      <mass-charge>83.0</mass-charge>
    </ei-ms-peak>
    <ei-ms-peak>
      <ei-ms-id>403</ei-ms-id>
      <id>45109</id>
      <intensity>232.0</intensity>
      <mass-charge>84.0</mass-charge>
    </ei-ms-peak>
    <ei-ms-peak>
      <ei-ms-id>403</ei-ms-id>
      <id>45110</id>
      <intensity>231.0</intensity>
      <mass-charge>85.0</mass-charge>
    </ei-ms-peak>
    <ei-ms-peak>
      <ei-ms-id>403</ei-ms-id>
      <id>45111</id>
      <intensity>97.0</intensity>
      <mass-charge>86.0</mass-charge>
    </ei-ms-peak>
    <ei-ms-peak>
      <ei-ms-id>403</ei-ms-id>
      <id>45112</id>
      <intensity>75.0</intensity>
      <mass-charge>87.0</mass-charge>
    </ei-ms-peak>
    <ei-ms-peak>
      <ei-ms-id>403</ei-ms-id>
      <id>45113</id>
      <intensity>41.0</intensity>
      <mass-charge>89.0</mass-charge>
    </ei-ms-peak>
    <ei-ms-peak>
      <ei-ms-id>403</ei-ms-id>
      <id>45114</id>
      <intensity>33.0</intensity>
      <mass-charge>91.0</mass-charge>
    </ei-ms-peak>
    <ei-ms-peak>
      <ei-ms-id>403</ei-ms-id>
      <id>45115</id>
      <intensity>23.0</intensity>
      <mass-charge>94.0</mass-charge>
    </ei-ms-peak>
    <ei-ms-peak>
      <ei-ms-id>403</ei-ms-id>
      <id>45116</id>
      <intensity>28.0</intensity>
      <mass-charge>96.0</mass-charge>
    </ei-ms-peak>
    <ei-ms-peak>
      <ei-ms-id>403</ei-ms-id>
      <id>45117</id>
      <intensity>264.0</intensity>
      <mass-charge>97.0</mass-charge>
    </ei-ms-peak>
    <ei-ms-peak>
      <ei-ms-id>403</ei-ms-id>
      <id>45118</id>
      <intensity>625.0</intensity>
      <mass-charge>98.0</mass-charge>
    </ei-ms-peak>
    <ei-ms-peak>
      <ei-ms-id>403</ei-ms-id>
      <id>45119</id>
      <intensity>314.0</intensity>
      <mass-charge>99.0</mass-charge>
    </ei-ms-peak>
    <ei-ms-peak>
      <ei-ms-id>403</ei-ms-id>
      <id>45120</id>
      <intensity>228.0</intensity>
      <mass-charge>100.0</mass-charge>
    </ei-ms-peak>
    <ei-ms-peak>
      <ei-ms-id>403</ei-ms-id>
      <id>45121</id>
      <intensity>78.0</intensity>
      <mass-charge>101.0</mass-charge>
    </ei-ms-peak>
    <ei-ms-peak>
      <ei-ms-id>403</ei-ms-id>
      <id>45122</id>
      <intensity>119.0</intensity>
      <mass-charge>107.0</mass-charge>
    </ei-ms-peak>
    <ei-ms-peak>
      <ei-ms-id>403</ei-ms-id>
      <id>45123</id>
      <intensity>42.0</intensity>
      <mass-charge>108.0</mass-charge>
    </ei-ms-peak>
    <ei-ms-peak>
      <ei-ms-id>403</ei-ms-id>
      <id>45124</id>
      <intensity>1346.0</intensity>
      <mass-charge>109.0</mass-charge>
    </ei-ms-peak>
    <ei-ms-peak>
      <ei-ms-id>403</ei-ms-id>
      <id>45125</id>
      <intensity>338.0</intensity>
      <mass-charge>110.0</mass-charge>
    </ei-ms-peak>
    <ei-ms-peak>
      <ei-ms-id>403</ei-ms-id>
      <id>45126</id>
      <intensity>1764.0</intensity>
      <mass-charge>111.0</mass-charge>
    </ei-ms-peak>
    <ei-ms-peak>
      <ei-ms-id>403</ei-ms-id>
      <id>45127</id>
      <intensity>363.0</intensity>
      <mass-charge>112.0</mass-charge>
    </ei-ms-peak>
    <ei-ms-peak>
      <ei-ms-id>403</ei-ms-id>
      <id>45128</id>
      <intensity>545.0</intensity>
      <mass-charge>113.0</mass-charge>
    </ei-ms-peak>
    <ei-ms-peak>
      <ei-ms-id>403</ei-ms-id>
      <id>45129</id>
      <intensity>95.0</intensity>
      <mass-charge>114.0</mass-charge>
    </ei-ms-peak>
    <ei-ms-peak>
      <ei-ms-id>403</ei-ms-id>
      <id>45130</id>
      <intensity>83.0</intensity>
      <mass-charge>115.0</mass-charge>
    </ei-ms-peak>
    <ei-ms-peak>
      <ei-ms-id>403</ei-ms-id>
      <id>45131</id>
      <intensity>23.0</intensity>
      <mass-charge>119.0</mass-charge>
    </ei-ms-peak>
    <ei-ms-peak>
      <ei-ms-id>403</ei-ms-id>
      <id>45132</id>
      <intensity>426.0</intensity>
      <mass-charge>126.0</mass-charge>
    </ei-ms-peak>
    <ei-ms-peak>
      <ei-ms-id>403</ei-ms-id>
      <id>45133</id>
      <intensity>68.0</intensity>
      <mass-charge>127.0</mass-charge>
    </ei-ms-peak>
    <ei-ms-peak>
      <ei-ms-id>403</ei-ms-id>
      <id>45134</id>
      <intensity>291.0</intensity>
      <mass-charge>128.0</mass-charge>
    </ei-ms-peak>
    <ei-ms-peak>
      <ei-ms-id>403</ei-ms-id>
      <id>45135</id>
      <intensity>35.0</intensity>
      <mass-charge>129.0</mass-charge>
    </ei-ms-peak>
    <ei-ms-peak>
      <ei-ms-id>403</ei-ms-id>
      <id>45136</id>
      <intensity>60.0</intensity>
      <mass-charge>130.0</mass-charge>
    </ei-ms-peak>
    <ei-ms-peak>
      <ei-ms-id>403</ei-ms-id>
      <id>45137</id>
      <intensity>1801.0</intensity>
      <mass-charge>133.0</mass-charge>
    </ei-ms-peak>
    <ei-ms-peak>
      <ei-ms-id>403</ei-ms-id>
      <id>45138</id>
      <intensity>125.0</intensity>
      <mass-charge>134.0</mass-charge>
    </ei-ms-peak>
    <ei-ms-peak>
      <ei-ms-id>403</ei-ms-id>
      <id>45139</id>
      <intensity>1142.0</intensity>
      <mass-charge>135.0</mass-charge>
    </ei-ms-peak>
    <ei-ms-peak>
      <ei-ms-id>403</ei-ms-id>
      <id>45140</id>
      <intensity>67.0</intensity>
      <mass-charge>136.0</mass-charge>
    </ei-ms-peak>
    <ei-ms-peak>
      <ei-ms-id>403</ei-ms-id>
      <id>45141</id>
      <intensity>180.0</intensity>
      <mass-charge>137.0</mass-charge>
    </ei-ms-peak>
    <ei-ms-peak>
      <ei-ms-id>403</ei-ms-id>
      <id>45142</id>
      <intensity>103.0</intensity>
      <mass-charge>139.0</mass-charge>
    </ei-ms-peak>
    <ei-ms-peak>
      <ei-ms-id>403</ei-ms-id>
      <id>45143</id>
      <intensity>43.0</intensity>
      <mass-charge>140.0</mass-charge>
    </ei-ms-peak>
    <ei-ms-peak>
      <ei-ms-id>403</ei-ms-id>
      <id>45144</id>
      <intensity>151.0</intensity>
      <mass-charge>141.0</mass-charge>
    </ei-ms-peak>
    <ei-ms-peak>
      <ei-ms-id>403</ei-ms-id>
      <id>45145</id>
      <intensity>25.0</intensity>
      <mass-charge>142.0</mass-charge>
    </ei-ms-peak>
    <ei-ms-peak>
      <ei-ms-id>403</ei-ms-id>
      <id>45146</id>
      <intensity>116.0</intensity>
      <mass-charge>143.0</mass-charge>
    </ei-ms-peak>
    <ei-ms-peak>
      <ei-ms-id>403</ei-ms-id>
      <id>45147</id>
      <intensity>30.0</intensity>
      <mass-charge>144.0</mass-charge>
    </ei-ms-peak>
    <ei-ms-peak>
      <ei-ms-id>403</ei-ms-id>
      <id>45148</id>
      <intensity>1496.0</intensity>
      <mass-charge>145.0</mass-charge>
    </ei-ms-peak>
    <ei-ms-peak>
      <ei-ms-id>403</ei-ms-id>
      <id>45149</id>
      <intensity>154.0</intensity>
      <mass-charge>146.0</mass-charge>
    </ei-ms-peak>
    <ei-ms-peak>
      <ei-ms-id>403</ei-ms-id>
      <id>45150</id>
      <intensity>1318.0</intensity>
      <mass-charge>147.0</mass-charge>
    </ei-ms-peak>
    <ei-ms-peak>
      <ei-ms-id>403</ei-ms-id>
      <id>45151</id>
      <intensity>123.0</intensity>
      <mass-charge>148.0</mass-charge>
    </ei-ms-peak>
    <ei-ms-peak>
      <ei-ms-id>403</ei-ms-id>
      <id>45152</id>
      <intensity>377.0</intensity>
      <mass-charge>149.0</mass-charge>
    </ei-ms-peak>
    <ei-ms-peak>
      <ei-ms-id>403</ei-ms-id>
      <id>45153</id>
      <intensity>33.0</intensity>
      <mass-charge>150.0</mass-charge>
    </ei-ms-peak>
    <ei-ms-peak>
      <ei-ms-id>403</ei-ms-id>
      <id>45154</id>
      <intensity>48.0</intensity>
      <mass-charge>151.0</mass-charge>
    </ei-ms-peak>
    <ei-ms-peak>
      <ei-ms-id>403</ei-ms-id>
      <id>45155</id>
      <intensity>50.0</intensity>
      <mass-charge>156.0</mass-charge>
    </ei-ms-peak>
    <ei-ms-peak>
      <ei-ms-id>403</ei-ms-id>
      <id>45156</id>
      <intensity>2822.0</intensity>
      <mass-charge>161.0</mass-charge>
    </ei-ms-peak>
    <ei-ms-peak>
      <ei-ms-id>403</ei-ms-id>
      <id>45157</id>
      <intensity>9999.0</intensity>
      <mass-charge>162.0</mass-charge>
    </ei-ms-peak>
    <ei-ms-peak>
      <ei-ms-id>403</ei-ms-id>
      <id>45158</id>
      <intensity>2344.0</intensity>
      <mass-charge>163.0</mass-charge>
    </ei-ms-peak>
    <ei-ms-peak>
      <ei-ms-id>403</ei-ms-id>
      <id>45159</id>
      <intensity>6439.0</intensity>
      <mass-charge>164.0</mass-charge>
    </ei-ms-peak>
    <ei-ms-peak>
      <ei-ms-id>403</ei-ms-id>
      <id>45160</id>
      <intensity>659.0</intensity>
      <mass-charge>165.0</mass-charge>
    </ei-ms-peak>
    <ei-ms-peak>
      <ei-ms-id>403</ei-ms-id>
      <id>45161</id>
      <intensity>933.0</intensity>
      <mass-charge>166.0</mass-charge>
    </ei-ms-peak>
    <ei-ms-peak>
      <ei-ms-id>403</ei-ms-id>
      <id>45162</id>
      <intensity>69.0</intensity>
      <mass-charge>167.0</mass-charge>
    </ei-ms-peak>
    <ei-ms-peak>
      <ei-ms-id>403</ei-ms-id>
      <id>45163</id>
      <intensity>42.0</intensity>
      <mass-charge>168.0</mass-charge>
    </ei-ms-peak>
    <ei-ms-peak>
      <ei-ms-id>403</ei-ms-id>
      <id>45164</id>
      <intensity>39.0</intensity>
      <mass-charge>173.0</mass-charge>
    </ei-ms-peak>
    <ei-ms-peak>
      <ei-ms-id>403</ei-ms-id>
      <id>45165</id>
      <intensity>38.0</intensity>
      <mass-charge>174.0</mass-charge>
    </ei-ms-peak>
    <ei-ms-peak>
      <ei-ms-id>403</ei-ms-id>
      <id>45166</id>
      <intensity>2409.0</intensity>
      <mass-charge>175.0</mass-charge>
    </ei-ms-peak>
    <ei-ms-peak>
      <ei-ms-id>403</ei-ms-id>
      <id>45167</id>
      <intensity>202.0</intensity>
      <mass-charge>176.0</mass-charge>
    </ei-ms-peak>
    <ei-ms-peak>
      <ei-ms-id>403</ei-ms-id>
      <id>45168</id>
      <intensity>1406.0</intensity>
      <mass-charge>177.0</mass-charge>
    </ei-ms-peak>
    <ei-ms-peak>
      <ei-ms-id>403</ei-ms-id>
      <id>45169</id>
      <intensity>123.0</intensity>
      <mass-charge>178.0</mass-charge>
    </ei-ms-peak>
    <ei-ms-peak>
      <ei-ms-id>403</ei-ms-id>
      <id>45170</id>
      <intensity>246.0</intensity>
      <mass-charge>179.0</mass-charge>
    </ei-ms-peak>
    <ei-ms-peak>
      <ei-ms-id>403</ei-ms-id>
      <id>45171</id>
      <intensity>747.0</intensity>
      <mass-charge>185.0</mass-charge>
    </ei-ms-peak>
    <ei-ms-peak>
      <ei-ms-id>403</ei-ms-id>
      <id>45172</id>
      <intensity>180.0</intensity>
      <mass-charge>186.0</mass-charge>
    </ei-ms-peak>
    <ei-ms-peak>
      <ei-ms-id>403</ei-ms-id>
      <id>45173</id>
      <intensity>246.0</intensity>
      <mass-charge>187.0</mass-charge>
    </ei-ms-peak>
    <ei-ms-peak>
      <ei-ms-id>403</ei-ms-id>
      <id>45174</id>
      <intensity>48.0</intensity>
      <mass-charge>188.0</mass-charge>
    </ei-ms-peak>
    <ei-ms-peak>
      <ei-ms-id>403</ei-ms-id>
      <id>45175</id>
      <intensity>5920.0</intensity>
      <mass-charge>220.0</mass-charge>
    </ei-ms-peak>
    <ei-ms-peak>
      <ei-ms-id>403</ei-ms-id>
      <id>45176</id>
      <intensity>542.0</intensity>
      <mass-charge>221.0</mass-charge>
    </ei-ms-peak>
    <ei-ms-peak>
      <ei-ms-id>403</ei-ms-id>
      <id>45177</id>
      <intensity>3527.0</intensity>
      <mass-charge>222.0</mass-charge>
    </ei-ms-peak>
    <ei-ms-peak>
      <ei-ms-id>403</ei-ms-id>
      <id>45178</id>
      <intensity>324.0</intensity>
      <mass-charge>223.0</mass-charge>
    </ei-ms-peak>
    <ei-ms-peak>
      <ei-ms-id>403</ei-ms-id>
      <id>45179</id>
      <intensity>611.0</intensity>
      <mass-charge>224.0</mass-charge>
    </ei-ms-peak>
    <ei-ms-peak>
      <ei-ms-id>403</ei-ms-id>
      <id>45180</id>
      <intensity>55.0</intensity>
      <mass-charge>225.0</mass-charge>
    </ei-ms-peak>
  </ei-ms-peaks>
</ei-ms>
