<?xml version="1.0" encoding="UTF-8"?>
<ei-ms>
  <collection-date nil="true"/>
  <created-at>2014-09-20T16:37:01Z</created-at>
  <database-id>HMDB41607</database-id>
  <id>807</id>
  <inchi-key>QCDWFXQBSFUVSP-UHFFFAOYSA-N</inchi-key>
  <instrument-type nil="true"/>
  <molecule-id nil="true"/>
  <notes nil="true"/>
  <peak-counter>73</peak-counter>
  <sample-assessment nil="true"/>
  <sample-concentration nil="true"/>
  <sample-concentration-units nil="true"/>
  <sample-mass nil="true"/>
  <sample-mass-units nil="true"/>
  <sample-source nil="true"/>
  <solvent nil="true"/>
  <spectra-assessment nil="true"/>
  <updated-at>2014-09-20T16:37:01Z</updated-at>
  <references>
    <reference>
      <database>NIST</database>
      <database-id>122-99-6</database-id>
      <id>15679</id>
      <pubmed-id nil="true"/>
      <ref-text>NIST Mass Spec Data Center, S.E. Stein, director, "Mass Spectra" in NIST Chemistry WebBook, NIST Standard Reference Database Number 69, Eds. P.J. Linstrom and W.G. Mallard, National Institute of Standards and Technology, Gaithersburg MD, 20899, http://webbook.nist.gov, (retrieved September 6, 2014).</ref-text>
      <spectra-id>807</spectra-id>
      <spectra-type>EiMs</spectra-type>
    </reference>
  </references>
  <ei-ms-peaks>
    <ei-ms-peak>
      <ei-ms-id>807</ei-ms-id>
      <id>88876</id>
      <intensity>8.0</intensity>
      <mass-charge>12.0</mass-charge>
    </ei-ms-peak>
    <ei-ms-peak>
      <ei-ms-id>807</ei-ms-id>
      <id>88877</id>
      <intensity>19.0</intensity>
      <mass-charge>13.0</mass-charge>
    </ei-ms-peak>
    <ei-ms-peak>
      <ei-ms-id>807</ei-ms-id>
      <id>88878</id>
      <intensity>83.0</intensity>
      <mass-charge>14.0</mass-charge>
    </ei-ms-peak>
    <ei-ms-peak>
      <ei-ms-id>807</ei-ms-id>
      <id>88879</id>
      <intensity>242.0</intensity>
      <mass-charge>15.0</mass-charge>
    </ei-ms-peak>
    <ei-ms-peak>
      <ei-ms-id>807</ei-ms-id>
      <id>88880</id>
      <intensity>17.0</intensity>
      <mass-charge>16.0</mass-charge>
    </ei-ms-peak>
    <ei-ms-peak>
      <ei-ms-id>807</ei-ms-id>
      <id>88881</id>
      <intensity>13.0</intensity>
      <mass-charge>17.0</mass-charge>
    </ei-ms-peak>
    <ei-ms-peak>
      <ei-ms-id>807</ei-ms-id>
      <id>88882</id>
      <intensity>58.0</intensity>
      <mass-charge>18.0</mass-charge>
    </ei-ms-peak>
    <ei-ms-peak>
      <ei-ms-id>807</ei-ms-id>
      <id>88883</id>
      <intensity>233.0</intensity>
      <mass-charge>19.0</mass-charge>
    </ei-ms-peak>
    <ei-ms-peak>
      <ei-ms-id>807</ei-ms-id>
      <id>88884</id>
      <intensity>23.0</intensity>
      <mass-charge>25.0</mass-charge>
    </ei-ms-peak>
    <ei-ms-peak>
      <ei-ms-id>807</ei-ms-id>
      <id>88885</id>
      <intensity>166.0</intensity>
      <mass-charge>26.0</mass-charge>
    </ei-ms-peak>
    <ei-ms-peak>
      <ei-ms-id>807</ei-ms-id>
      <id>88886</id>
      <intensity>760.0</intensity>
      <mass-charge>27.0</mass-charge>
    </ei-ms-peak>
    <ei-ms-peak>
      <ei-ms-id>807</ei-ms-id>
      <id>88887</id>
      <intensity>294.0</intensity>
      <mass-charge>28.0</mass-charge>
    </ei-ms-peak>
    <ei-ms-peak>
      <ei-ms-id>807</ei-ms-id>
      <id>88888</id>
      <intensity>602.0</intensity>
      <mass-charge>29.0</mass-charge>
    </ei-ms-peak>
    <ei-ms-peak>
      <ei-ms-id>807</ei-ms-id>
      <id>88889</id>
      <intensity>76.0</intensity>
      <mass-charge>30.0</mass-charge>
    </ei-ms-peak>
    <ei-ms-peak>
      <ei-ms-id>807</ei-ms-id>
      <id>88890</id>
      <intensity>521.0</intensity>
      <mass-charge>31.0</mass-charge>
    </ei-ms-peak>
    <ei-ms-peak>
      <ei-ms-id>807</ei-ms-id>
      <id>88891</id>
      <intensity>31.0</intensity>
      <mass-charge>32.0</mass-charge>
    </ei-ms-peak>
    <ei-ms-peak>
      <ei-ms-id>807</ei-ms-id>
      <id>88892</id>
      <intensity>11.0</intensity>
      <mass-charge>36.0</mass-charge>
    </ei-ms-peak>
    <ei-ms-peak>
      <ei-ms-id>807</ei-ms-id>
      <id>88893</id>
      <intensity>139.0</intensity>
      <mass-charge>37.0</mass-charge>
    </ei-ms-peak>
    <ei-ms-peak>
      <ei-ms-id>807</ei-ms-id>
      <id>88894</id>
      <intensity>441.0</intensity>
      <mass-charge>38.0</mass-charge>
    </ei-ms-peak>
    <ei-ms-peak>
      <ei-ms-id>807</ei-ms-id>
      <id>88895</id>
      <intensity>1508.0</intensity>
      <mass-charge>39.0</mass-charge>
    </ei-ms-peak>
    <ei-ms-peak>
      <ei-ms-id>807</ei-ms-id>
      <id>88896</id>
      <intensity>349.0</intensity>
      <mass-charge>40.0</mass-charge>
    </ei-ms-peak>
    <ei-ms-peak>
      <ei-ms-id>807</ei-ms-id>
      <id>88897</id>
      <intensity>60.0</intensity>
      <mass-charge>41.0</mass-charge>
    </ei-ms-peak>
    <ei-ms-peak>
      <ei-ms-id>807</ei-ms-id>
      <id>88898</id>
      <intensity>94.0</intensity>
      <mass-charge>42.0</mass-charge>
    </ei-ms-peak>
    <ei-ms-peak>
      <ei-ms-id>807</ei-ms-id>
      <id>88899</id>
      <intensity>348.0</intensity>
      <mass-charge>43.0</mass-charge>
    </ei-ms-peak>
    <ei-ms-peak>
      <ei-ms-id>807</ei-ms-id>
      <id>88900</id>
      <intensity>100.0</intensity>
      <mass-charge>44.0</mass-charge>
    </ei-ms-peak>
    <ei-ms-peak>
      <ei-ms-id>807</ei-ms-id>
      <id>88901</id>
      <intensity>1045.0</intensity>
      <mass-charge>45.0</mass-charge>
    </ei-ms-peak>
    <ei-ms-peak>
      <ei-ms-id>807</ei-ms-id>
      <id>88902</id>
      <intensity>27.0</intensity>
      <mass-charge>46.0</mass-charge>
    </ei-ms-peak>
    <ei-ms-peak>
      <ei-ms-id>807</ei-ms-id>
      <id>88903</id>
      <intensity>6.0</intensity>
      <mass-charge>47.0</mass-charge>
    </ei-ms-peak>
    <ei-ms-peak>
      <ei-ms-id>807</ei-ms-id>
      <id>88904</id>
      <intensity>7.0</intensity>
      <mass-charge>48.0</mass-charge>
    </ei-ms-peak>
    <ei-ms-peak>
      <ei-ms-id>807</ei-ms-id>
      <id>88905</id>
      <intensity>655.0</intensity>
      <mass-charge>50.0</mass-charge>
    </ei-ms-peak>
    <ei-ms-peak>
      <ei-ms-id>807</ei-ms-id>
      <id>88906</id>
      <intensity>1662.0</intensity>
      <mass-charge>51.0</mass-charge>
    </ei-ms-peak>
    <ei-ms-peak>
      <ei-ms-id>807</ei-ms-id>
      <id>88907</id>
      <intensity>152.0</intensity>
      <mass-charge>52.0</mass-charge>
    </ei-ms-peak>
    <ei-ms-peak>
      <ei-ms-id>807</ei-ms-id>
      <id>88908</id>
      <intensity>89.0</intensity>
      <mass-charge>53.0</mass-charge>
    </ei-ms-peak>
    <ei-ms-peak>
      <ei-ms-id>807</ei-ms-id>
      <id>88909</id>
      <intensity>18.0</intensity>
      <mass-charge>54.0</mass-charge>
    </ei-ms-peak>
    <ei-ms-peak>
      <ei-ms-id>807</ei-ms-id>
      <id>88910</id>
      <intensity>203.0</intensity>
      <mass-charge>55.0</mass-charge>
    </ei-ms-peak>
    <ei-ms-peak>
      <ei-ms-id>807</ei-ms-id>
      <id>88911</id>
      <intensity>7.0</intensity>
      <mass-charge>56.0</mass-charge>
    </ei-ms-peak>
    <ei-ms-peak>
      <ei-ms-id>807</ei-ms-id>
      <id>88912</id>
      <intensity>15.0</intensity>
      <mass-charge>60.0</mass-charge>
    </ei-ms-peak>
    <ei-ms-peak>
      <ei-ms-id>807</ei-ms-id>
      <id>88913</id>
      <intensity>69.0</intensity>
      <mass-charge>61.0</mass-charge>
    </ei-ms-peak>
    <ei-ms-peak>
      <ei-ms-id>807</ei-ms-id>
      <id>88914</id>
      <intensity>174.0</intensity>
      <mass-charge>62.0</mass-charge>
    </ei-ms-peak>
    <ei-ms-peak>
      <ei-ms-id>807</ei-ms-id>
      <id>88915</id>
      <intensity>395.0</intensity>
      <mass-charge>63.0</mass-charge>
    </ei-ms-peak>
    <ei-ms-peak>
      <ei-ms-id>807</ei-ms-id>
      <id>88916</id>
      <intensity>200.0</intensity>
      <mass-charge>64.0</mass-charge>
    </ei-ms-peak>
    <ei-ms-peak>
      <ei-ms-id>807</ei-ms-id>
      <id>88917</id>
      <intensity>1092.0</intensity>
      <mass-charge>65.0</mass-charge>
    </ei-ms-peak>
    <ei-ms-peak>
      <ei-ms-id>807</ei-ms-id>
      <id>88918</id>
      <intensity>1884.0</intensity>
      <mass-charge>66.0</mass-charge>
    </ei-ms-peak>
    <ei-ms-peak>
      <ei-ms-id>807</ei-ms-id>
      <id>88919</id>
      <intensity>128.0</intensity>
      <mass-charge>67.0</mass-charge>
    </ei-ms-peak>
    <ei-ms-peak>
      <ei-ms-id>807</ei-ms-id>
      <id>88920</id>
      <intensity>32.0</intensity>
      <mass-charge>68.0</mass-charge>
    </ei-ms-peak>
    <ei-ms-peak>
      <ei-ms-id>807</ei-ms-id>
      <id>88921</id>
      <intensity>28.0</intensity>
      <mass-charge>73.0</mass-charge>
    </ei-ms-peak>
    <ei-ms-peak>
      <ei-ms-id>807</ei-ms-id>
      <id>88922</id>
      <intensity>164.0</intensity>
      <mass-charge>74.0</mass-charge>
    </ei-ms-peak>
    <ei-ms-peak>
      <ei-ms-id>807</ei-ms-id>
      <id>88923</id>
      <intensity>100.0</intensity>
      <mass-charge>75.0</mass-charge>
    </ei-ms-peak>
    <ei-ms-peak>
      <ei-ms-id>807</ei-ms-id>
      <id>88924</id>
      <intensity>15.0</intensity>
      <mass-charge>76.0</mass-charge>
    </ei-ms-peak>
    <ei-ms-peak>
      <ei-ms-id>807</ei-ms-id>
      <id>88925</id>
      <intensity>2911.0</intensity>
      <mass-charge>77.0</mass-charge>
    </ei-ms-peak>
    <ei-ms-peak>
      <ei-ms-id>807</ei-ms-id>
      <id>88926</id>
      <intensity>386.0</intensity>
      <mass-charge>78.0</mass-charge>
    </ei-ms-peak>
    <ei-ms-peak>
      <ei-ms-id>807</ei-ms-id>
      <id>88927</id>
      <intensity>607.0</intensity>
      <mass-charge>79.0</mass-charge>
    </ei-ms-peak>
    <ei-ms-peak>
      <ei-ms-id>807</ei-ms-id>
      <id>88928</id>
      <intensity>40.0</intensity>
      <mass-charge>80.0</mass-charge>
    </ei-ms-peak>
    <ei-ms-peak>
      <ei-ms-id>807</ei-ms-id>
      <id>88929</id>
      <intensity>12.0</intensity>
      <mass-charge>81.0</mass-charge>
    </ei-ms-peak>
    <ei-ms-peak>
      <ei-ms-id>807</ei-ms-id>
      <id>88930</id>
      <intensity>13.0</intensity>
      <mass-charge>89.0</mass-charge>
    </ei-ms-peak>
    <ei-ms-peak>
      <ei-ms-id>807</ei-ms-id>
      <id>88931</id>
      <intensity>122.0</intensity>
      <mass-charge>91.0</mass-charge>
    </ei-ms-peak>
    <ei-ms-peak>
      <ei-ms-id>807</ei-ms-id>
      <id>88932</id>
      <intensity>9999.0</intensity>
      <mass-charge>94.0</mass-charge>
    </ei-ms-peak>
    <ei-ms-peak>
      <ei-ms-id>807</ei-ms-id>
      <id>88933</id>
      <intensity>1587.0</intensity>
      <mass-charge>95.0</mass-charge>
    </ei-ms-peak>
    <ei-ms-peak>
      <ei-ms-id>807</ei-ms-id>
      <id>88934</id>
      <intensity>93.0</intensity>
      <mass-charge>96.0</mass-charge>
    </ei-ms-peak>
    <ei-ms-peak>
      <ei-ms-id>807</ei-ms-id>
      <id>88935</id>
      <intensity>3.0</intensity>
      <mass-charge>103.0</mass-charge>
    </ei-ms-peak>
    <ei-ms-peak>
      <ei-ms-id>807</ei-ms-id>
      <id>88936</id>
      <intensity>13.0</intensity>
      <mass-charge>105.0</mass-charge>
    </ei-ms-peak>
    <ei-ms-peak>
      <ei-ms-id>807</ei-ms-id>
      <id>88937</id>
      <intensity>606.0</intensity>
      <mass-charge>107.0</mass-charge>
    </ei-ms-peak>
    <ei-ms-peak>
      <ei-ms-id>807</ei-ms-id>
      <id>88938</id>
      <intensity>69.0</intensity>
      <mass-charge>108.0</mass-charge>
    </ei-ms-peak>
    <ei-ms-peak>
      <ei-ms-id>807</ei-ms-id>
      <id>88939</id>
      <intensity>8.0</intensity>
      <mass-charge>109.0</mass-charge>
    </ei-ms-peak>
    <ei-ms-peak>
      <ei-ms-id>807</ei-ms-id>
      <id>88940</id>
      <intensity>1.0</intensity>
      <mass-charge>118.0</mass-charge>
    </ei-ms-peak>
    <ei-ms-peak>
      <ei-ms-id>807</ei-ms-id>
      <id>88941</id>
      <intensity>28.0</intensity>
      <mass-charge>119.0</mass-charge>
    </ei-ms-peak>
    <ei-ms-peak>
      <ei-ms-id>807</ei-ms-id>
      <id>88942</id>
      <intensity>8.0</intensity>
      <mass-charge>120.0</mass-charge>
    </ei-ms-peak>
    <ei-ms-peak>
      <ei-ms-id>807</ei-ms-id>
      <id>88943</id>
      <intensity>4.0</intensity>
      <mass-charge>121.0</mass-charge>
    </ei-ms-peak>
    <ei-ms-peak>
      <ei-ms-id>807</ei-ms-id>
      <id>88944</id>
      <intensity>7.0</intensity>
      <mass-charge>135.0</mass-charge>
    </ei-ms-peak>
    <ei-ms-peak>
      <ei-ms-id>807</ei-ms-id>
      <id>88945</id>
      <intensity>17.0</intensity>
      <mass-charge>136.0</mass-charge>
    </ei-ms-peak>
    <ei-ms-peak>
      <ei-ms-id>807</ei-ms-id>
      <id>88946</id>
      <intensity>2859.0</intensity>
      <mass-charge>138.0</mass-charge>
    </ei-ms-peak>
    <ei-ms-peak>
      <ei-ms-id>807</ei-ms-id>
      <id>88947</id>
      <intensity>238.0</intensity>
      <mass-charge>139.0</mass-charge>
    </ei-ms-peak>
    <ei-ms-peak>
      <ei-ms-id>807</ei-ms-id>
      <id>88948</id>
      <intensity>23.0</intensity>
      <mass-charge>140.0</mass-charge>
    </ei-ms-peak>
  </ei-ms-peaks>
</ei-ms>
