<?xml version="1.0" encoding="UTF-8"?>
<ei-ms>
  <collection-date nil="true"/>
  <created-at>2014-09-20T16:21:52Z</created-at>
  <database-id>HMDB04101</database-id>
  <id>181</id>
  <inchi-key>AGSPXMVUFBBBMO-UHFFFAOYSA-N</inchi-key>
  <instrument-type nil="true"/>
  <molecule-id nil="true"/>
  <notes nil="true"/>
  <peak-counter>39</peak-counter>
  <sample-assessment nil="true"/>
  <sample-concentration nil="true"/>
  <sample-concentration-units nil="true"/>
  <sample-mass nil="true"/>
  <sample-mass-units nil="true"/>
  <sample-source nil="true"/>
  <solvent nil="true"/>
  <spectra-assessment nil="true"/>
  <updated-at>2014-09-20T16:21:52Z</updated-at>
  <references>
    <reference>
      <database>NIST</database>
      <database-id>151-18-8</database-id>
      <id>15053</id>
      <pubmed-id nil="true"/>
      <ref-text>NIST Mass Spec Data Center, S.E. Stein, director, "Mass Spectra" in NIST Chemistry WebBook, NIST Standard Reference Database Number 69, Eds. P.J. Linstrom and W.G. Mallard, National Institute of Standards and Technology, Gaithersburg MD, 20899, http://webbook.nist.gov, (retrieved September 6, 2014).</ref-text>
      <spectra-id>181</spectra-id>
      <spectra-type>EiMs</spectra-type>
    </reference>
  </references>
  <ei-ms-peaks>
    <ei-ms-peak>
      <ei-ms-id>181</ei-ms-id>
      <id>21158</id>
      <intensity>31.0</intensity>
      <mass-charge>12.0</mass-charge>
    </ei-ms-peak>
    <ei-ms-peak>
      <ei-ms-id>181</ei-ms-id>
      <id>21159</id>
      <intensity>50.0</intensity>
      <mass-charge>13.0</mass-charge>
    </ei-ms-peak>
    <ei-ms-peak>
      <ei-ms-id>181</ei-ms-id>
      <id>21160</id>
      <intensity>83.0</intensity>
      <mass-charge>14.0</mass-charge>
    </ei-ms-peak>
    <ei-ms-peak>
      <ei-ms-id>181</ei-ms-id>
      <id>21161</id>
      <intensity>200.0</intensity>
      <mass-charge>15.0</mass-charge>
    </ei-ms-peak>
    <ei-ms-peak>
      <ei-ms-id>181</ei-ms-id>
      <id>21162</id>
      <intensity>36.0</intensity>
      <mass-charge>16.0</mass-charge>
    </ei-ms-peak>
    <ei-ms-peak>
      <ei-ms-id>181</ei-ms-id>
      <id>21163</id>
      <intensity>115.0</intensity>
      <mass-charge>17.0</mass-charge>
    </ei-ms-peak>
    <ei-ms-peak>
      <ei-ms-id>181</ei-ms-id>
      <id>21164</id>
      <intensity>28.0</intensity>
      <mass-charge>18.0</mass-charge>
    </ei-ms-peak>
    <ei-ms-peak>
      <ei-ms-id>181</ei-ms-id>
      <id>21165</id>
      <intensity>28.0</intensity>
      <mass-charge>24.0</mass-charge>
    </ei-ms-peak>
    <ei-ms-peak>
      <ei-ms-id>181</ei-ms-id>
      <id>21166</id>
      <intensity>80.0</intensity>
      <mass-charge>25.0</mass-charge>
    </ei-ms-peak>
    <ei-ms-peak>
      <ei-ms-id>181</ei-ms-id>
      <id>21167</id>
      <intensity>238.0</intensity>
      <mass-charge>26.0</mass-charge>
    </ei-ms-peak>
    <ei-ms-peak>
      <ei-ms-id>181</ei-ms-id>
      <id>21168</id>
      <intensity>479.0</intensity>
      <mass-charge>27.0</mass-charge>
    </ei-ms-peak>
    <ei-ms-peak>
      <ei-ms-id>181</ei-ms-id>
      <id>21169</id>
      <intensity>2638.0</intensity>
      <mass-charge>28.0</mass-charge>
    </ei-ms-peak>
    <ei-ms-peak>
      <ei-ms-id>181</ei-ms-id>
      <id>21170</id>
      <intensity>28.0</intensity>
      <mass-charge>29.0</mass-charge>
    </ei-ms-peak>
    <ei-ms-peak>
      <ei-ms-id>181</ei-ms-id>
      <id>21171</id>
      <intensity>9999.0</intensity>
      <mass-charge>30.0</mass-charge>
    </ei-ms-peak>
    <ei-ms-peak>
      <ei-ms-id>181</ei-ms-id>
      <id>21172</id>
      <intensity>148.0</intensity>
      <mass-charge>31.0</mass-charge>
    </ei-ms-peak>
    <ei-ms-peak>
      <ei-ms-id>181</ei-ms-id>
      <id>21173</id>
      <intensity>30.0</intensity>
      <mass-charge>32.0</mass-charge>
    </ei-ms-peak>
    <ei-ms-peak>
      <ei-ms-id>181</ei-ms-id>
      <id>21174</id>
      <intensity>29.0</intensity>
      <mass-charge>33.0</mass-charge>
    </ei-ms-peak>
    <ei-ms-peak>
      <ei-ms-id>181</ei-ms-id>
      <id>21175</id>
      <intensity>9.0</intensity>
      <mass-charge>36.0</mass-charge>
    </ei-ms-peak>
    <ei-ms-peak>
      <ei-ms-id>181</ei-ms-id>
      <id>21176</id>
      <intensity>44.0</intensity>
      <mass-charge>37.0</mass-charge>
    </ei-ms-peak>
    <ei-ms-peak>
      <ei-ms-id>181</ei-ms-id>
      <id>21177</id>
      <intensity>295.0</intensity>
      <mass-charge>38.0</mass-charge>
    </ei-ms-peak>
    <ei-ms-peak>
      <ei-ms-id>181</ei-ms-id>
      <id>21178</id>
      <intensity>327.0</intensity>
      <mass-charge>39.0</mass-charge>
    </ei-ms-peak>
    <ei-ms-peak>
      <ei-ms-id>181</ei-ms-id>
      <id>21179</id>
      <intensity>650.0</intensity>
      <mass-charge>40.0</mass-charge>
    </ei-ms-peak>
    <ei-ms-peak>
      <ei-ms-id>181</ei-ms-id>
      <id>21180</id>
      <intensity>667.0</intensity>
      <mass-charge>41.0</mass-charge>
    </ei-ms-peak>
    <ei-ms-peak>
      <ei-ms-id>181</ei-ms-id>
      <id>21181</id>
      <intensity>1398.0</intensity>
      <mass-charge>42.0</mass-charge>
    </ei-ms-peak>
    <ei-ms-peak>
      <ei-ms-id>181</ei-ms-id>
      <id>21182</id>
      <intensity>111.0</intensity>
      <mass-charge>43.0</mass-charge>
    </ei-ms-peak>
    <ei-ms-peak>
      <ei-ms-id>181</ei-ms-id>
      <id>21183</id>
      <intensity>12.0</intensity>
      <mass-charge>44.0</mass-charge>
    </ei-ms-peak>
    <ei-ms-peak>
      <ei-ms-id>181</ei-ms-id>
      <id>21184</id>
      <intensity>8.0</intensity>
      <mass-charge>45.0</mass-charge>
    </ei-ms-peak>
    <ei-ms-peak>
      <ei-ms-id>181</ei-ms-id>
      <id>21185</id>
      <intensity>33.0</intensity>
      <mass-charge>50.0</mass-charge>
    </ei-ms-peak>
    <ei-ms-peak>
      <ei-ms-id>181</ei-ms-id>
      <id>21186</id>
      <intensity>161.0</intensity>
      <mass-charge>51.0</mass-charge>
    </ei-ms-peak>
    <ei-ms-peak>
      <ei-ms-id>181</ei-ms-id>
      <id>21187</id>
      <intensity>180.0</intensity>
      <mass-charge>52.0</mass-charge>
    </ei-ms-peak>
    <ei-ms-peak>
      <ei-ms-id>181</ei-ms-id>
      <id>21188</id>
      <intensity>46.0</intensity>
      <mass-charge>53.0</mass-charge>
    </ei-ms-peak>
    <ei-ms-peak>
      <ei-ms-id>181</ei-ms-id>
      <id>21189</id>
      <intensity>73.0</intensity>
      <mass-charge>54.0</mass-charge>
    </ei-ms-peak>
    <ei-ms-peak>
      <ei-ms-id>181</ei-ms-id>
      <id>21190</id>
      <intensity>13.0</intensity>
      <mass-charge>64.0</mass-charge>
    </ei-ms-peak>
    <ei-ms-peak>
      <ei-ms-id>181</ei-ms-id>
      <id>21191</id>
      <intensity>19.0</intensity>
      <mass-charge>65.0</mass-charge>
    </ei-ms-peak>
    <ei-ms-peak>
      <ei-ms-id>181</ei-ms-id>
      <id>21192</id>
      <intensity>58.0</intensity>
      <mass-charge>66.0</mass-charge>
    </ei-ms-peak>
    <ei-ms-peak>
      <ei-ms-id>181</ei-ms-id>
      <id>21193</id>
      <intensity>80.0</intensity>
      <mass-charge>67.0</mass-charge>
    </ei-ms-peak>
    <ei-ms-peak>
      <ei-ms-id>181</ei-ms-id>
      <id>21194</id>
      <intensity>21.0</intensity>
      <mass-charge>68.0</mass-charge>
    </ei-ms-peak>
    <ei-ms-peak>
      <ei-ms-id>181</ei-ms-id>
      <id>21195</id>
      <intensity>89.0</intensity>
      <mass-charge>69.0</mass-charge>
    </ei-ms-peak>
    <ei-ms-peak>
      <ei-ms-id>181</ei-ms-id>
      <id>21196</id>
      <intensity>56.0</intensity>
      <mass-charge>70.0</mass-charge>
    </ei-ms-peak>
  </ei-ms-peaks>
</ei-ms>
