<?xml version="1.0" encoding="UTF-8"?>
<ei-ms>
  <collection-date nil="true"/>
  <created-at>2014-09-20T16:34:48Z</created-at>
  <database-id>HMDB15280</database-id>
  <id>711</id>
  <inchi-key>VRBKIVRKKCLPHA-UHFFFAOYSA-N</inchi-key>
  <instrument-type nil="true"/>
  <molecule-id nil="true"/>
  <notes nil="true"/>
  <peak-counter>304</peak-counter>
  <sample-assessment nil="true"/>
  <sample-concentration nil="true"/>
  <sample-concentration-units nil="true"/>
  <sample-mass nil="true"/>
  <sample-mass-units nil="true"/>
  <sample-source nil="true"/>
  <solvent nil="true"/>
  <spectra-assessment nil="true"/>
  <updated-at>2014-09-20T16:34:48Z</updated-at>
  <references>
    <reference>
      <database>NIST</database>
      <database-id>83366-66-9</database-id>
      <id>15583</id>
      <pubmed-id nil="true"/>
      <ref-text>NIST Mass Spec Data Center, S.E. Stein, director, "Mass Spectra" in NIST Chemistry WebBook, NIST Standard Reference Database Number 69, Eds. P.J. Linstrom and W.G. Mallard, National Institute of Standards and Technology, Gaithersburg MD, 20899, http://webbook.nist.gov, (retrieved September 6, 2014).</ref-text>
      <spectra-id>711</spectra-id>
      <spectra-type>EiMs</spectra-type>
    </reference>
  </references>
  <ei-ms-peaks>
    <ei-ms-peak>
      <ei-ms-id>711</ei-ms-id>
      <id>78572</id>
      <intensity>10.0</intensity>
      <mass-charge>37.0</mass-charge>
    </ei-ms-peak>
    <ei-ms-peak>
      <ei-ms-id>711</ei-ms-id>
      <id>78573</id>
      <intensity>10.0</intensity>
      <mass-charge>38.0</mass-charge>
    </ei-ms-peak>
    <ei-ms-peak>
      <ei-ms-id>711</ei-ms-id>
      <id>78574</id>
      <intensity>150.0</intensity>
      <mass-charge>39.0</mass-charge>
    </ei-ms-peak>
    <ei-ms-peak>
      <ei-ms-id>711</ei-ms-id>
      <id>78575</id>
      <intensity>30.0</intensity>
      <mass-charge>40.0</mass-charge>
    </ei-ms-peak>
    <ei-ms-peak>
      <ei-ms-id>711</ei-ms-id>
      <id>78576</id>
      <intensity>260.0</intensity>
      <mass-charge>41.0</mass-charge>
    </ei-ms-peak>
    <ei-ms-peak>
      <ei-ms-id>711</ei-ms-id>
      <id>78577</id>
      <intensity>920.0</intensity>
      <mass-charge>42.0</mass-charge>
    </ei-ms-peak>
    <ei-ms-peak>
      <ei-ms-id>711</ei-ms-id>
      <id>78578</id>
      <intensity>280.0</intensity>
      <mass-charge>43.0</mass-charge>
    </ei-ms-peak>
    <ei-ms-peak>
      <ei-ms-id>711</ei-ms-id>
      <id>78579</id>
      <intensity>410.0</intensity>
      <mass-charge>44.0</mass-charge>
    </ei-ms-peak>
    <ei-ms-peak>
      <ei-ms-id>711</ei-ms-id>
      <id>78580</id>
      <intensity>10.0</intensity>
      <mass-charge>45.0</mass-charge>
    </ei-ms-peak>
    <ei-ms-peak>
      <ei-ms-id>711</ei-ms-id>
      <id>78581</id>
      <intensity>50.0</intensity>
      <mass-charge>50.0</mass-charge>
    </ei-ms-peak>
    <ei-ms-peak>
      <ei-ms-id>711</ei-ms-id>
      <id>78582</id>
      <intensity>150.0</intensity>
      <mass-charge>51.0</mass-charge>
    </ei-ms-peak>
    <ei-ms-peak>
      <ei-ms-id>711</ei-ms-id>
      <id>78583</id>
      <intensity>30.0</intensity>
      <mass-charge>52.0</mass-charge>
    </ei-ms-peak>
    <ei-ms-peak>
      <ei-ms-id>711</ei-ms-id>
      <id>78584</id>
      <intensity>10.0</intensity>
      <mass-charge>53.0</mass-charge>
    </ei-ms-peak>
    <ei-ms-peak>
      <ei-ms-id>711</ei-ms-id>
      <id>78585</id>
      <intensity>320.0</intensity>
      <mass-charge>54.0</mass-charge>
    </ei-ms-peak>
    <ei-ms-peak>
      <ei-ms-id>711</ei-ms-id>
      <id>78586</id>
      <intensity>320.0</intensity>
      <mass-charge>55.0</mass-charge>
    </ei-ms-peak>
    <ei-ms-peak>
      <ei-ms-id>711</ei-ms-id>
      <id>78587</id>
      <intensity>2141.0</intensity>
      <mass-charge>56.0</mass-charge>
    </ei-ms-peak>
    <ei-ms-peak>
      <ei-ms-id>711</ei-ms-id>
      <id>78588</id>
      <intensity>240.0</intensity>
      <mass-charge>57.0</mass-charge>
    </ei-ms-peak>
    <ei-ms-peak>
      <ei-ms-id>711</ei-ms-id>
      <id>78589</id>
      <intensity>110.0</intensity>
      <mass-charge>58.0</mass-charge>
    </ei-ms-peak>
    <ei-ms-peak>
      <ei-ms-id>711</ei-ms-id>
      <id>78590</id>
      <intensity>10.0</intensity>
      <mass-charge>60.0</mass-charge>
    </ei-ms-peak>
    <ei-ms-peak>
      <ei-ms-id>711</ei-ms-id>
      <id>78591</id>
      <intensity>10.0</intensity>
      <mass-charge>61.0</mass-charge>
    </ei-ms-peak>
    <ei-ms-peak>
      <ei-ms-id>711</ei-ms-id>
      <id>78592</id>
      <intensity>10.0</intensity>
      <mass-charge>62.0</mass-charge>
    </ei-ms-peak>
    <ei-ms-peak>
      <ei-ms-id>711</ei-ms-id>
      <id>78593</id>
      <intensity>40.0</intensity>
      <mass-charge>63.0</mass-charge>
    </ei-ms-peak>
    <ei-ms-peak>
      <ei-ms-id>711</ei-ms-id>
      <id>78594</id>
      <intensity>20.0</intensity>
      <mass-charge>64.0</mass-charge>
    </ei-ms-peak>
    <ei-ms-peak>
      <ei-ms-id>711</ei-ms-id>
      <id>78595</id>
      <intensity>330.0</intensity>
      <mass-charge>65.0</mass-charge>
    </ei-ms-peak>
    <ei-ms-peak>
      <ei-ms-id>711</ei-ms-id>
      <id>78596</id>
      <intensity>90.0</intensity>
      <mass-charge>66.0</mass-charge>
    </ei-ms-peak>
    <ei-ms-peak>
      <ei-ms-id>711</ei-ms-id>
      <id>78597</id>
      <intensity>40.0</intensity>
      <mass-charge>67.0</mass-charge>
    </ei-ms-peak>
    <ei-ms-peak>
      <ei-ms-id>711</ei-ms-id>
      <id>78598</id>
      <intensity>440.0</intensity>
      <mass-charge>68.0</mass-charge>
    </ei-ms-peak>
    <ei-ms-peak>
      <ei-ms-id>711</ei-ms-id>
      <id>78599</id>
      <intensity>570.0</intensity>
      <mass-charge>69.0</mass-charge>
    </ei-ms-peak>
    <ei-ms-peak>
      <ei-ms-id>711</ei-ms-id>
      <id>78600</id>
      <intensity>3803.0</intensity>
      <mass-charge>70.0</mass-charge>
    </ei-ms-peak>
    <ei-ms-peak>
      <ei-ms-id>711</ei-ms-id>
      <id>78601</id>
      <intensity>360.0</intensity>
      <mass-charge>71.0</mass-charge>
    </ei-ms-peak>
    <ei-ms-peak>
      <ei-ms-id>711</ei-ms-id>
      <id>78602</id>
      <intensity>40.0</intensity>
      <mass-charge>72.0</mass-charge>
    </ei-ms-peak>
    <ei-ms-peak>
      <ei-ms-id>711</ei-ms-id>
      <id>78603</id>
      <intensity>10.0</intensity>
      <mass-charge>73.0</mass-charge>
    </ei-ms-peak>
    <ei-ms-peak>
      <ei-ms-id>711</ei-ms-id>
      <id>78604</id>
      <intensity>10.0</intensity>
      <mass-charge>74.0</mass-charge>
    </ei-ms-peak>
    <ei-ms-peak>
      <ei-ms-id>711</ei-ms-id>
      <id>78605</id>
      <intensity>120.0</intensity>
      <mass-charge>75.0</mass-charge>
    </ei-ms-peak>
    <ei-ms-peak>
      <ei-ms-id>711</ei-ms-id>
      <id>78606</id>
      <intensity>70.0</intensity>
      <mass-charge>76.0</mass-charge>
    </ei-ms-peak>
    <ei-ms-peak>
      <ei-ms-id>711</ei-ms-id>
      <id>78607</id>
      <intensity>1251.0</intensity>
      <mass-charge>77.0</mass-charge>
    </ei-ms-peak>
    <ei-ms-peak>
      <ei-ms-id>711</ei-ms-id>
      <id>78608</id>
      <intensity>100.0</intensity>
      <mass-charge>78.0</mass-charge>
    </ei-ms-peak>
    <ei-ms-peak>
      <ei-ms-id>711</ei-ms-id>
      <id>78609</id>
      <intensity>80.0</intensity>
      <mass-charge>79.0</mass-charge>
    </ei-ms-peak>
    <ei-ms-peak>
      <ei-ms-id>711</ei-ms-id>
      <id>78610</id>
      <intensity>30.0</intensity>
      <mass-charge>80.0</mass-charge>
    </ei-ms-peak>
    <ei-ms-peak>
      <ei-ms-id>711</ei-ms-id>
      <id>78611</id>
      <intensity>70.0</intensity>
      <mass-charge>81.0</mass-charge>
    </ei-ms-peak>
    <ei-ms-peak>
      <ei-ms-id>711</ei-ms-id>
      <id>78612</id>
      <intensity>390.0</intensity>
      <mass-charge>82.0</mass-charge>
    </ei-ms-peak>
    <ei-ms-peak>
      <ei-ms-id>711</ei-ms-id>
      <id>78613</id>
      <intensity>1121.0</intensity>
      <mass-charge>83.0</mass-charge>
    </ei-ms-peak>
    <ei-ms-peak>
      <ei-ms-id>711</ei-ms-id>
      <id>78614</id>
      <intensity>400.0</intensity>
      <mass-charge>84.0</mass-charge>
    </ei-ms-peak>
    <ei-ms-peak>
      <ei-ms-id>711</ei-ms-id>
      <id>78615</id>
      <intensity>120.0</intensity>
      <mass-charge>85.0</mass-charge>
    </ei-ms-peak>
    <ei-ms-peak>
      <ei-ms-id>711</ei-ms-id>
      <id>78616</id>
      <intensity>10.0</intensity>
      <mass-charge>86.0</mass-charge>
    </ei-ms-peak>
    <ei-ms-peak>
      <ei-ms-id>711</ei-ms-id>
      <id>78617</id>
      <intensity>10.0</intensity>
      <mass-charge>87.0</mass-charge>
    </ei-ms-peak>
    <ei-ms-peak>
      <ei-ms-id>711</ei-ms-id>
      <id>78618</id>
      <intensity>10.0</intensity>
      <mass-charge>88.0</mass-charge>
    </ei-ms-peak>
    <ei-ms-peak>
      <ei-ms-id>711</ei-ms-id>
      <id>78619</id>
      <intensity>60.0</intensity>
      <mass-charge>89.0</mass-charge>
    </ei-ms-peak>
    <ei-ms-peak>
      <ei-ms-id>711</ei-ms-id>
      <id>78620</id>
      <intensity>50.0</intensity>
      <mass-charge>90.0</mass-charge>
    </ei-ms-peak>
    <ei-ms-peak>
      <ei-ms-id>711</ei-ms-id>
      <id>78621</id>
      <intensity>610.0</intensity>
      <mass-charge>91.0</mass-charge>
    </ei-ms-peak>
    <ei-ms-peak>
      <ei-ms-id>711</ei-ms-id>
      <id>78622</id>
      <intensity>140.0</intensity>
      <mass-charge>92.0</mass-charge>
    </ei-ms-peak>
    <ei-ms-peak>
      <ei-ms-id>711</ei-ms-id>
      <id>78623</id>
      <intensity>190.0</intensity>
      <mass-charge>93.0</mass-charge>
    </ei-ms-peak>
    <ei-ms-peak>
      <ei-ms-id>711</ei-ms-id>
      <id>78624</id>
      <intensity>290.0</intensity>
      <mass-charge>94.0</mass-charge>
    </ei-ms-peak>
    <ei-ms-peak>
      <ei-ms-id>711</ei-ms-id>
      <id>78625</id>
      <intensity>80.0</intensity>
      <mass-charge>95.0</mass-charge>
    </ei-ms-peak>
    <ei-ms-peak>
      <ei-ms-id>711</ei-ms-id>
      <id>78626</id>
      <intensity>1411.0</intensity>
      <mass-charge>96.0</mass-charge>
    </ei-ms-peak>
    <ei-ms-peak>
      <ei-ms-id>711</ei-ms-id>
      <id>78627</id>
      <intensity>920.0</intensity>
      <mass-charge>97.0</mass-charge>
    </ei-ms-peak>
    <ei-ms-peak>
      <ei-ms-id>711</ei-ms-id>
      <id>78628</id>
      <intensity>260.0</intensity>
      <mass-charge>98.0</mass-charge>
    </ei-ms-peak>
    <ei-ms-peak>
      <ei-ms-id>711</ei-ms-id>
      <id>78629</id>
      <intensity>230.0</intensity>
      <mass-charge>99.0</mass-charge>
    </ei-ms-peak>
    <ei-ms-peak>
      <ei-ms-id>711</ei-ms-id>
      <id>78630</id>
      <intensity>10.0</intensity>
      <mass-charge>100.0</mass-charge>
    </ei-ms-peak>
    <ei-ms-peak>
      <ei-ms-id>711</ei-ms-id>
      <id>78631</id>
      <intensity>10.0</intensity>
      <mass-charge>101.0</mass-charge>
    </ei-ms-peak>
    <ei-ms-peak>
      <ei-ms-id>711</ei-ms-id>
      <id>78632</id>
      <intensity>30.0</intensity>
      <mass-charge>102.0</mass-charge>
    </ei-ms-peak>
    <ei-ms-peak>
      <ei-ms-id>711</ei-ms-id>
      <id>78633</id>
      <intensity>90.0</intensity>
      <mass-charge>103.0</mass-charge>
    </ei-ms-peak>
    <ei-ms-peak>
      <ei-ms-id>711</ei-ms-id>
      <id>78634</id>
      <intensity>80.0</intensity>
      <mass-charge>104.0</mass-charge>
    </ei-ms-peak>
    <ei-ms-peak>
      <ei-ms-id>711</ei-ms-id>
      <id>78635</id>
      <intensity>80.0</intensity>
      <mass-charge>105.0</mass-charge>
    </ei-ms-peak>
    <ei-ms-peak>
      <ei-ms-id>711</ei-ms-id>
      <id>78636</id>
      <intensity>20.0</intensity>
      <mass-charge>106.0</mass-charge>
    </ei-ms-peak>
    <ei-ms-peak>
      <ei-ms-id>711</ei-ms-id>
      <id>78637</id>
      <intensity>50.0</intensity>
      <mass-charge>107.0</mass-charge>
    </ei-ms-peak>
    <ei-ms-peak>
      <ei-ms-id>711</ei-ms-id>
      <id>78638</id>
      <intensity>20.0</intensity>
      <mass-charge>108.0</mass-charge>
    </ei-ms-peak>
    <ei-ms-peak>
      <ei-ms-id>711</ei-ms-id>
      <id>78639</id>
      <intensity>30.0</intensity>
      <mass-charge>109.0</mass-charge>
    </ei-ms-peak>
    <ei-ms-peak>
      <ei-ms-id>711</ei-ms-id>
      <id>78640</id>
      <intensity>10.0</intensity>
      <mass-charge>110.0</mass-charge>
    </ei-ms-peak>
    <ei-ms-peak>
      <ei-ms-id>711</ei-ms-id>
      <id>78641</id>
      <intensity>530.0</intensity>
      <mass-charge>111.0</mass-charge>
    </ei-ms-peak>
    <ei-ms-peak>
      <ei-ms-id>711</ei-ms-id>
      <id>78642</id>
      <intensity>150.0</intensity>
      <mass-charge>112.0</mass-charge>
    </ei-ms-peak>
    <ei-ms-peak>
      <ei-ms-id>711</ei-ms-id>
      <id>78643</id>
      <intensity>220.0</intensity>
      <mass-charge>113.0</mass-charge>
    </ei-ms-peak>
    <ei-ms-peak>
      <ei-ms-id>711</ei-ms-id>
      <id>78644</id>
      <intensity>120.0</intensity>
      <mass-charge>114.0</mass-charge>
    </ei-ms-peak>
    <ei-ms-peak>
      <ei-ms-id>711</ei-ms-id>
      <id>78645</id>
      <intensity>30.0</intensity>
      <mass-charge>115.0</mass-charge>
    </ei-ms-peak>
    <ei-ms-peak>
      <ei-ms-id>711</ei-ms-id>
      <id>78646</id>
      <intensity>20.0</intensity>
      <mass-charge>116.0</mass-charge>
    </ei-ms-peak>
    <ei-ms-peak>
      <ei-ms-id>711</ei-ms-id>
      <id>78647</id>
      <intensity>150.0</intensity>
      <mass-charge>117.0</mass-charge>
    </ei-ms-peak>
    <ei-ms-peak>
      <ei-ms-id>711</ei-ms-id>
      <id>78648</id>
      <intensity>220.0</intensity>
      <mass-charge>118.0</mass-charge>
    </ei-ms-peak>
    <ei-ms-peak>
      <ei-ms-id>711</ei-ms-id>
      <id>78649</id>
      <intensity>280.0</intensity>
      <mass-charge>119.0</mass-charge>
    </ei-ms-peak>
    <ei-ms-peak>
      <ei-ms-id>711</ei-ms-id>
      <id>78650</id>
      <intensity>760.0</intensity>
      <mass-charge>120.0</mass-charge>
    </ei-ms-peak>
    <ei-ms-peak>
      <ei-ms-id>711</ei-ms-id>
      <id>78651</id>
      <intensity>340.0</intensity>
      <mass-charge>121.0</mass-charge>
    </ei-ms-peak>
    <ei-ms-peak>
      <ei-ms-id>711</ei-ms-id>
      <id>78652</id>
      <intensity>30.0</intensity>
      <mass-charge>122.0</mass-charge>
    </ei-ms-peak>
    <ei-ms-peak>
      <ei-ms-id>711</ei-ms-id>
      <id>78653</id>
      <intensity>20.0</intensity>
      <mass-charge>123.0</mass-charge>
    </ei-ms-peak>
    <ei-ms-peak>
      <ei-ms-id>711</ei-ms-id>
      <id>78654</id>
      <intensity>80.0</intensity>
      <mass-charge>124.0</mass-charge>
    </ei-ms-peak>
    <ei-ms-peak>
      <ei-ms-id>711</ei-ms-id>
      <id>78655</id>
      <intensity>330.0</intensity>
      <mass-charge>125.0</mass-charge>
    </ei-ms-peak>
    <ei-ms-peak>
      <ei-ms-id>711</ei-ms-id>
      <id>78656</id>
      <intensity>220.0</intensity>
      <mass-charge>126.0</mass-charge>
    </ei-ms-peak>
    <ei-ms-peak>
      <ei-ms-id>711</ei-ms-id>
      <id>78657</id>
      <intensity>160.0</intensity>
      <mass-charge>127.0</mass-charge>
    </ei-ms-peak>
    <ei-ms-peak>
      <ei-ms-id>711</ei-ms-id>
      <id>78658</id>
      <intensity>20.0</intensity>
      <mass-charge>128.0</mass-charge>
    </ei-ms-peak>
    <ei-ms-peak>
      <ei-ms-id>711</ei-ms-id>
      <id>78659</id>
      <intensity>20.0</intensity>
      <mass-charge>129.0</mass-charge>
    </ei-ms-peak>
    <ei-ms-peak>
      <ei-ms-id>711</ei-ms-id>
      <id>78660</id>
      <intensity>120.0</intensity>
      <mass-charge>130.0</mass-charge>
    </ei-ms-peak>
    <ei-ms-peak>
      <ei-ms-id>711</ei-ms-id>
      <id>78661</id>
      <intensity>150.0</intensity>
      <mass-charge>131.0</mass-charge>
    </ei-ms-peak>
    <ei-ms-peak>
      <ei-ms-id>711</ei-ms-id>
      <id>78662</id>
      <intensity>80.0</intensity>
      <mass-charge>132.0</mass-charge>
    </ei-ms-peak>
    <ei-ms-peak>
      <ei-ms-id>711</ei-ms-id>
      <id>78663</id>
      <intensity>40.0</intensity>
      <mass-charge>133.0</mass-charge>
    </ei-ms-peak>
    <ei-ms-peak>
      <ei-ms-id>711</ei-ms-id>
      <id>78664</id>
      <intensity>10.0</intensity>
      <mass-charge>134.0</mass-charge>
    </ei-ms-peak>
    <ei-ms-peak>
      <ei-ms-id>711</ei-ms-id>
      <id>78665</id>
      <intensity>10.0</intensity>
      <mass-charge>135.0</mass-charge>
    </ei-ms-peak>
    <ei-ms-peak>
      <ei-ms-id>711</ei-ms-id>
      <id>78666</id>
      <intensity>10.0</intensity>
      <mass-charge>136.0</mass-charge>
    </ei-ms-peak>
    <ei-ms-peak>
      <ei-ms-id>711</ei-ms-id>
      <id>78667</id>
      <intensity>10.0</intensity>
      <mass-charge>137.0</mass-charge>
    </ei-ms-peak>
    <ei-ms-peak>
      <ei-ms-id>711</ei-ms-id>
      <id>78668</id>
      <intensity>1211.0</intensity>
      <mass-charge>138.0</mass-charge>
    </ei-ms-peak>
    <ei-ms-peak>
      <ei-ms-id>711</ei-ms-id>
      <id>78669</id>
      <intensity>1201.0</intensity>
      <mass-charge>139.0</mass-charge>
    </ei-ms-peak>
    <ei-ms-peak>
      <ei-ms-id>711</ei-ms-id>
      <id>78670</id>
      <intensity>1261.0</intensity>
      <mass-charge>140.0</mass-charge>
    </ei-ms-peak>
    <ei-ms-peak>
      <ei-ms-id>711</ei-ms-id>
      <id>78671</id>
      <intensity>480.0</intensity>
      <mass-charge>141.0</mass-charge>
    </ei-ms-peak>
    <ei-ms-peak>
      <ei-ms-id>711</ei-ms-id>
      <id>78672</id>
      <intensity>130.0</intensity>
      <mass-charge>142.0</mass-charge>
    </ei-ms-peak>
    <ei-ms-peak>
      <ei-ms-id>711</ei-ms-id>
      <id>78673</id>
      <intensity>40.0</intensity>
      <mass-charge>143.0</mass-charge>
    </ei-ms-peak>
    <ei-ms-peak>
      <ei-ms-id>711</ei-ms-id>
      <id>78674</id>
      <intensity>20.0</intensity>
      <mass-charge>144.0</mass-charge>
    </ei-ms-peak>
    <ei-ms-peak>
      <ei-ms-id>711</ei-ms-id>
      <id>78675</id>
      <intensity>20.0</intensity>
      <mass-charge>145.0</mass-charge>
    </ei-ms-peak>
    <ei-ms-peak>
      <ei-ms-id>711</ei-ms-id>
      <id>78676</id>
      <intensity>10.0</intensity>
      <mass-charge>146.0</mass-charge>
    </ei-ms-peak>
    <ei-ms-peak>
      <ei-ms-id>711</ei-ms-id>
      <id>78677</id>
      <intensity>10.0</intensity>
      <mass-charge>147.0</mass-charge>
    </ei-ms-peak>
    <ei-ms-peak>
      <ei-ms-id>711</ei-ms-id>
      <id>78678</id>
      <intensity>10.0</intensity>
      <mass-charge>148.0</mass-charge>
    </ei-ms-peak>
    <ei-ms-peak>
      <ei-ms-id>711</ei-ms-id>
      <id>78679</id>
      <intensity>10.0</intensity>
      <mass-charge>149.0</mass-charge>
    </ei-ms-peak>
    <ei-ms-peak>
      <ei-ms-id>711</ei-ms-id>
      <id>78680</id>
      <intensity>10.0</intensity>
      <mass-charge>150.0</mass-charge>
    </ei-ms-peak>
    <ei-ms-peak>
      <ei-ms-id>711</ei-ms-id>
      <id>78681</id>
      <intensity>50.0</intensity>
      <mass-charge>151.0</mass-charge>
    </ei-ms-peak>
    <ei-ms-peak>
      <ei-ms-id>711</ei-ms-id>
      <id>78682</id>
      <intensity>300.0</intensity>
      <mass-charge>152.0</mass-charge>
    </ei-ms-peak>
    <ei-ms-peak>
      <ei-ms-id>711</ei-ms-id>
      <id>78683</id>
      <intensity>220.0</intensity>
      <mass-charge>153.0</mass-charge>
    </ei-ms-peak>
    <ei-ms-peak>
      <ei-ms-id>711</ei-ms-id>
      <id>78684</id>
      <intensity>640.0</intensity>
      <mass-charge>154.0</mass-charge>
    </ei-ms-peak>
    <ei-ms-peak>
      <ei-ms-id>711</ei-ms-id>
      <id>78685</id>
      <intensity>100.0</intensity>
      <mass-charge>155.0</mass-charge>
    </ei-ms-peak>
    <ei-ms-peak>
      <ei-ms-id>711</ei-ms-id>
      <id>78686</id>
      <intensity>120.0</intensity>
      <mass-charge>156.0</mass-charge>
    </ei-ms-peak>
    <ei-ms-peak>
      <ei-ms-id>711</ei-ms-id>
      <id>78687</id>
      <intensity>10.0</intensity>
      <mass-charge>157.0</mass-charge>
    </ei-ms-peak>
    <ei-ms-peak>
      <ei-ms-id>711</ei-ms-id>
      <id>78688</id>
      <intensity>10.0</intensity>
      <mass-charge>158.0</mass-charge>
    </ei-ms-peak>
    <ei-ms-peak>
      <ei-ms-id>711</ei-ms-id>
      <id>78689</id>
      <intensity>10.0</intensity>
      <mass-charge>159.0</mass-charge>
    </ei-ms-peak>
    <ei-ms-peak>
      <ei-ms-id>711</ei-ms-id>
      <id>78690</id>
      <intensity>20.0</intensity>
      <mass-charge>160.0</mass-charge>
    </ei-ms-peak>
    <ei-ms-peak>
      <ei-ms-id>711</ei-ms-id>
      <id>78691</id>
      <intensity>10.0</intensity>
      <mass-charge>161.0</mass-charge>
    </ei-ms-peak>
    <ei-ms-peak>
      <ei-ms-id>711</ei-ms-id>
      <id>78692</id>
      <intensity>10.0</intensity>
      <mass-charge>162.0</mass-charge>
    </ei-ms-peak>
    <ei-ms-peak>
      <ei-ms-id>711</ei-ms-id>
      <id>78693</id>
      <intensity>10.0</intensity>
      <mass-charge>163.0</mass-charge>
    </ei-ms-peak>
    <ei-ms-peak>
      <ei-ms-id>711</ei-ms-id>
      <id>78694</id>
      <intensity>20.0</intensity>
      <mass-charge>164.0</mass-charge>
    </ei-ms-peak>
    <ei-ms-peak>
      <ei-ms-id>711</ei-ms-id>
      <id>78695</id>
      <intensity>40.0</intensity>
      <mass-charge>165.0</mass-charge>
    </ei-ms-peak>
    <ei-ms-peak>
      <ei-ms-id>711</ei-ms-id>
      <id>78696</id>
      <intensity>1251.0</intensity>
      <mass-charge>166.0</mass-charge>
    </ei-ms-peak>
    <ei-ms-peak>
      <ei-ms-id>711</ei-ms-id>
      <id>78697</id>
      <intensity>380.0</intensity>
      <mass-charge>167.0</mass-charge>
    </ei-ms-peak>
    <ei-ms-peak>
      <ei-ms-id>711</ei-ms-id>
      <id>78698</id>
      <intensity>500.0</intensity>
      <mass-charge>168.0</mass-charge>
    </ei-ms-peak>
    <ei-ms-peak>
      <ei-ms-id>711</ei-ms-id>
      <id>78699</id>
      <intensity>130.0</intensity>
      <mass-charge>169.0</mass-charge>
    </ei-ms-peak>
    <ei-ms-peak>
      <ei-ms-id>711</ei-ms-id>
      <id>78700</id>
      <intensity>30.0</intensity>
      <mass-charge>170.0</mass-charge>
    </ei-ms-peak>
    <ei-ms-peak>
      <ei-ms-id>711</ei-ms-id>
      <id>78701</id>
      <intensity>20.0</intensity>
      <mass-charge>171.0</mass-charge>
    </ei-ms-peak>
    <ei-ms-peak>
      <ei-ms-id>711</ei-ms-id>
      <id>78702</id>
      <intensity>10.0</intensity>
      <mass-charge>172.0</mass-charge>
    </ei-ms-peak>
    <ei-ms-peak>
      <ei-ms-id>711</ei-ms-id>
      <id>78703</id>
      <intensity>40.0</intensity>
      <mass-charge>173.0</mass-charge>
    </ei-ms-peak>
    <ei-ms-peak>
      <ei-ms-id>711</ei-ms-id>
      <id>78704</id>
      <intensity>40.0</intensity>
      <mass-charge>174.0</mass-charge>
    </ei-ms-peak>
    <ei-ms-peak>
      <ei-ms-id>711</ei-ms-id>
      <id>78705</id>
      <intensity>20.0</intensity>
      <mass-charge>175.0</mass-charge>
    </ei-ms-peak>
    <ei-ms-peak>
      <ei-ms-id>711</ei-ms-id>
      <id>78706</id>
      <intensity>30.0</intensity>
      <mass-charge>176.0</mass-charge>
    </ei-ms-peak>
    <ei-ms-peak>
      <ei-ms-id>711</ei-ms-id>
      <id>78707</id>
      <intensity>10.0</intensity>
      <mass-charge>177.0</mass-charge>
    </ei-ms-peak>
    <ei-ms-peak>
      <ei-ms-id>711</ei-ms-id>
      <id>78708</id>
      <intensity>80.0</intensity>
      <mass-charge>178.0</mass-charge>
    </ei-ms-peak>
    <ei-ms-peak>
      <ei-ms-id>711</ei-ms-id>
      <id>78709</id>
      <intensity>160.0</intensity>
      <mass-charge>179.0</mass-charge>
    </ei-ms-peak>
    <ei-ms-peak>
      <ei-ms-id>711</ei-ms-id>
      <id>78710</id>
      <intensity>370.0</intensity>
      <mass-charge>180.0</mass-charge>
    </ei-ms-peak>
    <ei-ms-peak>
      <ei-ms-id>711</ei-ms-id>
      <id>78711</id>
      <intensity>340.0</intensity>
      <mass-charge>181.0</mass-charge>
    </ei-ms-peak>
    <ei-ms-peak>
      <ei-ms-id>711</ei-ms-id>
      <id>78712</id>
      <intensity>140.0</intensity>
      <mass-charge>182.0</mass-charge>
    </ei-ms-peak>
    <ei-ms-peak>
      <ei-ms-id>711</ei-ms-id>
      <id>78713</id>
      <intensity>240.0</intensity>
      <mass-charge>183.0</mass-charge>
    </ei-ms-peak>
    <ei-ms-peak>
      <ei-ms-id>711</ei-ms-id>
      <id>78714</id>
      <intensity>20.0</intensity>
      <mass-charge>184.0</mass-charge>
    </ei-ms-peak>
    <ei-ms-peak>
      <ei-ms-id>711</ei-ms-id>
      <id>78715</id>
      <intensity>10.0</intensity>
      <mass-charge>185.0</mass-charge>
    </ei-ms-peak>
    <ei-ms-peak>
      <ei-ms-id>711</ei-ms-id>
      <id>78716</id>
      <intensity>10.0</intensity>
      <mass-charge>186.0</mass-charge>
    </ei-ms-peak>
    <ei-ms-peak>
      <ei-ms-id>711</ei-ms-id>
      <id>78717</id>
      <intensity>30.0</intensity>
      <mass-charge>187.0</mass-charge>
    </ei-ms-peak>
    <ei-ms-peak>
      <ei-ms-id>711</ei-ms-id>
      <id>78718</id>
      <intensity>120.0</intensity>
      <mass-charge>188.0</mass-charge>
    </ei-ms-peak>
    <ei-ms-peak>
      <ei-ms-id>711</ei-ms-id>
      <id>78719</id>
      <intensity>40.0</intensity>
      <mass-charge>189.0</mass-charge>
    </ei-ms-peak>
    <ei-ms-peak>
      <ei-ms-id>711</ei-ms-id>
      <id>78720</id>
      <intensity>10.0</intensity>
      <mass-charge>190.0</mass-charge>
    </ei-ms-peak>
    <ei-ms-peak>
      <ei-ms-id>711</ei-ms-id>
      <id>78721</id>
      <intensity>30.0</intensity>
      <mass-charge>191.0</mass-charge>
    </ei-ms-peak>
    <ei-ms-peak>
      <ei-ms-id>711</ei-ms-id>
      <id>78722</id>
      <intensity>20.0</intensity>
      <mass-charge>192.0</mass-charge>
    </ei-ms-peak>
    <ei-ms-peak>
      <ei-ms-id>711</ei-ms-id>
      <id>78723</id>
      <intensity>130.0</intensity>
      <mass-charge>193.0</mass-charge>
    </ei-ms-peak>
    <ei-ms-peak>
      <ei-ms-id>711</ei-ms-id>
      <id>78724</id>
      <intensity>620.0</intensity>
      <mass-charge>194.0</mass-charge>
    </ei-ms-peak>
    <ei-ms-peak>
      <ei-ms-id>711</ei-ms-id>
      <id>78725</id>
      <intensity>1090.0</intensity>
      <mass-charge>195.0</mass-charge>
    </ei-ms-peak>
    <ei-ms-peak>
      <ei-ms-id>711</ei-ms-id>
      <id>78726</id>
      <intensity>390.0</intensity>
      <mass-charge>196.0</mass-charge>
    </ei-ms-peak>
    <ei-ms-peak>
      <ei-ms-id>711</ei-ms-id>
      <id>78727</id>
      <intensity>340.0</intensity>
      <mass-charge>197.0</mass-charge>
    </ei-ms-peak>
    <ei-ms-peak>
      <ei-ms-id>711</ei-ms-id>
      <id>78728</id>
      <intensity>60.0</intensity>
      <mass-charge>198.0</mass-charge>
    </ei-ms-peak>
    <ei-ms-peak>
      <ei-ms-id>711</ei-ms-id>
      <id>78729</id>
      <intensity>10.0</intensity>
      <mass-charge>199.0</mass-charge>
    </ei-ms-peak>
    <ei-ms-peak>
      <ei-ms-id>711</ei-ms-id>
      <id>78730</id>
      <intensity>10.0</intensity>
      <mass-charge>200.0</mass-charge>
    </ei-ms-peak>
    <ei-ms-peak>
      <ei-ms-id>711</ei-ms-id>
      <id>78731</id>
      <intensity>10.0</intensity>
      <mass-charge>201.0</mass-charge>
    </ei-ms-peak>
    <ei-ms-peak>
      <ei-ms-id>711</ei-ms-id>
      <id>78732</id>
      <intensity>10.0</intensity>
      <mass-charge>202.0</mass-charge>
    </ei-ms-peak>
    <ei-ms-peak>
      <ei-ms-id>711</ei-ms-id>
      <id>78733</id>
      <intensity>10.0</intensity>
      <mass-charge>203.0</mass-charge>
    </ei-ms-peak>
    <ei-ms-peak>
      <ei-ms-id>711</ei-ms-id>
      <id>78734</id>
      <intensity>10.0</intensity>
      <mass-charge>204.0</mass-charge>
    </ei-ms-peak>
    <ei-ms-peak>
      <ei-ms-id>711</ei-ms-id>
      <id>78735</id>
      <intensity>10.0</intensity>
      <mass-charge>205.0</mass-charge>
    </ei-ms-peak>
    <ei-ms-peak>
      <ei-ms-id>711</ei-ms-id>
      <id>78736</id>
      <intensity>10.0</intensity>
      <mass-charge>206.0</mass-charge>
    </ei-ms-peak>
    <ei-ms-peak>
      <ei-ms-id>711</ei-ms-id>
      <id>78737</id>
      <intensity>270.0</intensity>
      <mass-charge>207.0</mass-charge>
    </ei-ms-peak>
    <ei-ms-peak>
      <ei-ms-id>711</ei-ms-id>
      <id>78738</id>
      <intensity>120.0</intensity>
      <mass-charge>208.0</mass-charge>
    </ei-ms-peak>
    <ei-ms-peak>
      <ei-ms-id>711</ei-ms-id>
      <id>78739</id>
      <intensity>2041.0</intensity>
      <mass-charge>209.0</mass-charge>
    </ei-ms-peak>
    <ei-ms-peak>
      <ei-ms-id>711</ei-ms-id>
      <id>78740</id>
      <intensity>280.0</intensity>
      <mass-charge>210.0</mass-charge>
    </ei-ms-peak>
    <ei-ms-peak>
      <ei-ms-id>711</ei-ms-id>
      <id>78741</id>
      <intensity>580.0</intensity>
      <mass-charge>211.0</mass-charge>
    </ei-ms-peak>
    <ei-ms-peak>
      <ei-ms-id>711</ei-ms-id>
      <id>78742</id>
      <intensity>40.0</intensity>
      <mass-charge>212.0</mass-charge>
    </ei-ms-peak>
    <ei-ms-peak>
      <ei-ms-id>711</ei-ms-id>
      <id>78743</id>
      <intensity>10.0</intensity>
      <mass-charge>213.0</mass-charge>
    </ei-ms-peak>
    <ei-ms-peak>
      <ei-ms-id>711</ei-ms-id>
      <id>78744</id>
      <intensity>10.0</intensity>
      <mass-charge>214.0</mass-charge>
    </ei-ms-peak>
    <ei-ms-peak>
      <ei-ms-id>711</ei-ms-id>
      <id>78745</id>
      <intensity>10.0</intensity>
      <mass-charge>215.0</mass-charge>
    </ei-ms-peak>
    <ei-ms-peak>
      <ei-ms-id>711</ei-ms-id>
      <id>78746</id>
      <intensity>10.0</intensity>
      <mass-charge>216.0</mass-charge>
    </ei-ms-peak>
    <ei-ms-peak>
      <ei-ms-id>711</ei-ms-id>
      <id>78747</id>
      <intensity>10.0</intensity>
      <mass-charge>217.0</mass-charge>
    </ei-ms-peak>
    <ei-ms-peak>
      <ei-ms-id>711</ei-ms-id>
      <id>78748</id>
      <intensity>10.0</intensity>
      <mass-charge>218.0</mass-charge>
    </ei-ms-peak>
    <ei-ms-peak>
      <ei-ms-id>711</ei-ms-id>
      <id>78749</id>
      <intensity>10.0</intensity>
      <mass-charge>219.0</mass-charge>
    </ei-ms-peak>
    <ei-ms-peak>
      <ei-ms-id>711</ei-ms-id>
      <id>78750</id>
      <intensity>10.0</intensity>
      <mass-charge>220.0</mass-charge>
    </ei-ms-peak>
    <ei-ms-peak>
      <ei-ms-id>711</ei-ms-id>
      <id>78751</id>
      <intensity>20.0</intensity>
      <mass-charge>221.0</mass-charge>
    </ei-ms-peak>
    <ei-ms-peak>
      <ei-ms-id>711</ei-ms-id>
      <id>78752</id>
      <intensity>10.0</intensity>
      <mass-charge>222.0</mass-charge>
    </ei-ms-peak>
    <ei-ms-peak>
      <ei-ms-id>711</ei-ms-id>
      <id>78753</id>
      <intensity>140.0</intensity>
      <mass-charge>223.0</mass-charge>
    </ei-ms-peak>
    <ei-ms-peak>
      <ei-ms-id>711</ei-ms-id>
      <id>78754</id>
      <intensity>10.0</intensity>
      <mass-charge>224.0</mass-charge>
    </ei-ms-peak>
    <ei-ms-peak>
      <ei-ms-id>711</ei-ms-id>
      <id>78755</id>
      <intensity>30.0</intensity>
      <mass-charge>225.0</mass-charge>
    </ei-ms-peak>
    <ei-ms-peak>
      <ei-ms-id>711</ei-ms-id>
      <id>78756</id>
      <intensity>10.0</intensity>
      <mass-charge>226.0</mass-charge>
    </ei-ms-peak>
    <ei-ms-peak>
      <ei-ms-id>711</ei-ms-id>
      <id>78757</id>
      <intensity>10.0</intensity>
      <mass-charge>227.0</mass-charge>
    </ei-ms-peak>
    <ei-ms-peak>
      <ei-ms-id>711</ei-ms-id>
      <id>78758</id>
      <intensity>10.0</intensity>
      <mass-charge>231.0</mass-charge>
    </ei-ms-peak>
    <ei-ms-peak>
      <ei-ms-id>711</ei-ms-id>
      <id>78759</id>
      <intensity>10.0</intensity>
      <mass-charge>232.0</mass-charge>
    </ei-ms-peak>
    <ei-ms-peak>
      <ei-ms-id>711</ei-ms-id>
      <id>78760</id>
      <intensity>10.0</intensity>
      <mass-charge>233.0</mass-charge>
    </ei-ms-peak>
    <ei-ms-peak>
      <ei-ms-id>711</ei-ms-id>
      <id>78761</id>
      <intensity>380.0</intensity>
      <mass-charge>234.0</mass-charge>
    </ei-ms-peak>
    <ei-ms-peak>
      <ei-ms-id>711</ei-ms-id>
      <id>78762</id>
      <intensity>200.0</intensity>
      <mass-charge>235.0</mass-charge>
    </ei-ms-peak>
    <ei-ms-peak>
      <ei-ms-id>711</ei-ms-id>
      <id>78763</id>
      <intensity>30.0</intensity>
      <mass-charge>236.0</mass-charge>
    </ei-ms-peak>
    <ei-ms-peak>
      <ei-ms-id>711</ei-ms-id>
      <id>78764</id>
      <intensity>90.0</intensity>
      <mass-charge>237.0</mass-charge>
    </ei-ms-peak>
    <ei-ms-peak>
      <ei-ms-id>711</ei-ms-id>
      <id>78765</id>
      <intensity>10.0</intensity>
      <mass-charge>238.0</mass-charge>
    </ei-ms-peak>
    <ei-ms-peak>
      <ei-ms-id>711</ei-ms-id>
      <id>78766</id>
      <intensity>10.0</intensity>
      <mass-charge>239.0</mass-charge>
    </ei-ms-peak>
    <ei-ms-peak>
      <ei-ms-id>711</ei-ms-id>
      <id>78767</id>
      <intensity>10.0</intensity>
      <mass-charge>241.0</mass-charge>
    </ei-ms-peak>
    <ei-ms-peak>
      <ei-ms-id>711</ei-ms-id>
      <id>78768</id>
      <intensity>10.0</intensity>
      <mass-charge>242.0</mass-charge>
    </ei-ms-peak>
    <ei-ms-peak>
      <ei-ms-id>711</ei-ms-id>
      <id>78769</id>
      <intensity>10.0</intensity>
      <mass-charge>243.0</mass-charge>
    </ei-ms-peak>
    <ei-ms-peak>
      <ei-ms-id>711</ei-ms-id>
      <id>78770</id>
      <intensity>10.0</intensity>
      <mass-charge>244.0</mass-charge>
    </ei-ms-peak>
    <ei-ms-peak>
      <ei-ms-id>711</ei-ms-id>
      <id>78771</id>
      <intensity>10.0</intensity>
      <mass-charge>245.0</mass-charge>
    </ei-ms-peak>
    <ei-ms-peak>
      <ei-ms-id>711</ei-ms-id>
      <id>78772</id>
      <intensity>210.0</intensity>
      <mass-charge>246.0</mass-charge>
    </ei-ms-peak>
    <ei-ms-peak>
      <ei-ms-id>711</ei-ms-id>
      <id>78773</id>
      <intensity>20.0</intensity>
      <mass-charge>247.0</mass-charge>
    </ei-ms-peak>
    <ei-ms-peak>
      <ei-ms-id>711</ei-ms-id>
      <id>78774</id>
      <intensity>10.0</intensity>
      <mass-charge>248.0</mass-charge>
    </ei-ms-peak>
    <ei-ms-peak>
      <ei-ms-id>711</ei-ms-id>
      <id>78775</id>
      <intensity>10.0</intensity>
      <mass-charge>249.0</mass-charge>
    </ei-ms-peak>
    <ei-ms-peak>
      <ei-ms-id>711</ei-ms-id>
      <id>78776</id>
      <intensity>10.0</intensity>
      <mass-charge>250.0</mass-charge>
    </ei-ms-peak>
    <ei-ms-peak>
      <ei-ms-id>711</ei-ms-id>
      <id>78777</id>
      <intensity>10.0</intensity>
      <mass-charge>251.0</mass-charge>
    </ei-ms-peak>
    <ei-ms-peak>
      <ei-ms-id>711</ei-ms-id>
      <id>78778</id>
      <intensity>10.0</intensity>
      <mass-charge>252.0</mass-charge>
    </ei-ms-peak>
    <ei-ms-peak>
      <ei-ms-id>711</ei-ms-id>
      <id>78779</id>
      <intensity>10.0</intensity>
      <mass-charge>253.0</mass-charge>
    </ei-ms-peak>
    <ei-ms-peak>
      <ei-ms-id>711</ei-ms-id>
      <id>78780</id>
      <intensity>10.0</intensity>
      <mass-charge>255.0</mass-charge>
    </ei-ms-peak>
    <ei-ms-peak>
      <ei-ms-id>711</ei-ms-id>
      <id>78781</id>
      <intensity>10.0</intensity>
      <mass-charge>257.0</mass-charge>
    </ei-ms-peak>
    <ei-ms-peak>
      <ei-ms-id>711</ei-ms-id>
      <id>78782</id>
      <intensity>10.0</intensity>
      <mass-charge>258.0</mass-charge>
    </ei-ms-peak>
    <ei-ms-peak>
      <ei-ms-id>711</ei-ms-id>
      <id>78783</id>
      <intensity>1891.0</intensity>
      <mass-charge>260.0</mass-charge>
    </ei-ms-peak>
    <ei-ms-peak>
      <ei-ms-id>711</ei-ms-id>
      <id>78784</id>
      <intensity>300.0</intensity>
      <mass-charge>261.0</mass-charge>
    </ei-ms-peak>
    <ei-ms-peak>
      <ei-ms-id>711</ei-ms-id>
      <id>78785</id>
      <intensity>20.0</intensity>
      <mass-charge>262.0</mass-charge>
    </ei-ms-peak>
    <ei-ms-peak>
      <ei-ms-id>711</ei-ms-id>
      <id>78786</id>
      <intensity>10.0</intensity>
      <mass-charge>263.0</mass-charge>
    </ei-ms-peak>
    <ei-ms-peak>
      <ei-ms-id>711</ei-ms-id>
      <id>78787</id>
      <intensity>10.0</intensity>
      <mass-charge>264.0</mass-charge>
    </ei-ms-peak>
    <ei-ms-peak>
      <ei-ms-id>711</ei-ms-id>
      <id>78788</id>
      <intensity>10.0</intensity>
      <mass-charge>265.0</mass-charge>
    </ei-ms-peak>
    <ei-ms-peak>
      <ei-ms-id>711</ei-ms-id>
      <id>78789</id>
      <intensity>10.0</intensity>
      <mass-charge>266.0</mass-charge>
    </ei-ms-peak>
    <ei-ms-peak>
      <ei-ms-id>711</ei-ms-id>
      <id>78790</id>
      <intensity>10.0</intensity>
      <mass-charge>267.0</mass-charge>
    </ei-ms-peak>
    <ei-ms-peak>
      <ei-ms-id>711</ei-ms-id>
      <id>78791</id>
      <intensity>10.0</intensity>
      <mass-charge>270.0</mass-charge>
    </ei-ms-peak>
    <ei-ms-peak>
      <ei-ms-id>711</ei-ms-id>
      <id>78792</id>
      <intensity>10.0</intensity>
      <mass-charge>271.0</mass-charge>
    </ei-ms-peak>
    <ei-ms-peak>
      <ei-ms-id>711</ei-ms-id>
      <id>78793</id>
      <intensity>20.0</intensity>
      <mass-charge>272.0</mass-charge>
    </ei-ms-peak>
    <ei-ms-peak>
      <ei-ms-id>711</ei-ms-id>
      <id>78794</id>
      <intensity>10.0</intensity>
      <mass-charge>273.0</mass-charge>
    </ei-ms-peak>
    <ei-ms-peak>
      <ei-ms-id>711</ei-ms-id>
      <id>78795</id>
      <intensity>2222.0</intensity>
      <mass-charge>274.0</mass-charge>
    </ei-ms-peak>
    <ei-ms-peak>
      <ei-ms-id>711</ei-ms-id>
      <id>78796</id>
      <intensity>410.0</intensity>
      <mass-charge>275.0</mass-charge>
    </ei-ms-peak>
    <ei-ms-peak>
      <ei-ms-id>711</ei-ms-id>
      <id>78797</id>
      <intensity>40.0</intensity>
      <mass-charge>276.0</mass-charge>
    </ei-ms-peak>
    <ei-ms-peak>
      <ei-ms-id>711</ei-ms-id>
      <id>78798</id>
      <intensity>10.0</intensity>
      <mass-charge>277.0</mass-charge>
    </ei-ms-peak>
    <ei-ms-peak>
      <ei-ms-id>711</ei-ms-id>
      <id>78799</id>
      <intensity>40.0</intensity>
      <mass-charge>278.0</mass-charge>
    </ei-ms-peak>
    <ei-ms-peak>
      <ei-ms-id>711</ei-ms-id>
      <id>78800</id>
      <intensity>10.0</intensity>
      <mass-charge>279.0</mass-charge>
    </ei-ms-peak>
    <ei-ms-peak>
      <ei-ms-id>711</ei-ms-id>
      <id>78801</id>
      <intensity>10.0</intensity>
      <mass-charge>280.0</mass-charge>
    </ei-ms-peak>
    <ei-ms-peak>
      <ei-ms-id>711</ei-ms-id>
      <id>78802</id>
      <intensity>10.0</intensity>
      <mass-charge>281.0</mass-charge>
    </ei-ms-peak>
    <ei-ms-peak>
      <ei-ms-id>711</ei-ms-id>
      <id>78803</id>
      <intensity>10.0</intensity>
      <mass-charge>285.0</mass-charge>
    </ei-ms-peak>
    <ei-ms-peak>
      <ei-ms-id>711</ei-ms-id>
      <id>78804</id>
      <intensity>10.0</intensity>
      <mass-charge>286.0</mass-charge>
    </ei-ms-peak>
    <ei-ms-peak>
      <ei-ms-id>711</ei-ms-id>
      <id>78805</id>
      <intensity>10.0</intensity>
      <mass-charge>287.0</mass-charge>
    </ei-ms-peak>
    <ei-ms-peak>
      <ei-ms-id>711</ei-ms-id>
      <id>78806</id>
      <intensity>90.0</intensity>
      <mass-charge>289.0</mass-charge>
    </ei-ms-peak>
    <ei-ms-peak>
      <ei-ms-id>711</ei-ms-id>
      <id>78807</id>
      <intensity>10.0</intensity>
      <mass-charge>290.0</mass-charge>
    </ei-ms-peak>
    <ei-ms-peak>
      <ei-ms-id>711</ei-ms-id>
      <id>78808</id>
      <intensity>10.0</intensity>
      <mass-charge>291.0</mass-charge>
    </ei-ms-peak>
    <ei-ms-peak>
      <ei-ms-id>711</ei-ms-id>
      <id>78809</id>
      <intensity>10.0</intensity>
      <mass-charge>294.0</mass-charge>
    </ei-ms-peak>
    <ei-ms-peak>
      <ei-ms-id>711</ei-ms-id>
      <id>78810</id>
      <intensity>10.0</intensity>
      <mass-charge>295.0</mass-charge>
    </ei-ms-peak>
    <ei-ms-peak>
      <ei-ms-id>711</ei-ms-id>
      <id>78811</id>
      <intensity>10.0</intensity>
      <mass-charge>296.0</mass-charge>
    </ei-ms-peak>
    <ei-ms-peak>
      <ei-ms-id>711</ei-ms-id>
      <id>78812</id>
      <intensity>10.0</intensity>
      <mass-charge>298.0</mass-charge>
    </ei-ms-peak>
    <ei-ms-peak>
      <ei-ms-id>711</ei-ms-id>
      <id>78813</id>
      <intensity>10.0</intensity>
      <mass-charge>299.0</mass-charge>
    </ei-ms-peak>
    <ei-ms-peak>
      <ei-ms-id>711</ei-ms-id>
      <id>78814</id>
      <intensity>10.0</intensity>
      <mass-charge>300.0</mass-charge>
    </ei-ms-peak>
    <ei-ms-peak>
      <ei-ms-id>711</ei-ms-id>
      <id>78815</id>
      <intensity>10.0</intensity>
      <mass-charge>301.0</mass-charge>
    </ei-ms-peak>
    <ei-ms-peak>
      <ei-ms-id>711</ei-ms-id>
      <id>78816</id>
      <intensity>9999.0</intensity>
      <mass-charge>303.0</mass-charge>
    </ei-ms-peak>
    <ei-ms-peak>
      <ei-ms-id>711</ei-ms-id>
      <id>78817</id>
      <intensity>1871.0</intensity>
      <mass-charge>304.0</mass-charge>
    </ei-ms-peak>
    <ei-ms-peak>
      <ei-ms-id>711</ei-ms-id>
      <id>78818</id>
      <intensity>220.0</intensity>
      <mass-charge>305.0</mass-charge>
    </ei-ms-peak>
    <ei-ms-peak>
      <ei-ms-id>711</ei-ms-id>
      <id>78819</id>
      <intensity>10.0</intensity>
      <mass-charge>306.0</mass-charge>
    </ei-ms-peak>
    <ei-ms-peak>
      <ei-ms-id>711</ei-ms-id>
      <id>78820</id>
      <intensity>10.0</intensity>
      <mass-charge>307.0</mass-charge>
    </ei-ms-peak>
    <ei-ms-peak>
      <ei-ms-id>711</ei-ms-id>
      <id>78821</id>
      <intensity>10.0</intensity>
      <mass-charge>313.0</mass-charge>
    </ei-ms-peak>
    <ei-ms-peak>
      <ei-ms-id>711</ei-ms-id>
      <id>78822</id>
      <intensity>10.0</intensity>
      <mass-charge>315.0</mass-charge>
    </ei-ms-peak>
    <ei-ms-peak>
      <ei-ms-id>711</ei-ms-id>
      <id>78823</id>
      <intensity>300.0</intensity>
      <mass-charge>316.0</mass-charge>
    </ei-ms-peak>
    <ei-ms-peak>
      <ei-ms-id>711</ei-ms-id>
      <id>78824</id>
      <intensity>1201.0</intensity>
      <mass-charge>317.0</mass-charge>
    </ei-ms-peak>
    <ei-ms-peak>
      <ei-ms-id>711</ei-ms-id>
      <id>78825</id>
      <intensity>220.0</intensity>
      <mass-charge>318.0</mass-charge>
    </ei-ms-peak>
    <ei-ms-peak>
      <ei-ms-id>711</ei-ms-id>
      <id>78826</id>
      <intensity>30.0</intensity>
      <mass-charge>319.0</mass-charge>
    </ei-ms-peak>
    <ei-ms-peak>
      <ei-ms-id>711</ei-ms-id>
      <id>78827</id>
      <intensity>10.0</intensity>
      <mass-charge>320.0</mass-charge>
    </ei-ms-peak>
    <ei-ms-peak>
      <ei-ms-id>711</ei-ms-id>
      <id>78828</id>
      <intensity>10.0</intensity>
      <mass-charge>327.0</mass-charge>
    </ei-ms-peak>
    <ei-ms-peak>
      <ei-ms-id>711</ei-ms-id>
      <id>78829</id>
      <intensity>620.0</intensity>
      <mass-charge>329.0</mass-charge>
    </ei-ms-peak>
    <ei-ms-peak>
      <ei-ms-id>711</ei-ms-id>
      <id>78830</id>
      <intensity>120.0</intensity>
      <mass-charge>330.0</mass-charge>
    </ei-ms-peak>
    <ei-ms-peak>
      <ei-ms-id>711</ei-ms-id>
      <id>78831</id>
      <intensity>10.0</intensity>
      <mass-charge>331.0</mass-charge>
    </ei-ms-peak>
    <ei-ms-peak>
      <ei-ms-id>711</ei-ms-id>
      <id>78832</id>
      <intensity>10.0</intensity>
      <mass-charge>332.0</mass-charge>
    </ei-ms-peak>
    <ei-ms-peak>
      <ei-ms-id>711</ei-ms-id>
      <id>78833</id>
      <intensity>10.0</intensity>
      <mass-charge>334.0</mass-charge>
    </ei-ms-peak>
    <ei-ms-peak>
      <ei-ms-id>711</ei-ms-id>
      <id>78834</id>
      <intensity>10.0</intensity>
      <mass-charge>336.0</mass-charge>
    </ei-ms-peak>
    <ei-ms-peak>
      <ei-ms-id>711</ei-ms-id>
      <id>78835</id>
      <intensity>10.0</intensity>
      <mass-charge>342.0</mass-charge>
    </ei-ms-peak>
    <ei-ms-peak>
      <ei-ms-id>711</ei-ms-id>
      <id>78836</id>
      <intensity>10.0</intensity>
      <mass-charge>343.0</mass-charge>
    </ei-ms-peak>
    <ei-ms-peak>
      <ei-ms-id>711</ei-ms-id>
      <id>78837</id>
      <intensity>10.0</intensity>
      <mass-charge>344.0</mass-charge>
    </ei-ms-peak>
    <ei-ms-peak>
      <ei-ms-id>711</ei-ms-id>
      <id>78838</id>
      <intensity>10.0</intensity>
      <mass-charge>348.0</mass-charge>
    </ei-ms-peak>
    <ei-ms-peak>
      <ei-ms-id>711</ei-ms-id>
      <id>78839</id>
      <intensity>10.0</intensity>
      <mass-charge>352.0</mass-charge>
    </ei-ms-peak>
    <ei-ms-peak>
      <ei-ms-id>711</ei-ms-id>
      <id>78840</id>
      <intensity>10.0</intensity>
      <mass-charge>354.0</mass-charge>
    </ei-ms-peak>
    <ei-ms-peak>
      <ei-ms-id>711</ei-ms-id>
      <id>78841</id>
      <intensity>10.0</intensity>
      <mass-charge>355.0</mass-charge>
    </ei-ms-peak>
    <ei-ms-peak>
      <ei-ms-id>711</ei-ms-id>
      <id>78842</id>
      <intensity>10.0</intensity>
      <mass-charge>363.0</mass-charge>
    </ei-ms-peak>
    <ei-ms-peak>
      <ei-ms-id>711</ei-ms-id>
      <id>78843</id>
      <intensity>10.0</intensity>
      <mass-charge>364.0</mass-charge>
    </ei-ms-peak>
    <ei-ms-peak>
      <ei-ms-id>711</ei-ms-id>
      <id>78844</id>
      <intensity>10.0</intensity>
      <mass-charge>372.0</mass-charge>
    </ei-ms-peak>
    <ei-ms-peak>
      <ei-ms-id>711</ei-ms-id>
      <id>78845</id>
      <intensity>10.0</intensity>
      <mass-charge>376.0</mass-charge>
    </ei-ms-peak>
    <ei-ms-peak>
      <ei-ms-id>711</ei-ms-id>
      <id>78846</id>
      <intensity>10.0</intensity>
      <mass-charge>378.0</mass-charge>
    </ei-ms-peak>
    <ei-ms-peak>
      <ei-ms-id>711</ei-ms-id>
      <id>78847</id>
      <intensity>10.0</intensity>
      <mass-charge>388.0</mass-charge>
    </ei-ms-peak>
    <ei-ms-peak>
      <ei-ms-id>711</ei-ms-id>
      <id>78848</id>
      <intensity>10.0</intensity>
      <mass-charge>406.0</mass-charge>
    </ei-ms-peak>
    <ei-ms-peak>
      <ei-ms-id>711</ei-ms-id>
      <id>78849</id>
      <intensity>10.0</intensity>
      <mass-charge>407.0</mass-charge>
    </ei-ms-peak>
    <ei-ms-peak>
      <ei-ms-id>711</ei-ms-id>
      <id>78850</id>
      <intensity>10.0</intensity>
      <mass-charge>413.0</mass-charge>
    </ei-ms-peak>
    <ei-ms-peak>
      <ei-ms-id>711</ei-ms-id>
      <id>78851</id>
      <intensity>10.0</intensity>
      <mass-charge>420.0</mass-charge>
    </ei-ms-peak>
    <ei-ms-peak>
      <ei-ms-id>711</ei-ms-id>
      <id>78852</id>
      <intensity>80.0</intensity>
      <mass-charge>427.0</mass-charge>
    </ei-ms-peak>
    <ei-ms-peak>
      <ei-ms-id>711</ei-ms-id>
      <id>78853</id>
      <intensity>20.0</intensity>
      <mass-charge>428.0</mass-charge>
    </ei-ms-peak>
    <ei-ms-peak>
      <ei-ms-id>711</ei-ms-id>
      <id>78854</id>
      <intensity>30.0</intensity>
      <mass-charge>429.0</mass-charge>
    </ei-ms-peak>
    <ei-ms-peak>
      <ei-ms-id>711</ei-ms-id>
      <id>78855</id>
      <intensity>10.0</intensity>
      <mass-charge>430.0</mass-charge>
    </ei-ms-peak>
    <ei-ms-peak>
      <ei-ms-id>711</ei-ms-id>
      <id>78856</id>
      <intensity>20.0</intensity>
      <mass-charge>434.0</mass-charge>
    </ei-ms-peak>
    <ei-ms-peak>
      <ei-ms-id>711</ei-ms-id>
      <id>78857</id>
      <intensity>10.0</intensity>
      <mass-charge>435.0</mass-charge>
    </ei-ms-peak>
    <ei-ms-peak>
      <ei-ms-id>711</ei-ms-id>
      <id>78858</id>
      <intensity>10.0</intensity>
      <mass-charge>439.0</mass-charge>
    </ei-ms-peak>
    <ei-ms-peak>
      <ei-ms-id>711</ei-ms-id>
      <id>78859</id>
      <intensity>10.0</intensity>
      <mass-charge>441.0</mass-charge>
    </ei-ms-peak>
    <ei-ms-peak>
      <ei-ms-id>711</ei-ms-id>
      <id>78860</id>
      <intensity>20.0</intensity>
      <mass-charge>446.0</mass-charge>
    </ei-ms-peak>
    <ei-ms-peak>
      <ei-ms-id>711</ei-ms-id>
      <id>78861</id>
      <intensity>10.0</intensity>
      <mass-charge>447.0</mass-charge>
    </ei-ms-peak>
    <ei-ms-peak>
      <ei-ms-id>711</ei-ms-id>
      <id>78862</id>
      <intensity>10.0</intensity>
      <mass-charge>452.0</mass-charge>
    </ei-ms-peak>
    <ei-ms-peak>
      <ei-ms-id>711</ei-ms-id>
      <id>78863</id>
      <intensity>400.0</intensity>
      <mass-charge>454.0</mass-charge>
    </ei-ms-peak>
    <ei-ms-peak>
      <ei-ms-id>711</ei-ms-id>
      <id>78864</id>
      <intensity>120.0</intensity>
      <mass-charge>455.0</mass-charge>
    </ei-ms-peak>
    <ei-ms-peak>
      <ei-ms-id>711</ei-ms-id>
      <id>78865</id>
      <intensity>140.0</intensity>
      <mass-charge>456.0</mass-charge>
    </ei-ms-peak>
    <ei-ms-peak>
      <ei-ms-id>711</ei-ms-id>
      <id>78866</id>
      <intensity>40.0</intensity>
      <mass-charge>457.0</mass-charge>
    </ei-ms-peak>
    <ei-ms-peak>
      <ei-ms-id>711</ei-ms-id>
      <id>78867</id>
      <intensity>10.0</intensity>
      <mass-charge>458.0</mass-charge>
    </ei-ms-peak>
    <ei-ms-peak>
      <ei-ms-id>711</ei-ms-id>
      <id>78868</id>
      <intensity>10.0</intensity>
      <mass-charge>463.0</mass-charge>
    </ei-ms-peak>
    <ei-ms-peak>
      <ei-ms-id>711</ei-ms-id>
      <id>78869</id>
      <intensity>10.0</intensity>
      <mass-charge>464.0</mass-charge>
    </ei-ms-peak>
    <ei-ms-peak>
      <ei-ms-id>711</ei-ms-id>
      <id>78870</id>
      <intensity>70.0</intensity>
      <mass-charge>467.0</mass-charge>
    </ei-ms-peak>
    <ei-ms-peak>
      <ei-ms-id>711</ei-ms-id>
      <id>78871</id>
      <intensity>40.0</intensity>
      <mass-charge>468.0</mass-charge>
    </ei-ms-peak>
    <ei-ms-peak>
      <ei-ms-id>711</ei-ms-id>
      <id>78872</id>
      <intensity>110.0</intensity>
      <mass-charge>469.0</mass-charge>
    </ei-ms-peak>
    <ei-ms-peak>
      <ei-ms-id>711</ei-ms-id>
      <id>78873</id>
      <intensity>20.0</intensity>
      <mass-charge>470.0</mass-charge>
    </ei-ms-peak>
    <ei-ms-peak>
      <ei-ms-id>711</ei-ms-id>
      <id>78874</id>
      <intensity>10.0</intensity>
      <mass-charge>471.0</mass-charge>
    </ei-ms-peak>
    <ei-ms-peak>
      <ei-ms-id>711</ei-ms-id>
      <id>78875</id>
      <intensity>10.0</intensity>
      <mass-charge>472.0</mass-charge>
    </ei-ms-peak>
  </ei-ms-peaks>
</ei-ms>
