<?xml version="1.0" encoding="UTF-8"?>
<ei-ms>
  <collection-date nil="true"/>
  <created-at>2014-09-20T16:45:01Z</created-at>
  <database-id>HMDB01893</database-id>
  <id>1143</id>
  <inchi-key>GVJHHUAWPYXKBD-IEOSBIPESA-N</inchi-key>
  <instrument-type nil="true"/>
  <molecule-id nil="true"/>
  <notes nil="true"/>
  <peak-counter>164</peak-counter>
  <sample-assessment nil="true"/>
  <sample-concentration nil="true"/>
  <sample-concentration-units nil="true"/>
  <sample-mass nil="true"/>
  <sample-mass-units nil="true"/>
  <sample-source nil="true"/>
  <solvent nil="true"/>
  <spectra-assessment nil="true"/>
  <updated-at>2014-09-20T16:45:01Z</updated-at>
  <references>
    <reference>
      <database>NIST</database>
      <database-id>59-02-9</database-id>
      <id>16015</id>
      <pubmed-id nil="true"/>
      <ref-text>NIST Mass Spec Data Center, S.E. Stein, director, "Mass Spectra" in NIST Chemistry WebBook, NIST Standard Reference Database Number 69, Eds. P.J. Linstrom and W.G. Mallard, National Institute of Standards and Technology, Gaithersburg MD, 20899, http://webbook.nist.gov, (retrieved September 6, 2014).</ref-text>
      <spectra-id>1143</spectra-id>
      <spectra-type>EiMs</spectra-type>
    </reference>
  </references>
  <ei-ms-peaks>
    <ei-ms-peak>
      <ei-ms-id>1143</ei-ms-id>
      <id>123317</id>
      <intensity>50.0</intensity>
      <mass-charge>27.0</mass-charge>
    </ei-ms-peak>
    <ei-ms-peak>
      <ei-ms-id>1143</ei-ms-id>
      <id>123318</id>
      <intensity>10.0</intensity>
      <mass-charge>28.0</mass-charge>
    </ei-ms-peak>
    <ei-ms-peak>
      <ei-ms-id>1143</ei-ms-id>
      <id>123319</id>
      <intensity>170.0</intensity>
      <mass-charge>29.0</mass-charge>
    </ei-ms-peak>
    <ei-ms-peak>
      <ei-ms-id>1143</ei-ms-id>
      <id>123320</id>
      <intensity>60.0</intensity>
      <mass-charge>39.0</mass-charge>
    </ei-ms-peak>
    <ei-ms-peak>
      <ei-ms-id>1143</ei-ms-id>
      <id>123321</id>
      <intensity>20.0</intensity>
      <mass-charge>40.0</mass-charge>
    </ei-ms-peak>
    <ei-ms-peak>
      <ei-ms-id>1143</ei-ms-id>
      <id>123322</id>
      <intensity>561.0</intensity>
      <mass-charge>41.0</mass-charge>
    </ei-ms-peak>
    <ei-ms-peak>
      <ei-ms-id>1143</ei-ms-id>
      <id>123323</id>
      <intensity>110.0</intensity>
      <mass-charge>42.0</mass-charge>
    </ei-ms-peak>
    <ei-ms-peak>
      <ei-ms-id>1143</ei-ms-id>
      <id>123324</id>
      <intensity>1371.0</intensity>
      <mass-charge>43.0</mass-charge>
    </ei-ms-peak>
    <ei-ms-peak>
      <ei-ms-id>1143</ei-ms-id>
      <id>123325</id>
      <intensity>40.0</intensity>
      <mass-charge>44.0</mass-charge>
    </ei-ms-peak>
    <ei-ms-peak>
      <ei-ms-id>1143</ei-ms-id>
      <id>123326</id>
      <intensity>10.0</intensity>
      <mass-charge>51.0</mass-charge>
    </ei-ms-peak>
    <ei-ms-peak>
      <ei-ms-id>1143</ei-ms-id>
      <id>123327</id>
      <intensity>10.0</intensity>
      <mass-charge>52.0</mass-charge>
    </ei-ms-peak>
    <ei-ms-peak>
      <ei-ms-id>1143</ei-ms-id>
      <id>123328</id>
      <intensity>90.0</intensity>
      <mass-charge>53.0</mass-charge>
    </ei-ms-peak>
    <ei-ms-peak>
      <ei-ms-id>1143</ei-ms-id>
      <id>123329</id>
      <intensity>30.0</intensity>
      <mass-charge>54.0</mass-charge>
    </ei-ms-peak>
    <ei-ms-peak>
      <ei-ms-id>1143</ei-ms-id>
      <id>123330</id>
      <intensity>581.0</intensity>
      <mass-charge>55.0</mass-charge>
    </ei-ms-peak>
    <ei-ms-peak>
      <ei-ms-id>1143</ei-ms-id>
      <id>123331</id>
      <intensity>130.0</intensity>
      <mass-charge>56.0</mass-charge>
    </ei-ms-peak>
    <ei-ms-peak>
      <ei-ms-id>1143</ei-ms-id>
      <id>123332</id>
      <intensity>771.0</intensity>
      <mass-charge>57.0</mass-charge>
    </ei-ms-peak>
    <ei-ms-peak>
      <ei-ms-id>1143</ei-ms-id>
      <id>123333</id>
      <intensity>40.0</intensity>
      <mass-charge>58.0</mass-charge>
    </ei-ms-peak>
    <ei-ms-peak>
      <ei-ms-id>1143</ei-ms-id>
      <id>123334</id>
      <intensity>40.0</intensity>
      <mass-charge>65.0</mass-charge>
    </ei-ms-peak>
    <ei-ms-peak>
      <ei-ms-id>1143</ei-ms-id>
      <id>123335</id>
      <intensity>10.0</intensity>
      <mass-charge>66.0</mass-charge>
    </ei-ms-peak>
    <ei-ms-peak>
      <ei-ms-id>1143</ei-ms-id>
      <id>123336</id>
      <intensity>170.0</intensity>
      <mass-charge>67.0</mass-charge>
    </ei-ms-peak>
    <ei-ms-peak>
      <ei-ms-id>1143</ei-ms-id>
      <id>123337</id>
      <intensity>30.0</intensity>
      <mass-charge>68.0</mass-charge>
    </ei-ms-peak>
    <ei-ms-peak>
      <ei-ms-id>1143</ei-ms-id>
      <id>123338</id>
      <intensity>330.0</intensity>
      <mass-charge>69.0</mass-charge>
    </ei-ms-peak>
    <ei-ms-peak>
      <ei-ms-id>1143</ei-ms-id>
      <id>123339</id>
      <intensity>50.0</intensity>
      <mass-charge>70.0</mass-charge>
    </ei-ms-peak>
    <ei-ms-peak>
      <ei-ms-id>1143</ei-ms-id>
      <id>123340</id>
      <intensity>340.0</intensity>
      <mass-charge>71.0</mass-charge>
    </ei-ms-peak>
    <ei-ms-peak>
      <ei-ms-id>1143</ei-ms-id>
      <id>123341</id>
      <intensity>20.0</intensity>
      <mass-charge>72.0</mass-charge>
    </ei-ms-peak>
    <ei-ms-peak>
      <ei-ms-id>1143</ei-ms-id>
      <id>123342</id>
      <intensity>90.0</intensity>
      <mass-charge>77.0</mass-charge>
    </ei-ms-peak>
    <ei-ms-peak>
      <ei-ms-id>1143</ei-ms-id>
      <id>123343</id>
      <intensity>20.0</intensity>
      <mass-charge>78.0</mass-charge>
    </ei-ms-peak>
    <ei-ms-peak>
      <ei-ms-id>1143</ei-ms-id>
      <id>123344</id>
      <intensity>110.0</intensity>
      <mass-charge>79.0</mass-charge>
    </ei-ms-peak>
    <ei-ms-peak>
      <ei-ms-id>1143</ei-ms-id>
      <id>123345</id>
      <intensity>20.0</intensity>
      <mass-charge>80.0</mass-charge>
    </ei-ms-peak>
    <ei-ms-peak>
      <ei-ms-id>1143</ei-ms-id>
      <id>123346</id>
      <intensity>190.0</intensity>
      <mass-charge>81.0</mass-charge>
    </ei-ms-peak>
    <ei-ms-peak>
      <ei-ms-id>1143</ei-ms-id>
      <id>123347</id>
      <intensity>30.0</intensity>
      <mass-charge>82.0</mass-charge>
    </ei-ms-peak>
    <ei-ms-peak>
      <ei-ms-id>1143</ei-ms-id>
      <id>123348</id>
      <intensity>160.0</intensity>
      <mass-charge>83.0</mass-charge>
    </ei-ms-peak>
    <ei-ms-peak>
      <ei-ms-id>1143</ei-ms-id>
      <id>123349</id>
      <intensity>20.0</intensity>
      <mass-charge>84.0</mass-charge>
    </ei-ms-peak>
    <ei-ms-peak>
      <ei-ms-id>1143</ei-ms-id>
      <id>123350</id>
      <intensity>70.0</intensity>
      <mass-charge>85.0</mass-charge>
    </ei-ms-peak>
    <ei-ms-peak>
      <ei-ms-id>1143</ei-ms-id>
      <id>123351</id>
      <intensity>10.0</intensity>
      <mass-charge>86.0</mass-charge>
    </ei-ms-peak>
    <ei-ms-peak>
      <ei-ms-id>1143</ei-ms-id>
      <id>123352</id>
      <intensity>220.0</intensity>
      <mass-charge>91.0</mass-charge>
    </ei-ms-peak>
    <ei-ms-peak>
      <ei-ms-id>1143</ei-ms-id>
      <id>123353</id>
      <intensity>30.0</intensity>
      <mass-charge>92.0</mass-charge>
    </ei-ms-peak>
    <ei-ms-peak>
      <ei-ms-id>1143</ei-ms-id>
      <id>123354</id>
      <intensity>100.0</intensity>
      <mass-charge>93.0</mass-charge>
    </ei-ms-peak>
    <ei-ms-peak>
      <ei-ms-id>1143</ei-ms-id>
      <id>123355</id>
      <intensity>20.0</intensity>
      <mass-charge>94.0</mass-charge>
    </ei-ms-peak>
    <ei-ms-peak>
      <ei-ms-id>1143</ei-ms-id>
      <id>123356</id>
      <intensity>130.0</intensity>
      <mass-charge>95.0</mass-charge>
    </ei-ms-peak>
    <ei-ms-peak>
      <ei-ms-id>1143</ei-ms-id>
      <id>123357</id>
      <intensity>10.0</intensity>
      <mass-charge>96.0</mass-charge>
    </ei-ms-peak>
    <ei-ms-peak>
      <ei-ms-id>1143</ei-ms-id>
      <id>123358</id>
      <intensity>80.0</intensity>
      <mass-charge>97.0</mass-charge>
    </ei-ms-peak>
    <ei-ms-peak>
      <ei-ms-id>1143</ei-ms-id>
      <id>123359</id>
      <intensity>10.0</intensity>
      <mass-charge>98.0</mass-charge>
    </ei-ms-peak>
    <ei-ms-peak>
      <ei-ms-id>1143</ei-ms-id>
      <id>123360</id>
      <intensity>10.0</intensity>
      <mass-charge>99.0</mass-charge>
    </ei-ms-peak>
    <ei-ms-peak>
      <ei-ms-id>1143</ei-ms-id>
      <id>123361</id>
      <intensity>30.0</intensity>
      <mass-charge>103.0</mass-charge>
    </ei-ms-peak>
    <ei-ms-peak>
      <ei-ms-id>1143</ei-ms-id>
      <id>123362</id>
      <intensity>10.0</intensity>
      <mass-charge>104.0</mass-charge>
    </ei-ms-peak>
    <ei-ms-peak>
      <ei-ms-id>1143</ei-ms-id>
      <id>123363</id>
      <intensity>90.0</intensity>
      <mass-charge>105.0</mass-charge>
    </ei-ms-peak>
    <ei-ms-peak>
      <ei-ms-id>1143</ei-ms-id>
      <id>123364</id>
      <intensity>10.0</intensity>
      <mass-charge>106.0</mass-charge>
    </ei-ms-peak>
    <ei-ms-peak>
      <ei-ms-id>1143</ei-ms-id>
      <id>123365</id>
      <intensity>130.0</intensity>
      <mass-charge>107.0</mass-charge>
    </ei-ms-peak>
    <ei-ms-peak>
      <ei-ms-id>1143</ei-ms-id>
      <id>123366</id>
      <intensity>30.0</intensity>
      <mass-charge>108.0</mass-charge>
    </ei-ms-peak>
    <ei-ms-peak>
      <ei-ms-id>1143</ei-ms-id>
      <id>123367</id>
      <intensity>100.0</intensity>
      <mass-charge>109.0</mass-charge>
    </ei-ms-peak>
    <ei-ms-peak>
      <ei-ms-id>1143</ei-ms-id>
      <id>123368</id>
      <intensity>10.0</intensity>
      <mass-charge>110.0</mass-charge>
    </ei-ms-peak>
    <ei-ms-peak>
      <ei-ms-id>1143</ei-ms-id>
      <id>123369</id>
      <intensity>40.0</intensity>
      <mass-charge>111.0</mass-charge>
    </ei-ms-peak>
    <ei-ms-peak>
      <ei-ms-id>1143</ei-ms-id>
      <id>123370</id>
      <intensity>10.0</intensity>
      <mass-charge>112.0</mass-charge>
    </ei-ms-peak>
    <ei-ms-peak>
      <ei-ms-id>1143</ei-ms-id>
      <id>123371</id>
      <intensity>40.0</intensity>
      <mass-charge>115.0</mass-charge>
    </ei-ms-peak>
    <ei-ms-peak>
      <ei-ms-id>1143</ei-ms-id>
      <id>123372</id>
      <intensity>20.0</intensity>
      <mass-charge>116.0</mass-charge>
    </ei-ms-peak>
    <ei-ms-peak>
      <ei-ms-id>1143</ei-ms-id>
      <id>123373</id>
      <intensity>40.0</intensity>
      <mass-charge>117.0</mass-charge>
    </ei-ms-peak>
    <ei-ms-peak>
      <ei-ms-id>1143</ei-ms-id>
      <id>123374</id>
      <intensity>10.0</intensity>
      <mass-charge>118.0</mass-charge>
    </ei-ms-peak>
    <ei-ms-peak>
      <ei-ms-id>1143</ei-ms-id>
      <id>123375</id>
      <intensity>110.0</intensity>
      <mass-charge>119.0</mass-charge>
    </ei-ms-peak>
    <ei-ms-peak>
      <ei-ms-id>1143</ei-ms-id>
      <id>123376</id>
      <intensity>20.0</intensity>
      <mass-charge>120.0</mass-charge>
    </ei-ms-peak>
    <ei-ms-peak>
      <ei-ms-id>1143</ei-ms-id>
      <id>123377</id>
      <intensity>561.0</intensity>
      <mass-charge>121.0</mass-charge>
    </ei-ms-peak>
    <ei-ms-peak>
      <ei-ms-id>1143</ei-ms-id>
      <id>123378</id>
      <intensity>160.0</intensity>
      <mass-charge>122.0</mass-charge>
    </ei-ms-peak>
    <ei-ms-peak>
      <ei-ms-id>1143</ei-ms-id>
      <id>123379</id>
      <intensity>60.0</intensity>
      <mass-charge>123.0</mass-charge>
    </ei-ms-peak>
    <ei-ms-peak>
      <ei-ms-id>1143</ei-ms-id>
      <id>123380</id>
      <intensity>10.0</intensity>
      <mass-charge>124.0</mass-charge>
    </ei-ms-peak>
    <ei-ms-peak>
      <ei-ms-id>1143</ei-ms-id>
      <id>123381</id>
      <intensity>40.0</intensity>
      <mass-charge>125.0</mass-charge>
    </ei-ms-peak>
    <ei-ms-peak>
      <ei-ms-id>1143</ei-ms-id>
      <id>123382</id>
      <intensity>10.0</intensity>
      <mass-charge>126.0</mass-charge>
    </ei-ms-peak>
    <ei-ms-peak>
      <ei-ms-id>1143</ei-ms-id>
      <id>123383</id>
      <intensity>10.0</intensity>
      <mass-charge>127.0</mass-charge>
    </ei-ms-peak>
    <ei-ms-peak>
      <ei-ms-id>1143</ei-ms-id>
      <id>123384</id>
      <intensity>30.0</intensity>
      <mass-charge>128.0</mass-charge>
    </ei-ms-peak>
    <ei-ms-peak>
      <ei-ms-id>1143</ei-ms-id>
      <id>123385</id>
      <intensity>20.0</intensity>
      <mass-charge>129.0</mass-charge>
    </ei-ms-peak>
    <ei-ms-peak>
      <ei-ms-id>1143</ei-ms-id>
      <id>123386</id>
      <intensity>10.0</intensity>
      <mass-charge>130.0</mass-charge>
    </ei-ms-peak>
    <ei-ms-peak>
      <ei-ms-id>1143</ei-ms-id>
      <id>123387</id>
      <intensity>40.0</intensity>
      <mass-charge>131.0</mass-charge>
    </ei-ms-peak>
    <ei-ms-peak>
      <ei-ms-id>1143</ei-ms-id>
      <id>123388</id>
      <intensity>10.0</intensity>
      <mass-charge>132.0</mass-charge>
    </ei-ms-peak>
    <ei-ms-peak>
      <ei-ms-id>1143</ei-ms-id>
      <id>123389</id>
      <intensity>40.0</intensity>
      <mass-charge>133.0</mass-charge>
    </ei-ms-peak>
    <ei-ms-peak>
      <ei-ms-id>1143</ei-ms-id>
      <id>123390</id>
      <intensity>20.0</intensity>
      <mass-charge>134.0</mass-charge>
    </ei-ms-peak>
    <ei-ms-peak>
      <ei-ms-id>1143</ei-ms-id>
      <id>123391</id>
      <intensity>250.0</intensity>
      <mass-charge>135.0</mass-charge>
    </ei-ms-peak>
    <ei-ms-peak>
      <ei-ms-id>1143</ei-ms-id>
      <id>123392</id>
      <intensity>360.0</intensity>
      <mass-charge>136.0</mass-charge>
    </ei-ms-peak>
    <ei-ms-peak>
      <ei-ms-id>1143</ei-ms-id>
      <id>123393</id>
      <intensity>250.0</intensity>
      <mass-charge>137.0</mass-charge>
    </ei-ms-peak>
    <ei-ms-peak>
      <ei-ms-id>1143</ei-ms-id>
      <id>123394</id>
      <intensity>40.0</intensity>
      <mass-charge>138.0</mass-charge>
    </ei-ms-peak>
    <ei-ms-peak>
      <ei-ms-id>1143</ei-ms-id>
      <id>123395</id>
      <intensity>10.0</intensity>
      <mass-charge>139.0</mass-charge>
    </ei-ms-peak>
    <ei-ms-peak>
      <ei-ms-id>1143</ei-ms-id>
      <id>123396</id>
      <intensity>10.0</intensity>
      <mass-charge>141.0</mass-charge>
    </ei-ms-peak>
    <ei-ms-peak>
      <ei-ms-id>1143</ei-ms-id>
      <id>123397</id>
      <intensity>10.0</intensity>
      <mass-charge>142.0</mass-charge>
    </ei-ms-peak>
    <ei-ms-peak>
      <ei-ms-id>1143</ei-ms-id>
      <id>123398</id>
      <intensity>20.0</intensity>
      <mass-charge>143.0</mass-charge>
    </ei-ms-peak>
    <ei-ms-peak>
      <ei-ms-id>1143</ei-ms-id>
      <id>123399</id>
      <intensity>20.0</intensity>
      <mass-charge>144.0</mass-charge>
    </ei-ms-peak>
    <ei-ms-peak>
      <ei-ms-id>1143</ei-ms-id>
      <id>123400</id>
      <intensity>50.0</intensity>
      <mass-charge>145.0</mass-charge>
    </ei-ms-peak>
    <ei-ms-peak>
      <ei-ms-id>1143</ei-ms-id>
      <id>123401</id>
      <intensity>30.0</intensity>
      <mass-charge>146.0</mass-charge>
    </ei-ms-peak>
    <ei-ms-peak>
      <ei-ms-id>1143</ei-ms-id>
      <id>123402</id>
      <intensity>40.0</intensity>
      <mass-charge>147.0</mass-charge>
    </ei-ms-peak>
    <ei-ms-peak>
      <ei-ms-id>1143</ei-ms-id>
      <id>123403</id>
      <intensity>20.0</intensity>
      <mass-charge>148.0</mass-charge>
    </ei-ms-peak>
    <ei-ms-peak>
      <ei-ms-id>1143</ei-ms-id>
      <id>123404</id>
      <intensity>190.0</intensity>
      <mass-charge>149.0</mass-charge>
    </ei-ms-peak>
    <ei-ms-peak>
      <ei-ms-id>1143</ei-ms-id>
      <id>123405</id>
      <intensity>30.0</intensity>
      <mass-charge>150.0</mass-charge>
    </ei-ms-peak>
    <ei-ms-peak>
      <ei-ms-id>1143</ei-ms-id>
      <id>123406</id>
      <intensity>90.0</intensity>
      <mass-charge>151.0</mass-charge>
    </ei-ms-peak>
    <ei-ms-peak>
      <ei-ms-id>1143</ei-ms-id>
      <id>123407</id>
      <intensity>130.0</intensity>
      <mass-charge>152.0</mass-charge>
    </ei-ms-peak>
    <ei-ms-peak>
      <ei-ms-id>1143</ei-ms-id>
      <id>123408</id>
      <intensity>30.0</intensity>
      <mass-charge>153.0</mass-charge>
    </ei-ms-peak>
    <ei-ms-peak>
      <ei-ms-id>1143</ei-ms-id>
      <id>123409</id>
      <intensity>20.0</intensity>
      <mass-charge>157.0</mass-charge>
    </ei-ms-peak>
    <ei-ms-peak>
      <ei-ms-id>1143</ei-ms-id>
      <id>123410</id>
      <intensity>10.0</intensity>
      <mass-charge>158.0</mass-charge>
    </ei-ms-peak>
    <ei-ms-peak>
      <ei-ms-id>1143</ei-ms-id>
      <id>123411</id>
      <intensity>70.0</intensity>
      <mass-charge>159.0</mass-charge>
    </ei-ms-peak>
    <ei-ms-peak>
      <ei-ms-id>1143</ei-ms-id>
      <id>123412</id>
      <intensity>20.0</intensity>
      <mass-charge>160.0</mass-charge>
    </ei-ms-peak>
    <ei-ms-peak>
      <ei-ms-id>1143</ei-ms-id>
      <id>123413</id>
      <intensity>90.0</intensity>
      <mass-charge>161.0</mass-charge>
    </ei-ms-peak>
    <ei-ms-peak>
      <ei-ms-id>1143</ei-ms-id>
      <id>123414</id>
      <intensity>80.0</intensity>
      <mass-charge>162.0</mass-charge>
    </ei-ms-peak>
    <ei-ms-peak>
      <ei-ms-id>1143</ei-ms-id>
      <id>123415</id>
      <intensity>130.0</intensity>
      <mass-charge>163.0</mass-charge>
    </ei-ms-peak>
    <ei-ms-peak>
      <ei-ms-id>1143</ei-ms-id>
      <id>123416</id>
      <intensity>3073.0</intensity>
      <mass-charge>164.0</mass-charge>
    </ei-ms-peak>
    <ei-ms-peak>
      <ei-ms-id>1143</ei-ms-id>
      <id>123417</id>
      <intensity>9999.0</intensity>
      <mass-charge>165.0</mass-charge>
    </ei-ms-peak>
    <ei-ms-peak>
      <ei-ms-id>1143</ei-ms-id>
      <id>123418</id>
      <intensity>1161.0</intensity>
      <mass-charge>166.0</mass-charge>
    </ei-ms-peak>
    <ei-ms-peak>
      <ei-ms-id>1143</ei-ms-id>
      <id>123419</id>
      <intensity>100.0</intensity>
      <mass-charge>167.0</mass-charge>
    </ei-ms-peak>
    <ei-ms-peak>
      <ei-ms-id>1143</ei-ms-id>
      <id>123420</id>
      <intensity>10.0</intensity>
      <mass-charge>168.0</mass-charge>
    </ei-ms-peak>
    <ei-ms-peak>
      <ei-ms-id>1143</ei-ms-id>
      <id>123421</id>
      <intensity>10.0</intensity>
      <mass-charge>171.0</mass-charge>
    </ei-ms-peak>
    <ei-ms-peak>
      <ei-ms-id>1143</ei-ms-id>
      <id>123422</id>
      <intensity>20.0</intensity>
      <mass-charge>172.0</mass-charge>
    </ei-ms-peak>
    <ei-ms-peak>
      <ei-ms-id>1143</ei-ms-id>
      <id>123423</id>
      <intensity>40.0</intensity>
      <mass-charge>173.0</mass-charge>
    </ei-ms-peak>
    <ei-ms-peak>
      <ei-ms-id>1143</ei-ms-id>
      <id>123424</id>
      <intensity>20.0</intensity>
      <mass-charge>174.0</mass-charge>
    </ei-ms-peak>
    <ei-ms-peak>
      <ei-ms-id>1143</ei-ms-id>
      <id>123425</id>
      <intensity>130.0</intensity>
      <mass-charge>175.0</mass-charge>
    </ei-ms-peak>
    <ei-ms-peak>
      <ei-ms-id>1143</ei-ms-id>
      <id>123426</id>
      <intensity>100.0</intensity>
      <mass-charge>176.0</mass-charge>
    </ei-ms-peak>
    <ei-ms-peak>
      <ei-ms-id>1143</ei-ms-id>
      <id>123427</id>
      <intensity>210.0</intensity>
      <mass-charge>177.0</mass-charge>
    </ei-ms-peak>
    <ei-ms-peak>
      <ei-ms-id>1143</ei-ms-id>
      <id>123428</id>
      <intensity>80.0</intensity>
      <mass-charge>178.0</mass-charge>
    </ei-ms-peak>
    <ei-ms-peak>
      <ei-ms-id>1143</ei-ms-id>
      <id>123429</id>
      <intensity>50.0</intensity>
      <mass-charge>179.0</mass-charge>
    </ei-ms-peak>
    <ei-ms-peak>
      <ei-ms-id>1143</ei-ms-id>
      <id>123430</id>
      <intensity>10.0</intensity>
      <mass-charge>180.0</mass-charge>
    </ei-ms-peak>
    <ei-ms-peak>
      <ei-ms-id>1143</ei-ms-id>
      <id>123431</id>
      <intensity>10.0</intensity>
      <mass-charge>185.0</mass-charge>
    </ei-ms-peak>
    <ei-ms-peak>
      <ei-ms-id>1143</ei-ms-id>
      <id>123432</id>
      <intensity>10.0</intensity>
      <mass-charge>186.0</mass-charge>
    </ei-ms-peak>
    <ei-ms-peak>
      <ei-ms-id>1143</ei-ms-id>
      <id>123433</id>
      <intensity>40.0</intensity>
      <mass-charge>187.0</mass-charge>
    </ei-ms-peak>
    <ei-ms-peak>
      <ei-ms-id>1143</ei-ms-id>
      <id>123434</id>
      <intensity>30.0</intensity>
      <mass-charge>188.0</mass-charge>
    </ei-ms-peak>
    <ei-ms-peak>
      <ei-ms-id>1143</ei-ms-id>
      <id>123435</id>
      <intensity>150.0</intensity>
      <mass-charge>189.0</mass-charge>
    </ei-ms-peak>
    <ei-ms-peak>
      <ei-ms-id>1143</ei-ms-id>
      <id>123436</id>
      <intensity>150.0</intensity>
      <mass-charge>190.0</mass-charge>
    </ei-ms-peak>
    <ei-ms-peak>
      <ei-ms-id>1143</ei-ms-id>
      <id>123437</id>
      <intensity>120.0</intensity>
      <mass-charge>191.0</mass-charge>
    </ei-ms-peak>
    <ei-ms-peak>
      <ei-ms-id>1143</ei-ms-id>
      <id>123438</id>
      <intensity>20.0</intensity>
      <mass-charge>192.0</mass-charge>
    </ei-ms-peak>
    <ei-ms-peak>
      <ei-ms-id>1143</ei-ms-id>
      <id>123439</id>
      <intensity>10.0</intensity>
      <mass-charge>201.0</mass-charge>
    </ei-ms-peak>
    <ei-ms-peak>
      <ei-ms-id>1143</ei-ms-id>
      <id>123440</id>
      <intensity>10.0</intensity>
      <mass-charge>202.0</mass-charge>
    </ei-ms-peak>
    <ei-ms-peak>
      <ei-ms-id>1143</ei-ms-id>
      <id>123441</id>
      <intensity>170.0</intensity>
      <mass-charge>203.0</mass-charge>
    </ei-ms-peak>
    <ei-ms-peak>
      <ei-ms-id>1143</ei-ms-id>
      <id>123442</id>
      <intensity>60.0</intensity>
      <mass-charge>204.0</mass-charge>
    </ei-ms-peak>
    <ei-ms-peak>
      <ei-ms-id>1143</ei-ms-id>
      <id>123443</id>
      <intensity>1001.0</intensity>
      <mass-charge>205.0</mass-charge>
    </ei-ms-peak>
    <ei-ms-peak>
      <ei-ms-id>1143</ei-ms-id>
      <id>123444</id>
      <intensity>140.0</intensity>
      <mass-charge>206.0</mass-charge>
    </ei-ms-peak>
    <ei-ms-peak>
      <ei-ms-id>1143</ei-ms-id>
      <id>123445</id>
      <intensity>20.0</intensity>
      <mass-charge>207.0</mass-charge>
    </ei-ms-peak>
    <ei-ms-peak>
      <ei-ms-id>1143</ei-ms-id>
      <id>123446</id>
      <intensity>10.0</intensity>
      <mass-charge>215.0</mass-charge>
    </ei-ms-peak>
    <ei-ms-peak>
      <ei-ms-id>1143</ei-ms-id>
      <id>123447</id>
      <intensity>20.0</intensity>
      <mass-charge>217.0</mass-charge>
    </ei-ms-peak>
    <ei-ms-peak>
      <ei-ms-id>1143</ei-ms-id>
      <id>123448</id>
      <intensity>10.0</intensity>
      <mass-charge>218.0</mass-charge>
    </ei-ms-peak>
    <ei-ms-peak>
      <ei-ms-id>1143</ei-ms-id>
      <id>123449</id>
      <intensity>30.0</intensity>
      <mass-charge>219.0</mass-charge>
    </ei-ms-peak>
    <ei-ms-peak>
      <ei-ms-id>1143</ei-ms-id>
      <id>123450</id>
      <intensity>10.0</intensity>
      <mass-charge>220.0</mass-charge>
    </ei-ms-peak>
    <ei-ms-peak>
      <ei-ms-id>1143</ei-ms-id>
      <id>123451</id>
      <intensity>10.0</intensity>
      <mass-charge>232.0</mass-charge>
    </ei-ms-peak>
    <ei-ms-peak>
      <ei-ms-id>1143</ei-ms-id>
      <id>123452</id>
      <intensity>10.0</intensity>
      <mass-charge>233.0</mass-charge>
    </ei-ms-peak>
    <ei-ms-peak>
      <ei-ms-id>1143</ei-ms-id>
      <id>123453</id>
      <intensity>10.0</intensity>
      <mass-charge>246.0</mass-charge>
    </ei-ms-peak>
    <ei-ms-peak>
      <ei-ms-id>1143</ei-ms-id>
      <id>123454</id>
      <intensity>10.0</intensity>
      <mass-charge>247.0</mass-charge>
    </ei-ms-peak>
    <ei-ms-peak>
      <ei-ms-id>1143</ei-ms-id>
      <id>123455</id>
      <intensity>10.0</intensity>
      <mass-charge>260.0</mass-charge>
    </ei-ms-peak>
    <ei-ms-peak>
      <ei-ms-id>1143</ei-ms-id>
      <id>123456</id>
      <intensity>20.0</intensity>
      <mass-charge>274.0</mass-charge>
    </ei-ms-peak>
    <ei-ms-peak>
      <ei-ms-id>1143</ei-ms-id>
      <id>123457</id>
      <intensity>10.0</intensity>
      <mass-charge>275.0</mass-charge>
    </ei-ms-peak>
    <ei-ms-peak>
      <ei-ms-id>1143</ei-ms-id>
      <id>123458</id>
      <intensity>40.0</intensity>
      <mass-charge>288.0</mass-charge>
    </ei-ms-peak>
    <ei-ms-peak>
      <ei-ms-id>1143</ei-ms-id>
      <id>123459</id>
      <intensity>10.0</intensity>
      <mass-charge>289.0</mass-charge>
    </ei-ms-peak>
    <ei-ms-peak>
      <ei-ms-id>1143</ei-ms-id>
      <id>123460</id>
      <intensity>30.0</intensity>
      <mass-charge>302.0</mass-charge>
    </ei-ms-peak>
    <ei-ms-peak>
      <ei-ms-id>1143</ei-ms-id>
      <id>123461</id>
      <intensity>10.0</intensity>
      <mass-charge>303.0</mass-charge>
    </ei-ms-peak>
    <ei-ms-peak>
      <ei-ms-id>1143</ei-ms-id>
      <id>123462</id>
      <intensity>20.0</intensity>
      <mass-charge>316.0</mass-charge>
    </ei-ms-peak>
    <ei-ms-peak>
      <ei-ms-id>1143</ei-ms-id>
      <id>123463</id>
      <intensity>10.0</intensity>
      <mass-charge>317.0</mass-charge>
    </ei-ms-peak>
    <ei-ms-peak>
      <ei-ms-id>1143</ei-ms-id>
      <id>123464</id>
      <intensity>10.0</intensity>
      <mass-charge>318.0</mass-charge>
    </ei-ms-peak>
    <ei-ms-peak>
      <ei-ms-id>1143</ei-ms-id>
      <id>123465</id>
      <intensity>10.0</intensity>
      <mass-charge>330.0</mass-charge>
    </ei-ms-peak>
    <ei-ms-peak>
      <ei-ms-id>1143</ei-ms-id>
      <id>123466</id>
      <intensity>20.0</intensity>
      <mass-charge>344.0</mass-charge>
    </ei-ms-peak>
    <ei-ms-peak>
      <ei-ms-id>1143</ei-ms-id>
      <id>123467</id>
      <intensity>10.0</intensity>
      <mass-charge>345.0</mass-charge>
    </ei-ms-peak>
    <ei-ms-peak>
      <ei-ms-id>1143</ei-ms-id>
      <id>123468</id>
      <intensity>20.0</intensity>
      <mass-charge>358.0</mass-charge>
    </ei-ms-peak>
    <ei-ms-peak>
      <ei-ms-id>1143</ei-ms-id>
      <id>123469</id>
      <intensity>10.0</intensity>
      <mass-charge>359.0</mass-charge>
    </ei-ms-peak>
    <ei-ms-peak>
      <ei-ms-id>1143</ei-ms-id>
      <id>123470</id>
      <intensity>10.0</intensity>
      <mass-charge>372.0</mass-charge>
    </ei-ms-peak>
    <ei-ms-peak>
      <ei-ms-id>1143</ei-ms-id>
      <id>123471</id>
      <intensity>10.0</intensity>
      <mass-charge>386.0</mass-charge>
    </ei-ms-peak>
    <ei-ms-peak>
      <ei-ms-id>1143</ei-ms-id>
      <id>123472</id>
      <intensity>10.0</intensity>
      <mass-charge>387.0</mass-charge>
    </ei-ms-peak>
    <ei-ms-peak>
      <ei-ms-id>1143</ei-ms-id>
      <id>123473</id>
      <intensity>10.0</intensity>
      <mass-charge>388.0</mass-charge>
    </ei-ms-peak>
    <ei-ms-peak>
      <ei-ms-id>1143</ei-ms-id>
      <id>123474</id>
      <intensity>20.0</intensity>
      <mass-charge>414.0</mass-charge>
    </ei-ms-peak>
    <ei-ms-peak>
      <ei-ms-id>1143</ei-ms-id>
      <id>123475</id>
      <intensity>10.0</intensity>
      <mass-charge>415.0</mass-charge>
    </ei-ms-peak>
    <ei-ms-peak>
      <ei-ms-id>1143</ei-ms-id>
      <id>123476</id>
      <intensity>30.0</intensity>
      <mass-charge>428.0</mass-charge>
    </ei-ms-peak>
    <ei-ms-peak>
      <ei-ms-id>1143</ei-ms-id>
      <id>123477</id>
      <intensity>7897.0</intensity>
      <mass-charge>430.0</mass-charge>
    </ei-ms-peak>
    <ei-ms-peak>
      <ei-ms-id>1143</ei-ms-id>
      <id>123478</id>
      <intensity>2432.0</intensity>
      <mass-charge>431.0</mass-charge>
    </ei-ms-peak>
    <ei-ms-peak>
      <ei-ms-id>1143</ei-ms-id>
      <id>123479</id>
      <intensity>390.0</intensity>
      <mass-charge>432.0</mass-charge>
    </ei-ms-peak>
    <ei-ms-peak>
      <ei-ms-id>1143</ei-ms-id>
      <id>123480</id>
      <intensity>40.0</intensity>
      <mass-charge>433.0</mass-charge>
    </ei-ms-peak>
  </ei-ms-peaks>
</ei-ms>
