<?xml version="1.0" encoding="UTF-8"?>
<ei-ms>
  <collection-date nil="true"/>
  <created-at>2014-09-20T16:27:05Z</created-at>
  <database-id>HMDB30637</database-id>
  <id>394</id>
  <inchi-key>BGEBZHIAGXMEMV-UHFFFAOYSA-N</inchi-key>
  <instrument-type nil="true"/>
  <molecule-id nil="true"/>
  <notes nil="true"/>
  <peak-counter>129</peak-counter>
  <sample-assessment nil="true"/>
  <sample-concentration nil="true"/>
  <sample-concentration-units nil="true"/>
  <sample-mass nil="true"/>
  <sample-mass-units nil="true"/>
  <sample-source nil="true"/>
  <solvent nil="true"/>
  <spectra-assessment nil="true"/>
  <updated-at>2014-09-20T16:27:05Z</updated-at>
  <references>
    <reference>
      <database>NIST</database>
      <database-id>484-20-8</database-id>
      <id>15266</id>
      <pubmed-id nil="true"/>
      <ref-text>NIST Mass Spec Data Center, S.E. Stein, director, "Mass Spectra" in NIST Chemistry WebBook, NIST Standard Reference Database Number 69, Eds. P.J. Linstrom and W.G. Mallard, National Institute of Standards and Technology, Gaithersburg MD, 20899, http://webbook.nist.gov, (retrieved September 6, 2014).</ref-text>
      <spectra-id>394</spectra-id>
      <spectra-type>EiMs</spectra-type>
    </reference>
  </references>
  <ei-ms-peaks>
    <ei-ms-peak>
      <ei-ms-id>394</ei-ms-id>
      <id>44103</id>
      <intensity>10.0</intensity>
      <mass-charge>14.0</mass-charge>
    </ei-ms-peak>
    <ei-ms-peak>
      <ei-ms-id>394</ei-ms-id>
      <id>44104</id>
      <intensity>150.0</intensity>
      <mass-charge>15.0</mass-charge>
    </ei-ms-peak>
    <ei-ms-peak>
      <ei-ms-id>394</ei-ms-id>
      <id>44105</id>
      <intensity>10.0</intensity>
      <mass-charge>25.0</mass-charge>
    </ei-ms-peak>
    <ei-ms-peak>
      <ei-ms-id>394</ei-ms-id>
      <id>44106</id>
      <intensity>40.0</intensity>
      <mass-charge>26.0</mass-charge>
    </ei-ms-peak>
    <ei-ms-peak>
      <ei-ms-id>394</ei-ms-id>
      <id>44107</id>
      <intensity>40.0</intensity>
      <mass-charge>27.0</mass-charge>
    </ei-ms-peak>
    <ei-ms-peak>
      <ei-ms-id>394</ei-ms-id>
      <id>44108</id>
      <intensity>270.0</intensity>
      <mass-charge>29.0</mass-charge>
    </ei-ms-peak>
    <ei-ms-peak>
      <ei-ms-id>394</ei-ms-id>
      <id>44109</id>
      <intensity>10.0</intensity>
      <mass-charge>30.0</mass-charge>
    </ei-ms-peak>
    <ei-ms-peak>
      <ei-ms-id>394</ei-ms-id>
      <id>44110</id>
      <intensity>10.0</intensity>
      <mass-charge>31.0</mass-charge>
    </ei-ms-peak>
    <ei-ms-peak>
      <ei-ms-id>394</ei-ms-id>
      <id>44111</id>
      <intensity>10.0</intensity>
      <mass-charge>36.0</mass-charge>
    </ei-ms-peak>
    <ei-ms-peak>
      <ei-ms-id>394</ei-ms-id>
      <id>44112</id>
      <intensity>190.0</intensity>
      <mass-charge>37.0</mass-charge>
    </ei-ms-peak>
    <ei-ms-peak>
      <ei-ms-id>394</ei-ms-id>
      <id>44113</id>
      <intensity>550.0</intensity>
      <mass-charge>38.0</mass-charge>
    </ei-ms-peak>
    <ei-ms-peak>
      <ei-ms-id>394</ei-ms-id>
      <id>44114</id>
      <intensity>420.0</intensity>
      <mass-charge>39.0</mass-charge>
    </ei-ms-peak>
    <ei-ms-peak>
      <ei-ms-id>394</ei-ms-id>
      <id>44115</id>
      <intensity>20.0</intensity>
      <mass-charge>40.0</mass-charge>
    </ei-ms-peak>
    <ei-ms-peak>
      <ei-ms-id>394</ei-ms-id>
      <id>44116</id>
      <intensity>100.0</intensity>
      <mass-charge>41.0</mass-charge>
    </ei-ms-peak>
    <ei-ms-peak>
      <ei-ms-id>394</ei-ms-id>
      <id>44117</id>
      <intensity>20.0</intensity>
      <mass-charge>42.0</mass-charge>
    </ei-ms-peak>
    <ei-ms-peak>
      <ei-ms-id>394</ei-ms-id>
      <id>44118</id>
      <intensity>80.0</intensity>
      <mass-charge>43.0</mass-charge>
    </ei-ms-peak>
    <ei-ms-peak>
      <ei-ms-id>394</ei-ms-id>
      <id>44119</id>
      <intensity>110.0</intensity>
      <mass-charge>44.0</mass-charge>
    </ei-ms-peak>
    <ei-ms-peak>
      <ei-ms-id>394</ei-ms-id>
      <id>44120</id>
      <intensity>10.0</intensity>
      <mass-charge>48.0</mass-charge>
    </ei-ms-peak>
    <ei-ms-peak>
      <ei-ms-id>394</ei-ms-id>
      <id>44121</id>
      <intensity>180.0</intensity>
      <mass-charge>49.0</mass-charge>
    </ei-ms-peak>
    <ei-ms-peak>
      <ei-ms-id>394</ei-ms-id>
      <id>44122</id>
      <intensity>1110.0</intensity>
      <mass-charge>50.0</mass-charge>
    </ei-ms-peak>
    <ei-ms-peak>
      <ei-ms-id>394</ei-ms-id>
      <id>44123</id>
      <intensity>2060.0</intensity>
      <mass-charge>51.0</mass-charge>
    </ei-ms-peak>
    <ei-ms-peak>
      <ei-ms-id>394</ei-ms-id>
      <id>44124</id>
      <intensity>190.0</intensity>
      <mass-charge>52.0</mass-charge>
    </ei-ms-peak>
    <ei-ms-peak>
      <ei-ms-id>394</ei-ms-id>
      <id>44125</id>
      <intensity>440.0</intensity>
      <mass-charge>53.0</mass-charge>
    </ei-ms-peak>
    <ei-ms-peak>
      <ei-ms-id>394</ei-ms-id>
      <id>44126</id>
      <intensity>40.0</intensity>
      <mass-charge>54.0</mass-charge>
    </ei-ms-peak>
    <ei-ms-peak>
      <ei-ms-id>394</ei-ms-id>
      <id>44127</id>
      <intensity>30.0</intensity>
      <mass-charge>55.0</mass-charge>
    </ei-ms-peak>
    <ei-ms-peak>
      <ei-ms-id>394</ei-ms-id>
      <id>44128</id>
      <intensity>10.0</intensity>
      <mass-charge>57.0</mass-charge>
    </ei-ms-peak>
    <ei-ms-peak>
      <ei-ms-id>394</ei-ms-id>
      <id>44129</id>
      <intensity>60.0</intensity>
      <mass-charge>58.0</mass-charge>
    </ei-ms-peak>
    <ei-ms-peak>
      <ei-ms-id>394</ei-ms-id>
      <id>44130</id>
      <intensity>20.0</intensity>
      <mass-charge>60.0</mass-charge>
    </ei-ms-peak>
    <ei-ms-peak>
      <ei-ms-id>394</ei-ms-id>
      <id>44131</id>
      <intensity>300.0</intensity>
      <mass-charge>61.0</mass-charge>
    </ei-ms-peak>
    <ei-ms-peak>
      <ei-ms-id>394</ei-ms-id>
      <id>44132</id>
      <intensity>890.0</intensity>
      <mass-charge>62.0</mass-charge>
    </ei-ms-peak>
    <ei-ms-peak>
      <ei-ms-id>394</ei-ms-id>
      <id>44133</id>
      <intensity>1670.0</intensity>
      <mass-charge>63.0</mass-charge>
    </ei-ms-peak>
    <ei-ms-peak>
      <ei-ms-id>394</ei-ms-id>
      <id>44134</id>
      <intensity>240.0</intensity>
      <mass-charge>65.0</mass-charge>
    </ei-ms-peak>
    <ei-ms-peak>
      <ei-ms-id>394</ei-ms-id>
      <id>44135</id>
      <intensity>470.0</intensity>
      <mass-charge>66.0</mass-charge>
    </ei-ms-peak>
    <ei-ms-peak>
      <ei-ms-id>394</ei-ms-id>
      <id>44136</id>
      <intensity>110.0</intensity>
      <mass-charge>67.0</mass-charge>
    </ei-ms-peak>
    <ei-ms-peak>
      <ei-ms-id>394</ei-ms-id>
      <id>44137</id>
      <intensity>50.0</intensity>
      <mass-charge>68.0</mass-charge>
    </ei-ms-peak>
    <ei-ms-peak>
      <ei-ms-id>394</ei-ms-id>
      <id>44138</id>
      <intensity>490.0</intensity>
      <mass-charge>69.0</mass-charge>
    </ei-ms-peak>
    <ei-ms-peak>
      <ei-ms-id>394</ei-ms-id>
      <id>44139</id>
      <intensity>20.0</intensity>
      <mass-charge>70.0</mass-charge>
    </ei-ms-peak>
    <ei-ms-peak>
      <ei-ms-id>394</ei-ms-id>
      <id>44140</id>
      <intensity>10.0</intensity>
      <mass-charge>71.0</mass-charge>
    </ei-ms-peak>
    <ei-ms-peak>
      <ei-ms-id>394</ei-ms-id>
      <id>44141</id>
      <intensity>130.0</intensity>
      <mass-charge>73.0</mass-charge>
    </ei-ms-peak>
    <ei-ms-peak>
      <ei-ms-id>394</ei-ms-id>
      <id>44142</id>
      <intensity>970.0</intensity>
      <mass-charge>74.0</mass-charge>
    </ei-ms-peak>
    <ei-ms-peak>
      <ei-ms-id>394</ei-ms-id>
      <id>44143</id>
      <intensity>930.0</intensity>
      <mass-charge>75.0</mass-charge>
    </ei-ms-peak>
    <ei-ms-peak>
      <ei-ms-id>394</ei-ms-id>
      <id>44144</id>
      <intensity>350.0</intensity>
      <mass-charge>76.0</mass-charge>
    </ei-ms-peak>
    <ei-ms-peak>
      <ei-ms-id>394</ei-ms-id>
      <id>44145</id>
      <intensity>540.0</intensity>
      <mass-charge>77.0</mass-charge>
    </ei-ms-peak>
    <ei-ms-peak>
      <ei-ms-id>394</ei-ms-id>
      <id>44146</id>
      <intensity>180.0</intensity>
      <mass-charge>78.0</mass-charge>
    </ei-ms-peak>
    <ei-ms-peak>
      <ei-ms-id>394</ei-ms-id>
      <id>44147</id>
      <intensity>480.0</intensity>
      <mass-charge>79.0</mass-charge>
    </ei-ms-peak>
    <ei-ms-peak>
      <ei-ms-id>394</ei-ms-id>
      <id>44148</id>
      <intensity>90.0</intensity>
      <mass-charge>80.0</mass-charge>
    </ei-ms-peak>
    <ei-ms-peak>
      <ei-ms-id>394</ei-ms-id>
      <id>44149</id>
      <intensity>20.0</intensity>
      <mass-charge>81.0</mass-charge>
    </ei-ms-peak>
    <ei-ms-peak>
      <ei-ms-id>394</ei-ms-id>
      <id>44150</id>
      <intensity>10.0</intensity>
      <mass-charge>82.0</mass-charge>
    </ei-ms-peak>
    <ei-ms-peak>
      <ei-ms-id>394</ei-ms-id>
      <id>44151</id>
      <intensity>30.0</intensity>
      <mass-charge>84.0</mass-charge>
    </ei-ms-peak>
    <ei-ms-peak>
      <ei-ms-id>394</ei-ms-id>
      <id>44152</id>
      <intensity>180.0</intensity>
      <mass-charge>85.0</mass-charge>
    </ei-ms-peak>
    <ei-ms-peak>
      <ei-ms-id>394</ei-ms-id>
      <id>44153</id>
      <intensity>440.0</intensity>
      <mass-charge>86.0</mass-charge>
    </ei-ms-peak>
    <ei-ms-peak>
      <ei-ms-id>394</ei-ms-id>
      <id>44154</id>
      <intensity>760.0</intensity>
      <mass-charge>87.0</mass-charge>
    </ei-ms-peak>
    <ei-ms-peak>
      <ei-ms-id>394</ei-ms-id>
      <id>44155</id>
      <intensity>610.0</intensity>
      <mass-charge>88.0</mass-charge>
    </ei-ms-peak>
    <ei-ms-peak>
      <ei-ms-id>394</ei-ms-id>
      <id>44156</id>
      <intensity>2560.0</intensity>
      <mass-charge>89.0</mass-charge>
    </ei-ms-peak>
    <ei-ms-peak>
      <ei-ms-id>394</ei-ms-id>
      <id>44157</id>
      <intensity>270.0</intensity>
      <mass-charge>90.0</mass-charge>
    </ei-ms-peak>
    <ei-ms-peak>
      <ei-ms-id>394</ei-ms-id>
      <id>44158</id>
      <intensity>70.0</intensity>
      <mass-charge>91.0</mass-charge>
    </ei-ms-peak>
    <ei-ms-peak>
      <ei-ms-id>394</ei-ms-id>
      <id>44159</id>
      <intensity>30.0</intensity>
      <mass-charge>92.0</mass-charge>
    </ei-ms-peak>
    <ei-ms-peak>
      <ei-ms-id>394</ei-ms-id>
      <id>44160</id>
      <intensity>110.0</intensity>
      <mass-charge>93.0</mass-charge>
    </ei-ms-peak>
    <ei-ms-peak>
      <ei-ms-id>394</ei-ms-id>
      <id>44161</id>
      <intensity>130.0</intensity>
      <mass-charge>94.0</mass-charge>
    </ei-ms-peak>
    <ei-ms-peak>
      <ei-ms-id>394</ei-ms-id>
      <id>44162</id>
      <intensity>90.0</intensity>
      <mass-charge>95.0</mass-charge>
    </ei-ms-peak>
    <ei-ms-peak>
      <ei-ms-id>394</ei-ms-id>
      <id>44163</id>
      <intensity>10.0</intensity>
      <mass-charge>96.0</mass-charge>
    </ei-ms-peak>
    <ei-ms-peak>
      <ei-ms-id>394</ei-ms-id>
      <id>44164</id>
      <intensity>40.0</intensity>
      <mass-charge>97.0</mass-charge>
    </ei-ms-peak>
    <ei-ms-peak>
      <ei-ms-id>394</ei-ms-id>
      <id>44165</id>
      <intensity>350.0</intensity>
      <mass-charge>98.0</mass-charge>
    </ei-ms-peak>
    <ei-ms-peak>
      <ei-ms-id>394</ei-ms-id>
      <id>44166</id>
      <intensity>190.0</intensity>
      <mass-charge>99.0</mass-charge>
    </ei-ms-peak>
    <ei-ms-peak>
      <ei-ms-id>394</ei-ms-id>
      <id>44167</id>
      <intensity>240.0</intensity>
      <mass-charge>100.0</mass-charge>
    </ei-ms-peak>
    <ei-ms-peak>
      <ei-ms-id>394</ei-ms-id>
      <id>44168</id>
      <intensity>390.0</intensity>
      <mass-charge>101.0</mass-charge>
    </ei-ms-peak>
    <ei-ms-peak>
      <ei-ms-id>394</ei-ms-id>
      <id>44169</id>
      <intensity>360.0</intensity>
      <mass-charge>102.0</mass-charge>
    </ei-ms-peak>
    <ei-ms-peak>
      <ei-ms-id>394</ei-ms-id>
      <id>44170</id>
      <intensity>230.0</intensity>
      <mass-charge>103.0</mass-charge>
    </ei-ms-peak>
    <ei-ms-peak>
      <ei-ms-id>394</ei-ms-id>
      <id>44171</id>
      <intensity>130.0</intensity>
      <mass-charge>104.0</mass-charge>
    </ei-ms-peak>
    <ei-ms-peak>
      <ei-ms-id>394</ei-ms-id>
      <id>44172</id>
      <intensity>30.0</intensity>
      <mass-charge>105.0</mass-charge>
    </ei-ms-peak>
    <ei-ms-peak>
      <ei-ms-id>394</ei-ms-id>
      <id>44173</id>
      <intensity>20.0</intensity>
      <mass-charge>106.0</mass-charge>
    </ei-ms-peak>
    <ei-ms-peak>
      <ei-ms-id>394</ei-ms-id>
      <id>44174</id>
      <intensity>80.0</intensity>
      <mass-charge>107.0</mass-charge>
    </ei-ms-peak>
    <ei-ms-peak>
      <ei-ms-id>394</ei-ms-id>
      <id>44175</id>
      <intensity>410.0</intensity>
      <mass-charge>108.0</mass-charge>
    </ei-ms-peak>
    <ei-ms-peak>
      <ei-ms-id>394</ei-ms-id>
      <id>44176</id>
      <intensity>20.0</intensity>
      <mass-charge>110.0</mass-charge>
    </ei-ms-peak>
    <ei-ms-peak>
      <ei-ms-id>394</ei-ms-id>
      <id>44177</id>
      <intensity>10.0</intensity>
      <mass-charge>111.0</mass-charge>
    </ei-ms-peak>
    <ei-ms-peak>
      <ei-ms-id>394</ei-ms-id>
      <id>44178</id>
      <intensity>20.0</intensity>
      <mass-charge>113.0</mass-charge>
    </ei-ms-peak>
    <ei-ms-peak>
      <ei-ms-id>394</ei-ms-id>
      <id>44179</id>
      <intensity>10.0</intensity>
      <mass-charge>114.0</mass-charge>
    </ei-ms-peak>
    <ei-ms-peak>
      <ei-ms-id>394</ei-ms-id>
      <id>44180</id>
      <intensity>60.0</intensity>
      <mass-charge>115.0</mass-charge>
    </ei-ms-peak>
    <ei-ms-peak>
      <ei-ms-id>394</ei-ms-id>
      <id>44181</id>
      <intensity>360.0</intensity>
      <mass-charge>116.0</mass-charge>
    </ei-ms-peak>
    <ei-ms-peak>
      <ei-ms-id>394</ei-ms-id>
      <id>44182</id>
      <intensity>400.0</intensity>
      <mass-charge>117.0</mass-charge>
    </ei-ms-peak>
    <ei-ms-peak>
      <ei-ms-id>394</ei-ms-id>
      <id>44183</id>
      <intensity>210.0</intensity>
      <mass-charge>118.0</mass-charge>
    </ei-ms-peak>
    <ei-ms-peak>
      <ei-ms-id>394</ei-ms-id>
      <id>44184</id>
      <intensity>130.0</intensity>
      <mass-charge>119.0</mass-charge>
    </ei-ms-peak>
    <ei-ms-peak>
      <ei-ms-id>394</ei-ms-id>
      <id>44185</id>
      <intensity>10.0</intensity>
      <mass-charge>120.0</mass-charge>
    </ei-ms-peak>
    <ei-ms-peak>
      <ei-ms-id>394</ei-ms-id>
      <id>44186</id>
      <intensity>20.0</intensity>
      <mass-charge>121.0</mass-charge>
    </ei-ms-peak>
    <ei-ms-peak>
      <ei-ms-id>394</ei-ms-id>
      <id>44187</id>
      <intensity>10.0</intensity>
      <mass-charge>122.0</mass-charge>
    </ei-ms-peak>
    <ei-ms-peak>
      <ei-ms-id>394</ei-ms-id>
      <id>44188</id>
      <intensity>10.0</intensity>
      <mass-charge>123.0</mass-charge>
    </ei-ms-peak>
    <ei-ms-peak>
      <ei-ms-id>394</ei-ms-id>
      <id>44189</id>
      <intensity>20.0</intensity>
      <mass-charge>127.0</mass-charge>
    </ei-ms-peak>
    <ei-ms-peak>
      <ei-ms-id>394</ei-ms-id>
      <id>44190</id>
      <intensity>40.0</intensity>
      <mass-charge>128.0</mass-charge>
    </ei-ms-peak>
    <ei-ms-peak>
      <ei-ms-id>394</ei-ms-id>
      <id>44191</id>
      <intensity>340.0</intensity>
      <mass-charge>129.0</mass-charge>
    </ei-ms-peak>
    <ei-ms-peak>
      <ei-ms-id>394</ei-ms-id>
      <id>44192</id>
      <intensity>130.0</intensity>
      <mass-charge>130.0</mass-charge>
    </ei-ms-peak>
    <ei-ms-peak>
      <ei-ms-id>394</ei-ms-id>
      <id>44193</id>
      <intensity>630.0</intensity>
      <mass-charge>131.0</mass-charge>
    </ei-ms-peak>
    <ei-ms-peak>
      <ei-ms-id>394</ei-ms-id>
      <id>44194</id>
      <intensity>160.0</intensity>
      <mass-charge>132.0</mass-charge>
    </ei-ms-peak>
    <ei-ms-peak>
      <ei-ms-id>394</ei-ms-id>
      <id>44195</id>
      <intensity>20.0</intensity>
      <mass-charge>133.0</mass-charge>
    </ei-ms-peak>
    <ei-ms-peak>
      <ei-ms-id>394</ei-ms-id>
      <id>44196</id>
      <intensity>10.0</intensity>
      <mass-charge>134.0</mass-charge>
    </ei-ms-peak>
    <ei-ms-peak>
      <ei-ms-id>394</ei-ms-id>
      <id>44197</id>
      <intensity>150.0</intensity>
      <mass-charge>135.0</mass-charge>
    </ei-ms-peak>
    <ei-ms-peak>
      <ei-ms-id>394</ei-ms-id>
      <id>44198</id>
      <intensity>20.0</intensity>
      <mass-charge>136.0</mass-charge>
    </ei-ms-peak>
    <ei-ms-peak>
      <ei-ms-id>394</ei-ms-id>
      <id>44199</id>
      <intensity>10.0</intensity>
      <mass-charge>141.0</mass-charge>
    </ei-ms-peak>
    <ei-ms-peak>
      <ei-ms-id>394</ei-ms-id>
      <id>44200</id>
      <intensity>10.0</intensity>
      <mass-charge>142.0</mass-charge>
    </ei-ms-peak>
    <ei-ms-peak>
      <ei-ms-id>394</ei-ms-id>
      <id>44201</id>
      <intensity>40.0</intensity>
      <mass-charge>143.0</mass-charge>
    </ei-ms-peak>
    <ei-ms-peak>
      <ei-ms-id>394</ei-ms-id>
      <id>44202</id>
      <intensity>310.0</intensity>
      <mass-charge>144.0</mass-charge>
    </ei-ms-peak>
    <ei-ms-peak>
      <ei-ms-id>394</ei-ms-id>
      <id>44203</id>
      <intensity>4780.0</intensity>
      <mass-charge>145.0</mass-charge>
    </ei-ms-peak>
    <ei-ms-peak>
      <ei-ms-id>394</ei-ms-id>
      <id>44204</id>
      <intensity>630.0</intensity>
      <mass-charge>146.0</mass-charge>
    </ei-ms-peak>
    <ei-ms-peak>
      <ei-ms-id>394</ei-ms-id>
      <id>44205</id>
      <intensity>120.0</intensity>
      <mass-charge>147.0</mass-charge>
    </ei-ms-peak>
    <ei-ms-peak>
      <ei-ms-id>394</ei-ms-id>
      <id>44206</id>
      <intensity>10.0</intensity>
      <mass-charge>148.0</mass-charge>
    </ei-ms-peak>
    <ei-ms-peak>
      <ei-ms-id>394</ei-ms-id>
      <id>44207</id>
      <intensity>20.0</intensity>
      <mass-charge>156.0</mass-charge>
    </ei-ms-peak>
    <ei-ms-peak>
      <ei-ms-id>394</ei-ms-id>
      <id>44208</id>
      <intensity>240.0</intensity>
      <mass-charge>157.0</mass-charge>
    </ei-ms-peak>
    <ei-ms-peak>
      <ei-ms-id>394</ei-ms-id>
      <id>44209</id>
      <intensity>150.0</intensity>
      <mass-charge>158.0</mass-charge>
    </ei-ms-peak>
    <ei-ms-peak>
      <ei-ms-id>394</ei-ms-id>
      <id>44210</id>
      <intensity>280.0</intensity>
      <mass-charge>159.0</mass-charge>
    </ei-ms-peak>
    <ei-ms-peak>
      <ei-ms-id>394</ei-ms-id>
      <id>44211</id>
      <intensity>120.0</intensity>
      <mass-charge>160.0</mass-charge>
    </ei-ms-peak>
    <ei-ms-peak>
      <ei-ms-id>394</ei-ms-id>
      <id>44212</id>
      <intensity>20.0</intensity>
      <mass-charge>161.0</mass-charge>
    </ei-ms-peak>
    <ei-ms-peak>
      <ei-ms-id>394</ei-ms-id>
      <id>44213</id>
      <intensity>10.0</intensity>
      <mass-charge>170.0</mass-charge>
    </ei-ms-peak>
    <ei-ms-peak>
      <ei-ms-id>394</ei-ms-id>
      <id>44214</id>
      <intensity>80.0</intensity>
      <mass-charge>171.0</mass-charge>
    </ei-ms-peak>
    <ei-ms-peak>
      <ei-ms-id>394</ei-ms-id>
      <id>44215</id>
      <intensity>9849.0</intensity>
      <mass-charge>173.0</mass-charge>
    </ei-ms-peak>
    <ei-ms-peak>
      <ei-ms-id>394</ei-ms-id>
      <id>44216</id>
      <intensity>1300.0</intensity>
      <mass-charge>174.0</mass-charge>
    </ei-ms-peak>
    <ei-ms-peak>
      <ei-ms-id>394</ei-ms-id>
      <id>44217</id>
      <intensity>170.0</intensity>
      <mass-charge>175.0</mass-charge>
    </ei-ms-peak>
    <ei-ms-peak>
      <ei-ms-id>394</ei-ms-id>
      <id>44218</id>
      <intensity>10.0</intensity>
      <mass-charge>176.0</mass-charge>
    </ei-ms-peak>
    <ei-ms-peak>
      <ei-ms-id>394</ei-ms-id>
      <id>44219</id>
      <intensity>60.0</intensity>
      <mass-charge>185.0</mass-charge>
    </ei-ms-peak>
    <ei-ms-peak>
      <ei-ms-id>394</ei-ms-id>
      <id>44220</id>
      <intensity>20.0</intensity>
      <mass-charge>186.0</mass-charge>
    </ei-ms-peak>
    <ei-ms-peak>
      <ei-ms-id>394</ei-ms-id>
      <id>44221</id>
      <intensity>620.0</intensity>
      <mass-charge>187.0</mass-charge>
    </ei-ms-peak>
    <ei-ms-peak>
      <ei-ms-id>394</ei-ms-id>
      <id>44222</id>
      <intensity>1680.0</intensity>
      <mass-charge>188.0</mass-charge>
    </ei-ms-peak>
    <ei-ms-peak>
      <ei-ms-id>394</ei-ms-id>
      <id>44223</id>
      <intensity>210.0</intensity>
      <mass-charge>189.0</mass-charge>
    </ei-ms-peak>
    <ei-ms-peak>
      <ei-ms-id>394</ei-ms-id>
      <id>44224</id>
      <intensity>20.0</intensity>
      <mass-charge>190.0</mass-charge>
    </ei-ms-peak>
    <ei-ms-peak>
      <ei-ms-id>394</ei-ms-id>
      <id>44225</id>
      <intensity>3540.0</intensity>
      <mass-charge>201.0</mass-charge>
    </ei-ms-peak>
    <ei-ms-peak>
      <ei-ms-id>394</ei-ms-id>
      <id>44226</id>
      <intensity>430.0</intensity>
      <mass-charge>202.0</mass-charge>
    </ei-ms-peak>
    <ei-ms-peak>
      <ei-ms-id>394</ei-ms-id>
      <id>44227</id>
      <intensity>50.0</intensity>
      <mass-charge>203.0</mass-charge>
    </ei-ms-peak>
    <ei-ms-peak>
      <ei-ms-id>394</ei-ms-id>
      <id>44228</id>
      <intensity>9999.0</intensity>
      <mass-charge>216.0</mass-charge>
    </ei-ms-peak>
    <ei-ms-peak>
      <ei-ms-id>394</ei-ms-id>
      <id>44229</id>
      <intensity>1360.0</intensity>
      <mass-charge>217.0</mass-charge>
    </ei-ms-peak>
    <ei-ms-peak>
      <ei-ms-id>394</ei-ms-id>
      <id>44230</id>
      <intensity>170.0</intensity>
      <mass-charge>218.0</mass-charge>
    </ei-ms-peak>
    <ei-ms-peak>
      <ei-ms-id>394</ei-ms-id>
      <id>44231</id>
      <intensity>10.0</intensity>
      <mass-charge>219.0</mass-charge>
    </ei-ms-peak>
  </ei-ms-peaks>
</ei-ms>
