<?xml version="1.0" encoding="UTF-8"?>
<ei-ms>
  <collection-date nil="true"/>
  <created-at>2014-09-20T16:23:03Z</created-at>
  <database-id>HMDB60277</database-id>
  <id>230</id>
  <inchi-key>VYFYYTLLBUKUHU-UHFFFAOYSA-N</inchi-key>
  <instrument-type nil="true"/>
  <molecule-id nil="true"/>
  <notes nil="true"/>
  <peak-counter>86</peak-counter>
  <sample-assessment nil="true"/>
  <sample-concentration nil="true"/>
  <sample-concentration-units nil="true"/>
  <sample-mass nil="true"/>
  <sample-mass-units nil="true"/>
  <sample-source nil="true"/>
  <solvent nil="true"/>
  <spectra-assessment nil="true"/>
  <updated-at>2014-09-20T16:23:03Z</updated-at>
  <references>
    <reference>
      <database>NIST</database>
      <database-id>51-61-6</database-id>
      <id>15102</id>
      <pubmed-id nil="true"/>
      <ref-text>NIST Mass Spec Data Center, S.E. Stein, director, "Mass Spectra" in NIST Chemistry WebBook, NIST Standard Reference Database Number 69, Eds. P.J. Linstrom and W.G. Mallard, National Institute of Standards and Technology, Gaithersburg MD, 20899, http://webbook.nist.gov, (retrieved September 6, 2014).</ref-text>
      <spectra-id>230</spectra-id>
      <spectra-type>EiMs</spectra-type>
    </reference>
  </references>
  <ei-ms-peaks>
    <ei-ms-peak>
      <ei-ms-id>230</ei-ms-id>
      <id>26664</id>
      <intensity>20.0</intensity>
      <mass-charge>15.0</mass-charge>
    </ei-ms-peak>
    <ei-ms-peak>
      <ei-ms-id>230</ei-ms-id>
      <id>26665</id>
      <intensity>10.0</intensity>
      <mass-charge>18.0</mass-charge>
    </ei-ms-peak>
    <ei-ms-peak>
      <ei-ms-id>230</ei-ms-id>
      <id>26666</id>
      <intensity>40.0</intensity>
      <mass-charge>26.0</mass-charge>
    </ei-ms-peak>
    <ei-ms-peak>
      <ei-ms-id>230</ei-ms-id>
      <id>26667</id>
      <intensity>219.0</intensity>
      <mass-charge>27.0</mass-charge>
    </ei-ms-peak>
    <ei-ms-peak>
      <ei-ms-id>230</ei-ms-id>
      <id>26668</id>
      <intensity>339.0</intensity>
      <mass-charge>28.0</mass-charge>
    </ei-ms-peak>
    <ei-ms-peak>
      <ei-ms-id>230</ei-ms-id>
      <id>26669</id>
      <intensity>90.0</intensity>
      <mass-charge>29.0</mass-charge>
    </ei-ms-peak>
    <ei-ms-peak>
      <ei-ms-id>230</ei-ms-id>
      <id>26670</id>
      <intensity>8609.0</intensity>
      <mass-charge>30.0</mass-charge>
    </ei-ms-peak>
    <ei-ms-peak>
      <ei-ms-id>230</ei-ms-id>
      <id>26671</id>
      <intensity>179.0</intensity>
      <mass-charge>31.0</mass-charge>
    </ei-ms-peak>
    <ei-ms-peak>
      <ei-ms-id>230</ei-ms-id>
      <id>26672</id>
      <intensity>70.0</intensity>
      <mass-charge>38.0</mass-charge>
    </ei-ms-peak>
    <ei-ms-peak>
      <ei-ms-id>230</ei-ms-id>
      <id>26673</id>
      <intensity>519.0</intensity>
      <mass-charge>39.0</mass-charge>
    </ei-ms-peak>
    <ei-ms-peak>
      <ei-ms-id>230</ei-ms-id>
      <id>26674</id>
      <intensity>129.0</intensity>
      <mass-charge>40.0</mass-charge>
    </ei-ms-peak>
    <ei-ms-peak>
      <ei-ms-id>230</ei-ms-id>
      <id>26675</id>
      <intensity>159.0</intensity>
      <mass-charge>41.0</mass-charge>
    </ei-ms-peak>
    <ei-ms-peak>
      <ei-ms-id>230</ei-ms-id>
      <id>26676</id>
      <intensity>139.0</intensity>
      <mass-charge>42.0</mass-charge>
    </ei-ms-peak>
    <ei-ms-peak>
      <ei-ms-id>230</ei-ms-id>
      <id>26677</id>
      <intensity>129.0</intensity>
      <mass-charge>43.0</mass-charge>
    </ei-ms-peak>
    <ei-ms-peak>
      <ei-ms-id>230</ei-ms-id>
      <id>26678</id>
      <intensity>70.0</intensity>
      <mass-charge>44.0</mass-charge>
    </ei-ms-peak>
    <ei-ms-peak>
      <ei-ms-id>230</ei-ms-id>
      <id>26679</id>
      <intensity>10.0</intensity>
      <mass-charge>47.0</mass-charge>
    </ei-ms-peak>
    <ei-ms-peak>
      <ei-ms-id>230</ei-ms-id>
      <id>26680</id>
      <intensity>20.0</intensity>
      <mass-charge>49.0</mass-charge>
    </ei-ms-peak>
    <ei-ms-peak>
      <ei-ms-id>230</ei-ms-id>
      <id>26681</id>
      <intensity>239.0</intensity>
      <mass-charge>50.0</mass-charge>
    </ei-ms-peak>
    <ei-ms-peak>
      <ei-ms-id>230</ei-ms-id>
      <id>26682</id>
      <intensity>1319.0</intensity>
      <mass-charge>51.0</mass-charge>
    </ei-ms-peak>
    <ei-ms-peak>
      <ei-ms-id>230</ei-ms-id>
      <id>26683</id>
      <intensity>259.0</intensity>
      <mass-charge>52.0</mass-charge>
    </ei-ms-peak>
    <ei-ms-peak>
      <ei-ms-id>230</ei-ms-id>
      <id>26684</id>
      <intensity>349.0</intensity>
      <mass-charge>53.0</mass-charge>
    </ei-ms-peak>
    <ei-ms-peak>
      <ei-ms-id>230</ei-ms-id>
      <id>26685</id>
      <intensity>60.0</intensity>
      <mass-charge>54.0</mass-charge>
    </ei-ms-peak>
    <ei-ms-peak>
      <ei-ms-id>230</ei-ms-id>
      <id>26686</id>
      <intensity>229.0</intensity>
      <mass-charge>55.0</mass-charge>
    </ei-ms-peak>
    <ei-ms-peak>
      <ei-ms-id>230</ei-ms-id>
      <id>26687</id>
      <intensity>20.0</intensity>
      <mass-charge>56.0</mass-charge>
    </ei-ms-peak>
    <ei-ms-peak>
      <ei-ms-id>230</ei-ms-id>
      <id>26688</id>
      <intensity>10.0</intensity>
      <mass-charge>57.0</mass-charge>
    </ei-ms-peak>
    <ei-ms-peak>
      <ei-ms-id>230</ei-ms-id>
      <id>26689</id>
      <intensity>30.0</intensity>
      <mass-charge>61.0</mass-charge>
    </ei-ms-peak>
    <ei-ms-peak>
      <ei-ms-id>230</ei-ms-id>
      <id>26690</id>
      <intensity>99.0</intensity>
      <mass-charge>62.0</mass-charge>
    </ei-ms-peak>
    <ei-ms-peak>
      <ei-ms-id>230</ei-ms-id>
      <id>26691</id>
      <intensity>209.0</intensity>
      <mass-charge>63.0</mass-charge>
    </ei-ms-peak>
    <ei-ms-peak>
      <ei-ms-id>230</ei-ms-id>
      <id>26692</id>
      <intensity>90.0</intensity>
      <mass-charge>64.0</mass-charge>
    </ei-ms-peak>
    <ei-ms-peak>
      <ei-ms-id>230</ei-ms-id>
      <id>26693</id>
      <intensity>219.0</intensity>
      <mass-charge>65.0</mass-charge>
    </ei-ms-peak>
    <ei-ms-peak>
      <ei-ms-id>230</ei-ms-id>
      <id>26694</id>
      <intensity>179.0</intensity>
      <mass-charge>66.0</mass-charge>
    </ei-ms-peak>
    <ei-ms-peak>
      <ei-ms-id>230</ei-ms-id>
      <id>26695</id>
      <intensity>169.0</intensity>
      <mass-charge>67.0</mass-charge>
    </ei-ms-peak>
    <ei-ms-peak>
      <ei-ms-id>230</ei-ms-id>
      <id>26696</id>
      <intensity>40.0</intensity>
      <mass-charge>68.0</mass-charge>
    </ei-ms-peak>
    <ei-ms-peak>
      <ei-ms-id>230</ei-ms-id>
      <id>26697</id>
      <intensity>30.0</intensity>
      <mass-charge>69.0</mass-charge>
    </ei-ms-peak>
    <ei-ms-peak>
      <ei-ms-id>230</ei-ms-id>
      <id>26698</id>
      <intensity>10.0</intensity>
      <mass-charge>70.0</mass-charge>
    </ei-ms-peak>
    <ei-ms-peak>
      <ei-ms-id>230</ei-ms-id>
      <id>26699</id>
      <intensity>10.0</intensity>
      <mass-charge>71.0</mass-charge>
    </ei-ms-peak>
    <ei-ms-peak>
      <ei-ms-id>230</ei-ms-id>
      <id>26700</id>
      <intensity>50.0</intensity>
      <mass-charge>74.0</mass-charge>
    </ei-ms-peak>
    <ei-ms-peak>
      <ei-ms-id>230</ei-ms-id>
      <id>26701</id>
      <intensity>60.0</intensity>
      <mass-charge>75.0</mass-charge>
    </ei-ms-peak>
    <ei-ms-peak>
      <ei-ms-id>230</ei-ms-id>
      <id>26702</id>
      <intensity>99.0</intensity>
      <mass-charge>76.0</mass-charge>
    </ei-ms-peak>
    <ei-ms-peak>
      <ei-ms-id>230</ei-ms-id>
      <id>26703</id>
      <intensity>1639.0</intensity>
      <mass-charge>77.0</mass-charge>
    </ei-ms-peak>
    <ei-ms-peak>
      <ei-ms-id>230</ei-ms-id>
      <id>26704</id>
      <intensity>729.0</intensity>
      <mass-charge>78.0</mass-charge>
    </ei-ms-peak>
    <ei-ms-peak>
      <ei-ms-id>230</ei-ms-id>
      <id>26705</id>
      <intensity>159.0</intensity>
      <mass-charge>79.0</mass-charge>
    </ei-ms-peak>
    <ei-ms-peak>
      <ei-ms-id>230</ei-ms-id>
      <id>26706</id>
      <intensity>50.0</intensity>
      <mass-charge>80.0</mass-charge>
    </ei-ms-peak>
    <ei-ms-peak>
      <ei-ms-id>230</ei-ms-id>
      <id>26707</id>
      <intensity>70.0</intensity>
      <mass-charge>81.0</mass-charge>
    </ei-ms-peak>
    <ei-ms-peak>
      <ei-ms-id>230</ei-ms-id>
      <id>26708</id>
      <intensity>20.0</intensity>
      <mass-charge>82.0</mass-charge>
    </ei-ms-peak>
    <ei-ms-peak>
      <ei-ms-id>230</ei-ms-id>
      <id>26709</id>
      <intensity>10.0</intensity>
      <mass-charge>88.0</mass-charge>
    </ei-ms-peak>
    <ei-ms-peak>
      <ei-ms-id>230</ei-ms-id>
      <id>26710</id>
      <intensity>99.0</intensity>
      <mass-charge>89.0</mass-charge>
    </ei-ms-peak>
    <ei-ms-peak>
      <ei-ms-id>230</ei-ms-id>
      <id>26711</id>
      <intensity>40.0</intensity>
      <mass-charge>90.0</mass-charge>
    </ei-ms-peak>
    <ei-ms-peak>
      <ei-ms-id>230</ei-ms-id>
      <id>26712</id>
      <intensity>50.0</intensity>
      <mass-charge>91.0</mass-charge>
    </ei-ms-peak>
    <ei-ms-peak>
      <ei-ms-id>230</ei-ms-id>
      <id>26713</id>
      <intensity>30.0</intensity>
      <mass-charge>92.0</mass-charge>
    </ei-ms-peak>
    <ei-ms-peak>
      <ei-ms-id>230</ei-ms-id>
      <id>26714</id>
      <intensity>30.0</intensity>
      <mass-charge>93.0</mass-charge>
    </ei-ms-peak>
    <ei-ms-peak>
      <ei-ms-id>230</ei-ms-id>
      <id>26715</id>
      <intensity>119.0</intensity>
      <mass-charge>94.0</mass-charge>
    </ei-ms-peak>
    <ei-ms-peak>
      <ei-ms-id>230</ei-ms-id>
      <id>26716</id>
      <intensity>99.0</intensity>
      <mass-charge>95.0</mass-charge>
    </ei-ms-peak>
    <ei-ms-peak>
      <ei-ms-id>230</ei-ms-id>
      <id>26717</id>
      <intensity>40.0</intensity>
      <mass-charge>96.0</mass-charge>
    </ei-ms-peak>
    <ei-ms-peak>
      <ei-ms-id>230</ei-ms-id>
      <id>26718</id>
      <intensity>10.0</intensity>
      <mass-charge>97.0</mass-charge>
    </ei-ms-peak>
    <ei-ms-peak>
      <ei-ms-id>230</ei-ms-id>
      <id>26719</id>
      <intensity>10.0</intensity>
      <mass-charge>103.0</mass-charge>
    </ei-ms-peak>
    <ei-ms-peak>
      <ei-ms-id>230</ei-ms-id>
      <id>26720</id>
      <intensity>50.0</intensity>
      <mass-charge>104.0</mass-charge>
    </ei-ms-peak>
    <ei-ms-peak>
      <ei-ms-id>230</ei-ms-id>
      <id>26721</id>
      <intensity>349.0</intensity>
      <mass-charge>105.0</mass-charge>
    </ei-ms-peak>
    <ei-ms-peak>
      <ei-ms-id>230</ei-ms-id>
      <id>26722</id>
      <intensity>339.0</intensity>
      <mass-charge>106.0</mass-charge>
    </ei-ms-peak>
    <ei-ms-peak>
      <ei-ms-id>230</ei-ms-id>
      <id>26723</id>
      <intensity>289.0</intensity>
      <mass-charge>107.0</mass-charge>
    </ei-ms-peak>
    <ei-ms-peak>
      <ei-ms-id>230</ei-ms-id>
      <id>26724</id>
      <intensity>40.0</intensity>
      <mass-charge>108.0</mass-charge>
    </ei-ms-peak>
    <ei-ms-peak>
      <ei-ms-id>230</ei-ms-id>
      <id>26725</id>
      <intensity>40.0</intensity>
      <mass-charge>109.0</mass-charge>
    </ei-ms-peak>
    <ei-ms-peak>
      <ei-ms-id>230</ei-ms-id>
      <id>26726</id>
      <intensity>70.0</intensity>
      <mass-charge>110.0</mass-charge>
    </ei-ms-peak>
    <ei-ms-peak>
      <ei-ms-id>230</ei-ms-id>
      <id>26727</id>
      <intensity>10.0</intensity>
      <mass-charge>116.0</mass-charge>
    </ei-ms-peak>
    <ei-ms-peak>
      <ei-ms-id>230</ei-ms-id>
      <id>26728</id>
      <intensity>20.0</intensity>
      <mass-charge>117.0</mass-charge>
    </ei-ms-peak>
    <ei-ms-peak>
      <ei-ms-id>230</ei-ms-id>
      <id>26729</id>
      <intensity>10.0</intensity>
      <mass-charge>119.0</mass-charge>
    </ei-ms-peak>
    <ei-ms-peak>
      <ei-ms-id>230</ei-ms-id>
      <id>26730</id>
      <intensity>10.0</intensity>
      <mass-charge>120.0</mass-charge>
    </ei-ms-peak>
    <ei-ms-peak>
      <ei-ms-id>230</ei-ms-id>
      <id>26731</id>
      <intensity>20.0</intensity>
      <mass-charge>121.0</mass-charge>
    </ei-ms-peak>
    <ei-ms-peak>
      <ei-ms-id>230</ei-ms-id>
      <id>26732</id>
      <intensity>50.0</intensity>
      <mass-charge>122.0</mass-charge>
    </ei-ms-peak>
    <ei-ms-peak>
      <ei-ms-id>230</ei-ms-id>
      <id>26733</id>
      <intensity>3819.0</intensity>
      <mass-charge>123.0</mass-charge>
    </ei-ms-peak>
    <ei-ms-peak>
      <ei-ms-id>230</ei-ms-id>
      <id>26734</id>
      <intensity>9999.0</intensity>
      <mass-charge>124.0</mass-charge>
    </ei-ms-peak>
    <ei-ms-peak>
      <ei-ms-id>230</ei-ms-id>
      <id>26735</id>
      <intensity>769.0</intensity>
      <mass-charge>125.0</mass-charge>
    </ei-ms-peak>
    <ei-ms-peak>
      <ei-ms-id>230</ei-ms-id>
      <id>26736</id>
      <intensity>70.0</intensity>
      <mass-charge>126.0</mass-charge>
    </ei-ms-peak>
    <ei-ms-peak>
      <ei-ms-id>230</ei-ms-id>
      <id>26737</id>
      <intensity>20.0</intensity>
      <mass-charge>132.0</mass-charge>
    </ei-ms-peak>
    <ei-ms-peak>
      <ei-ms-id>230</ei-ms-id>
      <id>26738</id>
      <intensity>10.0</intensity>
      <mass-charge>133.0</mass-charge>
    </ei-ms-peak>
    <ei-ms-peak>
      <ei-ms-id>230</ei-ms-id>
      <id>26739</id>
      <intensity>50.0</intensity>
      <mass-charge>134.0</mass-charge>
    </ei-ms-peak>
    <ei-ms-peak>
      <ei-ms-id>230</ei-ms-id>
      <id>26740</id>
      <intensity>80.0</intensity>
      <mass-charge>135.0</mass-charge>
    </ei-ms-peak>
    <ei-ms-peak>
      <ei-ms-id>230</ei-ms-id>
      <id>26741</id>
      <intensity>139.0</intensity>
      <mass-charge>136.0</mass-charge>
    </ei-ms-peak>
    <ei-ms-peak>
      <ei-ms-id>230</ei-ms-id>
      <id>26742</id>
      <intensity>20.0</intensity>
      <mass-charge>137.0</mass-charge>
    </ei-ms-peak>
    <ei-ms-peak>
      <ei-ms-id>230</ei-ms-id>
      <id>26743</id>
      <intensity>20.0</intensity>
      <mass-charge>149.0</mass-charge>
    </ei-ms-peak>
    <ei-ms-peak>
      <ei-ms-id>230</ei-ms-id>
      <id>26744</id>
      <intensity>20.0</intensity>
      <mass-charge>150.0</mass-charge>
    </ei-ms-peak>
    <ei-ms-peak>
      <ei-ms-id>230</ei-ms-id>
      <id>26745</id>
      <intensity>90.0</intensity>
      <mass-charge>151.0</mass-charge>
    </ei-ms-peak>
    <ei-ms-peak>
      <ei-ms-id>230</ei-ms-id>
      <id>26746</id>
      <intensity>50.0</intensity>
      <mass-charge>152.0</mass-charge>
    </ei-ms-peak>
    <ei-ms-peak>
      <ei-ms-id>230</ei-ms-id>
      <id>26747</id>
      <intensity>2169.0</intensity>
      <mass-charge>153.0</mass-charge>
    </ei-ms-peak>
    <ei-ms-peak>
      <ei-ms-id>230</ei-ms-id>
      <id>26748</id>
      <intensity>199.0</intensity>
      <mass-charge>154.0</mass-charge>
    </ei-ms-peak>
    <ei-ms-peak>
      <ei-ms-id>230</ei-ms-id>
      <id>26749</id>
      <intensity>20.0</intensity>
      <mass-charge>155.0</mass-charge>
    </ei-ms-peak>
  </ei-ms-peaks>
</ei-ms>
