<?xml version="1.0" encoding="UTF-8"?>
<ei-ms>
  <collection-date nil="true"/>
  <created-at>2014-09-20T16:36:13Z</created-at>
  <database-id>HMDB31805</database-id>
  <id>773</id>
  <inchi-key>KRTSDMXIXPKRQR-AATRIKPKSA-N</inchi-key>
  <instrument-type nil="true"/>
  <molecule-id nil="true"/>
  <notes nil="true"/>
  <peak-counter>107</peak-counter>
  <sample-assessment nil="true"/>
  <sample-concentration nil="true"/>
  <sample-concentration-units nil="true"/>
  <sample-mass nil="true"/>
  <sample-mass-units nil="true"/>
  <sample-source nil="true"/>
  <solvent nil="true"/>
  <spectra-assessment nil="true"/>
  <updated-at>2014-09-20T16:36:13Z</updated-at>
  <references>
    <reference>
      <database>NIST</database>
      <database-id>6923-22-4</database-id>
      <id>15645</id>
      <pubmed-id nil="true"/>
      <ref-text>NIST Mass Spec Data Center, S.E. Stein, director, "Mass Spectra" in NIST Chemistry WebBook, NIST Standard Reference Database Number 69, Eds. P.J. Linstrom and W.G. Mallard, National Institute of Standards and Technology, Gaithersburg MD, 20899, http://webbook.nist.gov, (retrieved September 6, 2014).</ref-text>
      <spectra-id>773</spectra-id>
      <spectra-type>EiMs</spectra-type>
    </reference>
  </references>
  <ei-ms-peaks>
    <ei-ms-peak>
      <ei-ms-id>773</ei-ms-id>
      <id>85417</id>
      <intensity>28.0</intensity>
      <mass-charge>14.0</mass-charge>
    </ei-ms-peak>
    <ei-ms-peak>
      <ei-ms-id>773</ei-ms-id>
      <id>85418</id>
      <intensity>993.0</intensity>
      <mass-charge>15.0</mass-charge>
    </ei-ms-peak>
    <ei-ms-peak>
      <ei-ms-id>773</ei-ms-id>
      <id>85419</id>
      <intensity>8.0</intensity>
      <mass-charge>16.0</mass-charge>
    </ei-ms-peak>
    <ei-ms-peak>
      <ei-ms-id>773</ei-ms-id>
      <id>85420</id>
      <intensity>5.0</intensity>
      <mass-charge>25.0</mass-charge>
    </ei-ms-peak>
    <ei-ms-peak>
      <ei-ms-id>773</ei-ms-id>
      <id>85421</id>
      <intensity>34.0</intensity>
      <mass-charge>26.0</mass-charge>
    </ei-ms-peak>
    <ei-ms-peak>
      <ei-ms-id>773</ei-ms-id>
      <id>85422</id>
      <intensity>212.0</intensity>
      <mass-charge>27.0</mass-charge>
    </ei-ms-peak>
    <ei-ms-peak>
      <ei-ms-id>773</ei-ms-id>
      <id>85423</id>
      <intensity>366.0</intensity>
      <mass-charge>28.0</mass-charge>
    </ei-ms-peak>
    <ei-ms-peak>
      <ei-ms-id>773</ei-ms-id>
      <id>85424</id>
      <intensity>219.0</intensity>
      <mass-charge>29.0</mass-charge>
    </ei-ms-peak>
    <ei-ms-peak>
      <ei-ms-id>773</ei-ms-id>
      <id>85425</id>
      <intensity>322.0</intensity>
      <mass-charge>30.0</mass-charge>
    </ei-ms-peak>
    <ei-ms-peak>
      <ei-ms-id>773</ei-ms-id>
      <id>85426</id>
      <intensity>255.0</intensity>
      <mass-charge>31.0</mass-charge>
    </ei-ms-peak>
    <ei-ms-peak>
      <ei-ms-id>773</ei-ms-id>
      <id>85427</id>
      <intensity>27.0</intensity>
      <mass-charge>32.0</mass-charge>
    </ei-ms-peak>
    <ei-ms-peak>
      <ei-ms-id>773</ei-ms-id>
      <id>85428</id>
      <intensity>85.0</intensity>
      <mass-charge>33.0</mass-charge>
    </ei-ms-peak>
    <ei-ms-peak>
      <ei-ms-id>773</ei-ms-id>
      <id>85429</id>
      <intensity>28.0</intensity>
      <mass-charge>37.0</mass-charge>
    </ei-ms-peak>
    <ei-ms-peak>
      <ei-ms-id>773</ei-ms-id>
      <id>85430</id>
      <intensity>117.0</intensity>
      <mass-charge>38.0</mass-charge>
    </ei-ms-peak>
    <ei-ms-peak>
      <ei-ms-id>773</ei-ms-id>
      <id>85431</id>
      <intensity>627.0</intensity>
      <mass-charge>39.0</mass-charge>
    </ei-ms-peak>
    <ei-ms-peak>
      <ei-ms-id>773</ei-ms-id>
      <id>85432</id>
      <intensity>145.0</intensity>
      <mass-charge>40.0</mass-charge>
    </ei-ms-peak>
    <ei-ms-peak>
      <ei-ms-id>773</ei-ms-id>
      <id>85433</id>
      <intensity>141.0</intensity>
      <mass-charge>41.0</mass-charge>
    </ei-ms-peak>
    <ei-ms-peak>
      <ei-ms-id>773</ei-ms-id>
      <id>85434</id>
      <intensity>262.0</intensity>
      <mass-charge>42.0</mass-charge>
    </ei-ms-peak>
    <ei-ms-peak>
      <ei-ms-id>773</ei-ms-id>
      <id>85435</id>
      <intensity>764.0</intensity>
      <mass-charge>43.0</mass-charge>
    </ei-ms-peak>
    <ei-ms-peak>
      <ei-ms-id>773</ei-ms-id>
      <id>85436</id>
      <intensity>168.0</intensity>
      <mass-charge>44.0</mass-charge>
    </ei-ms-peak>
    <ei-ms-peak>
      <ei-ms-id>773</ei-ms-id>
      <id>85437</id>
      <intensity>36.0</intensity>
      <mass-charge>45.0</mass-charge>
    </ei-ms-peak>
    <ei-ms-peak>
      <ei-ms-id>773</ei-ms-id>
      <id>85438</id>
      <intensity>213.0</intensity>
      <mass-charge>47.0</mass-charge>
    </ei-ms-peak>
    <ei-ms-peak>
      <ei-ms-id>773</ei-ms-id>
      <id>85439</id>
      <intensity>27.0</intensity>
      <mass-charge>48.0</mass-charge>
    </ei-ms-peak>
    <ei-ms-peak>
      <ei-ms-id>773</ei-ms-id>
      <id>85440</id>
      <intensity>27.0</intensity>
      <mass-charge>49.0</mass-charge>
    </ei-ms-peak>
    <ei-ms-peak>
      <ei-ms-id>773</ei-ms-id>
      <id>85441</id>
      <intensity>16.0</intensity>
      <mass-charge>50.0</mass-charge>
    </ei-ms-peak>
    <ei-ms-peak>
      <ei-ms-id>773</ei-ms-id>
      <id>85442</id>
      <intensity>16.0</intensity>
      <mass-charge>51.0</mass-charge>
    </ei-ms-peak>
    <ei-ms-peak>
      <ei-ms-id>773</ei-ms-id>
      <id>85443</id>
      <intensity>32.0</intensity>
      <mass-charge>52.0</mass-charge>
    </ei-ms-peak>
    <ei-ms-peak>
      <ei-ms-id>773</ei-ms-id>
      <id>85444</id>
      <intensity>45.0</intensity>
      <mass-charge>53.0</mass-charge>
    </ei-ms-peak>
    <ei-ms-peak>
      <ei-ms-id>773</ei-ms-id>
      <id>85445</id>
      <intensity>113.0</intensity>
      <mass-charge>54.0</mass-charge>
    </ei-ms-peak>
    <ei-ms-peak>
      <ei-ms-id>773</ei-ms-id>
      <id>85446</id>
      <intensity>140.0</intensity>
      <mass-charge>55.0</mass-charge>
    </ei-ms-peak>
    <ei-ms-peak>
      <ei-ms-id>773</ei-ms-id>
      <id>85447</id>
      <intensity>98.0</intensity>
      <mass-charge>56.0</mass-charge>
    </ei-ms-peak>
    <ei-ms-peak>
      <ei-ms-id>773</ei-ms-id>
      <id>85448</id>
      <intensity>16.0</intensity>
      <mass-charge>57.0</mass-charge>
    </ei-ms-peak>
    <ei-ms-peak>
      <ei-ms-id>773</ei-ms-id>
      <id>85449</id>
      <intensity>1118.0</intensity>
      <mass-charge>58.0</mass-charge>
    </ei-ms-peak>
    <ei-ms-peak>
      <ei-ms-id>773</ei-ms-id>
      <id>85450</id>
      <intensity>41.0</intensity>
      <mass-charge>59.0</mass-charge>
    </ei-ms-peak>
    <ei-ms-peak>
      <ei-ms-id>773</ei-ms-id>
      <id>85451</id>
      <intensity>7.0</intensity>
      <mass-charge>60.0</mass-charge>
    </ei-ms-peak>
    <ei-ms-peak>
      <ei-ms-id>773</ei-ms-id>
      <id>85452</id>
      <intensity>10.0</intensity>
      <mass-charge>62.0</mass-charge>
    </ei-ms-peak>
    <ei-ms-peak>
      <ei-ms-id>773</ei-ms-id>
      <id>85453</id>
      <intensity>41.0</intensity>
      <mass-charge>63.0</mass-charge>
    </ei-ms-peak>
    <ei-ms-peak>
      <ei-ms-id>773</ei-ms-id>
      <id>85454</id>
      <intensity>20.0</intensity>
      <mass-charge>64.0</mass-charge>
    </ei-ms-peak>
    <ei-ms-peak>
      <ei-ms-id>773</ei-ms-id>
      <id>85455</id>
      <intensity>95.0</intensity>
      <mass-charge>65.0</mass-charge>
    </ei-ms-peak>
    <ei-ms-peak>
      <ei-ms-id>773</ei-ms-id>
      <id>85456</id>
      <intensity>326.0</intensity>
      <mass-charge>66.0</mass-charge>
    </ei-ms-peak>
    <ei-ms-peak>
      <ei-ms-id>773</ei-ms-id>
      <id>85457</id>
      <intensity>2251.0</intensity>
      <mass-charge>67.0</mass-charge>
    </ei-ms-peak>
    <ei-ms-peak>
      <ei-ms-id>773</ei-ms-id>
      <id>85458</id>
      <intensity>264.0</intensity>
      <mass-charge>68.0</mass-charge>
    </ei-ms-peak>
    <ei-ms-peak>
      <ei-ms-id>773</ei-ms-id>
      <id>85459</id>
      <intensity>392.0</intensity>
      <mass-charge>69.0</mass-charge>
    </ei-ms-peak>
    <ei-ms-peak>
      <ei-ms-id>773</ei-ms-id>
      <id>85460</id>
      <intensity>40.0</intensity>
      <mass-charge>70.0</mass-charge>
    </ei-ms-peak>
    <ei-ms-peak>
      <ei-ms-id>773</ei-ms-id>
      <id>85461</id>
      <intensity>20.0</intensity>
      <mass-charge>71.0</mass-charge>
    </ei-ms-peak>
    <ei-ms-peak>
      <ei-ms-id>773</ei-ms-id>
      <id>85462</id>
      <intensity>6.0</intensity>
      <mass-charge>72.0</mass-charge>
    </ei-ms-peak>
    <ei-ms-peak>
      <ei-ms-id>773</ei-ms-id>
      <id>85463</id>
      <intensity>11.0</intensity>
      <mass-charge>73.0</mass-charge>
    </ei-ms-peak>
    <ei-ms-peak>
      <ei-ms-id>773</ei-ms-id>
      <id>85464</id>
      <intensity>22.0</intensity>
      <mass-charge>77.0</mass-charge>
    </ei-ms-peak>
    <ei-ms-peak>
      <ei-ms-id>773</ei-ms-id>
      <id>85465</id>
      <intensity>578.0</intensity>
      <mass-charge>79.0</mass-charge>
    </ei-ms-peak>
    <ei-ms-peak>
      <ei-ms-id>773</ei-ms-id>
      <id>85466</id>
      <intensity>66.0</intensity>
      <mass-charge>80.0</mass-charge>
    </ei-ms-peak>
    <ei-ms-peak>
      <ei-ms-id>773</ei-ms-id>
      <id>85467</id>
      <intensity>70.0</intensity>
      <mass-charge>81.0</mass-charge>
    </ei-ms-peak>
    <ei-ms-peak>
      <ei-ms-id>773</ei-ms-id>
      <id>85468</id>
      <intensity>169.0</intensity>
      <mass-charge>82.0</mass-charge>
    </ei-ms-peak>
    <ei-ms-peak>
      <ei-ms-id>773</ei-ms-id>
      <id>85469</id>
      <intensity>24.0</intensity>
      <mass-charge>83.0</mass-charge>
    </ei-ms-peak>
    <ei-ms-peak>
      <ei-ms-id>773</ei-ms-id>
      <id>85470</id>
      <intensity>43.0</intensity>
      <mass-charge>84.0</mass-charge>
    </ei-ms-peak>
    <ei-ms-peak>
      <ei-ms-id>773</ei-ms-id>
      <id>85471</id>
      <intensity>56.0</intensity>
      <mass-charge>85.0</mass-charge>
    </ei-ms-peak>
    <ei-ms-peak>
      <ei-ms-id>773</ei-ms-id>
      <id>85472</id>
      <intensity>28.0</intensity>
      <mass-charge>86.0</mass-charge>
    </ei-ms-peak>
    <ei-ms-peak>
      <ei-ms-id>773</ei-ms-id>
      <id>85473</id>
      <intensity>4.0</intensity>
      <mass-charge>87.0</mass-charge>
    </ei-ms-peak>
    <ei-ms-peak>
      <ei-ms-id>773</ei-ms-id>
      <id>85474</id>
      <intensity>6.0</intensity>
      <mass-charge>89.0</mass-charge>
    </ei-ms-peak>
    <ei-ms-peak>
      <ei-ms-id>773</ei-ms-id>
      <id>85475</id>
      <intensity>100.0</intensity>
      <mass-charge>93.0</mass-charge>
    </ei-ms-peak>
    <ei-ms-peak>
      <ei-ms-id>773</ei-ms-id>
      <id>85476</id>
      <intensity>323.0</intensity>
      <mass-charge>95.0</mass-charge>
    </ei-ms-peak>
    <ei-ms-peak>
      <ei-ms-id>773</ei-ms-id>
      <id>85477</id>
      <intensity>468.0</intensity>
      <mass-charge>96.0</mass-charge>
    </ei-ms-peak>
    <ei-ms-peak>
      <ei-ms-id>773</ei-ms-id>
      <id>85478</id>
      <intensity>2121.0</intensity>
      <mass-charge>97.0</mass-charge>
    </ei-ms-peak>
    <ei-ms-peak>
      <ei-ms-id>773</ei-ms-id>
      <id>85479</id>
      <intensity>181.0</intensity>
      <mass-charge>98.0</mass-charge>
    </ei-ms-peak>
    <ei-ms-peak>
      <ei-ms-id>773</ei-ms-id>
      <id>85480</id>
      <intensity>24.0</intensity>
      <mass-charge>99.0</mass-charge>
    </ei-ms-peak>
    <ei-ms-peak>
      <ei-ms-id>773</ei-ms-id>
      <id>85481</id>
      <intensity>8.0</intensity>
      <mass-charge>105.0</mass-charge>
    </ei-ms-peak>
    <ei-ms-peak>
      <ei-ms-id>773</ei-ms-id>
      <id>85482</id>
      <intensity>6.0</intensity>
      <mass-charge>106.0</mass-charge>
    </ei-ms-peak>
    <ei-ms-peak>
      <ei-ms-id>773</ei-ms-id>
      <id>85483</id>
      <intensity>1359.0</intensity>
      <mass-charge>109.0</mass-charge>
    </ei-ms-peak>
    <ei-ms-peak>
      <ei-ms-id>773</ei-ms-id>
      <id>85484</id>
      <intensity>71.0</intensity>
      <mass-charge>110.0</mass-charge>
    </ei-ms-peak>
    <ei-ms-peak>
      <ei-ms-id>773</ei-ms-id>
      <id>85485</id>
      <intensity>160.0</intensity>
      <mass-charge>111.0</mass-charge>
    </ei-ms-peak>
    <ei-ms-peak>
      <ei-ms-id>773</ei-ms-id>
      <id>85486</id>
      <intensity>55.0</intensity>
      <mass-charge>112.0</mass-charge>
    </ei-ms-peak>
    <ei-ms-peak>
      <ei-ms-id>773</ei-ms-id>
      <id>85487</id>
      <intensity>169.0</intensity>
      <mass-charge>113.0</mass-charge>
    </ei-ms-peak>
    <ei-ms-peak>
      <ei-ms-id>773</ei-ms-id>
      <id>85488</id>
      <intensity>10.0</intensity>
      <mass-charge>114.0</mass-charge>
    </ei-ms-peak>
    <ei-ms-peak>
      <ei-ms-id>773</ei-ms-id>
      <id>85489</id>
      <intensity>9.0</intensity>
      <mass-charge>115.0</mass-charge>
    </ei-ms-peak>
    <ei-ms-peak>
      <ei-ms-id>773</ei-ms-id>
      <id>85490</id>
      <intensity>7.0</intensity>
      <mass-charge>117.0</mass-charge>
    </ei-ms-peak>
    <ei-ms-peak>
      <ei-ms-id>773</ei-ms-id>
      <id>85491</id>
      <intensity>11.0</intensity>
      <mass-charge>118.0</mass-charge>
    </ei-ms-peak>
    <ei-ms-peak>
      <ei-ms-id>773</ei-ms-id>
      <id>85492</id>
      <intensity>19.0</intensity>
      <mass-charge>119.0</mass-charge>
    </ei-ms-peak>
    <ei-ms-peak>
      <ei-ms-id>773</ei-ms-id>
      <id>85493</id>
      <intensity>9.0</intensity>
      <mass-charge>120.0</mass-charge>
    </ei-ms-peak>
    <ei-ms-peak>
      <ei-ms-id>773</ei-ms-id>
      <id>85494</id>
      <intensity>5.0</intensity>
      <mass-charge>121.0</mass-charge>
    </ei-ms-peak>
    <ei-ms-peak>
      <ei-ms-id>773</ei-ms-id>
      <id>85495</id>
      <intensity>5.0</intensity>
      <mass-charge>123.0</mass-charge>
    </ei-ms-peak>
    <ei-ms-peak>
      <ei-ms-id>773</ei-ms-id>
      <id>85496</id>
      <intensity>9999.0</intensity>
      <mass-charge>127.0</mass-charge>
    </ei-ms-peak>
    <ei-ms-peak>
      <ei-ms-id>773</ei-ms-id>
      <id>85497</id>
      <intensity>244.0</intensity>
      <mass-charge>128.0</mass-charge>
    </ei-ms-peak>
    <ei-ms-peak>
      <ei-ms-id>773</ei-ms-id>
      <id>85498</id>
      <intensity>92.0</intensity>
      <mass-charge>129.0</mass-charge>
    </ei-ms-peak>
    <ei-ms-peak>
      <ei-ms-id>773</ei-ms-id>
      <id>85499</id>
      <intensity>4.0</intensity>
      <mass-charge>134.0</mass-charge>
    </ei-ms-peak>
    <ei-ms-peak>
      <ei-ms-id>773</ei-ms-id>
      <id>85500</id>
      <intensity>11.0</intensity>
      <mass-charge>135.0</mass-charge>
    </ei-ms-peak>
    <ei-ms-peak>
      <ei-ms-id>773</ei-ms-id>
      <id>85501</id>
      <intensity>8.0</intensity>
      <mass-charge>147.0</mass-charge>
    </ei-ms-peak>
    <ei-ms-peak>
      <ei-ms-id>773</ei-ms-id>
      <id>85502</id>
      <intensity>11.0</intensity>
      <mass-charge>149.0</mass-charge>
    </ei-ms-peak>
    <ei-ms-peak>
      <ei-ms-id>773</ei-ms-id>
      <id>85503</id>
      <intensity>11.0</intensity>
      <mass-charge>150.0</mass-charge>
    </ei-ms-peak>
    <ei-ms-peak>
      <ei-ms-id>773</ei-ms-id>
      <id>85504</id>
      <intensity>15.0</intensity>
      <mass-charge>151.0</mass-charge>
    </ei-ms-peak>
    <ei-ms-peak>
      <ei-ms-id>773</ei-ms-id>
      <id>85505</id>
      <intensity>21.0</intensity>
      <mass-charge>160.0</mass-charge>
    </ei-ms-peak>
    <ei-ms-peak>
      <ei-ms-id>773</ei-ms-id>
      <id>85506</id>
      <intensity>10.0</intensity>
      <mass-charge>162.0</mass-charge>
    </ei-ms-peak>
    <ei-ms-peak>
      <ei-ms-id>773</ei-ms-id>
      <id>85507</id>
      <intensity>521.0</intensity>
      <mass-charge>164.0</mass-charge>
    </ei-ms-peak>
    <ei-ms-peak>
      <ei-ms-id>773</ei-ms-id>
      <id>85508</id>
      <intensity>79.0</intensity>
      <mass-charge>165.0</mass-charge>
    </ei-ms-peak>
    <ei-ms-peak>
      <ei-ms-id>773</ei-ms-id>
      <id>85509</id>
      <intensity>101.0</intensity>
      <mass-charge>166.0</mass-charge>
    </ei-ms-peak>
    <ei-ms-peak>
      <ei-ms-id>773</ei-ms-id>
      <id>85510</id>
      <intensity>7.0</intensity>
      <mass-charge>167.0</mass-charge>
    </ei-ms-peak>
    <ei-ms-peak>
      <ei-ms-id>773</ei-ms-id>
      <id>85511</id>
      <intensity>6.0</intensity>
      <mass-charge>177.0</mass-charge>
    </ei-ms-peak>
    <ei-ms-peak>
      <ei-ms-id>773</ei-ms-id>
      <id>85512</id>
      <intensity>20.0</intensity>
      <mass-charge>180.0</mass-charge>
    </ei-ms-peak>
    <ei-ms-peak>
      <ei-ms-id>773</ei-ms-id>
      <id>85513</id>
      <intensity>1521.0</intensity>
      <mass-charge>192.0</mass-charge>
    </ei-ms-peak>
    <ei-ms-peak>
      <ei-ms-id>773</ei-ms-id>
      <id>85514</id>
      <intensity>812.0</intensity>
      <mass-charge>193.0</mass-charge>
    </ei-ms-peak>
    <ei-ms-peak>
      <ei-ms-id>773</ei-ms-id>
      <id>85515</id>
      <intensity>72.0</intensity>
      <mass-charge>194.0</mass-charge>
    </ei-ms-peak>
    <ei-ms-peak>
      <ei-ms-id>773</ei-ms-id>
      <id>85516</id>
      <intensity>11.0</intensity>
      <mass-charge>195.0</mass-charge>
    </ei-ms-peak>
    <ei-ms-peak>
      <ei-ms-id>773</ei-ms-id>
      <id>85517</id>
      <intensity>4.0</intensity>
      <mass-charge>197.0</mass-charge>
    </ei-ms-peak>
    <ei-ms-peak>
      <ei-ms-id>773</ei-ms-id>
      <id>85518</id>
      <intensity>5.0</intensity>
      <mass-charge>198.0</mass-charge>
    </ei-ms-peak>
    <ei-ms-peak>
      <ei-ms-id>773</ei-ms-id>
      <id>85519</id>
      <intensity>9.0</intensity>
      <mass-charge>205.0</mass-charge>
    </ei-ms-peak>
    <ei-ms-peak>
      <ei-ms-id>773</ei-ms-id>
      <id>85520</id>
      <intensity>3.0</intensity>
      <mass-charge>207.0</mass-charge>
    </ei-ms-peak>
    <ei-ms-peak>
      <ei-ms-id>773</ei-ms-id>
      <id>85521</id>
      <intensity>406.0</intensity>
      <mass-charge>223.0</mass-charge>
    </ei-ms-peak>
    <ei-ms-peak>
      <ei-ms-id>773</ei-ms-id>
      <id>85522</id>
      <intensity>36.0</intensity>
      <mass-charge>224.0</mass-charge>
    </ei-ms-peak>
    <ei-ms-peak>
      <ei-ms-id>773</ei-ms-id>
      <id>85523</id>
      <intensity>9.0</intensity>
      <mass-charge>225.0</mass-charge>
    </ei-ms-peak>
  </ei-ms-peaks>
</ei-ms>
