<?xml version="1.0" encoding="UTF-8"?>
<ei-ms>
  <collection-date nil="true"/>
  <created-at>2014-09-20T16:24:12Z</created-at>
  <database-id>HMDB15282</database-id>
  <id>275</id>
  <inchi-key>HCYAFALTSJYZDH-UHFFFAOYSA-N</inchi-key>
  <instrument-type nil="true"/>
  <molecule-id nil="true"/>
  <notes nil="true"/>
  <peak-counter>179</peak-counter>
  <sample-assessment nil="true"/>
  <sample-concentration nil="true"/>
  <sample-concentration-units nil="true"/>
  <sample-mass nil="true"/>
  <sample-mass-units nil="true"/>
  <sample-source nil="true"/>
  <solvent nil="true"/>
  <spectra-assessment nil="true"/>
  <updated-at>2014-09-20T16:24:12Z</updated-at>
  <references>
    <reference>
      <database>NIST</database>
      <database-id>50-47-5</database-id>
      <id>15147</id>
      <pubmed-id nil="true"/>
      <ref-text>NIST Mass Spec Data Center, S.E. Stein, director, "Mass Spectra" in NIST Chemistry WebBook, NIST Standard Reference Database Number 69, Eds. P.J. Linstrom and W.G. Mallard, National Institute of Standards and Technology, Gaithersburg MD, 20899, http://webbook.nist.gov, (retrieved September 6, 2014).</ref-text>
      <spectra-id>275</spectra-id>
      <spectra-type>EiMs</spectra-type>
    </reference>
  </references>
  <ei-ms-peaks>
    <ei-ms-peak>
      <ei-ms-id>275</ei-ms-id>
      <id>31387</id>
      <intensity>20.0</intensity>
      <mass-charge>14.0</mass-charge>
    </ei-ms-peak>
    <ei-ms-peak>
      <ei-ms-id>275</ei-ms-id>
      <id>31388</id>
      <intensity>140.0</intensity>
      <mass-charge>15.0</mass-charge>
    </ei-ms-peak>
    <ei-ms-peak>
      <ei-ms-id>275</ei-ms-id>
      <id>31389</id>
      <intensity>10.0</intensity>
      <mass-charge>16.0</mass-charge>
    </ei-ms-peak>
    <ei-ms-peak>
      <ei-ms-id>275</ei-ms-id>
      <id>31390</id>
      <intensity>10.0</intensity>
      <mass-charge>25.0</mass-charge>
    </ei-ms-peak>
    <ei-ms-peak>
      <ei-ms-id>275</ei-ms-id>
      <id>31391</id>
      <intensity>30.0</intensity>
      <mass-charge>26.0</mass-charge>
    </ei-ms-peak>
    <ei-ms-peak>
      <ei-ms-id>275</ei-ms-id>
      <id>31392</id>
      <intensity>290.0</intensity>
      <mass-charge>27.0</mass-charge>
    </ei-ms-peak>
    <ei-ms-peak>
      <ei-ms-id>275</ei-ms-id>
      <id>31393</id>
      <intensity>700.0</intensity>
      <mass-charge>28.0</mass-charge>
    </ei-ms-peak>
    <ei-ms-peak>
      <ei-ms-id>275</ei-ms-id>
      <id>31394</id>
      <intensity>220.0</intensity>
      <mass-charge>29.0</mass-charge>
    </ei-ms-peak>
    <ei-ms-peak>
      <ei-ms-id>275</ei-ms-id>
      <id>31395</id>
      <intensity>630.0</intensity>
      <mass-charge>30.0</mass-charge>
    </ei-ms-peak>
    <ei-ms-peak>
      <ei-ms-id>275</ei-ms-id>
      <id>31396</id>
      <intensity>40.0</intensity>
      <mass-charge>31.0</mass-charge>
    </ei-ms-peak>
    <ei-ms-peak>
      <ei-ms-id>275</ei-ms-id>
      <id>31397</id>
      <intensity>10.0</intensity>
      <mass-charge>37.0</mass-charge>
    </ei-ms-peak>
    <ei-ms-peak>
      <ei-ms-id>275</ei-ms-id>
      <id>31398</id>
      <intensity>60.0</intensity>
      <mass-charge>38.0</mass-charge>
    </ei-ms-peak>
    <ei-ms-peak>
      <ei-ms-id>275</ei-ms-id>
      <id>31399</id>
      <intensity>590.0</intensity>
      <mass-charge>39.0</mass-charge>
    </ei-ms-peak>
    <ei-ms-peak>
      <ei-ms-id>275</ei-ms-id>
      <id>31400</id>
      <intensity>110.0</intensity>
      <mass-charge>40.0</mass-charge>
    </ei-ms-peak>
    <ei-ms-peak>
      <ei-ms-id>275</ei-ms-id>
      <id>31401</id>
      <intensity>450.0</intensity>
      <mass-charge>41.0</mass-charge>
    </ei-ms-peak>
    <ei-ms-peak>
      <ei-ms-id>275</ei-ms-id>
      <id>31402</id>
      <intensity>1060.0</intensity>
      <mass-charge>42.0</mass-charge>
    </ei-ms-peak>
    <ei-ms-peak>
      <ei-ms-id>275</ei-ms-id>
      <id>31403</id>
      <intensity>560.0</intensity>
      <mass-charge>43.0</mass-charge>
    </ei-ms-peak>
    <ei-ms-peak>
      <ei-ms-id>275</ei-ms-id>
      <id>31404</id>
      <intensity>7676.0</intensity>
      <mass-charge>44.0</mass-charge>
    </ei-ms-peak>
    <ei-ms-peak>
      <ei-ms-id>275</ei-ms-id>
      <id>31405</id>
      <intensity>250.0</intensity>
      <mass-charge>45.0</mass-charge>
    </ei-ms-peak>
    <ei-ms-peak>
      <ei-ms-id>275</ei-ms-id>
      <id>31406</id>
      <intensity>120.0</intensity>
      <mass-charge>50.0</mass-charge>
    </ei-ms-peak>
    <ei-ms-peak>
      <ei-ms-id>275</ei-ms-id>
      <id>31407</id>
      <intensity>530.0</intensity>
      <mass-charge>51.0</mass-charge>
    </ei-ms-peak>
    <ei-ms-peak>
      <ei-ms-id>275</ei-ms-id>
      <id>31408</id>
      <intensity>190.0</intensity>
      <mass-charge>52.0</mass-charge>
    </ei-ms-peak>
    <ei-ms-peak>
      <ei-ms-id>275</ei-ms-id>
      <id>31409</id>
      <intensity>80.0</intensity>
      <mass-charge>53.0</mass-charge>
    </ei-ms-peak>
    <ei-ms-peak>
      <ei-ms-id>275</ei-ms-id>
      <id>31410</id>
      <intensity>80.0</intensity>
      <mass-charge>54.0</mass-charge>
    </ei-ms-peak>
    <ei-ms-peak>
      <ei-ms-id>275</ei-ms-id>
      <id>31411</id>
      <intensity>50.0</intensity>
      <mass-charge>55.0</mass-charge>
    </ei-ms-peak>
    <ei-ms-peak>
      <ei-ms-id>275</ei-ms-id>
      <id>31412</id>
      <intensity>710.0</intensity>
      <mass-charge>56.0</mass-charge>
    </ei-ms-peak>
    <ei-ms-peak>
      <ei-ms-id>275</ei-ms-id>
      <id>31413</id>
      <intensity>440.0</intensity>
      <mass-charge>57.0</mass-charge>
    </ei-ms-peak>
    <ei-ms-peak>
      <ei-ms-id>275</ei-ms-id>
      <id>31414</id>
      <intensity>180.0</intensity>
      <mass-charge>58.0</mass-charge>
    </ei-ms-peak>
    <ei-ms-peak>
      <ei-ms-id>275</ei-ms-id>
      <id>31415</id>
      <intensity>10.0</intensity>
      <mass-charge>61.0</mass-charge>
    </ei-ms-peak>
    <ei-ms-peak>
      <ei-ms-id>275</ei-ms-id>
      <id>31416</id>
      <intensity>80.0</intensity>
      <mass-charge>62.0</mass-charge>
    </ei-ms-peak>
    <ei-ms-peak>
      <ei-ms-id>275</ei-ms-id>
      <id>31417</id>
      <intensity>510.0</intensity>
      <mass-charge>63.0</mass-charge>
    </ei-ms-peak>
    <ei-ms-peak>
      <ei-ms-id>275</ei-ms-id>
      <id>31418</id>
      <intensity>210.0</intensity>
      <mass-charge>64.0</mass-charge>
    </ei-ms-peak>
    <ei-ms-peak>
      <ei-ms-id>275</ei-ms-id>
      <id>31419</id>
      <intensity>760.0</intensity>
      <mass-charge>65.0</mass-charge>
    </ei-ms-peak>
    <ei-ms-peak>
      <ei-ms-id>275</ei-ms-id>
      <id>31420</id>
      <intensity>70.0</intensity>
      <mass-charge>66.0</mass-charge>
    </ei-ms-peak>
    <ei-ms-peak>
      <ei-ms-id>275</ei-ms-id>
      <id>31421</id>
      <intensity>10.0</intensity>
      <mass-charge>67.0</mass-charge>
    </ei-ms-peak>
    <ei-ms-peak>
      <ei-ms-id>275</ei-ms-id>
      <id>31422</id>
      <intensity>60.0</intensity>
      <mass-charge>68.0</mass-charge>
    </ei-ms-peak>
    <ei-ms-peak>
      <ei-ms-id>275</ei-ms-id>
      <id>31423</id>
      <intensity>1020.0</intensity>
      <mass-charge>70.0</mass-charge>
    </ei-ms-peak>
    <ei-ms-peak>
      <ei-ms-id>275</ei-ms-id>
      <id>31424</id>
      <intensity>3553.0</intensity>
      <mass-charge>71.0</mass-charge>
    </ei-ms-peak>
    <ei-ms-peak>
      <ei-ms-id>275</ei-ms-id>
      <id>31425</id>
      <intensity>660.0</intensity>
      <mass-charge>72.0</mass-charge>
    </ei-ms-peak>
    <ei-ms-peak>
      <ei-ms-id>275</ei-ms-id>
      <id>31426</id>
      <intensity>40.0</intensity>
      <mass-charge>73.0</mass-charge>
    </ei-ms-peak>
    <ei-ms-peak>
      <ei-ms-id>275</ei-ms-id>
      <id>31427</id>
      <intensity>70.0</intensity>
      <mass-charge>74.0</mass-charge>
    </ei-ms-peak>
    <ei-ms-peak>
      <ei-ms-id>275</ei-ms-id>
      <id>31428</id>
      <intensity>180.0</intensity>
      <mass-charge>75.0</mass-charge>
    </ei-ms-peak>
    <ei-ms-peak>
      <ei-ms-id>275</ei-ms-id>
      <id>31429</id>
      <intensity>230.0</intensity>
      <mass-charge>76.0</mass-charge>
    </ei-ms-peak>
    <ei-ms-peak>
      <ei-ms-id>275</ei-ms-id>
      <id>31430</id>
      <intensity>980.0</intensity>
      <mass-charge>77.0</mass-charge>
    </ei-ms-peak>
    <ei-ms-peak>
      <ei-ms-id>275</ei-ms-id>
      <id>31431</id>
      <intensity>360.0</intensity>
      <mass-charge>78.0</mass-charge>
    </ei-ms-peak>
    <ei-ms-peak>
      <ei-ms-id>275</ei-ms-id>
      <id>31432</id>
      <intensity>120.0</intensity>
      <mass-charge>79.0</mass-charge>
    </ei-ms-peak>
    <ei-ms-peak>
      <ei-ms-id>275</ei-ms-id>
      <id>31433</id>
      <intensity>20.0</intensity>
      <mass-charge>80.0</mass-charge>
    </ei-ms-peak>
    <ei-ms-peak>
      <ei-ms-id>275</ei-ms-id>
      <id>31434</id>
      <intensity>40.0</intensity>
      <mass-charge>82.0</mass-charge>
    </ei-ms-peak>
    <ei-ms-peak>
      <ei-ms-id>275</ei-ms-id>
      <id>31435</id>
      <intensity>140.0</intensity>
      <mass-charge>84.0</mass-charge>
    </ei-ms-peak>
    <ei-ms-peak>
      <ei-ms-id>275</ei-ms-id>
      <id>31436</id>
      <intensity>20.0</intensity>
      <mass-charge>86.0</mass-charge>
    </ei-ms-peak>
    <ei-ms-peak>
      <ei-ms-id>275</ei-ms-id>
      <id>31437</id>
      <intensity>80.0</intensity>
      <mass-charge>87.0</mass-charge>
    </ei-ms-peak>
    <ei-ms-peak>
      <ei-ms-id>275</ei-ms-id>
      <id>31438</id>
      <intensity>110.0</intensity>
      <mass-charge>88.0</mass-charge>
    </ei-ms-peak>
    <ei-ms-peak>
      <ei-ms-id>275</ei-ms-id>
      <id>31439</id>
      <intensity>1141.0</intensity>
      <mass-charge>89.0</mass-charge>
    </ei-ms-peak>
    <ei-ms-peak>
      <ei-ms-id>275</ei-ms-id>
      <id>31440</id>
      <intensity>450.0</intensity>
      <mass-charge>90.0</mass-charge>
    </ei-ms-peak>
    <ei-ms-peak>
      <ei-ms-id>275</ei-ms-id>
      <id>31441</id>
      <intensity>1601.0</intensity>
      <mass-charge>91.0</mass-charge>
    </ei-ms-peak>
    <ei-ms-peak>
      <ei-ms-id>275</ei-ms-id>
      <id>31442</id>
      <intensity>140.0</intensity>
      <mass-charge>92.0</mass-charge>
    </ei-ms-peak>
    <ei-ms-peak>
      <ei-ms-id>275</ei-ms-id>
      <id>31443</id>
      <intensity>50.0</intensity>
      <mass-charge>93.0</mass-charge>
    </ei-ms-peak>
    <ei-ms-peak>
      <ei-ms-id>275</ei-ms-id>
      <id>31444</id>
      <intensity>20.0</intensity>
      <mass-charge>94.0</mass-charge>
    </ei-ms-peak>
    <ei-ms-peak>
      <ei-ms-id>275</ei-ms-id>
      <id>31445</id>
      <intensity>80.0</intensity>
      <mass-charge>96.0</mass-charge>
    </ei-ms-peak>
    <ei-ms-peak>
      <ei-ms-id>275</ei-ms-id>
      <id>31446</id>
      <intensity>90.0</intensity>
      <mass-charge>97.0</mass-charge>
    </ei-ms-peak>
    <ei-ms-peak>
      <ei-ms-id>275</ei-ms-id>
      <id>31447</id>
      <intensity>10.0</intensity>
      <mass-charge>98.0</mass-charge>
    </ei-ms-peak>
    <ei-ms-peak>
      <ei-ms-id>275</ei-ms-id>
      <id>31448</id>
      <intensity>30.0</intensity>
      <mass-charge>99.0</mass-charge>
    </ei-ms-peak>
    <ei-ms-peak>
      <ei-ms-id>275</ei-ms-id>
      <id>31449</id>
      <intensity>20.0</intensity>
      <mass-charge>100.0</mass-charge>
    </ei-ms-peak>
    <ei-ms-peak>
      <ei-ms-id>275</ei-ms-id>
      <id>31450</id>
      <intensity>140.0</intensity>
      <mass-charge>101.0</mass-charge>
    </ei-ms-peak>
    <ei-ms-peak>
      <ei-ms-id>275</ei-ms-id>
      <id>31451</id>
      <intensity>270.0</intensity>
      <mass-charge>102.0</mass-charge>
    </ei-ms-peak>
    <ei-ms-peak>
      <ei-ms-id>275</ei-ms-id>
      <id>31452</id>
      <intensity>330.0</intensity>
      <mass-charge>103.0</mass-charge>
    </ei-ms-peak>
    <ei-ms-peak>
      <ei-ms-id>275</ei-ms-id>
      <id>31453</id>
      <intensity>210.0</intensity>
      <mass-charge>104.0</mass-charge>
    </ei-ms-peak>
    <ei-ms-peak>
      <ei-ms-id>275</ei-ms-id>
      <id>31454</id>
      <intensity>190.0</intensity>
      <mass-charge>105.0</mass-charge>
    </ei-ms-peak>
    <ei-ms-peak>
      <ei-ms-id>275</ei-ms-id>
      <id>31455</id>
      <intensity>740.0</intensity>
      <mass-charge>106.0</mass-charge>
    </ei-ms-peak>
    <ei-ms-peak>
      <ei-ms-id>275</ei-ms-id>
      <id>31456</id>
      <intensity>260.0</intensity>
      <mass-charge>107.0</mass-charge>
    </ei-ms-peak>
    <ei-ms-peak>
      <ei-ms-id>275</ei-ms-id>
      <id>31457</id>
      <intensity>40.0</intensity>
      <mass-charge>109.0</mass-charge>
    </ei-ms-peak>
    <ei-ms-peak>
      <ei-ms-id>275</ei-ms-id>
      <id>31458</id>
      <intensity>30.0</intensity>
      <mass-charge>110.0</mass-charge>
    </ei-ms-peak>
    <ei-ms-peak>
      <ei-ms-id>275</ei-ms-id>
      <id>31459</id>
      <intensity>20.0</intensity>
      <mass-charge>111.0</mass-charge>
    </ei-ms-peak>
    <ei-ms-peak>
      <ei-ms-id>275</ei-ms-id>
      <id>31460</id>
      <intensity>10.0</intensity>
      <mass-charge>112.0</mass-charge>
    </ei-ms-peak>
    <ei-ms-peak>
      <ei-ms-id>275</ei-ms-id>
      <id>31461</id>
      <intensity>70.0</intensity>
      <mass-charge>113.0</mass-charge>
    </ei-ms-peak>
    <ei-ms-peak>
      <ei-ms-id>275</ei-ms-id>
      <id>31462</id>
      <intensity>80.0</intensity>
      <mass-charge>114.0</mass-charge>
    </ei-ms-peak>
    <ei-ms-peak>
      <ei-ms-id>275</ei-ms-id>
      <id>31463</id>
      <intensity>650.0</intensity>
      <mass-charge>115.0</mass-charge>
    </ei-ms-peak>
    <ei-ms-peak>
      <ei-ms-id>275</ei-ms-id>
      <id>31464</id>
      <intensity>500.0</intensity>
      <mass-charge>116.0</mass-charge>
    </ei-ms-peak>
    <ei-ms-peak>
      <ei-ms-id>275</ei-ms-id>
      <id>31465</id>
      <intensity>870.0</intensity>
      <mass-charge>117.0</mass-charge>
    </ei-ms-peak>
    <ei-ms-peak>
      <ei-ms-id>275</ei-ms-id>
      <id>31466</id>
      <intensity>720.0</intensity>
      <mass-charge>118.0</mass-charge>
    </ei-ms-peak>
    <ei-ms-peak>
      <ei-ms-id>275</ei-ms-id>
      <id>31467</id>
      <intensity>160.0</intensity>
      <mass-charge>119.0</mass-charge>
    </ei-ms-peak>
    <ei-ms-peak>
      <ei-ms-id>275</ei-ms-id>
      <id>31468</id>
      <intensity>60.0</intensity>
      <mass-charge>120.0</mass-charge>
    </ei-ms-peak>
    <ei-ms-peak>
      <ei-ms-id>275</ei-ms-id>
      <id>31469</id>
      <intensity>10.0</intensity>
      <mass-charge>124.0</mass-charge>
    </ei-ms-peak>
    <ei-ms-peak>
      <ei-ms-id>275</ei-ms-id>
      <id>31470</id>
      <intensity>30.0</intensity>
      <mass-charge>125.0</mass-charge>
    </ei-ms-peak>
    <ei-ms-peak>
      <ei-ms-id>275</ei-ms-id>
      <id>31471</id>
      <intensity>110.0</intensity>
      <mass-charge>126.0</mass-charge>
    </ei-ms-peak>
    <ei-ms-peak>
      <ei-ms-id>275</ei-ms-id>
      <id>31472</id>
      <intensity>180.0</intensity>
      <mass-charge>127.0</mass-charge>
    </ei-ms-peak>
    <ei-ms-peak>
      <ei-ms-id>275</ei-ms-id>
      <id>31473</id>
      <intensity>480.0</intensity>
      <mass-charge>128.0</mass-charge>
    </ei-ms-peak>
    <ei-ms-peak>
      <ei-ms-id>275</ei-ms-id>
      <id>31474</id>
      <intensity>490.0</intensity>
      <mass-charge>129.0</mass-charge>
    </ei-ms-peak>
    <ei-ms-peak>
      <ei-ms-id>275</ei-ms-id>
      <id>31475</id>
      <intensity>2312.0</intensity>
      <mass-charge>130.0</mass-charge>
    </ei-ms-peak>
    <ei-ms-peak>
      <ei-ms-id>275</ei-ms-id>
      <id>31476</id>
      <intensity>340.0</intensity>
      <mass-charge>131.0</mass-charge>
    </ei-ms-peak>
    <ei-ms-peak>
      <ei-ms-id>275</ei-ms-id>
      <id>31477</id>
      <intensity>90.0</intensity>
      <mass-charge>132.0</mass-charge>
    </ei-ms-peak>
    <ei-ms-peak>
      <ei-ms-id>275</ei-ms-id>
      <id>31478</id>
      <intensity>150.0</intensity>
      <mass-charge>133.0</mass-charge>
    </ei-ms-peak>
    <ei-ms-peak>
      <ei-ms-id>275</ei-ms-id>
      <id>31479</id>
      <intensity>30.0</intensity>
      <mass-charge>137.0</mass-charge>
    </ei-ms-peak>
    <ei-ms-peak>
      <ei-ms-id>275</ei-ms-id>
      <id>31480</id>
      <intensity>40.0</intensity>
      <mass-charge>138.0</mass-charge>
    </ei-ms-peak>
    <ei-ms-peak>
      <ei-ms-id>275</ei-ms-id>
      <id>31481</id>
      <intensity>310.0</intensity>
      <mass-charge>139.0</mass-charge>
    </ei-ms-peak>
    <ei-ms-peak>
      <ei-ms-id>275</ei-ms-id>
      <id>31482</id>
      <intensity>240.0</intensity>
      <mass-charge>140.0</mass-charge>
    </ei-ms-peak>
    <ei-ms-peak>
      <ei-ms-id>275</ei-ms-id>
      <id>31483</id>
      <intensity>130.0</intensity>
      <mass-charge>141.0</mass-charge>
    </ei-ms-peak>
    <ei-ms-peak>
      <ei-ms-id>275</ei-ms-id>
      <id>31484</id>
      <intensity>100.0</intensity>
      <mass-charge>142.0</mass-charge>
    </ei-ms-peak>
    <ei-ms-peak>
      <ei-ms-id>275</ei-ms-id>
      <id>31485</id>
      <intensity>120.0</intensity>
      <mass-charge>143.0</mass-charge>
    </ei-ms-peak>
    <ei-ms-peak>
      <ei-ms-id>275</ei-ms-id>
      <id>31486</id>
      <intensity>150.0</intensity>
      <mass-charge>144.0</mass-charge>
    </ei-ms-peak>
    <ei-ms-peak>
      <ei-ms-id>275</ei-ms-id>
      <id>31487</id>
      <intensity>10.0</intensity>
      <mass-charge>145.0</mass-charge>
    </ei-ms-peak>
    <ei-ms-peak>
      <ei-ms-id>275</ei-ms-id>
      <id>31488</id>
      <intensity>20.0</intensity>
      <mass-charge>146.0</mass-charge>
    </ei-ms-peak>
    <ei-ms-peak>
      <ei-ms-id>275</ei-ms-id>
      <id>31489</id>
      <intensity>10.0</intensity>
      <mass-charge>149.0</mass-charge>
    </ei-ms-peak>
    <ei-ms-peak>
      <ei-ms-id>275</ei-ms-id>
      <id>31490</id>
      <intensity>100.0</intensity>
      <mass-charge>150.0</mass-charge>
    </ei-ms-peak>
    <ei-ms-peak>
      <ei-ms-id>275</ei-ms-id>
      <id>31491</id>
      <intensity>310.0</intensity>
      <mass-charge>151.0</mass-charge>
    </ei-ms-peak>
    <ei-ms-peak>
      <ei-ms-id>275</ei-ms-id>
      <id>31492</id>
      <intensity>730.0</intensity>
      <mass-charge>152.0</mass-charge>
    </ei-ms-peak>
    <ei-ms-peak>
      <ei-ms-id>275</ei-ms-id>
      <id>31493</id>
      <intensity>230.0</intensity>
      <mass-charge>153.0</mass-charge>
    </ei-ms-peak>
    <ei-ms-peak>
      <ei-ms-id>275</ei-ms-id>
      <id>31494</id>
      <intensity>180.0</intensity>
      <mass-charge>154.0</mass-charge>
    </ei-ms-peak>
    <ei-ms-peak>
      <ei-ms-id>275</ei-ms-id>
      <id>31495</id>
      <intensity>30.0</intensity>
      <mass-charge>155.0</mass-charge>
    </ei-ms-peak>
    <ei-ms-peak>
      <ei-ms-id>275</ei-ms-id>
      <id>31496</id>
      <intensity>20.0</intensity>
      <mass-charge>156.0</mass-charge>
    </ei-ms-peak>
    <ei-ms-peak>
      <ei-ms-id>275</ei-ms-id>
      <id>31497</id>
      <intensity>10.0</intensity>
      <mass-charge>157.0</mass-charge>
    </ei-ms-peak>
    <ei-ms-peak>
      <ei-ms-id>275</ei-ms-id>
      <id>31498</id>
      <intensity>30.0</intensity>
      <mass-charge>158.0</mass-charge>
    </ei-ms-peak>
    <ei-ms-peak>
      <ei-ms-id>275</ei-ms-id>
      <id>31499</id>
      <intensity>10.0</intensity>
      <mass-charge>159.0</mass-charge>
    </ei-ms-peak>
    <ei-ms-peak>
      <ei-ms-id>275</ei-ms-id>
      <id>31500</id>
      <intensity>10.0</intensity>
      <mass-charge>161.0</mass-charge>
    </ei-ms-peak>
    <ei-ms-peak>
      <ei-ms-id>275</ei-ms-id>
      <id>31501</id>
      <intensity>20.0</intensity>
      <mass-charge>162.0</mass-charge>
    </ei-ms-peak>
    <ei-ms-peak>
      <ei-ms-id>275</ei-ms-id>
      <id>31502</id>
      <intensity>170.0</intensity>
      <mass-charge>163.0</mass-charge>
    </ei-ms-peak>
    <ei-ms-peak>
      <ei-ms-id>275</ei-ms-id>
      <id>31503</id>
      <intensity>280.0</intensity>
      <mass-charge>164.0</mass-charge>
    </ei-ms-peak>
    <ei-ms-peak>
      <ei-ms-id>275</ei-ms-id>
      <id>31504</id>
      <intensity>1611.0</intensity>
      <mass-charge>165.0</mass-charge>
    </ei-ms-peak>
    <ei-ms-peak>
      <ei-ms-id>275</ei-ms-id>
      <id>31505</id>
      <intensity>740.0</intensity>
      <mass-charge>166.0</mass-charge>
    </ei-ms-peak>
    <ei-ms-peak>
      <ei-ms-id>275</ei-ms-id>
      <id>31506</id>
      <intensity>1131.0</intensity>
      <mass-charge>167.0</mass-charge>
    </ei-ms-peak>
    <ei-ms-peak>
      <ei-ms-id>275</ei-ms-id>
      <id>31507</id>
      <intensity>260.0</intensity>
      <mass-charge>168.0</mass-charge>
    </ei-ms-peak>
    <ei-ms-peak>
      <ei-ms-id>275</ei-ms-id>
      <id>31508</id>
      <intensity>30.0</intensity>
      <mass-charge>169.0</mass-charge>
    </ei-ms-peak>
    <ei-ms-peak>
      <ei-ms-id>275</ei-ms-id>
      <id>31509</id>
      <intensity>10.0</intensity>
      <mass-charge>173.0</mass-charge>
    </ei-ms-peak>
    <ei-ms-peak>
      <ei-ms-id>275</ei-ms-id>
      <id>31510</id>
      <intensity>10.0</intensity>
      <mass-charge>174.0</mass-charge>
    </ei-ms-peak>
    <ei-ms-peak>
      <ei-ms-id>275</ei-ms-id>
      <id>31511</id>
      <intensity>30.0</intensity>
      <mass-charge>175.0</mass-charge>
    </ei-ms-peak>
    <ei-ms-peak>
      <ei-ms-id>275</ei-ms-id>
      <id>31512</id>
      <intensity>310.0</intensity>
      <mass-charge>176.0</mass-charge>
    </ei-ms-peak>
    <ei-ms-peak>
      <ei-ms-id>275</ei-ms-id>
      <id>31513</id>
      <intensity>380.0</intensity>
      <mass-charge>177.0</mass-charge>
    </ei-ms-peak>
    <ei-ms-peak>
      <ei-ms-id>275</ei-ms-id>
      <id>31514</id>
      <intensity>1541.0</intensity>
      <mass-charge>178.0</mass-charge>
    </ei-ms-peak>
    <ei-ms-peak>
      <ei-ms-id>275</ei-ms-id>
      <id>31515</id>
      <intensity>1621.0</intensity>
      <mass-charge>179.0</mass-charge>
    </ei-ms-peak>
    <ei-ms-peak>
      <ei-ms-id>275</ei-ms-id>
      <id>31516</id>
      <intensity>1411.0</intensity>
      <mass-charge>180.0</mass-charge>
    </ei-ms-peak>
    <ei-ms-peak>
      <ei-ms-id>275</ei-ms-id>
      <id>31517</id>
      <intensity>270.0</intensity>
      <mass-charge>181.0</mass-charge>
    </ei-ms-peak>
    <ei-ms-peak>
      <ei-ms-id>275</ei-ms-id>
      <id>31518</id>
      <intensity>20.0</intensity>
      <mass-charge>182.0</mass-charge>
    </ei-ms-peak>
    <ei-ms-peak>
      <ei-ms-id>275</ei-ms-id>
      <id>31519</id>
      <intensity>10.0</intensity>
      <mass-charge>187.0</mass-charge>
    </ei-ms-peak>
    <ei-ms-peak>
      <ei-ms-id>275</ei-ms-id>
      <id>31520</id>
      <intensity>30.0</intensity>
      <mass-charge>188.0</mass-charge>
    </ei-ms-peak>
    <ei-ms-peak>
      <ei-ms-id>275</ei-ms-id>
      <id>31521</id>
      <intensity>150.0</intensity>
      <mass-charge>189.0</mass-charge>
    </ei-ms-peak>
    <ei-ms-peak>
      <ei-ms-id>275</ei-ms-id>
      <id>31522</id>
      <intensity>460.0</intensity>
      <mass-charge>190.0</mass-charge>
    </ei-ms-peak>
    <ei-ms-peak>
      <ei-ms-id>275</ei-ms-id>
      <id>31523</id>
      <intensity>1421.0</intensity>
      <mass-charge>191.0</mass-charge>
    </ei-ms-peak>
    <ei-ms-peak>
      <ei-ms-id>275</ei-ms-id>
      <id>31524</id>
      <intensity>3062.0</intensity>
      <mass-charge>192.0</mass-charge>
    </ei-ms-peak>
    <ei-ms-peak>
      <ei-ms-id>275</ei-ms-id>
      <id>31525</id>
      <intensity>9068.0</intensity>
      <mass-charge>193.0</mass-charge>
    </ei-ms-peak>
    <ei-ms-peak>
      <ei-ms-id>275</ei-ms-id>
      <id>31526</id>
      <intensity>6315.0</intensity>
      <mass-charge>194.0</mass-charge>
    </ei-ms-peak>
    <ei-ms-peak>
      <ei-ms-id>275</ei-ms-id>
      <id>31527</id>
      <intensity>9608.0</intensity>
      <mass-charge>195.0</mass-charge>
    </ei-ms-peak>
    <ei-ms-peak>
      <ei-ms-id>275</ei-ms-id>
      <id>31528</id>
      <intensity>1501.0</intensity>
      <mass-charge>196.0</mass-charge>
    </ei-ms-peak>
    <ei-ms-peak>
      <ei-ms-id>275</ei-ms-id>
      <id>31529</id>
      <intensity>110.0</intensity>
      <mass-charge>197.0</mass-charge>
    </ei-ms-peak>
    <ei-ms-peak>
      <ei-ms-id>275</ei-ms-id>
      <id>31530</id>
      <intensity>60.0</intensity>
      <mass-charge>202.0</mass-charge>
    </ei-ms-peak>
    <ei-ms-peak>
      <ei-ms-id>275</ei-ms-id>
      <id>31531</id>
      <intensity>130.0</intensity>
      <mass-charge>203.0</mass-charge>
    </ei-ms-peak>
    <ei-ms-peak>
      <ei-ms-id>275</ei-ms-id>
      <id>31532</id>
      <intensity>980.0</intensity>
      <mass-charge>204.0</mass-charge>
    </ei-ms-peak>
    <ei-ms-peak>
      <ei-ms-id>275</ei-ms-id>
      <id>31533</id>
      <intensity>540.0</intensity>
      <mass-charge>205.0</mass-charge>
    </ei-ms-peak>
    <ei-ms-peak>
      <ei-ms-id>275</ei-ms-id>
      <id>31534</id>
      <intensity>1931.0</intensity>
      <mass-charge>206.0</mass-charge>
    </ei-ms-peak>
    <ei-ms-peak>
      <ei-ms-id>275</ei-ms-id>
      <id>31535</id>
      <intensity>790.0</intensity>
      <mass-charge>207.0</mass-charge>
    </ei-ms-peak>
    <ei-ms-peak>
      <ei-ms-id>275</ei-ms-id>
      <id>31536</id>
      <intensity>7056.0</intensity>
      <mass-charge>208.0</mass-charge>
    </ei-ms-peak>
    <ei-ms-peak>
      <ei-ms-id>275</ei-ms-id>
      <id>31537</id>
      <intensity>1341.0</intensity>
      <mass-charge>209.0</mass-charge>
    </ei-ms-peak>
    <ei-ms-peak>
      <ei-ms-id>275</ei-ms-id>
      <id>31538</id>
      <intensity>120.0</intensity>
      <mass-charge>210.0</mass-charge>
    </ei-ms-peak>
    <ei-ms-peak>
      <ei-ms-id>275</ei-ms-id>
      <id>31539</id>
      <intensity>10.0</intensity>
      <mass-charge>211.0</mass-charge>
    </ei-ms-peak>
    <ei-ms-peak>
      <ei-ms-id>275</ei-ms-id>
      <id>31540</id>
      <intensity>30.0</intensity>
      <mass-charge>215.0</mass-charge>
    </ei-ms-peak>
    <ei-ms-peak>
      <ei-ms-id>275</ei-ms-id>
      <id>31541</id>
      <intensity>50.0</intensity>
      <mass-charge>216.0</mass-charge>
    </ei-ms-peak>
    <ei-ms-peak>
      <ei-ms-id>275</ei-ms-id>
      <id>31542</id>
      <intensity>220.0</intensity>
      <mass-charge>217.0</mass-charge>
    </ei-ms-peak>
    <ei-ms-peak>
      <ei-ms-id>275</ei-ms-id>
      <id>31543</id>
      <intensity>540.0</intensity>
      <mass-charge>218.0</mass-charge>
    </ei-ms-peak>
    <ei-ms-peak>
      <ei-ms-id>275</ei-ms-id>
      <id>31544</id>
      <intensity>400.0</intensity>
      <mass-charge>219.0</mass-charge>
    </ei-ms-peak>
    <ei-ms-peak>
      <ei-ms-id>275</ei-ms-id>
      <id>31545</id>
      <intensity>2232.0</intensity>
      <mass-charge>220.0</mass-charge>
    </ei-ms-peak>
    <ei-ms-peak>
      <ei-ms-id>275</ei-ms-id>
      <id>31546</id>
      <intensity>760.0</intensity>
      <mass-charge>221.0</mass-charge>
    </ei-ms-peak>
    <ei-ms-peak>
      <ei-ms-id>275</ei-ms-id>
      <id>31547</id>
      <intensity>1010.0</intensity>
      <mass-charge>222.0</mass-charge>
    </ei-ms-peak>
    <ei-ms-peak>
      <ei-ms-id>275</ei-ms-id>
      <id>31548</id>
      <intensity>180.0</intensity>
      <mass-charge>223.0</mass-charge>
    </ei-ms-peak>
    <ei-ms-peak>
      <ei-ms-id>275</ei-ms-id>
      <id>31549</id>
      <intensity>10.0</intensity>
      <mass-charge>224.0</mass-charge>
    </ei-ms-peak>
    <ei-ms-peak>
      <ei-ms-id>275</ei-ms-id>
      <id>31550</id>
      <intensity>30.0</intensity>
      <mass-charge>230.0</mass-charge>
    </ei-ms-peak>
    <ei-ms-peak>
      <ei-ms-id>275</ei-ms-id>
      <id>31551</id>
      <intensity>30.0</intensity>
      <mass-charge>231.0</mass-charge>
    </ei-ms-peak>
    <ei-ms-peak>
      <ei-ms-id>275</ei-ms-id>
      <id>31552</id>
      <intensity>180.0</intensity>
      <mass-charge>232.0</mass-charge>
    </ei-ms-peak>
    <ei-ms-peak>
      <ei-ms-id>275</ei-ms-id>
      <id>31553</id>
      <intensity>9999.0</intensity>
      <mass-charge>234.0</mass-charge>
    </ei-ms-peak>
    <ei-ms-peak>
      <ei-ms-id>275</ei-ms-id>
      <id>31554</id>
      <intensity>8187.0</intensity>
      <mass-charge>235.0</mass-charge>
    </ei-ms-peak>
    <ei-ms-peak>
      <ei-ms-id>275</ei-ms-id>
      <id>31555</id>
      <intensity>1391.0</intensity>
      <mass-charge>236.0</mass-charge>
    </ei-ms-peak>
    <ei-ms-peak>
      <ei-ms-id>275</ei-ms-id>
      <id>31556</id>
      <intensity>160.0</intensity>
      <mass-charge>237.0</mass-charge>
    </ei-ms-peak>
    <ei-ms-peak>
      <ei-ms-id>275</ei-ms-id>
      <id>31557</id>
      <intensity>20.0</intensity>
      <mass-charge>238.0</mass-charge>
    </ei-ms-peak>
    <ei-ms-peak>
      <ei-ms-id>275</ei-ms-id>
      <id>31558</id>
      <intensity>10.0</intensity>
      <mass-charge>249.0</mass-charge>
    </ei-ms-peak>
    <ei-ms-peak>
      <ei-ms-id>275</ei-ms-id>
      <id>31559</id>
      <intensity>80.0</intensity>
      <mass-charge>251.0</mass-charge>
    </ei-ms-peak>
    <ei-ms-peak>
      <ei-ms-id>275</ei-ms-id>
      <id>31560</id>
      <intensity>10.0</intensity>
      <mass-charge>252.0</mass-charge>
    </ei-ms-peak>
    <ei-ms-peak>
      <ei-ms-id>275</ei-ms-id>
      <id>31561</id>
      <intensity>20.0</intensity>
      <mass-charge>263.0</mass-charge>
    </ei-ms-peak>
    <ei-ms-peak>
      <ei-ms-id>275</ei-ms-id>
      <id>31562</id>
      <intensity>30.0</intensity>
      <mass-charge>264.0</mass-charge>
    </ei-ms-peak>
    <ei-ms-peak>
      <ei-ms-id>275</ei-ms-id>
      <id>31563</id>
      <intensity>3192.0</intensity>
      <mass-charge>266.0</mass-charge>
    </ei-ms-peak>
    <ei-ms-peak>
      <ei-ms-id>275</ei-ms-id>
      <id>31564</id>
      <intensity>650.0</intensity>
      <mass-charge>267.0</mass-charge>
    </ei-ms-peak>
    <ei-ms-peak>
      <ei-ms-id>275</ei-ms-id>
      <id>31565</id>
      <intensity>70.0</intensity>
      <mass-charge>268.0</mass-charge>
    </ei-ms-peak>
  </ei-ms-peaks>
</ei-ms>
