<?xml version="1.0" encoding="UTF-8"?>
<ei-ms>
  <collection-date nil="true"/>
  <created-at>2014-09-20T16:40:23Z</created-at>
  <database-id>HMDB41799</database-id>
  <id>956</id>
  <inchi-key>VOZKAJLKRJDJLL-UHFFFAOYSA-N</inchi-key>
  <instrument-type nil="true"/>
  <molecule-id nil="true"/>
  <notes nil="true"/>
  <peak-counter>65</peak-counter>
  <sample-assessment nil="true"/>
  <sample-concentration nil="true"/>
  <sample-concentration-units nil="true"/>
  <sample-mass nil="true"/>
  <sample-mass-units nil="true"/>
  <sample-source nil="true"/>
  <solvent nil="true"/>
  <spectra-assessment nil="true"/>
  <updated-at>2014-09-20T16:40:23Z</updated-at>
  <references>
    <reference>
      <database>NIST</database>
      <database-id>95-80-7</database-id>
      <id>15828</id>
      <pubmed-id nil="true"/>
      <ref-text>NIST Mass Spec Data Center, S.E. Stein, director, "Mass Spectra" in NIST Chemistry WebBook, NIST Standard Reference Database Number 69, Eds. P.J. Linstrom and W.G. Mallard, National Institute of Standards and Technology, Gaithersburg MD, 20899, http://webbook.nist.gov, (retrieved September 6, 2014).</ref-text>
      <spectra-id>956</spectra-id>
      <spectra-type>EiMs</spectra-type>
    </reference>
  </references>
  <ei-ms-peaks>
    <ei-ms-peak>
      <ei-ms-id>956</ei-ms-id>
      <id>103289</id>
      <intensity>10.0</intensity>
      <mass-charge>17.0</mass-charge>
    </ei-ms-peak>
    <ei-ms-peak>
      <ei-ms-id>956</ei-ms-id>
      <id>103290</id>
      <intensity>30.0</intensity>
      <mass-charge>18.0</mass-charge>
    </ei-ms-peak>
    <ei-ms-peak>
      <ei-ms-id>956</ei-ms-id>
      <id>103291</id>
      <intensity>30.0</intensity>
      <mass-charge>26.0</mass-charge>
    </ei-ms-peak>
    <ei-ms-peak>
      <ei-ms-id>956</ei-ms-id>
      <id>103292</id>
      <intensity>120.0</intensity>
      <mass-charge>27.0</mass-charge>
    </ei-ms-peak>
    <ei-ms-peak>
      <ei-ms-id>956</ei-ms-id>
      <id>103293</id>
      <intensity>160.0</intensity>
      <mass-charge>28.0</mass-charge>
    </ei-ms-peak>
    <ei-ms-peak>
      <ei-ms-id>956</ei-ms-id>
      <id>103294</id>
      <intensity>20.0</intensity>
      <mass-charge>29.0</mass-charge>
    </ei-ms-peak>
    <ei-ms-peak>
      <ei-ms-id>956</ei-ms-id>
      <id>103295</id>
      <intensity>40.0</intensity>
      <mass-charge>30.0</mass-charge>
    </ei-ms-peak>
    <ei-ms-peak>
      <ei-ms-id>956</ei-ms-id>
      <id>103296</id>
      <intensity>40.0</intensity>
      <mass-charge>37.0</mass-charge>
    </ei-ms-peak>
    <ei-ms-peak>
      <ei-ms-id>956</ei-ms-id>
      <id>103297</id>
      <intensity>100.0</intensity>
      <mass-charge>38.0</mass-charge>
    </ei-ms-peak>
    <ei-ms-peak>
      <ei-ms-id>956</ei-ms-id>
      <id>103298</id>
      <intensity>310.0</intensity>
      <mass-charge>39.0</mass-charge>
    </ei-ms-peak>
    <ei-ms-peak>
      <ei-ms-id>956</ei-ms-id>
      <id>103299</id>
      <intensity>190.0</intensity>
      <mass-charge>40.0</mass-charge>
    </ei-ms-peak>
    <ei-ms-peak>
      <ei-ms-id>956</ei-ms-id>
      <id>103300</id>
      <intensity>390.0</intensity>
      <mass-charge>41.0</mass-charge>
    </ei-ms-peak>
    <ei-ms-peak>
      <ei-ms-id>956</ei-ms-id>
      <id>103301</id>
      <intensity>270.0</intensity>
      <mass-charge>42.0</mass-charge>
    </ei-ms-peak>
    <ei-ms-peak>
      <ei-ms-id>956</ei-ms-id>
      <id>103302</id>
      <intensity>60.0</intensity>
      <mass-charge>43.0</mass-charge>
    </ei-ms-peak>
    <ei-ms-peak>
      <ei-ms-id>956</ei-ms-id>
      <id>103303</id>
      <intensity>10.0</intensity>
      <mass-charge>44.0</mass-charge>
    </ei-ms-peak>
    <ei-ms-peak>
      <ei-ms-id>956</ei-ms-id>
      <id>103304</id>
      <intensity>10.0</intensity>
      <mass-charge>45.0</mass-charge>
    </ei-ms-peak>
    <ei-ms-peak>
      <ei-ms-id>956</ei-ms-id>
      <id>103305</id>
      <intensity>20.0</intensity>
      <mass-charge>46.0</mass-charge>
    </ei-ms-peak>
    <ei-ms-peak>
      <ei-ms-id>956</ei-ms-id>
      <id>103306</id>
      <intensity>40.0</intensity>
      <mass-charge>47.0</mass-charge>
    </ei-ms-peak>
    <ei-ms-peak>
      <ei-ms-id>956</ei-ms-id>
      <id>103307</id>
      <intensity>30.0</intensity>
      <mass-charge>49.0</mass-charge>
    </ei-ms-peak>
    <ei-ms-peak>
      <ei-ms-id>956</ei-ms-id>
      <id>103308</id>
      <intensity>220.0</intensity>
      <mass-charge>50.0</mass-charge>
    </ei-ms-peak>
    <ei-ms-peak>
      <ei-ms-id>956</ei-ms-id>
      <id>103309</id>
      <intensity>510.0</intensity>
      <mass-charge>51.0</mass-charge>
    </ei-ms-peak>
    <ei-ms-peak>
      <ei-ms-id>956</ei-ms-id>
      <id>103310</id>
      <intensity>520.0</intensity>
      <mass-charge>52.0</mass-charge>
    </ei-ms-peak>
    <ei-ms-peak>
      <ei-ms-id>956</ei-ms-id>
      <id>103311</id>
      <intensity>380.0</intensity>
      <mass-charge>53.0</mass-charge>
    </ei-ms-peak>
    <ei-ms-peak>
      <ei-ms-id>956</ei-ms-id>
      <id>103312</id>
      <intensity>330.0</intensity>
      <mass-charge>54.0</mass-charge>
    </ei-ms-peak>
    <ei-ms-peak>
      <ei-ms-id>956</ei-ms-id>
      <id>103313</id>
      <intensity>40.0</intensity>
      <mass-charge>55.0</mass-charge>
    </ei-ms-peak>
    <ei-ms-peak>
      <ei-ms-id>956</ei-ms-id>
      <id>103314</id>
      <intensity>10.0</intensity>
      <mass-charge>56.0</mass-charge>
    </ei-ms-peak>
    <ei-ms-peak>
      <ei-ms-id>956</ei-ms-id>
      <id>103315</id>
      <intensity>140.0</intensity>
      <mass-charge>60.0</mass-charge>
    </ei-ms-peak>
    <ei-ms-peak>
      <ei-ms-id>956</ei-ms-id>
      <id>103316</id>
      <intensity>430.0</intensity>
      <mass-charge>61.0</mass-charge>
    </ei-ms-peak>
    <ei-ms-peak>
      <ei-ms-id>956</ei-ms-id>
      <id>103317</id>
      <intensity>80.0</intensity>
      <mass-charge>62.0</mass-charge>
    </ei-ms-peak>
    <ei-ms-peak>
      <ei-ms-id>956</ei-ms-id>
      <id>103318</id>
      <intensity>140.0</intensity>
      <mass-charge>63.0</mass-charge>
    </ei-ms-peak>
    <ei-ms-peak>
      <ei-ms-id>956</ei-ms-id>
      <id>103319</id>
      <intensity>80.0</intensity>
      <mass-charge>64.0</mass-charge>
    </ei-ms-peak>
    <ei-ms-peak>
      <ei-ms-id>956</ei-ms-id>
      <id>103320</id>
      <intensity>420.0</intensity>
      <mass-charge>65.0</mass-charge>
    </ei-ms-peak>
    <ei-ms-peak>
      <ei-ms-id>956</ei-ms-id>
      <id>103321</id>
      <intensity>440.0</intensity>
      <mass-charge>66.0</mass-charge>
    </ei-ms-peak>
    <ei-ms-peak>
      <ei-ms-id>956</ei-ms-id>
      <id>103322</id>
      <intensity>440.0</intensity>
      <mass-charge>67.0</mass-charge>
    </ei-ms-peak>
    <ei-ms-peak>
      <ei-ms-id>956</ei-ms-id>
      <id>103323</id>
      <intensity>100.0</intensity>
      <mass-charge>68.0</mass-charge>
    </ei-ms-peak>
    <ei-ms-peak>
      <ei-ms-id>956</ei-ms-id>
      <id>103324</id>
      <intensity>30.0</intensity>
      <mass-charge>69.0</mass-charge>
    </ei-ms-peak>
    <ei-ms-peak>
      <ei-ms-id>956</ei-ms-id>
      <id>103325</id>
      <intensity>50.0</intensity>
      <mass-charge>74.0</mass-charge>
    </ei-ms-peak>
    <ei-ms-peak>
      <ei-ms-id>956</ei-ms-id>
      <id>103326</id>
      <intensity>80.0</intensity>
      <mass-charge>75.0</mass-charge>
    </ei-ms-peak>
    <ei-ms-peak>
      <ei-ms-id>956</ei-ms-id>
      <id>103327</id>
      <intensity>150.0</intensity>
      <mass-charge>76.0</mass-charge>
    </ei-ms-peak>
    <ei-ms-peak>
      <ei-ms-id>956</ei-ms-id>
      <id>103328</id>
      <intensity>1280.0</intensity>
      <mass-charge>77.0</mass-charge>
    </ei-ms-peak>
    <ei-ms-peak>
      <ei-ms-id>956</ei-ms-id>
      <id>103329</id>
      <intensity>650.0</intensity>
      <mass-charge>78.0</mass-charge>
    </ei-ms-peak>
    <ei-ms-peak>
      <ei-ms-id>956</ei-ms-id>
      <id>103330</id>
      <intensity>180.0</intensity>
      <mass-charge>79.0</mass-charge>
    </ei-ms-peak>
    <ei-ms-peak>
      <ei-ms-id>956</ei-ms-id>
      <id>103331</id>
      <intensity>440.0</intensity>
      <mass-charge>80.0</mass-charge>
    </ei-ms-peak>
    <ei-ms-peak>
      <ei-ms-id>956</ei-ms-id>
      <id>103332</id>
      <intensity>160.0</intensity>
      <mass-charge>81.0</mass-charge>
    </ei-ms-peak>
    <ei-ms-peak>
      <ei-ms-id>956</ei-ms-id>
      <id>103333</id>
      <intensity>40.0</intensity>
      <mass-charge>82.0</mass-charge>
    </ei-ms-peak>
    <ei-ms-peak>
      <ei-ms-id>956</ei-ms-id>
      <id>103334</id>
      <intensity>20.0</intensity>
      <mass-charge>89.0</mass-charge>
    </ei-ms-peak>
    <ei-ms-peak>
      <ei-ms-id>956</ei-ms-id>
      <id>103335</id>
      <intensity>20.0</intensity>
      <mass-charge>90.0</mass-charge>
    </ei-ms-peak>
    <ei-ms-peak>
      <ei-ms-id>956</ei-ms-id>
      <id>103336</id>
      <intensity>40.0</intensity>
      <mass-charge>91.0</mass-charge>
    </ei-ms-peak>
    <ei-ms-peak>
      <ei-ms-id>956</ei-ms-id>
      <id>103337</id>
      <intensity>220.0</intensity>
      <mass-charge>92.0</mass-charge>
    </ei-ms-peak>
    <ei-ms-peak>
      <ei-ms-id>956</ei-ms-id>
      <id>103338</id>
      <intensity>690.0</intensity>
      <mass-charge>93.0</mass-charge>
    </ei-ms-peak>
    <ei-ms-peak>
      <ei-ms-id>956</ei-ms-id>
      <id>103339</id>
      <intensity>2180.0</intensity>
      <mass-charge>94.0</mass-charge>
    </ei-ms-peak>
    <ei-ms-peak>
      <ei-ms-id>956</ei-ms-id>
      <id>103340</id>
      <intensity>330.0</intensity>
      <mass-charge>95.0</mass-charge>
    </ei-ms-peak>
    <ei-ms-peak>
      <ei-ms-id>956</ei-ms-id>
      <id>103341</id>
      <intensity>50.0</intensity>
      <mass-charge>96.0</mass-charge>
    </ei-ms-peak>
    <ei-ms-peak>
      <ei-ms-id>956</ei-ms-id>
      <id>103342</id>
      <intensity>70.0</intensity>
      <mass-charge>102.0</mass-charge>
    </ei-ms-peak>
    <ei-ms-peak>
      <ei-ms-id>956</ei-ms-id>
      <id>103343</id>
      <intensity>40.0</intensity>
      <mass-charge>103.0</mass-charge>
    </ei-ms-peak>
    <ei-ms-peak>
      <ei-ms-id>956</ei-ms-id>
      <id>103344</id>
      <intensity>1480.0</intensity>
      <mass-charge>104.0</mass-charge>
    </ei-ms-peak>
    <ei-ms-peak>
      <ei-ms-id>956</ei-ms-id>
      <id>103345</id>
      <intensity>1500.0</intensity>
      <mass-charge>105.0</mass-charge>
    </ei-ms-peak>
    <ei-ms-peak>
      <ei-ms-id>956</ei-ms-id>
      <id>103346</id>
      <intensity>850.0</intensity>
      <mass-charge>106.0</mass-charge>
    </ei-ms-peak>
    <ei-ms-peak>
      <ei-ms-id>956</ei-ms-id>
      <id>103347</id>
      <intensity>80.0</intensity>
      <mass-charge>107.0</mass-charge>
    </ei-ms-peak>
    <ei-ms-peak>
      <ei-ms-id>956</ei-ms-id>
      <id>103348</id>
      <intensity>20.0</intensity>
      <mass-charge>118.0</mass-charge>
    </ei-ms-peak>
    <ei-ms-peak>
      <ei-ms-id>956</ei-ms-id>
      <id>103349</id>
      <intensity>220.0</intensity>
      <mass-charge>119.0</mass-charge>
    </ei-ms-peak>
    <ei-ms-peak>
      <ei-ms-id>956</ei-ms-id>
      <id>103350</id>
      <intensity>9999.0</intensity>
      <mass-charge>121.0</mass-charge>
    </ei-ms-peak>
    <ei-ms-peak>
      <ei-ms-id>956</ei-ms-id>
      <id>103351</id>
      <intensity>9599.0</intensity>
      <mass-charge>122.0</mass-charge>
    </ei-ms-peak>
    <ei-ms-peak>
      <ei-ms-id>956</ei-ms-id>
      <id>103352</id>
      <intensity>850.0</intensity>
      <mass-charge>123.0</mass-charge>
    </ei-ms-peak>
    <ei-ms-peak>
      <ei-ms-id>956</ei-ms-id>
      <id>103353</id>
      <intensity>30.0</intensity>
      <mass-charge>124.0</mass-charge>
    </ei-ms-peak>
  </ei-ms-peaks>
</ei-ms>
