<?xml version="1.0" encoding="UTF-8"?>
<ei-ms>
  <collection-date nil="true"/>
  <created-at>2014-09-20T16:18:50Z</created-at>
  <database-id>HMDB00863</database-id>
  <id>67</id>
  <inchi-key>KFZMGEQAYNKOFK-UHFFFAOYSA-N</inchi-key>
  <instrument-type nil="true"/>
  <molecule-id nil="true"/>
  <notes nil="true"/>
  <peak-counter>19</peak-counter>
  <sample-assessment nil="true"/>
  <sample-concentration nil="true"/>
  <sample-concentration-units nil="true"/>
  <sample-mass nil="true"/>
  <sample-mass-units nil="true"/>
  <sample-source nil="true"/>
  <solvent nil="true"/>
  <spectra-assessment nil="true"/>
  <updated-at>2014-09-20T16:18:50Z</updated-at>
  <references>
    <reference>
      <database>NIST</database>
      <database-id>67-63-0</database-id>
      <id>14939</id>
      <pubmed-id nil="true"/>
      <ref-text>NIST Mass Spec Data Center, S.E. Stein, director, "Mass Spectra" in NIST Chemistry WebBook, NIST Standard Reference Database Number 69, Eds. P.J. Linstrom and W.G. Mallard, National Institute of Standards and Technology, Gaithersburg MD, 20899, http://webbook.nist.gov, (retrieved September 6, 2014).</ref-text>
      <spectra-id>67</spectra-id>
      <spectra-type>EiMs</spectra-type>
    </reference>
  </references>
  <ei-ms-peaks>
    <ei-ms-peak>
      <ei-ms-id>67</ei-ms-id>
      <id>7084</id>
      <intensity>270.0</intensity>
      <mass-charge>14.0</mass-charge>
    </ei-ms-peak>
    <ei-ms-peak>
      <ei-ms-id>67</ei-ms-id>
      <id>7085</id>
      <intensity>951.0</intensity>
      <mass-charge>15.0</mass-charge>
    </ei-ms-peak>
    <ei-ms-peak>
      <ei-ms-id>67</ei-ms-id>
      <id>7086</id>
      <intensity>991.0</intensity>
      <mass-charge>19.0</mass-charge>
    </ei-ms-peak>
    <ei-ms-peak>
      <ei-ms-id>67</ei-ms-id>
      <id>7087</id>
      <intensity>250.0</intensity>
      <mass-charge>26.0</mass-charge>
    </ei-ms-peak>
    <ei-ms-peak>
      <ei-ms-id>67</ei-ms-id>
      <id>7088</id>
      <intensity>1682.0</intensity>
      <mass-charge>27.0</mass-charge>
    </ei-ms-peak>
    <ei-ms-peak>
      <ei-ms-id>67</ei-ms-id>
      <id>7089</id>
      <intensity>90.0</intensity>
      <mass-charge>28.0</mass-charge>
    </ei-ms-peak>
    <ei-ms-peak>
      <ei-ms-id>67</ei-ms-id>
      <id>7090</id>
      <intensity>1251.0</intensity>
      <mass-charge>29.0</mass-charge>
    </ei-ms-peak>
    <ei-ms-peak>
      <ei-ms-id>67</ei-ms-id>
      <id>7091</id>
      <intensity>681.0</intensity>
      <mass-charge>31.0</mass-charge>
    </ei-ms-peak>
    <ei-ms-peak>
      <ei-ms-id>67</ei-ms-id>
      <id>7092</id>
      <intensity>120.0</intensity>
      <mass-charge>37.0</mass-charge>
    </ei-ms-peak>
    <ei-ms-peak>
      <ei-ms-id>67</ei-ms-id>
      <id>7093</id>
      <intensity>200.0</intensity>
      <mass-charge>38.0</mass-charge>
    </ei-ms-peak>
    <ei-ms-peak>
      <ei-ms-id>67</ei-ms-id>
      <id>7094</id>
      <intensity>661.0</intensity>
      <mass-charge>39.0</mass-charge>
    </ei-ms-peak>
    <ei-ms-peak>
      <ei-ms-id>67</ei-ms-id>
      <id>7095</id>
      <intensity>821.0</intensity>
      <mass-charge>41.0</mass-charge>
    </ei-ms-peak>
    <ei-ms-peak>
      <ei-ms-id>67</ei-ms-id>
      <id>7096</id>
      <intensity>440.0</intensity>
      <mass-charge>42.0</mass-charge>
    </ei-ms-peak>
    <ei-ms-peak>
      <ei-ms-id>67</ei-ms-id>
      <id>7097</id>
      <intensity>1912.0</intensity>
      <mass-charge>43.0</mass-charge>
    </ei-ms-peak>
    <ei-ms-peak>
      <ei-ms-id>67</ei-ms-id>
      <id>7098</id>
      <intensity>420.0</intensity>
      <mass-charge>44.0</mass-charge>
    </ei-ms-peak>
    <ei-ms-peak>
      <ei-ms-id>67</ei-ms-id>
      <id>7099</id>
      <intensity>9999.0</intensity>
      <mass-charge>45.0</mass-charge>
    </ei-ms-peak>
    <ei-ms-peak>
      <ei-ms-id>67</ei-ms-id>
      <id>7100</id>
      <intensity>180.0</intensity>
      <mass-charge>46.0</mass-charge>
    </ei-ms-peak>
    <ei-ms-peak>
      <ei-ms-id>67</ei-ms-id>
      <id>7101</id>
      <intensity>380.0</intensity>
      <mass-charge>59.0</mass-charge>
    </ei-ms-peak>
    <ei-ms-peak>
      <ei-ms-id>67</ei-ms-id>
      <id>7102</id>
      <intensity>50.0</intensity>
      <mass-charge>60.0</mass-charge>
    </ei-ms-peak>
  </ei-ms-peaks>
</ei-ms>
