<?xml version="1.0" encoding="UTF-8"?>
<ei-ms>
  <collection-date nil="true"/>
  <created-at>2014-09-20T16:39:44Z</created-at>
  <database-id>HMDB14466</database-id>
  <id>924</id>
  <inchi-key>KRMDCWKBEZIMAB-UHFFFAOYSA-N</inchi-key>
  <instrument-type nil="true"/>
  <molecule-id nil="true"/>
  <notes nil="true"/>
  <peak-counter>108</peak-counter>
  <sample-assessment nil="true"/>
  <sample-concentration nil="true"/>
  <sample-concentration-units nil="true"/>
  <sample-mass nil="true"/>
  <sample-mass-units nil="true"/>
  <sample-source nil="true"/>
  <solvent nil="true"/>
  <spectra-assessment nil="true"/>
  <updated-at>2014-09-20T16:39:44Z</updated-at>
  <references>
    <reference>
      <database>NIST</database>
      <database-id>50-48-6</database-id>
      <id>15796</id>
      <pubmed-id nil="true"/>
      <ref-text>NIST Mass Spec Data Center, S.E. Stein, director, "Mass Spectra" in NIST Chemistry WebBook, NIST Standard Reference Database Number 69, Eds. P.J. Linstrom and W.G. Mallard, National Institute of Standards and Technology, Gaithersburg MD, 20899, http://webbook.nist.gov, (retrieved September 6, 2014).</ref-text>
      <spectra-id>924</spectra-id>
      <spectra-type>EiMs</spectra-type>
    </reference>
  </references>
  <ei-ms-peaks>
    <ei-ms-peak>
      <ei-ms-id>924</ei-ms-id>
      <id>100252</id>
      <intensity>17.0</intensity>
      <mass-charge>13.0</mass-charge>
    </ei-ms-peak>
    <ei-ms-peak>
      <ei-ms-id>924</ei-ms-id>
      <id>100253</id>
      <intensity>72.0</intensity>
      <mass-charge>15.0</mass-charge>
    </ei-ms-peak>
    <ei-ms-peak>
      <ei-ms-id>924</ei-ms-id>
      <id>100254</id>
      <intensity>67.0</intensity>
      <mass-charge>18.0</mass-charge>
    </ei-ms-peak>
    <ei-ms-peak>
      <ei-ms-id>924</ei-ms-id>
      <id>100255</id>
      <intensity>245.0</intensity>
      <mass-charge>28.0</mass-charge>
    </ei-ms-peak>
    <ei-ms-peak>
      <ei-ms-id>924</ei-ms-id>
      <id>100256</id>
      <intensity>390.0</intensity>
      <mass-charge>30.0</mass-charge>
    </ei-ms-peak>
    <ei-ms-peak>
      <ei-ms-id>924</ei-ms-id>
      <id>100257</id>
      <intensity>136.0</intensity>
      <mass-charge>31.0</mass-charge>
    </ei-ms-peak>
    <ei-ms-peak>
      <ei-ms-id>924</ei-ms-id>
      <id>100258</id>
      <intensity>25.0</intensity>
      <mass-charge>32.0</mass-charge>
    </ei-ms-peak>
    <ei-ms-peak>
      <ei-ms-id>924</ei-ms-id>
      <id>100259</id>
      <intensity>40.0</intensity>
      <mass-charge>40.0</mass-charge>
    </ei-ms-peak>
    <ei-ms-peak>
      <ei-ms-id>924</ei-ms-id>
      <id>100260</id>
      <intensity>74.0</intensity>
      <mass-charge>41.0</mass-charge>
    </ei-ms-peak>
    <ei-ms-peak>
      <ei-ms-id>924</ei-ms-id>
      <id>100261</id>
      <intensity>208.0</intensity>
      <mass-charge>42.0</mass-charge>
    </ei-ms-peak>
    <ei-ms-peak>
      <ei-ms-id>924</ei-ms-id>
      <id>100262</id>
      <intensity>126.0</intensity>
      <mass-charge>43.0</mass-charge>
    </ei-ms-peak>
    <ei-ms-peak>
      <ei-ms-id>924</ei-ms-id>
      <id>100263</id>
      <intensity>62.0</intensity>
      <mass-charge>44.0</mass-charge>
    </ei-ms-peak>
    <ei-ms-peak>
      <ei-ms-id>924</ei-ms-id>
      <id>100264</id>
      <intensity>94.0</intensity>
      <mass-charge>51.0</mass-charge>
    </ei-ms-peak>
    <ei-ms-peak>
      <ei-ms-id>924</ei-ms-id>
      <id>100265</id>
      <intensity>44.0</intensity>
      <mass-charge>53.0</mass-charge>
    </ei-ms-peak>
    <ei-ms-peak>
      <ei-ms-id>924</ei-ms-id>
      <id>100266</id>
      <intensity>15.0</intensity>
      <mass-charge>54.0</mass-charge>
    </ei-ms-peak>
    <ei-ms-peak>
      <ei-ms-id>924</ei-ms-id>
      <id>100267</id>
      <intensity>25.0</intensity>
      <mass-charge>55.0</mass-charge>
    </ei-ms-peak>
    <ei-ms-peak>
      <ei-ms-id>924</ei-ms-id>
      <id>100268</id>
      <intensity>257.0</intensity>
      <mass-charge>57.0</mass-charge>
    </ei-ms-peak>
    <ei-ms-peak>
      <ei-ms-id>924</ei-ms-id>
      <id>100269</id>
      <intensity>9999.0</intensity>
      <mass-charge>58.0</mass-charge>
    </ei-ms-peak>
    <ei-ms-peak>
      <ei-ms-id>924</ei-ms-id>
      <id>100270</id>
      <intensity>469.0</intensity>
      <mass-charge>59.0</mass-charge>
    </ei-ms-peak>
    <ei-ms-peak>
      <ei-ms-id>924</ei-ms-id>
      <id>100271</id>
      <intensity>32.0</intensity>
      <mass-charge>65.0</mass-charge>
    </ei-ms-peak>
    <ei-ms-peak>
      <ei-ms-id>924</ei-ms-id>
      <id>100272</id>
      <intensity>17.0</intensity>
      <mass-charge>70.0</mass-charge>
    </ei-ms-peak>
    <ei-ms-peak>
      <ei-ms-id>924</ei-ms-id>
      <id>100273</id>
      <intensity>42.0</intensity>
      <mass-charge>71.0</mass-charge>
    </ei-ms-peak>
    <ei-ms-peak>
      <ei-ms-id>924</ei-ms-id>
      <id>100274</id>
      <intensity>12.0</intensity>
      <mass-charge>72.0</mass-charge>
    </ei-ms-peak>
    <ei-ms-peak>
      <ei-ms-id>924</ei-ms-id>
      <id>100275</id>
      <intensity>15.0</intensity>
      <mass-charge>75.0</mass-charge>
    </ei-ms-peak>
    <ei-ms-peak>
      <ei-ms-id>924</ei-ms-id>
      <id>100276</id>
      <intensity>57.0</intensity>
      <mass-charge>76.0</mass-charge>
    </ei-ms-peak>
    <ei-ms-peak>
      <ei-ms-id>924</ei-ms-id>
      <id>100277</id>
      <intensity>17.0</intensity>
      <mass-charge>77.0</mass-charge>
    </ei-ms-peak>
    <ei-ms-peak>
      <ei-ms-id>924</ei-ms-id>
      <id>100278</id>
      <intensity>37.0</intensity>
      <mass-charge>82.0</mass-charge>
    </ei-ms-peak>
    <ei-ms-peak>
      <ei-ms-id>924</ei-ms-id>
      <id>100279</id>
      <intensity>44.0</intensity>
      <mass-charge>83.0</mass-charge>
    </ei-ms-peak>
    <ei-ms-peak>
      <ei-ms-id>924</ei-ms-id>
      <id>100280</id>
      <intensity>133.0</intensity>
      <mass-charge>84.0</mass-charge>
    </ei-ms-peak>
    <ei-ms-peak>
      <ei-ms-id>924</ei-ms-id>
      <id>100281</id>
      <intensity>20.0</intensity>
      <mass-charge>87.0</mass-charge>
    </ei-ms-peak>
    <ei-ms-peak>
      <ei-ms-id>924</ei-ms-id>
      <id>100282</id>
      <intensity>151.0</intensity>
      <mass-charge>88.0</mass-charge>
    </ei-ms-peak>
    <ei-ms-peak>
      <ei-ms-id>924</ei-ms-id>
      <id>100283</id>
      <intensity>44.0</intensity>
      <mass-charge>89.0</mass-charge>
    </ei-ms-peak>
    <ei-ms-peak>
      <ei-ms-id>924</ei-ms-id>
      <id>100284</id>
      <intensity>151.0</intensity>
      <mass-charge>91.0</mass-charge>
    </ei-ms-peak>
    <ei-ms-peak>
      <ei-ms-id>924</ei-ms-id>
      <id>100285</id>
      <intensity>32.0</intensity>
      <mass-charge>100.0</mass-charge>
    </ei-ms-peak>
    <ei-ms-peak>
      <ei-ms-id>924</ei-ms-id>
      <id>100286</id>
      <intensity>153.0</intensity>
      <mass-charge>101.0</mass-charge>
    </ei-ms-peak>
    <ei-ms-peak>
      <ei-ms-id>924</ei-ms-id>
      <id>100287</id>
      <intensity>111.0</intensity>
      <mass-charge>103.0</mass-charge>
    </ei-ms-peak>
    <ei-ms-peak>
      <ei-ms-id>924</ei-ms-id>
      <id>100288</id>
      <intensity>20.0</intensity>
      <mass-charge>105.0</mass-charge>
    </ei-ms-peak>
    <ei-ms-peak>
      <ei-ms-id>924</ei-ms-id>
      <id>100289</id>
      <intensity>40.0</intensity>
      <mass-charge>107.0</mass-charge>
    </ei-ms-peak>
    <ei-ms-peak>
      <ei-ms-id>924</ei-ms-id>
      <id>100290</id>
      <intensity>44.0</intensity>
      <mass-charge>110.0</mass-charge>
    </ei-ms-peak>
    <ei-ms-peak>
      <ei-ms-id>924</ei-ms-id>
      <id>100291</id>
      <intensity>114.0</intensity>
      <mass-charge>114.0</mass-charge>
    </ei-ms-peak>
    <ei-ms-peak>
      <ei-ms-id>924</ei-ms-id>
      <id>100292</id>
      <intensity>138.0</intensity>
      <mass-charge>115.0</mass-charge>
    </ei-ms-peak>
    <ei-ms-peak>
      <ei-ms-id>924</ei-ms-id>
      <id>100293</id>
      <intensity>37.0</intensity>
      <mass-charge>116.0</mass-charge>
    </ei-ms-peak>
    <ei-ms-peak>
      <ei-ms-id>924</ei-ms-id>
      <id>100294</id>
      <intensity>40.0</intensity>
      <mass-charge>117.0</mass-charge>
    </ei-ms-peak>
    <ei-ms-peak>
      <ei-ms-id>924</ei-ms-id>
      <id>100295</id>
      <intensity>94.0</intensity>
      <mass-charge>127.0</mass-charge>
    </ei-ms-peak>
    <ei-ms-peak>
      <ei-ms-id>924</ei-ms-id>
      <id>100296</id>
      <intensity>109.0</intensity>
      <mass-charge>128.0</mass-charge>
    </ei-ms-peak>
    <ei-ms-peak>
      <ei-ms-id>924</ei-ms-id>
      <id>100297</id>
      <intensity>91.0</intensity>
      <mass-charge>129.0</mass-charge>
    </ei-ms-peak>
    <ei-ms-peak>
      <ei-ms-id>924</ei-ms-id>
      <id>100298</id>
      <intensity>35.0</intensity>
      <mass-charge>130.0</mass-charge>
    </ei-ms-peak>
    <ei-ms-peak>
      <ei-ms-id>924</ei-ms-id>
      <id>100299</id>
      <intensity>20.0</intensity>
      <mass-charge>132.0</mass-charge>
    </ei-ms-peak>
    <ei-ms-peak>
      <ei-ms-id>924</ei-ms-id>
      <id>100300</id>
      <intensity>25.0</intensity>
      <mass-charge>137.0</mass-charge>
    </ei-ms-peak>
    <ei-ms-peak>
      <ei-ms-id>924</ei-ms-id>
      <id>100301</id>
      <intensity>126.0</intensity>
      <mass-charge>139.0</mass-charge>
    </ei-ms-peak>
    <ei-ms-peak>
      <ei-ms-id>924</ei-ms-id>
      <id>100302</id>
      <intensity>12.0</intensity>
      <mass-charge>141.0</mass-charge>
    </ei-ms-peak>
    <ei-ms-peak>
      <ei-ms-id>924</ei-ms-id>
      <id>100303</id>
      <intensity>124.0</intensity>
      <mass-charge>151.0</mass-charge>
    </ei-ms-peak>
    <ei-ms-peak>
      <ei-ms-id>924</ei-ms-id>
      <id>100304</id>
      <intensity>64.0</intensity>
      <mass-charge>152.0</mass-charge>
    </ei-ms-peak>
    <ei-ms-peak>
      <ei-ms-id>924</ei-ms-id>
      <id>100305</id>
      <intensity>32.0</intensity>
      <mass-charge>153.0</mass-charge>
    </ei-ms-peak>
    <ei-ms-peak>
      <ei-ms-id>924</ei-ms-id>
      <id>100306</id>
      <intensity>25.0</intensity>
      <mass-charge>155.0</mass-charge>
    </ei-ms-peak>
    <ei-ms-peak>
      <ei-ms-id>924</ei-ms-id>
      <id>100307</id>
      <intensity>15.0</intensity>
      <mass-charge>160.0</mass-charge>
    </ei-ms-peak>
    <ei-ms-peak>
      <ei-ms-id>924</ei-ms-id>
      <id>100308</id>
      <intensity>62.0</intensity>
      <mass-charge>162.0</mass-charge>
    </ei-ms-peak>
    <ei-ms-peak>
      <ei-ms-id>924</ei-ms-id>
      <id>100309</id>
      <intensity>57.0</intensity>
      <mass-charge>163.0</mass-charge>
    </ei-ms-peak>
    <ei-ms-peak>
      <ei-ms-id>924</ei-ms-id>
      <id>100310</id>
      <intensity>96.0</intensity>
      <mass-charge>165.0</mass-charge>
    </ei-ms-peak>
    <ei-ms-peak>
      <ei-ms-id>924</ei-ms-id>
      <id>100311</id>
      <intensity>15.0</intensity>
      <mass-charge>166.0</mass-charge>
    </ei-ms-peak>
    <ei-ms-peak>
      <ei-ms-id>924</ei-ms-id>
      <id>100312</id>
      <intensity>42.0</intensity>
      <mass-charge>167.0</mass-charge>
    </ei-ms-peak>
    <ei-ms-peak>
      <ei-ms-id>924</ei-ms-id>
      <id>100313</id>
      <intensity>59.0</intensity>
      <mass-charge>174.0</mass-charge>
    </ei-ms-peak>
    <ei-ms-peak>
      <ei-ms-id>924</ei-ms-id>
      <id>100314</id>
      <intensity>22.0</intensity>
      <mass-charge>175.0</mass-charge>
    </ei-ms-peak>
    <ei-ms-peak>
      <ei-ms-id>924</ei-ms-id>
      <id>100315</id>
      <intensity>94.0</intensity>
      <mass-charge>176.0</mass-charge>
    </ei-ms-peak>
    <ei-ms-peak>
      <ei-ms-id>924</ei-ms-id>
      <id>100316</id>
      <intensity>178.0</intensity>
      <mass-charge>178.0</mass-charge>
    </ei-ms-peak>
    <ei-ms-peak>
      <ei-ms-id>924</ei-ms-id>
      <id>100317</id>
      <intensity>49.0</intensity>
      <mass-charge>179.0</mass-charge>
    </ei-ms-peak>
    <ei-ms-peak>
      <ei-ms-id>924</ei-ms-id>
      <id>100318</id>
      <intensity>12.0</intensity>
      <mass-charge>180.0</mass-charge>
    </ei-ms-peak>
    <ei-ms-peak>
      <ei-ms-id>924</ei-ms-id>
      <id>100319</id>
      <intensity>37.0</intensity>
      <mass-charge>182.0</mass-charge>
    </ei-ms-peak>
    <ei-ms-peak>
      <ei-ms-id>924</ei-ms-id>
      <id>100320</id>
      <intensity>54.0</intensity>
      <mass-charge>184.0</mass-charge>
    </ei-ms-peak>
    <ei-ms-peak>
      <ei-ms-id>924</ei-ms-id>
      <id>100321</id>
      <intensity>22.0</intensity>
      <mass-charge>186.0</mass-charge>
    </ei-ms-peak>
    <ei-ms-peak>
      <ei-ms-id>924</ei-ms-id>
      <id>100322</id>
      <intensity>52.0</intensity>
      <mass-charge>188.0</mass-charge>
    </ei-ms-peak>
    <ei-ms-peak>
      <ei-ms-id>924</ei-ms-id>
      <id>100323</id>
      <intensity>121.0</intensity>
      <mass-charge>189.0</mass-charge>
    </ei-ms-peak>
    <ei-ms-peak>
      <ei-ms-id>924</ei-ms-id>
      <id>100324</id>
      <intensity>104.0</intensity>
      <mass-charge>190.0</mass-charge>
    </ei-ms-peak>
    <ei-ms-peak>
      <ei-ms-id>924</ei-ms-id>
      <id>100325</id>
      <intensity>82.0</intensity>
      <mass-charge>191.0</mass-charge>
    </ei-ms-peak>
    <ei-ms-peak>
      <ei-ms-id>924</ei-ms-id>
      <id>100326</id>
      <intensity>156.0</intensity>
      <mass-charge>192.0</mass-charge>
    </ei-ms-peak>
    <ei-ms-peak>
      <ei-ms-id>924</ei-ms-id>
      <id>100327</id>
      <intensity>64.0</intensity>
      <mass-charge>193.0</mass-charge>
    </ei-ms-peak>
    <ei-ms-peak>
      <ei-ms-id>924</ei-ms-id>
      <id>100328</id>
      <intensity>15.0</intensity>
      <mass-charge>195.0</mass-charge>
    </ei-ms-peak>
    <ei-ms-peak>
      <ei-ms-id>924</ei-ms-id>
      <id>100329</id>
      <intensity>35.0</intensity>
      <mass-charge>198.0</mass-charge>
    </ei-ms-peak>
    <ei-ms-peak>
      <ei-ms-id>924</ei-ms-id>
      <id>100330</id>
      <intensity>52.0</intensity>
      <mass-charge>199.0</mass-charge>
    </ei-ms-peak>
    <ei-ms-peak>
      <ei-ms-id>924</ei-ms-id>
      <id>100331</id>
      <intensity>37.0</intensity>
      <mass-charge>200.0</mass-charge>
    </ei-ms-peak>
    <ei-ms-peak>
      <ei-ms-id>924</ei-ms-id>
      <id>100332</id>
      <intensity>114.0</intensity>
      <mass-charge>201.0</mass-charge>
    </ei-ms-peak>
    <ei-ms-peak>
      <ei-ms-id>924</ei-ms-id>
      <id>100333</id>
      <intensity>230.0</intensity>
      <mass-charge>202.0</mass-charge>
    </ei-ms-peak>
    <ei-ms-peak>
      <ei-ms-id>924</ei-ms-id>
      <id>100334</id>
      <intensity>161.0</intensity>
      <mass-charge>203.0</mass-charge>
    </ei-ms-peak>
    <ei-ms-peak>
      <ei-ms-id>924</ei-ms-id>
      <id>100335</id>
      <intensity>79.0</intensity>
      <mass-charge>204.0</mass-charge>
    </ei-ms-peak>
    <ei-ms-peak>
      <ei-ms-id>924</ei-ms-id>
      <id>100336</id>
      <intensity>109.0</intensity>
      <mass-charge>205.0</mass-charge>
    </ei-ms-peak>
    <ei-ms-peak>
      <ei-ms-id>924</ei-ms-id>
      <id>100337</id>
      <intensity>77.0</intensity>
      <mass-charge>210.0</mass-charge>
    </ei-ms-peak>
    <ei-ms-peak>
      <ei-ms-id>924</ei-ms-id>
      <id>100338</id>
      <intensity>49.0</intensity>
      <mass-charge>213.0</mass-charge>
    </ei-ms-peak>
    <ei-ms-peak>
      <ei-ms-id>924</ei-ms-id>
      <id>100339</id>
      <intensity>99.0</intensity>
      <mass-charge>214.0</mass-charge>
    </ei-ms-peak>
    <ei-ms-peak>
      <ei-ms-id>924</ei-ms-id>
      <id>100340</id>
      <intensity>138.0</intensity>
      <mass-charge>215.0</mass-charge>
    </ei-ms-peak>
    <ei-ms-peak>
      <ei-ms-id>924</ei-ms-id>
      <id>100341</id>
      <intensity>114.0</intensity>
      <mass-charge>216.0</mass-charge>
    </ei-ms-peak>
    <ei-ms-peak>
      <ei-ms-id>924</ei-ms-id>
      <id>100342</id>
      <intensity>180.0</intensity>
      <mass-charge>217.0</mass-charge>
    </ei-ms-peak>
    <ei-ms-peak>
      <ei-ms-id>924</ei-ms-id>
      <id>100343</id>
      <intensity>99.0</intensity>
      <mass-charge>218.0</mass-charge>
    </ei-ms-peak>
    <ei-ms-peak>
      <ei-ms-id>924</ei-ms-id>
      <id>100344</id>
      <intensity>128.0</intensity>
      <mass-charge>219.0</mass-charge>
    </ei-ms-peak>
    <ei-ms-peak>
      <ei-ms-id>924</ei-ms-id>
      <id>100345</id>
      <intensity>163.0</intensity>
      <mass-charge>226.0</mass-charge>
    </ei-ms-peak>
    <ei-ms-peak>
      <ei-ms-id>924</ei-ms-id>
      <id>100346</id>
      <intensity>25.0</intensity>
      <mass-charge>227.0</mass-charge>
    </ei-ms-peak>
    <ei-ms-peak>
      <ei-ms-id>924</ei-ms-id>
      <id>100347</id>
      <intensity>40.0</intensity>
      <mass-charge>228.0</mass-charge>
    </ei-ms-peak>
    <ei-ms-peak>
      <ei-ms-id>924</ei-ms-id>
      <id>100348</id>
      <intensity>168.0</intensity>
      <mass-charge>229.0</mass-charge>
    </ei-ms-peak>
    <ei-ms-peak>
      <ei-ms-id>924</ei-ms-id>
      <id>100349</id>
      <intensity>69.0</intensity>
      <mass-charge>230.0</mass-charge>
    </ei-ms-peak>
    <ei-ms-peak>
      <ei-ms-id>924</ei-ms-id>
      <id>100350</id>
      <intensity>99.0</intensity>
      <mass-charge>232.0</mass-charge>
    </ei-ms-peak>
    <ei-ms-peak>
      <ei-ms-id>924</ei-ms-id>
      <id>100351</id>
      <intensity>22.0</intensity>
      <mass-charge>233.0</mass-charge>
    </ei-ms-peak>
    <ei-ms-peak>
      <ei-ms-id>924</ei-ms-id>
      <id>100352</id>
      <intensity>62.0</intensity>
      <mass-charge>240.0</mass-charge>
    </ei-ms-peak>
    <ei-ms-peak>
      <ei-ms-id>924</ei-ms-id>
      <id>100353</id>
      <intensity>47.0</intensity>
      <mass-charge>258.0</mass-charge>
    </ei-ms-peak>
    <ei-ms-peak>
      <ei-ms-id>924</ei-ms-id>
      <id>100354</id>
      <intensity>22.0</intensity>
      <mass-charge>259.0</mass-charge>
    </ei-ms-peak>
    <ei-ms-peak>
      <ei-ms-id>924</ei-ms-id>
      <id>100355</id>
      <intensity>86.0</intensity>
      <mass-charge>273.0</mass-charge>
    </ei-ms-peak>
    <ei-ms-peak>
      <ei-ms-id>924</ei-ms-id>
      <id>100356</id>
      <intensity>208.0</intensity>
      <mass-charge>275.0</mass-charge>
    </ei-ms-peak>
    <ei-ms-peak>
      <ei-ms-id>924</ei-ms-id>
      <id>100357</id>
      <intensity>35.0</intensity>
      <mass-charge>276.0</mass-charge>
    </ei-ms-peak>
    <ei-ms-peak>
      <ei-ms-id>924</ei-ms-id>
      <id>100358</id>
      <intensity>30.0</intensity>
      <mass-charge>277.0</mass-charge>
    </ei-ms-peak>
    <ei-ms-peak>
      <ei-ms-id>924</ei-ms-id>
      <id>100359</id>
      <intensity>20.0</intensity>
      <mass-charge>278.0</mass-charge>
    </ei-ms-peak>
  </ei-ms-peaks>
</ei-ms>
