<?xml version="1.0" encoding="UTF-8"?>
<ei-ms>
  <collection-date nil="true"/>
  <created-at>2014-09-20T16:38:05Z</created-at>
  <database-id>HMDB00474</database-id>
  <id>848</id>
  <inchi-key>ZWEHNKRNPOVVGH-UHFFFAOYSA-N</inchi-key>
  <instrument-type nil="true"/>
  <molecule-id nil="true"/>
  <notes nil="true"/>
  <peak-counter>14</peak-counter>
  <sample-assessment nil="true"/>
  <sample-concentration nil="true"/>
  <sample-concentration-units nil="true"/>
  <sample-mass nil="true"/>
  <sample-mass-units nil="true"/>
  <sample-source nil="true"/>
  <solvent nil="true"/>
  <spectra-assessment nil="true"/>
  <updated-at>2014-09-20T16:38:05Z</updated-at>
  <references>
    <reference>
      <database>NIST</database>
      <database-id>78-93-3</database-id>
      <id>15720</id>
      <pubmed-id nil="true"/>
      <ref-text>NIST Mass Spec Data Center, S.E. Stein, director, "Mass Spectra" in NIST Chemistry WebBook, NIST Standard Reference Database Number 69, Eds. P.J. Linstrom and W.G. Mallard, National Institute of Standards and Technology, Gaithersburg MD, 20899, http://webbook.nist.gov, (retrieved September 6, 2014).</ref-text>
      <spectra-id>848</spectra-id>
      <spectra-type>EiMs</spectra-type>
    </reference>
  </references>
  <ei-ms-peaks>
    <ei-ms-peak>
      <ei-ms-id>848</ei-ms-id>
      <id>93577</id>
      <intensity>400.0</intensity>
      <mass-charge>15.0</mass-charge>
    </ei-ms-peak>
    <ei-ms-peak>
      <ei-ms-id>848</ei-ms-id>
      <id>93578</id>
      <intensity>100.0</intensity>
      <mass-charge>26.0</mass-charge>
    </ei-ms-peak>
    <ei-ms-peak>
      <ei-ms-id>848</ei-ms-id>
      <id>93579</id>
      <intensity>800.0</intensity>
      <mass-charge>27.0</mass-charge>
    </ei-ms-peak>
    <ei-ms-peak>
      <ei-ms-id>848</ei-ms-id>
      <id>93580</id>
      <intensity>300.0</intensity>
      <mass-charge>28.0</mass-charge>
    </ei-ms-peak>
    <ei-ms-peak>
      <ei-ms-id>848</ei-ms-id>
      <id>93581</id>
      <intensity>1700.0</intensity>
      <mass-charge>29.0</mass-charge>
    </ei-ms-peak>
    <ei-ms-peak>
      <ei-ms-id>848</ei-ms-id>
      <id>93582</id>
      <intensity>200.0</intensity>
      <mass-charge>39.0</mass-charge>
    </ei-ms-peak>
    <ei-ms-peak>
      <ei-ms-id>848</ei-ms-id>
      <id>93583</id>
      <intensity>100.0</intensity>
      <mass-charge>41.0</mass-charge>
    </ei-ms-peak>
    <ei-ms-peak>
      <ei-ms-id>848</ei-ms-id>
      <id>93584</id>
      <intensity>300.0</intensity>
      <mass-charge>42.0</mass-charge>
    </ei-ms-peak>
    <ei-ms-peak>
      <ei-ms-id>848</ei-ms-id>
      <id>93585</id>
      <intensity>9999.0</intensity>
      <mass-charge>43.0</mass-charge>
    </ei-ms-peak>
    <ei-ms-peak>
      <ei-ms-id>848</ei-ms-id>
      <id>93586</id>
      <intensity>300.0</intensity>
      <mass-charge>44.0</mass-charge>
    </ei-ms-peak>
    <ei-ms-peak>
      <ei-ms-id>848</ei-ms-id>
      <id>93587</id>
      <intensity>800.0</intensity>
      <mass-charge>57.0</mass-charge>
    </ei-ms-peak>
    <ei-ms-peak>
      <ei-ms-id>848</ei-ms-id>
      <id>93588</id>
      <intensity>100.0</intensity>
      <mass-charge>71.0</mass-charge>
    </ei-ms-peak>
    <ei-ms-peak>
      <ei-ms-id>848</ei-ms-id>
      <id>93589</id>
      <intensity>2500.0</intensity>
      <mass-charge>72.0</mass-charge>
    </ei-ms-peak>
    <ei-ms-peak>
      <ei-ms-id>848</ei-ms-id>
      <id>93590</id>
      <intensity>100.0</intensity>
      <mass-charge>73.0</mass-charge>
    </ei-ms-peak>
  </ei-ms-peaks>
</ei-ms>
