<?xml version="1.0" encoding="UTF-8"?>
<ei-ms>
  <collection-date nil="true"/>
  <created-at>2014-09-20T16:40:29Z</created-at>
  <database-id>HMDB14373</database-id>
  <id>960</id>
  <inchi-key>JPGQOUSTVILISH-UHFFFAOYSA-N</inchi-key>
  <instrument-type nil="true"/>
  <molecule-id nil="true"/>
  <notes nil="true"/>
  <peak-counter>58</peak-counter>
  <sample-assessment nil="true"/>
  <sample-concentration nil="true"/>
  <sample-concentration-units nil="true"/>
  <sample-mass nil="true"/>
  <sample-mass-units nil="true"/>
  <sample-source nil="true"/>
  <solvent nil="true"/>
  <spectra-assessment nil="true"/>
  <updated-at>2014-09-20T16:40:29Z</updated-at>
  <references>
    <reference>
      <database>NIST</database>
      <database-id>13838-16-9</database-id>
      <id>15832</id>
      <pubmed-id nil="true"/>
      <ref-text>NIST Mass Spec Data Center, S.E. Stein, director, "Mass Spectra" in NIST Chemistry WebBook, NIST Standard Reference Database Number 69, Eds. P.J. Linstrom and W.G. Mallard, National Institute of Standards and Technology, Gaithersburg MD, 20899, http://webbook.nist.gov, (retrieved September 6, 2014).</ref-text>
      <spectra-id>960</spectra-id>
      <spectra-type>EiMs</spectra-type>
    </reference>
  </references>
  <ei-ms-peaks>
    <ei-ms-peak>
      <ei-ms-id>960</ei-ms-id>
      <id>103696</id>
      <intensity>642.0</intensity>
      <mass-charge>29.0</mass-charge>
    </ei-ms-peak>
    <ei-ms-peak>
      <ei-ms-id>960</ei-ms-id>
      <id>103697</id>
      <intensity>601.0</intensity>
      <mass-charge>31.0</mass-charge>
    </ei-ms-peak>
    <ei-ms-peak>
      <ei-ms-id>960</ei-ms-id>
      <id>103698</id>
      <intensity>22.0</intensity>
      <mass-charge>33.0</mass-charge>
    </ei-ms-peak>
    <ei-ms-peak>
      <ei-ms-id>960</ei-ms-id>
      <id>103699</id>
      <intensity>38.0</intensity>
      <mass-charge>35.0</mass-charge>
    </ei-ms-peak>
    <ei-ms-peak>
      <ei-ms-id>960</ei-ms-id>
      <id>103700</id>
      <intensity>20.0</intensity>
      <mass-charge>36.0</mass-charge>
    </ei-ms-peak>
    <ei-ms-peak>
      <ei-ms-id>960</ei-ms-id>
      <id>103701</id>
      <intensity>21.0</intensity>
      <mass-charge>39.0</mass-charge>
    </ei-ms-peak>
    <ei-ms-peak>
      <ei-ms-id>960</ei-ms-id>
      <id>103702</id>
      <intensity>47.0</intensity>
      <mass-charge>41.0</mass-charge>
    </ei-ms-peak>
    <ei-ms-peak>
      <ei-ms-id>960</ei-ms-id>
      <id>103703</id>
      <intensity>14.0</intensity>
      <mass-charge>42.0</mass-charge>
    </ei-ms-peak>
    <ei-ms-peak>
      <ei-ms-id>960</ei-ms-id>
      <id>103704</id>
      <intensity>38.0</intensity>
      <mass-charge>43.0</mass-charge>
    </ei-ms-peak>
    <ei-ms-peak>
      <ei-ms-id>960</ei-ms-id>
      <id>103705</id>
      <intensity>60.0</intensity>
      <mass-charge>44.0</mass-charge>
    </ei-ms-peak>
    <ei-ms-peak>
      <ei-ms-id>960</ei-ms-id>
      <id>103706</id>
      <intensity>34.0</intensity>
      <mass-charge>45.0</mass-charge>
    </ei-ms-peak>
    <ei-ms-peak>
      <ei-ms-id>960</ei-ms-id>
      <id>103707</id>
      <intensity>216.0</intensity>
      <mass-charge>47.0</mass-charge>
    </ei-ms-peak>
    <ei-ms-peak>
      <ei-ms-id>960</ei-ms-id>
      <id>103708</id>
      <intensity>190.0</intensity>
      <mass-charge>48.0</mass-charge>
    </ei-ms-peak>
    <ei-ms-peak>
      <ei-ms-id>960</ei-ms-id>
      <id>103709</id>
      <intensity>45.0</intensity>
      <mass-charge>49.0</mass-charge>
    </ei-ms-peak>
    <ei-ms-peak>
      <ei-ms-id>960</ei-ms-id>
      <id>103710</id>
      <intensity>183.0</intensity>
      <mass-charge>50.0</mass-charge>
    </ei-ms-peak>
    <ei-ms-peak>
      <ei-ms-id>960</ei-ms-id>
      <id>103711</id>
      <intensity>9999.0</intensity>
      <mass-charge>51.0</mass-charge>
    </ei-ms-peak>
    <ei-ms-peak>
      <ei-ms-id>960</ei-ms-id>
      <id>103712</id>
      <intensity>132.0</intensity>
      <mass-charge>52.0</mass-charge>
    </ei-ms-peak>
    <ei-ms-peak>
      <ei-ms-id>960</ei-ms-id>
      <id>103713</id>
      <intensity>31.0</intensity>
      <mass-charge>55.0</mass-charge>
    </ei-ms-peak>
    <ei-ms-peak>
      <ei-ms-id>960</ei-ms-id>
      <id>103714</id>
      <intensity>16.0</intensity>
      <mass-charge>56.0</mass-charge>
    </ei-ms-peak>
    <ei-ms-peak>
      <ei-ms-id>960</ei-ms-id>
      <id>103715</id>
      <intensity>45.0</intensity>
      <mass-charge>57.0</mass-charge>
    </ei-ms-peak>
    <ei-ms-peak>
      <ei-ms-id>960</ei-ms-id>
      <id>103716</id>
      <intensity>64.0</intensity>
      <mass-charge>60.0</mass-charge>
    </ei-ms-peak>
    <ei-ms-peak>
      <ei-ms-id>960</ei-ms-id>
      <id>103717</id>
      <intensity>23.0</intensity>
      <mass-charge>62.0</mass-charge>
    </ei-ms-peak>
    <ei-ms-peak>
      <ei-ms-id>960</ei-ms-id>
      <id>103718</id>
      <intensity>58.0</intensity>
      <mass-charge>63.0</mass-charge>
    </ei-ms-peak>
    <ei-ms-peak>
      <ei-ms-id>960</ei-ms-id>
      <id>103719</id>
      <intensity>65.0</intensity>
      <mass-charge>66.0</mass-charge>
    </ei-ms-peak>
    <ei-ms-peak>
      <ei-ms-id>960</ei-ms-id>
      <id>103720</id>
      <intensity>3875.0</intensity>
      <mass-charge>67.0</mass-charge>
    </ei-ms-peak>
    <ei-ms-peak>
      <ei-ms-id>960</ei-ms-id>
      <id>103721</id>
      <intensity>66.0</intensity>
      <mass-charge>68.0</mass-charge>
    </ei-ms-peak>
    <ei-ms-peak>
      <ei-ms-id>960</ei-ms-id>
      <id>103722</id>
      <intensity>1319.0</intensity>
      <mass-charge>69.0</mass-charge>
    </ei-ms-peak>
    <ei-ms-peak>
      <ei-ms-id>960</ei-ms-id>
      <id>103723</id>
      <intensity>19.0</intensity>
      <mass-charge>70.0</mass-charge>
    </ei-ms-peak>
    <ei-ms-peak>
      <ei-ms-id>960</ei-ms-id>
      <id>103724</id>
      <intensity>37.0</intensity>
      <mass-charge>71.0</mass-charge>
    </ei-ms-peak>
    <ei-ms-peak>
      <ei-ms-id>960</ei-ms-id>
      <id>103725</id>
      <intensity>39.0</intensity>
      <mass-charge>77.0</mass-charge>
    </ei-ms-peak>
    <ei-ms-peak>
      <ei-ms-id>960</ei-ms-id>
      <id>103726</id>
      <intensity>19.0</intensity>
      <mass-charge>78.0</mass-charge>
    </ei-ms-peak>
    <ei-ms-peak>
      <ei-ms-id>960</ei-ms-id>
      <id>103727</id>
      <intensity>35.0</intensity>
      <mass-charge>79.0</mass-charge>
    </ei-ms-peak>
    <ei-ms-peak>
      <ei-ms-id>960</ei-ms-id>
      <id>103728</id>
      <intensity>12.0</intensity>
      <mass-charge>80.0</mass-charge>
    </ei-ms-peak>
    <ei-ms-peak>
      <ei-ms-id>960</ei-ms-id>
      <id>103729</id>
      <intensity>32.0</intensity>
      <mass-charge>81.0</mass-charge>
    </ei-ms-peak>
    <ei-ms-peak>
      <ei-ms-id>960</ei-ms-id>
      <id>103730</id>
      <intensity>197.0</intensity>
      <mass-charge>82.0</mass-charge>
    </ei-ms-peak>
    <ei-ms-peak>
      <ei-ms-id>960</ei-ms-id>
      <id>103731</id>
      <intensity>20.0</intensity>
      <mass-charge>83.0</mass-charge>
    </ei-ms-peak>
    <ei-ms-peak>
      <ei-ms-id>960</ei-ms-id>
      <id>103732</id>
      <intensity>38.0</intensity>
      <mass-charge>85.0</mass-charge>
    </ei-ms-peak>
    <ei-ms-peak>
      <ei-ms-id>960</ei-ms-id>
      <id>103733</id>
      <intensity>19.0</intensity>
      <mass-charge>87.0</mass-charge>
    </ei-ms-peak>
    <ei-ms-peak>
      <ei-ms-id>960</ei-ms-id>
      <id>103734</id>
      <intensity>51.0</intensity>
      <mass-charge>91.0</mass-charge>
    </ei-ms-peak>
    <ei-ms-peak>
      <ei-ms-id>960</ei-ms-id>
      <id>103735</id>
      <intensity>41.0</intensity>
      <mass-charge>95.0</mass-charge>
    </ei-ms-peak>
    <ei-ms-peak>
      <ei-ms-id>960</ei-ms-id>
      <id>103736</id>
      <intensity>34.0</intensity>
      <mass-charge>97.0</mass-charge>
    </ei-ms-peak>
    <ei-ms-peak>
      <ei-ms-id>960</ei-ms-id>
      <id>103737</id>
      <intensity>66.0</intensity>
      <mass-charge>98.0</mass-charge>
    </ei-ms-peak>
    <ei-ms-peak>
      <ei-ms-id>960</ei-ms-id>
      <id>103738</id>
      <intensity>40.0</intensity>
      <mass-charge>99.0</mass-charge>
    </ei-ms-peak>
    <ei-ms-peak>
      <ei-ms-id>960</ei-ms-id>
      <id>103739</id>
      <intensity>26.0</intensity>
      <mass-charge>100.0</mass-charge>
    </ei-ms-peak>
    <ei-ms-peak>
      <ei-ms-id>960</ei-ms-id>
      <id>103740</id>
      <intensity>478.0</intensity>
      <mass-charge>101.0</mass-charge>
    </ei-ms-peak>
    <ei-ms-peak>
      <ei-ms-id>960</ei-ms-id>
      <id>103741</id>
      <intensity>20.0</intensity>
      <mass-charge>102.0</mass-charge>
    </ei-ms-peak>
    <ei-ms-peak>
      <ei-ms-id>960</ei-ms-id>
      <id>103742</id>
      <intensity>91.0</intensity>
      <mass-charge>105.0</mass-charge>
    </ei-ms-peak>
    <ei-ms-peak>
      <ei-ms-id>960</ei-ms-id>
      <id>103743</id>
      <intensity>15.0</intensity>
      <mass-charge>106.0</mass-charge>
    </ei-ms-peak>
    <ei-ms-peak>
      <ei-ms-id>960</ei-ms-id>
      <id>103744</id>
      <intensity>37.0</intensity>
      <mass-charge>111.0</mass-charge>
    </ei-ms-peak>
    <ei-ms-peak>
      <ei-ms-id>960</ei-ms-id>
      <id>103745</id>
      <intensity>22.0</intensity>
      <mass-charge>114.0</mass-charge>
    </ei-ms-peak>
    <ei-ms-peak>
      <ei-ms-id>960</ei-ms-id>
      <id>103746</id>
      <intensity>57.0</intensity>
      <mass-charge>116.0</mass-charge>
    </ei-ms-peak>
    <ei-ms-peak>
      <ei-ms-id>960</ei-ms-id>
      <id>103747</id>
      <intensity>4828.0</intensity>
      <mass-charge>117.0</mass-charge>
    </ei-ms-peak>
    <ei-ms-peak>
      <ei-ms-id>960</ei-ms-id>
      <id>103748</id>
      <intensity>463.0</intensity>
      <mass-charge>118.0</mass-charge>
    </ei-ms-peak>
    <ei-ms-peak>
      <ei-ms-id>960</ei-ms-id>
      <id>103749</id>
      <intensity>712.0</intensity>
      <mass-charge>119.0</mass-charge>
    </ei-ms-peak>
    <ei-ms-peak>
      <ei-ms-id>960</ei-ms-id>
      <id>103750</id>
      <intensity>128.0</intensity>
      <mass-charge>120.0</mass-charge>
    </ei-ms-peak>
    <ei-ms-peak>
      <ei-ms-id>960</ei-ms-id>
      <id>103751</id>
      <intensity>129.0</intensity>
      <mass-charge>133.0</mass-charge>
    </ei-ms-peak>
    <ei-ms-peak>
      <ei-ms-id>960</ei-ms-id>
      <id>103752</id>
      <intensity>48.0</intensity>
      <mass-charge>135.0</mass-charge>
    </ei-ms-peak>
    <ei-ms-peak>
      <ei-ms-id>960</ei-ms-id>
      <id>103753</id>
      <intensity>38.0</intensity>
      <mass-charge>149.0</mass-charge>
    </ei-ms-peak>
  </ei-ms-peaks>
</ei-ms>
