<?xml version="1.0" encoding="UTF-8"?>
<ei-ms>
  <collection-date nil="true"/>
  <created-at>2014-09-20T16:27:45Z</created-at>
  <database-id>HMDB41866</database-id>
  <id>424</id>
  <inchi-key>OWZREIFADZCYQD-NSHGMRRFSA-N</inchi-key>
  <instrument-type nil="true"/>
  <molecule-id nil="true"/>
  <notes nil="true"/>
  <peak-counter>244</peak-counter>
  <sample-assessment nil="true"/>
  <sample-concentration nil="true"/>
  <sample-concentration-units nil="true"/>
  <sample-mass nil="true"/>
  <sample-mass-units nil="true"/>
  <sample-source nil="true"/>
  <solvent nil="true"/>
  <spectra-assessment nil="true"/>
  <updated-at>2014-09-20T16:27:45Z</updated-at>
  <references>
    <reference>
      <database>NIST</database>
      <database-id>52918-63-5</database-id>
      <id>15296</id>
      <pubmed-id nil="true"/>
      <ref-text>NIST Mass Spec Data Center, S.E. Stein, director, "Mass Spectra" in NIST Chemistry WebBook, NIST Standard Reference Database Number 69, Eds. P.J. Linstrom and W.G. Mallard, National Institute of Standards and Technology, Gaithersburg MD, 20899, http://webbook.nist.gov, (retrieved September 6, 2014).</ref-text>
      <spectra-id>424</spectra-id>
      <spectra-type>EiMs</spectra-type>
    </reference>
  </references>
  <ei-ms-peaks>
    <ei-ms-peak>
      <ei-ms-id>424</ei-ms-id>
      <id>47280</id>
      <intensity>20.0</intensity>
      <mass-charge>26.0</mass-charge>
    </ei-ms-peak>
    <ei-ms-peak>
      <ei-ms-id>424</ei-ms-id>
      <id>47281</id>
      <intensity>290.0</intensity>
      <mass-charge>27.0</mass-charge>
    </ei-ms-peak>
    <ei-ms-peak>
      <ei-ms-id>424</ei-ms-id>
      <id>47282</id>
      <intensity>130.0</intensity>
      <mass-charge>29.0</mass-charge>
    </ei-ms-peak>
    <ei-ms-peak>
      <ei-ms-id>424</ei-ms-id>
      <id>47283</id>
      <intensity>30.0</intensity>
      <mass-charge>37.0</mass-charge>
    </ei-ms-peak>
    <ei-ms-peak>
      <ei-ms-id>424</ei-ms-id>
      <id>47284</id>
      <intensity>190.0</intensity>
      <mass-charge>38.0</mass-charge>
    </ei-ms-peak>
    <ei-ms-peak>
      <ei-ms-id>424</ei-ms-id>
      <id>47285</id>
      <intensity>1140.0</intensity>
      <mass-charge>39.0</mass-charge>
    </ei-ms-peak>
    <ei-ms-peak>
      <ei-ms-id>424</ei-ms-id>
      <id>47286</id>
      <intensity>150.0</intensity>
      <mass-charge>40.0</mass-charge>
    </ei-ms-peak>
    <ei-ms-peak>
      <ei-ms-id>424</ei-ms-id>
      <id>47287</id>
      <intensity>1030.0</intensity>
      <mass-charge>41.0</mass-charge>
    </ei-ms-peak>
    <ei-ms-peak>
      <ei-ms-id>424</ei-ms-id>
      <id>47288</id>
      <intensity>80.0</intensity>
      <mass-charge>42.0</mass-charge>
    </ei-ms-peak>
    <ei-ms-peak>
      <ei-ms-id>424</ei-ms-id>
      <id>47289</id>
      <intensity>860.0</intensity>
      <mass-charge>43.0</mass-charge>
    </ei-ms-peak>
    <ei-ms-peak>
      <ei-ms-id>424</ei-ms-id>
      <id>47290</id>
      <intensity>80.0</intensity>
      <mass-charge>44.0</mass-charge>
    </ei-ms-peak>
    <ei-ms-peak>
      <ei-ms-id>424</ei-ms-id>
      <id>47291</id>
      <intensity>30.0</intensity>
      <mass-charge>45.0</mass-charge>
    </ei-ms-peak>
    <ei-ms-peak>
      <ei-ms-id>424</ei-ms-id>
      <id>47292</id>
      <intensity>20.0</intensity>
      <mass-charge>49.0</mass-charge>
    </ei-ms-peak>
    <ei-ms-peak>
      <ei-ms-id>424</ei-ms-id>
      <id>47293</id>
      <intensity>520.0</intensity>
      <mass-charge>50.0</mass-charge>
    </ei-ms-peak>
    <ei-ms-peak>
      <ei-ms-id>424</ei-ms-id>
      <id>47294</id>
      <intensity>2190.0</intensity>
      <mass-charge>51.0</mass-charge>
    </ei-ms-peak>
    <ei-ms-peak>
      <ei-ms-id>424</ei-ms-id>
      <id>47295</id>
      <intensity>330.0</intensity>
      <mass-charge>52.0</mass-charge>
    </ei-ms-peak>
    <ei-ms-peak>
      <ei-ms-id>424</ei-ms-id>
      <id>47296</id>
      <intensity>570.0</intensity>
      <mass-charge>53.0</mass-charge>
    </ei-ms-peak>
    <ei-ms-peak>
      <ei-ms-id>424</ei-ms-id>
      <id>47297</id>
      <intensity>70.0</intensity>
      <mass-charge>54.0</mass-charge>
    </ei-ms-peak>
    <ei-ms-peak>
      <ei-ms-id>424</ei-ms-id>
      <id>47298</id>
      <intensity>490.0</intensity>
      <mass-charge>55.0</mass-charge>
    </ei-ms-peak>
    <ei-ms-peak>
      <ei-ms-id>424</ei-ms-id>
      <id>47299</id>
      <intensity>20.0</intensity>
      <mass-charge>56.0</mass-charge>
    </ei-ms-peak>
    <ei-ms-peak>
      <ei-ms-id>424</ei-ms-id>
      <id>47300</id>
      <intensity>10.0</intensity>
      <mass-charge>57.0</mass-charge>
    </ei-ms-peak>
    <ei-ms-peak>
      <ei-ms-id>424</ei-ms-id>
      <id>47301</id>
      <intensity>40.0</intensity>
      <mass-charge>59.0</mass-charge>
    </ei-ms-peak>
    <ei-ms-peak>
      <ei-ms-id>424</ei-ms-id>
      <id>47302</id>
      <intensity>20.0</intensity>
      <mass-charge>61.0</mass-charge>
    </ei-ms-peak>
    <ei-ms-peak>
      <ei-ms-id>424</ei-ms-id>
      <id>47303</id>
      <intensity>210.0</intensity>
      <mass-charge>62.0</mass-charge>
    </ei-ms-peak>
    <ei-ms-peak>
      <ei-ms-id>424</ei-ms-id>
      <id>47304</id>
      <intensity>500.0</intensity>
      <mass-charge>63.0</mass-charge>
    </ei-ms-peak>
    <ei-ms-peak>
      <ei-ms-id>424</ei-ms-id>
      <id>47305</id>
      <intensity>280.0</intensity>
      <mass-charge>64.0</mass-charge>
    </ei-ms-peak>
    <ei-ms-peak>
      <ei-ms-id>424</ei-ms-id>
      <id>47306</id>
      <intensity>1160.0</intensity>
      <mass-charge>65.0</mass-charge>
    </ei-ms-peak>
    <ei-ms-peak>
      <ei-ms-id>424</ei-ms-id>
      <id>47307</id>
      <intensity>250.0</intensity>
      <mass-charge>66.0</mass-charge>
    </ei-ms-peak>
    <ei-ms-peak>
      <ei-ms-id>424</ei-ms-id>
      <id>47308</id>
      <intensity>280.0</intensity>
      <mass-charge>67.0</mass-charge>
    </ei-ms-peak>
    <ei-ms-peak>
      <ei-ms-id>424</ei-ms-id>
      <id>47309</id>
      <intensity>70.0</intensity>
      <mass-charge>68.0</mass-charge>
    </ei-ms-peak>
    <ei-ms-peak>
      <ei-ms-id>424</ei-ms-id>
      <id>47310</id>
      <intensity>80.0</intensity>
      <mass-charge>69.0</mass-charge>
    </ei-ms-peak>
    <ei-ms-peak>
      <ei-ms-id>424</ei-ms-id>
      <id>47311</id>
      <intensity>20.0</intensity>
      <mass-charge>70.0</mass-charge>
    </ei-ms-peak>
    <ei-ms-peak>
      <ei-ms-id>424</ei-ms-id>
      <id>47312</id>
      <intensity>20.0</intensity>
      <mass-charge>71.0</mass-charge>
    </ei-ms-peak>
    <ei-ms-peak>
      <ei-ms-id>424</ei-ms-id>
      <id>47313</id>
      <intensity>10.0</intensity>
      <mass-charge>73.0</mass-charge>
    </ei-ms-peak>
    <ei-ms-peak>
      <ei-ms-id>424</ei-ms-id>
      <id>47314</id>
      <intensity>100.0</intensity>
      <mass-charge>74.0</mass-charge>
    </ei-ms-peak>
    <ei-ms-peak>
      <ei-ms-id>424</ei-ms-id>
      <id>47315</id>
      <intensity>240.0</intensity>
      <mass-charge>75.0</mass-charge>
    </ei-ms-peak>
    <ei-ms-peak>
      <ei-ms-id>424</ei-ms-id>
      <id>47316</id>
      <intensity>590.0</intensity>
      <mass-charge>76.0</mass-charge>
    </ei-ms-peak>
    <ei-ms-peak>
      <ei-ms-id>424</ei-ms-id>
      <id>47317</id>
      <intensity>4450.0</intensity>
      <mass-charge>77.0</mass-charge>
    </ei-ms-peak>
    <ei-ms-peak>
      <ei-ms-id>424</ei-ms-id>
      <id>47318</id>
      <intensity>960.0</intensity>
      <mass-charge>78.0</mass-charge>
    </ei-ms-peak>
    <ei-ms-peak>
      <ei-ms-id>424</ei-ms-id>
      <id>47319</id>
      <intensity>530.0</intensity>
      <mass-charge>79.0</mass-charge>
    </ei-ms-peak>
    <ei-ms-peak>
      <ei-ms-id>424</ei-ms-id>
      <id>47320</id>
      <intensity>270.0</intensity>
      <mass-charge>80.0</mass-charge>
    </ei-ms-peak>
    <ei-ms-peak>
      <ei-ms-id>424</ei-ms-id>
      <id>47321</id>
      <intensity>220.0</intensity>
      <mass-charge>81.0</mass-charge>
    </ei-ms-peak>
    <ei-ms-peak>
      <ei-ms-id>424</ei-ms-id>
      <id>47322</id>
      <intensity>90.0</intensity>
      <mass-charge>82.0</mass-charge>
    </ei-ms-peak>
    <ei-ms-peak>
      <ei-ms-id>424</ei-ms-id>
      <id>47323</id>
      <intensity>580.0</intensity>
      <mass-charge>83.0</mass-charge>
    </ei-ms-peak>
    <ei-ms-peak>
      <ei-ms-id>424</ei-ms-id>
      <id>47324</id>
      <intensity>30.0</intensity>
      <mass-charge>84.0</mass-charge>
    </ei-ms-peak>
    <ei-ms-peak>
      <ei-ms-id>424</ei-ms-id>
      <id>47325</id>
      <intensity>10.0</intensity>
      <mass-charge>85.0</mass-charge>
    </ei-ms-peak>
    <ei-ms-peak>
      <ei-ms-id>424</ei-ms-id>
      <id>47326</id>
      <intensity>10.0</intensity>
      <mass-charge>86.0</mass-charge>
    </ei-ms-peak>
    <ei-ms-peak>
      <ei-ms-id>424</ei-ms-id>
      <id>47327</id>
      <intensity>80.0</intensity>
      <mass-charge>87.0</mass-charge>
    </ei-ms-peak>
    <ei-ms-peak>
      <ei-ms-id>424</ei-ms-id>
      <id>47328</id>
      <intensity>430.0</intensity>
      <mass-charge>88.0</mass-charge>
    </ei-ms-peak>
    <ei-ms-peak>
      <ei-ms-id>424</ei-ms-id>
      <id>47329</id>
      <intensity>310.0</intensity>
      <mass-charge>89.0</mass-charge>
    </ei-ms-peak>
    <ei-ms-peak>
      <ei-ms-id>424</ei-ms-id>
      <id>47330</id>
      <intensity>10.0</intensity>
      <mass-charge>90.0</mass-charge>
    </ei-ms-peak>
    <ei-ms-peak>
      <ei-ms-id>424</ei-ms-id>
      <id>47331</id>
      <intensity>3250.0</intensity>
      <mass-charge>91.0</mass-charge>
    </ei-ms-peak>
    <ei-ms-peak>
      <ei-ms-id>424</ei-ms-id>
      <id>47332</id>
      <intensity>2620.0</intensity>
      <mass-charge>92.0</mass-charge>
    </ei-ms-peak>
    <ei-ms-peak>
      <ei-ms-id>424</ei-ms-id>
      <id>47333</id>
      <intensity>3740.0</intensity>
      <mass-charge>93.0</mass-charge>
    </ei-ms-peak>
    <ei-ms-peak>
      <ei-ms-id>424</ei-ms-id>
      <id>47334</id>
      <intensity>460.0</intensity>
      <mass-charge>94.0</mass-charge>
    </ei-ms-peak>
    <ei-ms-peak>
      <ei-ms-id>424</ei-ms-id>
      <id>47335</id>
      <intensity>160.0</intensity>
      <mass-charge>95.0</mass-charge>
    </ei-ms-peak>
    <ei-ms-peak>
      <ei-ms-id>424</ei-ms-id>
      <id>47336</id>
      <intensity>110.0</intensity>
      <mass-charge>96.0</mass-charge>
    </ei-ms-peak>
    <ei-ms-peak>
      <ei-ms-id>424</ei-ms-id>
      <id>47337</id>
      <intensity>50.0</intensity>
      <mass-charge>97.0</mass-charge>
    </ei-ms-peak>
    <ei-ms-peak>
      <ei-ms-id>424</ei-ms-id>
      <id>47338</id>
      <intensity>10.0</intensity>
      <mass-charge>98.0</mass-charge>
    </ei-ms-peak>
    <ei-ms-peak>
      <ei-ms-id>424</ei-ms-id>
      <id>47339</id>
      <intensity>20.0</intensity>
      <mass-charge>99.0</mass-charge>
    </ei-ms-peak>
    <ei-ms-peak>
      <ei-ms-id>424</ei-ms-id>
      <id>47340</id>
      <intensity>20.0</intensity>
      <mass-charge>100.0</mass-charge>
    </ei-ms-peak>
    <ei-ms-peak>
      <ei-ms-id>424</ei-ms-id>
      <id>47341</id>
      <intensity>40.0</intensity>
      <mass-charge>101.0</mass-charge>
    </ei-ms-peak>
    <ei-ms-peak>
      <ei-ms-id>424</ei-ms-id>
      <id>47342</id>
      <intensity>120.0</intensity>
      <mass-charge>102.0</mass-charge>
    </ei-ms-peak>
    <ei-ms-peak>
      <ei-ms-id>424</ei-ms-id>
      <id>47343</id>
      <intensity>300.0</intensity>
      <mass-charge>103.0</mass-charge>
    </ei-ms-peak>
    <ei-ms-peak>
      <ei-ms-id>424</ei-ms-id>
      <id>47344</id>
      <intensity>100.0</intensity>
      <mass-charge>104.0</mass-charge>
    </ei-ms-peak>
    <ei-ms-peak>
      <ei-ms-id>424</ei-ms-id>
      <id>47345</id>
      <intensity>80.0</intensity>
      <mass-charge>105.0</mass-charge>
    </ei-ms-peak>
    <ei-ms-peak>
      <ei-ms-id>424</ei-ms-id>
      <id>47346</id>
      <intensity>50.0</intensity>
      <mass-charge>106.0</mass-charge>
    </ei-ms-peak>
    <ei-ms-peak>
      <ei-ms-id>424</ei-ms-id>
      <id>47347</id>
      <intensity>110.0</intensity>
      <mass-charge>107.0</mass-charge>
    </ei-ms-peak>
    <ei-ms-peak>
      <ei-ms-id>424</ei-ms-id>
      <id>47348</id>
      <intensity>60.0</intensity>
      <mass-charge>108.0</mass-charge>
    </ei-ms-peak>
    <ei-ms-peak>
      <ei-ms-id>424</ei-ms-id>
      <id>47349</id>
      <intensity>210.0</intensity>
      <mass-charge>109.0</mass-charge>
    </ei-ms-peak>
    <ei-ms-peak>
      <ei-ms-id>424</ei-ms-id>
      <id>47350</id>
      <intensity>20.0</intensity>
      <mass-charge>110.0</mass-charge>
    </ei-ms-peak>
    <ei-ms-peak>
      <ei-ms-id>424</ei-ms-id>
      <id>47351</id>
      <intensity>40.0</intensity>
      <mass-charge>111.0</mass-charge>
    </ei-ms-peak>
    <ei-ms-peak>
      <ei-ms-id>424</ei-ms-id>
      <id>47352</id>
      <intensity>10.0</intensity>
      <mass-charge>112.0</mass-charge>
    </ei-ms-peak>
    <ei-ms-peak>
      <ei-ms-id>424</ei-ms-id>
      <id>47353</id>
      <intensity>50.0</intensity>
      <mass-charge>113.0</mass-charge>
    </ei-ms-peak>
    <ei-ms-peak>
      <ei-ms-id>424</ei-ms-id>
      <id>47354</id>
      <intensity>760.0</intensity>
      <mass-charge>114.0</mass-charge>
    </ei-ms-peak>
    <ei-ms-peak>
      <ei-ms-id>424</ei-ms-id>
      <id>47355</id>
      <intensity>1290.0</intensity>
      <mass-charge>115.0</mass-charge>
    </ei-ms-peak>
    <ei-ms-peak>
      <ei-ms-id>424</ei-ms-id>
      <id>47356</id>
      <intensity>370.0</intensity>
      <mass-charge>116.0</mass-charge>
    </ei-ms-peak>
    <ei-ms-peak>
      <ei-ms-id>424</ei-ms-id>
      <id>47357</id>
      <intensity>500.0</intensity>
      <mass-charge>117.0</mass-charge>
    </ei-ms-peak>
    <ei-ms-peak>
      <ei-ms-id>424</ei-ms-id>
      <id>47358</id>
      <intensity>60.0</intensity>
      <mass-charge>118.0</mass-charge>
    </ei-ms-peak>
    <ei-ms-peak>
      <ei-ms-id>424</ei-ms-id>
      <id>47359</id>
      <intensity>570.0</intensity>
      <mass-charge>119.0</mass-charge>
    </ei-ms-peak>
    <ei-ms-peak>
      <ei-ms-id>424</ei-ms-id>
      <id>47360</id>
      <intensity>90.0</intensity>
      <mass-charge>120.0</mass-charge>
    </ei-ms-peak>
    <ei-ms-peak>
      <ei-ms-id>424</ei-ms-id>
      <id>47361</id>
      <intensity>180.0</intensity>
      <mass-charge>121.0</mass-charge>
    </ei-ms-peak>
    <ei-ms-peak>
      <ei-ms-id>424</ei-ms-id>
      <id>47362</id>
      <intensity>20.0</intensity>
      <mass-charge>122.0</mass-charge>
    </ei-ms-peak>
    <ei-ms-peak>
      <ei-ms-id>424</ei-ms-id>
      <id>47363</id>
      <intensity>20.0</intensity>
      <mass-charge>123.0</mass-charge>
    </ei-ms-peak>
    <ei-ms-peak>
      <ei-ms-id>424</ei-ms-id>
      <id>47364</id>
      <intensity>50.0</intensity>
      <mass-charge>125.0</mass-charge>
    </ei-ms-peak>
    <ei-ms-peak>
      <ei-ms-id>424</ei-ms-id>
      <id>47365</id>
      <intensity>80.0</intensity>
      <mass-charge>126.0</mass-charge>
    </ei-ms-peak>
    <ei-ms-peak>
      <ei-ms-id>424</ei-ms-id>
      <id>47366</id>
      <intensity>410.0</intensity>
      <mass-charge>127.0</mass-charge>
    </ei-ms-peak>
    <ei-ms-peak>
      <ei-ms-id>424</ei-ms-id>
      <id>47367</id>
      <intensity>190.0</intensity>
      <mass-charge>128.0</mass-charge>
    </ei-ms-peak>
    <ei-ms-peak>
      <ei-ms-id>424</ei-ms-id>
      <id>47368</id>
      <intensity>110.0</intensity>
      <mass-charge>129.0</mass-charge>
    </ei-ms-peak>
    <ei-ms-peak>
      <ei-ms-id>424</ei-ms-id>
      <id>47369</id>
      <intensity>120.0</intensity>
      <mass-charge>130.0</mass-charge>
    </ei-ms-peak>
    <ei-ms-peak>
      <ei-ms-id>424</ei-ms-id>
      <id>47370</id>
      <intensity>250.0</intensity>
      <mass-charge>131.0</mass-charge>
    </ei-ms-peak>
    <ei-ms-peak>
      <ei-ms-id>424</ei-ms-id>
      <id>47371</id>
      <intensity>150.0</intensity>
      <mass-charge>132.0</mass-charge>
    </ei-ms-peak>
    <ei-ms-peak>
      <ei-ms-id>424</ei-ms-id>
      <id>47372</id>
      <intensity>150.0</intensity>
      <mass-charge>133.0</mass-charge>
    </ei-ms-peak>
    <ei-ms-peak>
      <ei-ms-id>424</ei-ms-id>
      <id>47373</id>
      <intensity>30.0</intensity>
      <mass-charge>134.0</mass-charge>
    </ei-ms-peak>
    <ei-ms-peak>
      <ei-ms-id>424</ei-ms-id>
      <id>47374</id>
      <intensity>70.0</intensity>
      <mass-charge>135.0</mass-charge>
    </ei-ms-peak>
    <ei-ms-peak>
      <ei-ms-id>424</ei-ms-id>
      <id>47375</id>
      <intensity>40.0</intensity>
      <mass-charge>136.0</mass-charge>
    </ei-ms-peak>
    <ei-ms-peak>
      <ei-ms-id>424</ei-ms-id>
      <id>47376</id>
      <intensity>450.0</intensity>
      <mass-charge>137.0</mass-charge>
    </ei-ms-peak>
    <ei-ms-peak>
      <ei-ms-id>424</ei-ms-id>
      <id>47377</id>
      <intensity>50.0</intensity>
      <mass-charge>138.0</mass-charge>
    </ei-ms-peak>
    <ei-ms-peak>
      <ei-ms-id>424</ei-ms-id>
      <id>47378</id>
      <intensity>310.0</intensity>
      <mass-charge>139.0</mass-charge>
    </ei-ms-peak>
    <ei-ms-peak>
      <ei-ms-id>424</ei-ms-id>
      <id>47379</id>
      <intensity>290.0</intensity>
      <mass-charge>140.0</mass-charge>
    </ei-ms-peak>
    <ei-ms-peak>
      <ei-ms-id>424</ei-ms-id>
      <id>47380</id>
      <intensity>680.0</intensity>
      <mass-charge>141.0</mass-charge>
    </ei-ms-peak>
    <ei-ms-peak>
      <ei-ms-id>424</ei-ms-id>
      <id>47381</id>
      <intensity>120.0</intensity>
      <mass-charge>142.0</mass-charge>
    </ei-ms-peak>
    <ei-ms-peak>
      <ei-ms-id>424</ei-ms-id>
      <id>47382</id>
      <intensity>60.0</intensity>
      <mass-charge>143.0</mass-charge>
    </ei-ms-peak>
    <ei-ms-peak>
      <ei-ms-id>424</ei-ms-id>
      <id>47383</id>
      <intensity>100.0</intensity>
      <mass-charge>144.0</mass-charge>
    </ei-ms-peak>
    <ei-ms-peak>
      <ei-ms-id>424</ei-ms-id>
      <id>47384</id>
      <intensity>80.0</intensity>
      <mass-charge>145.0</mass-charge>
    </ei-ms-peak>
    <ei-ms-peak>
      <ei-ms-id>424</ei-ms-id>
      <id>47385</id>
      <intensity>60.0</intensity>
      <mass-charge>146.0</mass-charge>
    </ei-ms-peak>
    <ei-ms-peak>
      <ei-ms-id>424</ei-ms-id>
      <id>47386</id>
      <intensity>50.0</intensity>
      <mass-charge>147.0</mass-charge>
    </ei-ms-peak>
    <ei-ms-peak>
      <ei-ms-id>424</ei-ms-id>
      <id>47387</id>
      <intensity>10.0</intensity>
      <mass-charge>148.0</mass-charge>
    </ei-ms-peak>
    <ei-ms-peak>
      <ei-ms-id>424</ei-ms-id>
      <id>47388</id>
      <intensity>20.0</intensity>
      <mass-charge>149.0</mass-charge>
    </ei-ms-peak>
    <ei-ms-peak>
      <ei-ms-id>424</ei-ms-id>
      <id>47389</id>
      <intensity>60.0</intensity>
      <mass-charge>150.0</mass-charge>
    </ei-ms-peak>
    <ei-ms-peak>
      <ei-ms-id>424</ei-ms-id>
      <id>47390</id>
      <intensity>530.0</intensity>
      <mass-charge>151.0</mass-charge>
    </ei-ms-peak>
    <ei-ms-peak>
      <ei-ms-id>424</ei-ms-id>
      <id>47391</id>
      <intensity>2030.0</intensity>
      <mass-charge>152.0</mass-charge>
    </ei-ms-peak>
    <ei-ms-peak>
      <ei-ms-id>424</ei-ms-id>
      <id>47392</id>
      <intensity>1260.0</intensity>
      <mass-charge>153.0</mass-charge>
    </ei-ms-peak>
    <ei-ms-peak>
      <ei-ms-id>424</ei-ms-id>
      <id>47393</id>
      <intensity>290.0</intensity>
      <mass-charge>154.0</mass-charge>
    </ei-ms-peak>
    <ei-ms-peak>
      <ei-ms-id>424</ei-ms-id>
      <id>47394</id>
      <intensity>90.0</intensity>
      <mass-charge>155.0</mass-charge>
    </ei-ms-peak>
    <ei-ms-peak>
      <ei-ms-id>424</ei-ms-id>
      <id>47395</id>
      <intensity>70.0</intensity>
      <mass-charge>156.0</mass-charge>
    </ei-ms-peak>
    <ei-ms-peak>
      <ei-ms-id>424</ei-ms-id>
      <id>47396</id>
      <intensity>130.0</intensity>
      <mass-charge>157.0</mass-charge>
    </ei-ms-peak>
    <ei-ms-peak>
      <ei-ms-id>424</ei-ms-id>
      <id>47397</id>
      <intensity>70.0</intensity>
      <mass-charge>158.0</mass-charge>
    </ei-ms-peak>
    <ei-ms-peak>
      <ei-ms-id>424</ei-ms-id>
      <id>47398</id>
      <intensity>200.0</intensity>
      <mass-charge>159.0</mass-charge>
    </ei-ms-peak>
    <ei-ms-peak>
      <ei-ms-id>424</ei-ms-id>
      <id>47399</id>
      <intensity>40.0</intensity>
      <mass-charge>160.0</mass-charge>
    </ei-ms-peak>
    <ei-ms-peak>
      <ei-ms-id>424</ei-ms-id>
      <id>47400</id>
      <intensity>80.0</intensity>
      <mass-charge>161.0</mass-charge>
    </ei-ms-peak>
    <ei-ms-peak>
      <ei-ms-id>424</ei-ms-id>
      <id>47401</id>
      <intensity>30.0</intensity>
      <mass-charge>162.0</mass-charge>
    </ei-ms-peak>
    <ei-ms-peak>
      <ei-ms-id>424</ei-ms-id>
      <id>47402</id>
      <intensity>50.0</intensity>
      <mass-charge>163.0</mass-charge>
    </ei-ms-peak>
    <ei-ms-peak>
      <ei-ms-id>424</ei-ms-id>
      <id>47403</id>
      <intensity>60.0</intensity>
      <mass-charge>164.0</mass-charge>
    </ei-ms-peak>
    <ei-ms-peak>
      <ei-ms-id>424</ei-ms-id>
      <id>47404</id>
      <intensity>60.0</intensity>
      <mass-charge>165.0</mass-charge>
    </ei-ms-peak>
    <ei-ms-peak>
      <ei-ms-id>424</ei-ms-id>
      <id>47405</id>
      <intensity>70.0</intensity>
      <mass-charge>166.0</mass-charge>
    </ei-ms-peak>
    <ei-ms-peak>
      <ei-ms-id>424</ei-ms-id>
      <id>47406</id>
      <intensity>40.0</intensity>
      <mass-charge>167.0</mass-charge>
    </ei-ms-peak>
    <ei-ms-peak>
      <ei-ms-id>424</ei-ms-id>
      <id>47407</id>
      <intensity>590.0</intensity>
      <mass-charge>168.0</mass-charge>
    </ei-ms-peak>
    <ei-ms-peak>
      <ei-ms-id>424</ei-ms-id>
      <id>47408</id>
      <intensity>380.0</intensity>
      <mass-charge>169.0</mass-charge>
    </ei-ms-peak>
    <ei-ms-peak>
      <ei-ms-id>424</ei-ms-id>
      <id>47409</id>
      <intensity>180.0</intensity>
      <mass-charge>170.0</mass-charge>
    </ei-ms-peak>
    <ei-ms-peak>
      <ei-ms-id>424</ei-ms-id>
      <id>47410</id>
      <intensity>420.0</intensity>
      <mass-charge>171.0</mass-charge>
    </ei-ms-peak>
    <ei-ms-peak>
      <ei-ms-id>424</ei-ms-id>
      <id>47411</id>
      <intensity>3020.0</intensity>
      <mass-charge>172.0</mass-charge>
    </ei-ms-peak>
    <ei-ms-peak>
      <ei-ms-id>424</ei-ms-id>
      <id>47412</id>
      <intensity>720.0</intensity>
      <mass-charge>173.0</mass-charge>
    </ei-ms-peak>
    <ei-ms-peak>
      <ei-ms-id>424</ei-ms-id>
      <id>47413</id>
      <intensity>2830.0</intensity>
      <mass-charge>174.0</mass-charge>
    </ei-ms-peak>
    <ei-ms-peak>
      <ei-ms-id>424</ei-ms-id>
      <id>47414</id>
      <intensity>450.0</intensity>
      <mass-charge>175.0</mass-charge>
    </ei-ms-peak>
    <ei-ms-peak>
      <ei-ms-id>424</ei-ms-id>
      <id>47415</id>
      <intensity>40.0</intensity>
      <mass-charge>176.0</mass-charge>
    </ei-ms-peak>
    <ei-ms-peak>
      <ei-ms-id>424</ei-ms-id>
      <id>47416</id>
      <intensity>210.0</intensity>
      <mass-charge>177.0</mass-charge>
    </ei-ms-peak>
    <ei-ms-peak>
      <ei-ms-id>424</ei-ms-id>
      <id>47417</id>
      <intensity>310.0</intensity>
      <mass-charge>178.0</mass-charge>
    </ei-ms-peak>
    <ei-ms-peak>
      <ei-ms-id>424</ei-ms-id>
      <id>47418</id>
      <intensity>200.0</intensity>
      <mass-charge>179.0</mass-charge>
    </ei-ms-peak>
    <ei-ms-peak>
      <ei-ms-id>424</ei-ms-id>
      <id>47419</id>
      <intensity>1830.0</intensity>
      <mass-charge>180.0</mass-charge>
    </ei-ms-peak>
    <ei-ms-peak>
      <ei-ms-id>424</ei-ms-id>
      <id>47420</id>
      <intensity>9999.0</intensity>
      <mass-charge>181.0</mass-charge>
    </ei-ms-peak>
    <ei-ms-peak>
      <ei-ms-id>424</ei-ms-id>
      <id>47421</id>
      <intensity>1430.0</intensity>
      <mass-charge>182.0</mass-charge>
    </ei-ms-peak>
    <ei-ms-peak>
      <ei-ms-id>424</ei-ms-id>
      <id>47422</id>
      <intensity>130.0</intensity>
      <mass-charge>183.0</mass-charge>
    </ei-ms-peak>
    <ei-ms-peak>
      <ei-ms-id>424</ei-ms-id>
      <id>47423</id>
      <intensity>20.0</intensity>
      <mass-charge>184.0</mass-charge>
    </ei-ms-peak>
    <ei-ms-peak>
      <ei-ms-id>424</ei-ms-id>
      <id>47424</id>
      <intensity>30.0</intensity>
      <mass-charge>185.0</mass-charge>
    </ei-ms-peak>
    <ei-ms-peak>
      <ei-ms-id>424</ei-ms-id>
      <id>47425</id>
      <intensity>90.0</intensity>
      <mass-charge>187.0</mass-charge>
    </ei-ms-peak>
    <ei-ms-peak>
      <ei-ms-id>424</ei-ms-id>
      <id>47426</id>
      <intensity>70.0</intensity>
      <mass-charge>188.0</mass-charge>
    </ei-ms-peak>
    <ei-ms-peak>
      <ei-ms-id>424</ei-ms-id>
      <id>47427</id>
      <intensity>100.0</intensity>
      <mass-charge>189.0</mass-charge>
    </ei-ms-peak>
    <ei-ms-peak>
      <ei-ms-id>424</ei-ms-id>
      <id>47428</id>
      <intensity>270.0</intensity>
      <mass-charge>190.0</mass-charge>
    </ei-ms-peak>
    <ei-ms-peak>
      <ei-ms-id>424</ei-ms-id>
      <id>47429</id>
      <intensity>70.0</intensity>
      <mass-charge>191.0</mass-charge>
    </ei-ms-peak>
    <ei-ms-peak>
      <ei-ms-id>424</ei-ms-id>
      <id>47430</id>
      <intensity>20.0</intensity>
      <mass-charge>192.0</mass-charge>
    </ei-ms-peak>
    <ei-ms-peak>
      <ei-ms-id>424</ei-ms-id>
      <id>47431</id>
      <intensity>60.0</intensity>
      <mass-charge>193.0</mass-charge>
    </ei-ms-peak>
    <ei-ms-peak>
      <ei-ms-id>424</ei-ms-id>
      <id>47432</id>
      <intensity>50.0</intensity>
      <mass-charge>194.0</mass-charge>
    </ei-ms-peak>
    <ei-ms-peak>
      <ei-ms-id>424</ei-ms-id>
      <id>47433</id>
      <intensity>30.0</intensity>
      <mass-charge>195.0</mass-charge>
    </ei-ms-peak>
    <ei-ms-peak>
      <ei-ms-id>424</ei-ms-id>
      <id>47434</id>
      <intensity>20.0</intensity>
      <mass-charge>196.0</mass-charge>
    </ei-ms-peak>
    <ei-ms-peak>
      <ei-ms-id>424</ei-ms-id>
      <id>47435</id>
      <intensity>670.0</intensity>
      <mass-charge>197.0</mass-charge>
    </ei-ms-peak>
    <ei-ms-peak>
      <ei-ms-id>424</ei-ms-id>
      <id>47436</id>
      <intensity>180.0</intensity>
      <mass-charge>198.0</mass-charge>
    </ei-ms-peak>
    <ei-ms-peak>
      <ei-ms-id>424</ei-ms-id>
      <id>47437</id>
      <intensity>480.0</intensity>
      <mass-charge>199.0</mass-charge>
    </ei-ms-peak>
    <ei-ms-peak>
      <ei-ms-id>424</ei-ms-id>
      <id>47438</id>
      <intensity>60.0</intensity>
      <mass-charge>200.0</mass-charge>
    </ei-ms-peak>
    <ei-ms-peak>
      <ei-ms-id>424</ei-ms-id>
      <id>47439</id>
      <intensity>260.0</intensity>
      <mass-charge>201.0</mass-charge>
    </ei-ms-peak>
    <ei-ms-peak>
      <ei-ms-id>424</ei-ms-id>
      <id>47440</id>
      <intensity>30.0</intensity>
      <mass-charge>202.0</mass-charge>
    </ei-ms-peak>
    <ei-ms-peak>
      <ei-ms-id>424</ei-ms-id>
      <id>47441</id>
      <intensity>30.0</intensity>
      <mass-charge>203.0</mass-charge>
    </ei-ms-peak>
    <ei-ms-peak>
      <ei-ms-id>424</ei-ms-id>
      <id>47442</id>
      <intensity>20.0</intensity>
      <mass-charge>205.0</mass-charge>
    </ei-ms-peak>
    <ei-ms-peak>
      <ei-ms-id>424</ei-ms-id>
      <id>47443</id>
      <intensity>600.0</intensity>
      <mass-charge>206.0</mass-charge>
    </ei-ms-peak>
    <ei-ms-peak>
      <ei-ms-id>424</ei-ms-id>
      <id>47444</id>
      <intensity>540.0</intensity>
      <mass-charge>207.0</mass-charge>
    </ei-ms-peak>
    <ei-ms-peak>
      <ei-ms-id>424</ei-ms-id>
      <id>47445</id>
      <intensity>1710.0</intensity>
      <mass-charge>208.0</mass-charge>
    </ei-ms-peak>
    <ei-ms-peak>
      <ei-ms-id>424</ei-ms-id>
      <id>47446</id>
      <intensity>1800.0</intensity>
      <mass-charge>209.0</mass-charge>
    </ei-ms-peak>
    <ei-ms-peak>
      <ei-ms-id>424</ei-ms-id>
      <id>47447</id>
      <intensity>300.0</intensity>
      <mass-charge>210.0</mass-charge>
    </ei-ms-peak>
    <ei-ms-peak>
      <ei-ms-id>424</ei-ms-id>
      <id>47448</id>
      <intensity>170.0</intensity>
      <mass-charge>211.0</mass-charge>
    </ei-ms-peak>
    <ei-ms-peak>
      <ei-ms-id>424</ei-ms-id>
      <id>47449</id>
      <intensity>20.0</intensity>
      <mass-charge>212.0</mass-charge>
    </ei-ms-peak>
    <ei-ms-peak>
      <ei-ms-id>424</ei-ms-id>
      <id>47450</id>
      <intensity>150.0</intensity>
      <mass-charge>213.0</mass-charge>
    </ei-ms-peak>
    <ei-ms-peak>
      <ei-ms-id>424</ei-ms-id>
      <id>47451</id>
      <intensity>120.0</intensity>
      <mass-charge>215.0</mass-charge>
    </ei-ms-peak>
    <ei-ms-peak>
      <ei-ms-id>424</ei-ms-id>
      <id>47452</id>
      <intensity>30.0</intensity>
      <mass-charge>216.0</mass-charge>
    </ei-ms-peak>
    <ei-ms-peak>
      <ei-ms-id>424</ei-ms-id>
      <id>47453</id>
      <intensity>80.0</intensity>
      <mass-charge>217.0</mass-charge>
    </ei-ms-peak>
    <ei-ms-peak>
      <ei-ms-id>424</ei-ms-id>
      <id>47454</id>
      <intensity>30.0</intensity>
      <mass-charge>218.0</mass-charge>
    </ei-ms-peak>
    <ei-ms-peak>
      <ei-ms-id>424</ei-ms-id>
      <id>47455</id>
      <intensity>30.0</intensity>
      <mass-charge>219.0</mass-charge>
    </ei-ms-peak>
    <ei-ms-peak>
      <ei-ms-id>424</ei-ms-id>
      <id>47456</id>
      <intensity>10.0</intensity>
      <mass-charge>220.0</mass-charge>
    </ei-ms-peak>
    <ei-ms-peak>
      <ei-ms-id>424</ei-ms-id>
      <id>47457</id>
      <intensity>10.0</intensity>
      <mass-charge>222.0</mass-charge>
    </ei-ms-peak>
    <ei-ms-peak>
      <ei-ms-id>424</ei-ms-id>
      <id>47458</id>
      <intensity>20.0</intensity>
      <mass-charge>223.0</mass-charge>
    </ei-ms-peak>
    <ei-ms-peak>
      <ei-ms-id>424</ei-ms-id>
      <id>47459</id>
      <intensity>20.0</intensity>
      <mass-charge>224.0</mass-charge>
    </ei-ms-peak>
    <ei-ms-peak>
      <ei-ms-id>424</ei-ms-id>
      <id>47460</id>
      <intensity>30.0</intensity>
      <mass-charge>225.0</mass-charge>
    </ei-ms-peak>
    <ei-ms-peak>
      <ei-ms-id>424</ei-ms-id>
      <id>47461</id>
      <intensity>20.0</intensity>
      <mass-charge>226.0</mass-charge>
    </ei-ms-peak>
    <ei-ms-peak>
      <ei-ms-id>424</ei-ms-id>
      <id>47462</id>
      <intensity>10.0</intensity>
      <mass-charge>227.0</mass-charge>
    </ei-ms-peak>
    <ei-ms-peak>
      <ei-ms-id>424</ei-ms-id>
      <id>47463</id>
      <intensity>10.0</intensity>
      <mass-charge>235.0</mass-charge>
    </ei-ms-peak>
    <ei-ms-peak>
      <ei-ms-id>424</ei-ms-id>
      <id>47464</id>
      <intensity>90.0</intensity>
      <mass-charge>237.0</mass-charge>
    </ei-ms-peak>
    <ei-ms-peak>
      <ei-ms-id>424</ei-ms-id>
      <id>47465</id>
      <intensity>10.0</intensity>
      <mass-charge>238.0</mass-charge>
    </ei-ms-peak>
    <ei-ms-peak>
      <ei-ms-id>424</ei-ms-id>
      <id>47466</id>
      <intensity>190.0</intensity>
      <mass-charge>239.0</mass-charge>
    </ei-ms-peak>
    <ei-ms-peak>
      <ei-ms-id>424</ei-ms-id>
      <id>47467</id>
      <intensity>30.0</intensity>
      <mass-charge>240.0</mass-charge>
    </ei-ms-peak>
    <ei-ms-peak>
      <ei-ms-id>424</ei-ms-id>
      <id>47468</id>
      <intensity>110.0</intensity>
      <mass-charge>241.0</mass-charge>
    </ei-ms-peak>
    <ei-ms-peak>
      <ei-ms-id>424</ei-ms-id>
      <id>47469</id>
      <intensity>10.0</intensity>
      <mass-charge>242.0</mass-charge>
    </ei-ms-peak>
    <ei-ms-peak>
      <ei-ms-id>424</ei-ms-id>
      <id>47470</id>
      <intensity>10.0</intensity>
      <mass-charge>243.0</mass-charge>
    </ei-ms-peak>
    <ei-ms-peak>
      <ei-ms-id>424</ei-ms-id>
      <id>47471</id>
      <intensity>20.0</intensity>
      <mass-charge>245.0</mass-charge>
    </ei-ms-peak>
    <ei-ms-peak>
      <ei-ms-id>424</ei-ms-id>
      <id>47472</id>
      <intensity>10.0</intensity>
      <mass-charge>246.0</mass-charge>
    </ei-ms-peak>
    <ei-ms-peak>
      <ei-ms-id>424</ei-ms-id>
      <id>47473</id>
      <intensity>10.0</intensity>
      <mass-charge>249.0</mass-charge>
    </ei-ms-peak>
    <ei-ms-peak>
      <ei-ms-id>424</ei-ms-id>
      <id>47474</id>
      <intensity>2980.0</intensity>
      <mass-charge>251.0</mass-charge>
    </ei-ms-peak>
    <ei-ms-peak>
      <ei-ms-id>424</ei-ms-id>
      <id>47475</id>
      <intensity>250.0</intensity>
      <mass-charge>252.0</mass-charge>
    </ei-ms-peak>
    <ei-ms-peak>
      <ei-ms-id>424</ei-ms-id>
      <id>47476</id>
      <intensity>5819.0</intensity>
      <mass-charge>253.0</mass-charge>
    </ei-ms-peak>
    <ei-ms-peak>
      <ei-ms-id>424</ei-ms-id>
      <id>47477</id>
      <intensity>440.0</intensity>
      <mass-charge>254.0</mass-charge>
    </ei-ms-peak>
    <ei-ms-peak>
      <ei-ms-id>424</ei-ms-id>
      <id>47478</id>
      <intensity>2790.0</intensity>
      <mass-charge>255.0</mass-charge>
    </ei-ms-peak>
    <ei-ms-peak>
      <ei-ms-id>424</ei-ms-id>
      <id>47479</id>
      <intensity>220.0</intensity>
      <mass-charge>256.0</mass-charge>
    </ei-ms-peak>
    <ei-ms-peak>
      <ei-ms-id>424</ei-ms-id>
      <id>47480</id>
      <intensity>10.0</intensity>
      <mass-charge>257.0</mass-charge>
    </ei-ms-peak>
    <ei-ms-peak>
      <ei-ms-id>424</ei-ms-id>
      <id>47481</id>
      <intensity>20.0</intensity>
      <mass-charge>261.0</mass-charge>
    </ei-ms-peak>
    <ei-ms-peak>
      <ei-ms-id>424</ei-ms-id>
      <id>47482</id>
      <intensity>10.0</intensity>
      <mass-charge>262.0</mass-charge>
    </ei-ms-peak>
    <ei-ms-peak>
      <ei-ms-id>424</ei-ms-id>
      <id>47483</id>
      <intensity>10.0</intensity>
      <mass-charge>263.0</mass-charge>
    </ei-ms-peak>
    <ei-ms-peak>
      <ei-ms-id>424</ei-ms-id>
      <id>47484</id>
      <intensity>50.0</intensity>
      <mass-charge>265.0</mass-charge>
    </ei-ms-peak>
    <ei-ms-peak>
      <ei-ms-id>424</ei-ms-id>
      <id>47485</id>
      <intensity>10.0</intensity>
      <mass-charge>266.0</mass-charge>
    </ei-ms-peak>
    <ei-ms-peak>
      <ei-ms-id>424</ei-ms-id>
      <id>47486</id>
      <intensity>10.0</intensity>
      <mass-charge>267.0</mass-charge>
    </ei-ms-peak>
    <ei-ms-peak>
      <ei-ms-id>424</ei-ms-id>
      <id>47487</id>
      <intensity>30.0</intensity>
      <mass-charge>269.0</mass-charge>
    </ei-ms-peak>
    <ei-ms-peak>
      <ei-ms-id>424</ei-ms-id>
      <id>47488</id>
      <intensity>20.0</intensity>
      <mass-charge>271.0</mass-charge>
    </ei-ms-peak>
    <ei-ms-peak>
      <ei-ms-id>424</ei-ms-id>
      <id>47489</id>
      <intensity>40.0</intensity>
      <mass-charge>277.0</mass-charge>
    </ei-ms-peak>
    <ei-ms-peak>
      <ei-ms-id>424</ei-ms-id>
      <id>47490</id>
      <intensity>160.0</intensity>
      <mass-charge>279.0</mass-charge>
    </ei-ms-peak>
    <ei-ms-peak>
      <ei-ms-id>424</ei-ms-id>
      <id>47491</id>
      <intensity>20.0</intensity>
      <mass-charge>280.0</mass-charge>
    </ei-ms-peak>
    <ei-ms-peak>
      <ei-ms-id>424</ei-ms-id>
      <id>47492</id>
      <intensity>180.0</intensity>
      <mass-charge>281.0</mass-charge>
    </ei-ms-peak>
    <ei-ms-peak>
      <ei-ms-id>424</ei-ms-id>
      <id>47493</id>
      <intensity>10.0</intensity>
      <mass-charge>282.0</mass-charge>
    </ei-ms-peak>
    <ei-ms-peak>
      <ei-ms-id>424</ei-ms-id>
      <id>47494</id>
      <intensity>70.0</intensity>
      <mass-charge>283.0</mass-charge>
    </ei-ms-peak>
    <ei-ms-peak>
      <ei-ms-id>424</ei-ms-id>
      <id>47495</id>
      <intensity>10.0</intensity>
      <mass-charge>289.0</mass-charge>
    </ei-ms-peak>
    <ei-ms-peak>
      <ei-ms-id>424</ei-ms-id>
      <id>47496</id>
      <intensity>140.0</intensity>
      <mass-charge>295.0</mass-charge>
    </ei-ms-peak>
    <ei-ms-peak>
      <ei-ms-id>424</ei-ms-id>
      <id>47497</id>
      <intensity>20.0</intensity>
      <mass-charge>296.0</mass-charge>
    </ei-ms-peak>
    <ei-ms-peak>
      <ei-ms-id>424</ei-ms-id>
      <id>47498</id>
      <intensity>270.0</intensity>
      <mass-charge>297.0</mass-charge>
    </ei-ms-peak>
    <ei-ms-peak>
      <ei-ms-id>424</ei-ms-id>
      <id>47499</id>
      <intensity>30.0</intensity>
      <mass-charge>298.0</mass-charge>
    </ei-ms-peak>
    <ei-ms-peak>
      <ei-ms-id>424</ei-ms-id>
      <id>47500</id>
      <intensity>150.0</intensity>
      <mass-charge>299.0</mass-charge>
    </ei-ms-peak>
    <ei-ms-peak>
      <ei-ms-id>424</ei-ms-id>
      <id>47501</id>
      <intensity>20.0</intensity>
      <mass-charge>300.0</mass-charge>
    </ei-ms-peak>
    <ei-ms-peak>
      <ei-ms-id>424</ei-ms-id>
      <id>47502</id>
      <intensity>10.0</intensity>
      <mass-charge>301.0</mass-charge>
    </ei-ms-peak>
    <ei-ms-peak>
      <ei-ms-id>424</ei-ms-id>
      <id>47503</id>
      <intensity>20.0</intensity>
      <mass-charge>316.0</mass-charge>
    </ei-ms-peak>
    <ei-ms-peak>
      <ei-ms-id>424</ei-ms-id>
      <id>47504</id>
      <intensity>20.0</intensity>
      <mass-charge>317.0</mass-charge>
    </ei-ms-peak>
    <ei-ms-peak>
      <ei-ms-id>424</ei-ms-id>
      <id>47505</id>
      <intensity>20.0</intensity>
      <mass-charge>318.0</mass-charge>
    </ei-ms-peak>
    <ei-ms-peak>
      <ei-ms-id>424</ei-ms-id>
      <id>47506</id>
      <intensity>10.0</intensity>
      <mass-charge>326.0</mass-charge>
    </ei-ms-peak>
    <ei-ms-peak>
      <ei-ms-id>424</ei-ms-id>
      <id>47507</id>
      <intensity>20.0</intensity>
      <mass-charge>328.0</mass-charge>
    </ei-ms-peak>
    <ei-ms-peak>
      <ei-ms-id>424</ei-ms-id>
      <id>47508</id>
      <intensity>70.0</intensity>
      <mass-charge>344.0</mass-charge>
    </ei-ms-peak>
    <ei-ms-peak>
      <ei-ms-id>424</ei-ms-id>
      <id>47509</id>
      <intensity>50.0</intensity>
      <mass-charge>345.0</mass-charge>
    </ei-ms-peak>
    <ei-ms-peak>
      <ei-ms-id>424</ei-ms-id>
      <id>47510</id>
      <intensity>10.0</intensity>
      <mass-charge>346.0</mass-charge>
    </ei-ms-peak>
    <ei-ms-peak>
      <ei-ms-id>424</ei-ms-id>
      <id>47511</id>
      <intensity>10.0</intensity>
      <mass-charge>396.0</mass-charge>
    </ei-ms-peak>
    <ei-ms-peak>
      <ei-ms-id>424</ei-ms-id>
      <id>47512</id>
      <intensity>60.0</intensity>
      <mass-charge>397.0</mass-charge>
    </ei-ms-peak>
    <ei-ms-peak>
      <ei-ms-id>424</ei-ms-id>
      <id>47513</id>
      <intensity>20.0</intensity>
      <mass-charge>398.0</mass-charge>
    </ei-ms-peak>
    <ei-ms-peak>
      <ei-ms-id>424</ei-ms-id>
      <id>47514</id>
      <intensity>50.0</intensity>
      <mass-charge>399.0</mass-charge>
    </ei-ms-peak>
    <ei-ms-peak>
      <ei-ms-id>424</ei-ms-id>
      <id>47515</id>
      <intensity>10.0</intensity>
      <mass-charge>400.0</mass-charge>
    </ei-ms-peak>
    <ei-ms-peak>
      <ei-ms-id>424</ei-ms-id>
      <id>47516</id>
      <intensity>20.0</intensity>
      <mass-charge>405.0</mass-charge>
    </ei-ms-peak>
    <ei-ms-peak>
      <ei-ms-id>424</ei-ms-id>
      <id>47517</id>
      <intensity>40.0</intensity>
      <mass-charge>423.0</mass-charge>
    </ei-ms-peak>
    <ei-ms-peak>
      <ei-ms-id>424</ei-ms-id>
      <id>47518</id>
      <intensity>20.0</intensity>
      <mass-charge>424.0</mass-charge>
    </ei-ms-peak>
    <ei-ms-peak>
      <ei-ms-id>424</ei-ms-id>
      <id>47519</id>
      <intensity>50.0</intensity>
      <mass-charge>425.0</mass-charge>
    </ei-ms-peak>
    <ei-ms-peak>
      <ei-ms-id>424</ei-ms-id>
      <id>47520</id>
      <intensity>20.0</intensity>
      <mass-charge>426.0</mass-charge>
    </ei-ms-peak>
    <ei-ms-peak>
      <ei-ms-id>424</ei-ms-id>
      <id>47521</id>
      <intensity>20.0</intensity>
      <mass-charge>503.0</mass-charge>
    </ei-ms-peak>
    <ei-ms-peak>
      <ei-ms-id>424</ei-ms-id>
      <id>47522</id>
      <intensity>30.0</intensity>
      <mass-charge>505.0</mass-charge>
    </ei-ms-peak>
    <ei-ms-peak>
      <ei-ms-id>424</ei-ms-id>
      <id>47523</id>
      <intensity>20.0</intensity>
      <mass-charge>507.0</mass-charge>
    </ei-ms-peak>
  </ei-ms-peaks>
</ei-ms>
