<?xml version="1.0" encoding="UTF-8"?>
<ei-ms>
  <collection-date nil="true"/>
  <created-at>2014-09-20T16:38:22Z</created-at>
  <database-id>HMDB15207</database-id>
  <id>861</id>
  <inchi-key>CYXKNKQEMFBLER-UHFFFAOYSA-N</inchi-key>
  <instrument-type nil="true"/>
  <molecule-id nil="true"/>
  <notes nil="true"/>
  <peak-counter>18</peak-counter>
  <sample-assessment nil="true"/>
  <sample-concentration nil="true"/>
  <sample-concentration-units nil="true"/>
  <sample-mass nil="true"/>
  <sample-mass-units nil="true"/>
  <sample-source nil="true"/>
  <solvent nil="true"/>
  <spectra-assessment nil="true"/>
  <updated-at>2014-09-20T16:38:22Z</updated-at>
  <references>
    <reference>
      <database>NIST</database>
      <database-id>6621-47-2</database-id>
      <id>15733</id>
      <pubmed-id nil="true"/>
      <ref-text>NIST Mass Spec Data Center, S.E. Stein, director, "Mass Spectra" in NIST Chemistry WebBook, NIST Standard Reference Database Number 69, Eds. P.J. Linstrom and W.G. Mallard, National Institute of Standards and Technology, Gaithersburg MD, 20899, http://webbook.nist.gov, (retrieved September 6, 2014).</ref-text>
      <spectra-id>861</spectra-id>
      <spectra-type>EiMs</spectra-type>
    </reference>
  </references>
  <ei-ms-peaks>
    <ei-ms-peak>
      <ei-ms-id>861</ei-ms-id>
      <id>94743</id>
      <intensity>479.0</intensity>
      <mass-charge>41.0</mass-charge>
    </ei-ms-peak>
    <ei-ms-peak>
      <ei-ms-id>861</ei-ms-id>
      <id>94744</id>
      <intensity>873.0</intensity>
      <mass-charge>55.0</mass-charge>
    </ei-ms-peak>
    <ei-ms-peak>
      <ei-ms-id>861</ei-ms-id>
      <id>94745</id>
      <intensity>509.0</intensity>
      <mass-charge>56.0</mass-charge>
    </ei-ms-peak>
    <ei-ms-peak>
      <ei-ms-id>861</ei-ms-id>
      <id>94746</id>
      <intensity>209.0</intensity>
      <mass-charge>67.0</mass-charge>
    </ei-ms-peak>
    <ei-ms-peak>
      <ei-ms-id>861</ei-ms-id>
      <id>94747</id>
      <intensity>91.0</intensity>
      <mass-charge>68.0</mass-charge>
    </ei-ms-peak>
    <ei-ms-peak>
      <ei-ms-id>861</ei-ms-id>
      <id>94748</id>
      <intensity>90.0</intensity>
      <mass-charge>69.0</mass-charge>
    </ei-ms-peak>
    <ei-ms-peak>
      <ei-ms-id>861</ei-ms-id>
      <id>94749</id>
      <intensity>89.0</intensity>
      <mass-charge>70.0</mass-charge>
    </ei-ms-peak>
    <ei-ms-peak>
      <ei-ms-id>861</ei-ms-id>
      <id>94750</id>
      <intensity>206.0</intensity>
      <mass-charge>81.0</mass-charge>
    </ei-ms-peak>
    <ei-ms-peak>
      <ei-ms-id>861</ei-ms-id>
      <id>94751</id>
      <intensity>98.0</intensity>
      <mass-charge>82.0</mass-charge>
    </ei-ms-peak>
    <ei-ms-peak>
      <ei-ms-id>861</ei-ms-id>
      <id>94752</id>
      <intensity>201.0</intensity>
      <mass-charge>83.0</mass-charge>
    </ei-ms-peak>
    <ei-ms-peak>
      <ei-ms-id>861</ei-ms-id>
      <id>94753</id>
      <intensity>9999.0</intensity>
      <mass-charge>84.0</mass-charge>
    </ei-ms-peak>
    <ei-ms-peak>
      <ei-ms-id>861</ei-ms-id>
      <id>94754</id>
      <intensity>622.0</intensity>
      <mass-charge>85.0</mass-charge>
    </ei-ms-peak>
    <ei-ms-peak>
      <ei-ms-id>861</ei-ms-id>
      <id>94755</id>
      <intensity>206.0</intensity>
      <mass-charge>95.0</mass-charge>
    </ei-ms-peak>
    <ei-ms-peak>
      <ei-ms-id>861</ei-ms-id>
      <id>94756</id>
      <intensity>105.0</intensity>
      <mass-charge>96.0</mass-charge>
    </ei-ms-peak>
    <ei-ms-peak>
      <ei-ms-id>861</ei-ms-id>
      <id>94757</id>
      <intensity>104.0</intensity>
      <mass-charge>97.0</mass-charge>
    </ei-ms-peak>
    <ei-ms-peak>
      <ei-ms-id>861</ei-ms-id>
      <id>94758</id>
      <intensity>103.0</intensity>
      <mass-charge>98.0</mass-charge>
    </ei-ms-peak>
    <ei-ms-peak>
      <ei-ms-id>861</ei-ms-id>
      <id>94759</id>
      <intensity>198.0</intensity>
      <mass-charge>99.0</mass-charge>
    </ei-ms-peak>
    <ei-ms-peak>
      <ei-ms-id>861</ei-ms-id>
      <id>94760</id>
      <intensity>1090.0</intensity>
      <mass-charge>194.0</mass-charge>
    </ei-ms-peak>
  </ei-ms-peaks>
</ei-ms>
