<?xml version="1.0" encoding="UTF-8"?>
<ei-ms>
  <collection-date nil="true"/>
  <created-at>2014-09-20T16:25:46Z</created-at>
  <database-id>HMDB14761</database-id>
  <id>340</id>
  <inchi-key>PLDUPXSUYLZYBN-UHFFFAOYSA-N</inchi-key>
  <instrument-type nil="true"/>
  <molecule-id nil="true"/>
  <notes nil="true"/>
  <peak-counter>188</peak-counter>
  <sample-assessment nil="true"/>
  <sample-concentration nil="true"/>
  <sample-concentration-units nil="true"/>
  <sample-mass nil="true"/>
  <sample-mass-units nil="true"/>
  <sample-source nil="true"/>
  <solvent nil="true"/>
  <spectra-assessment nil="true"/>
  <updated-at>2014-09-20T16:25:46Z</updated-at>
  <references>
    <reference>
      <database>NIST</database>
      <database-id>69-23-8</database-id>
      <id>15212</id>
      <pubmed-id nil="true"/>
      <ref-text>NIST Mass Spec Data Center, S.E. Stein, director, "Mass Spectra" in NIST Chemistry WebBook, NIST Standard Reference Database Number 69, Eds. P.J. Linstrom and W.G. Mallard, National Institute of Standards and Technology, Gaithersburg MD, 20899, http://webbook.nist.gov, (retrieved September 6, 2014).</ref-text>
      <spectra-id>340</spectra-id>
      <spectra-type>EiMs</spectra-type>
    </reference>
  </references>
  <ei-ms-peaks>
    <ei-ms-peak>
      <ei-ms-id>340</ei-ms-id>
      <id>38212</id>
      <intensity>100.0</intensity>
      <mass-charge>41.0</mass-charge>
    </ei-ms-peak>
    <ei-ms-peak>
      <ei-ms-id>340</ei-ms-id>
      <id>38213</id>
      <intensity>670.0</intensity>
      <mass-charge>42.0</mass-charge>
    </ei-ms-peak>
    <ei-ms-peak>
      <ei-ms-id>340</ei-ms-id>
      <id>38214</id>
      <intensity>180.0</intensity>
      <mass-charge>43.0</mass-charge>
    </ei-ms-peak>
    <ei-ms-peak>
      <ei-ms-id>340</ei-ms-id>
      <id>38215</id>
      <intensity>90.0</intensity>
      <mass-charge>44.0</mass-charge>
    </ei-ms-peak>
    <ei-ms-peak>
      <ei-ms-id>340</ei-ms-id>
      <id>38216</id>
      <intensity>130.0</intensity>
      <mass-charge>45.0</mass-charge>
    </ei-ms-peak>
    <ei-ms-peak>
      <ei-ms-id>340</ei-ms-id>
      <id>38217</id>
      <intensity>10.0</intensity>
      <mass-charge>51.0</mass-charge>
    </ei-ms-peak>
    <ei-ms-peak>
      <ei-ms-id>340</ei-ms-id>
      <id>38218</id>
      <intensity>60.0</intensity>
      <mass-charge>54.0</mass-charge>
    </ei-ms-peak>
    <ei-ms-peak>
      <ei-ms-id>340</ei-ms-id>
      <id>38219</id>
      <intensity>120.0</intensity>
      <mass-charge>55.0</mass-charge>
    </ei-ms-peak>
    <ei-ms-peak>
      <ei-ms-id>340</ei-ms-id>
      <id>38220</id>
      <intensity>440.0</intensity>
      <mass-charge>56.0</mass-charge>
    </ei-ms-peak>
    <ei-ms-peak>
      <ei-ms-id>340</ei-ms-id>
      <id>38221</id>
      <intensity>130.0</intensity>
      <mass-charge>57.0</mass-charge>
    </ei-ms-peak>
    <ei-ms-peak>
      <ei-ms-id>340</ei-ms-id>
      <id>38222</id>
      <intensity>230.0</intensity>
      <mass-charge>58.0</mass-charge>
    </ei-ms-peak>
    <ei-ms-peak>
      <ei-ms-id>340</ei-ms-id>
      <id>38223</id>
      <intensity>30.0</intensity>
      <mass-charge>63.0</mass-charge>
    </ei-ms-peak>
    <ei-ms-peak>
      <ei-ms-id>340</ei-ms-id>
      <id>38224</id>
      <intensity>10.0</intensity>
      <mass-charge>65.0</mass-charge>
    </ei-ms-peak>
    <ei-ms-peak>
      <ei-ms-id>340</ei-ms-id>
      <id>38225</id>
      <intensity>80.0</intensity>
      <mass-charge>68.0</mass-charge>
    </ei-ms-peak>
    <ei-ms-peak>
      <ei-ms-id>340</ei-ms-id>
      <id>38226</id>
      <intensity>140.0</intensity>
      <mass-charge>69.0</mass-charge>
    </ei-ms-peak>
    <ei-ms-peak>
      <ei-ms-id>340</ei-ms-id>
      <id>38227</id>
      <intensity>800.0</intensity>
      <mass-charge>70.0</mass-charge>
    </ei-ms-peak>
    <ei-ms-peak>
      <ei-ms-id>340</ei-ms-id>
      <id>38228</id>
      <intensity>170.0</intensity>
      <mass-charge>71.0</mass-charge>
    </ei-ms-peak>
    <ei-ms-peak>
      <ei-ms-id>340</ei-ms-id>
      <id>38229</id>
      <intensity>100.0</intensity>
      <mass-charge>72.0</mass-charge>
    </ei-ms-peak>
    <ei-ms-peak>
      <ei-ms-id>340</ei-ms-id>
      <id>38230</id>
      <intensity>50.0</intensity>
      <mass-charge>73.0</mass-charge>
    </ei-ms-peak>
    <ei-ms-peak>
      <ei-ms-id>340</ei-ms-id>
      <id>38231</id>
      <intensity>120.0</intensity>
      <mass-charge>74.0</mass-charge>
    </ei-ms-peak>
    <ei-ms-peak>
      <ei-ms-id>340</ei-ms-id>
      <id>38232</id>
      <intensity>30.0</intensity>
      <mass-charge>75.0</mass-charge>
    </ei-ms-peak>
    <ei-ms-peak>
      <ei-ms-id>340</ei-ms-id>
      <id>38233</id>
      <intensity>40.0</intensity>
      <mass-charge>81.0</mass-charge>
    </ei-ms-peak>
    <ei-ms-peak>
      <ei-ms-id>340</ei-ms-id>
      <id>38234</id>
      <intensity>100.0</intensity>
      <mass-charge>82.0</mass-charge>
    </ei-ms-peak>
    <ei-ms-peak>
      <ei-ms-id>340</ei-ms-id>
      <id>38235</id>
      <intensity>80.0</intensity>
      <mass-charge>83.0</mass-charge>
    </ei-ms-peak>
    <ei-ms-peak>
      <ei-ms-id>340</ei-ms-id>
      <id>38236</id>
      <intensity>230.0</intensity>
      <mass-charge>84.0</mass-charge>
    </ei-ms-peak>
    <ei-ms-peak>
      <ei-ms-id>340</ei-ms-id>
      <id>38237</id>
      <intensity>60.0</intensity>
      <mass-charge>85.0</mass-charge>
    </ei-ms-peak>
    <ei-ms-peak>
      <ei-ms-id>340</ei-ms-id>
      <id>38238</id>
      <intensity>70.0</intensity>
      <mass-charge>86.0</mass-charge>
    </ei-ms-peak>
    <ei-ms-peak>
      <ei-ms-id>340</ei-ms-id>
      <id>38239</id>
      <intensity>60.0</intensity>
      <mass-charge>88.0</mass-charge>
    </ei-ms-peak>
    <ei-ms-peak>
      <ei-ms-id>340</ei-ms-id>
      <id>38240</id>
      <intensity>30.0</intensity>
      <mass-charge>93.0</mass-charge>
    </ei-ms-peak>
    <ei-ms-peak>
      <ei-ms-id>340</ei-ms-id>
      <id>38241</id>
      <intensity>30.0</intensity>
      <mass-charge>94.0</mass-charge>
    </ei-ms-peak>
    <ei-ms-peak>
      <ei-ms-id>340</ei-ms-id>
      <id>38242</id>
      <intensity>20.0</intensity>
      <mass-charge>95.0</mass-charge>
    </ei-ms-peak>
    <ei-ms-peak>
      <ei-ms-id>340</ei-ms-id>
      <id>38243</id>
      <intensity>150.0</intensity>
      <mass-charge>96.0</mass-charge>
    </ei-ms-peak>
    <ei-ms-peak>
      <ei-ms-id>340</ei-ms-id>
      <id>38244</id>
      <intensity>260.0</intensity>
      <mass-charge>97.0</mass-charge>
    </ei-ms-peak>
    <ei-ms-peak>
      <ei-ms-id>340</ei-ms-id>
      <id>38245</id>
      <intensity>490.0</intensity>
      <mass-charge>98.0</mass-charge>
    </ei-ms-peak>
    <ei-ms-peak>
      <ei-ms-id>340</ei-ms-id>
      <id>38246</id>
      <intensity>230.0</intensity>
      <mass-charge>99.0</mass-charge>
    </ei-ms-peak>
    <ei-ms-peak>
      <ei-ms-id>340</ei-ms-id>
      <id>38247</id>
      <intensity>500.0</intensity>
      <mass-charge>100.0</mass-charge>
    </ei-ms-peak>
    <ei-ms-peak>
      <ei-ms-id>340</ei-ms-id>
      <id>38248</id>
      <intensity>50.0</intensity>
      <mass-charge>101.0</mass-charge>
    </ei-ms-peak>
    <ei-ms-peak>
      <ei-ms-id>340</ei-ms-id>
      <id>38249</id>
      <intensity>30.0</intensity>
      <mass-charge>102.0</mass-charge>
    </ei-ms-peak>
    <ei-ms-peak>
      <ei-ms-id>340</ei-ms-id>
      <id>38250</id>
      <intensity>40.0</intensity>
      <mass-charge>108.0</mass-charge>
    </ei-ms-peak>
    <ei-ms-peak>
      <ei-ms-id>340</ei-ms-id>
      <id>38251</id>
      <intensity>50.0</intensity>
      <mass-charge>109.0</mass-charge>
    </ei-ms-peak>
    <ei-ms-peak>
      <ei-ms-id>340</ei-ms-id>
      <id>38252</id>
      <intensity>20.0</intensity>
      <mass-charge>110.0</mass-charge>
    </ei-ms-peak>
    <ei-ms-peak>
      <ei-ms-id>340</ei-ms-id>
      <id>38253</id>
      <intensity>270.0</intensity>
      <mass-charge>111.0</mass-charge>
    </ei-ms-peak>
    <ei-ms-peak>
      <ei-ms-id>340</ei-ms-id>
      <id>38254</id>
      <intensity>110.0</intensity>
      <mass-charge>112.0</mass-charge>
    </ei-ms-peak>
    <ei-ms-peak>
      <ei-ms-id>340</ei-ms-id>
      <id>38255</id>
      <intensity>620.0</intensity>
      <mass-charge>113.0</mass-charge>
    </ei-ms-peak>
    <ei-ms-peak>
      <ei-ms-id>340</ei-ms-id>
      <id>38256</id>
      <intensity>90.0</intensity>
      <mass-charge>114.0</mass-charge>
    </ei-ms-peak>
    <ei-ms-peak>
      <ei-ms-id>340</ei-ms-id>
      <id>38257</id>
      <intensity>70.0</intensity>
      <mass-charge>115.0</mass-charge>
    </ei-ms-peak>
    <ei-ms-peak>
      <ei-ms-id>340</ei-ms-id>
      <id>38258</id>
      <intensity>30.0</intensity>
      <mass-charge>120.0</mass-charge>
    </ei-ms-peak>
    <ei-ms-peak>
      <ei-ms-id>340</ei-ms-id>
      <id>38259</id>
      <intensity>80.0</intensity>
      <mass-charge>123.0</mass-charge>
    </ei-ms-peak>
    <ei-ms-peak>
      <ei-ms-id>340</ei-ms-id>
      <id>38260</id>
      <intensity>60.0</intensity>
      <mass-charge>124.0</mass-charge>
    </ei-ms-peak>
    <ei-ms-peak>
      <ei-ms-id>340</ei-ms-id>
      <id>38261</id>
      <intensity>370.0</intensity>
      <mass-charge>125.0</mass-charge>
    </ei-ms-peak>
    <ei-ms-peak>
      <ei-ms-id>340</ei-ms-id>
      <id>38262</id>
      <intensity>180.0</intensity>
      <mass-charge>126.0</mass-charge>
    </ei-ms-peak>
    <ei-ms-peak>
      <ei-ms-id>340</ei-ms-id>
      <id>38263</id>
      <intensity>170.0</intensity>
      <mass-charge>127.0</mass-charge>
    </ei-ms-peak>
    <ei-ms-peak>
      <ei-ms-id>340</ei-ms-id>
      <id>38264</id>
      <intensity>160.0</intensity>
      <mass-charge>128.0</mass-charge>
    </ei-ms-peak>
    <ei-ms-peak>
      <ei-ms-id>340</ei-ms-id>
      <id>38265</id>
      <intensity>60.0</intensity>
      <mass-charge>129.0</mass-charge>
    </ei-ms-peak>
    <ei-ms-peak>
      <ei-ms-id>340</ei-ms-id>
      <id>38266</id>
      <intensity>30.0</intensity>
      <mass-charge>133.0</mass-charge>
    </ei-ms-peak>
    <ei-ms-peak>
      <ei-ms-id>340</ei-ms-id>
      <id>38267</id>
      <intensity>30.0</intensity>
      <mass-charge>134.0</mass-charge>
    </ei-ms-peak>
    <ei-ms-peak>
      <ei-ms-id>340</ei-ms-id>
      <id>38268</id>
      <intensity>10.0</intensity>
      <mass-charge>135.0</mass-charge>
    </ei-ms-peak>
    <ei-ms-peak>
      <ei-ms-id>340</ei-ms-id>
      <id>38269</id>
      <intensity>350.0</intensity>
      <mass-charge>139.0</mass-charge>
    </ei-ms-peak>
    <ei-ms-peak>
      <ei-ms-id>340</ei-ms-id>
      <id>38270</id>
      <intensity>60.0</intensity>
      <mass-charge>140.0</mass-charge>
    </ei-ms-peak>
    <ei-ms-peak>
      <ei-ms-id>340</ei-ms-id>
      <id>38271</id>
      <intensity>340.0</intensity>
      <mass-charge>141.0</mass-charge>
    </ei-ms-peak>
    <ei-ms-peak>
      <ei-ms-id>340</ei-ms-id>
      <id>38272</id>
      <intensity>40.0</intensity>
      <mass-charge>142.0</mass-charge>
    </ei-ms-peak>
    <ei-ms-peak>
      <ei-ms-id>340</ei-ms-id>
      <id>38273</id>
      <intensity>1491.0</intensity>
      <mass-charge>143.0</mass-charge>
    </ei-ms-peak>
    <ei-ms-peak>
      <ei-ms-id>340</ei-ms-id>
      <id>38274</id>
      <intensity>130.0</intensity>
      <mass-charge>144.0</mass-charge>
    </ei-ms-peak>
    <ei-ms-peak>
      <ei-ms-id>340</ei-ms-id>
      <id>38275</id>
      <intensity>40.0</intensity>
      <mass-charge>145.0</mass-charge>
    </ei-ms-peak>
    <ei-ms-peak>
      <ei-ms-id>340</ei-ms-id>
      <id>38276</id>
      <intensity>40.0</intensity>
      <mass-charge>151.0</mass-charge>
    </ei-ms-peak>
    <ei-ms-peak>
      <ei-ms-id>340</ei-ms-id>
      <id>38277</id>
      <intensity>100.0</intensity>
      <mass-charge>152.0</mass-charge>
    </ei-ms-peak>
    <ei-ms-peak>
      <ei-ms-id>340</ei-ms-id>
      <id>38278</id>
      <intensity>420.0</intensity>
      <mass-charge>153.0</mass-charge>
    </ei-ms-peak>
    <ei-ms-peak>
      <ei-ms-id>340</ei-ms-id>
      <id>38279</id>
      <intensity>80.0</intensity>
      <mass-charge>154.0</mass-charge>
    </ei-ms-peak>
    <ei-ms-peak>
      <ei-ms-id>340</ei-ms-id>
      <id>38280</id>
      <intensity>30.0</intensity>
      <mass-charge>155.0</mass-charge>
    </ei-ms-peak>
    <ei-ms-peak>
      <ei-ms-id>340</ei-ms-id>
      <id>38281</id>
      <intensity>660.0</intensity>
      <mass-charge>157.0</mass-charge>
    </ei-ms-peak>
    <ei-ms-peak>
      <ei-ms-id>340</ei-ms-id>
      <id>38282</id>
      <intensity>80.0</intensity>
      <mass-charge>158.0</mass-charge>
    </ei-ms-peak>
    <ei-ms-peak>
      <ei-ms-id>340</ei-ms-id>
      <id>38283</id>
      <intensity>30.0</intensity>
      <mass-charge>164.0</mass-charge>
    </ei-ms-peak>
    <ei-ms-peak>
      <ei-ms-id>340</ei-ms-id>
      <id>38284</id>
      <intensity>30.0</intensity>
      <mass-charge>165.0</mass-charge>
    </ei-ms-peak>
    <ei-ms-peak>
      <ei-ms-id>340</ei-ms-id>
      <id>38285</id>
      <intensity>30.0</intensity>
      <mass-charge>166.0</mass-charge>
    </ei-ms-peak>
    <ei-ms-peak>
      <ei-ms-id>340</ei-ms-id>
      <id>38286</id>
      <intensity>30.0</intensity>
      <mass-charge>167.0</mass-charge>
    </ei-ms-peak>
    <ei-ms-peak>
      <ei-ms-id>340</ei-ms-id>
      <id>38287</id>
      <intensity>30.0</intensity>
      <mass-charge>168.0</mass-charge>
    </ei-ms-peak>
    <ei-ms-peak>
      <ei-ms-id>340</ei-ms-id>
      <id>38288</id>
      <intensity>60.0</intensity>
      <mass-charge>169.0</mass-charge>
    </ei-ms-peak>
    <ei-ms-peak>
      <ei-ms-id>340</ei-ms-id>
      <id>38289</id>
      <intensity>40.0</intensity>
      <mass-charge>170.0</mass-charge>
    </ei-ms-peak>
    <ei-ms-peak>
      <ei-ms-id>340</ei-ms-id>
      <id>38290</id>
      <intensity>510.0</intensity>
      <mass-charge>171.0</mass-charge>
    </ei-ms-peak>
    <ei-ms-peak>
      <ei-ms-id>340</ei-ms-id>
      <id>38291</id>
      <intensity>70.0</intensity>
      <mass-charge>172.0</mass-charge>
    </ei-ms-peak>
    <ei-ms-peak>
      <ei-ms-id>340</ei-ms-id>
      <id>38292</id>
      <intensity>20.0</intensity>
      <mass-charge>176.0</mass-charge>
    </ei-ms-peak>
    <ei-ms-peak>
      <ei-ms-id>340</ei-ms-id>
      <id>38293</id>
      <intensity>40.0</intensity>
      <mass-charge>177.0</mass-charge>
    </ei-ms-peak>
    <ei-ms-peak>
      <ei-ms-id>340</ei-ms-id>
      <id>38294</id>
      <intensity>60.0</intensity>
      <mass-charge>178.0</mass-charge>
    </ei-ms-peak>
    <ei-ms-peak>
      <ei-ms-id>340</ei-ms-id>
      <id>38295</id>
      <intensity>20.0</intensity>
      <mass-charge>179.0</mass-charge>
    </ei-ms-peak>
    <ei-ms-peak>
      <ei-ms-id>340</ei-ms-id>
      <id>38296</id>
      <intensity>20.0</intensity>
      <mass-charge>182.0</mass-charge>
    </ei-ms-peak>
    <ei-ms-peak>
      <ei-ms-id>340</ei-ms-id>
      <id>38297</id>
      <intensity>10.0</intensity>
      <mass-charge>183.0</mass-charge>
    </ei-ms-peak>
    <ei-ms-peak>
      <ei-ms-id>340</ei-ms-id>
      <id>38298</id>
      <intensity>70.0</intensity>
      <mass-charge>184.0</mass-charge>
    </ei-ms-peak>
    <ei-ms-peak>
      <ei-ms-id>340</ei-ms-id>
      <id>38299</id>
      <intensity>30.0</intensity>
      <mass-charge>185.0</mass-charge>
    </ei-ms-peak>
    <ei-ms-peak>
      <ei-ms-id>340</ei-ms-id>
      <id>38300</id>
      <intensity>30.0</intensity>
      <mass-charge>194.0</mass-charge>
    </ei-ms-peak>
    <ei-ms-peak>
      <ei-ms-id>340</ei-ms-id>
      <id>38301</id>
      <intensity>50.0</intensity>
      <mass-charge>195.0</mass-charge>
    </ei-ms-peak>
    <ei-ms-peak>
      <ei-ms-id>340</ei-ms-id>
      <id>38302</id>
      <intensity>180.0</intensity>
      <mass-charge>196.0</mass-charge>
    </ei-ms-peak>
    <ei-ms-peak>
      <ei-ms-id>340</ei-ms-id>
      <id>38303</id>
      <intensity>90.0</intensity>
      <mass-charge>197.0</mass-charge>
    </ei-ms-peak>
    <ei-ms-peak>
      <ei-ms-id>340</ei-ms-id>
      <id>38304</id>
      <intensity>70.0</intensity>
      <mass-charge>198.0</mass-charge>
    </ei-ms-peak>
    <ei-ms-peak>
      <ei-ms-id>340</ei-ms-id>
      <id>38305</id>
      <intensity>40.0</intensity>
      <mass-charge>199.0</mass-charge>
    </ei-ms-peak>
    <ei-ms-peak>
      <ei-ms-id>340</ei-ms-id>
      <id>38306</id>
      <intensity>60.0</intensity>
      <mass-charge>201.0</mass-charge>
    </ei-ms-peak>
    <ei-ms-peak>
      <ei-ms-id>340</ei-ms-id>
      <id>38307</id>
      <intensity>140.0</intensity>
      <mass-charge>202.0</mass-charge>
    </ei-ms-peak>
    <ei-ms-peak>
      <ei-ms-id>340</ei-ms-id>
      <id>38308</id>
      <intensity>630.0</intensity>
      <mass-charge>203.0</mass-charge>
    </ei-ms-peak>
    <ei-ms-peak>
      <ei-ms-id>340</ei-ms-id>
      <id>38309</id>
      <intensity>10.0</intensity>
      <mass-charge>207.0</mass-charge>
    </ei-ms-peak>
    <ei-ms-peak>
      <ei-ms-id>340</ei-ms-id>
      <id>38310</id>
      <intensity>50.0</intensity>
      <mass-charge>208.0</mass-charge>
    </ei-ms-peak>
    <ei-ms-peak>
      <ei-ms-id>340</ei-ms-id>
      <id>38311</id>
      <intensity>40.0</intensity>
      <mass-charge>209.0</mass-charge>
    </ei-ms-peak>
    <ei-ms-peak>
      <ei-ms-id>340</ei-ms-id>
      <id>38312</id>
      <intensity>60.0</intensity>
      <mass-charge>210.0</mass-charge>
    </ei-ms-peak>
    <ei-ms-peak>
      <ei-ms-id>340</ei-ms-id>
      <id>38313</id>
      <intensity>50.0</intensity>
      <mass-charge>211.0</mass-charge>
    </ei-ms-peak>
    <ei-ms-peak>
      <ei-ms-id>340</ei-ms-id>
      <id>38314</id>
      <intensity>40.0</intensity>
      <mass-charge>212.0</mass-charge>
    </ei-ms-peak>
    <ei-ms-peak>
      <ei-ms-id>340</ei-ms-id>
      <id>38315</id>
      <intensity>30.0</intensity>
      <mass-charge>213.0</mass-charge>
    </ei-ms-peak>
    <ei-ms-peak>
      <ei-ms-id>340</ei-ms-id>
      <id>38316</id>
      <intensity>50.0</intensity>
      <mass-charge>214.0</mass-charge>
    </ei-ms-peak>
    <ei-ms-peak>
      <ei-ms-id>340</ei-ms-id>
      <id>38317</id>
      <intensity>60.0</intensity>
      <mass-charge>215.0</mass-charge>
    </ei-ms-peak>
    <ei-ms-peak>
      <ei-ms-id>340</ei-ms-id>
      <id>38318</id>
      <intensity>70.0</intensity>
      <mass-charge>216.0</mass-charge>
    </ei-ms-peak>
    <ei-ms-peak>
      <ei-ms-id>340</ei-ms-id>
      <id>38319</id>
      <intensity>30.0</intensity>
      <mass-charge>219.0</mass-charge>
    </ei-ms-peak>
    <ei-ms-peak>
      <ei-ms-id>340</ei-ms-id>
      <id>38320</id>
      <intensity>50.0</intensity>
      <mass-charge>220.0</mass-charge>
    </ei-ms-peak>
    <ei-ms-peak>
      <ei-ms-id>340</ei-ms-id>
      <id>38321</id>
      <intensity>40.0</intensity>
      <mass-charge>221.0</mass-charge>
    </ei-ms-peak>
    <ei-ms-peak>
      <ei-ms-id>340</ei-ms-id>
      <id>38322</id>
      <intensity>220.0</intensity>
      <mass-charge>222.0</mass-charge>
    </ei-ms-peak>
    <ei-ms-peak>
      <ei-ms-id>340</ei-ms-id>
      <id>38323</id>
      <intensity>90.0</intensity>
      <mass-charge>223.0</mass-charge>
    </ei-ms-peak>
    <ei-ms-peak>
      <ei-ms-id>340</ei-ms-id>
      <id>38324</id>
      <intensity>30.0</intensity>
      <mass-charge>224.0</mass-charge>
    </ei-ms-peak>
    <ei-ms-peak>
      <ei-ms-id>340</ei-ms-id>
      <id>38325</id>
      <intensity>50.0</intensity>
      <mass-charge>226.0</mass-charge>
    </ei-ms-peak>
    <ei-ms-peak>
      <ei-ms-id>340</ei-ms-id>
      <id>38326</id>
      <intensity>50.0</intensity>
      <mass-charge>227.0</mass-charge>
    </ei-ms-peak>
    <ei-ms-peak>
      <ei-ms-id>340</ei-ms-id>
      <id>38327</id>
      <intensity>120.0</intensity>
      <mass-charge>228.0</mass-charge>
    </ei-ms-peak>
    <ei-ms-peak>
      <ei-ms-id>340</ei-ms-id>
      <id>38328</id>
      <intensity>30.0</intensity>
      <mass-charge>229.0</mass-charge>
    </ei-ms-peak>
    <ei-ms-peak>
      <ei-ms-id>340</ei-ms-id>
      <id>38329</id>
      <intensity>30.0</intensity>
      <mass-charge>230.0</mass-charge>
    </ei-ms-peak>
    <ei-ms-peak>
      <ei-ms-id>340</ei-ms-id>
      <id>38330</id>
      <intensity>70.0</intensity>
      <mass-charge>233.0</mass-charge>
    </ei-ms-peak>
    <ei-ms-peak>
      <ei-ms-id>340</ei-ms-id>
      <id>38331</id>
      <intensity>140.0</intensity>
      <mass-charge>234.0</mass-charge>
    </ei-ms-peak>
    <ei-ms-peak>
      <ei-ms-id>340</ei-ms-id>
      <id>38332</id>
      <intensity>210.0</intensity>
      <mass-charge>235.0</mass-charge>
    </ei-ms-peak>
    <ei-ms-peak>
      <ei-ms-id>340</ei-ms-id>
      <id>38333</id>
      <intensity>50.0</intensity>
      <mass-charge>236.0</mass-charge>
    </ei-ms-peak>
    <ei-ms-peak>
      <ei-ms-id>340</ei-ms-id>
      <id>38334</id>
      <intensity>30.0</intensity>
      <mass-charge>238.0</mass-charge>
    </ei-ms-peak>
    <ei-ms-peak>
      <ei-ms-id>340</ei-ms-id>
      <id>38335</id>
      <intensity>70.0</intensity>
      <mass-charge>239.0</mass-charge>
    </ei-ms-peak>
    <ei-ms-peak>
      <ei-ms-id>340</ei-ms-id>
      <id>38336</id>
      <intensity>80.0</intensity>
      <mass-charge>240.0</mass-charge>
    </ei-ms-peak>
    <ei-ms-peak>
      <ei-ms-id>340</ei-ms-id>
      <id>38337</id>
      <intensity>30.0</intensity>
      <mass-charge>241.0</mass-charge>
    </ei-ms-peak>
    <ei-ms-peak>
      <ei-ms-id>340</ei-ms-id>
      <id>38338</id>
      <intensity>30.0</intensity>
      <mass-charge>245.0</mass-charge>
    </ei-ms-peak>
    <ei-ms-peak>
      <ei-ms-id>340</ei-ms-id>
      <id>38339</id>
      <intensity>150.0</intensity>
      <mass-charge>246.0</mass-charge>
    </ei-ms-peak>
    <ei-ms-peak>
      <ei-ms-id>340</ei-ms-id>
      <id>38340</id>
      <intensity>400.0</intensity>
      <mass-charge>247.0</mass-charge>
    </ei-ms-peak>
    <ei-ms-peak>
      <ei-ms-id>340</ei-ms-id>
      <id>38341</id>
      <intensity>2272.0</intensity>
      <mass-charge>248.0</mass-charge>
    </ei-ms-peak>
    <ei-ms-peak>
      <ei-ms-id>340</ei-ms-id>
      <id>38342</id>
      <intensity>360.0</intensity>
      <mass-charge>249.0</mass-charge>
    </ei-ms-peak>
    <ei-ms-peak>
      <ei-ms-id>340</ei-ms-id>
      <id>38343</id>
      <intensity>20.0</intensity>
      <mass-charge>250.0</mass-charge>
    </ei-ms-peak>
    <ei-ms-peak>
      <ei-ms-id>340</ei-ms-id>
      <id>38344</id>
      <intensity>70.0</intensity>
      <mass-charge>258.0</mass-charge>
    </ei-ms-peak>
    <ei-ms-peak>
      <ei-ms-id>340</ei-ms-id>
      <id>38345</id>
      <intensity>30.0</intensity>
      <mass-charge>259.0</mass-charge>
    </ei-ms-peak>
    <ei-ms-peak>
      <ei-ms-id>340</ei-ms-id>
      <id>38346</id>
      <intensity>230.0</intensity>
      <mass-charge>260.0</mass-charge>
    </ei-ms-peak>
    <ei-ms-peak>
      <ei-ms-id>340</ei-ms-id>
      <id>38347</id>
      <intensity>70.0</intensity>
      <mass-charge>261.0</mass-charge>
    </ei-ms-peak>
    <ei-ms-peak>
      <ei-ms-id>340</ei-ms-id>
      <id>38348</id>
      <intensity>80.0</intensity>
      <mass-charge>262.0</mass-charge>
    </ei-ms-peak>
    <ei-ms-peak>
      <ei-ms-id>340</ei-ms-id>
      <id>38349</id>
      <intensity>60.0</intensity>
      <mass-charge>265.0</mass-charge>
    </ei-ms-peak>
    <ei-ms-peak>
      <ei-ms-id>340</ei-ms-id>
      <id>38350</id>
      <intensity>1771.0</intensity>
      <mass-charge>266.0</mass-charge>
    </ei-ms-peak>
    <ei-ms-peak>
      <ei-ms-id>340</ei-ms-id>
      <id>38351</id>
      <intensity>1080.0</intensity>
      <mass-charge>267.0</mass-charge>
    </ei-ms-peak>
    <ei-ms-peak>
      <ei-ms-id>340</ei-ms-id>
      <id>38352</id>
      <intensity>210.0</intensity>
      <mass-charge>268.0</mass-charge>
    </ei-ms-peak>
    <ei-ms-peak>
      <ei-ms-id>340</ei-ms-id>
      <id>38353</id>
      <intensity>50.0</intensity>
      <mass-charge>269.0</mass-charge>
    </ei-ms-peak>
    <ei-ms-peak>
      <ei-ms-id>340</ei-ms-id>
      <id>38354</id>
      <intensity>40.0</intensity>
      <mass-charge>272.0</mass-charge>
    </ei-ms-peak>
    <ei-ms-peak>
      <ei-ms-id>340</ei-ms-id>
      <id>38355</id>
      <intensity>50.0</intensity>
      <mass-charge>274.0</mass-charge>
    </ei-ms-peak>
    <ei-ms-peak>
      <ei-ms-id>340</ei-ms-id>
      <id>38356</id>
      <intensity>70.0</intensity>
      <mass-charge>278.0</mass-charge>
    </ei-ms-peak>
    <ei-ms-peak>
      <ei-ms-id>340</ei-ms-id>
      <id>38357</id>
      <intensity>50.0</intensity>
      <mass-charge>279.0</mass-charge>
    </ei-ms-peak>
    <ei-ms-peak>
      <ei-ms-id>340</ei-ms-id>
      <id>38358</id>
      <intensity>9999.0</intensity>
      <mass-charge>280.0</mass-charge>
    </ei-ms-peak>
    <ei-ms-peak>
      <ei-ms-id>340</ei-ms-id>
      <id>38359</id>
      <intensity>1681.0</intensity>
      <mass-charge>281.0</mass-charge>
    </ei-ms-peak>
    <ei-ms-peak>
      <ei-ms-id>340</ei-ms-id>
      <id>38360</id>
      <intensity>630.0</intensity>
      <mass-charge>282.0</mass-charge>
    </ei-ms-peak>
    <ei-ms-peak>
      <ei-ms-id>340</ei-ms-id>
      <id>38361</id>
      <intensity>90.0</intensity>
      <mass-charge>283.0</mass-charge>
    </ei-ms-peak>
    <ei-ms-peak>
      <ei-ms-id>340</ei-ms-id>
      <id>38362</id>
      <intensity>80.0</intensity>
      <mass-charge>291.0</mass-charge>
    </ei-ms-peak>
    <ei-ms-peak>
      <ei-ms-id>340</ei-ms-id>
      <id>38363</id>
      <intensity>250.0</intensity>
      <mass-charge>292.0</mass-charge>
    </ei-ms-peak>
    <ei-ms-peak>
      <ei-ms-id>340</ei-ms-id>
      <id>38364</id>
      <intensity>320.0</intensity>
      <mass-charge>293.0</mass-charge>
    </ei-ms-peak>
    <ei-ms-peak>
      <ei-ms-id>340</ei-ms-id>
      <id>38365</id>
      <intensity>420.0</intensity>
      <mass-charge>294.0</mass-charge>
    </ei-ms-peak>
    <ei-ms-peak>
      <ei-ms-id>340</ei-ms-id>
      <id>38366</id>
      <intensity>80.0</intensity>
      <mass-charge>295.0</mass-charge>
    </ei-ms-peak>
    <ei-ms-peak>
      <ei-ms-id>340</ei-ms-id>
      <id>38367</id>
      <intensity>30.0</intensity>
      <mass-charge>304.0</mass-charge>
    </ei-ms-peak>
    <ei-ms-peak>
      <ei-ms-id>340</ei-ms-id>
      <id>38368</id>
      <intensity>820.0</intensity>
      <mass-charge>306.0</mass-charge>
    </ei-ms-peak>
    <ei-ms-peak>
      <ei-ms-id>340</ei-ms-id>
      <id>38369</id>
      <intensity>490.0</intensity>
      <mass-charge>307.0</mass-charge>
    </ei-ms-peak>
    <ei-ms-peak>
      <ei-ms-id>340</ei-ms-id>
      <id>38370</id>
      <intensity>130.0</intensity>
      <mass-charge>308.0</mass-charge>
    </ei-ms-peak>
    <ei-ms-peak>
      <ei-ms-id>340</ei-ms-id>
      <id>38371</id>
      <intensity>30.0</intensity>
      <mass-charge>309.0</mass-charge>
    </ei-ms-peak>
    <ei-ms-peak>
      <ei-ms-id>340</ei-ms-id>
      <id>38372</id>
      <intensity>80.0</intensity>
      <mass-charge>336.0</mass-charge>
    </ei-ms-peak>
    <ei-ms-peak>
      <ei-ms-id>340</ei-ms-id>
      <id>38373</id>
      <intensity>40.0</intensity>
      <mass-charge>337.0</mass-charge>
    </ei-ms-peak>
    <ei-ms-peak>
      <ei-ms-id>340</ei-ms-id>
      <id>38374</id>
      <intensity>30.0</intensity>
      <mass-charge>348.0</mass-charge>
    </ei-ms-peak>
    <ei-ms-peak>
      <ei-ms-id>340</ei-ms-id>
      <id>38375</id>
      <intensity>30.0</intensity>
      <mass-charge>349.0</mass-charge>
    </ei-ms-peak>
    <ei-ms-peak>
      <ei-ms-id>340</ei-ms-id>
      <id>38376</id>
      <intensity>270.0</intensity>
      <mass-charge>350.0</mass-charge>
    </ei-ms-peak>
    <ei-ms-peak>
      <ei-ms-id>340</ei-ms-id>
      <id>38377</id>
      <intensity>70.0</intensity>
      <mass-charge>351.0</mass-charge>
    </ei-ms-peak>
    <ei-ms-peak>
      <ei-ms-id>340</ei-ms-id>
      <id>38378</id>
      <intensity>180.0</intensity>
      <mass-charge>363.0</mass-charge>
    </ei-ms-peak>
    <ei-ms-peak>
      <ei-ms-id>340</ei-ms-id>
      <id>38379</id>
      <intensity>40.0</intensity>
      <mass-charge>364.0</mass-charge>
    </ei-ms-peak>
    <ei-ms-peak>
      <ei-ms-id>340</ei-ms-id>
      <id>38380</id>
      <intensity>20.0</intensity>
      <mass-charge>365.0</mass-charge>
    </ei-ms-peak>
    <ei-ms-peak>
      <ei-ms-id>340</ei-ms-id>
      <id>38381</id>
      <intensity>90.0</intensity>
      <mass-charge>378.0</mass-charge>
    </ei-ms-peak>
    <ei-ms-peak>
      <ei-ms-id>340</ei-ms-id>
      <id>38382</id>
      <intensity>60.0</intensity>
      <mass-charge>391.0</mass-charge>
    </ei-ms-peak>
    <ei-ms-peak>
      <ei-ms-id>340</ei-ms-id>
      <id>38383</id>
      <intensity>30.0</intensity>
      <mass-charge>392.0</mass-charge>
    </ei-ms-peak>
    <ei-ms-peak>
      <ei-ms-id>340</ei-ms-id>
      <id>38384</id>
      <intensity>40.0</intensity>
      <mass-charge>393.0</mass-charge>
    </ei-ms-peak>
    <ei-ms-peak>
      <ei-ms-id>340</ei-ms-id>
      <id>38385</id>
      <intensity>110.0</intensity>
      <mass-charge>398.0</mass-charge>
    </ei-ms-peak>
    <ei-ms-peak>
      <ei-ms-id>340</ei-ms-id>
      <id>38386</id>
      <intensity>30.0</intensity>
      <mass-charge>399.0</mass-charge>
    </ei-ms-peak>
    <ei-ms-peak>
      <ei-ms-id>340</ei-ms-id>
      <id>38387</id>
      <intensity>40.0</intensity>
      <mass-charge>404.0</mass-charge>
    </ei-ms-peak>
    <ei-ms-peak>
      <ei-ms-id>340</ei-ms-id>
      <id>38388</id>
      <intensity>1040.0</intensity>
      <mass-charge>406.0</mass-charge>
    </ei-ms-peak>
    <ei-ms-peak>
      <ei-ms-id>340</ei-ms-id>
      <id>38389</id>
      <intensity>900.0</intensity>
      <mass-charge>407.0</mass-charge>
    </ei-ms-peak>
    <ei-ms-peak>
      <ei-ms-id>340</ei-ms-id>
      <id>38390</id>
      <intensity>210.0</intensity>
      <mass-charge>408.0</mass-charge>
    </ei-ms-peak>
    <ei-ms-peak>
      <ei-ms-id>340</ei-ms-id>
      <id>38391</id>
      <intensity>60.0</intensity>
      <mass-charge>409.0</mass-charge>
    </ei-ms-peak>
    <ei-ms-peak>
      <ei-ms-id>340</ei-ms-id>
      <id>38392</id>
      <intensity>690.0</intensity>
      <mass-charge>419.0</mass-charge>
    </ei-ms-peak>
    <ei-ms-peak>
      <ei-ms-id>340</ei-ms-id>
      <id>38393</id>
      <intensity>200.0</intensity>
      <mass-charge>420.0</mass-charge>
    </ei-ms-peak>
    <ei-ms-peak>
      <ei-ms-id>340</ei-ms-id>
      <id>38394</id>
      <intensity>60.0</intensity>
      <mass-charge>421.0</mass-charge>
    </ei-ms-peak>
    <ei-ms-peak>
      <ei-ms-id>340</ei-ms-id>
      <id>38395</id>
      <intensity>50.0</intensity>
      <mass-charge>435.0</mass-charge>
    </ei-ms-peak>
    <ei-ms-peak>
      <ei-ms-id>340</ei-ms-id>
      <id>38396</id>
      <intensity>20.0</intensity>
      <mass-charge>436.0</mass-charge>
    </ei-ms-peak>
    <ei-ms-peak>
      <ei-ms-id>340</ei-ms-id>
      <id>38397</id>
      <intensity>1331.0</intensity>
      <mass-charge>437.0</mass-charge>
    </ei-ms-peak>
    <ei-ms-peak>
      <ei-ms-id>340</ei-ms-id>
      <id>38398</id>
      <intensity>350.0</intensity>
      <mass-charge>438.0</mass-charge>
    </ei-ms-peak>
    <ei-ms-peak>
      <ei-ms-id>340</ei-ms-id>
      <id>38399</id>
      <intensity>90.0</intensity>
      <mass-charge>439.0</mass-charge>
    </ei-ms-peak>
  </ei-ms-peaks>
</ei-ms>
