<?xml version="1.0" encoding="UTF-8"?>
<ei-ms>
  <collection-date nil="true"/>
  <created-at>2014-09-20T16:18:41Z</created-at>
  <database-id>HMDB40221</database-id>
  <id>61</id>
  <inchi-key>PQLMXFQTAMDXIZ-UHFFFAOYSA-N</inchi-key>
  <instrument-type nil="true"/>
  <molecule-id nil="true"/>
  <notes nil="true"/>
  <peak-counter>53</peak-counter>
  <sample-assessment nil="true"/>
  <sample-concentration nil="true"/>
  <sample-concentration-units nil="true"/>
  <sample-mass nil="true"/>
  <sample-mass-units nil="true"/>
  <sample-source nil="true"/>
  <solvent nil="true"/>
  <spectra-assessment nil="true"/>
  <updated-at>2014-09-20T16:18:41Z</updated-at>
  <references>
    <reference>
      <database>NIST</database>
      <database-id>106-27-4</database-id>
      <id>14933</id>
      <pubmed-id nil="true"/>
      <ref-text>NIST Mass Spec Data Center, S.E. Stein, director, "Mass Spectra" in NIST Chemistry WebBook, NIST Standard Reference Database Number 69, Eds. P.J. Linstrom and W.G. Mallard, National Institute of Standards and Technology, Gaithersburg MD, 20899, http://webbook.nist.gov, (retrieved September 6, 2014).</ref-text>
      <spectra-id>61</spectra-id>
      <spectra-type>EiMs</spectra-type>
    </reference>
  </references>
  <ei-ms-peaks>
    <ei-ms-peak>
      <ei-ms-id>61</ei-ms-id>
      <id>6263</id>
      <intensity>70.0</intensity>
      <mass-charge>15.0</mass-charge>
    </ei-ms-peak>
    <ei-ms-peak>
      <ei-ms-id>61</ei-ms-id>
      <id>6264</id>
      <intensity>10.0</intensity>
      <mass-charge>17.0</mass-charge>
    </ei-ms-peak>
    <ei-ms-peak>
      <ei-ms-id>61</ei-ms-id>
      <id>6265</id>
      <intensity>30.0</intensity>
      <mass-charge>18.0</mass-charge>
    </ei-ms-peak>
    <ei-ms-peak>
      <ei-ms-id>61</ei-ms-id>
      <id>6266</id>
      <intensity>50.0</intensity>
      <mass-charge>26.0</mass-charge>
    </ei-ms-peak>
    <ei-ms-peak>
      <ei-ms-id>61</ei-ms-id>
      <id>6267</id>
      <intensity>1209.0</intensity>
      <mass-charge>27.0</mass-charge>
    </ei-ms-peak>
    <ei-ms-peak>
      <ei-ms-id>61</ei-ms-id>
      <id>6268</id>
      <intensity>299.0</intensity>
      <mass-charge>28.0</mass-charge>
    </ei-ms-peak>
    <ei-ms-peak>
      <ei-ms-id>61</ei-ms-id>
      <id>6269</id>
      <intensity>839.0</intensity>
      <mass-charge>29.0</mass-charge>
    </ei-ms-peak>
    <ei-ms-peak>
      <ei-ms-id>61</ei-ms-id>
      <id>6270</id>
      <intensity>20.0</intensity>
      <mass-charge>30.0</mass-charge>
    </ei-ms-peak>
    <ei-ms-peak>
      <ei-ms-id>61</ei-ms-id>
      <id>6271</id>
      <intensity>90.0</intensity>
      <mass-charge>31.0</mass-charge>
    </ei-ms-peak>
    <ei-ms-peak>
      <ei-ms-id>61</ei-ms-id>
      <id>6272</id>
      <intensity>20.0</intensity>
      <mass-charge>38.0</mass-charge>
    </ei-ms-peak>
    <ei-ms-peak>
      <ei-ms-id>61</ei-ms-id>
      <id>6273</id>
      <intensity>609.0</intensity>
      <mass-charge>39.0</mass-charge>
    </ei-ms-peak>
    <ei-ms-peak>
      <ei-ms-id>61</ei-ms-id>
      <id>6274</id>
      <intensity>109.0</intensity>
      <mass-charge>40.0</mass-charge>
    </ei-ms-peak>
    <ei-ms-peak>
      <ei-ms-id>61</ei-ms-id>
      <id>6275</id>
      <intensity>2099.0</intensity>
      <mass-charge>41.0</mass-charge>
    </ei-ms-peak>
    <ei-ms-peak>
      <ei-ms-id>61</ei-ms-id>
      <id>6276</id>
      <intensity>1549.0</intensity>
      <mass-charge>42.0</mass-charge>
    </ei-ms-peak>
    <ei-ms-peak>
      <ei-ms-id>61</ei-ms-id>
      <id>6277</id>
      <intensity>8179.0</intensity>
      <mass-charge>43.0</mass-charge>
    </ei-ms-peak>
    <ei-ms-peak>
      <ei-ms-id>61</ei-ms-id>
      <id>6278</id>
      <intensity>309.0</intensity>
      <mass-charge>44.0</mass-charge>
    </ei-ms-peak>
    <ei-ms-peak>
      <ei-ms-id>61</ei-ms-id>
      <id>6279</id>
      <intensity>219.0</intensity>
      <mass-charge>45.0</mass-charge>
    </ei-ms-peak>
    <ei-ms-peak>
      <ei-ms-id>61</ei-ms-id>
      <id>6280</id>
      <intensity>10.0</intensity>
      <mass-charge>47.0</mass-charge>
    </ei-ms-peak>
    <ei-ms-peak>
      <ei-ms-id>61</ei-ms-id>
      <id>6281</id>
      <intensity>10.0</intensity>
      <mass-charge>51.0</mass-charge>
    </ei-ms-peak>
    <ei-ms-peak>
      <ei-ms-id>61</ei-ms-id>
      <id>6282</id>
      <intensity>99.0</intensity>
      <mass-charge>53.0</mass-charge>
    </ei-ms-peak>
    <ei-ms-peak>
      <ei-ms-id>61</ei-ms-id>
      <id>6283</id>
      <intensity>80.0</intensity>
      <mass-charge>54.0</mass-charge>
    </ei-ms-peak>
    <ei-ms-peak>
      <ei-ms-id>61</ei-ms-id>
      <id>6284</id>
      <intensity>3279.0</intensity>
      <mass-charge>55.0</mass-charge>
    </ei-ms-peak>
    <ei-ms-peak>
      <ei-ms-id>61</ei-ms-id>
      <id>6285</id>
      <intensity>219.0</intensity>
      <mass-charge>56.0</mass-charge>
    </ei-ms-peak>
    <ei-ms-peak>
      <ei-ms-id>61</ei-ms-id>
      <id>6286</id>
      <intensity>239.0</intensity>
      <mass-charge>57.0</mass-charge>
    </ei-ms-peak>
    <ei-ms-peak>
      <ei-ms-id>61</ei-ms-id>
      <id>6287</id>
      <intensity>30.0</intensity>
      <mass-charge>58.0</mass-charge>
    </ei-ms-peak>
    <ei-ms-peak>
      <ei-ms-id>61</ei-ms-id>
      <id>6288</id>
      <intensity>20.0</intensity>
      <mass-charge>59.0</mass-charge>
    </ei-ms-peak>
    <ei-ms-peak>
      <ei-ms-id>61</ei-ms-id>
      <id>6289</id>
      <intensity>329.0</intensity>
      <mass-charge>60.0</mass-charge>
    </ei-ms-peak>
    <ei-ms-peak>
      <ei-ms-id>61</ei-ms-id>
      <id>6290</id>
      <intensity>30.0</intensity>
      <mass-charge>61.0</mass-charge>
    </ei-ms-peak>
    <ei-ms-peak>
      <ei-ms-id>61</ei-ms-id>
      <id>6291</id>
      <intensity>30.0</intensity>
      <mass-charge>67.0</mass-charge>
    </ei-ms-peak>
    <ei-ms-peak>
      <ei-ms-id>61</ei-ms-id>
      <id>6292</id>
      <intensity>20.0</intensity>
      <mass-charge>68.0</mass-charge>
    </ei-ms-peak>
    <ei-ms-peak>
      <ei-ms-id>61</ei-ms-id>
      <id>6293</id>
      <intensity>469.0</intensity>
      <mass-charge>69.0</mass-charge>
    </ei-ms-peak>
    <ei-ms-peak>
      <ei-ms-id>61</ei-ms-id>
      <id>6294</id>
      <intensity>7109.0</intensity>
      <mass-charge>70.0</mass-charge>
    </ei-ms-peak>
    <ei-ms-peak>
      <ei-ms-id>61</ei-ms-id>
      <id>6295</id>
      <intensity>9999.0</intensity>
      <mass-charge>71.0</mass-charge>
    </ei-ms-peak>
    <ei-ms-peak>
      <ei-ms-id>61</ei-ms-id>
      <id>6296</id>
      <intensity>459.0</intensity>
      <mass-charge>72.0</mass-charge>
    </ei-ms-peak>
    <ei-ms-peak>
      <ei-ms-id>61</ei-ms-id>
      <id>6297</id>
      <intensity>239.0</intensity>
      <mass-charge>73.0</mass-charge>
    </ei-ms-peak>
    <ei-ms-peak>
      <ei-ms-id>61</ei-ms-id>
      <id>6298</id>
      <intensity>20.0</intensity>
      <mass-charge>74.0</mass-charge>
    </ei-ms-peak>
    <ei-ms-peak>
      <ei-ms-id>61</ei-ms-id>
      <id>6299</id>
      <intensity>159.0</intensity>
      <mass-charge>85.0</mass-charge>
    </ei-ms-peak>
    <ei-ms-peak>
      <ei-ms-id>61</ei-ms-id>
      <id>6300</id>
      <intensity>50.0</intensity>
      <mass-charge>86.0</mass-charge>
    </ei-ms-peak>
    <ei-ms-peak>
      <ei-ms-id>61</ei-ms-id>
      <id>6301</id>
      <intensity>99.0</intensity>
      <mass-charge>87.0</mass-charge>
    </ei-ms-peak>
    <ei-ms-peak>
      <ei-ms-id>61</ei-ms-id>
      <id>6302</id>
      <intensity>239.0</intensity>
      <mass-charge>88.0</mass-charge>
    </ei-ms-peak>
    <ei-ms-peak>
      <ei-ms-id>61</ei-ms-id>
      <id>6303</id>
      <intensity>1279.0</intensity>
      <mass-charge>89.0</mass-charge>
    </ei-ms-peak>
    <ei-ms-peak>
      <ei-ms-id>61</ei-ms-id>
      <id>6304</id>
      <intensity>50.0</intensity>
      <mass-charge>90.0</mass-charge>
    </ei-ms-peak>
    <ei-ms-peak>
      <ei-ms-id>61</ei-ms-id>
      <id>6305</id>
      <intensity>10.0</intensity>
      <mass-charge>97.0</mass-charge>
    </ei-ms-peak>
    <ei-ms-peak>
      <ei-ms-id>61</ei-ms-id>
      <id>6306</id>
      <intensity>40.0</intensity>
      <mass-charge>100.0</mass-charge>
    </ei-ms-peak>
    <ei-ms-peak>
      <ei-ms-id>61</ei-ms-id>
      <id>6307</id>
      <intensity>309.0</intensity>
      <mass-charge>101.0</mass-charge>
    </ei-ms-peak>
    <ei-ms-peak>
      <ei-ms-id>61</ei-ms-id>
      <id>6308</id>
      <intensity>30.0</intensity>
      <mass-charge>102.0</mass-charge>
    </ei-ms-peak>
    <ei-ms-peak>
      <ei-ms-id>61</ei-ms-id>
      <id>6309</id>
      <intensity>10.0</intensity>
      <mass-charge>113.0</mass-charge>
    </ei-ms-peak>
    <ei-ms-peak>
      <ei-ms-id>61</ei-ms-id>
      <id>6310</id>
      <intensity>369.0</intensity>
      <mass-charge>115.0</mass-charge>
    </ei-ms-peak>
    <ei-ms-peak>
      <ei-ms-id>61</ei-ms-id>
      <id>6311</id>
      <intensity>30.0</intensity>
      <mass-charge>116.0</mass-charge>
    </ei-ms-peak>
    <ei-ms-peak>
      <ei-ms-id>61</ei-ms-id>
      <id>6312</id>
      <intensity>20.0</intensity>
      <mass-charge>128.0</mass-charge>
    </ei-ms-peak>
    <ei-ms-peak>
      <ei-ms-id>61</ei-ms-id>
      <id>6313</id>
      <intensity>10.0</intensity>
      <mass-charge>129.0</mass-charge>
    </ei-ms-peak>
    <ei-ms-peak>
      <ei-ms-id>61</ei-ms-id>
      <id>6314</id>
      <intensity>20.0</intensity>
      <mass-charge>130.0</mass-charge>
    </ei-ms-peak>
    <ei-ms-peak>
      <ei-ms-id>61</ei-ms-id>
      <id>6315</id>
      <intensity>10.0</intensity>
      <mass-charge>143.0</mass-charge>
    </ei-ms-peak>
  </ei-ms-peaks>
</ei-ms>
