<?xml version="1.0" encoding="UTF-8"?>
<ei-ms>
  <collection-date nil="true"/>
  <created-at>2014-09-20T16:45:06Z</created-at>
  <database-id>HMDB59573</database-id>
  <id>1148</id>
  <inchi-key>GVYLCNUFSHDAAW-UHFFFAOYSA-N</inchi-key>
  <instrument-type nil="true"/>
  <molecule-id nil="true"/>
  <notes nil="true"/>
  <peak-counter>178</peak-counter>
  <sample-assessment nil="true"/>
  <sample-concentration nil="true"/>
  <sample-concentration-units nil="true"/>
  <sample-mass nil="true"/>
  <sample-mass-units nil="true"/>
  <sample-source nil="true"/>
  <solvent nil="true"/>
  <spectra-assessment nil="true"/>
  <updated-at>2014-09-20T16:45:06Z</updated-at>
  <references>
    <reference>
      <database>NIST</database>
      <database-id>2385-85-5</database-id>
      <id>16020</id>
      <pubmed-id nil="true"/>
      <ref-text>NIST Mass Spec Data Center, S.E. Stein, director, "Mass Spectra" in NIST Chemistry WebBook, NIST Standard Reference Database Number 69, Eds. P.J. Linstrom and W.G. Mallard, National Institute of Standards and Technology, Gaithersburg MD, 20899, http://webbook.nist.gov, (retrieved September 6, 2014).</ref-text>
      <spectra-id>1148</spectra-id>
      <spectra-type>EiMs</spectra-type>
    </reference>
  </references>
  <ei-ms-peaks>
    <ei-ms-peak>
      <ei-ms-id>1148</ei-ms-id>
      <id>123734</id>
      <intensity>40.0</intensity>
      <mass-charge>60.0</mass-charge>
    </ei-ms-peak>
    <ei-ms-peak>
      <ei-ms-id>1148</ei-ms-id>
      <id>123735</id>
      <intensity>60.0</intensity>
      <mass-charge>71.0</mass-charge>
    </ei-ms-peak>
    <ei-ms-peak>
      <ei-ms-id>1148</ei-ms-id>
      <id>123736</id>
      <intensity>20.0</intensity>
      <mass-charge>73.0</mass-charge>
    </ei-ms-peak>
    <ei-ms-peak>
      <ei-ms-id>1148</ei-ms-id>
      <id>123737</id>
      <intensity>30.0</intensity>
      <mass-charge>82.0</mass-charge>
    </ei-ms-peak>
    <ei-ms-peak>
      <ei-ms-id>1148</ei-ms-id>
      <id>123738</id>
      <intensity>40.0</intensity>
      <mass-charge>83.0</mass-charge>
    </ei-ms-peak>
    <ei-ms-peak>
      <ei-ms-id>1148</ei-ms-id>
      <id>123739</id>
      <intensity>110.0</intensity>
      <mass-charge>84.0</mass-charge>
    </ei-ms-peak>
    <ei-ms-peak>
      <ei-ms-id>1148</ei-ms-id>
      <id>123740</id>
      <intensity>20.0</intensity>
      <mass-charge>85.0</mass-charge>
    </ei-ms-peak>
    <ei-ms-peak>
      <ei-ms-id>1148</ei-ms-id>
      <id>123741</id>
      <intensity>70.0</intensity>
      <mass-charge>94.0</mass-charge>
    </ei-ms-peak>
    <ei-ms-peak>
      <ei-ms-id>1148</ei-ms-id>
      <id>123742</id>
      <intensity>280.0</intensity>
      <mass-charge>95.0</mass-charge>
    </ei-ms-peak>
    <ei-ms-peak>
      <ei-ms-id>1148</ei-ms-id>
      <id>123743</id>
      <intensity>160.0</intensity>
      <mass-charge>96.0</mass-charge>
    </ei-ms-peak>
    <ei-ms-peak>
      <ei-ms-id>1148</ei-ms-id>
      <id>123744</id>
      <intensity>70.0</intensity>
      <mass-charge>97.0</mass-charge>
    </ei-ms-peak>
    <ei-ms-peak>
      <ei-ms-id>1148</ei-ms-id>
      <id>123745</id>
      <intensity>120.0</intensity>
      <mass-charge>106.0</mass-charge>
    </ei-ms-peak>
    <ei-ms-peak>
      <ei-ms-id>1148</ei-ms-id>
      <id>123746</id>
      <intensity>80.0</intensity>
      <mass-charge>107.0</mass-charge>
    </ei-ms-peak>
    <ei-ms-peak>
      <ei-ms-id>1148</ei-ms-id>
      <id>123747</id>
      <intensity>130.0</intensity>
      <mass-charge>108.0</mass-charge>
    </ei-ms-peak>
    <ei-ms-peak>
      <ei-ms-id>1148</ei-ms-id>
      <id>123748</id>
      <intensity>30.0</intensity>
      <mass-charge>109.0</mass-charge>
    </ei-ms-peak>
    <ei-ms-peak>
      <ei-ms-id>1148</ei-ms-id>
      <id>123749</id>
      <intensity>90.0</intensity>
      <mass-charge>112.0</mass-charge>
    </ei-ms-peak>
    <ei-ms-peak>
      <ei-ms-id>1148</ei-ms-id>
      <id>123750</id>
      <intensity>60.0</intensity>
      <mass-charge>113.0</mass-charge>
    </ei-ms-peak>
    <ei-ms-peak>
      <ei-ms-id>1148</ei-ms-id>
      <id>123751</id>
      <intensity>30.0</intensity>
      <mass-charge>114.0</mass-charge>
    </ei-ms-peak>
    <ei-ms-peak>
      <ei-ms-id>1148</ei-ms-id>
      <id>123752</id>
      <intensity>400.0</intensity>
      <mass-charge>117.0</mass-charge>
    </ei-ms-peak>
    <ei-ms-peak>
      <ei-ms-id>1148</ei-ms-id>
      <id>123753</id>
      <intensity>150.0</intensity>
      <mass-charge>118.0</mass-charge>
    </ei-ms-peak>
    <ei-ms-peak>
      <ei-ms-id>1148</ei-ms-id>
      <id>123754</id>
      <intensity>520.0</intensity>
      <mass-charge>119.0</mass-charge>
    </ei-ms-peak>
    <ei-ms-peak>
      <ei-ms-id>1148</ei-ms-id>
      <id>123755</id>
      <intensity>230.0</intensity>
      <mass-charge>120.0</mass-charge>
    </ei-ms-peak>
    <ei-ms-peak>
      <ei-ms-id>1148</ei-ms-id>
      <id>123756</id>
      <intensity>190.0</intensity>
      <mass-charge>121.0</mass-charge>
    </ei-ms-peak>
    <ei-ms-peak>
      <ei-ms-id>1148</ei-ms-id>
      <id>123757</id>
      <intensity>20.0</intensity>
      <mass-charge>123.0</mass-charge>
    </ei-ms-peak>
    <ei-ms-peak>
      <ei-ms-id>1148</ei-ms-id>
      <id>123758</id>
      <intensity>400.0</intensity>
      <mass-charge>130.0</mass-charge>
    </ei-ms-peak>
    <ei-ms-peak>
      <ei-ms-id>1148</ei-ms-id>
      <id>123759</id>
      <intensity>280.0</intensity>
      <mass-charge>131.0</mass-charge>
    </ei-ms-peak>
    <ei-ms-peak>
      <ei-ms-id>1148</ei-ms-id>
      <id>123760</id>
      <intensity>270.0</intensity>
      <mass-charge>132.0</mass-charge>
    </ei-ms-peak>
    <ei-ms-peak>
      <ei-ms-id>1148</ei-ms-id>
      <id>123761</id>
      <intensity>60.0</intensity>
      <mass-charge>133.0</mass-charge>
    </ei-ms-peak>
    <ei-ms-peak>
      <ei-ms-id>1148</ei-ms-id>
      <id>123762</id>
      <intensity>30.0</intensity>
      <mass-charge>134.0</mass-charge>
    </ei-ms-peak>
    <ei-ms-peak>
      <ei-ms-id>1148</ei-ms-id>
      <id>123763</id>
      <intensity>581.0</intensity>
      <mass-charge>141.0</mass-charge>
    </ei-ms-peak>
    <ei-ms-peak>
      <ei-ms-id>1148</ei-ms-id>
      <id>123764</id>
      <intensity>200.0</intensity>
      <mass-charge>142.0</mass-charge>
    </ei-ms-peak>
    <ei-ms-peak>
      <ei-ms-id>1148</ei-ms-id>
      <id>123765</id>
      <intensity>651.0</intensity>
      <mass-charge>143.0</mass-charge>
    </ei-ms-peak>
    <ei-ms-peak>
      <ei-ms-id>1148</ei-ms-id>
      <id>123766</id>
      <intensity>140.0</intensity>
      <mass-charge>144.0</mass-charge>
    </ei-ms-peak>
    <ei-ms-peak>
      <ei-ms-id>1148</ei-ms-id>
      <id>123767</id>
      <intensity>210.0</intensity>
      <mass-charge>145.0</mass-charge>
    </ei-ms-peak>
    <ei-ms-peak>
      <ei-ms-id>1148</ei-ms-id>
      <id>123768</id>
      <intensity>30.0</intensity>
      <mass-charge>146.0</mass-charge>
    </ei-ms-peak>
    <ei-ms-peak>
      <ei-ms-id>1148</ei-ms-id>
      <id>123769</id>
      <intensity>70.0</intensity>
      <mass-charge>147.0</mass-charge>
    </ei-ms-peak>
    <ei-ms-peak>
      <ei-ms-id>1148</ei-ms-id>
      <id>123770</id>
      <intensity>150.0</intensity>
      <mass-charge>148.0</mass-charge>
    </ei-ms-peak>
    <ei-ms-peak>
      <ei-ms-id>1148</ei-ms-id>
      <id>123771</id>
      <intensity>100.0</intensity>
      <mass-charge>149.0</mass-charge>
    </ei-ms-peak>
    <ei-ms-peak>
      <ei-ms-id>1148</ei-ms-id>
      <id>123772</id>
      <intensity>20.0</intensity>
      <mass-charge>150.0</mass-charge>
    </ei-ms-peak>
    <ei-ms-peak>
      <ei-ms-id>1148</ei-ms-id>
      <id>123773</id>
      <intensity>70.0</intensity>
      <mass-charge>153.0</mass-charge>
    </ei-ms-peak>
    <ei-ms-peak>
      <ei-ms-id>1148</ei-ms-id>
      <id>123774</id>
      <intensity>170.0</intensity>
      <mass-charge>154.0</mass-charge>
    </ei-ms-peak>
    <ei-ms-peak>
      <ei-ms-id>1148</ei-ms-id>
      <id>123775</id>
      <intensity>150.0</intensity>
      <mass-charge>155.0</mass-charge>
    </ei-ms-peak>
    <ei-ms-peak>
      <ei-ms-id>1148</ei-ms-id>
      <id>123776</id>
      <intensity>110.0</intensity>
      <mass-charge>156.0</mass-charge>
    </ei-ms-peak>
    <ei-ms-peak>
      <ei-ms-id>1148</ei-ms-id>
      <id>123777</id>
      <intensity>40.0</intensity>
      <mass-charge>157.0</mass-charge>
    </ei-ms-peak>
    <ei-ms-peak>
      <ei-ms-id>1148</ei-ms-id>
      <id>123778</id>
      <intensity>550.0</intensity>
      <mass-charge>165.0</mass-charge>
    </ei-ms-peak>
    <ei-ms-peak>
      <ei-ms-id>1148</ei-ms-id>
      <id>123779</id>
      <intensity>641.0</intensity>
      <mass-charge>166.0</mass-charge>
    </ei-ms-peak>
    <ei-ms-peak>
      <ei-ms-id>1148</ei-ms-id>
      <id>123780</id>
      <intensity>691.0</intensity>
      <mass-charge>167.0</mass-charge>
    </ei-ms-peak>
    <ei-ms-peak>
      <ei-ms-id>1148</ei-ms-id>
      <id>123781</id>
      <intensity>300.0</intensity>
      <mass-charge>168.0</mass-charge>
    </ei-ms-peak>
    <ei-ms-peak>
      <ei-ms-id>1148</ei-ms-id>
      <id>123782</id>
      <intensity>160.0</intensity>
      <mass-charge>169.0</mass-charge>
    </ei-ms-peak>
    <ei-ms-peak>
      <ei-ms-id>1148</ei-ms-id>
      <id>123783</id>
      <intensity>30.0</intensity>
      <mass-charge>170.0</mass-charge>
    </ei-ms-peak>
    <ei-ms-peak>
      <ei-ms-id>1148</ei-ms-id>
      <id>123784</id>
      <intensity>20.0</intensity>
      <mass-charge>177.0</mass-charge>
    </ei-ms-peak>
    <ei-ms-peak>
      <ei-ms-id>1148</ei-ms-id>
      <id>123785</id>
      <intensity>70.0</intensity>
      <mass-charge>178.0</mass-charge>
    </ei-ms-peak>
    <ei-ms-peak>
      <ei-ms-id>1148</ei-ms-id>
      <id>123786</id>
      <intensity>30.0</intensity>
      <mass-charge>179.0</mass-charge>
    </ei-ms-peak>
    <ei-ms-peak>
      <ei-ms-id>1148</ei-ms-id>
      <id>123787</id>
      <intensity>50.0</intensity>
      <mass-charge>180.0</mass-charge>
    </ei-ms-peak>
    <ei-ms-peak>
      <ei-ms-id>1148</ei-ms-id>
      <id>123788</id>
      <intensity>20.0</intensity>
      <mass-charge>181.0</mass-charge>
    </ei-ms-peak>
    <ei-ms-peak>
      <ei-ms-id>1148</ei-ms-id>
      <id>123789</id>
      <intensity>20.0</intensity>
      <mass-charge>182.0</mass-charge>
    </ei-ms-peak>
    <ei-ms-peak>
      <ei-ms-id>1148</ei-ms-id>
      <id>123790</id>
      <intensity>30.0</intensity>
      <mass-charge>183.0</mass-charge>
    </ei-ms-peak>
    <ei-ms-peak>
      <ei-ms-id>1148</ei-ms-id>
      <id>123791</id>
      <intensity>30.0</intensity>
      <mass-charge>184.0</mass-charge>
    </ei-ms-peak>
    <ei-ms-peak>
      <ei-ms-id>1148</ei-ms-id>
      <id>123792</id>
      <intensity>50.0</intensity>
      <mass-charge>188.0</mass-charge>
    </ei-ms-peak>
    <ei-ms-peak>
      <ei-ms-id>1148</ei-ms-id>
      <id>123793</id>
      <intensity>60.0</intensity>
      <mass-charge>189.0</mass-charge>
    </ei-ms-peak>
    <ei-ms-peak>
      <ei-ms-id>1148</ei-ms-id>
      <id>123794</id>
      <intensity>320.0</intensity>
      <mass-charge>190.0</mass-charge>
    </ei-ms-peak>
    <ei-ms-peak>
      <ei-ms-id>1148</ei-ms-id>
      <id>123795</id>
      <intensity>100.0</intensity>
      <mass-charge>191.0</mass-charge>
    </ei-ms-peak>
    <ei-ms-peak>
      <ei-ms-id>1148</ei-ms-id>
      <id>123796</id>
      <intensity>210.0</intensity>
      <mass-charge>192.0</mass-charge>
    </ei-ms-peak>
    <ei-ms-peak>
      <ei-ms-id>1148</ei-ms-id>
      <id>123797</id>
      <intensity>40.0</intensity>
      <mass-charge>193.0</mass-charge>
    </ei-ms-peak>
    <ei-ms-peak>
      <ei-ms-id>1148</ei-ms-id>
      <id>123798</id>
      <intensity>40.0</intensity>
      <mass-charge>194.0</mass-charge>
    </ei-ms-peak>
    <ei-ms-peak>
      <ei-ms-id>1148</ei-ms-id>
      <id>123799</id>
      <intensity>160.0</intensity>
      <mass-charge>200.0</mass-charge>
    </ei-ms-peak>
    <ei-ms-peak>
      <ei-ms-id>1148</ei-ms-id>
      <id>123800</id>
      <intensity>450.0</intensity>
      <mass-charge>201.0</mass-charge>
    </ei-ms-peak>
    <ei-ms-peak>
      <ei-ms-id>1148</ei-ms-id>
      <id>123801</id>
      <intensity>460.0</intensity>
      <mass-charge>202.0</mass-charge>
    </ei-ms-peak>
    <ei-ms-peak>
      <ei-ms-id>1148</ei-ms-id>
      <id>123802</id>
      <intensity>370.0</intensity>
      <mass-charge>203.0</mass-charge>
    </ei-ms-peak>
    <ei-ms-peak>
      <ei-ms-id>1148</ei-ms-id>
      <id>123803</id>
      <intensity>130.0</intensity>
      <mass-charge>204.0</mass-charge>
    </ei-ms-peak>
    <ei-ms-peak>
      <ei-ms-id>1148</ei-ms-id>
      <id>123804</id>
      <intensity>40.0</intensity>
      <mass-charge>205.0</mass-charge>
    </ei-ms-peak>
    <ei-ms-peak>
      <ei-ms-id>1148</ei-ms-id>
      <id>123805</id>
      <intensity>20.0</intensity>
      <mass-charge>212.0</mass-charge>
    </ei-ms-peak>
    <ei-ms-peak>
      <ei-ms-id>1148</ei-ms-id>
      <id>123806</id>
      <intensity>40.0</intensity>
      <mass-charge>213.0</mass-charge>
    </ei-ms-peak>
    <ei-ms-peak>
      <ei-ms-id>1148</ei-ms-id>
      <id>123807</id>
      <intensity>40.0</intensity>
      <mass-charge>214.0</mass-charge>
    </ei-ms-peak>
    <ei-ms-peak>
      <ei-ms-id>1148</ei-ms-id>
      <id>123808</id>
      <intensity>50.0</intensity>
      <mass-charge>215.0</mass-charge>
    </ei-ms-peak>
    <ei-ms-peak>
      <ei-ms-id>1148</ei-ms-id>
      <id>123809</id>
      <intensity>20.0</intensity>
      <mass-charge>216.0</mass-charge>
    </ei-ms-peak>
    <ei-ms-peak>
      <ei-ms-id>1148</ei-ms-id>
      <id>123810</id>
      <intensity>20.0</intensity>
      <mass-charge>217.0</mass-charge>
    </ei-ms-peak>
    <ei-ms-peak>
      <ei-ms-id>1148</ei-ms-id>
      <id>123811</id>
      <intensity>100.0</intensity>
      <mass-charge>225.0</mass-charge>
    </ei-ms-peak>
    <ei-ms-peak>
      <ei-ms-id>1148</ei-ms-id>
      <id>123812</id>
      <intensity>20.0</intensity>
      <mass-charge>226.0</mass-charge>
    </ei-ms-peak>
    <ei-ms-peak>
      <ei-ms-id>1148</ei-ms-id>
      <id>123813</id>
      <intensity>100.0</intensity>
      <mass-charge>227.0</mass-charge>
    </ei-ms-peak>
    <ei-ms-peak>
      <ei-ms-id>1148</ei-ms-id>
      <id>123814</id>
      <intensity>20.0</intensity>
      <mass-charge>228.0</mass-charge>
    </ei-ms-peak>
    <ei-ms-peak>
      <ei-ms-id>1148</ei-ms-id>
      <id>123815</id>
      <intensity>30.0</intensity>
      <mass-charge>229.0</mass-charge>
    </ei-ms-peak>
    <ei-ms-peak>
      <ei-ms-id>1148</ei-ms-id>
      <id>123816</id>
      <intensity>2973.0</intensity>
      <mass-charge>235.0</mass-charge>
    </ei-ms-peak>
    <ei-ms-peak>
      <ei-ms-id>1148</ei-ms-id>
      <id>123817</id>
      <intensity>260.0</intensity>
      <mass-charge>236.0</mass-charge>
    </ei-ms-peak>
    <ei-ms-peak>
      <ei-ms-id>1148</ei-ms-id>
      <id>123818</id>
      <intensity>4864.0</intensity>
      <mass-charge>237.0</mass-charge>
    </ei-ms-peak>
    <ei-ms-peak>
      <ei-ms-id>1148</ei-ms-id>
      <id>123819</id>
      <intensity>460.0</intensity>
      <mass-charge>238.0</mass-charge>
    </ei-ms-peak>
    <ei-ms-peak>
      <ei-ms-id>1148</ei-ms-id>
      <id>123820</id>
      <intensity>3123.0</intensity>
      <mass-charge>239.0</mass-charge>
    </ei-ms-peak>
    <ei-ms-peak>
      <ei-ms-id>1148</ei-ms-id>
      <id>123821</id>
      <intensity>260.0</intensity>
      <mass-charge>240.0</mass-charge>
    </ei-ms-peak>
    <ei-ms-peak>
      <ei-ms-id>1148</ei-ms-id>
      <id>123822</id>
      <intensity>1011.0</intensity>
      <mass-charge>241.0</mass-charge>
    </ei-ms-peak>
    <ei-ms-peak>
      <ei-ms-id>1148</ei-ms-id>
      <id>123823</id>
      <intensity>80.0</intensity>
      <mass-charge>242.0</mass-charge>
    </ei-ms-peak>
    <ei-ms-peak>
      <ei-ms-id>1148</ei-ms-id>
      <id>123824</id>
      <intensity>160.0</intensity>
      <mass-charge>243.0</mass-charge>
    </ei-ms-peak>
    <ei-ms-peak>
      <ei-ms-id>1148</ei-ms-id>
      <id>123825</id>
      <intensity>40.0</intensity>
      <mass-charge>249.0</mass-charge>
    </ei-ms-peak>
    <ei-ms-peak>
      <ei-ms-id>1148</ei-ms-id>
      <id>123826</id>
      <intensity>30.0</intensity>
      <mass-charge>251.0</mass-charge>
    </ei-ms-peak>
    <ei-ms-peak>
      <ei-ms-id>1148</ei-ms-id>
      <id>123827</id>
      <intensity>20.0</intensity>
      <mass-charge>253.0</mass-charge>
    </ei-ms-peak>
    <ei-ms-peak>
      <ei-ms-id>1148</ei-ms-id>
      <id>123828</id>
      <intensity>40.0</intensity>
      <mass-charge>259.0</mass-charge>
    </ei-ms-peak>
    <ei-ms-peak>
      <ei-ms-id>1148</ei-ms-id>
      <id>123829</id>
      <intensity>300.0</intensity>
      <mass-charge>260.0</mass-charge>
    </ei-ms-peak>
    <ei-ms-peak>
      <ei-ms-id>1148</ei-ms-id>
      <id>123830</id>
      <intensity>110.0</intensity>
      <mass-charge>261.0</mass-charge>
    </ei-ms-peak>
    <ei-ms-peak>
      <ei-ms-id>1148</ei-ms-id>
      <id>123831</id>
      <intensity>400.0</intensity>
      <mass-charge>262.0</mass-charge>
    </ei-ms-peak>
    <ei-ms-peak>
      <ei-ms-id>1148</ei-ms-id>
      <id>123832</id>
      <intensity>90.0</intensity>
      <mass-charge>263.0</mass-charge>
    </ei-ms-peak>
    <ei-ms-peak>
      <ei-ms-id>1148</ei-ms-id>
      <id>123833</id>
      <intensity>200.0</intensity>
      <mass-charge>264.0</mass-charge>
    </ei-ms-peak>
    <ei-ms-peak>
      <ei-ms-id>1148</ei-ms-id>
      <id>123834</id>
      <intensity>40.0</intensity>
      <mass-charge>265.0</mass-charge>
    </ei-ms-peak>
    <ei-ms-peak>
      <ei-ms-id>1148</ei-ms-id>
      <id>123835</id>
      <intensity>40.0</intensity>
      <mass-charge>266.0</mass-charge>
    </ei-ms-peak>
    <ei-ms-peak>
      <ei-ms-id>1148</ei-ms-id>
      <id>123836</id>
      <intensity>5185.0</intensity>
      <mass-charge>270.0</mass-charge>
    </ei-ms-peak>
    <ei-ms-peak>
      <ei-ms-id>1148</ei-ms-id>
      <id>123837</id>
      <intensity>110.0</intensity>
      <mass-charge>271.0</mass-charge>
    </ei-ms-peak>
    <ei-ms-peak>
      <ei-ms-id>1148</ei-ms-id>
      <id>123838</id>
      <intensity>9999.0</intensity>
      <mass-charge>272.0</mass-charge>
    </ei-ms-peak>
    <ei-ms-peak>
      <ei-ms-id>1148</ei-ms-id>
      <id>123839</id>
      <intensity>661.0</intensity>
      <mass-charge>273.0</mass-charge>
    </ei-ms-peak>
    <ei-ms-peak>
      <ei-ms-id>1148</ei-ms-id>
      <id>123840</id>
      <intensity>7947.0</intensity>
      <mass-charge>274.0</mass-charge>
    </ei-ms-peak>
    <ei-ms-peak>
      <ei-ms-id>1148</ei-ms-id>
      <id>123841</id>
      <intensity>500.0</intensity>
      <mass-charge>275.0</mass-charge>
    </ei-ms-peak>
    <ei-ms-peak>
      <ei-ms-id>1148</ei-ms-id>
      <id>123842</id>
      <intensity>3413.0</intensity>
      <mass-charge>276.0</mass-charge>
    </ei-ms-peak>
    <ei-ms-peak>
      <ei-ms-id>1148</ei-ms-id>
      <id>123843</id>
      <intensity>210.0</intensity>
      <mass-charge>277.0</mass-charge>
    </ei-ms-peak>
    <ei-ms-peak>
      <ei-ms-id>1148</ei-ms-id>
      <id>123844</id>
      <intensity>821.0</intensity>
      <mass-charge>278.0</mass-charge>
    </ei-ms-peak>
    <ei-ms-peak>
      <ei-ms-id>1148</ei-ms-id>
      <id>123845</id>
      <intensity>50.0</intensity>
      <mass-charge>279.0</mass-charge>
    </ei-ms-peak>
    <ei-ms-peak>
      <ei-ms-id>1148</ei-ms-id>
      <id>123846</id>
      <intensity>110.0</intensity>
      <mass-charge>280.0</mass-charge>
    </ei-ms-peak>
    <ei-ms-peak>
      <ei-ms-id>1148</ei-ms-id>
      <id>123847</id>
      <intensity>30.0</intensity>
      <mass-charge>282.0</mass-charge>
    </ei-ms-peak>
    <ei-ms-peak>
      <ei-ms-id>1148</ei-ms-id>
      <id>123848</id>
      <intensity>100.0</intensity>
      <mass-charge>283.0</mass-charge>
    </ei-ms-peak>
    <ei-ms-peak>
      <ei-ms-id>1148</ei-ms-id>
      <id>123849</id>
      <intensity>60.0</intensity>
      <mass-charge>284.0</mass-charge>
    </ei-ms-peak>
    <ei-ms-peak>
      <ei-ms-id>1148</ei-ms-id>
      <id>123850</id>
      <intensity>170.0</intensity>
      <mass-charge>285.0</mass-charge>
    </ei-ms-peak>
    <ei-ms-peak>
      <ei-ms-id>1148</ei-ms-id>
      <id>123851</id>
      <intensity>60.0</intensity>
      <mass-charge>286.0</mass-charge>
    </ei-ms-peak>
    <ei-ms-peak>
      <ei-ms-id>1148</ei-ms-id>
      <id>123852</id>
      <intensity>110.0</intensity>
      <mass-charge>287.0</mass-charge>
    </ei-ms-peak>
    <ei-ms-peak>
      <ei-ms-id>1148</ei-ms-id>
      <id>123853</id>
      <intensity>30.0</intensity>
      <mass-charge>288.0</mass-charge>
    </ei-ms-peak>
    <ei-ms-peak>
      <ei-ms-id>1148</ei-ms-id>
      <id>123854</id>
      <intensity>40.0</intensity>
      <mass-charge>289.0</mass-charge>
    </ei-ms-peak>
    <ei-ms-peak>
      <ei-ms-id>1148</ei-ms-id>
      <id>123855</id>
      <intensity>60.0</intensity>
      <mass-charge>295.0</mass-charge>
    </ei-ms-peak>
    <ei-ms-peak>
      <ei-ms-id>1148</ei-ms-id>
      <id>123856</id>
      <intensity>20.0</intensity>
      <mass-charge>296.0</mass-charge>
    </ei-ms-peak>
    <ei-ms-peak>
      <ei-ms-id>1148</ei-ms-id>
      <id>123857</id>
      <intensity>100.0</intensity>
      <mass-charge>297.0</mass-charge>
    </ei-ms-peak>
    <ei-ms-peak>
      <ei-ms-id>1148</ei-ms-id>
      <id>123858</id>
      <intensity>40.0</intensity>
      <mass-charge>298.0</mass-charge>
    </ei-ms-peak>
    <ei-ms-peak>
      <ei-ms-id>1148</ei-ms-id>
      <id>123859</id>
      <intensity>70.0</intensity>
      <mass-charge>299.0</mass-charge>
    </ei-ms-peak>
    <ei-ms-peak>
      <ei-ms-id>1148</ei-ms-id>
      <id>123860</id>
      <intensity>20.0</intensity>
      <mass-charge>300.0</mass-charge>
    </ei-ms-peak>
    <ei-ms-peak>
      <ei-ms-id>1148</ei-ms-id>
      <id>123861</id>
      <intensity>20.0</intensity>
      <mass-charge>301.0</mass-charge>
    </ei-ms-peak>
    <ei-ms-peak>
      <ei-ms-id>1148</ei-ms-id>
      <id>123862</id>
      <intensity>120.0</intensity>
      <mass-charge>306.0</mass-charge>
    </ei-ms-peak>
    <ei-ms-peak>
      <ei-ms-id>1148</ei-ms-id>
      <id>123863</id>
      <intensity>30.0</intensity>
      <mass-charge>307.0</mass-charge>
    </ei-ms-peak>
    <ei-ms-peak>
      <ei-ms-id>1148</ei-ms-id>
      <id>123864</id>
      <intensity>230.0</intensity>
      <mass-charge>308.0</mass-charge>
    </ei-ms-peak>
    <ei-ms-peak>
      <ei-ms-id>1148</ei-ms-id>
      <id>123865</id>
      <intensity>40.0</intensity>
      <mass-charge>309.0</mass-charge>
    </ei-ms-peak>
    <ei-ms-peak>
      <ei-ms-id>1148</ei-ms-id>
      <id>123866</id>
      <intensity>190.0</intensity>
      <mass-charge>310.0</mass-charge>
    </ei-ms-peak>
    <ei-ms-peak>
      <ei-ms-id>1148</ei-ms-id>
      <id>123867</id>
      <intensity>20.0</intensity>
      <mass-charge>311.0</mass-charge>
    </ei-ms-peak>
    <ei-ms-peak>
      <ei-ms-id>1148</ei-ms-id>
      <id>123868</id>
      <intensity>80.0</intensity>
      <mass-charge>312.0</mass-charge>
    </ei-ms-peak>
    <ei-ms-peak>
      <ei-ms-id>1148</ei-ms-id>
      <id>123869</id>
      <intensity>20.0</intensity>
      <mass-charge>314.0</mass-charge>
    </ei-ms-peak>
    <ei-ms-peak>
      <ei-ms-id>1148</ei-ms-id>
      <id>123870</id>
      <intensity>40.0</intensity>
      <mass-charge>318.0</mass-charge>
    </ei-ms-peak>
    <ei-ms-peak>
      <ei-ms-id>1148</ei-ms-id>
      <id>123871</id>
      <intensity>70.0</intensity>
      <mass-charge>320.0</mass-charge>
    </ei-ms-peak>
    <ei-ms-peak>
      <ei-ms-id>1148</ei-ms-id>
      <id>123872</id>
      <intensity>60.0</intensity>
      <mass-charge>322.0</mass-charge>
    </ei-ms-peak>
    <ei-ms-peak>
      <ei-ms-id>1148</ei-ms-id>
      <id>123873</id>
      <intensity>20.0</intensity>
      <mass-charge>324.0</mass-charge>
    </ei-ms-peak>
    <ei-ms-peak>
      <ei-ms-id>1148</ei-ms-id>
      <id>123874</id>
      <intensity>601.0</intensity>
      <mass-charge>330.0</mass-charge>
    </ei-ms-peak>
    <ei-ms-peak>
      <ei-ms-id>1148</ei-ms-id>
      <id>123875</id>
      <intensity>40.0</intensity>
      <mass-charge>331.0</mass-charge>
    </ei-ms-peak>
    <ei-ms-peak>
      <ei-ms-id>1148</ei-ms-id>
      <id>123876</id>
      <intensity>1161.0</intensity>
      <mass-charge>332.0</mass-charge>
    </ei-ms-peak>
    <ei-ms-peak>
      <ei-ms-id>1148</ei-ms-id>
      <id>123877</id>
      <intensity>130.0</intensity>
      <mass-charge>333.0</mass-charge>
    </ei-ms-peak>
    <ei-ms-peak>
      <ei-ms-id>1148</ei-ms-id>
      <id>123878</id>
      <intensity>961.0</intensity>
      <mass-charge>334.0</mass-charge>
    </ei-ms-peak>
    <ei-ms-peak>
      <ei-ms-id>1148</ei-ms-id>
      <id>123879</id>
      <intensity>110.0</intensity>
      <mass-charge>335.0</mass-charge>
    </ei-ms-peak>
    <ei-ms-peak>
      <ei-ms-id>1148</ei-ms-id>
      <id>123880</id>
      <intensity>410.0</intensity>
      <mass-charge>336.0</mass-charge>
    </ei-ms-peak>
    <ei-ms-peak>
      <ei-ms-id>1148</ei-ms-id>
      <id>123881</id>
      <intensity>40.0</intensity>
      <mass-charge>337.0</mass-charge>
    </ei-ms-peak>
    <ei-ms-peak>
      <ei-ms-id>1148</ei-ms-id>
      <id>123882</id>
      <intensity>110.0</intensity>
      <mass-charge>338.0</mass-charge>
    </ei-ms-peak>
    <ei-ms-peak>
      <ei-ms-id>1148</ei-ms-id>
      <id>123883</id>
      <intensity>180.0</intensity>
      <mass-charge>353.0</mass-charge>
    </ei-ms-peak>
    <ei-ms-peak>
      <ei-ms-id>1148</ei-ms-id>
      <id>123884</id>
      <intensity>410.0</intensity>
      <mass-charge>355.0</mass-charge>
    </ei-ms-peak>
    <ei-ms-peak>
      <ei-ms-id>1148</ei-ms-id>
      <id>123885</id>
      <intensity>30.0</intensity>
      <mass-charge>356.0</mass-charge>
    </ei-ms-peak>
    <ei-ms-peak>
      <ei-ms-id>1148</ei-ms-id>
      <id>123886</id>
      <intensity>390.0</intensity>
      <mass-charge>357.0</mass-charge>
    </ei-ms-peak>
    <ei-ms-peak>
      <ei-ms-id>1148</ei-ms-id>
      <id>123887</id>
      <intensity>40.0</intensity>
      <mass-charge>358.0</mass-charge>
    </ei-ms-peak>
    <ei-ms-peak>
      <ei-ms-id>1148</ei-ms-id>
      <id>123888</id>
      <intensity>220.0</intensity>
      <mass-charge>359.0</mass-charge>
    </ei-ms-peak>
    <ei-ms-peak>
      <ei-ms-id>1148</ei-ms-id>
      <id>123889</id>
      <intensity>70.0</intensity>
      <mass-charge>361.0</mass-charge>
    </ei-ms-peak>
    <ei-ms-peak>
      <ei-ms-id>1148</ei-ms-id>
      <id>123890</id>
      <intensity>50.0</intensity>
      <mass-charge>365.0</mass-charge>
    </ei-ms-peak>
    <ei-ms-peak>
      <ei-ms-id>1148</ei-ms-id>
      <id>123891</id>
      <intensity>110.0</intensity>
      <mass-charge>367.0</mass-charge>
    </ei-ms-peak>
    <ei-ms-peak>
      <ei-ms-id>1148</ei-ms-id>
      <id>123892</id>
      <intensity>30.0</intensity>
      <mass-charge>368.0</mass-charge>
    </ei-ms-peak>
    <ei-ms-peak>
      <ei-ms-id>1148</ei-ms-id>
      <id>123893</id>
      <intensity>120.0</intensity>
      <mass-charge>369.0</mass-charge>
    </ei-ms-peak>
    <ei-ms-peak>
      <ei-ms-id>1148</ei-ms-id>
      <id>123894</id>
      <intensity>30.0</intensity>
      <mass-charge>370.0</mass-charge>
    </ei-ms-peak>
    <ei-ms-peak>
      <ei-ms-id>1148</ei-ms-id>
      <id>123895</id>
      <intensity>70.0</intensity>
      <mass-charge>371.0</mass-charge>
    </ei-ms-peak>
    <ei-ms-peak>
      <ei-ms-id>1148</ei-ms-id>
      <id>123896</id>
      <intensity>20.0</intensity>
      <mass-charge>372.0</mass-charge>
    </ei-ms-peak>
    <ei-ms-peak>
      <ei-ms-id>1148</ei-ms-id>
      <id>123897</id>
      <intensity>20.0</intensity>
      <mass-charge>392.0</mass-charge>
    </ei-ms-peak>
    <ei-ms-peak>
      <ei-ms-id>1148</ei-ms-id>
      <id>123898</id>
      <intensity>200.0</intensity>
      <mass-charge>400.0</mass-charge>
    </ei-ms-peak>
    <ei-ms-peak>
      <ei-ms-id>1148</ei-ms-id>
      <id>123899</id>
      <intensity>500.0</intensity>
      <mass-charge>402.0</mass-charge>
    </ei-ms-peak>
    <ei-ms-peak>
      <ei-ms-id>1148</ei-ms-id>
      <id>123900</id>
      <intensity>40.0</intensity>
      <mass-charge>403.0</mass-charge>
    </ei-ms-peak>
    <ei-ms-peak>
      <ei-ms-id>1148</ei-ms-id>
      <id>123901</id>
      <intensity>550.0</intensity>
      <mass-charge>404.0</mass-charge>
    </ei-ms-peak>
    <ei-ms-peak>
      <ei-ms-id>1148</ei-ms-id>
      <id>123902</id>
      <intensity>60.0</intensity>
      <mass-charge>405.0</mass-charge>
    </ei-ms-peak>
    <ei-ms-peak>
      <ei-ms-id>1148</ei-ms-id>
      <id>123903</id>
      <intensity>360.0</intensity>
      <mass-charge>406.0</mass-charge>
    </ei-ms-peak>
    <ei-ms-peak>
      <ei-ms-id>1148</ei-ms-id>
      <id>123904</id>
      <intensity>40.0</intensity>
      <mass-charge>407.0</mass-charge>
    </ei-ms-peak>
    <ei-ms-peak>
      <ei-ms-id>1148</ei-ms-id>
      <id>123905</id>
      <intensity>150.0</intensity>
      <mass-charge>408.0</mass-charge>
    </ei-ms-peak>
    <ei-ms-peak>
      <ei-ms-id>1148</ei-ms-id>
      <id>123906</id>
      <intensity>40.0</intensity>
      <mass-charge>410.0</mass-charge>
    </ei-ms-peak>
    <ei-ms-peak>
      <ei-ms-id>1148</ei-ms-id>
      <id>123907</id>
      <intensity>20.0</intensity>
      <mass-charge>435.0</mass-charge>
    </ei-ms-peak>
    <ei-ms-peak>
      <ei-ms-id>1148</ei-ms-id>
      <id>123908</id>
      <intensity>70.0</intensity>
      <mass-charge>437.0</mass-charge>
    </ei-ms-peak>
    <ei-ms-peak>
      <ei-ms-id>1148</ei-ms-id>
      <id>123909</id>
      <intensity>80.0</intensity>
      <mass-charge>439.0</mass-charge>
    </ei-ms-peak>
    <ei-ms-peak>
      <ei-ms-id>1148</ei-ms-id>
      <id>123910</id>
      <intensity>60.0</intensity>
      <mass-charge>441.0</mass-charge>
    </ei-ms-peak>
    <ei-ms-peak>
      <ei-ms-id>1148</ei-ms-id>
      <id>123911</id>
      <intensity>30.0</intensity>
      <mass-charge>443.0</mass-charge>
    </ei-ms-peak>
  </ei-ms-peaks>
</ei-ms>
