<?xml version="1.0" encoding="UTF-8"?>
<ei-ms>
  <collection-date nil="true"/>
  <created-at>2014-09-20T16:18:01Z</created-at>
  <database-id>HMDB00619</database-id>
  <id>32</id>
  <inchi-key>BHQCQFFYRZLCQQ-OELDTZBJSA-N</inchi-key>
  <instrument-type nil="true"/>
  <molecule-id nil="true"/>
  <notes nil="true"/>
  <peak-counter>315</peak-counter>
  <sample-assessment nil="true"/>
  <sample-concentration nil="true"/>
  <sample-concentration-units nil="true"/>
  <sample-mass nil="true"/>
  <sample-mass-units nil="true"/>
  <sample-source nil="true"/>
  <solvent nil="true"/>
  <spectra-assessment nil="true"/>
  <updated-at>2014-09-20T16:18:01Z</updated-at>
  <references>
    <reference>
      <database>NIST</database>
      <database-id>81-25-4</database-id>
      <id>14904</id>
      <pubmed-id nil="true"/>
      <ref-text>NIST Mass Spec Data Center, S.E. Stein, director, "Mass Spectra" in NIST Chemistry WebBook, NIST Standard Reference Database Number 69, Eds. P.J. Linstrom and W.G. Mallard, National Institute of Standards and Technology, Gaithersburg MD, 20899, http://webbook.nist.gov, (retrieved September 6, 2014).</ref-text>
      <spectra-id>32</spectra-id>
      <spectra-type>EiMs</spectra-type>
    </reference>
  </references>
  <ei-ms-peaks>
    <ei-ms-peak>
      <ei-ms-id>32</ei-ms-id>
      <id>2936</id>
      <intensity>1030.0</intensity>
      <mass-charge>27.0</mass-charge>
    </ei-ms-peak>
    <ei-ms-peak>
      <ei-ms-id>32</ei-ms-id>
      <id>2937</id>
      <intensity>433.0</intensity>
      <mass-charge>28.0</mass-charge>
    </ei-ms-peak>
    <ei-ms-peak>
      <ei-ms-id>32</ei-ms-id>
      <id>2938</id>
      <intensity>3230.0</intensity>
      <mass-charge>29.0</mass-charge>
    </ei-ms-peak>
    <ei-ms-peak>
      <ei-ms-id>32</ei-ms-id>
      <id>2939</id>
      <intensity>623.0</intensity>
      <mass-charge>31.0</mass-charge>
    </ei-ms-peak>
    <ei-ms-peak>
      <ei-ms-id>32</ei-ms-id>
      <id>2940</id>
      <intensity>733.0</intensity>
      <mass-charge>39.0</mass-charge>
    </ei-ms-peak>
    <ei-ms-peak>
      <ei-ms-id>32</ei-ms-id>
      <id>2941</id>
      <intensity>6666.0</intensity>
      <mass-charge>41.0</mass-charge>
    </ei-ms-peak>
    <ei-ms-peak>
      <ei-ms-id>32</ei-ms-id>
      <id>2942</id>
      <intensity>499.0</intensity>
      <mass-charge>42.0</mass-charge>
    </ei-ms-peak>
    <ei-ms-peak>
      <ei-ms-id>32</ei-ms-id>
      <id>2943</id>
      <intensity>5492.0</intensity>
      <mass-charge>43.0</mass-charge>
    </ei-ms-peak>
    <ei-ms-peak>
      <ei-ms-id>32</ei-ms-id>
      <id>2944</id>
      <intensity>321.0</intensity>
      <mass-charge>44.0</mass-charge>
    </ei-ms-peak>
    <ei-ms-peak>
      <ei-ms-id>32</ei-ms-id>
      <id>2945</id>
      <intensity>881.0</intensity>
      <mass-charge>45.0</mass-charge>
    </ei-ms-peak>
    <ei-ms-peak>
      <ei-ms-id>32</ei-ms-id>
      <id>2946</id>
      <intensity>1477.0</intensity>
      <mass-charge>53.0</mass-charge>
    </ei-ms-peak>
    <ei-ms-peak>
      <ei-ms-id>32</ei-ms-id>
      <id>2947</id>
      <intensity>351.0</intensity>
      <mass-charge>54.0</mass-charge>
    </ei-ms-peak>
    <ei-ms-peak>
      <ei-ms-id>32</ei-ms-id>
      <id>2948</id>
      <intensity>9999.0</intensity>
      <mass-charge>55.0</mass-charge>
    </ei-ms-peak>
    <ei-ms-peak>
      <ei-ms-id>32</ei-ms-id>
      <id>2949</id>
      <intensity>796.0</intensity>
      <mass-charge>56.0</mass-charge>
    </ei-ms-peak>
    <ei-ms-peak>
      <ei-ms-id>32</ei-ms-id>
      <id>2950</id>
      <intensity>2333.0</intensity>
      <mass-charge>57.0</mass-charge>
    </ei-ms-peak>
    <ei-ms-peak>
      <ei-ms-id>32</ei-ms-id>
      <id>2951</id>
      <intensity>1012.0</intensity>
      <mass-charge>59.0</mass-charge>
    </ei-ms-peak>
    <ei-ms-peak>
      <ei-ms-id>32</ei-ms-id>
      <id>2952</id>
      <intensity>1326.0</intensity>
      <mass-charge>60.0</mass-charge>
    </ei-ms-peak>
    <ei-ms-peak>
      <ei-ms-id>32</ei-ms-id>
      <id>2953</id>
      <intensity>522.0</intensity>
      <mass-charge>65.0</mass-charge>
    </ei-ms-peak>
    <ei-ms-peak>
      <ei-ms-id>32</ei-ms-id>
      <id>2954</id>
      <intensity>4901.0</intensity>
      <mass-charge>67.0</mass-charge>
    </ei-ms-peak>
    <ei-ms-peak>
      <ei-ms-id>32</ei-ms-id>
      <id>2955</id>
      <intensity>1057.0</intensity>
      <mass-charge>68.0</mass-charge>
    </ei-ms-peak>
    <ei-ms-peak>
      <ei-ms-id>32</ei-ms-id>
      <id>2956</id>
      <intensity>2879.0</intensity>
      <mass-charge>69.0</mass-charge>
    </ei-ms-peak>
    <ei-ms-peak>
      <ei-ms-id>32</ei-ms-id>
      <id>2957</id>
      <intensity>628.0</intensity>
      <mass-charge>70.0</mass-charge>
    </ei-ms-peak>
    <ei-ms-peak>
      <ei-ms-id>32</ei-ms-id>
      <id>2958</id>
      <intensity>1153.0</intensity>
      <mass-charge>71.0</mass-charge>
    </ei-ms-peak>
    <ei-ms-peak>
      <ei-ms-id>32</ei-ms-id>
      <id>2959</id>
      <intensity>400.0</intensity>
      <mass-charge>73.0</mass-charge>
    </ei-ms-peak>
    <ei-ms-peak>
      <ei-ms-id>32</ei-ms-id>
      <id>2960</id>
      <intensity>1619.0</intensity>
      <mass-charge>77.0</mass-charge>
    </ei-ms-peak>
    <ei-ms-peak>
      <ei-ms-id>32</ei-ms-id>
      <id>2961</id>
      <intensity>392.0</intensity>
      <mass-charge>78.0</mass-charge>
    </ei-ms-peak>
    <ei-ms-peak>
      <ei-ms-id>32</ei-ms-id>
      <id>2962</id>
      <intensity>3963.0</intensity>
      <mass-charge>79.0</mass-charge>
    </ei-ms-peak>
    <ei-ms-peak>
      <ei-ms-id>32</ei-ms-id>
      <id>2963</id>
      <intensity>865.0</intensity>
      <mass-charge>80.0</mass-charge>
    </ei-ms-peak>
    <ei-ms-peak>
      <ei-ms-id>32</ei-ms-id>
      <id>2964</id>
      <intensity>6281.0</intensity>
      <mass-charge>81.0</mass-charge>
    </ei-ms-peak>
    <ei-ms-peak>
      <ei-ms-id>32</ei-ms-id>
      <id>2965</id>
      <intensity>894.0</intensity>
      <mass-charge>82.0</mass-charge>
    </ei-ms-peak>
    <ei-ms-peak>
      <ei-ms-id>32</ei-ms-id>
      <id>2966</id>
      <intensity>2495.0</intensity>
      <mass-charge>83.0</mass-charge>
    </ei-ms-peak>
    <ei-ms-peak>
      <ei-ms-id>32</ei-ms-id>
      <id>2967</id>
      <intensity>870.0</intensity>
      <mass-charge>84.0</mass-charge>
    </ei-ms-peak>
    <ei-ms-peak>
      <ei-ms-id>32</ei-ms-id>
      <id>2968</id>
      <intensity>961.0</intensity>
      <mass-charge>85.0</mass-charge>
    </ei-ms-peak>
    <ei-ms-peak>
      <ei-ms-id>32</ei-ms-id>
      <id>2969</id>
      <intensity>3461.0</intensity>
      <mass-charge>91.0</mass-charge>
    </ei-ms-peak>
    <ei-ms-peak>
      <ei-ms-id>32</ei-ms-id>
      <id>2970</id>
      <intensity>759.0</intensity>
      <mass-charge>92.0</mass-charge>
    </ei-ms-peak>
    <ei-ms-peak>
      <ei-ms-id>32</ei-ms-id>
      <id>2971</id>
      <intensity>4956.0</intensity>
      <mass-charge>93.0</mass-charge>
    </ei-ms-peak>
    <ei-ms-peak>
      <ei-ms-id>32</ei-ms-id>
      <id>2972</id>
      <intensity>1776.0</intensity>
      <mass-charge>94.0</mass-charge>
    </ei-ms-peak>
    <ei-ms-peak>
      <ei-ms-id>32</ei-ms-id>
      <id>2973</id>
      <intensity>4535.0</intensity>
      <mass-charge>95.0</mass-charge>
    </ei-ms-peak>
    <ei-ms-peak>
      <ei-ms-id>32</ei-ms-id>
      <id>2974</id>
      <intensity>670.0</intensity>
      <mass-charge>96.0</mass-charge>
    </ei-ms-peak>
    <ei-ms-peak>
      <ei-ms-id>32</ei-ms-id>
      <id>2975</id>
      <intensity>1040.0</intensity>
      <mass-charge>97.0</mass-charge>
    </ei-ms-peak>
    <ei-ms-peak>
      <ei-ms-id>32</ei-ms-id>
      <id>2976</id>
      <intensity>550.0</intensity>
      <mass-charge>99.0</mass-charge>
    </ei-ms-peak>
    <ei-ms-peak>
      <ei-ms-id>32</ei-ms-id>
      <id>2977</id>
      <intensity>499.0</intensity>
      <mass-charge>101.0</mass-charge>
    </ei-ms-peak>
    <ei-ms-peak>
      <ei-ms-id>32</ei-ms-id>
      <id>2978</id>
      <intensity>232.0</intensity>
      <mass-charge>103.0</mass-charge>
    </ei-ms-peak>
    <ei-ms-peak>
      <ei-ms-id>32</ei-ms-id>
      <id>2979</id>
      <intensity>3664.0</intensity>
      <mass-charge>105.0</mass-charge>
    </ei-ms-peak>
    <ei-ms-peak>
      <ei-ms-id>32</ei-ms-id>
      <id>2980</id>
      <intensity>1030.0</intensity>
      <mass-charge>106.0</mass-charge>
    </ei-ms-peak>
    <ei-ms-peak>
      <ei-ms-id>32</ei-ms-id>
      <id>2981</id>
      <intensity>3796.0</intensity>
      <mass-charge>107.0</mass-charge>
    </ei-ms-peak>
    <ei-ms-peak>
      <ei-ms-id>32</ei-ms-id>
      <id>2982</id>
      <intensity>1030.0</intensity>
      <mass-charge>108.0</mass-charge>
    </ei-ms-peak>
    <ei-ms-peak>
      <ei-ms-id>32</ei-ms-id>
      <id>2983</id>
      <intensity>2587.0</intensity>
      <mass-charge>109.0</mass-charge>
    </ei-ms-peak>
    <ei-ms-peak>
      <ei-ms-id>32</ei-ms-id>
      <id>2984</id>
      <intensity>514.0</intensity>
      <mass-charge>110.0</mass-charge>
    </ei-ms-peak>
    <ei-ms-peak>
      <ei-ms-id>32</ei-ms-id>
      <id>2985</id>
      <intensity>598.0</intensity>
      <mass-charge>111.0</mass-charge>
    </ei-ms-peak>
    <ei-ms-peak>
      <ei-ms-id>32</ei-ms-id>
      <id>2986</id>
      <intensity>334.0</intensity>
      <mass-charge>115.0</mass-charge>
    </ei-ms-peak>
    <ei-ms-peak>
      <ei-ms-id>32</ei-ms-id>
      <id>2987</id>
      <intensity>200.0</intensity>
      <mass-charge>116.0</mass-charge>
    </ei-ms-peak>
    <ei-ms-peak>
      <ei-ms-id>32</ei-ms-id>
      <id>2988</id>
      <intensity>1004.0</intensity>
      <mass-charge>117.0</mass-charge>
    </ei-ms-peak>
    <ei-ms-peak>
      <ei-ms-id>32</ei-ms-id>
      <id>2989</id>
      <intensity>685.0</intensity>
      <mass-charge>118.0</mass-charge>
    </ei-ms-peak>
    <ei-ms-peak>
      <ei-ms-id>32</ei-ms-id>
      <id>2990</id>
      <intensity>2446.0</intensity>
      <mass-charge>119.0</mass-charge>
    </ei-ms-peak>
    <ei-ms-peak>
      <ei-ms-id>32</ei-ms-id>
      <id>2991</id>
      <intensity>895.0</intensity>
      <mass-charge>120.0</mass-charge>
    </ei-ms-peak>
    <ei-ms-peak>
      <ei-ms-id>32</ei-ms-id>
      <id>2992</id>
      <intensity>2308.0</intensity>
      <mass-charge>121.0</mass-charge>
    </ei-ms-peak>
    <ei-ms-peak>
      <ei-ms-id>32</ei-ms-id>
      <id>2993</id>
      <intensity>621.0</intensity>
      <mass-charge>122.0</mass-charge>
    </ei-ms-peak>
    <ei-ms-peak>
      <ei-ms-id>32</ei-ms-id>
      <id>2994</id>
      <intensity>976.0</intensity>
      <mass-charge>123.0</mass-charge>
    </ei-ms-peak>
    <ei-ms-peak>
      <ei-ms-id>32</ei-ms-id>
      <id>2995</id>
      <intensity>266.0</intensity>
      <mass-charge>124.0</mass-charge>
    </ei-ms-peak>
    <ei-ms-peak>
      <ei-ms-id>32</ei-ms-id>
      <id>2996</id>
      <intensity>305.0</intensity>
      <mass-charge>125.0</mass-charge>
    </ei-ms-peak>
    <ei-ms-peak>
      <ei-ms-id>32</ei-ms-id>
      <id>2997</id>
      <intensity>322.0</intensity>
      <mass-charge>127.0</mass-charge>
    </ei-ms-peak>
    <ei-ms-peak>
      <ei-ms-id>32</ei-ms-id>
      <id>2998</id>
      <intensity>285.0</intensity>
      <mass-charge>128.0</mass-charge>
    </ei-ms-peak>
    <ei-ms-peak>
      <ei-ms-id>32</ei-ms-id>
      <id>2999</id>
      <intensity>620.0</intensity>
      <mass-charge>129.0</mass-charge>
    </ei-ms-peak>
    <ei-ms-peak>
      <ei-ms-id>32</ei-ms-id>
      <id>3000</id>
      <intensity>316.0</intensity>
      <mass-charge>130.0</mass-charge>
    </ei-ms-peak>
    <ei-ms-peak>
      <ei-ms-id>32</ei-ms-id>
      <id>3001</id>
      <intensity>1711.0</intensity>
      <mass-charge>131.0</mass-charge>
    </ei-ms-peak>
    <ei-ms-peak>
      <ei-ms-id>32</ei-ms-id>
      <id>3002</id>
      <intensity>601.0</intensity>
      <mass-charge>132.0</mass-charge>
    </ei-ms-peak>
    <ei-ms-peak>
      <ei-ms-id>32</ei-ms-id>
      <id>3003</id>
      <intensity>2006.0</intensity>
      <mass-charge>133.0</mass-charge>
    </ei-ms-peak>
    <ei-ms-peak>
      <ei-ms-id>32</ei-ms-id>
      <id>3004</id>
      <intensity>631.0</intensity>
      <mass-charge>134.0</mass-charge>
    </ei-ms-peak>
    <ei-ms-peak>
      <ei-ms-id>32</ei-ms-id>
      <id>3005</id>
      <intensity>1243.0</intensity>
      <mass-charge>135.0</mass-charge>
    </ei-ms-peak>
    <ei-ms-peak>
      <ei-ms-id>32</ei-ms-id>
      <id>3006</id>
      <intensity>326.0</intensity>
      <mass-charge>136.0</mass-charge>
    </ei-ms-peak>
    <ei-ms-peak>
      <ei-ms-id>32</ei-ms-id>
      <id>3007</id>
      <intensity>485.0</intensity>
      <mass-charge>137.0</mass-charge>
    </ei-ms-peak>
    <ei-ms-peak>
      <ei-ms-id>32</ei-ms-id>
      <id>3008</id>
      <intensity>136.0</intensity>
      <mass-charge>138.0</mass-charge>
    </ei-ms-peak>
    <ei-ms-peak>
      <ei-ms-id>32</ei-ms-id>
      <id>3009</id>
      <intensity>170.0</intensity>
      <mass-charge>139.0</mass-charge>
    </ei-ms-peak>
    <ei-ms-peak>
      <ei-ms-id>32</ei-ms-id>
      <id>3010</id>
      <intensity>235.0</intensity>
      <mass-charge>140.0</mass-charge>
    </ei-ms-peak>
    <ei-ms-peak>
      <ei-ms-id>32</ei-ms-id>
      <id>3011</id>
      <intensity>336.0</intensity>
      <mass-charge>141.0</mass-charge>
    </ei-ms-peak>
    <ei-ms-peak>
      <ei-ms-id>32</ei-ms-id>
      <id>3012</id>
      <intensity>358.0</intensity>
      <mass-charge>142.0</mass-charge>
    </ei-ms-peak>
    <ei-ms-peak>
      <ei-ms-id>32</ei-ms-id>
      <id>3013</id>
      <intensity>1357.0</intensity>
      <mass-charge>143.0</mass-charge>
    </ei-ms-peak>
    <ei-ms-peak>
      <ei-ms-id>32</ei-ms-id>
      <id>3014</id>
      <intensity>624.0</intensity>
      <mass-charge>144.0</mass-charge>
    </ei-ms-peak>
    <ei-ms-peak>
      <ei-ms-id>32</ei-ms-id>
      <id>3015</id>
      <intensity>2523.0</intensity>
      <mass-charge>145.0</mass-charge>
    </ei-ms-peak>
    <ei-ms-peak>
      <ei-ms-id>32</ei-ms-id>
      <id>3016</id>
      <intensity>680.0</intensity>
      <mass-charge>146.0</mass-charge>
    </ei-ms-peak>
    <ei-ms-peak>
      <ei-ms-id>32</ei-ms-id>
      <id>3017</id>
      <intensity>1698.0</intensity>
      <mass-charge>147.0</mass-charge>
    </ei-ms-peak>
    <ei-ms-peak>
      <ei-ms-id>32</ei-ms-id>
      <id>3018</id>
      <intensity>437.0</intensity>
      <mass-charge>148.0</mass-charge>
    </ei-ms-peak>
    <ei-ms-peak>
      <ei-ms-id>32</ei-ms-id>
      <id>3019</id>
      <intensity>607.0</intensity>
      <mass-charge>149.0</mass-charge>
    </ei-ms-peak>
    <ei-ms-peak>
      <ei-ms-id>32</ei-ms-id>
      <id>3020</id>
      <intensity>187.0</intensity>
      <mass-charge>150.0</mass-charge>
    </ei-ms-peak>
    <ei-ms-peak>
      <ei-ms-id>32</ei-ms-id>
      <id>3021</id>
      <intensity>259.0</intensity>
      <mass-charge>151.0</mass-charge>
    </ei-ms-peak>
    <ei-ms-peak>
      <ei-ms-id>32</ei-ms-id>
      <id>3022</id>
      <intensity>168.0</intensity>
      <mass-charge>153.0</mass-charge>
    </ei-ms-peak>
    <ei-ms-peak>
      <ei-ms-id>32</ei-ms-id>
      <id>3023</id>
      <intensity>117.0</intensity>
      <mass-charge>154.0</mass-charge>
    </ei-ms-peak>
    <ei-ms-peak>
      <ei-ms-id>32</ei-ms-id>
      <id>3024</id>
      <intensity>461.0</intensity>
      <mass-charge>155.0</mass-charge>
    </ei-ms-peak>
    <ei-ms-peak>
      <ei-ms-id>32</ei-ms-id>
      <id>3025</id>
      <intensity>247.0</intensity>
      <mass-charge>156.0</mass-charge>
    </ei-ms-peak>
    <ei-ms-peak>
      <ei-ms-id>32</ei-ms-id>
      <id>3026</id>
      <intensity>1356.0</intensity>
      <mass-charge>157.0</mass-charge>
    </ei-ms-peak>
    <ei-ms-peak>
      <ei-ms-id>32</ei-ms-id>
      <id>3027</id>
      <intensity>650.0</intensity>
      <mass-charge>158.0</mass-charge>
    </ei-ms-peak>
    <ei-ms-peak>
      <ei-ms-id>32</ei-ms-id>
      <id>3028</id>
      <intensity>1731.0</intensity>
      <mass-charge>159.0</mass-charge>
    </ei-ms-peak>
    <ei-ms-peak>
      <ei-ms-id>32</ei-ms-id>
      <id>3029</id>
      <intensity>550.0</intensity>
      <mass-charge>160.0</mass-charge>
    </ei-ms-peak>
    <ei-ms-peak>
      <ei-ms-id>32</ei-ms-id>
      <id>3030</id>
      <intensity>965.0</intensity>
      <mass-charge>161.0</mass-charge>
    </ei-ms-peak>
    <ei-ms-peak>
      <ei-ms-id>32</ei-ms-id>
      <id>3031</id>
      <intensity>368.0</intensity>
      <mass-charge>162.0</mass-charge>
    </ei-ms-peak>
    <ei-ms-peak>
      <ei-ms-id>32</ei-ms-id>
      <id>3032</id>
      <intensity>521.0</intensity>
      <mass-charge>163.0</mass-charge>
    </ei-ms-peak>
    <ei-ms-peak>
      <ei-ms-id>32</ei-ms-id>
      <id>3033</id>
      <intensity>218.0</intensity>
      <mass-charge>164.0</mass-charge>
    </ei-ms-peak>
    <ei-ms-peak>
      <ei-ms-id>32</ei-ms-id>
      <id>3034</id>
      <intensity>285.0</intensity>
      <mass-charge>165.0</mass-charge>
    </ei-ms-peak>
    <ei-ms-peak>
      <ei-ms-id>32</ei-ms-id>
      <id>3035</id>
      <intensity>94.0</intensity>
      <mass-charge>166.0</mass-charge>
    </ei-ms-peak>
    <ei-ms-peak>
      <ei-ms-id>32</ei-ms-id>
      <id>3036</id>
      <intensity>156.0</intensity>
      <mass-charge>167.0</mass-charge>
    </ei-ms-peak>
    <ei-ms-peak>
      <ei-ms-id>32</ei-ms-id>
      <id>3037</id>
      <intensity>98.0</intensity>
      <mass-charge>168.0</mass-charge>
    </ei-ms-peak>
    <ei-ms-peak>
      <ei-ms-id>32</ei-ms-id>
      <id>3038</id>
      <intensity>516.0</intensity>
      <mass-charge>169.0</mass-charge>
    </ei-ms-peak>
    <ei-ms-peak>
      <ei-ms-id>32</ei-ms-id>
      <id>3039</id>
      <intensity>263.0</intensity>
      <mass-charge>170.0</mass-charge>
    </ei-ms-peak>
    <ei-ms-peak>
      <ei-ms-id>32</ei-ms-id>
      <id>3040</id>
      <intensity>1067.0</intensity>
      <mass-charge>171.0</mass-charge>
    </ei-ms-peak>
    <ei-ms-peak>
      <ei-ms-id>32</ei-ms-id>
      <id>3041</id>
      <intensity>689.0</intensity>
      <mass-charge>172.0</mass-charge>
    </ei-ms-peak>
    <ei-ms-peak>
      <ei-ms-id>32</ei-ms-id>
      <id>3042</id>
      <intensity>1045.0</intensity>
      <mass-charge>173.0</mass-charge>
    </ei-ms-peak>
    <ei-ms-peak>
      <ei-ms-id>32</ei-ms-id>
      <id>3043</id>
      <intensity>360.0</intensity>
      <mass-charge>174.0</mass-charge>
    </ei-ms-peak>
    <ei-ms-peak>
      <ei-ms-id>32</ei-ms-id>
      <id>3044</id>
      <intensity>539.0</intensity>
      <mass-charge>175.0</mass-charge>
    </ei-ms-peak>
    <ei-ms-peak>
      <ei-ms-id>32</ei-ms-id>
      <id>3045</id>
      <intensity>182.0</intensity>
      <mass-charge>176.0</mass-charge>
    </ei-ms-peak>
    <ei-ms-peak>
      <ei-ms-id>32</ei-ms-id>
      <id>3046</id>
      <intensity>281.0</intensity>
      <mass-charge>177.0</mass-charge>
    </ei-ms-peak>
    <ei-ms-peak>
      <ei-ms-id>32</ei-ms-id>
      <id>3047</id>
      <intensity>130.0</intensity>
      <mass-charge>178.0</mass-charge>
    </ei-ms-peak>
    <ei-ms-peak>
      <ei-ms-id>32</ei-ms-id>
      <id>3048</id>
      <intensity>125.0</intensity>
      <mass-charge>179.0</mass-charge>
    </ei-ms-peak>
    <ei-ms-peak>
      <ei-ms-id>32</ei-ms-id>
      <id>3049</id>
      <intensity>112.0</intensity>
      <mass-charge>180.0</mass-charge>
    </ei-ms-peak>
    <ei-ms-peak>
      <ei-ms-id>32</ei-ms-id>
      <id>3050</id>
      <intensity>417.0</intensity>
      <mass-charge>181.0</mass-charge>
    </ei-ms-peak>
    <ei-ms-peak>
      <ei-ms-id>32</ei-ms-id>
      <id>3051</id>
      <intensity>190.0</intensity>
      <mass-charge>182.0</mass-charge>
    </ei-ms-peak>
    <ei-ms-peak>
      <ei-ms-id>32</ei-ms-id>
      <id>3052</id>
      <intensity>517.0</intensity>
      <mass-charge>183.0</mass-charge>
    </ei-ms-peak>
    <ei-ms-peak>
      <ei-ms-id>32</ei-ms-id>
      <id>3053</id>
      <intensity>254.0</intensity>
      <mass-charge>184.0</mass-charge>
    </ei-ms-peak>
    <ei-ms-peak>
      <ei-ms-id>32</ei-ms-id>
      <id>3054</id>
      <intensity>861.0</intensity>
      <mass-charge>185.0</mass-charge>
    </ei-ms-peak>
    <ei-ms-peak>
      <ei-ms-id>32</ei-ms-id>
      <id>3055</id>
      <intensity>309.0</intensity>
      <mass-charge>186.0</mass-charge>
    </ei-ms-peak>
    <ei-ms-peak>
      <ei-ms-id>32</ei-ms-id>
      <id>3056</id>
      <intensity>644.0</intensity>
      <mass-charge>187.0</mass-charge>
    </ei-ms-peak>
    <ei-ms-peak>
      <ei-ms-id>32</ei-ms-id>
      <id>3057</id>
      <intensity>203.0</intensity>
      <mass-charge>188.0</mass-charge>
    </ei-ms-peak>
    <ei-ms-peak>
      <ei-ms-id>32</ei-ms-id>
      <id>3058</id>
      <intensity>347.0</intensity>
      <mass-charge>189.0</mass-charge>
    </ei-ms-peak>
    <ei-ms-peak>
      <ei-ms-id>32</ei-ms-id>
      <id>3059</id>
      <intensity>197.0</intensity>
      <mass-charge>190.0</mass-charge>
    </ei-ms-peak>
    <ei-ms-peak>
      <ei-ms-id>32</ei-ms-id>
      <id>3060</id>
      <intensity>162.0</intensity>
      <mass-charge>191.0</mass-charge>
    </ei-ms-peak>
    <ei-ms-peak>
      <ei-ms-id>32</ei-ms-id>
      <id>3061</id>
      <intensity>94.0</intensity>
      <mass-charge>192.0</mass-charge>
    </ei-ms-peak>
    <ei-ms-peak>
      <ei-ms-id>32</ei-ms-id>
      <id>3062</id>
      <intensity>246.0</intensity>
      <mass-charge>193.0</mass-charge>
    </ei-ms-peak>
    <ei-ms-peak>
      <ei-ms-id>32</ei-ms-id>
      <id>3063</id>
      <intensity>285.0</intensity>
      <mass-charge>194.0</mass-charge>
    </ei-ms-peak>
    <ei-ms-peak>
      <ei-ms-id>32</ei-ms-id>
      <id>3064</id>
      <intensity>307.0</intensity>
      <mass-charge>195.0</mass-charge>
    </ei-ms-peak>
    <ei-ms-peak>
      <ei-ms-id>32</ei-ms-id>
      <id>3065</id>
      <intensity>125.0</intensity>
      <mass-charge>196.0</mass-charge>
    </ei-ms-peak>
    <ei-ms-peak>
      <ei-ms-id>32</ei-ms-id>
      <id>3066</id>
      <intensity>732.0</intensity>
      <mass-charge>197.0</mass-charge>
    </ei-ms-peak>
    <ei-ms-peak>
      <ei-ms-id>32</ei-ms-id>
      <id>3067</id>
      <intensity>368.0</intensity>
      <mass-charge>198.0</mass-charge>
    </ei-ms-peak>
    <ei-ms-peak>
      <ei-ms-id>32</ei-ms-id>
      <id>3068</id>
      <intensity>1126.0</intensity>
      <mass-charge>199.0</mass-charge>
    </ei-ms-peak>
    <ei-ms-peak>
      <ei-ms-id>32</ei-ms-id>
      <id>3069</id>
      <intensity>407.0</intensity>
      <mass-charge>200.0</mass-charge>
    </ei-ms-peak>
    <ei-ms-peak>
      <ei-ms-id>32</ei-ms-id>
      <id>3070</id>
      <intensity>1066.0</intensity>
      <mass-charge>201.0</mass-charge>
    </ei-ms-peak>
    <ei-ms-peak>
      <ei-ms-id>32</ei-ms-id>
      <id>3071</id>
      <intensity>272.0</intensity>
      <mass-charge>202.0</mass-charge>
    </ei-ms-peak>
    <ei-ms-peak>
      <ei-ms-id>32</ei-ms-id>
      <id>3072</id>
      <intensity>305.0</intensity>
      <mass-charge>203.0</mass-charge>
    </ei-ms-peak>
    <ei-ms-peak>
      <ei-ms-id>32</ei-ms-id>
      <id>3073</id>
      <intensity>113.0</intensity>
      <mass-charge>204.0</mass-charge>
    </ei-ms-peak>
    <ei-ms-peak>
      <ei-ms-id>32</ei-ms-id>
      <id>3074</id>
      <intensity>122.0</intensity>
      <mass-charge>205.0</mass-charge>
    </ei-ms-peak>
    <ei-ms-peak>
      <ei-ms-id>32</ei-ms-id>
      <id>3075</id>
      <intensity>55.0</intensity>
      <mass-charge>206.0</mass-charge>
    </ei-ms-peak>
    <ei-ms-peak>
      <ei-ms-id>32</ei-ms-id>
      <id>3076</id>
      <intensity>137.0</intensity>
      <mass-charge>207.0</mass-charge>
    </ei-ms-peak>
    <ei-ms-peak>
      <ei-ms-id>32</ei-ms-id>
      <id>3077</id>
      <intensity>61.0</intensity>
      <mass-charge>208.0</mass-charge>
    </ei-ms-peak>
    <ei-ms-peak>
      <ei-ms-id>32</ei-ms-id>
      <id>3078</id>
      <intensity>248.0</intensity>
      <mass-charge>209.0</mass-charge>
    </ei-ms-peak>
    <ei-ms-peak>
      <ei-ms-id>32</ei-ms-id>
      <id>3079</id>
      <intensity>107.0</intensity>
      <mass-charge>210.0</mass-charge>
    </ei-ms-peak>
    <ei-ms-peak>
      <ei-ms-id>32</ei-ms-id>
      <id>3080</id>
      <intensity>1069.0</intensity>
      <mass-charge>211.0</mass-charge>
    </ei-ms-peak>
    <ei-ms-peak>
      <ei-ms-id>32</ei-ms-id>
      <id>3081</id>
      <intensity>452.0</intensity>
      <mass-charge>212.0</mass-charge>
    </ei-ms-peak>
    <ei-ms-peak>
      <ei-ms-id>32</ei-ms-id>
      <id>3082</id>
      <intensity>741.0</intensity>
      <mass-charge>213.0</mass-charge>
    </ei-ms-peak>
    <ei-ms-peak>
      <ei-ms-id>32</ei-ms-id>
      <id>3083</id>
      <intensity>344.0</intensity>
      <mass-charge>214.0</mass-charge>
    </ei-ms-peak>
    <ei-ms-peak>
      <ei-ms-id>32</ei-ms-id>
      <id>3084</id>
      <intensity>818.0</intensity>
      <mass-charge>215.0</mass-charge>
    </ei-ms-peak>
    <ei-ms-peak>
      <ei-ms-id>32</ei-ms-id>
      <id>3085</id>
      <intensity>385.0</intensity>
      <mass-charge>216.0</mass-charge>
    </ei-ms-peak>
    <ei-ms-peak>
      <ei-ms-id>32</ei-ms-id>
      <id>3086</id>
      <intensity>432.0</intensity>
      <mass-charge>217.0</mass-charge>
    </ei-ms-peak>
    <ei-ms-peak>
      <ei-ms-id>32</ei-ms-id>
      <id>3087</id>
      <intensity>173.0</intensity>
      <mass-charge>218.0</mass-charge>
    </ei-ms-peak>
    <ei-ms-peak>
      <ei-ms-id>32</ei-ms-id>
      <id>3088</id>
      <intensity>146.0</intensity>
      <mass-charge>219.0</mass-charge>
    </ei-ms-peak>
    <ei-ms-peak>
      <ei-ms-id>32</ei-ms-id>
      <id>3089</id>
      <intensity>72.0</intensity>
      <mass-charge>220.0</mass-charge>
    </ei-ms-peak>
    <ei-ms-peak>
      <ei-ms-id>32</ei-ms-id>
      <id>3090</id>
      <intensity>87.0</intensity>
      <mass-charge>221.0</mass-charge>
    </ei-ms-peak>
    <ei-ms-peak>
      <ei-ms-id>32</ei-ms-id>
      <id>3091</id>
      <intensity>42.0</intensity>
      <mass-charge>222.0</mass-charge>
    </ei-ms-peak>
    <ei-ms-peak>
      <ei-ms-id>32</ei-ms-id>
      <id>3092</id>
      <intensity>128.0</intensity>
      <mass-charge>223.0</mass-charge>
    </ei-ms-peak>
    <ei-ms-peak>
      <ei-ms-id>32</ei-ms-id>
      <id>3093</id>
      <intensity>88.0</intensity>
      <mass-charge>224.0</mass-charge>
    </ei-ms-peak>
    <ei-ms-peak>
      <ei-ms-id>32</ei-ms-id>
      <id>3094</id>
      <intensity>375.0</intensity>
      <mass-charge>225.0</mass-charge>
    </ei-ms-peak>
    <ei-ms-peak>
      <ei-ms-id>32</ei-ms-id>
      <id>3095</id>
      <intensity>2136.0</intensity>
      <mass-charge>226.0</mass-charge>
    </ei-ms-peak>
    <ei-ms-peak>
      <ei-ms-id>32</ei-ms-id>
      <id>3096</id>
      <intensity>1347.0</intensity>
      <mass-charge>227.0</mass-charge>
    </ei-ms-peak>
    <ei-ms-peak>
      <ei-ms-id>32</ei-ms-id>
      <id>3097</id>
      <intensity>418.0</intensity>
      <mass-charge>228.0</mass-charge>
    </ei-ms-peak>
    <ei-ms-peak>
      <ei-ms-id>32</ei-ms-id>
      <id>3098</id>
      <intensity>883.0</intensity>
      <mass-charge>229.0</mass-charge>
    </ei-ms-peak>
    <ei-ms-peak>
      <ei-ms-id>32</ei-ms-id>
      <id>3099</id>
      <intensity>265.0</intensity>
      <mass-charge>230.0</mass-charge>
    </ei-ms-peak>
    <ei-ms-peak>
      <ei-ms-id>32</ei-ms-id>
      <id>3100</id>
      <intensity>304.0</intensity>
      <mass-charge>231.0</mass-charge>
    </ei-ms-peak>
    <ei-ms-peak>
      <ei-ms-id>32</ei-ms-id>
      <id>3101</id>
      <intensity>232.0</intensity>
      <mass-charge>232.0</mass-charge>
    </ei-ms-peak>
    <ei-ms-peak>
      <ei-ms-id>32</ei-ms-id>
      <id>3102</id>
      <intensity>343.0</intensity>
      <mass-charge>233.0</mass-charge>
    </ei-ms-peak>
    <ei-ms-peak>
      <ei-ms-id>32</ei-ms-id>
      <id>3103</id>
      <intensity>133.0</intensity>
      <mass-charge>234.0</mass-charge>
    </ei-ms-peak>
    <ei-ms-peak>
      <ei-ms-id>32</ei-ms-id>
      <id>3104</id>
      <intensity>179.0</intensity>
      <mass-charge>235.0</mass-charge>
    </ei-ms-peak>
    <ei-ms-peak>
      <ei-ms-id>32</ei-ms-id>
      <id>3105</id>
      <intensity>149.0</intensity>
      <mass-charge>236.0</mass-charge>
    </ei-ms-peak>
    <ei-ms-peak>
      <ei-ms-id>32</ei-ms-id>
      <id>3106</id>
      <intensity>172.0</intensity>
      <mass-charge>237.0</mass-charge>
    </ei-ms-peak>
    <ei-ms-peak>
      <ei-ms-id>32</ei-ms-id>
      <id>3107</id>
      <intensity>96.0</intensity>
      <mass-charge>238.0</mass-charge>
    </ei-ms-peak>
    <ei-ms-peak>
      <ei-ms-id>32</ei-ms-id>
      <id>3108</id>
      <intensity>181.0</intensity>
      <mass-charge>239.0</mass-charge>
    </ei-ms-peak>
    <ei-ms-peak>
      <ei-ms-id>32</ei-ms-id>
      <id>3109</id>
      <intensity>123.0</intensity>
      <mass-charge>240.0</mass-charge>
    </ei-ms-peak>
    <ei-ms-peak>
      <ei-ms-id>32</ei-ms-id>
      <id>3110</id>
      <intensity>140.0</intensity>
      <mass-charge>241.0</mass-charge>
    </ei-ms-peak>
    <ei-ms-peak>
      <ei-ms-id>32</ei-ms-id>
      <id>3111</id>
      <intensity>63.0</intensity>
      <mass-charge>242.0</mass-charge>
    </ei-ms-peak>
    <ei-ms-peak>
      <ei-ms-id>32</ei-ms-id>
      <id>3112</id>
      <intensity>228.0</intensity>
      <mass-charge>243.0</mass-charge>
    </ei-ms-peak>
    <ei-ms-peak>
      <ei-ms-id>32</ei-ms-id>
      <id>3113</id>
      <intensity>901.0</intensity>
      <mass-charge>244.0</mass-charge>
    </ei-ms-peak>
    <ei-ms-peak>
      <ei-ms-id>32</ei-ms-id>
      <id>3114</id>
      <intensity>551.0</intensity>
      <mass-charge>245.0</mass-charge>
    </ei-ms-peak>
    <ei-ms-peak>
      <ei-ms-id>32</ei-ms-id>
      <id>3115</id>
      <intensity>774.0</intensity>
      <mass-charge>246.0</mass-charge>
    </ei-ms-peak>
    <ei-ms-peak>
      <ei-ms-id>32</ei-ms-id>
      <id>3116</id>
      <intensity>1981.0</intensity>
      <mass-charge>247.0</mass-charge>
    </ei-ms-peak>
    <ei-ms-peak>
      <ei-ms-id>32</ei-ms-id>
      <id>3117</id>
      <intensity>566.0</intensity>
      <mass-charge>248.0</mass-charge>
    </ei-ms-peak>
    <ei-ms-peak>
      <ei-ms-id>32</ei-ms-id>
      <id>3118</id>
      <intensity>256.0</intensity>
      <mass-charge>249.0</mass-charge>
    </ei-ms-peak>
    <ei-ms-peak>
      <ei-ms-id>32</ei-ms-id>
      <id>3119</id>
      <intensity>95.0</intensity>
      <mass-charge>250.0</mass-charge>
    </ei-ms-peak>
    <ei-ms-peak>
      <ei-ms-id>32</ei-ms-id>
      <id>3120</id>
      <intensity>150.0</intensity>
      <mass-charge>251.0</mass-charge>
    </ei-ms-peak>
    <ei-ms-peak>
      <ei-ms-id>32</ei-ms-id>
      <id>3121</id>
      <intensity>141.0</intensity>
      <mass-charge>252.0</mass-charge>
    </ei-ms-peak>
    <ei-ms-peak>
      <ei-ms-id>32</ei-ms-id>
      <id>3122</id>
      <intensity>5277.0</intensity>
      <mass-charge>253.0</mass-charge>
    </ei-ms-peak>
    <ei-ms-peak>
      <ei-ms-id>32</ei-ms-id>
      <id>3123</id>
      <intensity>1168.0</intensity>
      <mass-charge>254.0</mass-charge>
    </ei-ms-peak>
    <ei-ms-peak>
      <ei-ms-id>32</ei-ms-id>
      <id>3124</id>
      <intensity>361.0</intensity>
      <mass-charge>255.0</mass-charge>
    </ei-ms-peak>
    <ei-ms-peak>
      <ei-ms-id>32</ei-ms-id>
      <id>3125</id>
      <intensity>81.0</intensity>
      <mass-charge>256.0</mass-charge>
    </ei-ms-peak>
    <ei-ms-peak>
      <ei-ms-id>32</ei-ms-id>
      <id>3126</id>
      <intensity>112.0</intensity>
      <mass-charge>257.0</mass-charge>
    </ei-ms-peak>
    <ei-ms-peak>
      <ei-ms-id>32</ei-ms-id>
      <id>3127</id>
      <intensity>152.0</intensity>
      <mass-charge>258.0</mass-charge>
    </ei-ms-peak>
    <ei-ms-peak>
      <ei-ms-id>32</ei-ms-id>
      <id>3128</id>
      <intensity>279.0</intensity>
      <mass-charge>259.0</mass-charge>
    </ei-ms-peak>
    <ei-ms-peak>
      <ei-ms-id>32</ei-ms-id>
      <id>3129</id>
      <intensity>332.0</intensity>
      <mass-charge>260.0</mass-charge>
    </ei-ms-peak>
    <ei-ms-peak>
      <ei-ms-id>32</ei-ms-id>
      <id>3130</id>
      <intensity>223.0</intensity>
      <mass-charge>261.0</mass-charge>
    </ei-ms-peak>
    <ei-ms-peak>
      <ei-ms-id>32</ei-ms-id>
      <id>3131</id>
      <intensity>128.0</intensity>
      <mass-charge>262.0</mass-charge>
    </ei-ms-peak>
    <ei-ms-peak>
      <ei-ms-id>32</ei-ms-id>
      <id>3132</id>
      <intensity>116.0</intensity>
      <mass-charge>263.0</mass-charge>
    </ei-ms-peak>
    <ei-ms-peak>
      <ei-ms-id>32</ei-ms-id>
      <id>3133</id>
      <intensity>86.0</intensity>
      <mass-charge>264.0</mass-charge>
    </ei-ms-peak>
    <ei-ms-peak>
      <ei-ms-id>32</ei-ms-id>
      <id>3134</id>
      <intensity>111.0</intensity>
      <mass-charge>265.0</mass-charge>
    </ei-ms-peak>
    <ei-ms-peak>
      <ei-ms-id>32</ei-ms-id>
      <id>3135</id>
      <intensity>59.0</intensity>
      <mass-charge>266.0</mass-charge>
    </ei-ms-peak>
    <ei-ms-peak>
      <ei-ms-id>32</ei-ms-id>
      <id>3136</id>
      <intensity>62.0</intensity>
      <mass-charge>267.0</mass-charge>
    </ei-ms-peak>
    <ei-ms-peak>
      <ei-ms-id>32</ei-ms-id>
      <id>3137</id>
      <intensity>34.0</intensity>
      <mass-charge>268.0</mass-charge>
    </ei-ms-peak>
    <ei-ms-peak>
      <ei-ms-id>32</ei-ms-id>
      <id>3138</id>
      <intensity>139.0</intensity>
      <mass-charge>269.0</mass-charge>
    </ei-ms-peak>
    <ei-ms-peak>
      <ei-ms-id>32</ei-ms-id>
      <id>3139</id>
      <intensity>93.0</intensity>
      <mass-charge>270.0</mass-charge>
    </ei-ms-peak>
    <ei-ms-peak>
      <ei-ms-id>32</ei-ms-id>
      <id>3140</id>
      <intensity>6252.0</intensity>
      <mass-charge>271.0</mass-charge>
    </ei-ms-peak>
    <ei-ms-peak>
      <ei-ms-id>32</ei-ms-id>
      <id>3141</id>
      <intensity>1410.0</intensity>
      <mass-charge>272.0</mass-charge>
    </ei-ms-peak>
    <ei-ms-peak>
      <ei-ms-id>32</ei-ms-id>
      <id>3142</id>
      <intensity>273.0</intensity>
      <mass-charge>273.0</mass-charge>
    </ei-ms-peak>
    <ei-ms-peak>
      <ei-ms-id>32</ei-ms-id>
      <id>3143</id>
      <intensity>98.0</intensity>
      <mass-charge>274.0</mass-charge>
    </ei-ms-peak>
    <ei-ms-peak>
      <ei-ms-id>32</ei-ms-id>
      <id>3144</id>
      <intensity>55.0</intensity>
      <mass-charge>275.0</mass-charge>
    </ei-ms-peak>
    <ei-ms-peak>
      <ei-ms-id>32</ei-ms-id>
      <id>3145</id>
      <intensity>49.0</intensity>
      <mass-charge>276.0</mass-charge>
    </ei-ms-peak>
    <ei-ms-peak>
      <ei-ms-id>32</ei-ms-id>
      <id>3146</id>
      <intensity>48.0</intensity>
      <mass-charge>277.0</mass-charge>
    </ei-ms-peak>
    <ei-ms-peak>
      <ei-ms-id>32</ei-ms-id>
      <id>3147</id>
      <intensity>72.0</intensity>
      <mass-charge>278.0</mass-charge>
    </ei-ms-peak>
    <ei-ms-peak>
      <ei-ms-id>32</ei-ms-id>
      <id>3148</id>
      <intensity>115.0</intensity>
      <mass-charge>279.0</mass-charge>
    </ei-ms-peak>
    <ei-ms-peak>
      <ei-ms-id>32</ei-ms-id>
      <id>3149</id>
      <intensity>43.0</intensity>
      <mass-charge>280.0</mass-charge>
    </ei-ms-peak>
    <ei-ms-peak>
      <ei-ms-id>32</ei-ms-id>
      <id>3150</id>
      <intensity>475.0</intensity>
      <mass-charge>281.0</mass-charge>
    </ei-ms-peak>
    <ei-ms-peak>
      <ei-ms-id>32</ei-ms-id>
      <id>3151</id>
      <intensity>143.0</intensity>
      <mass-charge>282.0</mass-charge>
    </ei-ms-peak>
    <ei-ms-peak>
      <ei-ms-id>32</ei-ms-id>
      <id>3152</id>
      <intensity>122.0</intensity>
      <mass-charge>283.0</mass-charge>
    </ei-ms-peak>
    <ei-ms-peak>
      <ei-ms-id>32</ei-ms-id>
      <id>3153</id>
      <intensity>43.0</intensity>
      <mass-charge>284.0</mass-charge>
    </ei-ms-peak>
    <ei-ms-peak>
      <ei-ms-id>32</ei-ms-id>
      <id>3154</id>
      <intensity>86.0</intensity>
      <mass-charge>285.0</mass-charge>
    </ei-ms-peak>
    <ei-ms-peak>
      <ei-ms-id>32</ei-ms-id>
      <id>3155</id>
      <intensity>69.0</intensity>
      <mass-charge>286.0</mass-charge>
    </ei-ms-peak>
    <ei-ms-peak>
      <ei-ms-id>32</ei-ms-id>
      <id>3156</id>
      <intensity>102.0</intensity>
      <mass-charge>287.0</mass-charge>
    </ei-ms-peak>
    <ei-ms-peak>
      <ei-ms-id>32</ei-ms-id>
      <id>3157</id>
      <intensity>83.0</intensity>
      <mass-charge>288.0</mass-charge>
    </ei-ms-peak>
    <ei-ms-peak>
      <ei-ms-id>32</ei-ms-id>
      <id>3158</id>
      <intensity>685.0</intensity>
      <mass-charge>289.0</mass-charge>
    </ei-ms-peak>
    <ei-ms-peak>
      <ei-ms-id>32</ei-ms-id>
      <id>3159</id>
      <intensity>192.0</intensity>
      <mass-charge>290.0</mass-charge>
    </ei-ms-peak>
    <ei-ms-peak>
      <ei-ms-id>32</ei-ms-id>
      <id>3160</id>
      <intensity>56.0</intensity>
      <mass-charge>291.0</mass-charge>
    </ei-ms-peak>
    <ei-ms-peak>
      <ei-ms-id>32</ei-ms-id>
      <id>3161</id>
      <intensity>15.0</intensity>
      <mass-charge>292.0</mass-charge>
    </ei-ms-peak>
    <ei-ms-peak>
      <ei-ms-id>32</ei-ms-id>
      <id>3162</id>
      <intensity>61.0</intensity>
      <mass-charge>293.0</mass-charge>
    </ei-ms-peak>
    <ei-ms-peak>
      <ei-ms-id>32</ei-ms-id>
      <id>3163</id>
      <intensity>62.0</intensity>
      <mass-charge>294.0</mass-charge>
    </ei-ms-peak>
    <ei-ms-peak>
      <ei-ms-id>32</ei-ms-id>
      <id>3164</id>
      <intensity>158.0</intensity>
      <mass-charge>295.0</mass-charge>
    </ei-ms-peak>
    <ei-ms-peak>
      <ei-ms-id>32</ei-ms-id>
      <id>3165</id>
      <intensity>55.0</intensity>
      <mass-charge>296.0</mass-charge>
    </ei-ms-peak>
    <ei-ms-peak>
      <ei-ms-id>32</ei-ms-id>
      <id>3166</id>
      <intensity>141.0</intensity>
      <mass-charge>297.0</mass-charge>
    </ei-ms-peak>
    <ei-ms-peak>
      <ei-ms-id>32</ei-ms-id>
      <id>3167</id>
      <intensity>91.0</intensity>
      <mass-charge>298.0</mass-charge>
    </ei-ms-peak>
    <ei-ms-peak>
      <ei-ms-id>32</ei-ms-id>
      <id>3168</id>
      <intensity>501.0</intensity>
      <mass-charge>299.0</mass-charge>
    </ei-ms-peak>
    <ei-ms-peak>
      <ei-ms-id>32</ei-ms-id>
      <id>3169</id>
      <intensity>905.0</intensity>
      <mass-charge>300.0</mass-charge>
    </ei-ms-peak>
    <ei-ms-peak>
      <ei-ms-id>32</ei-ms-id>
      <id>3170</id>
      <intensity>267.0</intensity>
      <mass-charge>301.0</mass-charge>
    </ei-ms-peak>
    <ei-ms-peak>
      <ei-ms-id>32</ei-ms-id>
      <id>3171</id>
      <intensity>117.0</intensity>
      <mass-charge>302.0</mass-charge>
    </ei-ms-peak>
    <ei-ms-peak>
      <ei-ms-id>32</ei-ms-id>
      <id>3172</id>
      <intensity>64.0</intensity>
      <mass-charge>303.0</mass-charge>
    </ei-ms-peak>
    <ei-ms-peak>
      <ei-ms-id>32</ei-ms-id>
      <id>3173</id>
      <intensity>36.0</intensity>
      <mass-charge>304.0</mass-charge>
    </ei-ms-peak>
    <ei-ms-peak>
      <ei-ms-id>32</ei-ms-id>
      <id>3174</id>
      <intensity>22.0</intensity>
      <mass-charge>305.0</mass-charge>
    </ei-ms-peak>
    <ei-ms-peak>
      <ei-ms-id>32</ei-ms-id>
      <id>3175</id>
      <intensity>11.0</intensity>
      <mass-charge>306.0</mass-charge>
    </ei-ms-peak>
    <ei-ms-peak>
      <ei-ms-id>32</ei-ms-id>
      <id>3176</id>
      <intensity>38.0</intensity>
      <mass-charge>307.0</mass-charge>
    </ei-ms-peak>
    <ei-ms-peak>
      <ei-ms-id>32</ei-ms-id>
      <id>3177</id>
      <intensity>33.0</intensity>
      <mass-charge>308.0</mass-charge>
    </ei-ms-peak>
    <ei-ms-peak>
      <ei-ms-id>32</ei-ms-id>
      <id>3178</id>
      <intensity>30.0</intensity>
      <mass-charge>309.0</mass-charge>
    </ei-ms-peak>
    <ei-ms-peak>
      <ei-ms-id>32</ei-ms-id>
      <id>3179</id>
      <intensity>18.0</intensity>
      <mass-charge>310.0</mass-charge>
    </ei-ms-peak>
    <ei-ms-peak>
      <ei-ms-id>32</ei-ms-id>
      <id>3180</id>
      <intensity>100.0</intensity>
      <mass-charge>311.0</mass-charge>
    </ei-ms-peak>
    <ei-ms-peak>
      <ei-ms-id>32</ei-ms-id>
      <id>3181</id>
      <intensity>125.0</intensity>
      <mass-charge>312.0</mass-charge>
    </ei-ms-peak>
    <ei-ms-peak>
      <ei-ms-id>32</ei-ms-id>
      <id>3182</id>
      <intensity>398.0</intensity>
      <mass-charge>313.0</mass-charge>
    </ei-ms-peak>
    <ei-ms-peak>
      <ei-ms-id>32</ei-ms-id>
      <id>3183</id>
      <intensity>141.0</intensity>
      <mass-charge>314.0</mass-charge>
    </ei-ms-peak>
    <ei-ms-peak>
      <ei-ms-id>32</ei-ms-id>
      <id>3184</id>
      <intensity>126.0</intensity>
      <mass-charge>315.0</mass-charge>
    </ei-ms-peak>
    <ei-ms-peak>
      <ei-ms-id>32</ei-ms-id>
      <id>3185</id>
      <intensity>51.0</intensity>
      <mass-charge>316.0</mass-charge>
    </ei-ms-peak>
    <ei-ms-peak>
      <ei-ms-id>32</ei-ms-id>
      <id>3186</id>
      <intensity>80.0</intensity>
      <mass-charge>317.0</mass-charge>
    </ei-ms-peak>
    <ei-ms-peak>
      <ei-ms-id>32</ei-ms-id>
      <id>3187</id>
      <intensity>137.0</intensity>
      <mass-charge>318.0</mass-charge>
    </ei-ms-peak>
    <ei-ms-peak>
      <ei-ms-id>32</ei-ms-id>
      <id>3188</id>
      <intensity>37.0</intensity>
      <mass-charge>319.0</mass-charge>
    </ei-ms-peak>
    <ei-ms-peak>
      <ei-ms-id>32</ei-ms-id>
      <id>3189</id>
      <intensity>20.0</intensity>
      <mass-charge>320.0</mass-charge>
    </ei-ms-peak>
    <ei-ms-peak>
      <ei-ms-id>32</ei-ms-id>
      <id>3190</id>
      <intensity>121.0</intensity>
      <mass-charge>321.0</mass-charge>
    </ei-ms-peak>
    <ei-ms-peak>
      <ei-ms-id>32</ei-ms-id>
      <id>3191</id>
      <intensity>51.0</intensity>
      <mass-charge>322.0</mass-charge>
    </ei-ms-peak>
    <ei-ms-peak>
      <ei-ms-id>32</ei-ms-id>
      <id>3192</id>
      <intensity>27.0</intensity>
      <mass-charge>323.0</mass-charge>
    </ei-ms-peak>
    <ei-ms-peak>
      <ei-ms-id>32</ei-ms-id>
      <id>3193</id>
      <intensity>129.0</intensity>
      <mass-charge>325.0</mass-charge>
    </ei-ms-peak>
    <ei-ms-peak>
      <ei-ms-id>32</ei-ms-id>
      <id>3194</id>
      <intensity>116.0</intensity>
      <mass-charge>326.0</mass-charge>
    </ei-ms-peak>
    <ei-ms-peak>
      <ei-ms-id>32</ei-ms-id>
      <id>3195</id>
      <intensity>68.0</intensity>
      <mass-charge>327.0</mass-charge>
    </ei-ms-peak>
    <ei-ms-peak>
      <ei-ms-id>32</ei-ms-id>
      <id>3196</id>
      <intensity>87.0</intensity>
      <mass-charge>328.0</mass-charge>
    </ei-ms-peak>
    <ei-ms-peak>
      <ei-ms-id>32</ei-ms-id>
      <id>3197</id>
      <intensity>209.0</intensity>
      <mass-charge>329.0</mass-charge>
    </ei-ms-peak>
    <ei-ms-peak>
      <ei-ms-id>32</ei-ms-id>
      <id>3198</id>
      <intensity>111.0</intensity>
      <mass-charge>330.0</mass-charge>
    </ei-ms-peak>
    <ei-ms-peak>
      <ei-ms-id>32</ei-ms-id>
      <id>3199</id>
      <intensity>129.0</intensity>
      <mass-charge>331.0</mass-charge>
    </ei-ms-peak>
    <ei-ms-peak>
      <ei-ms-id>32</ei-ms-id>
      <id>3200</id>
      <intensity>32.0</intensity>
      <mass-charge>332.0</mass-charge>
    </ei-ms-peak>
    <ei-ms-peak>
      <ei-ms-id>32</ei-ms-id>
      <id>3201</id>
      <intensity>19.0</intensity>
      <mass-charge>333.0</mass-charge>
    </ei-ms-peak>
    <ei-ms-peak>
      <ei-ms-id>32</ei-ms-id>
      <id>3202</id>
      <intensity>16.0</intensity>
      <mass-charge>334.0</mass-charge>
    </ei-ms-peak>
    <ei-ms-peak>
      <ei-ms-id>32</ei-ms-id>
      <id>3203</id>
      <intensity>29.0</intensity>
      <mass-charge>335.0</mass-charge>
    </ei-ms-peak>
    <ei-ms-peak>
      <ei-ms-id>32</ei-ms-id>
      <id>3204</id>
      <intensity>103.0</intensity>
      <mass-charge>336.0</mass-charge>
    </ei-ms-peak>
    <ei-ms-peak>
      <ei-ms-id>32</ei-ms-id>
      <id>3205</id>
      <intensity>185.0</intensity>
      <mass-charge>337.0</mass-charge>
    </ei-ms-peak>
    <ei-ms-peak>
      <ei-ms-id>32</ei-ms-id>
      <id>3206</id>
      <intensity>102.0</intensity>
      <mass-charge>338.0</mass-charge>
    </ei-ms-peak>
    <ei-ms-peak>
      <ei-ms-id>32</ei-ms-id>
      <id>3207</id>
      <intensity>1286.0</intensity>
      <mass-charge>339.0</mass-charge>
    </ei-ms-peak>
    <ei-ms-peak>
      <ei-ms-id>32</ei-ms-id>
      <id>3208</id>
      <intensity>353.0</intensity>
      <mass-charge>340.0</mass-charge>
    </ei-ms-peak>
    <ei-ms-peak>
      <ei-ms-id>32</ei-ms-id>
      <id>3209</id>
      <intensity>254.0</intensity>
      <mass-charge>341.0</mass-charge>
    </ei-ms-peak>
    <ei-ms-peak>
      <ei-ms-id>32</ei-ms-id>
      <id>3210</id>
      <intensity>101.0</intensity>
      <mass-charge>342.0</mass-charge>
    </ei-ms-peak>
    <ei-ms-peak>
      <ei-ms-id>32</ei-ms-id>
      <id>3211</id>
      <intensity>1918.0</intensity>
      <mass-charge>343.0</mass-charge>
    </ei-ms-peak>
    <ei-ms-peak>
      <ei-ms-id>32</ei-ms-id>
      <id>3212</id>
      <intensity>562.0</intensity>
      <mass-charge>344.0</mass-charge>
    </ei-ms-peak>
    <ei-ms-peak>
      <ei-ms-id>32</ei-ms-id>
      <id>3213</id>
      <intensity>118.0</intensity>
      <mass-charge>345.0</mass-charge>
    </ei-ms-peak>
    <ei-ms-peak>
      <ei-ms-id>32</ei-ms-id>
      <id>3214</id>
      <intensity>54.0</intensity>
      <mass-charge>346.0</mass-charge>
    </ei-ms-peak>
    <ei-ms-peak>
      <ei-ms-id>32</ei-ms-id>
      <id>3215</id>
      <intensity>44.0</intensity>
      <mass-charge>347.0</mass-charge>
    </ei-ms-peak>
    <ei-ms-peak>
      <ei-ms-id>32</ei-ms-id>
      <id>3216</id>
      <intensity>17.0</intensity>
      <mass-charge>348.0</mass-charge>
    </ei-ms-peak>
    <ei-ms-peak>
      <ei-ms-id>32</ei-ms-id>
      <id>3217</id>
      <intensity>42.0</intensity>
      <mass-charge>349.0</mass-charge>
    </ei-ms-peak>
    <ei-ms-peak>
      <ei-ms-id>32</ei-ms-id>
      <id>3218</id>
      <intensity>18.0</intensity>
      <mass-charge>350.0</mass-charge>
    </ei-ms-peak>
    <ei-ms-peak>
      <ei-ms-id>32</ei-ms-id>
      <id>3219</id>
      <intensity>132.0</intensity>
      <mass-charge>353.0</mass-charge>
    </ei-ms-peak>
    <ei-ms-peak>
      <ei-ms-id>32</ei-ms-id>
      <id>3220</id>
      <intensity>3469.0</intensity>
      <mass-charge>354.0</mass-charge>
    </ei-ms-peak>
    <ei-ms-peak>
      <ei-ms-id>32</ei-ms-id>
      <id>3221</id>
      <intensity>998.0</intensity>
      <mass-charge>355.0</mass-charge>
    </ei-ms-peak>
    <ei-ms-peak>
      <ei-ms-id>32</ei-ms-id>
      <id>3222</id>
      <intensity>243.0</intensity>
      <mass-charge>356.0</mass-charge>
    </ei-ms-peak>
    <ei-ms-peak>
      <ei-ms-id>32</ei-ms-id>
      <id>3223</id>
      <intensity>1126.0</intensity>
      <mass-charge>357.0</mass-charge>
    </ei-ms-peak>
    <ei-ms-peak>
      <ei-ms-id>32</ei-ms-id>
      <id>3224</id>
      <intensity>312.0</intensity>
      <mass-charge>358.0</mass-charge>
    </ei-ms-peak>
    <ei-ms-peak>
      <ei-ms-id>32</ei-ms-id>
      <id>3225</id>
      <intensity>84.0</intensity>
      <mass-charge>359.0</mass-charge>
    </ei-ms-peak>
    <ei-ms-peak>
      <ei-ms-id>32</ei-ms-id>
      <id>3226</id>
      <intensity>23.0</intensity>
      <mass-charge>360.0</mass-charge>
    </ei-ms-peak>
    <ei-ms-peak>
      <ei-ms-id>32</ei-ms-id>
      <id>3227</id>
      <intensity>121.0</intensity>
      <mass-charge>361.0</mass-charge>
    </ei-ms-peak>
    <ei-ms-peak>
      <ei-ms-id>32</ei-ms-id>
      <id>3228</id>
      <intensity>54.0</intensity>
      <mass-charge>362.0</mass-charge>
    </ei-ms-peak>
    <ei-ms-peak>
      <ei-ms-id>32</ei-ms-id>
      <id>3229</id>
      <intensity>15.0</intensity>
      <mass-charge>363.0</mass-charge>
    </ei-ms-peak>
    <ei-ms-peak>
      <ei-ms-id>32</ei-ms-id>
      <id>3230</id>
      <intensity>8.0</intensity>
      <mass-charge>364.0</mass-charge>
    </ei-ms-peak>
    <ei-ms-peak>
      <ei-ms-id>32</ei-ms-id>
      <id>3231</id>
      <intensity>9.0</intensity>
      <mass-charge>365.0</mass-charge>
    </ei-ms-peak>
    <ei-ms-peak>
      <ei-ms-id>32</ei-ms-id>
      <id>3232</id>
      <intensity>8.0</intensity>
      <mass-charge>367.0</mass-charge>
    </ei-ms-peak>
    <ei-ms-peak>
      <ei-ms-id>32</ei-ms-id>
      <id>3233</id>
      <intensity>13.0</intensity>
      <mass-charge>368.0</mass-charge>
    </ei-ms-peak>
    <ei-ms-peak>
      <ei-ms-id>32</ei-ms-id>
      <id>3234</id>
      <intensity>17.0</intensity>
      <mass-charge>369.0</mass-charge>
    </ei-ms-peak>
    <ei-ms-peak>
      <ei-ms-id>32</ei-ms-id>
      <id>3235</id>
      <intensity>40.0</intensity>
      <mass-charge>370.0</mass-charge>
    </ei-ms-peak>
    <ei-ms-peak>
      <ei-ms-id>32</ei-ms-id>
      <id>3236</id>
      <intensity>89.0</intensity>
      <mass-charge>371.0</mass-charge>
    </ei-ms-peak>
    <ei-ms-peak>
      <ei-ms-id>32</ei-ms-id>
      <id>3237</id>
      <intensity>5987.0</intensity>
      <mass-charge>372.0</mass-charge>
    </ei-ms-peak>
    <ei-ms-peak>
      <ei-ms-id>32</ei-ms-id>
      <id>3238</id>
      <intensity>1675.0</intensity>
      <mass-charge>373.0</mass-charge>
    </ei-ms-peak>
    <ei-ms-peak>
      <ei-ms-id>32</ei-ms-id>
      <id>3239</id>
      <intensity>282.0</intensity>
      <mass-charge>374.0</mass-charge>
    </ei-ms-peak>
    <ei-ms-peak>
      <ei-ms-id>32</ei-ms-id>
      <id>3240</id>
      <intensity>114.0</intensity>
      <mass-charge>375.0</mass-charge>
    </ei-ms-peak>
    <ei-ms-peak>
      <ei-ms-id>32</ei-ms-id>
      <id>3241</id>
      <intensity>26.0</intensity>
      <mass-charge>376.0</mass-charge>
    </ei-ms-peak>
    <ei-ms-peak>
      <ei-ms-id>32</ei-ms-id>
      <id>3242</id>
      <intensity>2.0</intensity>
      <mass-charge>377.0</mass-charge>
    </ei-ms-peak>
    <ei-ms-peak>
      <ei-ms-id>32</ei-ms-id>
      <id>3243</id>
      <intensity>21.0</intensity>
      <mass-charge>388.0</mass-charge>
    </ei-ms-peak>
    <ei-ms-peak>
      <ei-ms-id>32</ei-ms-id>
      <id>3244</id>
      <intensity>9.0</intensity>
      <mass-charge>389.0</mass-charge>
    </ei-ms-peak>
    <ei-ms-peak>
      <ei-ms-id>32</ei-ms-id>
      <id>3245</id>
      <intensity>310.0</intensity>
      <mass-charge>390.0</mass-charge>
    </ei-ms-peak>
    <ei-ms-peak>
      <ei-ms-id>32</ei-ms-id>
      <id>3246</id>
      <intensity>94.0</intensity>
      <mass-charge>391.0</mass-charge>
    </ei-ms-peak>
    <ei-ms-peak>
      <ei-ms-id>32</ei-ms-id>
      <id>3247</id>
      <intensity>15.0</intensity>
      <mass-charge>392.0</mass-charge>
    </ei-ms-peak>
    <ei-ms-peak>
      <ei-ms-id>32</ei-ms-id>
      <id>3248</id>
      <intensity>9.0</intensity>
      <mass-charge>406.0</mass-charge>
    </ei-ms-peak>
    <ei-ms-peak>
      <ei-ms-id>32</ei-ms-id>
      <id>3249</id>
      <intensity>83.0</intensity>
      <mass-charge>408.0</mass-charge>
    </ei-ms-peak>
    <ei-ms-peak>
      <ei-ms-id>32</ei-ms-id>
      <id>3250</id>
      <intensity>13.0</intensity>
      <mass-charge>409.0</mass-charge>
    </ei-ms-peak>
  </ei-ms-peaks>
</ei-ms>
