<?xml version="1.0" encoding="UTF-8"?>
<ei-ms>
  <collection-date nil="true"/>
  <created-at>2014-09-20T16:34:24Z</created-at>
  <database-id>HMDB31795</database-id>
  <id>694</id>
  <inchi-key>ONUFESLQCSAYKA-UHFFFAOYSA-N</inchi-key>
  <instrument-type nil="true"/>
  <molecule-id nil="true"/>
  <notes nil="true"/>
  <peak-counter>68</peak-counter>
  <sample-assessment nil="true"/>
  <sample-concentration nil="true"/>
  <sample-concentration-units nil="true"/>
  <sample-mass nil="true"/>
  <sample-mass-units nil="true"/>
  <sample-source nil="true"/>
  <solvent nil="true"/>
  <spectra-assessment nil="true"/>
  <updated-at>2014-09-20T16:34:24Z</updated-at>
  <references>
    <reference>
      <database>NIST</database>
      <database-id>36734-19-7</database-id>
      <id>15566</id>
      <pubmed-id nil="true"/>
      <ref-text>NIST Mass Spec Data Center, S.E. Stein, director, "Mass Spectra" in NIST Chemistry WebBook, NIST Standard Reference Database Number 69, Eds. P.J. Linstrom and W.G. Mallard, National Institute of Standards and Technology, Gaithersburg MD, 20899, http://webbook.nist.gov, (retrieved September 6, 2014).</ref-text>
      <spectra-id>694</spectra-id>
      <spectra-type>EiMs</spectra-type>
    </reference>
  </references>
  <ei-ms-peaks>
    <ei-ms-peak>
      <ei-ms-id>694</ei-ms-id>
      <id>77018</id>
      <intensity>3827.0</intensity>
      <mass-charge>41.0</mass-charge>
    </ei-ms-peak>
    <ei-ms-peak>
      <ei-ms-id>694</ei-ms-id>
      <id>77019</id>
      <intensity>2045.0</intensity>
      <mass-charge>42.0</mass-charge>
    </ei-ms-peak>
    <ei-ms-peak>
      <ei-ms-id>694</ei-ms-id>
      <id>77020</id>
      <intensity>9254.0</intensity>
      <mass-charge>43.0</mass-charge>
    </ei-ms-peak>
    <ei-ms-peak>
      <ei-ms-id>694</ei-ms-id>
      <id>77021</id>
      <intensity>2531.0</intensity>
      <mass-charge>44.0</mass-charge>
    </ei-ms-peak>
    <ei-ms-peak>
      <ei-ms-id>694</ei-ms-id>
      <id>77022</id>
      <intensity>17.0</intensity>
      <mass-charge>45.0</mass-charge>
    </ei-ms-peak>
    <ei-ms-peak>
      <ei-ms-id>694</ei-ms-id>
      <id>77023</id>
      <intensity>100.0</intensity>
      <mass-charge>49.0</mass-charge>
    </ei-ms-peak>
    <ei-ms-peak>
      <ei-ms-id>694</ei-ms-id>
      <id>77024</id>
      <intensity>21.0</intensity>
      <mass-charge>50.0</mass-charge>
    </ei-ms-peak>
    <ei-ms-peak>
      <ei-ms-id>694</ei-ms-id>
      <id>77025</id>
      <intensity>7.0</intensity>
      <mass-charge>51.0</mass-charge>
    </ei-ms-peak>
    <ei-ms-peak>
      <ei-ms-id>694</ei-ms-id>
      <id>77026</id>
      <intensity>9999.0</intensity>
      <mass-charge>56.0</mass-charge>
    </ei-ms-peak>
    <ei-ms-peak>
      <ei-ms-id>694</ei-ms-id>
      <id>77027</id>
      <intensity>386.0</intensity>
      <mass-charge>57.0</mass-charge>
    </ei-ms-peak>
    <ei-ms-peak>
      <ei-ms-id>694</ei-ms-id>
      <id>77028</id>
      <intensity>6124.0</intensity>
      <mass-charge>58.0</mass-charge>
    </ei-ms-peak>
    <ei-ms-peak>
      <ei-ms-id>694</ei-ms-id>
      <id>77029</id>
      <intensity>45.0</intensity>
      <mass-charge>61.0</mass-charge>
    </ei-ms-peak>
    <ei-ms-peak>
      <ei-ms-id>694</ei-ms-id>
      <id>77030</id>
      <intensity>159.0</intensity>
      <mass-charge>62.0</mass-charge>
    </ei-ms-peak>
    <ei-ms-peak>
      <ei-ms-id>694</ei-ms-id>
      <id>77031</id>
      <intensity>76.0</intensity>
      <mass-charge>63.0</mass-charge>
    </ei-ms-peak>
    <ei-ms-peak>
      <ei-ms-id>694</ei-ms-id>
      <id>77032</id>
      <intensity>72.0</intensity>
      <mass-charge>64.0</mass-charge>
    </ei-ms-peak>
    <ei-ms-peak>
      <ei-ms-id>694</ei-ms-id>
      <id>77033</id>
      <intensity>2434.0</intensity>
      <mass-charge>70.0</mass-charge>
    </ei-ms-peak>
    <ei-ms-peak>
      <ei-ms-id>694</ei-ms-id>
      <id>77034</id>
      <intensity>21.0</intensity>
      <mass-charge>71.0</mass-charge>
    </ei-ms-peak>
    <ei-ms-peak>
      <ei-ms-id>694</ei-ms-id>
      <id>77035</id>
      <intensity>241.0</intensity>
      <mass-charge>73.0</mass-charge>
    </ei-ms-peak>
    <ei-ms-peak>
      <ei-ms-id>694</ei-ms-id>
      <id>77036</id>
      <intensity>221.0</intensity>
      <mass-charge>74.0</mass-charge>
    </ei-ms-peak>
    <ei-ms-peak>
      <ei-ms-id>694</ei-ms-id>
      <id>77037</id>
      <intensity>248.0</intensity>
      <mass-charge>75.0</mass-charge>
    </ei-ms-peak>
    <ei-ms-peak>
      <ei-ms-id>694</ei-ms-id>
      <id>77038</id>
      <intensity>845.0</intensity>
      <mass-charge>84.0</mass-charge>
    </ei-ms-peak>
    <ei-ms-peak>
      <ei-ms-id>694</ei-ms-id>
      <id>77039</id>
      <intensity>86.0</intensity>
      <mass-charge>85.0</mass-charge>
    </ei-ms-peak>
    <ei-ms-peak>
      <ei-ms-id>694</ei-ms-id>
      <id>77040</id>
      <intensity>169.0</intensity>
      <mass-charge>86.0</mass-charge>
    </ei-ms-peak>
    <ei-ms-peak>
      <ei-ms-id>694</ei-ms-id>
      <id>77041</id>
      <intensity>14.0</intensity>
      <mass-charge>87.0</mass-charge>
    </ei-ms-peak>
    <ei-ms-peak>
      <ei-ms-id>694</ei-ms-id>
      <id>77042</id>
      <intensity>93.0</intensity>
      <mass-charge>88.0</mass-charge>
    </ei-ms-peak>
    <ei-ms-peak>
      <ei-ms-id>694</ei-ms-id>
      <id>77043</id>
      <intensity>31.0</intensity>
      <mass-charge>90.0</mass-charge>
    </ei-ms-peak>
    <ei-ms-peak>
      <ei-ms-id>694</ei-ms-id>
      <id>77044</id>
      <intensity>145.0</intensity>
      <mass-charge>97.0</mass-charge>
    </ei-ms-peak>
    <ei-ms-peak>
      <ei-ms-id>694</ei-ms-id>
      <id>77045</id>
      <intensity>10.0</intensity>
      <mass-charge>98.0</mass-charge>
    </ei-ms-peak>
    <ei-ms-peak>
      <ei-ms-id>694</ei-ms-id>
      <id>77046</id>
      <intensity>217.0</intensity>
      <mass-charge>99.0</mass-charge>
    </ei-ms-peak>
    <ei-ms-peak>
      <ei-ms-id>694</ei-ms-id>
      <id>77047</id>
      <intensity>238.0</intensity>
      <mass-charge>109.0</mass-charge>
    </ei-ms-peak>
    <ei-ms-peak>
      <ei-ms-id>694</ei-ms-id>
      <id>77048</id>
      <intensity>52.0</intensity>
      <mass-charge>110.0</mass-charge>
    </ei-ms-peak>
    <ei-ms-peak>
      <ei-ms-id>694</ei-ms-id>
      <id>77049</id>
      <intensity>55.0</intensity>
      <mass-charge>111.0</mass-charge>
    </ei-ms-peak>
    <ei-ms-peak>
      <ei-ms-id>694</ei-ms-id>
      <id>77050</id>
      <intensity>1003.0</intensity>
      <mass-charge>124.0</mass-charge>
    </ei-ms-peak>
    <ei-ms-peak>
      <ei-ms-id>694</ei-ms-id>
      <id>77051</id>
      <intensity>69.0</intensity>
      <mass-charge>125.0</mass-charge>
    </ei-ms-peak>
    <ei-ms-peak>
      <ei-ms-id>694</ei-ms-id>
      <id>77052</id>
      <intensity>231.0</intensity>
      <mass-charge>126.0</mass-charge>
    </ei-ms-peak>
    <ei-ms-peak>
      <ei-ms-id>694</ei-ms-id>
      <id>77053</id>
      <intensity>410.0</intensity>
      <mass-charge>145.0</mass-charge>
    </ei-ms-peak>
    <ei-ms-peak>
      <ei-ms-id>694</ei-ms-id>
      <id>77054</id>
      <intensity>207.0</intensity>
      <mass-charge>147.0</mass-charge>
    </ei-ms-peak>
    <ei-ms-peak>
      <ei-ms-id>694</ei-ms-id>
      <id>77055</id>
      <intensity>110.0</intensity>
      <mass-charge>153.0</mass-charge>
    </ei-ms-peak>
    <ei-ms-peak>
      <ei-ms-id>694</ei-ms-id>
      <id>77056</id>
      <intensity>221.0</intensity>
      <mass-charge>157.0</mass-charge>
    </ei-ms-peak>
    <ei-ms-peak>
      <ei-ms-id>694</ei-ms-id>
      <id>77057</id>
      <intensity>34.0</intensity>
      <mass-charge>158.0</mass-charge>
    </ei-ms-peak>
    <ei-ms-peak>
      <ei-ms-id>694</ei-ms-id>
      <id>77058</id>
      <intensity>121.0</intensity>
      <mass-charge>160.0</mass-charge>
    </ei-ms-peak>
    <ei-ms-peak>
      <ei-ms-id>694</ei-ms-id>
      <id>77059</id>
      <intensity>265.0</intensity>
      <mass-charge>161.0</mass-charge>
    </ei-ms-peak>
    <ei-ms-peak>
      <ei-ms-id>694</ei-ms-id>
      <id>77060</id>
      <intensity>86.0</intensity>
      <mass-charge>162.0</mass-charge>
    </ei-ms-peak>
    <ei-ms-peak>
      <ei-ms-id>694</ei-ms-id>
      <id>77061</id>
      <intensity>86.0</intensity>
      <mass-charge>163.0</mass-charge>
    </ei-ms-peak>
    <ei-ms-peak>
      <ei-ms-id>694</ei-ms-id>
      <id>77062</id>
      <intensity>72.0</intensity>
      <mass-charge>174.0</mass-charge>
    </ei-ms-peak>
    <ei-ms-peak>
      <ei-ms-id>694</ei-ms-id>
      <id>77063</id>
      <intensity>69.0</intensity>
      <mass-charge>181.0</mass-charge>
    </ei-ms-peak>
    <ei-ms-peak>
      <ei-ms-id>694</ei-ms-id>
      <id>77064</id>
      <intensity>2641.0</intensity>
      <mass-charge>187.0</mass-charge>
    </ei-ms-peak>
    <ei-ms-peak>
      <ei-ms-id>694</ei-ms-id>
      <id>77065</id>
      <intensity>1103.0</intensity>
      <mass-charge>188.0</mass-charge>
    </ei-ms-peak>
    <ei-ms-peak>
      <ei-ms-id>694</ei-ms-id>
      <id>77066</id>
      <intensity>1572.0</intensity>
      <mass-charge>189.0</mass-charge>
    </ei-ms-peak>
    <ei-ms-peak>
      <ei-ms-id>694</ei-ms-id>
      <id>77067</id>
      <intensity>428.0</intensity>
      <mass-charge>190.0</mass-charge>
    </ei-ms-peak>
    <ei-ms-peak>
      <ei-ms-id>694</ei-ms-id>
      <id>77068</id>
      <intensity>41.0</intensity>
      <mass-charge>192.0</mass-charge>
    </ei-ms-peak>
    <ei-ms-peak>
      <ei-ms-id>694</ei-ms-id>
      <id>77069</id>
      <intensity>931.0</intensity>
      <mass-charge>216.0</mass-charge>
    </ei-ms-peak>
    <ei-ms-peak>
      <ei-ms-id>694</ei-ms-id>
      <id>77070</id>
      <intensity>38.0</intensity>
      <mass-charge>217.0</mass-charge>
    </ei-ms-peak>
    <ei-ms-peak>
      <ei-ms-id>694</ei-ms-id>
      <id>77071</id>
      <intensity>583.0</intensity>
      <mass-charge>218.0</mass-charge>
    </ei-ms-peak>
    <ei-ms-peak>
      <ei-ms-id>694</ei-ms-id>
      <id>77072</id>
      <intensity>10.0</intensity>
      <mass-charge>220.0</mass-charge>
    </ei-ms-peak>
    <ei-ms-peak>
      <ei-ms-id>694</ei-ms-id>
      <id>77073</id>
      <intensity>486.0</intensity>
      <mass-charge>244.0</mass-charge>
    </ei-ms-peak>
    <ei-ms-peak>
      <ei-ms-id>694</ei-ms-id>
      <id>77074</id>
      <intensity>1162.0</intensity>
      <mass-charge>245.0</mass-charge>
    </ei-ms-peak>
    <ei-ms-peak>
      <ei-ms-id>694</ei-ms-id>
      <id>77075</id>
      <intensity>372.0</intensity>
      <mass-charge>247.0</mass-charge>
    </ei-ms-peak>
    <ei-ms-peak>
      <ei-ms-id>694</ei-ms-id>
      <id>77076</id>
      <intensity>79.0</intensity>
      <mass-charge>248.0</mass-charge>
    </ei-ms-peak>
    <ei-ms-peak>
      <ei-ms-id>694</ei-ms-id>
      <id>77077</id>
      <intensity>34.0</intensity>
      <mass-charge>249.0</mass-charge>
    </ei-ms-peak>
    <ei-ms-peak>
      <ei-ms-id>694</ei-ms-id>
      <id>77078</id>
      <intensity>397.0</intensity>
      <mass-charge>271.0</mass-charge>
    </ei-ms-peak>
    <ei-ms-peak>
      <ei-ms-id>694</ei-ms-id>
      <id>77079</id>
      <intensity>200.0</intensity>
      <mass-charge>273.0</mass-charge>
    </ei-ms-peak>
    <ei-ms-peak>
      <ei-ms-id>694</ei-ms-id>
      <id>77080</id>
      <intensity>4069.0</intensity>
      <mass-charge>314.0</mass-charge>
    </ei-ms-peak>
    <ei-ms-peak>
      <ei-ms-id>694</ei-ms-id>
      <id>77081</id>
      <intensity>328.0</intensity>
      <mass-charge>315.0</mass-charge>
    </ei-ms-peak>
    <ei-ms-peak>
      <ei-ms-id>694</ei-ms-id>
      <id>77082</id>
      <intensity>2317.0</intensity>
      <mass-charge>316.0</mass-charge>
    </ei-ms-peak>
    <ei-ms-peak>
      <ei-ms-id>694</ei-ms-id>
      <id>77083</id>
      <intensity>93.0</intensity>
      <mass-charge>318.0</mass-charge>
    </ei-ms-peak>
    <ei-ms-peak>
      <ei-ms-id>694</ei-ms-id>
      <id>77084</id>
      <intensity>179.0</intensity>
      <mass-charge>329.0</mass-charge>
    </ei-ms-peak>
    <ei-ms-peak>
      <ei-ms-id>694</ei-ms-id>
      <id>77085</id>
      <intensity>69.0</intensity>
      <mass-charge>331.0</mass-charge>
    </ei-ms-peak>
  </ei-ms-peaks>
</ei-ms>
