<?xml version="1.0" encoding="UTF-8"?>
<ei-ms>
  <collection-date nil="true"/>
  <created-at>2014-09-20T16:44:13Z</created-at>
  <database-id>HMDB38720</database-id>
  <id>1112</id>
  <inchi-key>RPWFJAMTCNSJKK-UHFFFAOYSA-N</inchi-key>
  <instrument-type nil="true"/>
  <molecule-id nil="true"/>
  <notes nil="true"/>
  <peak-counter>95</peak-counter>
  <sample-assessment nil="true"/>
  <sample-concentration nil="true"/>
  <sample-concentration-units nil="true"/>
  <sample-mass nil="true"/>
  <sample-mass-units nil="true"/>
  <sample-source nil="true"/>
  <solvent nil="true"/>
  <spectra-assessment nil="true"/>
  <updated-at>2014-09-20T16:44:13Z</updated-at>
  <references>
    <reference>
      <database>NIST</database>
      <database-id>1166-52-5</database-id>
      <id>15984</id>
      <pubmed-id nil="true"/>
      <ref-text>NIST Mass Spec Data Center, S.E. Stein, director, "Mass Spectra" in NIST Chemistry WebBook, NIST Standard Reference Database Number 69, Eds. P.J. Linstrom and W.G. Mallard, National Institute of Standards and Technology, Gaithersburg MD, 20899, http://webbook.nist.gov, (retrieved September 6, 2014).</ref-text>
      <spectra-id>1112</spectra-id>
      <spectra-type>EiMs</spectra-type>
    </reference>
  </references>
  <ei-ms-peaks>
    <ei-ms-peak>
      <ei-ms-id>1112</ei-ms-id>
      <id>119767</id>
      <intensity>40.0</intensity>
      <mass-charge>17.0</mass-charge>
    </ei-ms-peak>
    <ei-ms-peak>
      <ei-ms-id>1112</ei-ms-id>
      <id>119768</id>
      <intensity>239.0</intensity>
      <mass-charge>18.0</mass-charge>
    </ei-ms-peak>
    <ei-ms-peak>
      <ei-ms-id>1112</ei-ms-id>
      <id>119769</id>
      <intensity>139.0</intensity>
      <mass-charge>27.0</mass-charge>
    </ei-ms-peak>
    <ei-ms-peak>
      <ei-ms-id>1112</ei-ms-id>
      <id>119770</id>
      <intensity>129.0</intensity>
      <mass-charge>28.0</mass-charge>
    </ei-ms-peak>
    <ei-ms-peak>
      <ei-ms-id>1112</ei-ms-id>
      <id>119771</id>
      <intensity>409.0</intensity>
      <mass-charge>29.0</mass-charge>
    </ei-ms-peak>
    <ei-ms-peak>
      <ei-ms-id>1112</ei-ms-id>
      <id>119772</id>
      <intensity>20.0</intensity>
      <mass-charge>30.0</mass-charge>
    </ei-ms-peak>
    <ei-ms-peak>
      <ei-ms-id>1112</ei-ms-id>
      <id>119773</id>
      <intensity>50.0</intensity>
      <mass-charge>31.0</mass-charge>
    </ei-ms-peak>
    <ei-ms-peak>
      <ei-ms-id>1112</ei-ms-id>
      <id>119774</id>
      <intensity>20.0</intensity>
      <mass-charge>32.0</mass-charge>
    </ei-ms-peak>
    <ei-ms-peak>
      <ei-ms-id>1112</ei-ms-id>
      <id>119775</id>
      <intensity>10.0</intensity>
      <mass-charge>38.0</mass-charge>
    </ei-ms-peak>
    <ei-ms-peak>
      <ei-ms-id>1112</ei-ms-id>
      <id>119776</id>
      <intensity>179.0</intensity>
      <mass-charge>39.0</mass-charge>
    </ei-ms-peak>
    <ei-ms-peak>
      <ei-ms-id>1112</ei-ms-id>
      <id>119777</id>
      <intensity>60.0</intensity>
      <mass-charge>40.0</mass-charge>
    </ei-ms-peak>
    <ei-ms-peak>
      <ei-ms-id>1112</ei-ms-id>
      <id>119778</id>
      <intensity>1079.0</intensity>
      <mass-charge>41.0</mass-charge>
    </ei-ms-peak>
    <ei-ms-peak>
      <ei-ms-id>1112</ei-ms-id>
      <id>119779</id>
      <intensity>279.0</intensity>
      <mass-charge>42.0</mass-charge>
    </ei-ms-peak>
    <ei-ms-peak>
      <ei-ms-id>1112</ei-ms-id>
      <id>119780</id>
      <intensity>1179.0</intensity>
      <mass-charge>43.0</mass-charge>
    </ei-ms-peak>
    <ei-ms-peak>
      <ei-ms-id>1112</ei-ms-id>
      <id>119781</id>
      <intensity>70.0</intensity>
      <mass-charge>44.0</mass-charge>
    </ei-ms-peak>
    <ei-ms-peak>
      <ei-ms-id>1112</ei-ms-id>
      <id>119782</id>
      <intensity>20.0</intensity>
      <mass-charge>45.0</mass-charge>
    </ei-ms-peak>
    <ei-ms-peak>
      <ei-ms-id>1112</ei-ms-id>
      <id>119783</id>
      <intensity>30.0</intensity>
      <mass-charge>50.0</mass-charge>
    </ei-ms-peak>
    <ei-ms-peak>
      <ei-ms-id>1112</ei-ms-id>
      <id>119784</id>
      <intensity>90.0</intensity>
      <mass-charge>51.0</mass-charge>
    </ei-ms-peak>
    <ei-ms-peak>
      <ei-ms-id>1112</ei-ms-id>
      <id>119785</id>
      <intensity>20.0</intensity>
      <mass-charge>52.0</mass-charge>
    </ei-ms-peak>
    <ei-ms-peak>
      <ei-ms-id>1112</ei-ms-id>
      <id>119786</id>
      <intensity>90.0</intensity>
      <mass-charge>53.0</mass-charge>
    </ei-ms-peak>
    <ei-ms-peak>
      <ei-ms-id>1112</ei-ms-id>
      <id>119787</id>
      <intensity>129.0</intensity>
      <mass-charge>54.0</mass-charge>
    </ei-ms-peak>
    <ei-ms-peak>
      <ei-ms-id>1112</ei-ms-id>
      <id>119788</id>
      <intensity>1569.0</intensity>
      <mass-charge>55.0</mass-charge>
    </ei-ms-peak>
    <ei-ms-peak>
      <ei-ms-id>1112</ei-ms-id>
      <id>119789</id>
      <intensity>869.0</intensity>
      <mass-charge>56.0</mass-charge>
    </ei-ms-peak>
    <ei-ms-peak>
      <ei-ms-id>1112</ei-ms-id>
      <id>119790</id>
      <intensity>859.0</intensity>
      <mass-charge>57.0</mass-charge>
    </ei-ms-peak>
    <ei-ms-peak>
      <ei-ms-id>1112</ei-ms-id>
      <id>119791</id>
      <intensity>40.0</intensity>
      <mass-charge>58.0</mass-charge>
    </ei-ms-peak>
    <ei-ms-peak>
      <ei-ms-id>1112</ei-ms-id>
      <id>119792</id>
      <intensity>20.0</intensity>
      <mass-charge>65.0</mass-charge>
    </ei-ms-peak>
    <ei-ms-peak>
      <ei-ms-id>1112</ei-ms-id>
      <id>119793</id>
      <intensity>30.0</intensity>
      <mass-charge>66.0</mass-charge>
    </ei-ms-peak>
    <ei-ms-peak>
      <ei-ms-id>1112</ei-ms-id>
      <id>119794</id>
      <intensity>269.0</intensity>
      <mass-charge>67.0</mass-charge>
    </ei-ms-peak>
    <ei-ms-peak>
      <ei-ms-id>1112</ei-ms-id>
      <id>119795</id>
      <intensity>319.0</intensity>
      <mass-charge>68.0</mass-charge>
    </ei-ms-peak>
    <ei-ms-peak>
      <ei-ms-id>1112</ei-ms-id>
      <id>119796</id>
      <intensity>1219.0</intensity>
      <mass-charge>69.0</mass-charge>
    </ei-ms-peak>
    <ei-ms-peak>
      <ei-ms-id>1112</ei-ms-id>
      <id>119797</id>
      <intensity>759.0</intensity>
      <mass-charge>70.0</mass-charge>
    </ei-ms-peak>
    <ei-ms-peak>
      <ei-ms-id>1112</ei-ms-id>
      <id>119798</id>
      <intensity>309.0</intensity>
      <mass-charge>71.0</mass-charge>
    </ei-ms-peak>
    <ei-ms-peak>
      <ei-ms-id>1112</ei-ms-id>
      <id>119799</id>
      <intensity>20.0</intensity>
      <mass-charge>72.0</mass-charge>
    </ei-ms-peak>
    <ei-ms-peak>
      <ei-ms-id>1112</ei-ms-id>
      <id>119800</id>
      <intensity>10.0</intensity>
      <mass-charge>73.0</mass-charge>
    </ei-ms-peak>
    <ei-ms-peak>
      <ei-ms-id>1112</ei-ms-id>
      <id>119801</id>
      <intensity>10.0</intensity>
      <mass-charge>76.0</mass-charge>
    </ei-ms-peak>
    <ei-ms-peak>
      <ei-ms-id>1112</ei-ms-id>
      <id>119802</id>
      <intensity>30.0</intensity>
      <mass-charge>77.0</mass-charge>
    </ei-ms-peak>
    <ei-ms-peak>
      <ei-ms-id>1112</ei-ms-id>
      <id>119803</id>
      <intensity>50.0</intensity>
      <mass-charge>78.0</mass-charge>
    </ei-ms-peak>
    <ei-ms-peak>
      <ei-ms-id>1112</ei-ms-id>
      <id>119804</id>
      <intensity>189.0</intensity>
      <mass-charge>79.0</mass-charge>
    </ei-ms-peak>
    <ei-ms-peak>
      <ei-ms-id>1112</ei-ms-id>
      <id>119805</id>
      <intensity>30.0</intensity>
      <mass-charge>80.0</mass-charge>
    </ei-ms-peak>
    <ei-ms-peak>
      <ei-ms-id>1112</ei-ms-id>
      <id>119806</id>
      <intensity>129.0</intensity>
      <mass-charge>81.0</mass-charge>
    </ei-ms-peak>
    <ei-ms-peak>
      <ei-ms-id>1112</ei-ms-id>
      <id>119807</id>
      <intensity>329.0</intensity>
      <mass-charge>82.0</mass-charge>
    </ei-ms-peak>
    <ei-ms-peak>
      <ei-ms-id>1112</ei-ms-id>
      <id>119808</id>
      <intensity>789.0</intensity>
      <mass-charge>83.0</mass-charge>
    </ei-ms-peak>
    <ei-ms-peak>
      <ei-ms-id>1112</ei-ms-id>
      <id>119809</id>
      <intensity>399.0</intensity>
      <mass-charge>84.0</mass-charge>
    </ei-ms-peak>
    <ei-ms-peak>
      <ei-ms-id>1112</ei-ms-id>
      <id>119810</id>
      <intensity>159.0</intensity>
      <mass-charge>85.0</mass-charge>
    </ei-ms-peak>
    <ei-ms-peak>
      <ei-ms-id>1112</ei-ms-id>
      <id>119811</id>
      <intensity>10.0</intensity>
      <mass-charge>86.0</mass-charge>
    </ei-ms-peak>
    <ei-ms-peak>
      <ei-ms-id>1112</ei-ms-id>
      <id>119812</id>
      <intensity>10.0</intensity>
      <mass-charge>91.0</mass-charge>
    </ei-ms-peak>
    <ei-ms-peak>
      <ei-ms-id>1112</ei-ms-id>
      <id>119813</id>
      <intensity>10.0</intensity>
      <mass-charge>93.0</mass-charge>
    </ei-ms-peak>
    <ei-ms-peak>
      <ei-ms-id>1112</ei-ms-id>
      <id>119814</id>
      <intensity>10.0</intensity>
      <mass-charge>94.0</mass-charge>
    </ei-ms-peak>
    <ei-ms-peak>
      <ei-ms-id>1112</ei-ms-id>
      <id>119815</id>
      <intensity>70.0</intensity>
      <mass-charge>95.0</mass-charge>
    </ei-ms-peak>
    <ei-ms-peak>
      <ei-ms-id>1112</ei-ms-id>
      <id>119816</id>
      <intensity>149.0</intensity>
      <mass-charge>96.0</mass-charge>
    </ei-ms-peak>
    <ei-ms-peak>
      <ei-ms-id>1112</ei-ms-id>
      <id>119817</id>
      <intensity>539.0</intensity>
      <mass-charge>97.0</mass-charge>
    </ei-ms-peak>
    <ei-ms-peak>
      <ei-ms-id>1112</ei-ms-id>
      <id>119818</id>
      <intensity>189.0</intensity>
      <mass-charge>98.0</mass-charge>
    </ei-ms-peak>
    <ei-ms-peak>
      <ei-ms-id>1112</ei-ms-id>
      <id>119819</id>
      <intensity>40.0</intensity>
      <mass-charge>99.0</mass-charge>
    </ei-ms-peak>
    <ei-ms-peak>
      <ei-ms-id>1112</ei-ms-id>
      <id>119820</id>
      <intensity>10.0</intensity>
      <mass-charge>105.0</mass-charge>
    </ei-ms-peak>
    <ei-ms-peak>
      <ei-ms-id>1112</ei-ms-id>
      <id>119821</id>
      <intensity>10.0</intensity>
      <mass-charge>106.0</mass-charge>
    </ei-ms-peak>
    <ei-ms-peak>
      <ei-ms-id>1112</ei-ms-id>
      <id>119822</id>
      <intensity>90.0</intensity>
      <mass-charge>107.0</mass-charge>
    </ei-ms-peak>
    <ei-ms-peak>
      <ei-ms-id>1112</ei-ms-id>
      <id>119823</id>
      <intensity>30.0</intensity>
      <mass-charge>108.0</mass-charge>
    </ei-ms-peak>
    <ei-ms-peak>
      <ei-ms-id>1112</ei-ms-id>
      <id>119824</id>
      <intensity>109.0</intensity>
      <mass-charge>109.0</mass-charge>
    </ei-ms-peak>
    <ei-ms-peak>
      <ei-ms-id>1112</ei-ms-id>
      <id>119825</id>
      <intensity>50.0</intensity>
      <mass-charge>110.0</mass-charge>
    </ei-ms-peak>
    <ei-ms-peak>
      <ei-ms-id>1112</ei-ms-id>
      <id>119826</id>
      <intensity>249.0</intensity>
      <mass-charge>111.0</mass-charge>
    </ei-ms-peak>
    <ei-ms-peak>
      <ei-ms-id>1112</ei-ms-id>
      <id>119827</id>
      <intensity>99.0</intensity>
      <mass-charge>112.0</mass-charge>
    </ei-ms-peak>
    <ei-ms-peak>
      <ei-ms-id>1112</ei-ms-id>
      <id>119828</id>
      <intensity>50.0</intensity>
      <mass-charge>113.0</mass-charge>
    </ei-ms-peak>
    <ei-ms-peak>
      <ei-ms-id>1112</ei-ms-id>
      <id>119829</id>
      <intensity>10.0</intensity>
      <mass-charge>121.0</mass-charge>
    </ei-ms-peak>
    <ei-ms-peak>
      <ei-ms-id>1112</ei-ms-id>
      <id>119830</id>
      <intensity>20.0</intensity>
      <mass-charge>123.0</mass-charge>
    </ei-ms-peak>
    <ei-ms-peak>
      <ei-ms-id>1112</ei-ms-id>
      <id>119831</id>
      <intensity>119.0</intensity>
      <mass-charge>124.0</mass-charge>
    </ei-ms-peak>
    <ei-ms-peak>
      <ei-ms-id>1112</ei-ms-id>
      <id>119832</id>
      <intensity>519.0</intensity>
      <mass-charge>125.0</mass-charge>
    </ei-ms-peak>
    <ei-ms-peak>
      <ei-ms-id>1112</ei-ms-id>
      <id>119833</id>
      <intensity>139.0</intensity>
      <mass-charge>126.0</mass-charge>
    </ei-ms-peak>
    <ei-ms-peak>
      <ei-ms-id>1112</ei-ms-id>
      <id>119834</id>
      <intensity>289.0</intensity>
      <mass-charge>127.0</mass-charge>
    </ei-ms-peak>
    <ei-ms-peak>
      <ei-ms-id>1112</ei-ms-id>
      <id>119835</id>
      <intensity>20.0</intensity>
      <mass-charge>128.0</mass-charge>
    </ei-ms-peak>
    <ei-ms-peak>
      <ei-ms-id>1112</ei-ms-id>
      <id>119836</id>
      <intensity>30.0</intensity>
      <mass-charge>135.0</mass-charge>
    </ei-ms-peak>
    <ei-ms-peak>
      <ei-ms-id>1112</ei-ms-id>
      <id>119837</id>
      <intensity>10.0</intensity>
      <mass-charge>137.0</mass-charge>
    </ei-ms-peak>
    <ei-ms-peak>
      <ei-ms-id>1112</ei-ms-id>
      <id>119838</id>
      <intensity>10.0</intensity>
      <mass-charge>138.0</mass-charge>
    </ei-ms-peak>
    <ei-ms-peak>
      <ei-ms-id>1112</ei-ms-id>
      <id>119839</id>
      <intensity>30.0</intensity>
      <mass-charge>139.0</mass-charge>
    </ei-ms-peak>
    <ei-ms-peak>
      <ei-ms-id>1112</ei-ms-id>
      <id>119840</id>
      <intensity>70.0</intensity>
      <mass-charge>140.0</mass-charge>
    </ei-ms-peak>
    <ei-ms-peak>
      <ei-ms-id>1112</ei-ms-id>
      <id>119841</id>
      <intensity>40.0</intensity>
      <mass-charge>141.0</mass-charge>
    </ei-ms-peak>
    <ei-ms-peak>
      <ei-ms-id>1112</ei-ms-id>
      <id>119842</id>
      <intensity>10.0</intensity>
      <mass-charge>142.0</mass-charge>
    </ei-ms-peak>
    <ei-ms-peak>
      <ei-ms-id>1112</ei-ms-id>
      <id>119843</id>
      <intensity>20.0</intensity>
      <mass-charge>149.0</mass-charge>
    </ei-ms-peak>
    <ei-ms-peak>
      <ei-ms-id>1112</ei-ms-id>
      <id>119844</id>
      <intensity>99.0</intensity>
      <mass-charge>152.0</mass-charge>
    </ei-ms-peak>
    <ei-ms-peak>
      <ei-ms-id>1112</ei-ms-id>
      <id>119845</id>
      <intensity>2239.0</intensity>
      <mass-charge>153.0</mass-charge>
    </ei-ms-peak>
    <ei-ms-peak>
      <ei-ms-id>1112</ei-ms-id>
      <id>119846</id>
      <intensity>289.0</intensity>
      <mass-charge>154.0</mass-charge>
    </ei-ms-peak>
    <ei-ms-peak>
      <ei-ms-id>1112</ei-ms-id>
      <id>119847</id>
      <intensity>40.0</intensity>
      <mass-charge>155.0</mass-charge>
    </ei-ms-peak>
    <ei-ms-peak>
      <ei-ms-id>1112</ei-ms-id>
      <id>119848</id>
      <intensity>10.0</intensity>
      <mass-charge>166.0</mass-charge>
    </ei-ms-peak>
    <ei-ms-peak>
      <ei-ms-id>1112</ei-ms-id>
      <id>119849</id>
      <intensity>10.0</intensity>
      <mass-charge>167.0</mass-charge>
    </ei-ms-peak>
    <ei-ms-peak>
      <ei-ms-id>1112</ei-ms-id>
      <id>119850</id>
      <intensity>50.0</intensity>
      <mass-charge>168.0</mass-charge>
    </ei-ms-peak>
    <ei-ms-peak>
      <ei-ms-id>1112</ei-ms-id>
      <id>119851</id>
      <intensity>50.0</intensity>
      <mass-charge>169.0</mass-charge>
    </ei-ms-peak>
    <ei-ms-peak>
      <ei-ms-id>1112</ei-ms-id>
      <id>119852</id>
      <intensity>9999.0</intensity>
      <mass-charge>170.0</mass-charge>
    </ei-ms-peak>
    <ei-ms-peak>
      <ei-ms-id>1112</ei-ms-id>
      <id>119853</id>
      <intensity>1749.0</intensity>
      <mass-charge>171.0</mass-charge>
    </ei-ms-peak>
    <ei-ms-peak>
      <ei-ms-id>1112</ei-ms-id>
      <id>119854</id>
      <intensity>219.0</intensity>
      <mass-charge>172.0</mass-charge>
    </ei-ms-peak>
    <ei-ms-peak>
      <ei-ms-id>1112</ei-ms-id>
      <id>119855</id>
      <intensity>20.0</intensity>
      <mass-charge>173.0</mass-charge>
    </ei-ms-peak>
    <ei-ms-peak>
      <ei-ms-id>1112</ei-ms-id>
      <id>119856</id>
      <intensity>60.0</intensity>
      <mass-charge>183.0</mass-charge>
    </ei-ms-peak>
    <ei-ms-peak>
      <ei-ms-id>1112</ei-ms-id>
      <id>119857</id>
      <intensity>10.0</intensity>
      <mass-charge>226.0</mass-charge>
    </ei-ms-peak>
    <ei-ms-peak>
      <ei-ms-id>1112</ei-ms-id>
      <id>119858</id>
      <intensity>10.0</intensity>
      <mass-charge>290.0</mass-charge>
    </ei-ms-peak>
    <ei-ms-peak>
      <ei-ms-id>1112</ei-ms-id>
      <id>119859</id>
      <intensity>849.0</intensity>
      <mass-charge>338.0</mass-charge>
    </ei-ms-peak>
    <ei-ms-peak>
      <ei-ms-id>1112</ei-ms-id>
      <id>119860</id>
      <intensity>199.0</intensity>
      <mass-charge>339.0</mass-charge>
    </ei-ms-peak>
    <ei-ms-peak>
      <ei-ms-id>1112</ei-ms-id>
      <id>119861</id>
      <intensity>30.0</intensity>
      <mass-charge>340.0</mass-charge>
    </ei-ms-peak>
  </ei-ms-peaks>
</ei-ms>
