<?xml version="1.0" encoding="UTF-8"?>
<ei-ms>
  <collection-date nil="true"/>
  <created-at>2014-09-20T16:24:27Z</created-at>
  <database-id>HMDB00990</database-id>
  <id>284</id>
  <inchi-key>IKHGUXGNUITLKF-UHFFFAOYSA-N</inchi-key>
  <instrument-type nil="true"/>
  <molecule-id nil="true"/>
  <notes nil="true"/>
  <peak-counter>23</peak-counter>
  <sample-assessment nil="true"/>
  <sample-concentration nil="true"/>
  <sample-concentration-units nil="true"/>
  <sample-mass nil="true"/>
  <sample-mass-units nil="true"/>
  <sample-source nil="true"/>
  <solvent nil="true"/>
  <spectra-assessment nil="true"/>
  <updated-at>2014-09-20T16:24:27Z</updated-at>
  <references>
    <reference>
      <database>NIST</database>
      <database-id>75-07-0</database-id>
      <id>15156</id>
      <pubmed-id nil="true"/>
      <ref-text>NIST Mass Spec Data Center, S.E. Stein, director, "Mass Spectra" in NIST Chemistry WebBook, NIST Standard Reference Database Number 69, Eds. P.J. Linstrom and W.G. Mallard, National Institute of Standards and Technology, Gaithersburg MD, 20899, http://webbook.nist.gov, (retrieved September 6, 2014).</ref-text>
      <spectra-id>284</spectra-id>
      <spectra-type>EiMs</spectra-type>
    </reference>
  </references>
  <ei-ms-peaks>
    <ei-ms-peak>
      <ei-ms-id>284</ei-ms-id>
      <id>32339</id>
      <intensity>90.0</intensity>
      <mass-charge>12.0</mass-charge>
    </ei-ms-peak>
    <ei-ms-peak>
      <ei-ms-id>284</ei-ms-id>
      <id>32340</id>
      <intensity>299.0</intensity>
      <mass-charge>13.0</mass-charge>
    </ei-ms-peak>
    <ei-ms-peak>
      <ei-ms-id>284</ei-ms-id>
      <id>32341</id>
      <intensity>1089.0</intensity>
      <mass-charge>14.0</mass-charge>
    </ei-ms-peak>
    <ei-ms-peak>
      <ei-ms-id>284</ei-ms-id>
      <id>32342</id>
      <intensity>3649.0</intensity>
      <mass-charge>15.0</mass-charge>
    </ei-ms-peak>
    <ei-ms-peak>
      <ei-ms-id>284</ei-ms-id>
      <id>32343</id>
      <intensity>569.0</intensity>
      <mass-charge>16.0</mass-charge>
    </ei-ms-peak>
    <ei-ms-peak>
      <ei-ms-id>284</ei-ms-id>
      <id>32344</id>
      <intensity>30.0</intensity>
      <mass-charge>17.0</mass-charge>
    </ei-ms-peak>
    <ei-ms-peak>
      <ei-ms-id>284</ei-ms-id>
      <id>32345</id>
      <intensity>109.0</intensity>
      <mass-charge>18.0</mass-charge>
    </ei-ms-peak>
    <ei-ms-peak>
      <ei-ms-id>284</ei-ms-id>
      <id>32346</id>
      <intensity>10.0</intensity>
      <mass-charge>19.0</mass-charge>
    </ei-ms-peak>
    <ei-ms-peak>
      <ei-ms-id>284</ei-ms-id>
      <id>32347</id>
      <intensity>10.0</intensity>
      <mass-charge>21.0</mass-charge>
    </ei-ms-peak>
    <ei-ms-peak>
      <ei-ms-id>284</ei-ms-id>
      <id>32348</id>
      <intensity>70.0</intensity>
      <mass-charge>24.0</mass-charge>
    </ei-ms-peak>
    <ei-ms-peak>
      <ei-ms-id>284</ei-ms-id>
      <id>32349</id>
      <intensity>239.0</intensity>
      <mass-charge>25.0</mass-charge>
    </ei-ms-peak>
    <ei-ms-peak>
      <ei-ms-id>284</ei-ms-id>
      <id>32350</id>
      <intensity>549.0</intensity>
      <mass-charge>26.0</mass-charge>
    </ei-ms-peak>
    <ei-ms-peak>
      <ei-ms-id>284</ei-ms-id>
      <id>32351</id>
      <intensity>359.0</intensity>
      <mass-charge>27.0</mass-charge>
    </ei-ms-peak>
    <ei-ms-peak>
      <ei-ms-id>284</ei-ms-id>
      <id>32352</id>
      <intensity>329.0</intensity>
      <mass-charge>28.0</mass-charge>
    </ei-ms-peak>
    <ei-ms-peak>
      <ei-ms-id>284</ei-ms-id>
      <id>32353</id>
      <intensity>9999.0</intensity>
      <mass-charge>29.0</mass-charge>
    </ei-ms-peak>
    <ei-ms-peak>
      <ei-ms-id>284</ei-ms-id>
      <id>32354</id>
      <intensity>119.0</intensity>
      <mass-charge>30.0</mass-charge>
    </ei-ms-peak>
    <ei-ms-peak>
      <ei-ms-id>284</ei-ms-id>
      <id>32355</id>
      <intensity>30.0</intensity>
      <mass-charge>31.0</mass-charge>
    </ei-ms-peak>
    <ei-ms-peak>
      <ei-ms-id>284</ei-ms-id>
      <id>32356</id>
      <intensity>109.0</intensity>
      <mass-charge>40.0</mass-charge>
    </ei-ms-peak>
    <ei-ms-peak>
      <ei-ms-id>284</ei-ms-id>
      <id>32357</id>
      <intensity>509.0</intensity>
      <mass-charge>41.0</mass-charge>
    </ei-ms-peak>
    <ei-ms-peak>
      <ei-ms-id>284</ei-ms-id>
      <id>32358</id>
      <intensity>1279.0</intensity>
      <mass-charge>42.0</mass-charge>
    </ei-ms-peak>
    <ei-ms-peak>
      <ei-ms-id>284</ei-ms-id>
      <id>32359</id>
      <intensity>4749.0</intensity>
      <mass-charge>43.0</mass-charge>
    </ei-ms-peak>
    <ei-ms-peak>
      <ei-ms-id>284</ei-ms-id>
      <id>32360</id>
      <intensity>8259.0</intensity>
      <mass-charge>44.0</mass-charge>
    </ei-ms-peak>
    <ei-ms-peak>
      <ei-ms-id>284</ei-ms-id>
      <id>32361</id>
      <intensity>279.0</intensity>
      <mass-charge>45.0</mass-charge>
    </ei-ms-peak>
  </ei-ms-peaks>
</ei-ms>
