<?xml version="1.0" encoding="UTF-8"?>
<ei-ms>
  <collection-date nil="true"/>
  <created-at>2014-09-20T16:20:28Z</created-at>
  <database-id>HMDB01858</database-id>
  <id>129</id>
  <inchi-key>IWDCLRJOBJJRNH-UHFFFAOYSA-N</inchi-key>
  <instrument-type nil="true"/>
  <molecule-id nil="true"/>
  <notes nil="true"/>
  <peak-counter>60</peak-counter>
  <sample-assessment nil="true"/>
  <sample-concentration nil="true"/>
  <sample-concentration-units nil="true"/>
  <sample-mass nil="true"/>
  <sample-mass-units nil="true"/>
  <sample-source nil="true"/>
  <solvent nil="true"/>
  <spectra-assessment nil="true"/>
  <updated-at>2014-09-20T16:20:28Z</updated-at>
  <references>
    <reference>
      <database>NIST</database>
      <database-id>106-44-5</database-id>
      <id>15001</id>
      <pubmed-id nil="true"/>
      <ref-text>NIST Mass Spec Data Center, S.E. Stein, director, "Mass Spectra" in NIST Chemistry WebBook, NIST Standard Reference Database Number 69, Eds. P.J. Linstrom and W.G. Mallard, National Institute of Standards and Technology, Gaithersburg MD, 20899, http://webbook.nist.gov, (retrieved September 6, 2014).</ref-text>
      <spectra-id>129</spectra-id>
      <spectra-type>EiMs</spectra-type>
    </reference>
  </references>
  <ei-ms-peaks>
    <ei-ms-peak>
      <ei-ms-id>129</ei-ms-id>
      <id>14988</id>
      <intensity>14.0</intensity>
      <mass-charge>25.0</mass-charge>
    </ei-ms-peak>
    <ei-ms-peak>
      <ei-ms-id>129</ei-ms-id>
      <id>14989</id>
      <intensity>104.0</intensity>
      <mass-charge>26.0</mass-charge>
    </ei-ms-peak>
    <ei-ms-peak>
      <ei-ms-id>129</ei-ms-id>
      <id>14990</id>
      <intensity>476.0</intensity>
      <mass-charge>27.0</mass-charge>
    </ei-ms-peak>
    <ei-ms-peak>
      <ei-ms-id>129</ei-ms-id>
      <id>14991</id>
      <intensity>56.0</intensity>
      <mass-charge>29.0</mass-charge>
    </ei-ms-peak>
    <ei-ms-peak>
      <ei-ms-id>129</ei-ms-id>
      <id>14992</id>
      <intensity>19.0</intensity>
      <mass-charge>31.0</mass-charge>
    </ei-ms-peak>
    <ei-ms-peak>
      <ei-ms-id>129</ei-ms-id>
      <id>14993</id>
      <intensity>11.0</intensity>
      <mass-charge>36.0</mass-charge>
    </ei-ms-peak>
    <ei-ms-peak>
      <ei-ms-id>129</ei-ms-id>
      <id>14994</id>
      <intensity>100.0</intensity>
      <mass-charge>37.0</mass-charge>
    </ei-ms-peak>
    <ei-ms-peak>
      <ei-ms-id>129</ei-ms-id>
      <id>14995</id>
      <intensity>191.0</intensity>
      <mass-charge>38.0</mass-charge>
    </ei-ms-peak>
    <ei-ms-peak>
      <ei-ms-id>129</ei-ms-id>
      <id>14996</id>
      <intensity>710.0</intensity>
      <mass-charge>39.0</mass-charge>
    </ei-ms-peak>
    <ei-ms-peak>
      <ei-ms-id>129</ei-ms-id>
      <id>14997</id>
      <intensity>100.0</intensity>
      <mass-charge>40.0</mass-charge>
    </ei-ms-peak>
    <ei-ms-peak>
      <ei-ms-id>129</ei-ms-id>
      <id>14998</id>
      <intensity>49.0</intensity>
      <mass-charge>41.0</mass-charge>
    </ei-ms-peak>
    <ei-ms-peak>
      <ei-ms-id>129</ei-ms-id>
      <id>14999</id>
      <intensity>38.0</intensity>
      <mass-charge>42.0</mass-charge>
    </ei-ms-peak>
    <ei-ms-peak>
      <ei-ms-id>129</ei-ms-id>
      <id>15000</id>
      <intensity>84.0</intensity>
      <mass-charge>43.0</mass-charge>
    </ei-ms-peak>
    <ei-ms-peak>
      <ei-ms-id>129</ei-ms-id>
      <id>15001</id>
      <intensity>18.0</intensity>
      <mass-charge>44.0</mass-charge>
    </ei-ms-peak>
    <ei-ms-peak>
      <ei-ms-id>129</ei-ms-id>
      <id>15002</id>
      <intensity>17.0</intensity>
      <mass-charge>45.0</mass-charge>
    </ei-ms-peak>
    <ei-ms-peak>
      <ei-ms-id>129</ei-ms-id>
      <id>15003</id>
      <intensity>9.0</intensity>
      <mass-charge>48.0</mass-charge>
    </ei-ms-peak>
    <ei-ms-peak>
      <ei-ms-id>129</ei-ms-id>
      <id>15004</id>
      <intensity>83.0</intensity>
      <mass-charge>49.0</mass-charge>
    </ei-ms-peak>
    <ei-ms-peak>
      <ei-ms-id>129</ei-ms-id>
      <id>15005</id>
      <intensity>454.0</intensity>
      <mass-charge>50.0</mass-charge>
    </ei-ms-peak>
    <ei-ms-peak>
      <ei-ms-id>129</ei-ms-id>
      <id>15006</id>
      <intensity>779.0</intensity>
      <mass-charge>51.0</mass-charge>
    </ei-ms-peak>
    <ei-ms-peak>
      <ei-ms-id>129</ei-ms-id>
      <id>15007</id>
      <intensity>371.0</intensity>
      <mass-charge>52.0</mass-charge>
    </ei-ms-peak>
    <ei-ms-peak>
      <ei-ms-id>129</ei-ms-id>
      <id>15008</id>
      <intensity>820.0</intensity>
      <mass-charge>53.0</mass-charge>
    </ei-ms-peak>
    <ei-ms-peak>
      <ei-ms-id>129</ei-ms-id>
      <id>15009</id>
      <intensity>347.0</intensity>
      <mass-charge>54.0</mass-charge>
    </ei-ms-peak>
    <ei-ms-peak>
      <ei-ms-id>129</ei-ms-id>
      <id>15010</id>
      <intensity>205.0</intensity>
      <mass-charge>55.0</mass-charge>
    </ei-ms-peak>
    <ei-ms-peak>
      <ei-ms-id>129</ei-ms-id>
      <id>15011</id>
      <intensity>10.0</intensity>
      <mass-charge>56.0</mass-charge>
    </ei-ms-peak>
    <ei-ms-peak>
      <ei-ms-id>129</ei-ms-id>
      <id>15012</id>
      <intensity>5.0</intensity>
      <mass-charge>60.0</mass-charge>
    </ei-ms-peak>
    <ei-ms-peak>
      <ei-ms-id>129</ei-ms-id>
      <id>15013</id>
      <intensity>83.0</intensity>
      <mass-charge>61.0</mass-charge>
    </ei-ms-peak>
    <ei-ms-peak>
      <ei-ms-id>129</ei-ms-id>
      <id>15014</id>
      <intensity>153.0</intensity>
      <mass-charge>62.0</mass-charge>
    </ei-ms-peak>
    <ei-ms-peak>
      <ei-ms-id>129</ei-ms-id>
      <id>15015</id>
      <intensity>309.0</intensity>
      <mass-charge>63.0</mass-charge>
    </ei-ms-peak>
    <ei-ms-peak>
      <ei-ms-id>129</ei-ms-id>
      <id>15016</id>
      <intensity>76.0</intensity>
      <mass-charge>64.0</mass-charge>
    </ei-ms-peak>
    <ei-ms-peak>
      <ei-ms-id>129</ei-ms-id>
      <id>15017</id>
      <intensity>191.0</intensity>
      <mass-charge>65.0</mass-charge>
    </ei-ms-peak>
    <ei-ms-peak>
      <ei-ms-id>129</ei-ms-id>
      <id>15018</id>
      <intensity>97.0</intensity>
      <mass-charge>66.0</mass-charge>
    </ei-ms-peak>
    <ei-ms-peak>
      <ei-ms-id>129</ei-ms-id>
      <id>15019</id>
      <intensity>40.0</intensity>
      <mass-charge>67.0</mass-charge>
    </ei-ms-peak>
    <ei-ms-peak>
      <ei-ms-id>129</ei-ms-id>
      <id>15020</id>
      <intensity>43.0</intensity>
      <mass-charge>68.0</mass-charge>
    </ei-ms-peak>
    <ei-ms-peak>
      <ei-ms-id>129</ei-ms-id>
      <id>15021</id>
      <intensity>15.0</intensity>
      <mass-charge>69.0</mass-charge>
    </ei-ms-peak>
    <ei-ms-peak>
      <ei-ms-id>129</ei-ms-id>
      <id>15022</id>
      <intensity>34.0</intensity>
      <mass-charge>73.0</mass-charge>
    </ei-ms-peak>
    <ei-ms-peak>
      <ei-ms-id>129</ei-ms-id>
      <id>15023</id>
      <intensity>90.0</intensity>
      <mass-charge>74.0</mass-charge>
    </ei-ms-peak>
    <ei-ms-peak>
      <ei-ms-id>129</ei-ms-id>
      <id>15024</id>
      <intensity>45.0</intensity>
      <mass-charge>75.0</mass-charge>
    </ei-ms-peak>
    <ei-ms-peak>
      <ei-ms-id>129</ei-ms-id>
      <id>15025</id>
      <intensity>30.0</intensity>
      <mass-charge>76.0</mass-charge>
    </ei-ms-peak>
    <ei-ms-peak>
      <ei-ms-id>129</ei-ms-id>
      <id>15026</id>
      <intensity>2107.0</intensity>
      <mass-charge>77.0</mass-charge>
    </ei-ms-peak>
    <ei-ms-peak>
      <ei-ms-id>129</ei-ms-id>
      <id>15027</id>
      <intensity>447.0</intensity>
      <mass-charge>78.0</mass-charge>
    </ei-ms-peak>
    <ei-ms-peak>
      <ei-ms-id>129</ei-ms-id>
      <id>15028</id>
      <intensity>1789.0</intensity>
      <mass-charge>79.0</mass-charge>
    </ei-ms-peak>
    <ei-ms-peak>
      <ei-ms-id>129</ei-ms-id>
      <id>15029</id>
      <intensity>825.0</intensity>
      <mass-charge>80.0</mass-charge>
    </ei-ms-peak>
    <ei-ms-peak>
      <ei-ms-id>129</ei-ms-id>
      <id>15030</id>
      <intensity>158.0</intensity>
      <mass-charge>81.0</mass-charge>
    </ei-ms-peak>
    <ei-ms-peak>
      <ei-ms-id>129</ei-ms-id>
      <id>15031</id>
      <intensity>30.0</intensity>
      <mass-charge>82.0</mass-charge>
    </ei-ms-peak>
    <ei-ms-peak>
      <ei-ms-id>129</ei-ms-id>
      <id>15032</id>
      <intensity>8.0</intensity>
      <mass-charge>84.0</mass-charge>
    </ei-ms-peak>
    <ei-ms-peak>
      <ei-ms-id>129</ei-ms-id>
      <id>15033</id>
      <intensity>21.0</intensity>
      <mass-charge>85.0</mass-charge>
    </ei-ms-peak>
    <ei-ms-peak>
      <ei-ms-id>129</ei-ms-id>
      <id>15034</id>
      <intensity>30.0</intensity>
      <mass-charge>86.0</mass-charge>
    </ei-ms-peak>
    <ei-ms-peak>
      <ei-ms-id>129</ei-ms-id>
      <id>15035</id>
      <intensity>22.0</intensity>
      <mass-charge>87.0</mass-charge>
    </ei-ms-peak>
    <ei-ms-peak>
      <ei-ms-id>129</ei-ms-id>
      <id>15036</id>
      <intensity>222.0</intensity>
      <mass-charge>89.0</mass-charge>
    </ei-ms-peak>
    <ei-ms-peak>
      <ei-ms-id>129</ei-ms-id>
      <id>15037</id>
      <intensity>855.0</intensity>
      <mass-charge>90.0</mass-charge>
    </ei-ms-peak>
    <ei-ms-peak>
      <ei-ms-id>129</ei-ms-id>
      <id>15038</id>
      <intensity>412.0</intensity>
      <mass-charge>91.0</mass-charge>
    </ei-ms-peak>
    <ei-ms-peak>
      <ei-ms-id>129</ei-ms-id>
      <id>15039</id>
      <intensity>38.0</intensity>
      <mass-charge>92.0</mass-charge>
    </ei-ms-peak>
    <ei-ms-peak>
      <ei-ms-id>129</ei-ms-id>
      <id>15040</id>
      <intensity>19.0</intensity>
      <mass-charge>93.0</mass-charge>
    </ei-ms-peak>
    <ei-ms-peak>
      <ei-ms-id>129</ei-ms-id>
      <id>15041</id>
      <intensity>7.0</intensity>
      <mass-charge>94.0</mass-charge>
    </ei-ms-peak>
    <ei-ms-peak>
      <ei-ms-id>129</ei-ms-id>
      <id>15042</id>
      <intensity>85.0</intensity>
      <mass-charge>105.0</mass-charge>
    </ei-ms-peak>
    <ei-ms-peak>
      <ei-ms-id>129</ei-ms-id>
      <id>15043</id>
      <intensity>55.0</intensity>
      <mass-charge>106.0</mass-charge>
    </ei-ms-peak>
    <ei-ms-peak>
      <ei-ms-id>129</ei-ms-id>
      <id>15044</id>
      <intensity>9999.0</intensity>
      <mass-charge>107.0</mass-charge>
    </ei-ms-peak>
    <ei-ms-peak>
      <ei-ms-id>129</ei-ms-id>
      <id>15045</id>
      <intensity>8844.0</intensity>
      <mass-charge>108.0</mass-charge>
    </ei-ms-peak>
    <ei-ms-peak>
      <ei-ms-id>129</ei-ms-id>
      <id>15046</id>
      <intensity>694.0</intensity>
      <mass-charge>109.0</mass-charge>
    </ei-ms-peak>
    <ei-ms-peak>
      <ei-ms-id>129</ei-ms-id>
      <id>15047</id>
      <intensity>40.0</intensity>
      <mass-charge>110.0</mass-charge>
    </ei-ms-peak>
  </ei-ms-peaks>
</ei-ms>
