<?xml version="1.0" encoding="UTF-8"?>
<ei-ms>
  <collection-date nil="true"/>
  <created-at>2014-09-20T16:24:44Z</created-at>
  <database-id>HMDB36994</database-id>
  <id>295</id>
  <inchi-key>MOYAFQVGZZPNRA-UHFFFAOYSA-N</inchi-key>
  <instrument-type nil="true"/>
  <molecule-id nil="true"/>
  <notes nil="true"/>
  <peak-counter>59</peak-counter>
  <sample-assessment nil="true"/>
  <sample-concentration nil="true"/>
  <sample-concentration-units nil="true"/>
  <sample-mass nil="true"/>
  <sample-mass-units nil="true"/>
  <sample-source nil="true"/>
  <solvent nil="true"/>
  <spectra-assessment nil="true"/>
  <updated-at>2014-09-20T16:24:44Z</updated-at>
  <references>
    <reference>
      <database>NIST</database>
      <database-id>586-62-9</database-id>
      <id>15167</id>
      <pubmed-id nil="true"/>
      <ref-text>NIST Mass Spec Data Center, S.E. Stein, director, "Mass Spectra" in NIST Chemistry WebBook, NIST Standard Reference Database Number 69, Eds. P.J. Linstrom and W.G. Mallard, National Institute of Standards and Technology, Gaithersburg MD, 20899, http://webbook.nist.gov, (retrieved September 6, 2014).</ref-text>
      <spectra-id>295</spectra-id>
      <spectra-type>EiMs</spectra-type>
    </reference>
  </references>
  <ei-ms-peaks>
    <ei-ms-peak>
      <ei-ms-id>295</ei-ms-id>
      <id>33460</id>
      <intensity>151.0</intensity>
      <mass-charge>15.0</mass-charge>
    </ei-ms-peak>
    <ei-ms-peak>
      <ei-ms-id>295</ei-ms-id>
      <id>33461</id>
      <intensity>120.0</intensity>
      <mass-charge>26.0</mass-charge>
    </ei-ms-peak>
    <ei-ms-peak>
      <ei-ms-id>295</ei-ms-id>
      <id>33462</id>
      <intensity>1027.0</intensity>
      <mass-charge>27.0</mass-charge>
    </ei-ms-peak>
    <ei-ms-peak>
      <ei-ms-id>295</ei-ms-id>
      <id>33463</id>
      <intensity>315.0</intensity>
      <mass-charge>28.0</mass-charge>
    </ei-ms-peak>
    <ei-ms-peak>
      <ei-ms-id>295</ei-ms-id>
      <id>33464</id>
      <intensity>525.0</intensity>
      <mass-charge>29.0</mass-charge>
    </ei-ms-peak>
    <ei-ms-peak>
      <ei-ms-id>295</ei-ms-id>
      <id>33465</id>
      <intensity>19.0</intensity>
      <mass-charge>32.0</mass-charge>
    </ei-ms-peak>
    <ei-ms-peak>
      <ei-ms-id>295</ei-ms-id>
      <id>33466</id>
      <intensity>254.0</intensity>
      <mass-charge>38.0</mass-charge>
    </ei-ms-peak>
    <ei-ms-peak>
      <ei-ms-id>295</ei-ms-id>
      <id>33467</id>
      <intensity>2530.0</intensity>
      <mass-charge>39.0</mass-charge>
    </ei-ms-peak>
    <ei-ms-peak>
      <ei-ms-id>295</ei-ms-id>
      <id>33468</id>
      <intensity>554.0</intensity>
      <mass-charge>40.0</mass-charge>
    </ei-ms-peak>
    <ei-ms-peak>
      <ei-ms-id>295</ei-ms-id>
      <id>33469</id>
      <intensity>2403.0</intensity>
      <mass-charge>41.0</mass-charge>
    </ei-ms-peak>
    <ei-ms-peak>
      <ei-ms-id>295</ei-ms-id>
      <id>33470</id>
      <intensity>250.0</intensity>
      <mass-charge>42.0</mass-charge>
    </ei-ms-peak>
    <ei-ms-peak>
      <ei-ms-id>295</ei-ms-id>
      <id>33471</id>
      <intensity>1102.0</intensity>
      <mass-charge>43.0</mass-charge>
    </ei-ms-peak>
    <ei-ms-peak>
      <ei-ms-id>295</ei-ms-id>
      <id>33472</id>
      <intensity>388.0</intensity>
      <mass-charge>50.0</mass-charge>
    </ei-ms-peak>
    <ei-ms-peak>
      <ei-ms-id>295</ei-ms-id>
      <id>33473</id>
      <intensity>1347.0</intensity>
      <mass-charge>51.0</mass-charge>
    </ei-ms-peak>
    <ei-ms-peak>
      <ei-ms-id>295</ei-ms-id>
      <id>33474</id>
      <intensity>553.0</intensity>
      <mass-charge>52.0</mass-charge>
    </ei-ms-peak>
    <ei-ms-peak>
      <ei-ms-id>295</ei-ms-id>
      <id>33475</id>
      <intensity>1590.0</intensity>
      <mass-charge>53.0</mass-charge>
    </ei-ms-peak>
    <ei-ms-peak>
      <ei-ms-id>295</ei-ms-id>
      <id>33476</id>
      <intensity>179.0</intensity>
      <mass-charge>54.0</mass-charge>
    </ei-ms-peak>
    <ei-ms-peak>
      <ei-ms-id>295</ei-ms-id>
      <id>33477</id>
      <intensity>928.0</intensity>
      <mass-charge>55.0</mass-charge>
    </ei-ms-peak>
    <ei-ms-peak>
      <ei-ms-id>295</ei-ms-id>
      <id>33478</id>
      <intensity>192.0</intensity>
      <mass-charge>58.0</mass-charge>
    </ei-ms-peak>
    <ei-ms-peak>
      <ei-ms-id>295</ei-ms-id>
      <id>33479</id>
      <intensity>209.0</intensity>
      <mass-charge>62.0</mass-charge>
    </ei-ms-peak>
    <ei-ms-peak>
      <ei-ms-id>295</ei-ms-id>
      <id>33480</id>
      <intensity>688.0</intensity>
      <mass-charge>63.0</mass-charge>
    </ei-ms-peak>
    <ei-ms-peak>
      <ei-ms-id>295</ei-ms-id>
      <id>33481</id>
      <intensity>229.0</intensity>
      <mass-charge>64.0</mass-charge>
    </ei-ms-peak>
    <ei-ms-peak>
      <ei-ms-id>295</ei-ms-id>
      <id>33482</id>
      <intensity>1573.0</intensity>
      <mass-charge>65.0</mass-charge>
    </ei-ms-peak>
    <ei-ms-peak>
      <ei-ms-id>295</ei-ms-id>
      <id>33483</id>
      <intensity>336.0</intensity>
      <mass-charge>66.0</mass-charge>
    </ei-ms-peak>
    <ei-ms-peak>
      <ei-ms-id>295</ei-ms-id>
      <id>33484</id>
      <intensity>1407.0</intensity>
      <mass-charge>67.0</mass-charge>
    </ei-ms-peak>
    <ei-ms-peak>
      <ei-ms-id>295</ei-ms-id>
      <id>33485</id>
      <intensity>312.0</intensity>
      <mass-charge>68.0</mass-charge>
    </ei-ms-peak>
    <ei-ms-peak>
      <ei-ms-id>295</ei-ms-id>
      <id>33486</id>
      <intensity>101.0</intensity>
      <mass-charge>69.0</mass-charge>
    </ei-ms-peak>
    <ei-ms-peak>
      <ei-ms-id>295</ei-ms-id>
      <id>33487</id>
      <intensity>111.0</intensity>
      <mass-charge>74.0</mass-charge>
    </ei-ms-peak>
    <ei-ms-peak>
      <ei-ms-id>295</ei-ms-id>
      <id>33488</id>
      <intensity>128.0</intensity>
      <mass-charge>75.0</mass-charge>
    </ei-ms-peak>
    <ei-ms-peak>
      <ei-ms-id>295</ei-ms-id>
      <id>33489</id>
      <intensity>4282.0</intensity>
      <mass-charge>77.0</mass-charge>
    </ei-ms-peak>
    <ei-ms-peak>
      <ei-ms-id>295</ei-ms-id>
      <id>33490</id>
      <intensity>889.0</intensity>
      <mass-charge>78.0</mass-charge>
    </ei-ms-peak>
    <ei-ms-peak>
      <ei-ms-id>295</ei-ms-id>
      <id>33491</id>
      <intensity>4570.0</intensity>
      <mass-charge>79.0</mass-charge>
    </ei-ms-peak>
    <ei-ms-peak>
      <ei-ms-id>295</ei-ms-id>
      <id>33492</id>
      <intensity>795.0</intensity>
      <mass-charge>80.0</mass-charge>
    </ei-ms-peak>
    <ei-ms-peak>
      <ei-ms-id>295</ei-ms-id>
      <id>33493</id>
      <intensity>365.0</intensity>
      <mass-charge>81.0</mass-charge>
    </ei-ms-peak>
    <ei-ms-peak>
      <ei-ms-id>295</ei-ms-id>
      <id>33494</id>
      <intensity>215.0</intensity>
      <mass-charge>89.0</mass-charge>
    </ei-ms-peak>
    <ei-ms-peak>
      <ei-ms-id>295</ei-ms-id>
      <id>33495</id>
      <intensity>6173.0</intensity>
      <mass-charge>91.0</mass-charge>
    </ei-ms-peak>
    <ei-ms-peak>
      <ei-ms-id>295</ei-ms-id>
      <id>33496</id>
      <intensity>1531.0</intensity>
      <mass-charge>92.0</mass-charge>
    </ei-ms-peak>
    <ei-ms-peak>
      <ei-ms-id>295</ei-ms-id>
      <id>33497</id>
      <intensity>9999.0</intensity>
      <mass-charge>93.0</mass-charge>
    </ei-ms-peak>
    <ei-ms-peak>
      <ei-ms-id>295</ei-ms-id>
      <id>33498</id>
      <intensity>983.0</intensity>
      <mass-charge>94.0</mass-charge>
    </ei-ms-peak>
    <ei-ms-peak>
      <ei-ms-id>295</ei-ms-id>
      <id>33499</id>
      <intensity>158.0</intensity>
      <mass-charge>95.0</mass-charge>
    </ei-ms-peak>
    <ei-ms-peak>
      <ei-ms-id>295</ei-ms-id>
      <id>33500</id>
      <intensity>132.0</intensity>
      <mass-charge>102.0</mass-charge>
    </ei-ms-peak>
    <ei-ms-peak>
      <ei-ms-id>295</ei-ms-id>
      <id>33501</id>
      <intensity>502.0</intensity>
      <mass-charge>103.0</mass-charge>
    </ei-ms-peak>
    <ei-ms-peak>
      <ei-ms-id>295</ei-ms-id>
      <id>33502</id>
      <intensity>2606.0</intensity>
      <mass-charge>105.0</mass-charge>
    </ei-ms-peak>
    <ei-ms-peak>
      <ei-ms-id>295</ei-ms-id>
      <id>33503</id>
      <intensity>627.0</intensity>
      <mass-charge>106.0</mass-charge>
    </ei-ms-peak>
    <ei-ms-peak>
      <ei-ms-id>295</ei-ms-id>
      <id>33504</id>
      <intensity>1652.0</intensity>
      <mass-charge>107.0</mass-charge>
    </ei-ms-peak>
    <ei-ms-peak>
      <ei-ms-id>295</ei-ms-id>
      <id>33505</id>
      <intensity>491.0</intensity>
      <mass-charge>108.0</mass-charge>
    </ei-ms-peak>
    <ei-ms-peak>
      <ei-ms-id>295</ei-ms-id>
      <id>33506</id>
      <intensity>480.0</intensity>
      <mass-charge>115.0</mass-charge>
    </ei-ms-peak>
    <ei-ms-peak>
      <ei-ms-id>295</ei-ms-id>
      <id>33507</id>
      <intensity>121.0</intensity>
      <mass-charge>116.0</mass-charge>
    </ei-ms-peak>
    <ei-ms-peak>
      <ei-ms-id>295</ei-ms-id>
      <id>33508</id>
      <intensity>453.0</intensity>
      <mass-charge>117.0</mass-charge>
    </ei-ms-peak>
    <ei-ms-peak>
      <ei-ms-id>295</ei-ms-id>
      <id>33509</id>
      <intensity>121.0</intensity>
      <mass-charge>118.0</mass-charge>
    </ei-ms-peak>
    <ei-ms-peak>
      <ei-ms-id>295</ei-ms-id>
      <id>33510</id>
      <intensity>1494.0</intensity>
      <mass-charge>119.0</mass-charge>
    </ei-ms-peak>
    <ei-ms-peak>
      <ei-ms-id>295</ei-ms-id>
      <id>33511</id>
      <intensity>121.0</intensity>
      <mass-charge>120.0</mass-charge>
    </ei-ms-peak>
    <ei-ms-peak>
      <ei-ms-id>295</ei-ms-id>
      <id>33512</id>
      <intensity>7835.0</intensity>
      <mass-charge>121.0</mass-charge>
    </ei-ms-peak>
    <ei-ms-peak>
      <ei-ms-id>295</ei-ms-id>
      <id>33513</id>
      <intensity>740.0</intensity>
      <mass-charge>122.0</mass-charge>
    </ei-ms-peak>
    <ei-ms-peak>
      <ei-ms-id>295</ei-ms-id>
      <id>33514</id>
      <intensity>60.0</intensity>
      <mass-charge>123.0</mass-charge>
    </ei-ms-peak>
    <ei-ms-peak>
      <ei-ms-id>295</ei-ms-id>
      <id>33515</id>
      <intensity>162.0</intensity>
      <mass-charge>132.0</mass-charge>
    </ei-ms-peak>
    <ei-ms-peak>
      <ei-ms-id>295</ei-ms-id>
      <id>33516</id>
      <intensity>286.0</intensity>
      <mass-charge>134.0</mass-charge>
    </ei-ms-peak>
    <ei-ms-peak>
      <ei-ms-id>295</ei-ms-id>
      <id>33517</id>
      <intensity>6140.0</intensity>
      <mass-charge>136.0</mass-charge>
    </ei-ms-peak>
    <ei-ms-peak>
      <ei-ms-id>295</ei-ms-id>
      <id>33518</id>
      <intensity>693.0</intensity>
      <mass-charge>137.0</mass-charge>
    </ei-ms-peak>
  </ei-ms-peaks>
</ei-ms>
