<?xml version="1.0" encoding="UTF-8"?>
<ei-ms>
  <collection-date nil="true"/>
  <created-at>2014-09-20T16:27:29Z</created-at>
  <database-id>HMDB00292</database-id>
  <id>412</id>
  <inchi-key>LRFVTYWOQMYALW-UHFFFAOYSA-N</inchi-key>
  <instrument-type nil="true"/>
  <molecule-id nil="true"/>
  <notes nil="true"/>
  <peak-counter>43</peak-counter>
  <sample-assessment nil="true"/>
  <sample-concentration nil="true"/>
  <sample-concentration-units nil="true"/>
  <sample-mass nil="true"/>
  <sample-mass-units nil="true"/>
  <sample-source nil="true"/>
  <solvent nil="true"/>
  <spectra-assessment nil="true"/>
  <updated-at>2014-09-20T16:27:29Z</updated-at>
  <references>
    <reference>
      <database>NIST</database>
      <database-id>69-89-6</database-id>
      <id>15284</id>
      <pubmed-id nil="true"/>
      <ref-text>NIST Mass Spec Data Center, S.E. Stein, director, "Mass Spectra" in NIST Chemistry WebBook, NIST Standard Reference Database Number 69, Eds. P.J. Linstrom and W.G. Mallard, National Institute of Standards and Technology, Gaithersburg MD, 20899, http://webbook.nist.gov, (retrieved September 6, 2014).</ref-text>
      <spectra-id>412</spectra-id>
      <spectra-type>EiMs</spectra-type>
    </reference>
  </references>
  <ei-ms-peaks>
    <ei-ms-peak>
      <ei-ms-id>412</ei-ms-id>
      <id>46013</id>
      <intensity>321.0</intensity>
      <mass-charge>38.0</mass-charge>
    </ei-ms-peak>
    <ei-ms-peak>
      <ei-ms-id>412</ei-ms-id>
      <id>46014</id>
      <intensity>255.0</intensity>
      <mass-charge>39.0</mass-charge>
    </ei-ms-peak>
    <ei-ms-peak>
      <ei-ms-id>412</ei-ms-id>
      <id>46015</id>
      <intensity>173.0</intensity>
      <mass-charge>40.0</mass-charge>
    </ei-ms-peak>
    <ei-ms-peak>
      <ei-ms-id>412</ei-ms-id>
      <id>46016</id>
      <intensity>135.0</intensity>
      <mass-charge>41.0</mass-charge>
    </ei-ms-peak>
    <ei-ms-peak>
      <ei-ms-id>412</ei-ms-id>
      <id>46017</id>
      <intensity>207.0</intensity>
      <mass-charge>42.0</mass-charge>
    </ei-ms-peak>
    <ei-ms-peak>
      <ei-ms-id>412</ei-ms-id>
      <id>46018</id>
      <intensity>460.0</intensity>
      <mass-charge>43.0</mass-charge>
    </ei-ms-peak>
    <ei-ms-peak>
      <ei-ms-id>412</ei-ms-id>
      <id>46019</id>
      <intensity>429.0</intensity>
      <mass-charge>44.0</mass-charge>
    </ei-ms-peak>
    <ei-ms-peak>
      <ei-ms-id>412</ei-ms-id>
      <id>46020</id>
      <intensity>32.0</intensity>
      <mass-charge>45.0</mass-charge>
    </ei-ms-peak>
    <ei-ms-peak>
      <ei-ms-id>412</ei-ms-id>
      <id>46021</id>
      <intensity>26.0</intensity>
      <mass-charge>50.0</mass-charge>
    </ei-ms-peak>
    <ei-ms-peak>
      <ei-ms-id>412</ei-ms-id>
      <id>46022</id>
      <intensity>201.0</intensity>
      <mass-charge>52.0</mass-charge>
    </ei-ms-peak>
    <ei-ms-peak>
      <ei-ms-id>412</ei-ms-id>
      <id>46023</id>
      <intensity>1833.0</intensity>
      <mass-charge>53.0</mass-charge>
    </ei-ms-peak>
    <ei-ms-peak>
      <ei-ms-id>412</ei-ms-id>
      <id>46024</id>
      <intensity>8280.0</intensity>
      <mass-charge>54.0</mass-charge>
    </ei-ms-peak>
    <ei-ms-peak>
      <ei-ms-id>412</ei-ms-id>
      <id>46025</id>
      <intensity>387.0</intensity>
      <mass-charge>55.0</mass-charge>
    </ei-ms-peak>
    <ei-ms-peak>
      <ei-ms-id>412</ei-ms-id>
      <id>46026</id>
      <intensity>36.0</intensity>
      <mass-charge>56.0</mass-charge>
    </ei-ms-peak>
    <ei-ms-peak>
      <ei-ms-id>412</ei-ms-id>
      <id>46027</id>
      <intensity>33.0</intensity>
      <mass-charge>64.0</mass-charge>
    </ei-ms-peak>
    <ei-ms-peak>
      <ei-ms-id>412</ei-ms-id>
      <id>46028</id>
      <intensity>55.0</intensity>
      <mass-charge>65.0</mass-charge>
    </ei-ms-peak>
    <ei-ms-peak>
      <ei-ms-id>412</ei-ms-id>
      <id>46029</id>
      <intensity>47.0</intensity>
      <mass-charge>66.0</mass-charge>
    </ei-ms-peak>
    <ei-ms-peak>
      <ei-ms-id>412</ei-ms-id>
      <id>46030</id>
      <intensity>101.0</intensity>
      <mass-charge>67.0</mass-charge>
    </ei-ms-peak>
    <ei-ms-peak>
      <ei-ms-id>412</ei-ms-id>
      <id>46031</id>
      <intensity>65.0</intensity>
      <mass-charge>68.0</mass-charge>
    </ei-ms-peak>
    <ei-ms-peak>
      <ei-ms-id>412</ei-ms-id>
      <id>46032</id>
      <intensity>208.0</intensity>
      <mass-charge>69.0</mass-charge>
    </ei-ms-peak>
    <ei-ms-peak>
      <ei-ms-id>412</ei-ms-id>
      <id>46033</id>
      <intensity>608.0</intensity>
      <mass-charge>70.0</mass-charge>
    </ei-ms-peak>
    <ei-ms-peak>
      <ei-ms-id>412</ei-ms-id>
      <id>46034</id>
      <intensity>42.0</intensity>
      <mass-charge>71.0</mass-charge>
    </ei-ms-peak>
    <ei-ms-peak>
      <ei-ms-id>412</ei-ms-id>
      <id>46035</id>
      <intensity>24.0</intensity>
      <mass-charge>76.0</mass-charge>
    </ei-ms-peak>
    <ei-ms-peak>
      <ei-ms-id>412</ei-ms-id>
      <id>46036</id>
      <intensity>35.0</intensity>
      <mass-charge>79.0</mass-charge>
    </ei-ms-peak>
    <ei-ms-peak>
      <ei-ms-id>412</ei-ms-id>
      <id>46037</id>
      <intensity>280.0</intensity>
      <mass-charge>80.0</mass-charge>
    </ei-ms-peak>
    <ei-ms-peak>
      <ei-ms-id>412</ei-ms-id>
      <id>46038</id>
      <intensity>913.0</intensity>
      <mass-charge>81.0</mass-charge>
    </ei-ms-peak>
    <ei-ms-peak>
      <ei-ms-id>412</ei-ms-id>
      <id>46039</id>
      <intensity>481.0</intensity>
      <mass-charge>82.0</mass-charge>
    </ei-ms-peak>
    <ei-ms-peak>
      <ei-ms-id>412</ei-ms-id>
      <id>46040</id>
      <intensity>32.0</intensity>
      <mass-charge>83.0</mass-charge>
    </ei-ms-peak>
    <ei-ms-peak>
      <ei-ms-id>412</ei-ms-id>
      <id>46041</id>
      <intensity>84.0</intensity>
      <mass-charge>97.0</mass-charge>
    </ei-ms-peak>
    <ei-ms-peak>
      <ei-ms-id>412</ei-ms-id>
      <id>46042</id>
      <intensity>32.0</intensity>
      <mass-charge>107.0</mass-charge>
    </ei-ms-peak>
    <ei-ms-peak>
      <ei-ms-id>412</ei-ms-id>
      <id>46043</id>
      <intensity>106.0</intensity>
      <mass-charge>108.0</mass-charge>
    </ei-ms-peak>
    <ei-ms-peak>
      <ei-ms-id>412</ei-ms-id>
      <id>46044</id>
      <intensity>6865.0</intensity>
      <mass-charge>109.0</mass-charge>
    </ei-ms-peak>
    <ei-ms-peak>
      <ei-ms-id>412</ei-ms-id>
      <id>46045</id>
      <intensity>427.0</intensity>
      <mass-charge>110.0</mass-charge>
    </ei-ms-peak>
    <ei-ms-peak>
      <ei-ms-id>412</ei-ms-id>
      <id>46046</id>
      <intensity>33.0</intensity>
      <mass-charge>111.0</mass-charge>
    </ei-ms-peak>
    <ei-ms-peak>
      <ei-ms-id>412</ei-ms-id>
      <id>46047</id>
      <intensity>82.0</intensity>
      <mass-charge>112.0</mass-charge>
    </ei-ms-peak>
    <ei-ms-peak>
      <ei-ms-id>412</ei-ms-id>
      <id>46048</id>
      <intensity>55.0</intensity>
      <mass-charge>124.0</mass-charge>
    </ei-ms-peak>
    <ei-ms-peak>
      <ei-ms-id>412</ei-ms-id>
      <id>46049</id>
      <intensity>66.0</intensity>
      <mass-charge>134.0</mass-charge>
    </ei-ms-peak>
    <ei-ms-peak>
      <ei-ms-id>412</ei-ms-id>
      <id>46050</id>
      <intensity>48.0</intensity>
      <mass-charge>135.0</mass-charge>
    </ei-ms-peak>
    <ei-ms-peak>
      <ei-ms-id>412</ei-ms-id>
      <id>46051</id>
      <intensity>50.0</intensity>
      <mass-charge>136.0</mass-charge>
    </ei-ms-peak>
    <ei-ms-peak>
      <ei-ms-id>412</ei-ms-id>
      <id>46052</id>
      <intensity>322.0</intensity>
      <mass-charge>151.0</mass-charge>
    </ei-ms-peak>
    <ei-ms-peak>
      <ei-ms-id>412</ei-ms-id>
      <id>46053</id>
      <intensity>9999.0</intensity>
      <mass-charge>152.0</mass-charge>
    </ei-ms-peak>
    <ei-ms-peak>
      <ei-ms-id>412</ei-ms-id>
      <id>46054</id>
      <intensity>732.0</intensity>
      <mass-charge>153.0</mass-charge>
    </ei-ms-peak>
    <ei-ms-peak>
      <ei-ms-id>412</ei-ms-id>
      <id>46055</id>
      <intensity>59.0</intensity>
      <mass-charge>154.0</mass-charge>
    </ei-ms-peak>
  </ei-ms-peaks>
</ei-ms>
