<?xml version="1.0" encoding="UTF-8"?>
<ei-ms>
  <collection-date nil="true"/>
  <created-at>2014-09-20T16:19:45Z</created-at>
  <database-id>HMDB15346</database-id>
  <id>102</id>
  <inchi-key>CDCHDCWJMGXXRH-UHFFFAOYSA-N</inchi-key>
  <instrument-type nil="true"/>
  <molecule-id nil="true"/>
  <notes nil="true"/>
  <peak-counter>200</peak-counter>
  <sample-assessment nil="true"/>
  <sample-concentration nil="true"/>
  <sample-concentration-units nil="true"/>
  <sample-mass nil="true"/>
  <sample-mass-units nil="true"/>
  <sample-source nil="true"/>
  <solvent nil="true"/>
  <spectra-assessment nil="true"/>
  <updated-at>2014-09-20T16:19:45Z</updated-at>
  <references>
    <reference>
      <database>NIST</database>
      <database-id>29975-16-4</database-id>
      <id>14974</id>
      <pubmed-id nil="true"/>
      <ref-text>NIST Mass Spec Data Center, S.E. Stein, director, "Mass Spectra" in NIST Chemistry WebBook, NIST Standard Reference Database Number 69, Eds. P.J. Linstrom and W.G. Mallard, National Institute of Standards and Technology, Gaithersburg MD, 20899, http://webbook.nist.gov, (retrieved September 6, 2014).</ref-text>
      <spectra-id>102</spectra-id>
      <spectra-type>EiMs</spectra-type>
    </reference>
  </references>
  <ei-ms-peaks>
    <ei-ms-peak>
      <ei-ms-id>102</ei-ms-id>
      <id>11125</id>
      <intensity>10.0</intensity>
      <mass-charge>36.0</mass-charge>
    </ei-ms-peak>
    <ei-ms-peak>
      <ei-ms-id>102</ei-ms-id>
      <id>11126</id>
      <intensity>70.0</intensity>
      <mass-charge>37.0</mass-charge>
    </ei-ms-peak>
    <ei-ms-peak>
      <ei-ms-id>102</ei-ms-id>
      <id>11127</id>
      <intensity>270.0</intensity>
      <mass-charge>38.0</mass-charge>
    </ei-ms-peak>
    <ei-ms-peak>
      <ei-ms-id>102</ei-ms-id>
      <id>11128</id>
      <intensity>720.0</intensity>
      <mass-charge>39.0</mass-charge>
    </ei-ms-peak>
    <ei-ms-peak>
      <ei-ms-id>102</ei-ms-id>
      <id>11129</id>
      <intensity>340.0</intensity>
      <mass-charge>40.0</mass-charge>
    </ei-ms-peak>
    <ei-ms-peak>
      <ei-ms-id>102</ei-ms-id>
      <id>11130</id>
      <intensity>110.0</intensity>
      <mass-charge>41.0</mass-charge>
    </ei-ms-peak>
    <ei-ms-peak>
      <ei-ms-id>102</ei-ms-id>
      <id>11131</id>
      <intensity>20.0</intensity>
      <mass-charge>42.0</mass-charge>
    </ei-ms-peak>
    <ei-ms-peak>
      <ei-ms-id>102</ei-ms-id>
      <id>11132</id>
      <intensity>30.0</intensity>
      <mass-charge>43.0</mass-charge>
    </ei-ms-peak>
    <ei-ms-peak>
      <ei-ms-id>102</ei-ms-id>
      <id>11133</id>
      <intensity>50.0</intensity>
      <mass-charge>46.0</mass-charge>
    </ei-ms-peak>
    <ei-ms-peak>
      <ei-ms-id>102</ei-ms-id>
      <id>11134</id>
      <intensity>20.0</intensity>
      <mass-charge>47.0</mass-charge>
    </ei-ms-peak>
    <ei-ms-peak>
      <ei-ms-id>102</ei-ms-id>
      <id>11135</id>
      <intensity>20.0</intensity>
      <mass-charge>48.0</mass-charge>
    </ei-ms-peak>
    <ei-ms-peak>
      <ei-ms-id>102</ei-ms-id>
      <id>11136</id>
      <intensity>150.0</intensity>
      <mass-charge>49.0</mass-charge>
    </ei-ms-peak>
    <ei-ms-peak>
      <ei-ms-id>102</ei-ms-id>
      <id>11137</id>
      <intensity>1161.0</intensity>
      <mass-charge>50.0</mass-charge>
    </ei-ms-peak>
    <ei-ms-peak>
      <ei-ms-id>102</ei-ms-id>
      <id>11138</id>
      <intensity>2612.0</intensity>
      <mass-charge>51.0</mass-charge>
    </ei-ms-peak>
    <ei-ms-peak>
      <ei-ms-id>102</ei-ms-id>
      <id>11139</id>
      <intensity>730.0</intensity>
      <mass-charge>52.0</mass-charge>
    </ei-ms-peak>
    <ei-ms-peak>
      <ei-ms-id>102</ei-ms-id>
      <id>11140</id>
      <intensity>270.0</intensity>
      <mass-charge>53.0</mass-charge>
    </ei-ms-peak>
    <ei-ms-peak>
      <ei-ms-id>102</ei-ms-id>
      <id>11141</id>
      <intensity>40.0</intensity>
      <mass-charge>54.0</mass-charge>
    </ei-ms-peak>
    <ei-ms-peak>
      <ei-ms-id>102</ei-ms-id>
      <id>11142</id>
      <intensity>100.0</intensity>
      <mass-charge>55.0</mass-charge>
    </ei-ms-peak>
    <ei-ms-peak>
      <ei-ms-id>102</ei-ms-id>
      <id>11143</id>
      <intensity>10.0</intensity>
      <mass-charge>56.0</mass-charge>
    </ei-ms-peak>
    <ei-ms-peak>
      <ei-ms-id>102</ei-ms-id>
      <id>11144</id>
      <intensity>30.0</intensity>
      <mass-charge>57.0</mass-charge>
    </ei-ms-peak>
    <ei-ms-peak>
      <ei-ms-id>102</ei-ms-id>
      <id>11145</id>
      <intensity>30.0</intensity>
      <mass-charge>60.0</mass-charge>
    </ei-ms-peak>
    <ei-ms-peak>
      <ei-ms-id>102</ei-ms-id>
      <id>11146</id>
      <intensity>260.0</intensity>
      <mass-charge>61.0</mass-charge>
    </ei-ms-peak>
    <ei-ms-peak>
      <ei-ms-id>102</ei-ms-id>
      <id>11147</id>
      <intensity>790.0</intensity>
      <mass-charge>62.0</mass-charge>
    </ei-ms-peak>
    <ei-ms-peak>
      <ei-ms-id>102</ei-ms-id>
      <id>11148</id>
      <intensity>1281.0</intensity>
      <mass-charge>63.0</mass-charge>
    </ei-ms-peak>
    <ei-ms-peak>
      <ei-ms-id>102</ei-ms-id>
      <id>11149</id>
      <intensity>490.0</intensity>
      <mass-charge>64.0</mass-charge>
    </ei-ms-peak>
    <ei-ms-peak>
      <ei-ms-id>102</ei-ms-id>
      <id>11150</id>
      <intensity>450.0</intensity>
      <mass-charge>65.0</mass-charge>
    </ei-ms-peak>
    <ei-ms-peak>
      <ei-ms-id>102</ei-ms-id>
      <id>11151</id>
      <intensity>70.0</intensity>
      <mass-charge>66.0</mass-charge>
    </ei-ms-peak>
    <ei-ms-peak>
      <ei-ms-id>102</ei-ms-id>
      <id>11152</id>
      <intensity>90.0</intensity>
      <mass-charge>67.0</mass-charge>
    </ei-ms-peak>
    <ei-ms-peak>
      <ei-ms-id>102</ei-ms-id>
      <id>11153</id>
      <intensity>140.0</intensity>
      <mass-charge>68.0</mass-charge>
    </ei-ms-peak>
    <ei-ms-peak>
      <ei-ms-id>102</ei-ms-id>
      <id>11154</id>
      <intensity>50.0</intensity>
      <mass-charge>69.0</mass-charge>
    </ei-ms-peak>
    <ei-ms-peak>
      <ei-ms-id>102</ei-ms-id>
      <id>11155</id>
      <intensity>50.0</intensity>
      <mass-charge>70.0</mass-charge>
    </ei-ms-peak>
    <ei-ms-peak>
      <ei-ms-id>102</ei-ms-id>
      <id>11156</id>
      <intensity>20.0</intensity>
      <mass-charge>71.0</mass-charge>
    </ei-ms-peak>
    <ei-ms-peak>
      <ei-ms-id>102</ei-ms-id>
      <id>11157</id>
      <intensity>70.0</intensity>
      <mass-charge>72.0</mass-charge>
    </ei-ms-peak>
    <ei-ms-peak>
      <ei-ms-id>102</ei-ms-id>
      <id>11158</id>
      <intensity>460.0</intensity>
      <mass-charge>73.0</mass-charge>
    </ei-ms-peak>
    <ei-ms-peak>
      <ei-ms-id>102</ei-ms-id>
      <id>11159</id>
      <intensity>1030.0</intensity>
      <mass-charge>74.0</mass-charge>
    </ei-ms-peak>
    <ei-ms-peak>
      <ei-ms-id>102</ei-ms-id>
      <id>11160</id>
      <intensity>2842.0</intensity>
      <mass-charge>75.0</mass-charge>
    </ei-ms-peak>
    <ei-ms-peak>
      <ei-ms-id>102</ei-ms-id>
      <id>11161</id>
      <intensity>1801.0</intensity>
      <mass-charge>76.0</mass-charge>
    </ei-ms-peak>
    <ei-ms-peak>
      <ei-ms-id>102</ei-ms-id>
      <id>11162</id>
      <intensity>4434.0</intensity>
      <mass-charge>77.0</mass-charge>
    </ei-ms-peak>
    <ei-ms-peak>
      <ei-ms-id>102</ei-ms-id>
      <id>11163</id>
      <intensity>610.0</intensity>
      <mass-charge>78.0</mass-charge>
    </ei-ms-peak>
    <ei-ms-peak>
      <ei-ms-id>102</ei-ms-id>
      <id>11164</id>
      <intensity>30.0</intensity>
      <mass-charge>79.0</mass-charge>
    </ei-ms-peak>
    <ei-ms-peak>
      <ei-ms-id>102</ei-ms-id>
      <id>11165</id>
      <intensity>60.0</intensity>
      <mass-charge>80.0</mass-charge>
    </ei-ms-peak>
    <ei-ms-peak>
      <ei-ms-id>102</ei-ms-id>
      <id>11166</id>
      <intensity>410.0</intensity>
      <mass-charge>81.0</mass-charge>
    </ei-ms-peak>
    <ei-ms-peak>
      <ei-ms-id>102</ei-ms-id>
      <id>11167</id>
      <intensity>150.0</intensity>
      <mass-charge>82.0</mass-charge>
    </ei-ms-peak>
    <ei-ms-peak>
      <ei-ms-id>102</ei-ms-id>
      <id>11168</id>
      <intensity>30.0</intensity>
      <mass-charge>83.0</mass-charge>
    </ei-ms-peak>
    <ei-ms-peak>
      <ei-ms-id>102</ei-ms-id>
      <id>11169</id>
      <intensity>140.0</intensity>
      <mass-charge>84.0</mass-charge>
    </ei-ms-peak>
    <ei-ms-peak>
      <ei-ms-id>102</ei-ms-id>
      <id>11170</id>
      <intensity>240.0</intensity>
      <mass-charge>85.0</mass-charge>
    </ei-ms-peak>
    <ei-ms-peak>
      <ei-ms-id>102</ei-ms-id>
      <id>11171</id>
      <intensity>440.0</intensity>
      <mass-charge>86.0</mass-charge>
    </ei-ms-peak>
    <ei-ms-peak>
      <ei-ms-id>102</ei-ms-id>
      <id>11172</id>
      <intensity>700.0</intensity>
      <mass-charge>87.0</mass-charge>
    </ei-ms-peak>
    <ei-ms-peak>
      <ei-ms-id>102</ei-ms-id>
      <id>11173</id>
      <intensity>970.0</intensity>
      <mass-charge>88.0</mass-charge>
    </ei-ms-peak>
    <ei-ms-peak>
      <ei-ms-id>102</ei-ms-id>
      <id>11174</id>
      <intensity>1651.0</intensity>
      <mass-charge>89.0</mass-charge>
    </ei-ms-peak>
    <ei-ms-peak>
      <ei-ms-id>102</ei-ms-id>
      <id>11175</id>
      <intensity>310.0</intensity>
      <mass-charge>90.0</mass-charge>
    </ei-ms-peak>
    <ei-ms-peak>
      <ei-ms-id>102</ei-ms-id>
      <id>11176</id>
      <intensity>380.0</intensity>
      <mass-charge>91.0</mass-charge>
    </ei-ms-peak>
    <ei-ms-peak>
      <ei-ms-id>102</ei-ms-id>
      <id>11177</id>
      <intensity>150.0</intensity>
      <mass-charge>92.0</mass-charge>
    </ei-ms-peak>
    <ei-ms-peak>
      <ei-ms-id>102</ei-ms-id>
      <id>11178</id>
      <intensity>290.0</intensity>
      <mass-charge>93.0</mass-charge>
    </ei-ms-peak>
    <ei-ms-peak>
      <ei-ms-id>102</ei-ms-id>
      <id>11179</id>
      <intensity>120.0</intensity>
      <mass-charge>94.0</mass-charge>
    </ei-ms-peak>
    <ei-ms-peak>
      <ei-ms-id>102</ei-ms-id>
      <id>11180</id>
      <intensity>70.0</intensity>
      <mass-charge>95.0</mass-charge>
    </ei-ms-peak>
    <ei-ms-peak>
      <ei-ms-id>102</ei-ms-id>
      <id>11181</id>
      <intensity>170.0</intensity>
      <mass-charge>96.0</mass-charge>
    </ei-ms-peak>
    <ei-ms-peak>
      <ei-ms-id>102</ei-ms-id>
      <id>11182</id>
      <intensity>260.0</intensity>
      <mass-charge>97.0</mass-charge>
    </ei-ms-peak>
    <ei-ms-peak>
      <ei-ms-id>102</ei-ms-id>
      <id>11183</id>
      <intensity>490.0</intensity>
      <mass-charge>98.0</mass-charge>
    </ei-ms-peak>
    <ei-ms-peak>
      <ei-ms-id>102</ei-ms-id>
      <id>11184</id>
      <intensity>660.0</intensity>
      <mass-charge>99.0</mass-charge>
    </ei-ms-peak>
    <ei-ms-peak>
      <ei-ms-id>102</ei-ms-id>
      <id>11185</id>
      <intensity>1211.0</intensity>
      <mass-charge>100.0</mass-charge>
    </ei-ms-peak>
    <ei-ms-peak>
      <ei-ms-id>102</ei-ms-id>
      <id>11186</id>
      <intensity>1171.0</intensity>
      <mass-charge>101.0</mass-charge>
    </ei-ms-peak>
    <ei-ms-peak>
      <ei-ms-id>102</ei-ms-id>
      <id>11187</id>
      <intensity>2872.0</intensity>
      <mass-charge>102.0</mass-charge>
    </ei-ms-peak>
    <ei-ms-peak>
      <ei-ms-id>102</ei-ms-id>
      <id>11188</id>
      <intensity>760.0</intensity>
      <mass-charge>103.0</mass-charge>
    </ei-ms-peak>
    <ei-ms-peak>
      <ei-ms-id>102</ei-ms-id>
      <id>11189</id>
      <intensity>790.0</intensity>
      <mass-charge>104.0</mass-charge>
    </ei-ms-peak>
    <ei-ms-peak>
      <ei-ms-id>102</ei-ms-id>
      <id>11190</id>
      <intensity>140.0</intensity>
      <mass-charge>105.0</mass-charge>
    </ei-ms-peak>
    <ei-ms-peak>
      <ei-ms-id>102</ei-ms-id>
      <id>11191</id>
      <intensity>230.0</intensity>
      <mass-charge>106.0</mass-charge>
    </ei-ms-peak>
    <ei-ms-peak>
      <ei-ms-id>102</ei-ms-id>
      <id>11192</id>
      <intensity>130.0</intensity>
      <mass-charge>107.0</mass-charge>
    </ei-ms-peak>
    <ei-ms-peak>
      <ei-ms-id>102</ei-ms-id>
      <id>11193</id>
      <intensity>90.0</intensity>
      <mass-charge>108.0</mass-charge>
    </ei-ms-peak>
    <ei-ms-peak>
      <ei-ms-id>102</ei-ms-id>
      <id>11194</id>
      <intensity>220.0</intensity>
      <mass-charge>109.0</mass-charge>
    </ei-ms-peak>
    <ei-ms-peak>
      <ei-ms-id>102</ei-ms-id>
      <id>11195</id>
      <intensity>680.0</intensity>
      <mass-charge>110.0</mass-charge>
    </ei-ms-peak>
    <ei-ms-peak>
      <ei-ms-id>102</ei-ms-id>
      <id>11196</id>
      <intensity>760.0</intensity>
      <mass-charge>111.0</mass-charge>
    </ei-ms-peak>
    <ei-ms-peak>
      <ei-ms-id>102</ei-ms-id>
      <id>11197</id>
      <intensity>450.0</intensity>
      <mass-charge>112.0</mass-charge>
    </ei-ms-peak>
    <ei-ms-peak>
      <ei-ms-id>102</ei-ms-id>
      <id>11198</id>
      <intensity>530.0</intensity>
      <mass-charge>113.0</mass-charge>
    </ei-ms-peak>
    <ei-ms-peak>
      <ei-ms-id>102</ei-ms-id>
      <id>11199</id>
      <intensity>360.0</intensity>
      <mass-charge>114.0</mass-charge>
    </ei-ms-peak>
    <ei-ms-peak>
      <ei-ms-id>102</ei-ms-id>
      <id>11200</id>
      <intensity>540.0</intensity>
      <mass-charge>116.0</mass-charge>
    </ei-ms-peak>
    <ei-ms-peak>
      <ei-ms-id>102</ei-ms-id>
      <id>11201</id>
      <intensity>70.0</intensity>
      <mass-charge>117.0</mass-charge>
    </ei-ms-peak>
    <ei-ms-peak>
      <ei-ms-id>102</ei-ms-id>
      <id>11202</id>
      <intensity>30.0</intensity>
      <mass-charge>118.0</mass-charge>
    </ei-ms-peak>
    <ei-ms-peak>
      <ei-ms-id>102</ei-ms-id>
      <id>11203</id>
      <intensity>590.0</intensity>
      <mass-charge>120.0</mass-charge>
    </ei-ms-peak>
    <ei-ms-peak>
      <ei-ms-id>102</ei-ms-id>
      <id>11204</id>
      <intensity>190.0</intensity>
      <mass-charge>121.0</mass-charge>
    </ei-ms-peak>
    <ei-ms-peak>
      <ei-ms-id>102</ei-ms-id>
      <id>11205</id>
      <intensity>130.0</intensity>
      <mass-charge>122.0</mass-charge>
    </ei-ms-peak>
    <ei-ms-peak>
      <ei-ms-id>102</ei-ms-id>
      <id>11206</id>
      <intensity>260.0</intensity>
      <mass-charge>123.0</mass-charge>
    </ei-ms-peak>
    <ei-ms-peak>
      <ei-ms-id>102</ei-ms-id>
      <id>11207</id>
      <intensity>870.0</intensity>
      <mass-charge>124.0</mass-charge>
    </ei-ms-peak>
    <ei-ms-peak>
      <ei-ms-id>102</ei-ms-id>
      <id>11208</id>
      <intensity>360.0</intensity>
      <mass-charge>125.0</mass-charge>
    </ei-ms-peak>
    <ei-ms-peak>
      <ei-ms-id>102</ei-ms-id>
      <id>11209</id>
      <intensity>720.0</intensity>
      <mass-charge>126.0</mass-charge>
    </ei-ms-peak>
    <ei-ms-peak>
      <ei-ms-id>102</ei-ms-id>
      <id>11210</id>
      <intensity>520.0</intensity>
      <mass-charge>127.0</mass-charge>
    </ei-ms-peak>
    <ei-ms-peak>
      <ei-ms-id>102</ei-ms-id>
      <id>11211</id>
      <intensity>630.0</intensity>
      <mass-charge>128.0</mass-charge>
    </ei-ms-peak>
    <ei-ms-peak>
      <ei-ms-id>102</ei-ms-id>
      <id>11212</id>
      <intensity>1541.0</intensity>
      <mass-charge>129.0</mass-charge>
    </ei-ms-peak>
    <ei-ms-peak>
      <ei-ms-id>102</ei-ms-id>
      <id>11213</id>
      <intensity>10.0</intensity>
      <mass-charge>131.0</mass-charge>
    </ei-ms-peak>
    <ei-ms-peak>
      <ei-ms-id>102</ei-ms-id>
      <id>11214</id>
      <intensity>90.0</intensity>
      <mass-charge>132.0</mass-charge>
    </ei-ms-peak>
    <ei-ms-peak>
      <ei-ms-id>102</ei-ms-id>
      <id>11215</id>
      <intensity>70.0</intensity>
      <mass-charge>133.0</mass-charge>
    </ei-ms-peak>
    <ei-ms-peak>
      <ei-ms-id>102</ei-ms-id>
      <id>11216</id>
      <intensity>70.0</intensity>
      <mass-charge>134.0</mass-charge>
    </ei-ms-peak>
    <ei-ms-peak>
      <ei-ms-id>102</ei-ms-id>
      <id>11217</id>
      <intensity>100.0</intensity>
      <mass-charge>135.0</mass-charge>
    </ei-ms-peak>
    <ei-ms-peak>
      <ei-ms-id>102</ei-ms-id>
      <id>11218</id>
      <intensity>980.0</intensity>
      <mass-charge>136.0</mass-charge>
    </ei-ms-peak>
    <ei-ms-peak>
      <ei-ms-id>102</ei-ms-id>
      <id>11219</id>
      <intensity>3843.0</intensity>
      <mass-charge>137.0</mass-charge>
    </ei-ms-peak>
    <ei-ms-peak>
      <ei-ms-id>102</ei-ms-id>
      <id>11220</id>
      <intensity>970.0</intensity>
      <mass-charge>138.0</mass-charge>
    </ei-ms-peak>
    <ei-ms-peak>
      <ei-ms-id>102</ei-ms-id>
      <id>11221</id>
      <intensity>1391.0</intensity>
      <mass-charge>139.0</mass-charge>
    </ei-ms-peak>
    <ei-ms-peak>
      <ei-ms-id>102</ei-ms-id>
      <id>11222</id>
      <intensity>320.0</intensity>
      <mass-charge>140.0</mass-charge>
    </ei-ms-peak>
    <ei-ms-peak>
      <ei-ms-id>102</ei-ms-id>
      <id>11223</id>
      <intensity>60.0</intensity>
      <mass-charge>141.0</mass-charge>
    </ei-ms-peak>
    <ei-ms-peak>
      <ei-ms-id>102</ei-ms-id>
      <id>11224</id>
      <intensity>20.0</intensity>
      <mass-charge>142.0</mass-charge>
    </ei-ms-peak>
    <ei-ms-peak>
      <ei-ms-id>102</ei-ms-id>
      <id>11225</id>
      <intensity>10.0</intensity>
      <mass-charge>143.0</mass-charge>
    </ei-ms-peak>
    <ei-ms-peak>
      <ei-ms-id>102</ei-ms-id>
      <id>11226</id>
      <intensity>40.0</intensity>
      <mass-charge>146.0</mass-charge>
    </ei-ms-peak>
    <ei-ms-peak>
      <ei-ms-id>102</ei-ms-id>
      <id>11227</id>
      <intensity>110.0</intensity>
      <mass-charge>147.0</mass-charge>
    </ei-ms-peak>
    <ei-ms-peak>
      <ei-ms-id>102</ei-ms-id>
      <id>11228</id>
      <intensity>60.0</intensity>
      <mass-charge>148.0</mass-charge>
    </ei-ms-peak>
    <ei-ms-peak>
      <ei-ms-id>102</ei-ms-id>
      <id>11229</id>
      <intensity>300.0</intensity>
      <mass-charge>149.0</mass-charge>
    </ei-ms-peak>
    <ei-ms-peak>
      <ei-ms-id>102</ei-ms-id>
      <id>11230</id>
      <intensity>810.0</intensity>
      <mass-charge>150.0</mass-charge>
    </ei-ms-peak>
    <ei-ms-peak>
      <ei-ms-id>102</ei-ms-id>
      <id>11231</id>
      <intensity>920.0</intensity>
      <mass-charge>151.0</mass-charge>
    </ei-ms-peak>
    <ei-ms-peak>
      <ei-ms-id>102</ei-ms-id>
      <id>11232</id>
      <intensity>460.0</intensity>
      <mass-charge>152.0</mass-charge>
    </ei-ms-peak>
    <ei-ms-peak>
      <ei-ms-id>102</ei-ms-id>
      <id>11233</id>
      <intensity>150.0</intensity>
      <mass-charge>153.0</mass-charge>
    </ei-ms-peak>
    <ei-ms-peak>
      <ei-ms-id>102</ei-ms-id>
      <id>11234</id>
      <intensity>40.0</intensity>
      <mass-charge>154.0</mass-charge>
    </ei-ms-peak>
    <ei-ms-peak>
      <ei-ms-id>102</ei-ms-id>
      <id>11235</id>
      <intensity>10.0</intensity>
      <mass-charge>155.0</mass-charge>
    </ei-ms-peak>
    <ei-ms-peak>
      <ei-ms-id>102</ei-ms-id>
      <id>11236</id>
      <intensity>270.0</intensity>
      <mass-charge>156.0</mass-charge>
    </ei-ms-peak>
    <ei-ms-peak>
      <ei-ms-id>102</ei-ms-id>
      <id>11237</id>
      <intensity>10.0</intensity>
      <mass-charge>157.0</mass-charge>
    </ei-ms-peak>
    <ei-ms-peak>
      <ei-ms-id>102</ei-ms-id>
      <id>11238</id>
      <intensity>20.0</intensity>
      <mass-charge>160.0</mass-charge>
    </ei-ms-peak>
    <ei-ms-peak>
      <ei-ms-id>102</ei-ms-id>
      <id>11239</id>
      <intensity>190.0</intensity>
      <mass-charge>161.0</mass-charge>
    </ei-ms-peak>
    <ei-ms-peak>
      <ei-ms-id>102</ei-ms-id>
      <id>11240</id>
      <intensity>450.0</intensity>
      <mass-charge>162.0</mass-charge>
    </ei-ms-peak>
    <ei-ms-peak>
      <ei-ms-id>102</ei-ms-id>
      <id>11241</id>
      <intensity>2021.0</intensity>
      <mass-charge>163.0</mass-charge>
    </ei-ms-peak>
    <ei-ms-peak>
      <ei-ms-id>102</ei-ms-id>
      <id>11242</id>
      <intensity>940.0</intensity>
      <mass-charge>164.0</mass-charge>
    </ei-ms-peak>
    <ei-ms-peak>
      <ei-ms-id>102</ei-ms-id>
      <id>11243</id>
      <intensity>600.0</intensity>
      <mass-charge>165.0</mass-charge>
    </ei-ms-peak>
    <ei-ms-peak>
      <ei-ms-id>102</ei-ms-id>
      <id>11244</id>
      <intensity>180.0</intensity>
      <mass-charge>166.0</mass-charge>
    </ei-ms-peak>
    <ei-ms-peak>
      <ei-ms-id>102</ei-ms-id>
      <id>11245</id>
      <intensity>10.0</intensity>
      <mass-charge>167.0</mass-charge>
    </ei-ms-peak>
    <ei-ms-peak>
      <ei-ms-id>102</ei-ms-id>
      <id>11246</id>
      <intensity>10.0</intensity>
      <mass-charge>172.0</mass-charge>
    </ei-ms-peak>
    <ei-ms-peak>
      <ei-ms-id>102</ei-ms-id>
      <id>11247</id>
      <intensity>100.0</intensity>
      <mass-charge>173.0</mass-charge>
    </ei-ms-peak>
    <ei-ms-peak>
      <ei-ms-id>102</ei-ms-id>
      <id>11248</id>
      <intensity>160.0</intensity>
      <mass-charge>174.0</mass-charge>
    </ei-ms-peak>
    <ei-ms-peak>
      <ei-ms-id>102</ei-ms-id>
      <id>11249</id>
      <intensity>360.0</intensity>
      <mass-charge>175.0</mass-charge>
    </ei-ms-peak>
    <ei-ms-peak>
      <ei-ms-id>102</ei-ms-id>
      <id>11250</id>
      <intensity>1211.0</intensity>
      <mass-charge>176.0</mass-charge>
    </ei-ms-peak>
    <ei-ms-peak>
      <ei-ms-id>102</ei-ms-id>
      <id>11251</id>
      <intensity>1641.0</intensity>
      <mass-charge>177.0</mass-charge>
    </ei-ms-peak>
    <ei-ms-peak>
      <ei-ms-id>102</ei-ms-id>
      <id>11252</id>
      <intensity>550.0</intensity>
      <mass-charge>178.0</mass-charge>
    </ei-ms-peak>
    <ei-ms-peak>
      <ei-ms-id>102</ei-ms-id>
      <id>11253</id>
      <intensity>150.0</intensity>
      <mass-charge>179.0</mass-charge>
    </ei-ms-peak>
    <ei-ms-peak>
      <ei-ms-id>102</ei-ms-id>
      <id>11254</id>
      <intensity>10.0</intensity>
      <mass-charge>185.0</mass-charge>
    </ei-ms-peak>
    <ei-ms-peak>
      <ei-ms-id>102</ei-ms-id>
      <id>11255</id>
      <intensity>70.0</intensity>
      <mass-charge>186.0</mass-charge>
    </ei-ms-peak>
    <ei-ms-peak>
      <ei-ms-id>102</ei-ms-id>
      <id>11256</id>
      <intensity>90.0</intensity>
      <mass-charge>187.0</mass-charge>
    </ei-ms-peak>
    <ei-ms-peak>
      <ei-ms-id>102</ei-ms-id>
      <id>11257</id>
      <intensity>240.0</intensity>
      <mass-charge>188.0</mass-charge>
    </ei-ms-peak>
    <ei-ms-peak>
      <ei-ms-id>102</ei-ms-id>
      <id>11258</id>
      <intensity>340.0</intensity>
      <mass-charge>189.0</mass-charge>
    </ei-ms-peak>
    <ei-ms-peak>
      <ei-ms-id>102</ei-ms-id>
      <id>11259</id>
      <intensity>800.0</intensity>
      <mass-charge>190.0</mass-charge>
    </ei-ms-peak>
    <ei-ms-peak>
      <ei-ms-id>102</ei-ms-id>
      <id>11260</id>
      <intensity>430.0</intensity>
      <mass-charge>191.0</mass-charge>
    </ei-ms-peak>
    <ei-ms-peak>
      <ei-ms-id>102</ei-ms-id>
      <id>11261</id>
      <intensity>240.0</intensity>
      <mass-charge>192.0</mass-charge>
    </ei-ms-peak>
    <ei-ms-peak>
      <ei-ms-id>102</ei-ms-id>
      <id>11262</id>
      <intensity>60.0</intensity>
      <mass-charge>193.0</mass-charge>
    </ei-ms-peak>
    <ei-ms-peak>
      <ei-ms-id>102</ei-ms-id>
      <id>11263</id>
      <intensity>80.0</intensity>
      <mass-charge>198.0</mass-charge>
    </ei-ms-peak>
    <ei-ms-peak>
      <ei-ms-id>102</ei-ms-id>
      <id>11264</id>
      <intensity>310.0</intensity>
      <mass-charge>199.0</mass-charge>
    </ei-ms-peak>
    <ei-ms-peak>
      <ei-ms-id>102</ei-ms-id>
      <id>11265</id>
      <intensity>140.0</intensity>
      <mass-charge>200.0</mass-charge>
    </ei-ms-peak>
    <ei-ms-peak>
      <ei-ms-id>102</ei-ms-id>
      <id>11266</id>
      <intensity>350.0</intensity>
      <mass-charge>201.0</mass-charge>
    </ei-ms-peak>
    <ei-ms-peak>
      <ei-ms-id>102</ei-ms-id>
      <id>11267</id>
      <intensity>620.0</intensity>
      <mass-charge>202.0</mass-charge>
    </ei-ms-peak>
    <ei-ms-peak>
      <ei-ms-id>102</ei-ms-id>
      <id>11268</id>
      <intensity>1951.0</intensity>
      <mass-charge>203.0</mass-charge>
    </ei-ms-peak>
    <ei-ms-peak>
      <ei-ms-id>102</ei-ms-id>
      <id>11269</id>
      <intensity>2852.0</intensity>
      <mass-charge>204.0</mass-charge>
    </ei-ms-peak>
    <ei-ms-peak>
      <ei-ms-id>102</ei-ms-id>
      <id>11270</id>
      <intensity>7526.0</intensity>
      <mass-charge>205.0</mass-charge>
    </ei-ms-peak>
    <ei-ms-peak>
      <ei-ms-id>102</ei-ms-id>
      <id>11271</id>
      <intensity>1251.0</intensity>
      <mass-charge>206.0</mass-charge>
    </ei-ms-peak>
    <ei-ms-peak>
      <ei-ms-id>102</ei-ms-id>
      <id>11272</id>
      <intensity>100.0</intensity>
      <mass-charge>207.0</mass-charge>
    </ei-ms-peak>
    <ei-ms-peak>
      <ei-ms-id>102</ei-ms-id>
      <id>11273</id>
      <intensity>120.0</intensity>
      <mass-charge>211.0</mass-charge>
    </ei-ms-peak>
    <ei-ms-peak>
      <ei-ms-id>102</ei-ms-id>
      <id>11274</id>
      <intensity>150.0</intensity>
      <mass-charge>212.0</mass-charge>
    </ei-ms-peak>
    <ei-ms-peak>
      <ei-ms-id>102</ei-ms-id>
      <id>11275</id>
      <intensity>220.0</intensity>
      <mass-charge>213.0</mass-charge>
    </ei-ms-peak>
    <ei-ms-peak>
      <ei-ms-id>102</ei-ms-id>
      <id>11276</id>
      <intensity>150.0</intensity>
      <mass-charge>214.0</mass-charge>
    </ei-ms-peak>
    <ei-ms-peak>
      <ei-ms-id>102</ei-ms-id>
      <id>11277</id>
      <intensity>140.0</intensity>
      <mass-charge>215.0</mass-charge>
    </ei-ms-peak>
    <ei-ms-peak>
      <ei-ms-id>102</ei-ms-id>
      <id>11278</id>
      <intensity>90.0</intensity>
      <mass-charge>216.0</mass-charge>
    </ei-ms-peak>
    <ei-ms-peak>
      <ei-ms-id>102</ei-ms-id>
      <id>11279</id>
      <intensity>60.0</intensity>
      <mass-charge>217.0</mass-charge>
    </ei-ms-peak>
    <ei-ms-peak>
      <ei-ms-id>102</ei-ms-id>
      <id>11280</id>
      <intensity>20.0</intensity>
      <mass-charge>219.0</mass-charge>
    </ei-ms-peak>
    <ei-ms-peak>
      <ei-ms-id>102</ei-ms-id>
      <id>11281</id>
      <intensity>10.0</intensity>
      <mass-charge>223.0</mass-charge>
    </ei-ms-peak>
    <ei-ms-peak>
      <ei-ms-id>102</ei-ms-id>
      <id>11282</id>
      <intensity>170.0</intensity>
      <mass-charge>224.0</mass-charge>
    </ei-ms-peak>
    <ei-ms-peak>
      <ei-ms-id>102</ei-ms-id>
      <id>11283</id>
      <intensity>70.0</intensity>
      <mass-charge>225.0</mass-charge>
    </ei-ms-peak>
    <ei-ms-peak>
      <ei-ms-id>102</ei-ms-id>
      <id>11284</id>
      <intensity>120.0</intensity>
      <mass-charge>226.0</mass-charge>
    </ei-ms-peak>
    <ei-ms-peak>
      <ei-ms-id>102</ei-ms-id>
      <id>11285</id>
      <intensity>60.0</intensity>
      <mass-charge>227.0</mass-charge>
    </ei-ms-peak>
    <ei-ms-peak>
      <ei-ms-id>102</ei-ms-id>
      <id>11286</id>
      <intensity>80.0</intensity>
      <mass-charge>228.0</mass-charge>
    </ei-ms-peak>
    <ei-ms-peak>
      <ei-ms-id>102</ei-ms-id>
      <id>11287</id>
      <intensity>320.0</intensity>
      <mass-charge>229.0</mass-charge>
    </ei-ms-peak>
    <ei-ms-peak>
      <ei-ms-id>102</ei-ms-id>
      <id>11288</id>
      <intensity>410.0</intensity>
      <mass-charge>230.0</mass-charge>
    </ei-ms-peak>
    <ei-ms-peak>
      <ei-ms-id>102</ei-ms-id>
      <id>11289</id>
      <intensity>1851.0</intensity>
      <mass-charge>231.0</mass-charge>
    </ei-ms-peak>
    <ei-ms-peak>
      <ei-ms-id>102</ei-ms-id>
      <id>11290</id>
      <intensity>1371.0</intensity>
      <mass-charge>232.0</mass-charge>
    </ei-ms-peak>
    <ei-ms-peak>
      <ei-ms-id>102</ei-ms-id>
      <id>11291</id>
      <intensity>180.0</intensity>
      <mass-charge>233.0</mass-charge>
    </ei-ms-peak>
    <ei-ms-peak>
      <ei-ms-id>102</ei-ms-id>
      <id>11292</id>
      <intensity>20.0</intensity>
      <mass-charge>235.0</mass-charge>
    </ei-ms-peak>
    <ei-ms-peak>
      <ei-ms-id>102</ei-ms-id>
      <id>11293</id>
      <intensity>20.0</intensity>
      <mass-charge>236.0</mass-charge>
    </ei-ms-peak>
    <ei-ms-peak>
      <ei-ms-id>102</ei-ms-id>
      <id>11294</id>
      <intensity>140.0</intensity>
      <mass-charge>237.0</mass-charge>
    </ei-ms-peak>
    <ei-ms-peak>
      <ei-ms-id>102</ei-ms-id>
      <id>11295</id>
      <intensity>820.0</intensity>
      <mass-charge>238.0</mass-charge>
    </ei-ms-peak>
    <ei-ms-peak>
      <ei-ms-id>102</ei-ms-id>
      <id>11296</id>
      <intensity>5314.0</intensity>
      <mass-charge>239.0</mass-charge>
    </ei-ms-peak>
    <ei-ms-peak>
      <ei-ms-id>102</ei-ms-id>
      <id>11297</id>
      <intensity>1221.0</intensity>
      <mass-charge>240.0</mass-charge>
    </ei-ms-peak>
    <ei-ms-peak>
      <ei-ms-id>102</ei-ms-id>
      <id>11298</id>
      <intensity>1851.0</intensity>
      <mass-charge>241.0</mass-charge>
    </ei-ms-peak>
    <ei-ms-peak>
      <ei-ms-id>102</ei-ms-id>
      <id>11299</id>
      <intensity>310.0</intensity>
      <mass-charge>242.0</mass-charge>
    </ei-ms-peak>
    <ei-ms-peak>
      <ei-ms-id>102</ei-ms-id>
      <id>11300</id>
      <intensity>10.0</intensity>
      <mass-charge>243.0</mass-charge>
    </ei-ms-peak>
    <ei-ms-peak>
      <ei-ms-id>102</ei-ms-id>
      <id>11301</id>
      <intensity>20.0</intensity>
      <mass-charge>251.0</mass-charge>
    </ei-ms-peak>
    <ei-ms-peak>
      <ei-ms-id>102</ei-ms-id>
      <id>11302</id>
      <intensity>40.0</intensity>
      <mass-charge>252.0</mass-charge>
    </ei-ms-peak>
    <ei-ms-peak>
      <ei-ms-id>102</ei-ms-id>
      <id>11303</id>
      <intensity>50.0</intensity>
      <mass-charge>253.0</mass-charge>
    </ei-ms-peak>
    <ei-ms-peak>
      <ei-ms-id>102</ei-ms-id>
      <id>11304</id>
      <intensity>10.0</intensity>
      <mass-charge>254.0</mass-charge>
    </ei-ms-peak>
    <ei-ms-peak>
      <ei-ms-id>102</ei-ms-id>
      <id>11305</id>
      <intensity>10.0</intensity>
      <mass-charge>255.0</mass-charge>
    </ei-ms-peak>
    <ei-ms-peak>
      <ei-ms-id>102</ei-ms-id>
      <id>11306</id>
      <intensity>100.0</intensity>
      <mass-charge>257.0</mass-charge>
    </ei-ms-peak>
    <ei-ms-peak>
      <ei-ms-id>102</ei-ms-id>
      <id>11307</id>
      <intensity>430.0</intensity>
      <mass-charge>258.0</mass-charge>
    </ei-ms-peak>
    <ei-ms-peak>
      <ei-ms-id>102</ei-ms-id>
      <id>11308</id>
      <intensity>9999.0</intensity>
      <mass-charge>259.0</mass-charge>
    </ei-ms-peak>
    <ei-ms-peak>
      <ei-ms-id>102</ei-ms-id>
      <id>11309</id>
      <intensity>1921.0</intensity>
      <mass-charge>260.0</mass-charge>
    </ei-ms-peak>
    <ei-ms-peak>
      <ei-ms-id>102</ei-ms-id>
      <id>11310</id>
      <intensity>170.0</intensity>
      <mass-charge>261.0</mass-charge>
    </ei-ms-peak>
    <ei-ms-peak>
      <ei-ms-id>102</ei-ms-id>
      <id>11311</id>
      <intensity>10.0</intensity>
      <mass-charge>263.0</mass-charge>
    </ei-ms-peak>
    <ei-ms-peak>
      <ei-ms-id>102</ei-ms-id>
      <id>11312</id>
      <intensity>20.0</intensity>
      <mass-charge>264.0</mass-charge>
    </ei-ms-peak>
    <ei-ms-peak>
      <ei-ms-id>102</ei-ms-id>
      <id>11313</id>
      <intensity>2232.0</intensity>
      <mass-charge>265.0</mass-charge>
    </ei-ms-peak>
    <ei-ms-peak>
      <ei-ms-id>102</ei-ms-id>
      <id>11314</id>
      <intensity>720.0</intensity>
      <mass-charge>266.0</mass-charge>
    </ei-ms-peak>
    <ei-ms-peak>
      <ei-ms-id>102</ei-ms-id>
      <id>11315</id>
      <intensity>780.0</intensity>
      <mass-charge>267.0</mass-charge>
    </ei-ms-peak>
    <ei-ms-peak>
      <ei-ms-id>102</ei-ms-id>
      <id>11316</id>
      <intensity>240.0</intensity>
      <mass-charge>268.0</mass-charge>
    </ei-ms-peak>
    <ei-ms-peak>
      <ei-ms-id>102</ei-ms-id>
      <id>11317</id>
      <intensity>50.0</intensity>
      <mass-charge>279.0</mass-charge>
    </ei-ms-peak>
    <ei-ms-peak>
      <ei-ms-id>102</ei-ms-id>
      <id>11318</id>
      <intensity>20.0</intensity>
      <mass-charge>291.0</mass-charge>
    </ei-ms-peak>
    <ei-ms-peak>
      <ei-ms-id>102</ei-ms-id>
      <id>11319</id>
      <intensity>40.0</intensity>
      <mass-charge>292.0</mass-charge>
    </ei-ms-peak>
    <ei-ms-peak>
      <ei-ms-id>102</ei-ms-id>
      <id>11320</id>
      <intensity>6295.0</intensity>
      <mass-charge>293.0</mass-charge>
    </ei-ms-peak>
    <ei-ms-peak>
      <ei-ms-id>102</ei-ms-id>
      <id>11321</id>
      <intensity>6986.0</intensity>
      <mass-charge>294.0</mass-charge>
    </ei-ms-peak>
    <ei-ms-peak>
      <ei-ms-id>102</ei-ms-id>
      <id>11322</id>
      <intensity>3172.0</intensity>
      <mass-charge>295.0</mass-charge>
    </ei-ms-peak>
    <ei-ms-peak>
      <ei-ms-id>102</ei-ms-id>
      <id>11323</id>
      <intensity>2382.0</intensity>
      <mass-charge>296.0</mass-charge>
    </ei-ms-peak>
    <ei-ms-peak>
      <ei-ms-id>102</ei-ms-id>
      <id>11324</id>
      <intensity>420.0</intensity>
      <mass-charge>297.0</mass-charge>
    </ei-ms-peak>
  </ei-ms-peaks>
</ei-ms>
