<?xml version="1.0" encoding="UTF-8"?>
<ei-ms>
  <collection-date nil="true"/>
  <created-at>2014-09-20T16:44:24Z</created-at>
  <database-id>HMDB14568</database-id>
  <id>1120</id>
  <inchi-key>RKUNBYITZUJHSG-FXUDXRNXSA-N</inchi-key>
  <instrument-type nil="true"/>
  <molecule-id nil="true"/>
  <notes nil="true"/>
  <peak-counter>99</peak-counter>
  <sample-assessment nil="true"/>
  <sample-concentration nil="true"/>
  <sample-concentration-units nil="true"/>
  <sample-mass nil="true"/>
  <sample-mass-units nil="true"/>
  <sample-source nil="true"/>
  <solvent nil="true"/>
  <spectra-assessment nil="true"/>
  <updated-at>2014-09-20T16:44:24Z</updated-at>
  <references>
    <reference>
      <database>NIST</database>
      <database-id>101-31-5</database-id>
      <id>15992</id>
      <pubmed-id nil="true"/>
      <ref-text>NIST Mass Spec Data Center, S.E. Stein, director, "Mass Spectra" in NIST Chemistry WebBook, NIST Standard Reference Database Number 69, Eds. P.J. Linstrom and W.G. Mallard, National Institute of Standards and Technology, Gaithersburg MD, 20899, http://webbook.nist.gov, (retrieved September 6, 2014).</ref-text>
      <spectra-id>1120</spectra-id>
      <spectra-type>EiMs</spectra-type>
    </reference>
  </references>
  <ei-ms-peaks>
    <ei-ms-peak>
      <ei-ms-id>1120</ei-ms-id>
      <id>120571</id>
      <intensity>50.0</intensity>
      <mass-charge>15.0</mass-charge>
    </ei-ms-peak>
    <ei-ms-peak>
      <ei-ms-id>1120</ei-ms-id>
      <id>120572</id>
      <intensity>10.0</intensity>
      <mass-charge>17.0</mass-charge>
    </ei-ms-peak>
    <ei-ms-peak>
      <ei-ms-id>1120</ei-ms-id>
      <id>120573</id>
      <intensity>30.0</intensity>
      <mass-charge>18.0</mass-charge>
    </ei-ms-peak>
    <ei-ms-peak>
      <ei-ms-id>1120</ei-ms-id>
      <id>120574</id>
      <intensity>80.0</intensity>
      <mass-charge>27.0</mass-charge>
    </ei-ms-peak>
    <ei-ms-peak>
      <ei-ms-id>1120</ei-ms-id>
      <id>120575</id>
      <intensity>80.0</intensity>
      <mass-charge>28.0</mass-charge>
    </ei-ms-peak>
    <ei-ms-peak>
      <ei-ms-id>1120</ei-ms-id>
      <id>120576</id>
      <intensity>50.0</intensity>
      <mass-charge>29.0</mass-charge>
    </ei-ms-peak>
    <ei-ms-peak>
      <ei-ms-id>1120</ei-ms-id>
      <id>120577</id>
      <intensity>70.0</intensity>
      <mass-charge>30.0</mass-charge>
    </ei-ms-peak>
    <ei-ms-peak>
      <ei-ms-id>1120</ei-ms-id>
      <id>120578</id>
      <intensity>109.0</intensity>
      <mass-charge>31.0</mass-charge>
    </ei-ms-peak>
    <ei-ms-peak>
      <ei-ms-id>1120</ei-ms-id>
      <id>120579</id>
      <intensity>10.0</intensity>
      <mass-charge>32.0</mass-charge>
    </ei-ms-peak>
    <ei-ms-peak>
      <ei-ms-id>1120</ei-ms-id>
      <id>120580</id>
      <intensity>10.0</intensity>
      <mass-charge>38.0</mass-charge>
    </ei-ms-peak>
    <ei-ms-peak>
      <ei-ms-id>1120</ei-ms-id>
      <id>120581</id>
      <intensity>179.0</intensity>
      <mass-charge>39.0</mass-charge>
    </ei-ms-peak>
    <ei-ms-peak>
      <ei-ms-id>1120</ei-ms-id>
      <id>120582</id>
      <intensity>30.0</intensity>
      <mass-charge>40.0</mass-charge>
    </ei-ms-peak>
    <ei-ms-peak>
      <ei-ms-id>1120</ei-ms-id>
      <id>120583</id>
      <intensity>339.0</intensity>
      <mass-charge>41.0</mass-charge>
    </ei-ms-peak>
    <ei-ms-peak>
      <ei-ms-id>1120</ei-ms-id>
      <id>120584</id>
      <intensity>919.0</intensity>
      <mass-charge>42.0</mass-charge>
    </ei-ms-peak>
    <ei-ms-peak>
      <ei-ms-id>1120</ei-ms-id>
      <id>120585</id>
      <intensity>99.0</intensity>
      <mass-charge>43.0</mass-charge>
    </ei-ms-peak>
    <ei-ms-peak>
      <ei-ms-id>1120</ei-ms-id>
      <id>120586</id>
      <intensity>169.0</intensity>
      <mass-charge>44.0</mass-charge>
    </ei-ms-peak>
    <ei-ms-peak>
      <ei-ms-id>1120</ei-ms-id>
      <id>120587</id>
      <intensity>30.0</intensity>
      <mass-charge>50.0</mass-charge>
    </ei-ms-peak>
    <ei-ms-peak>
      <ei-ms-id>1120</ei-ms-id>
      <id>120588</id>
      <intensity>119.0</intensity>
      <mass-charge>51.0</mass-charge>
    </ei-ms-peak>
    <ei-ms-peak>
      <ei-ms-id>1120</ei-ms-id>
      <id>120589</id>
      <intensity>30.0</intensity>
      <mass-charge>52.0</mass-charge>
    </ei-ms-peak>
    <ei-ms-peak>
      <ei-ms-id>1120</ei-ms-id>
      <id>120590</id>
      <intensity>90.0</intensity>
      <mass-charge>53.0</mass-charge>
    </ei-ms-peak>
    <ei-ms-peak>
      <ei-ms-id>1120</ei-ms-id>
      <id>120591</id>
      <intensity>99.0</intensity>
      <mass-charge>54.0</mass-charge>
    </ei-ms-peak>
    <ei-ms-peak>
      <ei-ms-id>1120</ei-ms-id>
      <id>120592</id>
      <intensity>239.0</intensity>
      <mass-charge>55.0</mass-charge>
    </ei-ms-peak>
    <ei-ms-peak>
      <ei-ms-id>1120</ei-ms-id>
      <id>120593</id>
      <intensity>149.0</intensity>
      <mass-charge>56.0</mass-charge>
    </ei-ms-peak>
    <ei-ms-peak>
      <ei-ms-id>1120</ei-ms-id>
      <id>120594</id>
      <intensity>169.0</intensity>
      <mass-charge>57.0</mass-charge>
    </ei-ms-peak>
    <ei-ms-peak>
      <ei-ms-id>1120</ei-ms-id>
      <id>120595</id>
      <intensity>60.0</intensity>
      <mass-charge>58.0</mass-charge>
    </ei-ms-peak>
    <ei-ms-peak>
      <ei-ms-id>1120</ei-ms-id>
      <id>120596</id>
      <intensity>20.0</intensity>
      <mass-charge>62.0</mass-charge>
    </ei-ms-peak>
    <ei-ms-peak>
      <ei-ms-id>1120</ei-ms-id>
      <id>120597</id>
      <intensity>60.0</intensity>
      <mass-charge>63.0</mass-charge>
    </ei-ms-peak>
    <ei-ms-peak>
      <ei-ms-id>1120</ei-ms-id>
      <id>120598</id>
      <intensity>20.0</intensity>
      <mass-charge>64.0</mass-charge>
    </ei-ms-peak>
    <ei-ms-peak>
      <ei-ms-id>1120</ei-ms-id>
      <id>120599</id>
      <intensity>169.0</intensity>
      <mass-charge>65.0</mass-charge>
    </ei-ms-peak>
    <ei-ms-peak>
      <ei-ms-id>1120</ei-ms-id>
      <id>120600</id>
      <intensity>30.0</intensity>
      <mass-charge>66.0</mass-charge>
    </ei-ms-peak>
    <ei-ms-peak>
      <ei-ms-id>1120</ei-ms-id>
      <id>120601</id>
      <intensity>839.0</intensity>
      <mass-charge>67.0</mass-charge>
    </ei-ms-peak>
    <ei-ms-peak>
      <ei-ms-id>1120</ei-ms-id>
      <id>120602</id>
      <intensity>219.0</intensity>
      <mass-charge>68.0</mass-charge>
    </ei-ms-peak>
    <ei-ms-peak>
      <ei-ms-id>1120</ei-ms-id>
      <id>120603</id>
      <intensity>50.0</intensity>
      <mass-charge>69.0</mass-charge>
    </ei-ms-peak>
    <ei-ms-peak>
      <ei-ms-id>1120</ei-ms-id>
      <id>120604</id>
      <intensity>139.0</intensity>
      <mass-charge>70.0</mass-charge>
    </ei-ms-peak>
    <ei-ms-peak>
      <ei-ms-id>1120</ei-ms-id>
      <id>120605</id>
      <intensity>20.0</intensity>
      <mass-charge>71.0</mass-charge>
    </ei-ms-peak>
    <ei-ms-peak>
      <ei-ms-id>1120</ei-ms-id>
      <id>120606</id>
      <intensity>10.0</intensity>
      <mass-charge>74.0</mass-charge>
    </ei-ms-peak>
    <ei-ms-peak>
      <ei-ms-id>1120</ei-ms-id>
      <id>120607</id>
      <intensity>10.0</intensity>
      <mass-charge>75.0</mass-charge>
    </ei-ms-peak>
    <ei-ms-peak>
      <ei-ms-id>1120</ei-ms-id>
      <id>120608</id>
      <intensity>10.0</intensity>
      <mass-charge>76.0</mass-charge>
    </ei-ms-peak>
    <ei-ms-peak>
      <ei-ms-id>1120</ei-ms-id>
      <id>120609</id>
      <intensity>359.0</intensity>
      <mass-charge>77.0</mass-charge>
    </ei-ms-peak>
    <ei-ms-peak>
      <ei-ms-id>1120</ei-ms-id>
      <id>120610</id>
      <intensity>99.0</intensity>
      <mass-charge>78.0</mass-charge>
    </ei-ms-peak>
    <ei-ms-peak>
      <ei-ms-id>1120</ei-ms-id>
      <id>120611</id>
      <intensity>169.0</intensity>
      <mass-charge>79.0</mass-charge>
    </ei-ms-peak>
    <ei-ms-peak>
      <ei-ms-id>1120</ei-ms-id>
      <id>120612</id>
      <intensity>90.0</intensity>
      <mass-charge>80.0</mass-charge>
    </ei-ms-peak>
    <ei-ms-peak>
      <ei-ms-id>1120</ei-ms-id>
      <id>120613</id>
      <intensity>239.0</intensity>
      <mass-charge>81.0</mass-charge>
    </ei-ms-peak>
    <ei-ms-peak>
      <ei-ms-id>1120</ei-ms-id>
      <id>120614</id>
      <intensity>1889.0</intensity>
      <mass-charge>82.0</mass-charge>
    </ei-ms-peak>
    <ei-ms-peak>
      <ei-ms-id>1120</ei-ms-id>
      <id>120615</id>
      <intensity>1779.0</intensity>
      <mass-charge>83.0</mass-charge>
    </ei-ms-peak>
    <ei-ms-peak>
      <ei-ms-id>1120</ei-ms-id>
      <id>120616</id>
      <intensity>179.0</intensity>
      <mass-charge>84.0</mass-charge>
    </ei-ms-peak>
    <ei-ms-peak>
      <ei-ms-id>1120</ei-ms-id>
      <id>120617</id>
      <intensity>10.0</intensity>
      <mass-charge>85.0</mass-charge>
    </ei-ms-peak>
    <ei-ms-peak>
      <ei-ms-id>1120</ei-ms-id>
      <id>120618</id>
      <intensity>10.0</intensity>
      <mass-charge>86.0</mass-charge>
    </ei-ms-peak>
    <ei-ms-peak>
      <ei-ms-id>1120</ei-ms-id>
      <id>120619</id>
      <intensity>109.0</intensity>
      <mass-charge>89.0</mass-charge>
    </ei-ms-peak>
    <ei-ms-peak>
      <ei-ms-id>1120</ei-ms-id>
      <id>120620</id>
      <intensity>159.0</intensity>
      <mass-charge>90.0</mass-charge>
    </ei-ms-peak>
    <ei-ms-peak>
      <ei-ms-id>1120</ei-ms-id>
      <id>120621</id>
      <intensity>409.0</intensity>
      <mass-charge>91.0</mass-charge>
    </ei-ms-peak>
    <ei-ms-peak>
      <ei-ms-id>1120</ei-ms-id>
      <id>120622</id>
      <intensity>60.0</intensity>
      <mass-charge>92.0</mass-charge>
    </ei-ms-peak>
    <ei-ms-peak>
      <ei-ms-id>1120</ei-ms-id>
      <id>120623</id>
      <intensity>119.0</intensity>
      <mass-charge>93.0</mass-charge>
    </ei-ms-peak>
    <ei-ms-peak>
      <ei-ms-id>1120</ei-ms-id>
      <id>120624</id>
      <intensity>1489.0</intensity>
      <mass-charge>94.0</mass-charge>
    </ei-ms-peak>
    <ei-ms-peak>
      <ei-ms-id>1120</ei-ms-id>
      <id>120625</id>
      <intensity>749.0</intensity>
      <mass-charge>95.0</mass-charge>
    </ei-ms-peak>
    <ei-ms-peak>
      <ei-ms-id>1120</ei-ms-id>
      <id>120626</id>
      <intensity>899.0</intensity>
      <mass-charge>96.0</mass-charge>
    </ei-ms-peak>
    <ei-ms-peak>
      <ei-ms-id>1120</ei-ms-id>
      <id>120627</id>
      <intensity>309.0</intensity>
      <mass-charge>97.0</mass-charge>
    </ei-ms-peak>
    <ei-ms-peak>
      <ei-ms-id>1120</ei-ms-id>
      <id>120628</id>
      <intensity>99.0</intensity>
      <mass-charge>98.0</mass-charge>
    </ei-ms-peak>
    <ei-ms-peak>
      <ei-ms-id>1120</ei-ms-id>
      <id>120629</id>
      <intensity>10.0</intensity>
      <mass-charge>99.0</mass-charge>
    </ei-ms-peak>
    <ei-ms-peak>
      <ei-ms-id>1120</ei-ms-id>
      <id>120630</id>
      <intensity>20.0</intensity>
      <mass-charge>102.0</mass-charge>
    </ei-ms-peak>
    <ei-ms-peak>
      <ei-ms-id>1120</ei-ms-id>
      <id>120631</id>
      <intensity>489.0</intensity>
      <mass-charge>103.0</mass-charge>
    </ei-ms-peak>
    <ei-ms-peak>
      <ei-ms-id>1120</ei-ms-id>
      <id>120632</id>
      <intensity>99.0</intensity>
      <mass-charge>104.0</mass-charge>
    </ei-ms-peak>
    <ei-ms-peak>
      <ei-ms-id>1120</ei-ms-id>
      <id>120633</id>
      <intensity>20.0</intensity>
      <mass-charge>105.0</mass-charge>
    </ei-ms-peak>
    <ei-ms-peak>
      <ei-ms-id>1120</ei-ms-id>
      <id>120634</id>
      <intensity>10.0</intensity>
      <mass-charge>106.0</mass-charge>
    </ei-ms-peak>
    <ei-ms-peak>
      <ei-ms-id>1120</ei-ms-id>
      <id>120635</id>
      <intensity>40.0</intensity>
      <mass-charge>107.0</mass-charge>
    </ei-ms-peak>
    <ei-ms-peak>
      <ei-ms-id>1120</ei-ms-id>
      <id>120636</id>
      <intensity>80.0</intensity>
      <mass-charge>108.0</mass-charge>
    </ei-ms-peak>
    <ei-ms-peak>
      <ei-ms-id>1120</ei-ms-id>
      <id>120637</id>
      <intensity>30.0</intensity>
      <mass-charge>109.0</mass-charge>
    </ei-ms-peak>
    <ei-ms-peak>
      <ei-ms-id>1120</ei-ms-id>
      <id>120638</id>
      <intensity>20.0</intensity>
      <mass-charge>110.0</mass-charge>
    </ei-ms-peak>
    <ei-ms-peak>
      <ei-ms-id>1120</ei-ms-id>
      <id>120639</id>
      <intensity>40.0</intensity>
      <mass-charge>112.0</mass-charge>
    </ei-ms-peak>
    <ei-ms-peak>
      <ei-ms-id>1120</ei-ms-id>
      <id>120640</id>
      <intensity>10.0</intensity>
      <mass-charge>117.0</mass-charge>
    </ei-ms-peak>
    <ei-ms-peak>
      <ei-ms-id>1120</ei-ms-id>
      <id>120641</id>
      <intensity>80.0</intensity>
      <mass-charge>118.0</mass-charge>
    </ei-ms-peak>
    <ei-ms-peak>
      <ei-ms-id>1120</ei-ms-id>
      <id>120642</id>
      <intensity>10.0</intensity>
      <mass-charge>119.0</mass-charge>
    </ei-ms-peak>
    <ei-ms-peak>
      <ei-ms-id>1120</ei-ms-id>
      <id>120643</id>
      <intensity>40.0</intensity>
      <mass-charge>120.0</mass-charge>
    </ei-ms-peak>
    <ei-ms-peak>
      <ei-ms-id>1120</ei-ms-id>
      <id>120644</id>
      <intensity>219.0</intensity>
      <mass-charge>121.0</mass-charge>
    </ei-ms-peak>
    <ei-ms-peak>
      <ei-ms-id>1120</ei-ms-id>
      <id>120645</id>
      <intensity>129.0</intensity>
      <mass-charge>122.0</mass-charge>
    </ei-ms-peak>
    <ei-ms-peak>
      <ei-ms-id>1120</ei-ms-id>
      <id>120646</id>
      <intensity>379.0</intensity>
      <mass-charge>123.0</mass-charge>
    </ei-ms-peak>
    <ei-ms-peak>
      <ei-ms-id>1120</ei-ms-id>
      <id>120647</id>
      <intensity>9999.0</intensity>
      <mass-charge>124.0</mass-charge>
    </ei-ms-peak>
    <ei-ms-peak>
      <ei-ms-id>1120</ei-ms-id>
      <id>120648</id>
      <intensity>959.0</intensity>
      <mass-charge>125.0</mass-charge>
    </ei-ms-peak>
    <ei-ms-peak>
      <ei-ms-id>1120</ei-ms-id>
      <id>120649</id>
      <intensity>50.0</intensity>
      <mass-charge>126.0</mass-charge>
    </ei-ms-peak>
    <ei-ms-peak>
      <ei-ms-id>1120</ei-ms-id>
      <id>120650</id>
      <intensity>10.0</intensity>
      <mass-charge>129.0</mass-charge>
    </ei-ms-peak>
    <ei-ms-peak>
      <ei-ms-id>1120</ei-ms-id>
      <id>120651</id>
      <intensity>10.0</intensity>
      <mass-charge>135.0</mass-charge>
    </ei-ms-peak>
    <ei-ms-peak>
      <ei-ms-id>1120</ei-ms-id>
      <id>120652</id>
      <intensity>20.0</intensity>
      <mass-charge>136.0</mass-charge>
    </ei-ms-peak>
    <ei-ms-peak>
      <ei-ms-id>1120</ei-ms-id>
      <id>120653</id>
      <intensity>839.0</intensity>
      <mass-charge>140.0</mass-charge>
    </ei-ms-peak>
    <ei-ms-peak>
      <ei-ms-id>1120</ei-ms-id>
      <id>120654</id>
      <intensity>90.0</intensity>
      <mass-charge>141.0</mass-charge>
    </ei-ms-peak>
    <ei-ms-peak>
      <ei-ms-id>1120</ei-ms-id>
      <id>120655</id>
      <intensity>10.0</intensity>
      <mass-charge>142.0</mass-charge>
    </ei-ms-peak>
    <ei-ms-peak>
      <ei-ms-id>1120</ei-ms-id>
      <id>120656</id>
      <intensity>10.0</intensity>
      <mass-charge>148.0</mass-charge>
    </ei-ms-peak>
    <ei-ms-peak>
      <ei-ms-id>1120</ei-ms-id>
      <id>120657</id>
      <intensity>10.0</intensity>
      <mass-charge>149.0</mass-charge>
    </ei-ms-peak>
    <ei-ms-peak>
      <ei-ms-id>1120</ei-ms-id>
      <id>120658</id>
      <intensity>20.0</intensity>
      <mass-charge>200.0</mass-charge>
    </ei-ms-peak>
    <ei-ms-peak>
      <ei-ms-id>1120</ei-ms-id>
      <id>120659</id>
      <intensity>20.0</intensity>
      <mass-charge>258.0</mass-charge>
    </ei-ms-peak>
    <ei-ms-peak>
      <ei-ms-id>1120</ei-ms-id>
      <id>120660</id>
      <intensity>20.0</intensity>
      <mass-charge>259.0</mass-charge>
    </ei-ms-peak>
    <ei-ms-peak>
      <ei-ms-id>1120</ei-ms-id>
      <id>120661</id>
      <intensity>20.0</intensity>
      <mass-charge>261.0</mass-charge>
    </ei-ms-peak>
    <ei-ms-peak>
      <ei-ms-id>1120</ei-ms-id>
      <id>120662</id>
      <intensity>129.0</intensity>
      <mass-charge>271.0</mass-charge>
    </ei-ms-peak>
    <ei-ms-peak>
      <ei-ms-id>1120</ei-ms-id>
      <id>120663</id>
      <intensity>159.0</intensity>
      <mass-charge>272.0</mass-charge>
    </ei-ms-peak>
    <ei-ms-peak>
      <ei-ms-id>1120</ei-ms-id>
      <id>120664</id>
      <intensity>30.0</intensity>
      <mass-charge>273.0</mass-charge>
    </ei-ms-peak>
    <ei-ms-peak>
      <ei-ms-id>1120</ei-ms-id>
      <id>120665</id>
      <intensity>10.0</intensity>
      <mass-charge>274.0</mass-charge>
    </ei-ms-peak>
    <ei-ms-peak>
      <ei-ms-id>1120</ei-ms-id>
      <id>120666</id>
      <intensity>10.0</intensity>
      <mass-charge>288.0</mass-charge>
    </ei-ms-peak>
    <ei-ms-peak>
      <ei-ms-id>1120</ei-ms-id>
      <id>120667</id>
      <intensity>2159.0</intensity>
      <mass-charge>289.0</mass-charge>
    </ei-ms-peak>
    <ei-ms-peak>
      <ei-ms-id>1120</ei-ms-id>
      <id>120668</id>
      <intensity>439.0</intensity>
      <mass-charge>290.0</mass-charge>
    </ei-ms-peak>
    <ei-ms-peak>
      <ei-ms-id>1120</ei-ms-id>
      <id>120669</id>
      <intensity>60.0</intensity>
      <mass-charge>291.0</mass-charge>
    </ei-ms-peak>
  </ei-ms-peaks>
</ei-ms>
