<?xml version="1.0" encoding="UTF-8"?>
<ei-ms>
  <collection-date nil="true"/>
  <created-at>2014-09-20T16:36:56Z</created-at>
  <database-id>HMDB15512</database-id>
  <id>804</id>
  <inchi-key>CHBRHODLKOZEPZ-UHFFFAOYSA-N</inchi-key>
  <instrument-type nil="true"/>
  <molecule-id nil="true"/>
  <notes nil="true"/>
  <peak-counter>191</peak-counter>
  <sample-assessment nil="true"/>
  <sample-concentration nil="true"/>
  <sample-concentration-units nil="true"/>
  <sample-mass nil="true"/>
  <sample-mass-units nil="true"/>
  <sample-source nil="true"/>
  <solvent nil="true"/>
  <spectra-assessment nil="true"/>
  <updated-at>2014-09-20T16:36:56Z</updated-at>
  <references>
    <reference>
      <database>NIST</database>
      <database-id>33671-46-4</database-id>
      <id>15676</id>
      <pubmed-id nil="true"/>
      <ref-text>NIST Mass Spec Data Center, S.E. Stein, director, "Mass Spectra" in NIST Chemistry WebBook, NIST Standard Reference Database Number 69, Eds. P.J. Linstrom and W.G. Mallard, National Institute of Standards and Technology, Gaithersburg MD, 20899, http://webbook.nist.gov, (retrieved September 6, 2014).</ref-text>
      <spectra-id>804</spectra-id>
      <spectra-type>EiMs</spectra-type>
    </reference>
  </references>
  <ei-ms-peaks>
    <ei-ms-peak>
      <ei-ms-id>804</ei-ms-id>
      <id>88461</id>
      <intensity>290.0</intensity>
      <mass-charge>42.0</mass-charge>
    </ei-ms-peak>
    <ei-ms-peak>
      <ei-ms-id>804</ei-ms-id>
      <id>88462</id>
      <intensity>10.0</intensity>
      <mass-charge>44.0</mass-charge>
    </ei-ms-peak>
    <ei-ms-peak>
      <ei-ms-id>804</ei-ms-id>
      <id>88463</id>
      <intensity>540.0</intensity>
      <mass-charge>45.0</mass-charge>
    </ei-ms-peak>
    <ei-ms-peak>
      <ei-ms-id>804</ei-ms-id>
      <id>88464</id>
      <intensity>20.0</intensity>
      <mass-charge>46.0</mass-charge>
    </ei-ms-peak>
    <ei-ms-peak>
      <ei-ms-id>804</ei-ms-id>
      <id>88465</id>
      <intensity>120.0</intensity>
      <mass-charge>50.0</mass-charge>
    </ei-ms-peak>
    <ei-ms-peak>
      <ei-ms-id>804</ei-ms-id>
      <id>88466</id>
      <intensity>300.0</intensity>
      <mass-charge>51.0</mass-charge>
    </ei-ms-peak>
    <ei-ms-peak>
      <ei-ms-id>804</ei-ms-id>
      <id>88467</id>
      <intensity>100.0</intensity>
      <mass-charge>52.0</mass-charge>
    </ei-ms-peak>
    <ei-ms-peak>
      <ei-ms-id>804</ei-ms-id>
      <id>88468</id>
      <intensity>140.0</intensity>
      <mass-charge>53.0</mass-charge>
    </ei-ms-peak>
    <ei-ms-peak>
      <ei-ms-id>804</ei-ms-id>
      <id>88469</id>
      <intensity>100.0</intensity>
      <mass-charge>54.0</mass-charge>
    </ei-ms-peak>
    <ei-ms-peak>
      <ei-ms-id>804</ei-ms-id>
      <id>88470</id>
      <intensity>120.0</intensity>
      <mass-charge>58.0</mass-charge>
    </ei-ms-peak>
    <ei-ms-peak>
      <ei-ms-id>804</ei-ms-id>
      <id>88471</id>
      <intensity>70.0</intensity>
      <mass-charge>59.0</mass-charge>
    </ei-ms-peak>
    <ei-ms-peak>
      <ei-ms-id>804</ei-ms-id>
      <id>88472</id>
      <intensity>190.0</intensity>
      <mass-charge>62.0</mass-charge>
    </ei-ms-peak>
    <ei-ms-peak>
      <ei-ms-id>804</ei-ms-id>
      <id>88473</id>
      <intensity>430.0</intensity>
      <mass-charge>63.0</mass-charge>
    </ei-ms-peak>
    <ei-ms-peak>
      <ei-ms-id>804</ei-ms-id>
      <id>88474</id>
      <intensity>170.0</intensity>
      <mass-charge>64.0</mass-charge>
    </ei-ms-peak>
    <ei-ms-peak>
      <ei-ms-id>804</ei-ms-id>
      <id>88475</id>
      <intensity>320.0</intensity>
      <mass-charge>65.0</mass-charge>
    </ei-ms-peak>
    <ei-ms-peak>
      <ei-ms-id>804</ei-ms-id>
      <id>88476</id>
      <intensity>500.0</intensity>
      <mass-charge>66.0</mass-charge>
    </ei-ms-peak>
    <ei-ms-peak>
      <ei-ms-id>804</ei-ms-id>
      <id>88477</id>
      <intensity>70.0</intensity>
      <mass-charge>67.0</mass-charge>
    </ei-ms-peak>
    <ei-ms-peak>
      <ei-ms-id>804</ei-ms-id>
      <id>88478</id>
      <intensity>360.0</intensity>
      <mass-charge>69.0</mass-charge>
    </ei-ms-peak>
    <ei-ms-peak>
      <ei-ms-id>804</ei-ms-id>
      <id>88479</id>
      <intensity>100.0</intensity>
      <mass-charge>70.0</mass-charge>
    </ei-ms-peak>
    <ei-ms-peak>
      <ei-ms-id>804</ei-ms-id>
      <id>88480</id>
      <intensity>260.0</intensity>
      <mass-charge>71.0</mass-charge>
    </ei-ms-peak>
    <ei-ms-peak>
      <ei-ms-id>804</ei-ms-id>
      <id>88481</id>
      <intensity>130.0</intensity>
      <mass-charge>72.0</mass-charge>
    </ei-ms-peak>
    <ei-ms-peak>
      <ei-ms-id>804</ei-ms-id>
      <id>88482</id>
      <intensity>420.0</intensity>
      <mass-charge>73.0</mass-charge>
    </ei-ms-peak>
    <ei-ms-peak>
      <ei-ms-id>804</ei-ms-id>
      <id>88483</id>
      <intensity>280.0</intensity>
      <mass-charge>74.0</mass-charge>
    </ei-ms-peak>
    <ei-ms-peak>
      <ei-ms-id>804</ei-ms-id>
      <id>88484</id>
      <intensity>510.0</intensity>
      <mass-charge>75.0</mass-charge>
    </ei-ms-peak>
    <ei-ms-peak>
      <ei-ms-id>804</ei-ms-id>
      <id>88485</id>
      <intensity>220.0</intensity>
      <mass-charge>76.0</mass-charge>
    </ei-ms-peak>
    <ei-ms-peak>
      <ei-ms-id>804</ei-ms-id>
      <id>88486</id>
      <intensity>400.0</intensity>
      <mass-charge>77.0</mass-charge>
    </ei-ms-peak>
    <ei-ms-peak>
      <ei-ms-id>804</ei-ms-id>
      <id>88487</id>
      <intensity>170.0</intensity>
      <mass-charge>78.0</mass-charge>
    </ei-ms-peak>
    <ei-ms-peak>
      <ei-ms-id>804</ei-ms-id>
      <id>88488</id>
      <intensity>220.0</intensity>
      <mass-charge>79.0</mass-charge>
    </ei-ms-peak>
    <ei-ms-peak>
      <ei-ms-id>804</ei-ms-id>
      <id>88489</id>
      <intensity>100.0</intensity>
      <mass-charge>80.0</mass-charge>
    </ei-ms-peak>
    <ei-ms-peak>
      <ei-ms-id>804</ei-ms-id>
      <id>88490</id>
      <intensity>50.0</intensity>
      <mass-charge>81.0</mass-charge>
    </ei-ms-peak>
    <ei-ms-peak>
      <ei-ms-id>804</ei-ms-id>
      <id>88491</id>
      <intensity>90.0</intensity>
      <mass-charge>82.0</mass-charge>
    </ei-ms-peak>
    <ei-ms-peak>
      <ei-ms-id>804</ei-ms-id>
      <id>88492</id>
      <intensity>220.0</intensity>
      <mass-charge>83.0</mass-charge>
    </ei-ms-peak>
    <ei-ms-peak>
      <ei-ms-id>804</ei-ms-id>
      <id>88493</id>
      <intensity>140.0</intensity>
      <mass-charge>84.0</mass-charge>
    </ei-ms-peak>
    <ei-ms-peak>
      <ei-ms-id>804</ei-ms-id>
      <id>88494</id>
      <intensity>140.0</intensity>
      <mass-charge>85.0</mass-charge>
    </ei-ms-peak>
    <ei-ms-peak>
      <ei-ms-id>804</ei-ms-id>
      <id>88495</id>
      <intensity>140.0</intensity>
      <mass-charge>86.0</mass-charge>
    </ei-ms-peak>
    <ei-ms-peak>
      <ei-ms-id>804</ei-ms-id>
      <id>88496</id>
      <intensity>200.0</intensity>
      <mass-charge>87.0</mass-charge>
    </ei-ms-peak>
    <ei-ms-peak>
      <ei-ms-id>804</ei-ms-id>
      <id>88497</id>
      <intensity>120.0</intensity>
      <mass-charge>88.0</mass-charge>
    </ei-ms-peak>
    <ei-ms-peak>
      <ei-ms-id>804</ei-ms-id>
      <id>88498</id>
      <intensity>570.0</intensity>
      <mass-charge>89.0</mass-charge>
    </ei-ms-peak>
    <ei-ms-peak>
      <ei-ms-id>804</ei-ms-id>
      <id>88499</id>
      <intensity>210.0</intensity>
      <mass-charge>90.0</mass-charge>
    </ei-ms-peak>
    <ei-ms-peak>
      <ei-ms-id>804</ei-ms-id>
      <id>88500</id>
      <intensity>250.0</intensity>
      <mass-charge>91.0</mass-charge>
    </ei-ms-peak>
    <ei-ms-peak>
      <ei-ms-id>804</ei-ms-id>
      <id>88501</id>
      <intensity>210.0</intensity>
      <mass-charge>92.0</mass-charge>
    </ei-ms-peak>
    <ei-ms-peak>
      <ei-ms-id>804</ei-ms-id>
      <id>88502</id>
      <intensity>190.0</intensity>
      <mass-charge>93.0</mass-charge>
    </ei-ms-peak>
    <ei-ms-peak>
      <ei-ms-id>804</ei-ms-id>
      <id>88503</id>
      <intensity>70.0</intensity>
      <mass-charge>94.0</mass-charge>
    </ei-ms-peak>
    <ei-ms-peak>
      <ei-ms-id>804</ei-ms-id>
      <id>88504</id>
      <intensity>70.0</intensity>
      <mass-charge>95.0</mass-charge>
    </ei-ms-peak>
    <ei-ms-peak>
      <ei-ms-id>804</ei-ms-id>
      <id>88505</id>
      <intensity>120.0</intensity>
      <mass-charge>96.0</mass-charge>
    </ei-ms-peak>
    <ei-ms-peak>
      <ei-ms-id>804</ei-ms-id>
      <id>88506</id>
      <intensity>350.0</intensity>
      <mass-charge>97.0</mass-charge>
    </ei-ms-peak>
    <ei-ms-peak>
      <ei-ms-id>804</ei-ms-id>
      <id>88507</id>
      <intensity>120.0</intensity>
      <mass-charge>98.0</mass-charge>
    </ei-ms-peak>
    <ei-ms-peak>
      <ei-ms-id>804</ei-ms-id>
      <id>88508</id>
      <intensity>340.0</intensity>
      <mass-charge>99.0</mass-charge>
    </ei-ms-peak>
    <ei-ms-peak>
      <ei-ms-id>804</ei-ms-id>
      <id>88509</id>
      <intensity>50.0</intensity>
      <mass-charge>100.0</mass-charge>
    </ei-ms-peak>
    <ei-ms-peak>
      <ei-ms-id>804</ei-ms-id>
      <id>88510</id>
      <intensity>140.0</intensity>
      <mass-charge>101.0</mass-charge>
    </ei-ms-peak>
    <ei-ms-peak>
      <ei-ms-id>804</ei-ms-id>
      <id>88511</id>
      <intensity>170.0</intensity>
      <mass-charge>102.0</mass-charge>
    </ei-ms-peak>
    <ei-ms-peak>
      <ei-ms-id>804</ei-ms-id>
      <id>88512</id>
      <intensity>90.0</intensity>
      <mass-charge>103.0</mass-charge>
    </ei-ms-peak>
    <ei-ms-peak>
      <ei-ms-id>804</ei-ms-id>
      <id>88513</id>
      <intensity>50.0</intensity>
      <mass-charge>104.0</mass-charge>
    </ei-ms-peak>
    <ei-ms-peak>
      <ei-ms-id>804</ei-ms-id>
      <id>88514</id>
      <intensity>110.0</intensity>
      <mass-charge>105.0</mass-charge>
    </ei-ms-peak>
    <ei-ms-peak>
      <ei-ms-id>804</ei-ms-id>
      <id>88515</id>
      <intensity>290.0</intensity>
      <mass-charge>106.0</mass-charge>
    </ei-ms-peak>
    <ei-ms-peak>
      <ei-ms-id>804</ei-ms-id>
      <id>88516</id>
      <intensity>90.0</intensity>
      <mass-charge>108.0</mass-charge>
    </ei-ms-peak>
    <ei-ms-peak>
      <ei-ms-id>804</ei-ms-id>
      <id>88517</id>
      <intensity>120.0</intensity>
      <mass-charge>109.0</mass-charge>
    </ei-ms-peak>
    <ei-ms-peak>
      <ei-ms-id>804</ei-ms-id>
      <id>88518</id>
      <intensity>210.0</intensity>
      <mass-charge>110.0</mass-charge>
    </ei-ms-peak>
    <ei-ms-peak>
      <ei-ms-id>804</ei-ms-id>
      <id>88519</id>
      <intensity>330.0</intensity>
      <mass-charge>111.0</mass-charge>
    </ei-ms-peak>
    <ei-ms-peak>
      <ei-ms-id>804</ei-ms-id>
      <id>88520</id>
      <intensity>320.0</intensity>
      <mass-charge>112.0</mass-charge>
    </ei-ms-peak>
    <ei-ms-peak>
      <ei-ms-id>804</ei-ms-id>
      <id>88521</id>
      <intensity>460.0</intensity>
      <mass-charge>113.0</mass-charge>
    </ei-ms-peak>
    <ei-ms-peak>
      <ei-ms-id>804</ei-ms-id>
      <id>88522</id>
      <intensity>300.0</intensity>
      <mass-charge>114.0</mass-charge>
    </ei-ms-peak>
    <ei-ms-peak>
      <ei-ms-id>804</ei-ms-id>
      <id>88523</id>
      <intensity>240.0</intensity>
      <mass-charge>115.0</mass-charge>
    </ei-ms-peak>
    <ei-ms-peak>
      <ei-ms-id>804</ei-ms-id>
      <id>88524</id>
      <intensity>220.0</intensity>
      <mass-charge>116.0</mass-charge>
    </ei-ms-peak>
    <ei-ms-peak>
      <ei-ms-id>804</ei-ms-id>
      <id>88525</id>
      <intensity>110.0</intensity>
      <mass-charge>117.0</mass-charge>
    </ei-ms-peak>
    <ei-ms-peak>
      <ei-ms-id>804</ei-ms-id>
      <id>88526</id>
      <intensity>60.0</intensity>
      <mass-charge>118.0</mass-charge>
    </ei-ms-peak>
    <ei-ms-peak>
      <ei-ms-id>804</ei-ms-id>
      <id>88527</id>
      <intensity>1000.0</intensity>
      <mass-charge>120.0</mass-charge>
    </ei-ms-peak>
    <ei-ms-peak>
      <ei-ms-id>804</ei-ms-id>
      <id>88528</id>
      <intensity>40.0</intensity>
      <mass-charge>121.0</mass-charge>
    </ei-ms-peak>
    <ei-ms-peak>
      <ei-ms-id>804</ei-ms-id>
      <id>88529</id>
      <intensity>110.0</intensity>
      <mass-charge>122.0</mass-charge>
    </ei-ms-peak>
    <ei-ms-peak>
      <ei-ms-id>804</ei-ms-id>
      <id>88530</id>
      <intensity>830.0</intensity>
      <mass-charge>123.0</mass-charge>
    </ei-ms-peak>
    <ei-ms-peak>
      <ei-ms-id>804</ei-ms-id>
      <id>88531</id>
      <intensity>640.0</intensity>
      <mass-charge>125.0</mass-charge>
    </ei-ms-peak>
    <ei-ms-peak>
      <ei-ms-id>804</ei-ms-id>
      <id>88532</id>
      <intensity>300.0</intensity>
      <mass-charge>126.0</mass-charge>
    </ei-ms-peak>
    <ei-ms-peak>
      <ei-ms-id>804</ei-ms-id>
      <id>88533</id>
      <intensity>500.0</intensity>
      <mass-charge>127.0</mass-charge>
    </ei-ms-peak>
    <ei-ms-peak>
      <ei-ms-id>804</ei-ms-id>
      <id>88534</id>
      <intensity>230.0</intensity>
      <mass-charge>128.0</mass-charge>
    </ei-ms-peak>
    <ei-ms-peak>
      <ei-ms-id>804</ei-ms-id>
      <id>88535</id>
      <intensity>40.0</intensity>
      <mass-charge>129.0</mass-charge>
    </ei-ms-peak>
    <ei-ms-peak>
      <ei-ms-id>804</ei-ms-id>
      <id>88536</id>
      <intensity>220.0</intensity>
      <mass-charge>131.0</mass-charge>
    </ei-ms-peak>
    <ei-ms-peak>
      <ei-ms-id>804</ei-ms-id>
      <id>88537</id>
      <intensity>70.0</intensity>
      <mass-charge>132.0</mass-charge>
    </ei-ms-peak>
    <ei-ms-peak>
      <ei-ms-id>804</ei-ms-id>
      <id>88538</id>
      <intensity>160.0</intensity>
      <mass-charge>134.0</mass-charge>
    </ei-ms-peak>
    <ei-ms-peak>
      <ei-ms-id>804</ei-ms-id>
      <id>88539</id>
      <intensity>50.0</intensity>
      <mass-charge>136.0</mass-charge>
    </ei-ms-peak>
    <ei-ms-peak>
      <ei-ms-id>804</ei-ms-id>
      <id>88540</id>
      <intensity>170.0</intensity>
      <mass-charge>137.0</mass-charge>
    </ei-ms-peak>
    <ei-ms-peak>
      <ei-ms-id>804</ei-ms-id>
      <id>88541</id>
      <intensity>330.0</intensity>
      <mass-charge>138.0</mass-charge>
    </ei-ms-peak>
    <ei-ms-peak>
      <ei-ms-id>804</ei-ms-id>
      <id>88542</id>
      <intensity>340.0</intensity>
      <mass-charge>139.0</mass-charge>
    </ei-ms-peak>
    <ei-ms-peak>
      <ei-ms-id>804</ei-ms-id>
      <id>88543</id>
      <intensity>440.0</intensity>
      <mass-charge>140.0</mass-charge>
    </ei-ms-peak>
    <ei-ms-peak>
      <ei-ms-id>804</ei-ms-id>
      <id>88544</id>
      <intensity>120.0</intensity>
      <mass-charge>141.0</mass-charge>
    </ei-ms-peak>
    <ei-ms-peak>
      <ei-ms-id>804</ei-ms-id>
      <id>88545</id>
      <intensity>10.0</intensity>
      <mass-charge>142.0</mass-charge>
    </ei-ms-peak>
    <ei-ms-peak>
      <ei-ms-id>804</ei-ms-id>
      <id>88546</id>
      <intensity>40.0</intensity>
      <mass-charge>144.0</mass-charge>
    </ei-ms-peak>
    <ei-ms-peak>
      <ei-ms-id>804</ei-ms-id>
      <id>88547</id>
      <intensity>230.0</intensity>
      <mass-charge>145.0</mass-charge>
    </ei-ms-peak>
    <ei-ms-peak>
      <ei-ms-id>804</ei-ms-id>
      <id>88548</id>
      <intensity>90.0</intensity>
      <mass-charge>146.0</mass-charge>
    </ei-ms-peak>
    <ei-ms-peak>
      <ei-ms-id>804</ei-ms-id>
      <id>88549</id>
      <intensity>20.0</intensity>
      <mass-charge>147.0</mass-charge>
    </ei-ms-peak>
    <ei-ms-peak>
      <ei-ms-id>804</ei-ms-id>
      <id>88550</id>
      <intensity>20.0</intensity>
      <mass-charge>148.0</mass-charge>
    </ei-ms-peak>
    <ei-ms-peak>
      <ei-ms-id>804</ei-ms-id>
      <id>88551</id>
      <intensity>320.0</intensity>
      <mass-charge>149.0</mass-charge>
    </ei-ms-peak>
    <ei-ms-peak>
      <ei-ms-id>804</ei-ms-id>
      <id>88552</id>
      <intensity>270.0</intensity>
      <mass-charge>150.0</mass-charge>
    </ei-ms-peak>
    <ei-ms-peak>
      <ei-ms-id>804</ei-ms-id>
      <id>88553</id>
      <intensity>340.0</intensity>
      <mass-charge>151.0</mass-charge>
    </ei-ms-peak>
    <ei-ms-peak>
      <ei-ms-id>804</ei-ms-id>
      <id>88554</id>
      <intensity>700.0</intensity>
      <mass-charge>152.0</mass-charge>
    </ei-ms-peak>
    <ei-ms-peak>
      <ei-ms-id>804</ei-ms-id>
      <id>88555</id>
      <intensity>320.0</intensity>
      <mass-charge>153.0</mass-charge>
    </ei-ms-peak>
    <ei-ms-peak>
      <ei-ms-id>804</ei-ms-id>
      <id>88556</id>
      <intensity>140.0</intensity>
      <mass-charge>154.0</mass-charge>
    </ei-ms-peak>
    <ei-ms-peak>
      <ei-ms-id>804</ei-ms-id>
      <id>88557</id>
      <intensity>160.0</intensity>
      <mass-charge>155.0</mass-charge>
    </ei-ms-peak>
    <ei-ms-peak>
      <ei-ms-id>804</ei-ms-id>
      <id>88558</id>
      <intensity>30.0</intensity>
      <mass-charge>156.0</mass-charge>
    </ei-ms-peak>
    <ei-ms-peak>
      <ei-ms-id>804</ei-ms-id>
      <id>88559</id>
      <intensity>50.0</intensity>
      <mass-charge>157.0</mass-charge>
    </ei-ms-peak>
    <ei-ms-peak>
      <ei-ms-id>804</ei-ms-id>
      <id>88560</id>
      <intensity>100.0</intensity>
      <mass-charge>164.0</mass-charge>
    </ei-ms-peak>
    <ei-ms-peak>
      <ei-ms-id>804</ei-ms-id>
      <id>88561</id>
      <intensity>140.0</intensity>
      <mass-charge>165.0</mass-charge>
    </ei-ms-peak>
    <ei-ms-peak>
      <ei-ms-id>804</ei-ms-id>
      <id>88562</id>
      <intensity>700.0</intensity>
      <mass-charge>166.0</mass-charge>
    </ei-ms-peak>
    <ei-ms-peak>
      <ei-ms-id>804</ei-ms-id>
      <id>88563</id>
      <intensity>270.0</intensity>
      <mass-charge>167.0</mass-charge>
    </ei-ms-peak>
    <ei-ms-peak>
      <ei-ms-id>804</ei-ms-id>
      <id>88564</id>
      <intensity>80.0</intensity>
      <mass-charge>168.0</mass-charge>
    </ei-ms-peak>
    <ei-ms-peak>
      <ei-ms-id>804</ei-ms-id>
      <id>88565</id>
      <intensity>50.0</intensity>
      <mass-charge>170.0</mass-charge>
    </ei-ms-peak>
    <ei-ms-peak>
      <ei-ms-id>804</ei-ms-id>
      <id>88566</id>
      <intensity>160.0</intensity>
      <mass-charge>171.0</mass-charge>
    </ei-ms-peak>
    <ei-ms-peak>
      <ei-ms-id>804</ei-ms-id>
      <id>88567</id>
      <intensity>30.0</intensity>
      <mass-charge>172.0</mass-charge>
    </ei-ms-peak>
    <ei-ms-peak>
      <ei-ms-id>804</ei-ms-id>
      <id>88568</id>
      <intensity>30.0</intensity>
      <mass-charge>173.0</mass-charge>
    </ei-ms-peak>
    <ei-ms-peak>
      <ei-ms-id>804</ei-ms-id>
      <id>88569</id>
      <intensity>190.0</intensity>
      <mass-charge>178.0</mass-charge>
    </ei-ms-peak>
    <ei-ms-peak>
      <ei-ms-id>804</ei-ms-id>
      <id>88570</id>
      <intensity>240.0</intensity>
      <mass-charge>179.0</mass-charge>
    </ei-ms-peak>
    <ei-ms-peak>
      <ei-ms-id>804</ei-ms-id>
      <id>88571</id>
      <intensity>130.0</intensity>
      <mass-charge>180.0</mass-charge>
    </ei-ms-peak>
    <ei-ms-peak>
      <ei-ms-id>804</ei-ms-id>
      <id>88572</id>
      <intensity>170.0</intensity>
      <mass-charge>181.0</mass-charge>
    </ei-ms-peak>
    <ei-ms-peak>
      <ei-ms-id>804</ei-ms-id>
      <id>88573</id>
      <intensity>60.0</intensity>
      <mass-charge>182.0</mass-charge>
    </ei-ms-peak>
    <ei-ms-peak>
      <ei-ms-id>804</ei-ms-id>
      <id>88574</id>
      <intensity>20.0</intensity>
      <mass-charge>183.0</mass-charge>
    </ei-ms-peak>
    <ei-ms-peak>
      <ei-ms-id>804</ei-ms-id>
      <id>88575</id>
      <intensity>180.0</intensity>
      <mass-charge>184.0</mass-charge>
    </ei-ms-peak>
    <ei-ms-peak>
      <ei-ms-id>804</ei-ms-id>
      <id>88576</id>
      <intensity>90.0</intensity>
      <mass-charge>185.0</mass-charge>
    </ei-ms-peak>
    <ei-ms-peak>
      <ei-ms-id>804</ei-ms-id>
      <id>88577</id>
      <intensity>60.0</intensity>
      <mass-charge>186.0</mass-charge>
    </ei-ms-peak>
    <ei-ms-peak>
      <ei-ms-id>804</ei-ms-id>
      <id>88578</id>
      <intensity>40.0</intensity>
      <mass-charge>187.0</mass-charge>
    </ei-ms-peak>
    <ei-ms-peak>
      <ei-ms-id>804</ei-ms-id>
      <id>88579</id>
      <intensity>120.0</intensity>
      <mass-charge>196.0</mass-charge>
    </ei-ms-peak>
    <ei-ms-peak>
      <ei-ms-id>804</ei-ms-id>
      <id>88580</id>
      <intensity>80.0</intensity>
      <mass-charge>197.0</mass-charge>
    </ei-ms-peak>
    <ei-ms-peak>
      <ei-ms-id>804</ei-ms-id>
      <id>88581</id>
      <intensity>240.0</intensity>
      <mass-charge>198.0</mass-charge>
    </ei-ms-peak>
    <ei-ms-peak>
      <ei-ms-id>804</ei-ms-id>
      <id>88582</id>
      <intensity>120.0</intensity>
      <mass-charge>199.0</mass-charge>
    </ei-ms-peak>
    <ei-ms-peak>
      <ei-ms-id>804</ei-ms-id>
      <id>88583</id>
      <intensity>20.0</intensity>
      <mass-charge>200.0</mass-charge>
    </ei-ms-peak>
    <ei-ms-peak>
      <ei-ms-id>804</ei-ms-id>
      <id>88584</id>
      <intensity>50.0</intensity>
      <mass-charge>201.0</mass-charge>
    </ei-ms-peak>
    <ei-ms-peak>
      <ei-ms-id>804</ei-ms-id>
      <id>88585</id>
      <intensity>100.0</intensity>
      <mass-charge>202.0</mass-charge>
    </ei-ms-peak>
    <ei-ms-peak>
      <ei-ms-id>804</ei-ms-id>
      <id>88586</id>
      <intensity>20.0</intensity>
      <mass-charge>203.0</mass-charge>
    </ei-ms-peak>
    <ei-ms-peak>
      <ei-ms-id>804</ei-ms-id>
      <id>88587</id>
      <intensity>20.0</intensity>
      <mass-charge>204.0</mass-charge>
    </ei-ms-peak>
    <ei-ms-peak>
      <ei-ms-id>804</ei-ms-id>
      <id>88588</id>
      <intensity>60.0</intensity>
      <mass-charge>205.0</mass-charge>
    </ei-ms-peak>
    <ei-ms-peak>
      <ei-ms-id>804</ei-ms-id>
      <id>88589</id>
      <intensity>50.0</intensity>
      <mass-charge>206.0</mass-charge>
    </ei-ms-peak>
    <ei-ms-peak>
      <ei-ms-id>804</ei-ms-id>
      <id>88590</id>
      <intensity>330.0</intensity>
      <mass-charge>212.0</mass-charge>
    </ei-ms-peak>
    <ei-ms-peak>
      <ei-ms-id>804</ei-ms-id>
      <id>88591</id>
      <intensity>410.0</intensity>
      <mass-charge>213.0</mass-charge>
    </ei-ms-peak>
    <ei-ms-peak>
      <ei-ms-id>804</ei-ms-id>
      <id>88592</id>
      <intensity>90.0</intensity>
      <mass-charge>214.0</mass-charge>
    </ei-ms-peak>
    <ei-ms-peak>
      <ei-ms-id>804</ei-ms-id>
      <id>88593</id>
      <intensity>40.0</intensity>
      <mass-charge>215.0</mass-charge>
    </ei-ms-peak>
    <ei-ms-peak>
      <ei-ms-id>804</ei-ms-id>
      <id>88594</id>
      <intensity>160.0</intensity>
      <mass-charge>224.0</mass-charge>
    </ei-ms-peak>
    <ei-ms-peak>
      <ei-ms-id>804</ei-ms-id>
      <id>88595</id>
      <intensity>280.0</intensity>
      <mass-charge>225.0</mass-charge>
    </ei-ms-peak>
    <ei-ms-peak>
      <ei-ms-id>804</ei-ms-id>
      <id>88596</id>
      <intensity>110.0</intensity>
      <mass-charge>226.0</mass-charge>
    </ei-ms-peak>
    <ei-ms-peak>
      <ei-ms-id>804</ei-ms-id>
      <id>88597</id>
      <intensity>70.0</intensity>
      <mass-charge>227.0</mass-charge>
    </ei-ms-peak>
    <ei-ms-peak>
      <ei-ms-id>804</ei-ms-id>
      <id>88598</id>
      <intensity>330.0</intensity>
      <mass-charge>228.0</mass-charge>
    </ei-ms-peak>
    <ei-ms-peak>
      <ei-ms-id>804</ei-ms-id>
      <id>88599</id>
      <intensity>90.0</intensity>
      <mass-charge>229.0</mass-charge>
    </ei-ms-peak>
    <ei-ms-peak>
      <ei-ms-id>804</ei-ms-id>
      <id>88600</id>
      <intensity>10.0</intensity>
      <mass-charge>231.0</mass-charge>
    </ei-ms-peak>
    <ei-ms-peak>
      <ei-ms-id>804</ei-ms-id>
      <id>88601</id>
      <intensity>540.0</intensity>
      <mass-charge>232.0</mass-charge>
    </ei-ms-peak>
    <ei-ms-peak>
      <ei-ms-id>804</ei-ms-id>
      <id>88602</id>
      <intensity>100.0</intensity>
      <mass-charge>233.0</mass-charge>
    </ei-ms-peak>
    <ei-ms-peak>
      <ei-ms-id>804</ei-ms-id>
      <id>88603</id>
      <intensity>230.0</intensity>
      <mass-charge>234.0</mass-charge>
    </ei-ms-peak>
    <ei-ms-peak>
      <ei-ms-id>804</ei-ms-id>
      <id>88604</id>
      <intensity>20.0</intensity>
      <mass-charge>235.0</mass-charge>
    </ei-ms-peak>
    <ei-ms-peak>
      <ei-ms-id>804</ei-ms-id>
      <id>88605</id>
      <intensity>400.0</intensity>
      <mass-charge>239.0</mass-charge>
    </ei-ms-peak>
    <ei-ms-peak>
      <ei-ms-id>804</ei-ms-id>
      <id>88606</id>
      <intensity>240.0</intensity>
      <mass-charge>240.0</mass-charge>
    </ei-ms-peak>
    <ei-ms-peak>
      <ei-ms-id>804</ei-ms-id>
      <id>88607</id>
      <intensity>10.0</intensity>
      <mass-charge>241.0</mass-charge>
    </ei-ms-peak>
    <ei-ms-peak>
      <ei-ms-id>804</ei-ms-id>
      <id>88608</id>
      <intensity>200.0</intensity>
      <mass-charge>248.0</mass-charge>
    </ei-ms-peak>
    <ei-ms-peak>
      <ei-ms-id>804</ei-ms-id>
      <id>88609</id>
      <intensity>50.0</intensity>
      <mass-charge>249.0</mass-charge>
    </ei-ms-peak>
    <ei-ms-peak>
      <ei-ms-id>804</ei-ms-id>
      <id>88610</id>
      <intensity>40.0</intensity>
      <mass-charge>250.0</mass-charge>
    </ei-ms-peak>
    <ei-ms-peak>
      <ei-ms-id>804</ei-ms-id>
      <id>88611</id>
      <intensity>160.0</intensity>
      <mass-charge>253.0</mass-charge>
    </ei-ms-peak>
    <ei-ms-peak>
      <ei-ms-id>804</ei-ms-id>
      <id>88612</id>
      <intensity>50.0</intensity>
      <mass-charge>254.0</mass-charge>
    </ei-ms-peak>
    <ei-ms-peak>
      <ei-ms-id>804</ei-ms-id>
      <id>88613</id>
      <intensity>280.0</intensity>
      <mass-charge>255.0</mass-charge>
    </ei-ms-peak>
    <ei-ms-peak>
      <ei-ms-id>804</ei-ms-id>
      <id>88614</id>
      <intensity>50.0</intensity>
      <mass-charge>256.0</mass-charge>
    </ei-ms-peak>
    <ei-ms-peak>
      <ei-ms-id>804</ei-ms-id>
      <id>88615</id>
      <intensity>100.0</intensity>
      <mass-charge>259.0</mass-charge>
    </ei-ms-peak>
    <ei-ms-peak>
      <ei-ms-id>804</ei-ms-id>
      <id>88616</id>
      <intensity>140.0</intensity>
      <mass-charge>260.0</mass-charge>
    </ei-ms-peak>
    <ei-ms-peak>
      <ei-ms-id>804</ei-ms-id>
      <id>88617</id>
      <intensity>30.0</intensity>
      <mass-charge>261.0</mass-charge>
    </ei-ms-peak>
    <ei-ms-peak>
      <ei-ms-id>804</ei-ms-id>
      <id>88618</id>
      <intensity>290.0</intensity>
      <mass-charge>262.0</mass-charge>
    </ei-ms-peak>
    <ei-ms-peak>
      <ei-ms-id>804</ei-ms-id>
      <id>88619</id>
      <intensity>60.0</intensity>
      <mass-charge>263.0</mass-charge>
    </ei-ms-peak>
    <ei-ms-peak>
      <ei-ms-id>804</ei-ms-id>
      <id>88620</id>
      <intensity>60.0</intensity>
      <mass-charge>264.0</mass-charge>
    </ei-ms-peak>
    <ei-ms-peak>
      <ei-ms-id>804</ei-ms-id>
      <id>88621</id>
      <intensity>10.0</intensity>
      <mass-charge>266.0</mass-charge>
    </ei-ms-peak>
    <ei-ms-peak>
      <ei-ms-id>804</ei-ms-id>
      <id>88622</id>
      <intensity>30.0</intensity>
      <mass-charge>267.0</mass-charge>
    </ei-ms-peak>
    <ei-ms-peak>
      <ei-ms-id>804</ei-ms-id>
      <id>88623</id>
      <intensity>220.0</intensity>
      <mass-charge>268.0</mass-charge>
    </ei-ms-peak>
    <ei-ms-peak>
      <ei-ms-id>804</ei-ms-id>
      <id>88624</id>
      <intensity>20.0</intensity>
      <mass-charge>269.0</mass-charge>
    </ei-ms-peak>
    <ei-ms-peak>
      <ei-ms-id>804</ei-ms-id>
      <id>88625</id>
      <intensity>10.0</intensity>
      <mass-charge>273.0</mass-charge>
    </ei-ms-peak>
    <ei-ms-peak>
      <ei-ms-id>804</ei-ms-id>
      <id>88626</id>
      <intensity>550.0</intensity>
      <mass-charge>274.0</mass-charge>
    </ei-ms-peak>
    <ei-ms-peak>
      <ei-ms-id>804</ei-ms-id>
      <id>88627</id>
      <intensity>2121.0</intensity>
      <mass-charge>275.0</mass-charge>
    </ei-ms-peak>
    <ei-ms-peak>
      <ei-ms-id>804</ei-ms-id>
      <id>88628</id>
      <intensity>540.0</intensity>
      <mass-charge>276.0</mass-charge>
    </ei-ms-peak>
    <ei-ms-peak>
      <ei-ms-id>804</ei-ms-id>
      <id>88629</id>
      <intensity>740.0</intensity>
      <mass-charge>277.0</mass-charge>
    </ei-ms-peak>
    <ei-ms-peak>
      <ei-ms-id>804</ei-ms-id>
      <id>88630</id>
      <intensity>100.0</intensity>
      <mass-charge>278.0</mass-charge>
    </ei-ms-peak>
    <ei-ms-peak>
      <ei-ms-id>804</ei-ms-id>
      <id>88631</id>
      <intensity>1581.0</intensity>
      <mass-charge>283.0</mass-charge>
    </ei-ms-peak>
    <ei-ms-peak>
      <ei-ms-id>804</ei-ms-id>
      <id>88632</id>
      <intensity>160.0</intensity>
      <mass-charge>284.0</mass-charge>
    </ei-ms-peak>
    <ei-ms-peak>
      <ei-ms-id>804</ei-ms-id>
      <id>88633</id>
      <intensity>90.0</intensity>
      <mass-charge>285.0</mass-charge>
    </ei-ms-peak>
    <ei-ms-peak>
      <ei-ms-id>804</ei-ms-id>
      <id>88634</id>
      <intensity>9999.0</intensity>
      <mass-charge>289.0</mass-charge>
    </ei-ms-peak>
    <ei-ms-peak>
      <ei-ms-id>804</ei-ms-id>
      <id>88635</id>
      <intensity>2422.0</intensity>
      <mass-charge>290.0</mass-charge>
    </ei-ms-peak>
    <ei-ms-peak>
      <ei-ms-id>804</ei-ms-id>
      <id>88636</id>
      <intensity>3953.0</intensity>
      <mass-charge>291.0</mass-charge>
    </ei-ms-peak>
    <ei-ms-peak>
      <ei-ms-id>804</ei-ms-id>
      <id>88637</id>
      <intensity>850.0</intensity>
      <mass-charge>292.0</mass-charge>
    </ei-ms-peak>
    <ei-ms-peak>
      <ei-ms-id>804</ei-ms-id>
      <id>88638</id>
      <intensity>220.0</intensity>
      <mass-charge>293.0</mass-charge>
    </ei-ms-peak>
    <ei-ms-peak>
      <ei-ms-id>804</ei-ms-id>
      <id>88639</id>
      <intensity>30.0</intensity>
      <mass-charge>294.0</mass-charge>
    </ei-ms-peak>
    <ei-ms-peak>
      <ei-ms-id>804</ei-ms-id>
      <id>88640</id>
      <intensity>400.0</intensity>
      <mass-charge>303.0</mass-charge>
    </ei-ms-peak>
    <ei-ms-peak>
      <ei-ms-id>804</ei-ms-id>
      <id>88641</id>
      <intensity>50.0</intensity>
      <mass-charge>304.0</mass-charge>
    </ei-ms-peak>
    <ei-ms-peak>
      <ei-ms-id>804</ei-ms-id>
      <id>88642</id>
      <intensity>100.0</intensity>
      <mass-charge>305.0</mass-charge>
    </ei-ms-peak>
    <ei-ms-peak>
      <ei-ms-id>804</ei-ms-id>
      <id>88643</id>
      <intensity>30.0</intensity>
      <mass-charge>306.0</mass-charge>
    </ei-ms-peak>
    <ei-ms-peak>
      <ei-ms-id>804</ei-ms-id>
      <id>88644</id>
      <intensity>10.0</intensity>
      <mass-charge>316.0</mass-charge>
    </ei-ms-peak>
    <ei-ms-peak>
      <ei-ms-id>804</ei-ms-id>
      <id>88645</id>
      <intensity>1581.0</intensity>
      <mass-charge>317.0</mass-charge>
    </ei-ms-peak>
    <ei-ms-peak>
      <ei-ms-id>804</ei-ms-id>
      <id>88646</id>
      <intensity>7676.0</intensity>
      <mass-charge>318.0</mass-charge>
    </ei-ms-peak>
    <ei-ms-peak>
      <ei-ms-id>804</ei-ms-id>
      <id>88647</id>
      <intensity>1941.0</intensity>
      <mass-charge>319.0</mass-charge>
    </ei-ms-peak>
    <ei-ms-peak>
      <ei-ms-id>804</ei-ms-id>
      <id>88648</id>
      <intensity>3002.0</intensity>
      <mass-charge>320.0</mass-charge>
    </ei-ms-peak>
    <ei-ms-peak>
      <ei-ms-id>804</ei-ms-id>
      <id>88649</id>
      <intensity>510.0</intensity>
      <mass-charge>321.0</mass-charge>
    </ei-ms-peak>
    <ei-ms-peak>
      <ei-ms-id>804</ei-ms-id>
      <id>88650</id>
      <intensity>140.0</intensity>
      <mass-charge>322.0</mass-charge>
    </ei-ms-peak>
    <ei-ms-peak>
      <ei-ms-id>804</ei-ms-id>
      <id>88651</id>
      <intensity>20.0</intensity>
      <mass-charge>323.0</mass-charge>
    </ei-ms-peak>
  </ei-ms-peaks>
</ei-ms>
