<?xml version="1.0" encoding="UTF-8"?>
<ei-ms>
  <collection-date nil="true"/>
  <created-at>2014-09-20T16:37:23Z</created-at>
  <database-id>HMDB32923</database-id>
  <id>820</id>
  <inchi-key>BEJNERDRQOWKJM-UHFFFAOYSA-N</inchi-key>
  <instrument-type nil="true"/>
  <molecule-id nil="true"/>
  <notes nil="true"/>
  <peak-counter>58</peak-counter>
  <sample-assessment nil="true"/>
  <sample-concentration nil="true"/>
  <sample-concentration-units nil="true"/>
  <sample-mass nil="true"/>
  <sample-mass-units nil="true"/>
  <sample-source nil="true"/>
  <solvent nil="true"/>
  <spectra-assessment nil="true"/>
  <updated-at>2014-09-20T16:37:23Z</updated-at>
  <references>
    <reference>
      <database>NIST</database>
      <database-id>501-30-4</database-id>
      <id>15692</id>
      <pubmed-id nil="true"/>
      <ref-text>NIST Mass Spec Data Center, S.E. Stein, director, "Mass Spectra" in NIST Chemistry WebBook, NIST Standard Reference Database Number 69, Eds. P.J. Linstrom and W.G. Mallard, National Institute of Standards and Technology, Gaithersburg MD, 20899, http://webbook.nist.gov, (retrieved September 6, 2014).</ref-text>
      <spectra-id>820</spectra-id>
      <spectra-type>EiMs</spectra-type>
    </reference>
  </references>
  <ei-ms-peaks>
    <ei-ms-peak>
      <ei-ms-id>820</ei-ms-id>
      <id>90286</id>
      <intensity>430.0</intensity>
      <mass-charge>26.0</mass-charge>
    </ei-ms-peak>
    <ei-ms-peak>
      <ei-ms-id>820</ei-ms-id>
      <id>90287</id>
      <intensity>1050.0</intensity>
      <mass-charge>27.0</mass-charge>
    </ei-ms-peak>
    <ei-ms-peak>
      <ei-ms-id>820</ei-ms-id>
      <id>90288</id>
      <intensity>1320.0</intensity>
      <mass-charge>28.0</mass-charge>
    </ei-ms-peak>
    <ei-ms-peak>
      <ei-ms-id>820</ei-ms-id>
      <id>90289</id>
      <intensity>3380.0</intensity>
      <mass-charge>29.0</mass-charge>
    </ei-ms-peak>
    <ei-ms-peak>
      <ei-ms-id>820</ei-ms-id>
      <id>90290</id>
      <intensity>890.0</intensity>
      <mass-charge>30.0</mass-charge>
    </ei-ms-peak>
    <ei-ms-peak>
      <ei-ms-id>820</ei-ms-id>
      <id>90291</id>
      <intensity>1590.0</intensity>
      <mass-charge>31.0</mass-charge>
    </ei-ms-peak>
    <ei-ms-peak>
      <ei-ms-id>820</ei-ms-id>
      <id>90292</id>
      <intensity>30.0</intensity>
      <mass-charge>36.0</mass-charge>
    </ei-ms-peak>
    <ei-ms-peak>
      <ei-ms-id>820</ei-ms-id>
      <id>90293</id>
      <intensity>200.0</intensity>
      <mass-charge>37.0</mass-charge>
    </ei-ms-peak>
    <ei-ms-peak>
      <ei-ms-id>820</ei-ms-id>
      <id>90294</id>
      <intensity>480.0</intensity>
      <mass-charge>38.0</mass-charge>
    </ei-ms-peak>
    <ei-ms-peak>
      <ei-ms-id>820</ei-ms-id>
      <id>90295</id>
      <intensity>2850.0</intensity>
      <mass-charge>39.0</mass-charge>
    </ei-ms-peak>
    <ei-ms-peak>
      <ei-ms-id>820</ei-ms-id>
      <id>90296</id>
      <intensity>440.0</intensity>
      <mass-charge>40.0</mass-charge>
    </ei-ms-peak>
    <ei-ms-peak>
      <ei-ms-id>820</ei-ms-id>
      <id>90297</id>
      <intensity>690.0</intensity>
      <mass-charge>41.0</mass-charge>
    </ei-ms-peak>
    <ei-ms-peak>
      <ei-ms-id>820</ei-ms-id>
      <id>90298</id>
      <intensity>850.0</intensity>
      <mass-charge>42.0</mass-charge>
    </ei-ms-peak>
    <ei-ms-peak>
      <ei-ms-id>820</ei-ms-id>
      <id>90299</id>
      <intensity>780.0</intensity>
      <mass-charge>43.0</mass-charge>
    </ei-ms-peak>
    <ei-ms-peak>
      <ei-ms-id>820</ei-ms-id>
      <id>90300</id>
      <intensity>130.0</intensity>
      <mass-charge>44.0</mass-charge>
    </ei-ms-peak>
    <ei-ms-peak>
      <ei-ms-id>820</ei-ms-id>
      <id>90301</id>
      <intensity>100.0</intensity>
      <mass-charge>45.0</mass-charge>
    </ei-ms-peak>
    <ei-ms-peak>
      <ei-ms-id>820</ei-ms-id>
      <id>90302</id>
      <intensity>40.0</intensity>
      <mass-charge>49.0</mass-charge>
    </ei-ms-peak>
    <ei-ms-peak>
      <ei-ms-id>820</ei-ms-id>
      <id>90303</id>
      <intensity>90.0</intensity>
      <mass-charge>50.0</mass-charge>
    </ei-ms-peak>
    <ei-ms-peak>
      <ei-ms-id>820</ei-ms-id>
      <id>90304</id>
      <intensity>80.0</intensity>
      <mass-charge>51.0</mass-charge>
    </ei-ms-peak>
    <ei-ms-peak>
      <ei-ms-id>820</ei-ms-id>
      <id>90305</id>
      <intensity>40.0</intensity>
      <mass-charge>52.0</mass-charge>
    </ei-ms-peak>
    <ei-ms-peak>
      <ei-ms-id>820</ei-ms-id>
      <id>90306</id>
      <intensity>570.0</intensity>
      <mass-charge>53.0</mass-charge>
    </ei-ms-peak>
    <ei-ms-peak>
      <ei-ms-id>820</ei-ms-id>
      <id>90307</id>
      <intensity>160.0</intensity>
      <mass-charge>54.0</mass-charge>
    </ei-ms-peak>
    <ei-ms-peak>
      <ei-ms-id>820</ei-ms-id>
      <id>90308</id>
      <intensity>1460.0</intensity>
      <mass-charge>55.0</mass-charge>
    </ei-ms-peak>
    <ei-ms-peak>
      <ei-ms-id>820</ei-ms-id>
      <id>90309</id>
      <intensity>270.0</intensity>
      <mass-charge>56.0</mass-charge>
    </ei-ms-peak>
    <ei-ms-peak>
      <ei-ms-id>820</ei-ms-id>
      <id>90310</id>
      <intensity>2170.0</intensity>
      <mass-charge>57.0</mass-charge>
    </ei-ms-peak>
    <ei-ms-peak>
      <ei-ms-id>820</ei-ms-id>
      <id>90311</id>
      <intensity>520.0</intensity>
      <mass-charge>58.0</mass-charge>
    </ei-ms-peak>
    <ei-ms-peak>
      <ei-ms-id>820</ei-ms-id>
      <id>90312</id>
      <intensity>210.0</intensity>
      <mass-charge>59.0</mass-charge>
    </ei-ms-peak>
    <ei-ms-peak>
      <ei-ms-id>820</ei-ms-id>
      <id>90313</id>
      <intensity>50.0</intensity>
      <mass-charge>60.0</mass-charge>
    </ei-ms-peak>
    <ei-ms-peak>
      <ei-ms-id>820</ei-ms-id>
      <id>90314</id>
      <intensity>120.0</intensity>
      <mass-charge>66.0</mass-charge>
    </ei-ms-peak>
    <ei-ms-peak>
      <ei-ms-id>820</ei-ms-id>
      <id>90315</id>
      <intensity>1270.0</intensity>
      <mass-charge>67.0</mass-charge>
    </ei-ms-peak>
    <ei-ms-peak>
      <ei-ms-id>820</ei-ms-id>
      <id>90316</id>
      <intensity>1030.0</intensity>
      <mass-charge>68.0</mass-charge>
    </ei-ms-peak>
    <ei-ms-peak>
      <ei-ms-id>820</ei-ms-id>
      <id>90317</id>
      <intensity>4980.0</intensity>
      <mass-charge>69.0</mass-charge>
    </ei-ms-peak>
    <ei-ms-peak>
      <ei-ms-id>820</ei-ms-id>
      <id>90318</id>
      <intensity>330.0</intensity>
      <mass-charge>70.0</mass-charge>
    </ei-ms-peak>
    <ei-ms-peak>
      <ei-ms-id>820</ei-ms-id>
      <id>90319</id>
      <intensity>310.0</intensity>
      <mass-charge>71.0</mass-charge>
    </ei-ms-peak>
    <ei-ms-peak>
      <ei-ms-id>820</ei-ms-id>
      <id>90320</id>
      <intensity>30.0</intensity>
      <mass-charge>72.0</mass-charge>
    </ei-ms-peak>
    <ei-ms-peak>
      <ei-ms-id>820</ei-ms-id>
      <id>90321</id>
      <intensity>60.0</intensity>
      <mass-charge>73.0</mass-charge>
    </ei-ms-peak>
    <ei-ms-peak>
      <ei-ms-id>820</ei-ms-id>
      <id>90322</id>
      <intensity>250.0</intensity>
      <mass-charge>83.0</mass-charge>
    </ei-ms-peak>
    <ei-ms-peak>
      <ei-ms-id>820</ei-ms-id>
      <id>90323</id>
      <intensity>410.0</intensity>
      <mass-charge>84.0</mass-charge>
    </ei-ms-peak>
    <ei-ms-peak>
      <ei-ms-id>820</ei-ms-id>
      <id>90324</id>
      <intensity>1120.0</intensity>
      <mass-charge>85.0</mass-charge>
    </ei-ms-peak>
    <ei-ms-peak>
      <ei-ms-id>820</ei-ms-id>
      <id>90325</id>
      <intensity>120.0</intensity>
      <mass-charge>86.0</mass-charge>
    </ei-ms-peak>
    <ei-ms-peak>
      <ei-ms-id>820</ei-ms-id>
      <id>90326</id>
      <intensity>120.0</intensity>
      <mass-charge>87.0</mass-charge>
    </ei-ms-peak>
    <ei-ms-peak>
      <ei-ms-id>820</ei-ms-id>
      <id>90327</id>
      <intensity>140.0</intensity>
      <mass-charge>95.0</mass-charge>
    </ei-ms-peak>
    <ei-ms-peak>
      <ei-ms-id>820</ei-ms-id>
      <id>90328</id>
      <intensity>180.0</intensity>
      <mass-charge>96.0</mass-charge>
    </ei-ms-peak>
    <ei-ms-peak>
      <ei-ms-id>820</ei-ms-id>
      <id>90329</id>
      <intensity>300.0</intensity>
      <mass-charge>97.0</mass-charge>
    </ei-ms-peak>
    <ei-ms-peak>
      <ei-ms-id>820</ei-ms-id>
      <id>90330</id>
      <intensity>40.0</intensity>
      <mass-charge>101.0</mass-charge>
    </ei-ms-peak>
    <ei-ms-peak>
      <ei-ms-id>820</ei-ms-id>
      <id>90331</id>
      <intensity>60.0</intensity>
      <mass-charge>111.0</mass-charge>
    </ei-ms-peak>
    <ei-ms-peak>
      <ei-ms-id>820</ei-ms-id>
      <id>90332</id>
      <intensity>30.0</intensity>
      <mass-charge>112.0</mass-charge>
    </ei-ms-peak>
    <ei-ms-peak>
      <ei-ms-id>820</ei-ms-id>
      <id>90333</id>
      <intensity>3850.0</intensity>
      <mass-charge>113.0</mass-charge>
    </ei-ms-peak>
    <ei-ms-peak>
      <ei-ms-id>820</ei-ms-id>
      <id>90334</id>
      <intensity>240.0</intensity>
      <mass-charge>114.0</mass-charge>
    </ei-ms-peak>
    <ei-ms-peak>
      <ei-ms-id>820</ei-ms-id>
      <id>90335</id>
      <intensity>30.0</intensity>
      <mass-charge>115.0</mass-charge>
    </ei-ms-peak>
    <ei-ms-peak>
      <ei-ms-id>820</ei-ms-id>
      <id>90336</id>
      <intensity>30.0</intensity>
      <mass-charge>124.0</mass-charge>
    </ei-ms-peak>
    <ei-ms-peak>
      <ei-ms-id>820</ei-ms-id>
      <id>90337</id>
      <intensity>80.0</intensity>
      <mass-charge>125.0</mass-charge>
    </ei-ms-peak>
    <ei-ms-peak>
      <ei-ms-id>820</ei-ms-id>
      <id>90338</id>
      <intensity>30.0</intensity>
      <mass-charge>126.0</mass-charge>
    </ei-ms-peak>
    <ei-ms-peak>
      <ei-ms-id>820</ei-ms-id>
      <id>90339</id>
      <intensity>80.0</intensity>
      <mass-charge>140.0</mass-charge>
    </ei-ms-peak>
    <ei-ms-peak>
      <ei-ms-id>820</ei-ms-id>
      <id>90340</id>
      <intensity>90.0</intensity>
      <mass-charge>141.0</mass-charge>
    </ei-ms-peak>
    <ei-ms-peak>
      <ei-ms-id>820</ei-ms-id>
      <id>90341</id>
      <intensity>9999.0</intensity>
      <mass-charge>142.0</mass-charge>
    </ei-ms-peak>
    <ei-ms-peak>
      <ei-ms-id>820</ei-ms-id>
      <id>90342</id>
      <intensity>800.0</intensity>
      <mass-charge>143.0</mass-charge>
    </ei-ms-peak>
    <ei-ms-peak>
      <ei-ms-id>820</ei-ms-id>
      <id>90343</id>
      <intensity>110.0</intensity>
      <mass-charge>144.0</mass-charge>
    </ei-ms-peak>
  </ei-ms-peaks>
</ei-ms>
