<?xml version="1.0" encoding="UTF-8"?>
<ei-ms>
  <collection-date nil="true"/>
  <created-at>2014-09-20T16:37:31Z</created-at>
  <database-id>HMDB41861</database-id>
  <id>826</id>
  <inchi-key>ZFSLODLOARCGLH-UHFFFAOYSA-N</inchi-key>
  <instrument-type nil="true"/>
  <molecule-id nil="true"/>
  <notes nil="true"/>
  <peak-counter>28</peak-counter>
  <sample-assessment nil="true"/>
  <sample-concentration nil="true"/>
  <sample-concentration-units nil="true"/>
  <sample-mass nil="true"/>
  <sample-mass-units nil="true"/>
  <sample-source nil="true"/>
  <solvent nil="true"/>
  <spectra-assessment nil="true"/>
  <updated-at>2014-09-20T16:37:31Z</updated-at>
  <references>
    <reference>
      <database>NIST</database>
      <database-id>108-80-5</database-id>
      <id>15698</id>
      <pubmed-id nil="true"/>
      <ref-text>NIST Mass Spec Data Center, S.E. Stein, director, "Mass Spectra" in NIST Chemistry WebBook, NIST Standard Reference Database Number 69, Eds. P.J. Linstrom and W.G. Mallard, National Institute of Standards and Technology, Gaithersburg MD, 20899, http://webbook.nist.gov, (retrieved September 6, 2014).</ref-text>
      <spectra-id>826</spectra-id>
      <spectra-type>EiMs</spectra-type>
    </reference>
  </references>
  <ei-ms-peaks>
    <ei-ms-peak>
      <ei-ms-id>826</ei-ms-id>
      <id>90907</id>
      <intensity>50.0</intensity>
      <mass-charge>16.0</mass-charge>
    </ei-ms-peak>
    <ei-ms-peak>
      <ei-ms-id>826</ei-ms-id>
      <id>90908</id>
      <intensity>10.0</intensity>
      <mass-charge>18.0</mass-charge>
    </ei-ms-peak>
    <ei-ms-peak>
      <ei-ms-id>826</ei-ms-id>
      <id>90909</id>
      <intensity>20.0</intensity>
      <mass-charge>26.0</mass-charge>
    </ei-ms-peak>
    <ei-ms-peak>
      <ei-ms-id>826</ei-ms-id>
      <id>90910</id>
      <intensity>80.0</intensity>
      <mass-charge>27.0</mass-charge>
    </ei-ms-peak>
    <ei-ms-peak>
      <ei-ms-id>826</ei-ms-id>
      <id>90911</id>
      <intensity>50.0</intensity>
      <mass-charge>28.0</mass-charge>
    </ei-ms-peak>
    <ei-ms-peak>
      <ei-ms-id>826</ei-ms-id>
      <id>90912</id>
      <intensity>500.0</intensity>
      <mass-charge>29.0</mass-charge>
    </ei-ms-peak>
    <ei-ms-peak>
      <ei-ms-id>826</ei-ms-id>
      <id>90913</id>
      <intensity>100.0</intensity>
      <mass-charge>30.0</mass-charge>
    </ei-ms-peak>
    <ei-ms-peak>
      <ei-ms-id>826</ei-ms-id>
      <id>90914</id>
      <intensity>30.0</intensity>
      <mass-charge>31.0</mass-charge>
    </ei-ms-peak>
    <ei-ms-peak>
      <ei-ms-id>826</ei-ms-id>
      <id>90915</id>
      <intensity>30.0</intensity>
      <mass-charge>40.0</mass-charge>
    </ei-ms-peak>
    <ei-ms-peak>
      <ei-ms-id>826</ei-ms-id>
      <id>90916</id>
      <intensity>230.0</intensity>
      <mass-charge>41.0</mass-charge>
    </ei-ms-peak>
    <ei-ms-peak>
      <ei-ms-id>826</ei-ms-id>
      <id>90917</id>
      <intensity>681.0</intensity>
      <mass-charge>42.0</mass-charge>
    </ei-ms-peak>
    <ei-ms-peak>
      <ei-ms-id>826</ei-ms-id>
      <id>90918</id>
      <intensity>5515.0</intensity>
      <mass-charge>43.0</mass-charge>
    </ei-ms-peak>
    <ei-ms-peak>
      <ei-ms-id>826</ei-ms-id>
      <id>90919</id>
      <intensity>5525.0</intensity>
      <mass-charge>44.0</mass-charge>
    </ei-ms-peak>
    <ei-ms-peak>
      <ei-ms-id>826</ei-ms-id>
      <id>90920</id>
      <intensity>90.0</intensity>
      <mass-charge>45.0</mass-charge>
    </ei-ms-peak>
    <ei-ms-peak>
      <ei-ms-id>826</ei-ms-id>
      <id>90921</id>
      <intensity>50.0</intensity>
      <mass-charge>54.0</mass-charge>
    </ei-ms-peak>
    <ei-ms-peak>
      <ei-ms-id>826</ei-ms-id>
      <id>90922</id>
      <intensity>70.0</intensity>
      <mass-charge>65.0</mass-charge>
    </ei-ms-peak>
    <ei-ms-peak>
      <ei-ms-id>826</ei-ms-id>
      <id>90923</id>
      <intensity>110.0</intensity>
      <mass-charge>69.0</mass-charge>
    </ei-ms-peak>
    <ei-ms-peak>
      <ei-ms-id>826</ei-ms-id>
      <id>90924</id>
      <intensity>1081.0</intensity>
      <mass-charge>70.0</mass-charge>
    </ei-ms-peak>
    <ei-ms-peak>
      <ei-ms-id>826</ei-ms-id>
      <id>90925</id>
      <intensity>30.0</intensity>
      <mass-charge>71.0</mass-charge>
    </ei-ms-peak>
    <ei-ms-peak>
      <ei-ms-id>826</ei-ms-id>
      <id>90926</id>
      <intensity>40.0</intensity>
      <mass-charge>85.0</mass-charge>
    </ei-ms-peak>
    <ei-ms-peak>
      <ei-ms-id>826</ei-ms-id>
      <id>90927</id>
      <intensity>1461.0</intensity>
      <mass-charge>86.0</mass-charge>
    </ei-ms-peak>
    <ei-ms-peak>
      <ei-ms-id>826</ei-ms-id>
      <id>90928</id>
      <intensity>130.0</intensity>
      <mass-charge>87.0</mass-charge>
    </ei-ms-peak>
    <ei-ms-peak>
      <ei-ms-id>826</ei-ms-id>
      <id>90929</id>
      <intensity>30.0</intensity>
      <mass-charge>92.0</mass-charge>
    </ei-ms-peak>
    <ei-ms-peak>
      <ei-ms-id>826</ei-ms-id>
      <id>90930</id>
      <intensity>80.0</intensity>
      <mass-charge>120.0</mass-charge>
    </ei-ms-peak>
    <ei-ms-peak>
      <ei-ms-id>826</ei-ms-id>
      <id>90931</id>
      <intensity>30.0</intensity>
      <mass-charge>121.0</mass-charge>
    </ei-ms-peak>
    <ei-ms-peak>
      <ei-ms-id>826</ei-ms-id>
      <id>90932</id>
      <intensity>9999.0</intensity>
      <mass-charge>129.0</mass-charge>
    </ei-ms-peak>
    <ei-ms-peak>
      <ei-ms-id>826</ei-ms-id>
      <id>90933</id>
      <intensity>430.0</intensity>
      <mass-charge>130.0</mass-charge>
    </ei-ms-peak>
    <ei-ms-peak>
      <ei-ms-id>826</ei-ms-id>
      <id>90934</id>
      <intensity>60.0</intensity>
      <mass-charge>131.0</mass-charge>
    </ei-ms-peak>
  </ei-ms-peaks>
</ei-ms>
